model,step,domain,key,partition,eval_key,measure,value
EleutherAI/pythia-160m,0,wikitext,halfA,-,halfA,act_firing_rate_median,0.5001017252604166
EleutherAI/pythia-160m,0,wikitext,halfA,-,halfA,act_frac_dead,2.712673611111111e-05
EleutherAI/pythia-160m,0,wikitext,halfA,-,halfA,act_frac_dense,0.5002983940972222
EleutherAI/pythia-160m,0,wikitext,halfA,-,halfA,act_firing_rate_gini,0.2543580019793026
EleutherAI/pythia-160m,0,wikitext,halfB,-,halfB,act_firing_rate_median,0.5000457763671875
EleutherAI/pythia-160m,0,wikitext,halfB,-,halfB,act_frac_dead,2.712673611111111e-05
EleutherAI/pythia-160m,0,wikitext,halfB,-,halfB,act_frac_dense,0.5002170138888888
EleutherAI/pythia-160m,0,wikitext,halfB,-,halfB,act_firing_rate_gini,0.25455683450306954
EleutherAI/pythia-160m,0,wikitext,-,-,-,lm_loss,11.056316556056379
EleutherAI/pythia-160m,0,wikitext,halfA,-,halfA,dim_participation_ratio,135.86474291740686
EleutherAI/pythia-160m,0,wikitext,halfA,-,halfA,dim_top1_share,0.03964723972486835
EleutherAI/pythia-160m,0,wikitext,halfA,-,halfA,dim_top10_share,0.21358458473962008
EleutherAI/pythia-160m,0,wikitext,halfA,-,halfA,dim_top100_share,0.5583937536303881
EleutherAI/pythia-160m,0,wikitext,halfA,-,halfA,dim_n_for_50pct,73.0
EleutherAI/pythia-160m,0,wikitext,halfA,-,halfA,dim_n_for_90pct,1452.0
EleutherAI/pythia-160m,0,wikitext,halfA,-,halfA,dim_participation_ratio_frac,0.003685567027924448
EleutherAI/pythia-160m,0,wikitext,halfA,-,halfA,n_live_units,36864.0
EleutherAI/pythia-160m,0,wikitext,halfA,-,halfA,coupling_mean_absr,0.06671105716047077
EleutherAI/pythia-160m,0,wikitext,halfA,-,halfA,coupling_median_absr,0.054661765694618225
EleutherAI/pythia-160m,0,wikitext,halfA,-,halfA,coupling_p90_absr,0.13882635533809662
EleutherAI/pythia-160m,0,wikitext,halfA,-,halfA,coupling_p99_absr,0.23755311876535415
EleutherAI/pythia-160m,0,wikitext,halfA,-,halfA,coupling_frac_absr_gt_0.1,0.2256825642483118
EleutherAI/pythia-160m,0,wikitext,halfA,-,halfA,coupling_frac_absr_gt_0.3,0.0026612750479563523
EleutherAI/pythia-160m,0,wikitext,halfA,-,halfA,coupling_concentration_top1pct,0.036382351736400406
EleutherAI/pythia-160m,0,wikitext,halfA,-,halfA,hub_strength_gini,0.11345428572399507
EleutherAI/pythia-160m,0,wikitext,halfA,-,halfA,hub_strength_cv,0.20913408266218717
EleutherAI/pythia-160m,0,wikitext,halfB,-,halfB,dim_participation_ratio,133.2941442727518
EleutherAI/pythia-160m,0,wikitext,halfB,-,halfB,dim_top1_share,0.04074983358375054
EleutherAI/pythia-160m,0,wikitext,halfB,-,halfB,dim_top10_share,0.21587258183068223
EleutherAI/pythia-160m,0,wikitext,halfB,-,halfB,dim_top100_share,0.5593965237291565
EleutherAI/pythia-160m,0,wikitext,halfB,-,halfB,dim_n_for_50pct,72.0
EleutherAI/pythia-160m,0,wikitext,halfB,-,halfB,dim_n_for_90pct,1444.0
EleutherAI/pythia-160m,0,wikitext,halfB,-,halfB,dim_participation_ratio_frac,0.0036158350768433103
EleutherAI/pythia-160m,0,wikitext,halfB,-,halfB,n_live_units,36864.0
EleutherAI/pythia-160m,0,wikitext,halfB,-,halfB,coupling_mean_absr,0.06731057125677234
EleutherAI/pythia-160m,0,wikitext,halfB,-,halfB,coupling_median_absr,0.05511988326907158
EleutherAI/pythia-160m,0,wikitext,halfB,-,halfB,coupling_p90_absr,0.14015603065490723
EleutherAI/pythia-160m,0,wikitext,halfB,-,halfB,coupling_p99_absr,0.2406450837850581
EleutherAI/pythia-160m,0,wikitext,halfB,-,halfB,coupling_frac_absr_gt_0.1,0.22967818505354448
EleutherAI/pythia-160m,0,wikitext,halfB,-,halfB,coupling_frac_absr_gt_0.3,0.0028952804887975884
EleutherAI/pythia-160m,0,wikitext,halfB,-,halfB,coupling_concentration_top1pct,0.03633034424464891
EleutherAI/pythia-160m,0,wikitext,halfB,-,halfB,hub_strength_gini,0.11563001937155759
EleutherAI/pythia-160m,0,wikitext,halfB,-,halfB,hub_strength_cv,0.21309441038971177
EleutherAI/pythia-160m,0,wikitext,halfA,real,halfA,segregation_within_mean,0.13692038823771724
EleutherAI/pythia-160m,0,wikitext,halfA,real,halfA,segregation_between_mean,0.06580734248371492
EleutherAI/pythia-160m,0,wikitext,halfA,real,halfA,segregation_ratio,2.0806247915511915
EleutherAI/pythia-160m,0,wikitext,halfA,real,halfA,segregation_modularity,0.013425841497799774
EleutherAI/pythia-160m,0,wikitext,halfA,real,halfB,segregation_within_mean,0.1386654221712761
EleutherAI/pythia-160m,0,wikitext,halfA,real,halfB,segregation_between_mean,0.06639211179173615
EleutherAI/pythia-160m,0,wikitext,halfA,real,halfB,segregation_ratio,2.0885827913751616
EleutherAI/pythia-160m,0,wikitext,halfA,real,halfB,segregation_modularity,0.013509775646100538
EleutherAI/pythia-160m,0,wikitext,halfA,null,halfA,segregation_within_mean,0.06794962472565819
EleutherAI/pythia-160m,0,wikitext,halfA,null,halfA,segregation_between_mean,0.06669801278171215
EleutherAI/pythia-160m,0,wikitext,halfA,null,halfA,segregation_ratio,1.0187653558441432
EleutherAI/pythia-160m,0,wikitext,halfA,null,halfA,segregation_modularity,0.00020918251829230144
EleutherAI/pythia-160m,0,wikitext,halfA,null,halfB,segregation_within_mean,0.0685420391364144
EleutherAI/pythia-160m,0,wikitext,halfA,null,halfB,segregation_between_mean,0.0672976016421298
EleutherAI/pythia-160m,0,wikitext,halfA,null,halfB,segregation_ratio,1.0184915578552438
EleutherAI/pythia-160m,0,wikitext,halfA,null,halfB,segregation_modularity,0.00020457019771722785
EleutherAI/pythia-160m,0,wikitext,halfB,real,halfB,segregation_within_mean,0.13925477146120321
EleutherAI/pythia-160m,0,wikitext,halfB,real,halfB,segregation_between_mean,0.06639786064266859
EleutherAI/pythia-160m,0,wikitext,halfB,real,halfB,segregation_ratio,2.097277986268662
EleutherAI/pythia-160m,0,wikitext,halfB,real,halfB,segregation_modularity,0.013363734581810647
EleutherAI/pythia-160m,0,wikitext,halfB,real,halfA,segregation_within_mean,0.137035243114014
EleutherAI/pythia-160m,0,wikitext,halfB,real,halfA,segregation_between_mean,0.06581889862422644
EleutherAI/pythia-160m,0,wikitext,halfB,real,halfA,segregation_ratio,2.0820044998986726
EleutherAI/pythia-160m,0,wikitext,halfB,real,halfA,segregation_modularity,0.013191972661815866
EleutherAI/pythia-160m,0,wikitext,halfB,null,halfB,segregation_within_mean,0.0685499441234188
EleutherAI/pythia-160m,0,wikitext,halfB,null,halfB,segregation_between_mean,0.06729747921829253
EleutherAI/pythia-160m,0,wikitext,halfB,null,halfB,segregation_ratio,1.018610873983313
EleutherAI/pythia-160m,0,wikitext,halfB,null,halfB,segregation_modularity,0.00020435518473806895
EleutherAI/pythia-160m,0,wikitext,halfB,null,halfA,segregation_within_mean,0.0679497774392795
EleutherAI/pythia-160m,0,wikitext,halfB,null,halfA,segregation_between_mean,0.066697971999813
EleutherAI/pythia-160m,0,wikitext,halfB,null,halfA,segregation_ratio,1.0187682683885801
EleutherAI/pythia-160m,0,wikitext,halfB,null,halfA,segregation_modularity,0.0002081166479084475
EleutherAI/pythia-160m,0,bookcorpus,halfA,-,halfA,act_firing_rate_median,0.500073750813802
EleutherAI/pythia-160m,0,bookcorpus,halfA,-,halfA,act_frac_dead,2.712673611111111e-05
EleutherAI/pythia-160m,0,bookcorpus,halfA,-,halfA,act_frac_dense,0.5001898871527778
EleutherAI/pythia-160m,0,bookcorpus,halfA,-,halfA,act_firing_rate_gini,0.25555291959352266
EleutherAI/pythia-160m,0,bookcorpus,halfB,-,halfB,act_firing_rate_median,0.5001627604166666
EleutherAI/pythia-160m,0,bookcorpus,halfB,-,halfB,act_frac_dead,2.712673611111111e-05
EleutherAI/pythia-160m,0,bookcorpus,halfB,-,halfB,act_frac_dense,0.5003526475694444
EleutherAI/pythia-160m,0,bookcorpus,halfB,-,halfB,act_firing_rate_gini,0.2554323482618466
EleutherAI/pythia-160m,0,bookcorpus,-,-,-,lm_loss,11.050359579305107
EleutherAI/pythia-160m,0,bookcorpus,halfA,-,halfA,dim_participation_ratio,122.18414067266255
EleutherAI/pythia-160m,0,bookcorpus,halfA,-,halfA,dim_top1_share,0.04040821382498135
EleutherAI/pythia-160m,0,bookcorpus,halfA,-,halfA,dim_top10_share,0.22547291560996002
EleutherAI/pythia-160m,0,bookcorpus,halfA,-,halfA,dim_top100_share,0.5860517756418187
EleutherAI/pythia-160m,0,bookcorpus,halfA,-,halfA,dim_n_for_50pct,65.0
EleutherAI/pythia-160m,0,bookcorpus,halfA,-,halfA,dim_n_for_90pct,909.0
EleutherAI/pythia-160m,0,bookcorpus,halfA,-,halfA,dim_participation_ratio_frac,0.003314456940990195
EleutherAI/pythia-160m,0,bookcorpus,halfA,-,halfA,n_live_units,36864.0
EleutherAI/pythia-160m,0,bookcorpus,halfA,-,halfA,coupling_mean_absr,0.0703355465908901
EleutherAI/pythia-160m,0,bookcorpus,halfA,-,halfA,coupling_median_absr,0.0575924776494503
EleutherAI/pythia-160m,0,bookcorpus,halfA,-,halfA,coupling_p90_absr,0.14627106785774233
EleutherAI/pythia-160m,0,bookcorpus,halfA,-,halfA,coupling_p99_absr,0.2513711765408516
EleutherAI/pythia-160m,0,bookcorpus,halfA,-,halfA,coupling_frac_absr_gt_0.1,0.24914577949870798
EleutherAI/pythia-160m,0,bookcorpus,halfA,-,halfA,coupling_frac_absr_gt_0.3,0.0037586902085650054
EleutherAI/pythia-160m,0,bookcorpus,halfA,-,halfA,coupling_concentration_top1pct,0.03613928500838692
EleutherAI/pythia-160m,0,bookcorpus,halfA,-,halfA,hub_strength_gini,0.11745302730294194
EleutherAI/pythia-160m,0,bookcorpus,halfA,-,halfA,hub_strength_cv,0.21510034410518014
EleutherAI/pythia-160m,0,bookcorpus,halfB,-,halfB,dim_participation_ratio,123.65266921497607
EleutherAI/pythia-160m,0,bookcorpus,halfB,-,halfB,dim_top1_share,0.039931912802730715
EleutherAI/pythia-160m,0,bookcorpus,halfB,-,halfB,dim_top10_share,0.22330213189727977
EleutherAI/pythia-160m,0,bookcorpus,halfB,-,halfB,dim_top100_share,0.5850599334895616
EleutherAI/pythia-160m,0,bookcorpus,halfB,-,halfB,dim_n_for_50pct,65.0
EleutherAI/pythia-160m,0,bookcorpus,halfB,-,halfB,dim_n_for_90pct,910.0
EleutherAI/pythia-160m,0,bookcorpus,halfB,-,halfB,dim_participation_ratio_frac,0.0033542933272291686
EleutherAI/pythia-160m,0,bookcorpus,halfB,-,halfB,n_live_units,36864.0
EleutherAI/pythia-160m,0,bookcorpus,halfB,-,halfB,coupling_mean_absr,0.06992267334993024
EleutherAI/pythia-160m,0,bookcorpus,halfB,-,halfB,coupling_median_absr,0.057308685034513474
EleutherAI/pythia-160m,0,bookcorpus,halfB,-,halfB,coupling_p90_absr,0.14554404616355898
EleutherAI/pythia-160m,0,bookcorpus,halfB,-,halfB,coupling_p99_absr,0.2494780272245407
EleutherAI/pythia-160m,0,bookcorpus,halfB,-,halfB,coupling_frac_absr_gt_0.1,0.2467968532649686
EleutherAI/pythia-160m,0,bookcorpus,halfB,-,halfB,coupling_frac_absr_gt_0.3,0.003666910740704369
EleutherAI/pythia-160m,0,bookcorpus,halfB,-,halfB,coupling_concentration_top1pct,0.03615463140207638
EleutherAI/pythia-160m,0,bookcorpus,halfB,-,halfB,hub_strength_gini,0.11688546397653332
EleutherAI/pythia-160m,0,bookcorpus,halfB,-,halfB,hub_strength_cv,0.2142841419696466
EleutherAI/pythia-160m,0,bookcorpus,halfA,real,halfA,segregation_within_mean,0.1428478019537104
EleutherAI/pythia-160m,0,bookcorpus,halfA,real,halfA,segregation_between_mean,0.06943169677330041
EleutherAI/pythia-160m,0,bookcorpus,halfA,real,halfA,segregation_ratio,2.0573860152103007
EleutherAI/pythia-160m,0,bookcorpus,halfA,real,halfA,segregation_modularity,0.012857842021453467
EleutherAI/pythia-160m,0,bookcorpus,halfA,real,halfB,segregation_within_mean,0.14156514882686336
EleutherAI/pythia-160m,0,bookcorpus,halfA,real,halfB,segregation_between_mean,0.06902966514227088
EleutherAI/pythia-160m,0,bookcorpus,halfA,real,halfB,segregation_ratio,2.0507871294913
EleutherAI/pythia-160m,0,bookcorpus,halfA,real,halfB,segregation_modularity,0.012775400103484621
EleutherAI/pythia-160m,0,bookcorpus,halfA,null,halfA,segregation_within_mean,0.0713474352695613
EleutherAI/pythia-160m,0,bookcorpus,halfA,null,halfA,segregation_between_mean,0.07032488528334882
EleutherAI/pythia-160m,0,bookcorpus,halfA,null,halfA,segregation_ratio,1.0145403719052293
EleutherAI/pythia-160m,0,bookcorpus,halfA,null,halfA,segregation_modularity,0.00016624067797039934
EleutherAI/pythia-160m,0,bookcorpus,halfA,null,halfB,segregation_within_mean,0.07094010140912199
EleutherAI/pythia-160m,0,bookcorpus,halfA,null,halfB,segregation_between_mean,0.06991195366965258
EleutherAI/pythia-160m,0,bookcorpus,halfA,null,halfB,segregation_ratio,1.0147063225314459
EleutherAI/pythia-160m,0,bookcorpus,halfA,null,halfB,segregation_modularity,0.0001678676629728282
EleutherAI/pythia-160m,0,bookcorpus,halfB,real,halfB,segregation_within_mean,0.1414531222410322
EleutherAI/pythia-160m,0,bookcorpus,halfB,real,halfB,segregation_between_mean,0.06902764755009666
EleutherAI/pythia-160m,0,bookcorpus,halfB,real,halfB,segregation_ratio,2.049224148025223
EleutherAI/pythia-160m,0,bookcorpus,halfB,real,halfB,segregation_modularity,0.012796706139259942
EleutherAI/pythia-160m,0,bookcorpus,halfB,real,halfA,segregation_within_mean,0.1426728839898999
EleutherAI/pythia-160m,0,bookcorpus,halfB,real,halfA,segregation_between_mean,0.06943042458094852
EleutherAI/pythia-160m,0,bookcorpus,halfB,real,halfA,segregation_ratio,2.054904385951989
EleutherAI/pythia-160m,0,bookcorpus,halfB,real,halfA,segregation_modularity,0.012868034055994003
EleutherAI/pythia-160m,0,bookcorpus,halfB,null,halfB,segregation_within_mean,0.07102315621277638
EleutherAI/pythia-160m,0,bookcorpus,halfB,null,halfB,segregation_between_mean,0.06991102298450866
EleutherAI/pythia-160m,0,bookcorpus,halfB,null,halfB,segregation_ratio,1.015907838003088
EleutherAI/pythia-160m,0,bookcorpus,halfB,null,halfB,segregation_modularity,0.0001760561354866815
EleutherAI/pythia-160m,0,bookcorpus,halfB,null,halfA,segregation_within_mean,0.07142548742181445
EleutherAI/pythia-160m,0,bookcorpus,halfB,null,halfA,segregation_between_mean,0.0703240078228132
EleutherAI/pythia-160m,0,bookcorpus,halfB,null,halfA,segregation_ratio,1.0156629241293602
EleutherAI/pythia-160m,0,bookcorpus,halfB,null,halfA,segregation_modularity,0.00017331634710661439
EleutherAI/pythia-160m,0,agnews,halfA,-,halfA,act_firing_rate_median,0.5002390543619791
EleutherAI/pythia-160m,0,agnews,halfA,-,halfA,act_frac_dead,0.0
EleutherAI/pythia-160m,0,agnews,halfA,-,halfA,act_frac_dense,0.5002712673611112
EleutherAI/pythia-160m,0,agnews,halfA,-,halfA,act_firing_rate_gini,0.2500613411404977
EleutherAI/pythia-160m,0,agnews,halfB,-,halfB,act_firing_rate_median,0.5000152587890625
EleutherAI/pythia-160m,0,agnews,halfB,-,halfB,act_frac_dead,0.0
EleutherAI/pythia-160m,0,agnews,halfB,-,halfB,act_frac_dense,0.5000542534722222
EleutherAI/pythia-160m,0,agnews,halfB,-,halfB,act_firing_rate_gini,0.24997244170962407
EleutherAI/pythia-160m,0,agnews,-,-,-,lm_loss,11.040585321189429
EleutherAI/pythia-160m,0,agnews,halfA,-,halfA,dim_participation_ratio,185.53721919070907
EleutherAI/pythia-160m,0,agnews,halfA,-,halfA,dim_top1_share,0.029624449616248015
EleutherAI/pythia-160m,0,agnews,halfA,-,halfA,dim_top10_share,0.17747204313769996
EleutherAI/pythia-160m,0,agnews,halfA,-,halfA,dim_top100_share,0.5182200085184245
EleutherAI/pythia-160m,0,agnews,halfA,-,halfA,dim_n_for_50pct,92.0
EleutherAI/pythia-160m,0,agnews,halfA,-,halfA,dim_n_for_90pct,1538.0
EleutherAI/pythia-160m,0,agnews,halfA,-,halfA,dim_participation_ratio_frac,0.005033019183775745
EleutherAI/pythia-160m,0,agnews,halfA,-,halfA,n_live_units,36864.0
EleutherAI/pythia-160m,0,agnews,halfA,-,halfA,coupling_mean_absr,0.05708507421478335
EleutherAI/pythia-160m,0,agnews,halfA,-,halfA,coupling_median_absr,0.046750787645578384
EleutherAI/pythia-160m,0,agnews,halfA,-,halfA,coupling_p90_absr,0.11871365457773209
EleutherAI/pythia-160m,0,agnews,halfA,-,halfA,coupling_p99_absr,0.2026986077427862
EleutherAI/pythia-160m,0,agnews,halfA,-,halfA,coupling_frac_absr_gt_0.1,0.160483140465024
EleutherAI/pythia-160m,0,agnews,halfA,-,halfA,coupling_frac_absr_gt_0.3,0.0009036233134814878
EleutherAI/pythia-160m,0,agnews,halfA,-,halfA,coupling_concentration_top1pct,0.036864360320604875
EleutherAI/pythia-160m,0,agnews,halfA,-,halfA,hub_strength_gini,0.10415515375611895
EleutherAI/pythia-160m,0,agnews,halfA,-,halfA,hub_strength_cv,0.18935566156038303
EleutherAI/pythia-160m,0,agnews,halfB,-,halfB,dim_participation_ratio,185.77854622416143
EleutherAI/pythia-160m,0,agnews,halfB,-,halfB,dim_top1_share,0.028653189695588478
EleutherAI/pythia-160m,0,agnews,halfB,-,halfB,dim_top10_share,0.17774444103529946
EleutherAI/pythia-160m,0,agnews,halfB,-,halfB,dim_top100_share,0.5181411026677432
EleutherAI/pythia-160m,0,agnews,halfB,-,halfB,dim_n_for_50pct,92.0
EleutherAI/pythia-160m,0,agnews,halfB,-,halfB,dim_n_for_90pct,1551.0
EleutherAI/pythia-160m,0,agnews,halfB,-,halfB,dim_participation_ratio_frac,0.005039565598528684
EleutherAI/pythia-160m,0,agnews,halfB,-,halfB,n_live_units,36864.0
EleutherAI/pythia-160m,0,agnews,halfB,-,halfB,coupling_mean_absr,0.05706007767621129
EleutherAI/pythia-160m,0,agnews,halfB,-,halfB,coupling_median_absr,0.04673433303833008
EleutherAI/pythia-160m,0,agnews,halfB,-,halfB,coupling_p90_absr,0.11877199709415434
EleutherAI/pythia-160m,0,agnews,halfB,-,halfB,coupling_p99_absr,0.2025446909666061
EleutherAI/pythia-160m,0,agnews,halfB,-,halfB,coupling_frac_absr_gt_0.1,0.16068660281291708
EleutherAI/pythia-160m,0,agnews,halfB,-,halfB,coupling_frac_absr_gt_0.3,0.0008932244743505972
EleutherAI/pythia-160m,0,agnews,halfB,-,halfB,coupling_concentration_top1pct,0.03686716017826701
EleutherAI/pythia-160m,0,agnews,halfB,-,halfB,hub_strength_gini,0.10380846360765683
EleutherAI/pythia-160m,0,agnews,halfB,-,halfB,hub_strength_cv,0.18828215775888535
EleutherAI/pythia-160m,0,agnews,halfA,real,halfA,segregation_within_mean,0.10584004312243553
EleutherAI/pythia-160m,0,agnews,halfA,real,halfA,segregation_between_mean,0.056415321953444626
EleutherAI/pythia-160m,0,agnews,halfA,real,halfA,segregation_ratio,1.8760868405533067
EleutherAI/pythia-160m,0,agnews,halfA,real,halfA,segregation_modularity,0.012292114697426774
EleutherAI/pythia-160m,0,agnews,halfA,real,halfB,segregation_within_mean,0.10579951171091516
EleutherAI/pythia-160m,0,agnews,halfA,real,halfB,segregation_between_mean,0.056390538828954714
EleutherAI/pythia-160m,0,agnews,halfA,real,halfB,segregation_ratio,1.8761926008869867
EleutherAI/pythia-160m,0,agnews,halfA,real,halfB,segregation_modularity,0.012299803597644177
EleutherAI/pythia-160m,0,agnews,halfA,null,halfA,segregation_within_mean,0.058316046070255805
EleutherAI/pythia-160m,0,agnews,halfA,null,halfA,segregation_between_mean,0.05707204602936524
EleutherAI/pythia-160m,0,agnews,halfA,null,halfA,segregation_ratio,1.0217970114519899
EleutherAI/pythia-160m,0,agnews,halfA,null,halfA,segregation_modularity,0.00026308346112023764
EleutherAI/pythia-160m,0,agnews,halfA,null,halfB,segregation_within_mean,0.05829511931025183
EleutherAI/pythia-160m,0,agnews,halfA,null,halfB,segregation_between_mean,0.05704700642034897
EleutherAI/pythia-160m,0,agnews,halfA,null,halfB,segregation_ratio,1.021878674591725
EleutherAI/pythia-160m,0,agnews,halfA,null,halfB,segregation_modularity,0.00026335838665960266
EleutherAI/pythia-160m,0,agnews,halfB,real,halfB,segregation_within_mean,0.10581333859438047
EleutherAI/pythia-160m,0,agnews,halfB,real,halfB,segregation_between_mean,0.056389034475915596
EleutherAI/pythia-160m,0,agnews,halfB,real,halfB,segregation_ratio,1.876487859347451
EleutherAI/pythia-160m,0,agnews,halfB,real,halfB,segregation_modularity,0.012335033764547422
EleutherAI/pythia-160m,0,agnews,halfB,real,halfA,segregation_within_mean,0.10578305306316059
EleutherAI/pythia-160m,0,agnews,halfB,real,halfA,segregation_between_mean,0.05641479191416356
EleutherAI/pythia-160m,0,agnews,halfB,real,halfA,segregation_ratio,1.875094270029605
EleutherAI/pythia-160m,0,agnews,halfB,real,halfA,segregation_modularity,0.012311126482424918
EleutherAI/pythia-160m,0,agnews,halfB,null,halfB,segregation_within_mean,0.058477068741513975
EleutherAI/pythia-160m,0,agnews,halfB,null,halfB,segregation_between_mean,0.05704503028631383
EleutherAI/pythia-160m,0,agnews,halfB,null,halfB,segregation_ratio,1.025103649660849
EleutherAI/pythia-160m,0,agnews,halfB,null,halfB,segregation_modularity,0.0002671481127876513
EleutherAI/pythia-160m,0,agnews,halfB,null,halfA,segregation_within_mean,0.058496685705099846
EleutherAI/pythia-160m,0,agnews,halfB,null,halfA,segregation_between_mean,0.057070083956309504
EleutherAI/pythia-160m,0,agnews,halfB,null,halfA,segregation_ratio,1.0249973655178515
EleutherAI/pythia-160m,0,agnews,halfB,null,halfA,segregation_modularity,0.00026586595900113664
EleutherAI/pythia-160m,0,tldr17,halfA,-,halfA,act_firing_rate_median,0.5002009073893229
EleutherAI/pythia-160m,0,tldr17,halfA,-,halfA,act_frac_dead,0.0
EleutherAI/pythia-160m,0,tldr17,halfA,-,halfA,act_frac_dense,0.5003526475694444
EleutherAI/pythia-160m,0,tldr17,halfA,-,halfA,act_firing_rate_gini,0.25106501986005325
EleutherAI/pythia-160m,0,tldr17,halfB,-,halfB,act_firing_rate_median,0.49998982747395837
EleutherAI/pythia-160m,0,tldr17,halfB,-,halfB,act_frac_dead,0.0
EleutherAI/pythia-160m,0,tldr17,halfB,-,halfB,act_frac_dense,0.5
EleutherAI/pythia-160m,0,tldr17,halfB,-,halfB,act_firing_rate_gini,0.2511701198593521
EleutherAI/pythia-160m,0,tldr17,-,-,-,lm_loss,11.032909212231578
EleutherAI/pythia-160m,0,tldr17,halfA,-,halfA,dim_participation_ratio,135.84905330779628
EleutherAI/pythia-160m,0,tldr17,halfA,-,halfA,dim_top1_share,0.03477535685244939
EleutherAI/pythia-160m,0,tldr17,halfA,-,halfA,dim_top10_share,0.2140884836858278
EleutherAI/pythia-160m,0,tldr17,halfA,-,halfA,dim_top100_share,0.5898888600788982
EleutherAI/pythia-160m,0,tldr17,halfA,-,halfA,dim_n_for_50pct,64.0
EleutherAI/pythia-160m,0,tldr17,halfA,-,halfA,dim_n_for_90pct,904.0
EleutherAI/pythia-160m,0,tldr17,halfA,-,halfA,dim_participation_ratio_frac,0.003685141420024856
EleutherAI/pythia-160m,0,tldr17,halfA,-,halfA,n_live_units,36864.0
EleutherAI/pythia-160m,0,tldr17,halfA,-,halfA,coupling_mean_absr,0.06700308823385732
EleutherAI/pythia-160m,0,tldr17,halfA,-,halfA,coupling_median_absr,0.05526014789938927
EleutherAI/pythia-160m,0,tldr17,halfA,-,halfA,coupling_p90_absr,0.13888852298259735
EleutherAI/pythia-160m,0,tldr17,halfA,-,halfA,coupling_p99_absr,0.23540958613157248
EleutherAI/pythia-160m,0,tldr17,halfA,-,halfA,coupling_frac_absr_gt_0.1,0.2281552864063893
EleutherAI/pythia-160m,0,tldr17,halfA,-,halfA,coupling_frac_absr_gt_0.3,0.0023226599246260553
EleutherAI/pythia-160m,0,tldr17,halfA,-,halfA,coupling_concentration_top1pct,0.03645179192786359
EleutherAI/pythia-160m,0,tldr17,halfA,-,halfA,hub_strength_gini,0.10167189317286263
EleutherAI/pythia-160m,0,tldr17,halfA,-,halfA,hub_strength_cv,0.18336990141949291
EleutherAI/pythia-160m,0,tldr17,halfB,-,halfB,dim_participation_ratio,132.70726081258775
EleutherAI/pythia-160m,0,tldr17,halfB,-,halfB,dim_top1_share,0.03586625832109574
EleutherAI/pythia-160m,0,tldr17,halfB,-,halfB,dim_top10_share,0.21756968160958587
EleutherAI/pythia-160m,0,tldr17,halfB,-,halfB,dim_top100_share,0.5906564497470306
EleutherAI/pythia-160m,0,tldr17,halfB,-,halfB,dim_n_for_50pct,63.0
EleutherAI/pythia-160m,0,tldr17,halfB,-,halfB,dim_n_for_90pct,897.0
EleutherAI/pythia-160m,0,tldr17,halfB,-,halfB,dim_participation_ratio_frac,0.0035999148440914643
EleutherAI/pythia-160m,0,tldr17,halfB,-,halfB,n_live_units,36864.0
EleutherAI/pythia-160m,0,tldr17,halfB,-,halfB,coupling_mean_absr,0.06775045026637014
EleutherAI/pythia-160m,0,tldr17,halfB,-,halfB,coupling_median_absr,0.05579199269413948
EleutherAI/pythia-160m,0,tldr17,halfB,-,halfB,coupling_p90_absr,0.14055195450782776
EleutherAI/pythia-160m,0,tldr17,halfB,-,halfB,coupling_p99_absr,0.2388312394917011
EleutherAI/pythia-160m,0,tldr17,halfB,-,halfB,coupling_frac_absr_gt_0.1,0.23305223224160987
EleutherAI/pythia-160m,0,tldr17,halfB,-,halfB,coupling_frac_absr_gt_0.3,0.0026302725955236364
EleutherAI/pythia-160m,0,tldr17,halfB,-,halfB,coupling_concentration_top1pct,0.03641137306618965
EleutherAI/pythia-160m,0,tldr17,halfB,-,halfB,hub_strength_gini,0.1038045742960072
EleutherAI/pythia-160m,0,tldr17,halfB,-,halfB,hub_strength_cv,0.18743483250276888
EleutherAI/pythia-160m,0,tldr17,halfA,real,halfA,segregation_within_mean,0.13493304664114258
EleutherAI/pythia-160m,0,tldr17,halfA,real,halfA,segregation_between_mean,0.06612328986179557
EleutherAI/pythia-160m,0,tldr17,halfA,real,halfA,segregation_ratio,2.0406281496756504
EleutherAI/pythia-160m,0,tldr17,halfA,real,halfA,segregation_modularity,0.013422670625764401
EleutherAI/pythia-160m,0,tldr17,halfA,real,halfB,segregation_within_mean,0.13724565357123672
EleutherAI/pythia-160m,0,tldr17,halfA,real,halfB,segregation_between_mean,0.06685037955927867
EleutherAI/pythia-160m,0,tldr17,halfA,real,halfB,segregation_ratio,2.0530272898381376
EleutherAI/pythia-160m,0,tldr17,halfA,real,halfB,segregation_modularity,0.013571635579085322
EleutherAI/pythia-160m,0,tldr17,halfA,null,halfA,segregation_within_mean,0.06816558074520332
EleutherAI/pythia-160m,0,tldr17,halfA,null,halfA,segregation_between_mean,0.06699070249880083
EleutherAI/pythia-160m,0,tldr17,halfA,null,halfA,segregation_ratio,1.0175379299302543
EleutherAI/pythia-160m,0,tldr17,halfA,null,halfA,segregation_modularity,0.00020922188809845903
EleutherAI/pythia-160m,0,tldr17,halfA,null,halfB,segregation_within_mean,0.06889609063018433
EleutherAI/pythia-160m,0,tldr17,halfA,null,halfB,segregation_between_mean,0.06773824407221032
EleutherAI/pythia-160m,0,tldr17,halfA,null,halfB,segregation_ratio,1.017092952051425
EleutherAI/pythia-160m,0,tldr17,halfA,null,halfB,segregation_modularity,0.0002033807283557102
EleutherAI/pythia-160m,0,tldr17,halfB,real,halfB,segregation_within_mean,0.13700687426517816
EleutherAI/pythia-160m,0,tldr17,halfB,real,halfB,segregation_between_mean,0.06685033993556332
EleutherAI/pythia-160m,0,tldr17,halfB,real,halfB,segregation_ratio,2.049456657920339
EleutherAI/pythia-160m,0,tldr17,halfB,real,halfB,segregation_modularity,0.013563785129703741
EleutherAI/pythia-160m,0,tldr17,halfB,real,halfA,segregation_within_mean,0.13452721843724158
EleutherAI/pythia-160m,0,tldr17,halfB,real,halfA,segregation_between_mean,0.06612549212083219
EleutherAI/pythia-160m,0,tldr17,halfB,real,halfA,segregation_ratio,2.03442294526017
EleutherAI/pythia-160m,0,tldr17,halfB,real,halfA,segregation_modularity,0.013381037360408117
EleutherAI/pythia-160m,0,tldr17,halfB,null,halfB,segregation_within_mean,0.06876106790827448
EleutherAI/pythia-160m,0,tldr17,halfB,null,halfB,segregation_between_mean,0.06773965599574752
EleutherAI/pythia-160m,0,tldr17,halfB,null,halfB,segregation_ratio,1.0150784927604457
EleutherAI/pythia-160m,0,tldr17,halfB,null,halfB,segregation_modularity,0.00019459039247355986
EleutherAI/pythia-160m,0,tldr17,halfB,null,halfA,segregation_within_mean,0.06802780227303039
EleutherAI/pythia-160m,0,tldr17,halfB,null,halfA,segregation_between_mean,0.0669921434015162
EleutherAI/pythia-160m,0,tldr17,halfB,null,halfA,segregation_ratio,1.015459407908581
EleutherAI/pythia-160m,0,tldr17,halfB,null,halfA,segregation_modularity,0.00019989092857323402
EleutherAI/pythia-160m,1,wikitext,halfA,-,halfA,act_firing_rate_median,0.5001017252604166
EleutherAI/pythia-160m,1,wikitext,halfA,-,halfA,act_frac_dead,2.712673611111111e-05
EleutherAI/pythia-160m,1,wikitext,halfA,-,halfA,act_frac_dense,0.5002983940972222
EleutherAI/pythia-160m,1,wikitext,halfA,-,halfA,act_firing_rate_gini,0.2543580019793026
EleutherAI/pythia-160m,1,wikitext,halfB,-,halfB,act_firing_rate_median,0.5000457763671875
EleutherAI/pythia-160m,1,wikitext,halfB,-,halfB,act_frac_dead,2.712673611111111e-05
EleutherAI/pythia-160m,1,wikitext,halfB,-,halfB,act_frac_dense,0.5002170138888888
EleutherAI/pythia-160m,1,wikitext,halfB,-,halfB,act_firing_rate_gini,0.25455683450306954
EleutherAI/pythia-160m,1,wikitext,-,-,-,lm_loss,11.056316556056379
EleutherAI/pythia-160m,1,wikitext,halfA,-,halfA,dim_participation_ratio,135.86474291740686
EleutherAI/pythia-160m,1,wikitext,halfA,-,halfA,dim_top1_share,0.03964723972486835
EleutherAI/pythia-160m,1,wikitext,halfA,-,halfA,dim_top10_share,0.21358458473962008
EleutherAI/pythia-160m,1,wikitext,halfA,-,halfA,dim_top100_share,0.5583937536303881
EleutherAI/pythia-160m,1,wikitext,halfA,-,halfA,dim_n_for_50pct,73.0
EleutherAI/pythia-160m,1,wikitext,halfA,-,halfA,dim_n_for_90pct,1452.0
EleutherAI/pythia-160m,1,wikitext,halfA,-,halfA,dim_participation_ratio_frac,0.003685567027924448
EleutherAI/pythia-160m,1,wikitext,halfA,-,halfA,n_live_units,36864.0
EleutherAI/pythia-160m,1,wikitext,halfA,-,halfA,coupling_mean_absr,0.06671105716047077
EleutherAI/pythia-160m,1,wikitext,halfA,-,halfA,coupling_median_absr,0.054661765694618225
EleutherAI/pythia-160m,1,wikitext,halfA,-,halfA,coupling_p90_absr,0.13882635533809662
EleutherAI/pythia-160m,1,wikitext,halfA,-,halfA,coupling_p99_absr,0.23755311876535415
EleutherAI/pythia-160m,1,wikitext,halfA,-,halfA,coupling_frac_absr_gt_0.1,0.2256825642483118
EleutherAI/pythia-160m,1,wikitext,halfA,-,halfA,coupling_frac_absr_gt_0.3,0.0026612750479563523
EleutherAI/pythia-160m,1,wikitext,halfA,-,halfA,coupling_concentration_top1pct,0.036382351736400406
EleutherAI/pythia-160m,1,wikitext,halfA,-,halfA,hub_strength_gini,0.11345428572399507
EleutherAI/pythia-160m,1,wikitext,halfA,-,halfA,hub_strength_cv,0.20913408266218717
EleutherAI/pythia-160m,1,wikitext,halfB,-,halfB,dim_participation_ratio,133.2941442727518
EleutherAI/pythia-160m,1,wikitext,halfB,-,halfB,dim_top1_share,0.04074983358375054
EleutherAI/pythia-160m,1,wikitext,halfB,-,halfB,dim_top10_share,0.21587258183068223
EleutherAI/pythia-160m,1,wikitext,halfB,-,halfB,dim_top100_share,0.5593965237291565
EleutherAI/pythia-160m,1,wikitext,halfB,-,halfB,dim_n_for_50pct,72.0
EleutherAI/pythia-160m,1,wikitext,halfB,-,halfB,dim_n_for_90pct,1444.0
EleutherAI/pythia-160m,1,wikitext,halfB,-,halfB,dim_participation_ratio_frac,0.0036158350768433103
EleutherAI/pythia-160m,1,wikitext,halfB,-,halfB,n_live_units,36864.0
EleutherAI/pythia-160m,1,wikitext,halfB,-,halfB,coupling_mean_absr,0.06731057125677234
EleutherAI/pythia-160m,1,wikitext,halfB,-,halfB,coupling_median_absr,0.05511988326907158
EleutherAI/pythia-160m,1,wikitext,halfB,-,halfB,coupling_p90_absr,0.14015603065490723
EleutherAI/pythia-160m,1,wikitext,halfB,-,halfB,coupling_p99_absr,0.2406450837850581
EleutherAI/pythia-160m,1,wikitext,halfB,-,halfB,coupling_frac_absr_gt_0.1,0.22967818505354448
EleutherAI/pythia-160m,1,wikitext,halfB,-,halfB,coupling_frac_absr_gt_0.3,0.0028952804887975884
EleutherAI/pythia-160m,1,wikitext,halfB,-,halfB,coupling_concentration_top1pct,0.03633034424464891
EleutherAI/pythia-160m,1,wikitext,halfB,-,halfB,hub_strength_gini,0.11563001937155759
EleutherAI/pythia-160m,1,wikitext,halfB,-,halfB,hub_strength_cv,0.21309441038971177
EleutherAI/pythia-160m,1,wikitext,halfA,real,halfA,segregation_within_mean,0.1368764360756512
EleutherAI/pythia-160m,1,wikitext,halfA,real,halfA,segregation_between_mean,0.06580869409348024
EleutherAI/pythia-160m,1,wikitext,halfA,real,halfA,segregation_ratio,2.079914180962478
EleutherAI/pythia-160m,1,wikitext,halfA,real,halfA,segregation_modularity,0.013401115522352753
EleutherAI/pythia-160m,1,wikitext,halfA,real,halfB,segregation_within_mean,0.13866402593741917
EleutherAI/pythia-160m,1,wikitext,halfA,real,halfB,segregation_between_mean,0.06639292893584549
EleutherAI/pythia-160m,1,wikitext,halfA,real,halfB,segregation_ratio,2.088536055871374
EleutherAI/pythia-160m,1,wikitext,halfA,real,halfB,segregation_modularity,0.013491838796310628
EleutherAI/pythia-160m,1,wikitext,halfA,null,halfA,segregation_within_mean,0.06798868134904923
EleutherAI/pythia-160m,1,wikitext,halfA,null,halfA,segregation_between_mean,0.06669752937087729
EleutherAI/pythia-160m,1,wikitext,halfA,null,halfA,segregation_ratio,1.0193583179219785
EleutherAI/pythia-160m,1,wikitext,halfA,null,halfA,segregation_modularity,0.0002156991755899509
EleutherAI/pythia-160m,1,wikitext,halfA,null,halfB,segregation_within_mean,0.06858365262847817
EleutherAI/pythia-160m,1,wikitext,halfA,null,halfB,segregation_between_mean,0.06729709156694393
EleutherAI/pythia-160m,1,wikitext,halfA,null,halfB,segregation_ratio,1.0191176324500508
EleutherAI/pythia-160m,1,wikitext,halfA,null,halfB,segregation_modularity,0.00021122051827835394
EleutherAI/pythia-160m,1,wikitext,halfB,real,halfB,segregation_within_mean,0.1385667953642414
EleutherAI/pythia-160m,1,wikitext,halfB,real,halfB,segregation_between_mean,0.066401331576154
EleutherAI/pythia-160m,1,wikitext,halfB,real,halfB,segregation_ratio,2.0868074792343987
EleutherAI/pythia-160m,1,wikitext,halfB,real,halfB,segregation_modularity,0.01335914061783527
EleutherAI/pythia-160m,1,wikitext,halfB,real,halfA,segregation_within_mean,0.13636044574990544
EleutherAI/pythia-160m,1,wikitext,halfB,real,halfA,segregation_between_mean,0.06582232091225518
EleutherAI/pythia-160m,1,wikitext,halfB,real,halfA,segregation_ratio,2.071644449178289
EleutherAI/pythia-160m,1,wikitext,halfB,real,halfA,segregation_modularity,0.013186647707043102
EleutherAI/pythia-160m,1,wikitext,halfB,null,halfB,segregation_within_mean,0.06853687112223152
EleutherAI/pythia-160m,1,wikitext,halfB,null,halfB,segregation_between_mean,0.06729768790888263
EleutherAI/pythia-160m,1,wikitext,halfB,null,halfB,segregation_ratio,1.0184134589441864
EleutherAI/pythia-160m,1,wikitext,halfB,null,halfB,segregation_modularity,0.00019494625583274663
EleutherAI/pythia-160m,1,wikitext,halfB,null,halfA,segregation_within_mean,0.06793700855525969
EleutherAI/pythia-160m,1,wikitext,halfB,null,halfA,segregation_between_mean,0.06669817745054292
EleutherAI/pythia-160m,1,wikitext,halfB,null,halfA,segregation_ratio,1.018573687498963
EleutherAI/pythia-160m,1,wikitext,halfB,null,halfA,segregation_modularity,0.00019839530677044734
EleutherAI/pythia-160m,1,bookcorpus,halfA,-,halfA,act_firing_rate_median,0.500073750813802
EleutherAI/pythia-160m,1,bookcorpus,halfA,-,halfA,act_frac_dead,2.712673611111111e-05
EleutherAI/pythia-160m,1,bookcorpus,halfA,-,halfA,act_frac_dense,0.5001898871527778
EleutherAI/pythia-160m,1,bookcorpus,halfA,-,halfA,act_firing_rate_gini,0.25555291959352266
EleutherAI/pythia-160m,1,bookcorpus,halfB,-,halfB,act_firing_rate_median,0.5001627604166666
EleutherAI/pythia-160m,1,bookcorpus,halfB,-,halfB,act_frac_dead,2.712673611111111e-05
EleutherAI/pythia-160m,1,bookcorpus,halfB,-,halfB,act_frac_dense,0.5003526475694444
EleutherAI/pythia-160m,1,bookcorpus,halfB,-,halfB,act_firing_rate_gini,0.2554323482618466
EleutherAI/pythia-160m,1,bookcorpus,-,-,-,lm_loss,11.050359579305107
EleutherAI/pythia-160m,1,bookcorpus,halfA,-,halfA,dim_participation_ratio,122.18414067266255
EleutherAI/pythia-160m,1,bookcorpus,halfA,-,halfA,dim_top1_share,0.04040821382498135
EleutherAI/pythia-160m,1,bookcorpus,halfA,-,halfA,dim_top10_share,0.22547291560996002
EleutherAI/pythia-160m,1,bookcorpus,halfA,-,halfA,dim_top100_share,0.5860517756418187
EleutherAI/pythia-160m,1,bookcorpus,halfA,-,halfA,dim_n_for_50pct,65.0
EleutherAI/pythia-160m,1,bookcorpus,halfA,-,halfA,dim_n_for_90pct,909.0
EleutherAI/pythia-160m,1,bookcorpus,halfA,-,halfA,dim_participation_ratio_frac,0.003314456940990195
EleutherAI/pythia-160m,1,bookcorpus,halfA,-,halfA,n_live_units,36864.0
EleutherAI/pythia-160m,1,bookcorpus,halfA,-,halfA,coupling_mean_absr,0.0703355465908901
EleutherAI/pythia-160m,1,bookcorpus,halfA,-,halfA,coupling_median_absr,0.0575924776494503
EleutherAI/pythia-160m,1,bookcorpus,halfA,-,halfA,coupling_p90_absr,0.14627106785774233
EleutherAI/pythia-160m,1,bookcorpus,halfA,-,halfA,coupling_p99_absr,0.2513711765408516
EleutherAI/pythia-160m,1,bookcorpus,halfA,-,halfA,coupling_frac_absr_gt_0.1,0.24914577949870798
EleutherAI/pythia-160m,1,bookcorpus,halfA,-,halfA,coupling_frac_absr_gt_0.3,0.0037586902085650054
EleutherAI/pythia-160m,1,bookcorpus,halfA,-,halfA,coupling_concentration_top1pct,0.03613928500838692
EleutherAI/pythia-160m,1,bookcorpus,halfA,-,halfA,hub_strength_gini,0.11745302730294194
EleutherAI/pythia-160m,1,bookcorpus,halfA,-,halfA,hub_strength_cv,0.21510034410518014
EleutherAI/pythia-160m,1,bookcorpus,halfB,-,halfB,dim_participation_ratio,123.65266921497607
EleutherAI/pythia-160m,1,bookcorpus,halfB,-,halfB,dim_top1_share,0.039931912802730715
EleutherAI/pythia-160m,1,bookcorpus,halfB,-,halfB,dim_top10_share,0.22330213189727977
EleutherAI/pythia-160m,1,bookcorpus,halfB,-,halfB,dim_top100_share,0.5850599334895616
EleutherAI/pythia-160m,1,bookcorpus,halfB,-,halfB,dim_n_for_50pct,65.0
EleutherAI/pythia-160m,1,bookcorpus,halfB,-,halfB,dim_n_for_90pct,910.0
EleutherAI/pythia-160m,1,bookcorpus,halfB,-,halfB,dim_participation_ratio_frac,0.0033542933272291686
EleutherAI/pythia-160m,1,bookcorpus,halfB,-,halfB,n_live_units,36864.0
EleutherAI/pythia-160m,1,bookcorpus,halfB,-,halfB,coupling_mean_absr,0.06992267334993024
EleutherAI/pythia-160m,1,bookcorpus,halfB,-,halfB,coupling_median_absr,0.057308685034513474
EleutherAI/pythia-160m,1,bookcorpus,halfB,-,halfB,coupling_p90_absr,0.14554404616355898
EleutherAI/pythia-160m,1,bookcorpus,halfB,-,halfB,coupling_p99_absr,0.2494780272245407
EleutherAI/pythia-160m,1,bookcorpus,halfB,-,halfB,coupling_frac_absr_gt_0.1,0.2467968532649686
EleutherAI/pythia-160m,1,bookcorpus,halfB,-,halfB,coupling_frac_absr_gt_0.3,0.003666910740704369
EleutherAI/pythia-160m,1,bookcorpus,halfB,-,halfB,coupling_concentration_top1pct,0.03615463140207638
EleutherAI/pythia-160m,1,bookcorpus,halfB,-,halfB,hub_strength_gini,0.11688546397653332
EleutherAI/pythia-160m,1,bookcorpus,halfB,-,halfB,hub_strength_cv,0.2142841419696466
EleutherAI/pythia-160m,1,bookcorpus,halfA,real,halfA,segregation_within_mean,0.142725341414766
EleutherAI/pythia-160m,1,bookcorpus,halfA,real,halfA,segregation_between_mean,0.06943192509395336
EleutherAI/pythia-160m,1,bookcorpus,halfA,real,halfA,segregation_ratio,2.0556154999538614
EleutherAI/pythia-160m,1,bookcorpus,halfA,real,halfA,segregation_modularity,0.012864610833643791
EleutherAI/pythia-160m,1,bookcorpus,halfA,real,halfB,segregation_within_mean,0.1414393133559254
EleutherAI/pythia-160m,1,bookcorpus,halfA,real,halfB,segregation_between_mean,0.06902995118817165
EleutherAI/pythia-160m,1,bookcorpus,halfA,real,halfB,segregation_ratio,2.048955720254966
EleutherAI/pythia-160m,1,bookcorpus,halfA,real,halfB,segregation_modularity,0.012781754327559148
EleutherAI/pythia-160m,1,bookcorpus,halfA,null,halfA,segregation_within_mean,0.07141207925677594
EleutherAI/pythia-160m,1,bookcorpus,halfA,null,halfA,segregation_between_mean,0.07032421120183863
EleutherAI/pythia-160m,1,bookcorpus,halfA,null,halfA,segregation_ratio,1.0154693246656548
EleutherAI/pythia-160m,1,bookcorpus,halfA,null,halfA,segregation_modularity,0.0001683750659938569
EleutherAI/pythia-160m,1,bookcorpus,halfA,null,halfB,segregation_within_mean,0.07100632020588797
EleutherAI/pythia-160m,1,bookcorpus,halfA,null,halfB,segregation_between_mean,0.06991126305391776
EleutherAI/pythia-160m,1,bookcorpus,halfA,null,halfB,segregation_ratio,1.0156635297967034
EleutherAI/pythia-160m,1,bookcorpus,halfA,null,halfB,segregation_modularity,0.00017014326925909819
EleutherAI/pythia-160m,1,bookcorpus,halfB,real,halfB,segregation_within_mean,0.14183150929093094
EleutherAI/pythia-160m,1,bookcorpus,halfB,real,halfB,segregation_between_mean,0.06903105555896064
EleutherAI/pythia-160m,1,bookcorpus,halfB,real,halfB,segregation_ratio,2.0546043826577467
EleutherAI/pythia-160m,1,bookcorpus,halfB,real,halfB,segregation_modularity,0.012746292703674587
EleutherAI/pythia-160m,1,bookcorpus,halfB,real,halfA,segregation_within_mean,0.14306091489520903
EleutherAI/pythia-160m,1,bookcorpus,halfB,real,halfA,segregation_between_mean,0.06943380438915144
EleutherAI/pythia-160m,1,bookcorpus,halfB,real,halfA,segregation_ratio,2.060392861284169
EleutherAI/pythia-160m,1,bookcorpus,halfB,real,halfA,segregation_modularity,0.012818405956509517
EleutherAI/pythia-160m,1,bookcorpus,halfB,null,halfB,segregation_within_mean,0.0710253117616759
EleutherAI/pythia-160m,1,bookcorpus,halfB,null,halfB,segregation_between_mean,0.06991101465885516
EleutherAI/pythia-160m,1,bookcorpus,halfB,null,halfB,segregation_ratio,1.015938791737728
EleutherAI/pythia-160m,1,bookcorpus,halfB,null,halfB,segregation_modularity,0.00017370767595018438
EleutherAI/pythia-160m,1,bookcorpus,halfB,null,halfA,segregation_within_mean,0.07142665357553726
EleutherAI/pythia-160m,1,bookcorpus,halfB,null,halfA,segregation_between_mean,0.07032400983135122
EleutherAI/pythia-160m,1,bookcorpus,halfB,null,halfA,segregation_ratio,1.0156794777037084
EleutherAI/pythia-160m,1,bookcorpus,halfB,null,halfA,segregation_modularity,0.00017080639411217035
EleutherAI/pythia-160m,1,agnews,halfA,-,halfA,act_firing_rate_median,0.5002390543619791
EleutherAI/pythia-160m,1,agnews,halfA,-,halfA,act_frac_dead,0.0
EleutherAI/pythia-160m,1,agnews,halfA,-,halfA,act_frac_dense,0.5002712673611112
EleutherAI/pythia-160m,1,agnews,halfA,-,halfA,act_firing_rate_gini,0.2500613411404977
EleutherAI/pythia-160m,1,agnews,halfB,-,halfB,act_firing_rate_median,0.5000152587890625
EleutherAI/pythia-160m,1,agnews,halfB,-,halfB,act_frac_dead,0.0
EleutherAI/pythia-160m,1,agnews,halfB,-,halfB,act_frac_dense,0.5000542534722222
EleutherAI/pythia-160m,1,agnews,halfB,-,halfB,act_firing_rate_gini,0.24997244170962407
EleutherAI/pythia-160m,1,agnews,-,-,-,lm_loss,11.040585321189429
EleutherAI/pythia-160m,1,agnews,halfA,-,halfA,dim_participation_ratio,185.53721919070907
EleutherAI/pythia-160m,1,agnews,halfA,-,halfA,dim_top1_share,0.029624449616248015
EleutherAI/pythia-160m,1,agnews,halfA,-,halfA,dim_top10_share,0.17747204313769996
EleutherAI/pythia-160m,1,agnews,halfA,-,halfA,dim_top100_share,0.5182200085184245
EleutherAI/pythia-160m,1,agnews,halfA,-,halfA,dim_n_for_50pct,92.0
EleutherAI/pythia-160m,1,agnews,halfA,-,halfA,dim_n_for_90pct,1538.0
EleutherAI/pythia-160m,1,agnews,halfA,-,halfA,dim_participation_ratio_frac,0.005033019183775745
EleutherAI/pythia-160m,1,agnews,halfA,-,halfA,n_live_units,36864.0
EleutherAI/pythia-160m,1,agnews,halfA,-,halfA,coupling_mean_absr,0.05708507421478335
EleutherAI/pythia-160m,1,agnews,halfA,-,halfA,coupling_median_absr,0.046750787645578384
EleutherAI/pythia-160m,1,agnews,halfA,-,halfA,coupling_p90_absr,0.11871365457773209
EleutherAI/pythia-160m,1,agnews,halfA,-,halfA,coupling_p99_absr,0.2026986077427862
EleutherAI/pythia-160m,1,agnews,halfA,-,halfA,coupling_frac_absr_gt_0.1,0.160483140465024
EleutherAI/pythia-160m,1,agnews,halfA,-,halfA,coupling_frac_absr_gt_0.3,0.0009036233134814878
EleutherAI/pythia-160m,1,agnews,halfA,-,halfA,coupling_concentration_top1pct,0.036864360320604875
EleutherAI/pythia-160m,1,agnews,halfA,-,halfA,hub_strength_gini,0.10415515375611895
EleutherAI/pythia-160m,1,agnews,halfA,-,halfA,hub_strength_cv,0.18935566156038303
EleutherAI/pythia-160m,1,agnews,halfB,-,halfB,dim_participation_ratio,185.77854622416143
EleutherAI/pythia-160m,1,agnews,halfB,-,halfB,dim_top1_share,0.028653189695588478
EleutherAI/pythia-160m,1,agnews,halfB,-,halfB,dim_top10_share,0.17774444103529946
EleutherAI/pythia-160m,1,agnews,halfB,-,halfB,dim_top100_share,0.5181411026677432
EleutherAI/pythia-160m,1,agnews,halfB,-,halfB,dim_n_for_50pct,92.0
EleutherAI/pythia-160m,1,agnews,halfB,-,halfB,dim_n_for_90pct,1551.0
EleutherAI/pythia-160m,1,agnews,halfB,-,halfB,dim_participation_ratio_frac,0.005039565598528684
EleutherAI/pythia-160m,1,agnews,halfB,-,halfB,n_live_units,36864.0
EleutherAI/pythia-160m,1,agnews,halfB,-,halfB,coupling_mean_absr,0.05706007767621129
EleutherAI/pythia-160m,1,agnews,halfB,-,halfB,coupling_median_absr,0.04673433303833008
EleutherAI/pythia-160m,1,agnews,halfB,-,halfB,coupling_p90_absr,0.11877199709415434
EleutherAI/pythia-160m,1,agnews,halfB,-,halfB,coupling_p99_absr,0.2025446909666061
EleutherAI/pythia-160m,1,agnews,halfB,-,halfB,coupling_frac_absr_gt_0.1,0.16068660281291708
EleutherAI/pythia-160m,1,agnews,halfB,-,halfB,coupling_frac_absr_gt_0.3,0.0008932244743505972
EleutherAI/pythia-160m,1,agnews,halfB,-,halfB,coupling_concentration_top1pct,0.03686716017826701
EleutherAI/pythia-160m,1,agnews,halfB,-,halfB,hub_strength_gini,0.10380846360765683
EleutherAI/pythia-160m,1,agnews,halfB,-,halfB,hub_strength_cv,0.18828215775888535
EleutherAI/pythia-160m,1,agnews,halfA,real,halfA,segregation_within_mean,0.10650715366742601
EleutherAI/pythia-160m,1,agnews,halfA,real,halfA,segregation_between_mean,0.05640705528767892
EleutherAI/pythia-160m,1,agnews,halfA,real,halfA,segregation_ratio,1.8881885098279636
EleutherAI/pythia-160m,1,agnews,halfA,real,halfA,segregation_modularity,0.012407735687409467
EleutherAI/pythia-160m,1,agnews,halfA,real,halfB,segregation_within_mean,0.10647764866450384
EleutherAI/pythia-160m,1,agnews,halfA,real,halfB,segregation_between_mean,0.05638212060369579
EleutherAI/pythia-160m,1,agnews,halfA,real,halfB,segregation_ratio,1.8885002466105245
EleutherAI/pythia-160m,1,agnews,halfA,real,halfB,segregation_modularity,0.012416209465031053
EleutherAI/pythia-160m,1,agnews,halfA,null,halfA,segregation_within_mean,0.05835558501930613
EleutherAI/pythia-160m,1,agnews,halfA,null,halfA,segregation_between_mean,0.05707163061988448
EleutherAI/pythia-160m,1,agnews,halfA,null,halfA,segregation_ratio,1.0224972439980415
EleutherAI/pythia-160m,1,agnews,halfA,null,halfA,segregation_modularity,0.0002630186451585644
EleutherAI/pythia-160m,1,agnews,halfA,null,halfB,segregation_within_mean,0.058333724624312966
EleutherAI/pythia-160m,1,agnews,halfA,null,halfB,segregation_between_mean,0.057046600881464744
EleutherAI/pythia-160m,1,agnews,halfA,null,halfB,segregation_ratio,1.0225626719727385
EleutherAI/pythia-160m,1,agnews,halfA,null,halfB,segregation_modularity,0.0002631733662259346
EleutherAI/pythia-160m,1,agnews,halfB,real,halfB,segregation_within_mean,0.10598044460873796
EleutherAI/pythia-160m,1,agnews,halfB,real,halfB,segregation_between_mean,0.05639097572061135
EleutherAI/pythia-160m,1,agnews,halfB,real,halfB,segregation_ratio,1.879386608485323
EleutherAI/pythia-160m,1,agnews,halfB,real,halfB,segregation_modularity,0.012286531112964828
EleutherAI/pythia-160m,1,agnews,halfB,real,halfA,segregation_within_mean,0.10593003232631519
EleutherAI/pythia-160m,1,agnews,halfB,real,halfA,segregation_between_mean,0.05641700364813442
EleutherAI/pythia-160m,1,agnews,halfB,real,halfA,segregation_ratio,1.8776259899761276
EleutherAI/pythia-160m,1,agnews,halfB,real,halfA,segregation_modularity,0.01226050068171635
EleutherAI/pythia-160m,1,agnews,halfB,null,halfB,segregation_within_mean,0.05841222119797579
EleutherAI/pythia-160m,1,agnews,halfB,null,halfB,segregation_between_mean,0.057045729919392114
EleutherAI/pythia-160m,1,agnews,halfB,null,halfB,segregation_ratio,1.0239543131539308
EleutherAI/pythia-160m,1,agnews,halfB,null,halfB,segregation_modularity,0.00026376967698428066
EleutherAI/pythia-160m,1,agnews,halfB,null,halfA,segregation_within_mean,0.058430579221499364
EleutherAI/pythia-160m,1,agnews,halfB,null,halfA,segregation_between_mean,0.05707079690765112
EleutherAI/pythia-160m,1,agnews,halfB,null,halfA,segregation_ratio,1.0238262366661635
EleutherAI/pythia-160m,1,agnews,halfB,null,halfA,segregation_modularity,0.00026202500237061633
EleutherAI/pythia-160m,1,tldr17,halfA,-,halfA,act_firing_rate_median,0.5002009073893229
EleutherAI/pythia-160m,1,tldr17,halfA,-,halfA,act_frac_dead,0.0
EleutherAI/pythia-160m,1,tldr17,halfA,-,halfA,act_frac_dense,0.5003526475694444
EleutherAI/pythia-160m,1,tldr17,halfA,-,halfA,act_firing_rate_gini,0.25106501986005325
EleutherAI/pythia-160m,1,tldr17,halfB,-,halfB,act_firing_rate_median,0.49998982747395837
EleutherAI/pythia-160m,1,tldr17,halfB,-,halfB,act_frac_dead,0.0
EleutherAI/pythia-160m,1,tldr17,halfB,-,halfB,act_frac_dense,0.5
EleutherAI/pythia-160m,1,tldr17,halfB,-,halfB,act_firing_rate_gini,0.2511701198593521
EleutherAI/pythia-160m,1,tldr17,-,-,-,lm_loss,11.032909212231578
EleutherAI/pythia-160m,1,tldr17,halfA,-,halfA,dim_participation_ratio,135.84905330779628
EleutherAI/pythia-160m,1,tldr17,halfA,-,halfA,dim_top1_share,0.03477535685244939
EleutherAI/pythia-160m,1,tldr17,halfA,-,halfA,dim_top10_share,0.2140884836858278
EleutherAI/pythia-160m,1,tldr17,halfA,-,halfA,dim_top100_share,0.5898888600788982
EleutherAI/pythia-160m,1,tldr17,halfA,-,halfA,dim_n_for_50pct,64.0
EleutherAI/pythia-160m,1,tldr17,halfA,-,halfA,dim_n_for_90pct,904.0
EleutherAI/pythia-160m,1,tldr17,halfA,-,halfA,dim_participation_ratio_frac,0.003685141420024856
EleutherAI/pythia-160m,1,tldr17,halfA,-,halfA,n_live_units,36864.0
EleutherAI/pythia-160m,1,tldr17,halfA,-,halfA,coupling_mean_absr,0.06700308823385732
EleutherAI/pythia-160m,1,tldr17,halfA,-,halfA,coupling_median_absr,0.05526014789938927
EleutherAI/pythia-160m,1,tldr17,halfA,-,halfA,coupling_p90_absr,0.13888852298259735
EleutherAI/pythia-160m,1,tldr17,halfA,-,halfA,coupling_p99_absr,0.23540958613157248
EleutherAI/pythia-160m,1,tldr17,halfA,-,halfA,coupling_frac_absr_gt_0.1,0.2281552864063893
EleutherAI/pythia-160m,1,tldr17,halfA,-,halfA,coupling_frac_absr_gt_0.3,0.0023226599246260553
EleutherAI/pythia-160m,1,tldr17,halfA,-,halfA,coupling_concentration_top1pct,0.03645179192786359
EleutherAI/pythia-160m,1,tldr17,halfA,-,halfA,hub_strength_gini,0.10167189317286263
EleutherAI/pythia-160m,1,tldr17,halfA,-,halfA,hub_strength_cv,0.18336990141949291
EleutherAI/pythia-160m,1,tldr17,halfB,-,halfB,dim_participation_ratio,132.70726081258775
EleutherAI/pythia-160m,1,tldr17,halfB,-,halfB,dim_top1_share,0.03586625832109574
EleutherAI/pythia-160m,1,tldr17,halfB,-,halfB,dim_top10_share,0.21756968160958587
EleutherAI/pythia-160m,1,tldr17,halfB,-,halfB,dim_top100_share,0.5906564497470306
EleutherAI/pythia-160m,1,tldr17,halfB,-,halfB,dim_n_for_50pct,63.0
EleutherAI/pythia-160m,1,tldr17,halfB,-,halfB,dim_n_for_90pct,897.0
EleutherAI/pythia-160m,1,tldr17,halfB,-,halfB,dim_participation_ratio_frac,0.0035999148440914643
EleutherAI/pythia-160m,1,tldr17,halfB,-,halfB,n_live_units,36864.0
EleutherAI/pythia-160m,1,tldr17,halfB,-,halfB,coupling_mean_absr,0.06775045026637014
EleutherAI/pythia-160m,1,tldr17,halfB,-,halfB,coupling_median_absr,0.05579199269413948
EleutherAI/pythia-160m,1,tldr17,halfB,-,halfB,coupling_p90_absr,0.14055195450782776
EleutherAI/pythia-160m,1,tldr17,halfB,-,halfB,coupling_p99_absr,0.2388312394917011
EleutherAI/pythia-160m,1,tldr17,halfB,-,halfB,coupling_frac_absr_gt_0.1,0.23305223224160987
EleutherAI/pythia-160m,1,tldr17,halfB,-,halfB,coupling_frac_absr_gt_0.3,0.0026302725955236364
EleutherAI/pythia-160m,1,tldr17,halfB,-,halfB,coupling_concentration_top1pct,0.03641137306618965
EleutherAI/pythia-160m,1,tldr17,halfB,-,halfB,hub_strength_gini,0.1038045742960072
EleutherAI/pythia-160m,1,tldr17,halfB,-,halfB,hub_strength_cv,0.18743483250276888
EleutherAI/pythia-160m,1,tldr17,halfA,real,halfA,segregation_within_mean,0.13499136552384733
EleutherAI/pythia-160m,1,tldr17,halfA,real,halfA,segregation_between_mean,0.06612329398866072
EleutherAI/pythia-160m,1,tldr17,halfA,real,halfA,segregation_ratio,2.0415099941481527
EleutherAI/pythia-160m,1,tldr17,halfA,real,halfA,segregation_modularity,0.013416693318193106
EleutherAI/pythia-160m,1,tldr17,halfA,real,halfB,segregation_within_mean,0.13731059645936416
EleutherAI/pythia-160m,1,tldr17,halfA,real,halfB,segregation_between_mean,0.06685031545260074
EleutherAI/pythia-160m,1,tldr17,halfA,real,halfB,segregation_ratio,2.054000725796459
EleutherAI/pythia-160m,1,tldr17,halfA,real,halfB,segregation_modularity,0.013566298419151046
EleutherAI/pythia-160m,1,tldr17,halfA,null,halfA,segregation_within_mean,0.06819875918006806
EleutherAI/pythia-160m,1,tldr17,halfA,null,halfA,segregation_between_mean,0.06699037365846819
EleutherAI/pythia-160m,1,tldr17,halfA,null,halfA,segregation_ratio,1.0180381964692493
EleutherAI/pythia-160m,1,tldr17,halfA,null,halfA,segregation_modularity,0.0002129999401218345
EleutherAI/pythia-160m,1,tldr17,halfA,null,halfB,segregation_within_mean,0.06892745027219252
EleutherAI/pythia-160m,1,tldr17,halfA,null,halfB,segregation_between_mean,0.06773793423712261
EleutherAI/pythia-160m,1,tldr17,halfA,null,halfB,segregation_ratio,1.0175605596548885
EleutherAI/pythia-160m,1,tldr17,halfA,null,halfB,segregation_modularity,0.0002068254432799548
EleutherAI/pythia-160m,1,tldr17,halfB,real,halfB,segregation_within_mean,0.1365721148660883
EleutherAI/pythia-160m,1,tldr17,halfB,real,halfB,segregation_between_mean,0.0668507389102539
EleutherAI/pythia-160m,1,tldr17,halfB,real,halfB,segregation_ratio,2.042940992012583
EleutherAI/pythia-160m,1,tldr17,halfB,real,halfB,segregation_modularity,0.013576115142898712
EleutherAI/pythia-160m,1,tldr17,halfB,real,halfA,segregation_within_mean,0.13410560082944623
EleutherAI/pythia-160m,1,tldr17,halfB,real,halfA,segregation_between_mean,0.06612585148012545
EleutherAI/pythia-160m,1,tldr17,halfB,real,halfA,segregation_ratio,2.028035901658711
EleutherAI/pythia-160m,1,tldr17,halfB,real,halfA,segregation_modularity,0.013393216712189772
EleutherAI/pythia-160m,1,tldr17,halfB,null,halfB,segregation_within_mean,0.06877606109500918
EleutherAI/pythia-160m,1,tldr17,halfB,null,halfB,segregation_between_mean,0.06773955763397871
EleutherAI/pythia-160m,1,tldr17,halfB,null,halfB,segregation_ratio,1.0153013024772184
EleutherAI/pythia-160m,1,tldr17,halfB,null,halfB,segregation_modularity,0.00019276305137473846
EleutherAI/pythia-160m,1,tldr17,halfB,null,halfA,segregation_within_mean,0.06803925161114949
EleutherAI/pythia-160m,1,tldr17,halfB,null,halfA,segregation_between_mean,0.0669920835280189
EleutherAI/pythia-160m,1,tldr17,halfB,null,halfA,segregation_ratio,1.0156312213023293
EleutherAI/pythia-160m,1,tldr17,halfB,null,halfA,segregation_modularity,0.00019775396745523087
EleutherAI/pythia-160m,1000,wikitext,halfA,-,halfA,act_firing_rate_median,0.2808634440104167
EleutherAI/pythia-160m,1000,wikitext,halfA,-,halfA,act_frac_dead,0.0
EleutherAI/pythia-160m,1000,wikitext,halfA,-,halfA,act_frac_dense,0.021050347222222224
EleutherAI/pythia-160m,1000,wikitext,halfA,-,halfA,act_firing_rate_gini,0.19708861366643315
EleutherAI/pythia-160m,1000,wikitext,halfB,-,halfB,act_firing_rate_median,0.2810872395833333
EleutherAI/pythia-160m,1000,wikitext,halfB,-,halfB,act_frac_dead,0.0
EleutherAI/pythia-160m,1000,wikitext,halfB,-,halfB,act_frac_dense,0.021240234375
EleutherAI/pythia-160m,1000,wikitext,halfB,-,halfB,act_firing_rate_gini,0.1966200697743039
EleutherAI/pythia-160m,1000,wikitext,-,-,-,lm_loss,5.342082149271175
EleutherAI/pythia-160m,1000,wikitext,halfA,-,halfA,dim_participation_ratio,279.76419365875483
EleutherAI/pythia-160m,1000,wikitext,halfA,-,halfA,dim_top1_share,0.024595498598684852
EleutherAI/pythia-160m,1000,wikitext,halfA,-,halfA,dim_top10_share,0.14031097344826676
EleutherAI/pythia-160m,1000,wikitext,halfA,-,halfA,dim_top100_share,0.4319441567748624
EleutherAI/pythia-160m,1000,wikitext,halfA,-,halfA,dim_n_for_50pct,165.0
EleutherAI/pythia-160m,1000,wikitext,halfA,-,halfA,dim_n_for_90pct,6299.0
EleutherAI/pythia-160m,1000,wikitext,halfA,-,halfA,dim_participation_ratio_frac,0.007589089454718827
EleutherAI/pythia-160m,1000,wikitext,halfA,-,halfA,n_live_units,36864.0
EleutherAI/pythia-160m,1000,wikitext,halfA,-,halfA,coupling_mean_absr,0.04556524204217508
EleutherAI/pythia-160m,1000,wikitext,halfA,-,halfA,coupling_median_absr,0.036483991891145706
EleutherAI/pythia-160m,1000,wikitext,halfA,-,halfA,coupling_p90_absr,0.09539683908224107
EleutherAI/pythia-160m,1000,wikitext,halfA,-,halfA,coupling_p99_absr,0.1729571497440338
EleutherAI/pythia-160m,1000,wikitext,halfA,-,halfA,coupling_frac_absr_gt_0.1,0.08688445014149399
EleutherAI/pythia-160m,1000,wikitext,halfA,-,halfA,coupling_frac_absr_gt_0.3,0.0005710161026540949
EleutherAI/pythia-160m,1000,wikitext,halfA,-,halfA,coupling_concentration_top1pct,0.04126112165648087
EleutherAI/pythia-160m,1000,wikitext,halfA,-,halfA,hub_strength_gini,0.10265642523865437
EleutherAI/pythia-160m,1000,wikitext,halfA,-,halfA,hub_strength_cv,0.19169977498052052
EleutherAI/pythia-160m,1000,wikitext,halfB,-,halfB,dim_participation_ratio,276.97750883976545
EleutherAI/pythia-160m,1000,wikitext,halfB,-,halfB,dim_top1_share,0.024955458229683872
EleutherAI/pythia-160m,1000,wikitext,halfB,-,halfB,dim_top10_share,0.14111578072667694
EleutherAI/pythia-160m,1000,wikitext,halfB,-,halfB,dim_top100_share,0.4328795679324984
EleutherAI/pythia-160m,1000,wikitext,halfB,-,halfB,dim_n_for_50pct,164.0
EleutherAI/pythia-160m,1000,wikitext,halfB,-,halfB,dim_n_for_90pct,6288.0
EleutherAI/pythia-160m,1000,wikitext,halfB,-,halfB,dim_participation_ratio_frac,0.007513495791009263
EleutherAI/pythia-160m,1000,wikitext,halfB,-,halfB,n_live_units,36864.0
EleutherAI/pythia-160m,1000,wikitext,halfB,-,halfB,coupling_mean_absr,0.04577990529391411
EleutherAI/pythia-160m,1000,wikitext,halfB,-,halfB,coupling_median_absr,0.03669457510113716
EleutherAI/pythia-160m,1000,wikitext,halfB,-,halfB,coupling_p90_absr,0.09580009430646896
EleutherAI/pythia-160m,1000,wikitext,halfB,-,halfB,coupling_p99_absr,0.17371361255645765
EleutherAI/pythia-160m,1000,wikitext,halfB,-,halfB,coupling_frac_absr_gt_0.1,0.08804424763008412
EleutherAI/pythia-160m,1000,wikitext,halfB,-,halfB,coupling_frac_absr_gt_0.3,0.0005956165581403163
EleutherAI/pythia-160m,1000,wikitext,halfB,-,halfB,coupling_concentration_top1pct,0.04118949450477696
EleutherAI/pythia-160m,1000,wikitext,halfB,-,halfB,hub_strength_gini,0.10356560837338069
EleutherAI/pythia-160m,1000,wikitext,halfB,-,halfB,hub_strength_cv,0.19397751085615786
EleutherAI/pythia-160m,1000,wikitext,halfA,real,halfA,segregation_within_mean,0.10179918424190712
EleutherAI/pythia-160m,1000,wikitext,halfA,real,halfA,segregation_between_mean,0.04489135818402356
EleutherAI/pythia-160m,1000,wikitext,halfA,real,halfA,segregation_ratio,2.267678866489198
EleutherAI/pythia-160m,1000,wikitext,halfA,real,halfA,segregation_modularity,0.01461785833612215
EleutherAI/pythia-160m,1000,wikitext,halfA,real,halfB,segregation_within_mean,0.10209411785977565
EleutherAI/pythia-160m,1000,wikitext,halfA,real,halfB,segregation_between_mean,0.04510505951280231
EleutherAI/pythia-160m,1000,wikitext,halfA,real,halfB,segregation_ratio,2.2634737424700204
EleutherAI/pythia-160m,1000,wikitext,halfA,real,halfB,segregation_modularity,0.01455579664774678
EleutherAI/pythia-160m,1000,wikitext,halfA,null,halfA,segregation_within_mean,0.049982989842860016
EleutherAI/pythia-160m,1000,wikitext,halfA,null,halfA,segregation_between_mean,0.045506128182047405
EleutherAI/pythia-160m,1000,wikitext,halfA,null,halfA,segregation_ratio,1.0983793137245803
EleutherAI/pythia-160m,1000,wikitext,halfA,null,halfA,segregation_modularity,0.0014151937444162777
EleutherAI/pythia-160m,1000,wikitext,halfA,null,halfB,segregation_within_mean,0.05018202501707511
EleutherAI/pythia-160m,1000,wikitext,halfA,null,halfB,segregation_between_mean,0.04572100055177171
EleutherAI/pythia-160m,1000,wikitext,halfA,null,halfB,segregation_ratio,1.0975705783221434
EleutherAI/pythia-160m,1000,wikitext,halfA,null,halfB,segregation_modularity,0.0013996369272835172
EleutherAI/pythia-160m,1000,wikitext,halfB,real,halfB,segregation_within_mean,0.10265704968645671
EleutherAI/pythia-160m,1000,wikitext,halfB,real,halfB,segregation_between_mean,0.04509340557958203
EleutherAI/pythia-160m,1000,wikitext,halfB,real,halfB,segregation_ratio,2.2765423983177504
EleutherAI/pythia-160m,1000,wikitext,halfB,real,halfB,segregation_modularity,0.014782397544774449
EleutherAI/pythia-160m,1000,wikitext,halfB,real,halfA,segregation_within_mean,0.10181282584693473
EleutherAI/pythia-160m,1000,wikitext,halfB,real,halfA,segregation_between_mean,0.044886341040691384
EleutherAI/pythia-160m,1000,wikitext,halfB,real,halfA,segregation_ratio,2.268236249299916
EleutherAI/pythia-160m,1000,wikitext,halfB,real,halfA,segregation_modularity,0.014697986156097985
EleutherAI/pythia-160m,1000,wikitext,halfB,null,halfB,segregation_within_mean,0.050562747079681544
EleutherAI/pythia-160m,1000,wikitext,halfB,null,halfB,segregation_between_mean,0.04571641701218257
EleutherAI/pythia-160m,1000,wikitext,halfB,null,halfB,segregation_ratio,1.1060085278819536
EleutherAI/pythia-160m,1000,wikitext,halfB,null,halfB,segregation_modularity,0.001462333067587582
EleutherAI/pythia-160m,1000,wikitext,halfB,null,halfA,segregation_within_mean,0.050341382178344087
EleutherAI/pythia-160m,1000,wikitext,halfB,null,halfA,segregation_between_mean,0.04550184272627048
EleutherAI/pythia-160m,1000,wikitext,halfB,null,halfA,segregation_ratio,1.106359196949171
EleutherAI/pythia-160m,1000,wikitext,halfB,null,halfA,segregation_modularity,0.001470504387377105
EleutherAI/pythia-160m,1000,bookcorpus,halfA,-,halfA,act_firing_rate_median,0.27612559000651044
EleutherAI/pythia-160m,1000,bookcorpus,halfA,-,halfA,act_frac_dead,0.0
EleutherAI/pythia-160m,1000,bookcorpus,halfA,-,halfA,act_frac_dense,0.051350911458333336
EleutherAI/pythia-160m,1000,bookcorpus,halfA,-,halfA,act_firing_rate_gini,0.25510628309624783
EleutherAI/pythia-160m,1000,bookcorpus,halfB,-,halfB,act_firing_rate_median,0.27630106608072913
EleutherAI/pythia-160m,1000,bookcorpus,halfB,-,halfB,act_frac_dead,0.0
EleutherAI/pythia-160m,1000,bookcorpus,halfB,-,halfB,act_frac_dense,0.052164713541666664
EleutherAI/pythia-160m,1000,bookcorpus,halfB,-,halfB,act_firing_rate_gini,0.2560180221103714
EleutherAI/pythia-160m,1000,bookcorpus,-,-,-,lm_loss,5.401357382124676
EleutherAI/pythia-160m,1000,bookcorpus,halfA,-,halfA,dim_participation_ratio,201.75985196598162
EleutherAI/pythia-160m,1000,bookcorpus,halfA,-,halfA,dim_top1_share,0.038271545067610775
EleutherAI/pythia-160m,1000,bookcorpus,halfA,-,halfA,dim_top10_share,0.1704061336487957
EleutherAI/pythia-160m,1000,bookcorpus,halfA,-,halfA,dim_top100_share,0.45766964461984905
EleutherAI/pythia-160m,1000,bookcorpus,halfA,-,halfA,dim_n_for_50pct,135.0
EleutherAI/pythia-160m,1000,bookcorpus,halfA,-,halfA,dim_n_for_90pct,4878.0
EleutherAI/pythia-160m,1000,bookcorpus,halfA,-,halfA,dim_participation_ratio_frac,0.005473086262098026
EleutherAI/pythia-160m,1000,bookcorpus,halfA,-,halfA,n_live_units,36864.0
EleutherAI/pythia-160m,1000,bookcorpus,halfA,-,halfA,coupling_mean_absr,0.05251754988650447
EleutherAI/pythia-160m,1000,bookcorpus,halfA,-,halfA,coupling_median_absr,0.04116332158446312
EleutherAI/pythia-160m,1000,bookcorpus,halfA,-,halfA,coupling_p90_absr,0.1104244217276574
EleutherAI/pythia-160m,1000,bookcorpus,halfA,-,halfA,coupling_p99_absr,0.2122272072732448
EleutherAI/pythia-160m,1000,bookcorpus,halfA,-,halfA,coupling_frac_absr_gt_0.1,0.12994951878845093
EleutherAI/pythia-160m,1000,bookcorpus,halfA,-,halfA,coupling_frac_absr_gt_0.3,0.002653063673528165
EleutherAI/pythia-160m,1000,bookcorpus,halfA,-,halfA,coupling_concentration_top1pct,0.040775096716610386
EleutherAI/pythia-160m,1000,bookcorpus,halfA,-,halfA,hub_strength_gini,0.14168686845026301
EleutherAI/pythia-160m,1000,bookcorpus,halfA,-,halfA,hub_strength_cv,0.2716857310033625
EleutherAI/pythia-160m,1000,bookcorpus,halfB,-,halfB,dim_participation_ratio,201.16379116577625
EleutherAI/pythia-160m,1000,bookcorpus,halfB,-,halfB,dim_top1_share,0.038543363130077744
EleutherAI/pythia-160m,1000,bookcorpus,halfB,-,halfB,dim_top10_share,0.17034823198471993
EleutherAI/pythia-160m,1000,bookcorpus,halfB,-,halfB,dim_top100_share,0.45810911032608265
EleutherAI/pythia-160m,1000,bookcorpus,halfB,-,halfB,dim_n_for_50pct,135.0
EleutherAI/pythia-160m,1000,bookcorpus,halfB,-,halfB,dim_n_for_90pct,4864.0
EleutherAI/pythia-160m,1000,bookcorpus,halfB,-,halfB,dim_participation_ratio_frac,0.005456917078064677
EleutherAI/pythia-160m,1000,bookcorpus,halfB,-,halfB,n_live_units,36864.0
EleutherAI/pythia-160m,1000,bookcorpus,halfB,-,halfB,coupling_mean_absr,0.05257096059478055
EleutherAI/pythia-160m,1000,bookcorpus,halfB,-,halfB,coupling_median_absr,0.041142046451568604
EleutherAI/pythia-160m,1000,bookcorpus,halfB,-,halfB,coupling_p90_absr,0.11056061238050463
EleutherAI/pythia-160m,1000,bookcorpus,halfB,-,halfB,coupling_p99_absr,0.21295010626316047
EleutherAI/pythia-160m,1000,bookcorpus,halfB,-,halfB,coupling_frac_absr_gt_0.1,0.13045473973313995
EleutherAI/pythia-160m,1000,bookcorpus,halfB,-,halfB,coupling_frac_absr_gt_0.3,0.002694481373337475
EleutherAI/pythia-160m,1000,bookcorpus,halfB,-,halfB,coupling_concentration_top1pct,0.04077280561396884
EleutherAI/pythia-160m,1000,bookcorpus,halfB,-,halfB,hub_strength_gini,0.14221942097128837
EleutherAI/pythia-160m,1000,bookcorpus,halfB,-,halfB,hub_strength_cv,0.2730295802048898
EleutherAI/pythia-160m,1000,bookcorpus,halfA,real,halfA,segregation_within_mean,0.1318802267369561
EleutherAI/pythia-160m,1000,bookcorpus,halfA,real,halfA,segregation_between_mean,0.0515062077759253
EleutherAI/pythia-160m,1000,bookcorpus,halfA,real,halfA,segregation_ratio,2.5604724640317764
EleutherAI/pythia-160m,1000,bookcorpus,halfA,real,halfA,segregation_modularity,0.017443415373328292
EleutherAI/pythia-160m,1000,bookcorpus,halfA,real,halfB,segregation_within_mean,0.13199373597669845
EleutherAI/pythia-160m,1000,bookcorpus,halfA,real,halfB,segregation_between_mean,0.05155885264510159
EleutherAI/pythia-160m,1000,bookcorpus,halfA,real,halfB,segregation_ratio,2.5600596057724467
EleutherAI/pythia-160m,1000,bookcorpus,halfA,real,halfB,segregation_modularity,0.017403548240546265
EleutherAI/pythia-160m,1000,bookcorpus,halfA,null,halfA,segregation_within_mean,0.05653087015268609
EleutherAI/pythia-160m,1000,bookcorpus,halfA,null,halfA,segregation_between_mean,0.05244211670834962
EleutherAI/pythia-160m,1000,bookcorpus,halfA,null,halfA,segregation_ratio,1.0779669796144113
EleutherAI/pythia-160m,1000,bookcorpus,halfA,null,halfA,segregation_modularity,0.0012911012967122813
EleutherAI/pythia-160m,1000,bookcorpus,halfA,null,halfB,segregation_within_mean,0.0565539736055777
EleutherAI/pythia-160m,1000,bookcorpus,halfA,null,halfB,segregation_between_mean,0.05249609707463822
EleutherAI/pythia-160m,1000,bookcorpus,halfA,null,halfB,segregation_ratio,1.0772986327949305
EleutherAI/pythia-160m,1000,bookcorpus,halfA,null,halfB,segregation_modularity,0.0012830646990662628
EleutherAI/pythia-160m,1000,bookcorpus,halfB,real,halfB,segregation_within_mean,0.13175791317490512
EleutherAI/pythia-160m,1000,bookcorpus,halfB,real,halfB,segregation_between_mean,0.05155594500954182
EleutherAI/pythia-160m,1000,bookcorpus,halfB,real,halfB,segregation_ratio,2.5556298725689106
EleutherAI/pythia-160m,1000,bookcorpus,halfB,real,halfB,segregation_modularity,0.017502834902648194
EleutherAI/pythia-160m,1000,bookcorpus,halfB,real,halfA,segregation_within_mean,0.13146922113451617
EleutherAI/pythia-160m,1000,bookcorpus,halfB,real,halfA,segregation_between_mean,0.05150555011972446
EleutherAI/pythia-160m,1000,bookcorpus,halfB,real,halfA,segregation_ratio,2.5525253264729035
EleutherAI/pythia-160m,1000,bookcorpus,halfB,real,halfA,segregation_modularity,0.017500715573169897
EleutherAI/pythia-160m,1000,bookcorpus,halfB,null,halfB,segregation_within_mean,0.056632363458688106
EleutherAI/pythia-160m,1000,bookcorpus,halfB,null,halfB,segregation_between_mean,0.05248687471761889
EleutherAI/pythia-160m,1000,bookcorpus,halfB,null,halfB,segregation_ratio,1.0789814360899193
EleutherAI/pythia-160m,1000,bookcorpus,halfB,null,halfB,segregation_modularity,0.0014543677442229292
EleutherAI/pythia-160m,1000,bookcorpus,halfB,null,halfA,segregation_within_mean,0.05660380431048944
EleutherAI/pythia-160m,1000,bookcorpus,halfB,null,halfA,segregation_between_mean,0.05243294947849998
EleutherAI/pythia-160m,1000,bookcorpus,halfB,null,halfA,segregation_ratio,1.079546446909299
EleutherAI/pythia-160m,1000,bookcorpus,halfB,null,halfA,segregation_modularity,0.0014572417902491096
EleutherAI/pythia-160m,1000,agnews,halfA,-,halfA,act_firing_rate_median,0.2805328369140625
EleutherAI/pythia-160m,1000,agnews,halfA,-,halfA,act_frac_dead,0.0
EleutherAI/pythia-160m,1000,agnews,halfA,-,halfA,act_frac_dense,0.03076171875
EleutherAI/pythia-160m,1000,agnews,halfA,-,halfA,act_firing_rate_gini,0.21510089822109912
EleutherAI/pythia-160m,1000,agnews,halfB,-,halfB,act_firing_rate_median,0.2804285685221354
EleutherAI/pythia-160m,1000,agnews,halfB,-,halfB,act_frac_dead,0.0
EleutherAI/pythia-160m,1000,agnews,halfB,-,halfB,act_frac_dense,0.029947916666666668
EleutherAI/pythia-160m,1000,agnews,halfB,-,halfB,act_firing_rate_gini,0.21467057777521847
EleutherAI/pythia-160m,1000,agnews,-,-,-,lm_loss,5.639804906954216
EleutherAI/pythia-160m,1000,agnews,halfA,-,halfA,dim_participation_ratio,336.9139923447691
EleutherAI/pythia-160m,1000,agnews,halfA,-,halfA,dim_top1_share,0.020661697191192787
EleutherAI/pythia-160m,1000,agnews,halfA,-,halfA,dim_top10_share,0.1224717145065083
EleutherAI/pythia-160m,1000,agnews,halfA,-,halfA,dim_top100_share,0.4081486629610062
EleutherAI/pythia-160m,1000,agnews,halfA,-,halfA,dim_n_for_50pct,191.0
EleutherAI/pythia-160m,1000,agnews,halfA,-,halfA,dim_n_for_90pct,6351.0
EleutherAI/pythia-160m,1000,agnews,halfA,-,halfA,dim_participation_ratio_frac,0.00913937696247746
EleutherAI/pythia-160m,1000,agnews,halfA,-,halfA,n_live_units,36864.0
EleutherAI/pythia-160m,1000,agnews,halfA,-,halfA,coupling_mean_absr,0.04165623006239404
EleutherAI/pythia-160m,1000,agnews,halfA,-,halfA,coupling_median_absr,0.03338141366839409
EleutherAI/pythia-160m,1000,agnews,halfA,-,halfA,coupling_p90_absr,0.08778682351112366
EleutherAI/pythia-160m,1000,agnews,halfA,-,halfA,coupling_p99_absr,0.1565497040748595
EleutherAI/pythia-160m,1000,agnews,halfA,-,halfA,coupling_frac_absr_gt_0.1,0.06655611714782242
EleutherAI/pythia-160m,1000,agnews,halfA,-,halfA,coupling_frac_absr_gt_0.3,0.0001374035450114613
EleutherAI/pythia-160m,1000,agnews,halfA,-,halfA,coupling_concentration_top1pct,0.04133051153619023
EleutherAI/pythia-160m,1000,agnews,halfA,-,halfA,hub_strength_gini,0.0987766072164622
EleutherAI/pythia-160m,1000,agnews,halfA,-,halfA,hub_strength_cv,0.1780092734501098
EleutherAI/pythia-160m,1000,agnews,halfB,-,halfB,dim_participation_ratio,336.93985523224046
EleutherAI/pythia-160m,1000,agnews,halfB,-,halfB,dim_top1_share,0.020705510331259933
EleutherAI/pythia-160m,1000,agnews,halfB,-,halfB,dim_top10_share,0.12239849715528395
EleutherAI/pythia-160m,1000,agnews,halfB,-,halfB,dim_top100_share,0.4081767805188528
EleutherAI/pythia-160m,1000,agnews,halfB,-,halfB,dim_n_for_50pct,191.0
EleutherAI/pythia-160m,1000,agnews,halfB,-,halfB,dim_n_for_90pct,6410.0
EleutherAI/pythia-160m,1000,agnews,halfB,-,halfB,dim_participation_ratio_frac,0.009140078538200968
EleutherAI/pythia-160m,1000,agnews,halfB,-,halfB,n_live_units,36864.0
EleutherAI/pythia-160m,1000,agnews,halfB,-,halfB,coupling_mean_absr,0.0416537812903669
EleutherAI/pythia-160m,1000,agnews,halfB,-,halfB,coupling_median_absr,0.033414892852306366
EleutherAI/pythia-160m,1000,agnews,halfB,-,halfB,coupling_p90_absr,0.08772528767585748
EleutherAI/pythia-160m,1000,agnews,halfB,-,halfB,coupling_p99_absr,0.15645666688680637
EleutherAI/pythia-160m,1000,agnews,halfB,-,halfB,coupling_frac_absr_gt_0.1,0.06647402138818603
EleutherAI/pythia-160m,1000,agnews,halfB,-,halfB,coupling_frac_absr_gt_0.3,0.0001248034196136974
EleutherAI/pythia-160m,1000,agnews,halfB,-,halfB,coupling_concentration_top1pct,0.041326668318308224
EleutherAI/pythia-160m,1000,agnews,halfB,-,halfB,hub_strength_gini,0.09892805890354084
EleutherAI/pythia-160m,1000,agnews,halfB,-,halfB,hub_strength_cv,0.17832854900111172
EleutherAI/pythia-160m,1000,agnews,halfA,real,halfA,segregation_within_mean,0.07879240385048125
EleutherAI/pythia-160m,1000,agnews,halfA,real,halfA,segregation_between_mean,0.04112678775713142
EleutherAI/pythia-160m,1000,agnews,halfA,real,halfA,segregation_ratio,1.9158414295757535
EleutherAI/pythia-160m,1000,agnews,halfA,real,halfA,segregation_modularity,0.013236189504351173
EleutherAI/pythia-160m,1000,agnews,halfA,real,halfB,segregation_within_mean,0.07875029639692156
EleutherAI/pythia-160m,1000,agnews,halfA,real,halfB,segregation_between_mean,0.0411249043886067
EleutherAI/pythia-160m,1000,agnews,halfA,real,halfB,segregation_ratio,1.9149052761989802
EleutherAI/pythia-160m,1000,agnews,halfA,real,halfB,segregation_modularity,0.013218480902319247
EleutherAI/pythia-160m,1000,agnews,halfA,null,halfA,segregation_within_mean,0.04578566628347501
EleutherAI/pythia-160m,1000,agnews,halfA,null,halfA,segregation_between_mean,0.041603264455809696
EleutherAI/pythia-160m,1000,agnews,halfA,null,halfA,segregation_ratio,1.1005306165843738
EleutherAI/pythia-160m,1000,agnews,halfA,null,halfA,segregation_modularity,0.001357300300292457
EleutherAI/pythia-160m,1000,agnews,halfA,null,halfB,segregation_within_mean,0.045681436711984276
EleutherAI/pythia-160m,1000,agnews,halfA,null,halfB,segregation_between_mean,0.04160212115111359
EleutherAI/pythia-160m,1000,agnews,halfA,null,halfB,segregation_ratio,1.0980554704423164
EleutherAI/pythia-160m,1000,agnews,halfA,null,halfB,segregation_modularity,0.0013302467383614095
EleutherAI/pythia-160m,1000,agnews,halfB,real,halfB,segregation_within_mean,0.07862263740082774
EleutherAI/pythia-160m,1000,agnews,halfB,real,halfB,segregation_between_mean,0.04112359643877529
EleutherAI/pythia-160m,1000,agnews,halfB,real,halfB,segregation_ratio,1.9118619043419738
EleutherAI/pythia-160m,1000,agnews,halfB,real,halfB,segregation_modularity,0.013313293434517025
EleutherAI/pythia-160m,1000,agnews,halfB,real,halfA,segregation_within_mean,0.0784584878826305
EleutherAI/pythia-160m,1000,agnews,halfB,real,halfA,segregation_between_mean,0.041128434455532326
EleutherAI/pythia-160m,1000,agnews,halfB,real,halfA,segregation_ratio,1.9076458640179723
EleutherAI/pythia-160m,1000,agnews,halfB,real,halfA,segregation_modularity,0.013257139776944139
EleutherAI/pythia-160m,1000,agnews,halfB,null,halfB,segregation_within_mean,0.04567771548931825
EleutherAI/pythia-160m,1000,agnews,halfB,null,halfB,segregation_between_mean,0.04159986969969066
EleutherAI/pythia-160m,1000,agnews,halfB,null,halfB,segregation_ratio,1.098025446210903
EleutherAI/pythia-160m,1000,agnews,halfB,null,halfB,segregation_modularity,0.0013780745939741541
EleutherAI/pythia-160m,1000,agnews,halfB,null,halfA,segregation_within_mean,0.045738163831071155
EleutherAI/pythia-160m,1000,agnews,halfB,null,halfA,segregation_between_mean,0.04160154141740281
EleutherAI/pythia-160m,1000,agnews,halfB,null,halfA,segregation_ratio,1.0994343544188463
EleutherAI/pythia-160m,1000,agnews,halfB,null,halfA,segregation_modularity,0.001392038249285148
EleutherAI/pythia-160m,1000,tldr17,halfA,-,halfA,act_firing_rate_median,0.27649688720703125
EleutherAI/pythia-160m,1000,tldr17,halfA,-,halfA,act_frac_dead,0.0
EleutherAI/pythia-160m,1000,tldr17,halfA,-,halfA,act_frac_dense,0.024115668402777776
EleutherAI/pythia-160m,1000,tldr17,halfA,-,halfA,act_firing_rate_gini,0.2109446887836084
EleutherAI/pythia-160m,1000,tldr17,halfB,-,halfB,act_firing_rate_median,0.2759602864583333
EleutherAI/pythia-160m,1000,tldr17,halfB,-,halfB,act_frac_dead,0.0
EleutherAI/pythia-160m,1000,tldr17,halfB,-,halfB,act_frac_dense,0.02587890625
EleutherAI/pythia-160m,1000,tldr17,halfB,-,halfB,act_firing_rate_gini,0.2137253899453868
EleutherAI/pythia-160m,1000,tldr17,-,-,-,lm_loss,4.602023222868944
EleutherAI/pythia-160m,1000,tldr17,halfA,-,halfA,dim_participation_ratio,290.5897705682207
EleutherAI/pythia-160m,1000,tldr17,halfA,-,halfA,dim_top1_share,0.02186226059917181
EleutherAI/pythia-160m,1000,tldr17,halfA,-,halfA,dim_top10_share,0.13568721453278154
EleutherAI/pythia-160m,1000,tldr17,halfA,-,halfA,dim_top100_share,0.43352475200528223
EleutherAI/pythia-160m,1000,tldr17,halfA,-,halfA,dim_n_for_50pct,156.0
EleutherAI/pythia-160m,1000,tldr17,halfA,-,halfA,dim_n_for_90pct,5669.0
EleutherAI/pythia-160m,1000,tldr17,halfA,-,halfA,dim_participation_ratio_frac,0.007882752022792445
EleutherAI/pythia-160m,1000,tldr17,halfA,-,halfA,n_live_units,36864.0
EleutherAI/pythia-160m,1000,tldr17,halfA,-,halfA,coupling_mean_absr,0.04468767032259997
EleutherAI/pythia-160m,1000,tldr17,halfA,-,halfA,coupling_median_absr,0.03573281690478325
EleutherAI/pythia-160m,1000,tldr17,halfA,-,halfA,coupling_p90_absr,0.09385041147470474
EleutherAI/pythia-160m,1000,tldr17,halfA,-,halfA,coupling_p99_absr,0.16958342045545566
EleutherAI/pythia-160m,1000,tldr17,halfA,-,halfA,coupling_frac_absr_gt_0.1,0.08276353529921072
EleutherAI/pythia-160m,1000,tldr17,halfA,-,halfA,coupling_frac_absr_gt_0.3,0.00043981134713275605
EleutherAI/pythia-160m,1000,tldr17,halfA,-,halfA,coupling_concentration_top1pct,0.04150180547169065
EleutherAI/pythia-160m,1000,tldr17,halfA,-,halfA,hub_strength_gini,0.10361052756734046
EleutherAI/pythia-160m,1000,tldr17,halfA,-,halfA,hub_strength_cv,0.1906337440984619
EleutherAI/pythia-160m,1000,tldr17,halfB,-,halfB,dim_participation_ratio,285.8945013794001
EleutherAI/pythia-160m,1000,tldr17,halfB,-,halfB,dim_top1_share,0.02243048342605127
EleutherAI/pythia-160m,1000,tldr17,halfB,-,halfB,dim_top10_share,0.13703610284763065
EleutherAI/pythia-160m,1000,tldr17,halfB,-,halfB,dim_top100_share,0.43503916959376643
EleutherAI/pythia-160m,1000,tldr17,halfB,-,halfB,dim_n_for_50pct,155.0
EleutherAI/pythia-160m,1000,tldr17,halfB,-,halfB,dim_n_for_90pct,5609.0
EleutherAI/pythia-160m,1000,tldr17,halfB,-,halfB,dim_participation_ratio_frac,0.007755384694536678
EleutherAI/pythia-160m,1000,tldr17,halfB,-,halfB,n_live_units,36864.0
EleutherAI/pythia-160m,1000,tldr17,halfB,-,halfB,coupling_mean_absr,0.045014382587763496
EleutherAI/pythia-160m,1000,tldr17,halfB,-,halfB,coupling_median_absr,0.035911306738853455
EleutherAI/pythia-160m,1000,tldr17,halfB,-,halfB,coupling_p90_absr,0.09464040547609337
EleutherAI/pythia-160m,1000,tldr17,halfB,-,halfB,coupling_p99_absr,0.17116971641778897
EleutherAI/pythia-160m,1000,tldr17,halfB,-,halfB,coupling_frac_absr_gt_0.1,0.08475353919768186
EleutherAI/pythia-160m,1000,tldr17,halfB,-,halfB,coupling_frac_absr_gt_0.3,0.00048701344157098736
EleutherAI/pythia-160m,1000,tldr17,halfB,-,halfB,coupling_concentration_top1pct,0.041478316514571296
EleutherAI/pythia-160m,1000,tldr17,halfB,-,halfB,hub_strength_gini,0.10544814481719889
EleutherAI/pythia-160m,1000,tldr17,halfB,-,halfB,hub_strength_cv,0.1942165612042207
EleutherAI/pythia-160m,1000,tldr17,halfA,real,halfA,segregation_within_mean,0.09459839812736032
EleutherAI/pythia-160m,1000,tldr17,halfA,real,halfA,segregation_between_mean,0.044066457094190555
EleutherAI/pythia-160m,1000,tldr17,halfA,real,halfA,segregation_ratio,2.1467212107649014
EleutherAI/pythia-160m,1000,tldr17,halfA,real,halfA,segregation_modularity,0.014072473577700256
EleutherAI/pythia-160m,1000,tldr17,halfA,real,halfB,segregation_within_mean,0.09542328376200758
EleutherAI/pythia-160m,1000,tldr17,halfA,real,halfB,segregation_between_mean,0.044386968843736246
EleutherAI/pythia-160m,1000,tldr17,halfA,real,halfB,segregation_ratio,2.149804013379333
EleutherAI/pythia-160m,1000,tldr17,halfA,real,halfB,segregation_modularity,0.014103504728279674
EleutherAI/pythia-160m,1000,tldr17,halfA,null,halfA,segregation_within_mean,0.04906901027584531
EleutherAI/pythia-160m,1000,tldr17,halfA,null,halfA,segregation_between_mean,0.04452735411465255
EleutherAI/pythia-160m,1000,tldr17,halfA,null,halfA,segregation_ratio,1.1019969915458832
EleutherAI/pythia-160m,1000,tldr17,halfA,null,halfA,segregation_modularity,0.004875259180645712
EleutherAI/pythia-160m,1000,tldr17,halfA,null,halfB,segregation_within_mean,0.04938619714373869
EleutherAI/pythia-160m,1000,tldr17,halfA,null,halfB,segregation_between_mean,0.044854414920939556
EleutherAI/pythia-160m,1000,tldr17,halfA,null,halfB,segregation_ratio,1.1010331364434662
EleutherAI/pythia-160m,1000,tldr17,halfA,null,halfB,segregation_modularity,0.00478341632259347
EleutherAI/pythia-160m,1000,tldr17,halfB,real,halfB,segregation_within_mean,0.09464546398313692
EleutherAI/pythia-160m,1000,tldr17,halfB,real,halfB,segregation_between_mean,0.0443887661582662
EleutherAI/pythia-160m,1000,tldr17,halfB,real,halfB,segregation_ratio,2.132194070132129
EleutherAI/pythia-160m,1000,tldr17,halfB,real,halfB,segregation_modularity,0.01407872528365636
EleutherAI/pythia-160m,1000,tldr17,halfB,real,halfA,segregation_within_mean,0.09332067012211819
EleutherAI/pythia-160m,1000,tldr17,halfB,real,halfA,segregation_between_mean,0.04407463504055441
EleutherAI/pythia-160m,1000,tldr17,halfB,real,halfA,segregation_ratio,2.117332793255146
EleutherAI/pythia-160m,1000,tldr17,halfB,real,halfA,segregation_modularity,0.013901989992204662
EleutherAI/pythia-160m,1000,tldr17,halfB,null,halfB,segregation_within_mean,0.04909772493638455
EleutherAI/pythia-160m,1000,tldr17,halfB,null,halfB,segregation_between_mean,0.04491216132839678
EleutherAI/pythia-160m,1000,tldr17,halfB,null,halfB,segregation_ratio,1.0931944374126867
EleutherAI/pythia-160m,1000,tldr17,halfB,null,halfB,segregation_modularity,0.002856068438675905
EleutherAI/pythia-160m,1000,tldr17,halfB,null,halfA,segregation_within_mean,0.04879152597084936
EleutherAI/pythia-160m,1000,tldr17,halfB,null,halfA,segregation_between_mean,0.04458493554536948
EleutherAI/pythia-160m,1000,tldr17,halfB,null,halfA,segregation_ratio,1.0943500394028667
EleutherAI/pythia-160m,1000,tldr17,halfB,null,halfA,segregation_modularity,0.0028965972926946843
EleutherAI/pythia-160m,143000,wikitext,halfA,-,halfA,act_firing_rate_median,0.15707906087239581
EleutherAI/pythia-160m,143000,wikitext,halfA,-,halfA,act_frac_dead,0.0004069010416666667
EleutherAI/pythia-160m,143000,wikitext,halfA,-,halfA,act_frac_dense,0.032769097222222224
EleutherAI/pythia-160m,143000,wikitext,halfA,-,halfA,act_firing_rate_gini,0.3869364809424254
EleutherAI/pythia-160m,143000,wikitext,halfB,-,halfB,act_firing_rate_median,0.15738169352213544
EleutherAI/pythia-160m,143000,wikitext,halfB,-,halfB,act_frac_dead,0.00043402777777777775
EleutherAI/pythia-160m,143000,wikitext,halfB,-,halfB,act_frac_dense,0.032552083333333336
EleutherAI/pythia-160m,143000,wikitext,halfB,-,halfB,act_firing_rate_gini,0.3866001869061746
EleutherAI/pythia-160m,143000,wikitext,-,-,-,lm_loss,3.8467259582879234
EleutherAI/pythia-160m,143000,wikitext,halfA,-,halfA,dim_participation_ratio,412.5377360747423
EleutherAI/pythia-160m,143000,wikitext,halfA,-,halfA,dim_top1_share,0.02441967216192935
EleutherAI/pythia-160m,143000,wikitext,halfA,-,halfA,dim_top10_share,0.11854350052221403
EleutherAI/pythia-160m,143000,wikitext,halfA,-,halfA,dim_top100_share,0.3234163142242498
EleutherAI/pythia-160m,143000,wikitext,halfA,-,halfA,dim_n_for_50pct,495.0
EleutherAI/pythia-160m,143000,wikitext,halfA,-,halfA,dim_n_for_90pct,11188.0
EleutherAI/pythia-160m,143000,wikitext,halfA,-,halfA,dim_participation_ratio_frac,0.011190802302374738
EleutherAI/pythia-160m,143000,wikitext,halfA,-,halfA,n_live_units,36864.0
EleutherAI/pythia-160m,143000,wikitext,halfA,-,halfA,coupling_mean_absr,0.03465276098709476
EleutherAI/pythia-160m,143000,wikitext,halfA,-,halfA,coupling_median_absr,0.024807969108223915
EleutherAI/pythia-160m,143000,wikitext,halfA,-,halfA,coupling_p90_absr,0.07613428682088852
EleutherAI/pythia-160m,143000,wikitext,halfA,-,halfA,coupling_p99_absr,0.16427793800830826
EleutherAI/pythia-160m,143000,wikitext,halfA,-,halfA,coupling_frac_absr_gt_0.1,0.049693201348278024
EleutherAI/pythia-160m,143000,wikitext,halfA,-,halfA,coupling_frac_absr_gt_0.3,0.0005050142414016075
EleutherAI/pythia-160m,143000,wikitext,halfA,-,halfA,coupling_concentration_top1pct,0.04822007319218988
EleutherAI/pythia-160m,143000,wikitext,halfA,-,halfA,hub_strength_gini,0.1697586230265733
EleutherAI/pythia-160m,143000,wikitext,halfA,-,halfA,hub_strength_cv,0.30442122399013305
EleutherAI/pythia-160m,143000,wikitext,halfB,-,halfB,dim_participation_ratio,413.608961628039
EleutherAI/pythia-160m,143000,wikitext,halfB,-,halfB,dim_top1_share,0.024407622015632135
EleutherAI/pythia-160m,143000,wikitext,halfB,-,halfB,dim_top10_share,0.11841344120311596
EleutherAI/pythia-160m,143000,wikitext,halfB,-,halfB,dim_top100_share,0.32314525253307935
EleutherAI/pythia-160m,143000,wikitext,halfB,-,halfB,dim_n_for_50pct,495.0
EleutherAI/pythia-160m,143000,wikitext,halfB,-,halfB,dim_n_for_90pct,11194.0
EleutherAI/pythia-160m,143000,wikitext,halfB,-,halfB,dim_participation_ratio_frac,0.011219861155274496
EleutherAI/pythia-160m,143000,wikitext,halfB,-,halfB,n_live_units,36864.0
EleutherAI/pythia-160m,143000,wikitext,halfB,-,halfB,coupling_mean_absr,0.03460163376261451
EleutherAI/pythia-160m,143000,wikitext,halfB,-,halfB,coupling_median_absr,0.024817805737257004
EleutherAI/pythia-160m,143000,wikitext,halfB,-,halfB,coupling_p90_absr,0.07609356939792633
EleutherAI/pythia-160m,143000,wikitext,halfB,-,halfB,coupling_p99_absr,0.16378778219223036
EleutherAI/pythia-160m,143000,wikitext,halfB,-,halfB,coupling_frac_absr_gt_0.1,0.04955477762281792
EleutherAI/pythia-160m,143000,wikitext,halfB,-,halfB,coupling_frac_absr_gt_0.3,0.0005058140616309133
EleutherAI/pythia-160m,143000,wikitext,halfB,-,halfB,coupling_concentration_top1pct,0.048247684954513745
EleutherAI/pythia-160m,143000,wikitext,halfB,-,halfB,hub_strength_gini,0.16975112835961292
EleutherAI/pythia-160m,143000,wikitext,halfB,-,halfB,hub_strength_cv,0.30471725870736605
EleutherAI/pythia-160m,143000,wikitext,halfA,real,halfA,segregation_within_mean,0.1186464799184725
EleutherAI/pythia-160m,143000,wikitext,halfA,real,halfA,segregation_between_mean,0.03351231058356229
EleutherAI/pythia-160m,143000,wikitext,halfA,real,halfA,segregation_ratio,3.5403849466789175
EleutherAI/pythia-160m,143000,wikitext,halfA,real,halfA,segregation_modularity,0.030763248084050596
EleutherAI/pythia-160m,143000,wikitext,halfA,real,halfB,segregation_within_mean,0.11807775911331737
EleutherAI/pythia-160m,143000,wikitext,halfA,real,halfB,segregation_between_mean,0.033468211144071315
EleutherAI/pythia-160m,143000,wikitext,halfA,real,halfB,segregation_ratio,3.528057074966617
EleutherAI/pythia-160m,143000,wikitext,halfA,real,halfB,segregation_modularity,0.03058438238634522
EleutherAI/pythia-160m,143000,wikitext,halfA,null,halfA,segregation_within_mean,0.03950216022912335
EleutherAI/pythia-160m,143000,wikitext,halfA,null,halfA,segregation_between_mean,0.03457552293817149
EleutherAI/pythia-160m,143000,wikitext,halfA,null,halfA,segregation_ratio,1.142489162051482
EleutherAI/pythia-160m,143000,wikitext,halfA,null,halfA,segregation_modularity,0.0033312917290132097
EleutherAI/pythia-160m,143000,wikitext,halfA,null,halfB,segregation_within_mean,0.039465640713798836
EleutherAI/pythia-160m,143000,wikitext,halfA,null,halfB,segregation_between_mean,0.03452416305648899
EleutherAI/pythia-160m,143000,wikitext,halfA,null,halfB,segregation_ratio,1.1431309905825817
EleutherAI/pythia-160m,143000,wikitext,halfA,null,halfB,segregation_modularity,0.0033095599535348493
EleutherAI/pythia-160m,143000,wikitext,halfB,real,halfB,segregation_within_mean,0.11702106500984354
EleutherAI/pythia-160m,143000,wikitext,halfB,real,halfB,segregation_between_mean,0.03346947528523949
EleutherAI/pythia-160m,143000,wikitext,halfB,real,halfB,segregation_ratio,3.4963519449452343
EleutherAI/pythia-160m,143000,wikitext,halfB,real,halfB,segregation_modularity,0.030615698525004058
EleutherAI/pythia-160m,143000,wikitext,halfB,real,halfA,segregation_within_mean,0.11697958242671337
EleutherAI/pythia-160m,143000,wikitext,halfB,real,halfA,segregation_between_mean,0.03352187464884947
EleutherAI/pythia-160m,143000,wikitext,halfB,real,halfA,segregation_ratio,3.48964918138098
EleutherAI/pythia-160m,143000,wikitext,halfB,real,halfA,segregation_modularity,0.030561548252181426
EleutherAI/pythia-160m,143000,wikitext,halfB,null,halfB,segregation_within_mean,0.04049778792384623
EleutherAI/pythia-160m,143000,wikitext,halfB,null,halfB,segregation_between_mean,0.03450008670169465
EleutherAI/pythia-160m,143000,wikitext,halfB,null,halfB,segregation_ratio,1.1738459753452437
EleutherAI/pythia-160m,143000,wikitext,halfB,null,halfB,segregation_modularity,0.004143967928494312
EleutherAI/pythia-160m,143000,wikitext,halfB,null,halfA,segregation_within_mean,0.04050326640938372
EleutherAI/pythia-160m,143000,wikitext,halfB,null,halfA,segregation_between_mean,0.03455200011705804
EleutherAI/pythia-160m,143000,wikitext,halfB,null,halfA,segregation_ratio,1.1722408622413607
EleutherAI/pythia-160m,143000,wikitext,halfB,null,halfA,segregation_modularity,0.004153642452535875
EleutherAI/pythia-160m,143000,bookcorpus,halfA,-,halfA,act_firing_rate_median,0.15256245930989581
EleutherAI/pythia-160m,143000,bookcorpus,halfA,-,halfA,act_frac_dead,0.002875434027777778
EleutherAI/pythia-160m,143000,bookcorpus,halfA,-,halfA,act_frac_dense,0.045166015625
EleutherAI/pythia-160m,143000,bookcorpus,halfA,-,halfA,act_firing_rate_gini,0.4233991103690513
EleutherAI/pythia-160m,143000,bookcorpus,halfB,-,halfB,act_firing_rate_median,0.152435302734375
EleutherAI/pythia-160m,143000,bookcorpus,halfB,-,halfB,act_frac_dead,0.0030381944444444445
EleutherAI/pythia-160m,143000,bookcorpus,halfB,-,halfB,act_frac_dense,0.04527452256944445
EleutherAI/pythia-160m,143000,bookcorpus,halfB,-,halfB,act_firing_rate_gini,0.4239239817954781
EleutherAI/pythia-160m,143000,bookcorpus,-,-,-,lm_loss,4.369810688921231
EleutherAI/pythia-160m,143000,bookcorpus,halfA,-,halfA,dim_participation_ratio,304.1234386660638
EleutherAI/pythia-160m,143000,bookcorpus,halfA,-,halfA,dim_top1_share,0.03253402175813627
EleutherAI/pythia-160m,143000,bookcorpus,halfA,-,halfA,dim_top10_share,0.1421500682735
EleutherAI/pythia-160m,143000,bookcorpus,halfA,-,halfA,dim_top100_share,0.3466848621762168
EleutherAI/pythia-160m,143000,bookcorpus,halfA,-,halfA,dim_n_for_50pct,371.0
EleutherAI/pythia-160m,143000,bookcorpus,halfA,-,halfA,dim_n_for_90pct,9601.0
EleutherAI/pythia-160m,143000,bookcorpus,halfA,-,halfA,dim_participation_ratio_frac,0.008249876265897998
EleutherAI/pythia-160m,143000,bookcorpus,halfA,-,halfA,n_live_units,36864.0
EleutherAI/pythia-160m,143000,bookcorpus,halfA,-,halfA,coupling_mean_absr,0.04068235482086634
EleutherAI/pythia-160m,143000,bookcorpus,halfA,-,halfA,coupling_median_absr,0.029392052441835403
EleutherAI/pythia-160m,143000,bookcorpus,halfA,-,halfA,coupling_p90_absr,0.08930341005325321
EleutherAI/pythia-160m,143000,bookcorpus,halfA,-,halfA,coupling_p99_absr,0.18731326773762702
EleutherAI/pythia-160m,143000,bookcorpus,halfA,-,halfA,coupling_frac_absr_gt_0.1,0.07560501452034848
EleutherAI/pythia-160m,143000,bookcorpus,halfA,-,halfA,coupling_frac_absr_gt_0.3,0.001263630327127851
EleutherAI/pythia-160m,143000,bookcorpus,halfA,-,halfA,coupling_concentration_top1pct,0.04609032638910015
EleutherAI/pythia-160m,143000,bookcorpus,halfA,-,halfA,hub_strength_gini,0.18068123754962162
EleutherAI/pythia-160m,143000,bookcorpus,halfA,-,halfA,hub_strength_cv,0.335728914069855
EleutherAI/pythia-160m,143000,bookcorpus,halfB,-,halfB,dim_participation_ratio,303.513515341387
EleutherAI/pythia-160m,143000,bookcorpus,halfB,-,halfB,dim_top1_share,0.032654896042451934
EleutherAI/pythia-160m,143000,bookcorpus,halfB,-,halfB,dim_top10_share,0.14218261345262037
EleutherAI/pythia-160m,143000,bookcorpus,halfB,-,halfB,dim_top100_share,0.3467854730360066
EleutherAI/pythia-160m,143000,bookcorpus,halfB,-,halfB,dim_n_for_50pct,370.0
EleutherAI/pythia-160m,143000,bookcorpus,halfB,-,halfB,dim_n_for_90pct,9608.0
EleutherAI/pythia-160m,143000,bookcorpus,halfB,-,halfB,dim_participation_ratio_frac,0.008233554386278572
EleutherAI/pythia-160m,143000,bookcorpus,halfB,-,halfB,n_live_units,36863.0
EleutherAI/pythia-160m,143000,bookcorpus,halfB,-,halfB,coupling_mean_absr,0.04070604561986186
EleutherAI/pythia-160m,143000,bookcorpus,halfB,-,halfB,coupling_median_absr,0.0294035654515028
EleutherAI/pythia-160m,143000,bookcorpus,halfB,-,halfB,coupling_p90_absr,0.08936881422996523
EleutherAI/pythia-160m,143000,bookcorpus,halfB,-,halfB,coupling_p99_absr,0.18724839866161302
EleutherAI/pythia-160m,143000,bookcorpus,halfB,-,halfB,coupling_frac_absr_gt_0.1,0.0757490876224462
EleutherAI/pythia-160m,143000,bookcorpus,halfB,-,halfB,coupling_frac_absr_gt_0.3,0.0012980392007838637
EleutherAI/pythia-160m,143000,bookcorpus,halfB,-,halfB,coupling_concentration_top1pct,0.04611208805994357
EleutherAI/pythia-160m,143000,bookcorpus,halfB,-,halfB,hub_strength_gini,0.18096077341205752
EleutherAI/pythia-160m,143000,bookcorpus,halfB,-,halfB,hub_strength_cv,0.33675187349450214
EleutherAI/pythia-160m,143000,bookcorpus,halfA,real,halfA,segregation_within_mean,0.1271321784914937
EleutherAI/pythia-160m,143000,bookcorpus,halfA,real,halfA,segregation_between_mean,0.03954218902271083
EleutherAI/pythia-160m,143000,bookcorpus,halfA,real,halfA,segregation_ratio,3.2151021891700546
EleutherAI/pythia-160m,143000,bookcorpus,halfA,real,halfA,segregation_modularity,0.025788140287903334
EleutherAI/pythia-160m,143000,bookcorpus,halfA,real,halfB,segregation_within_mean,0.12709977156473318
EleutherAI/pythia-160m,143000,bookcorpus,halfA,real,halfB,segregation_between_mean,0.03956661967595739
EleutherAI/pythia-160m,143000,bookcorpus,halfA,real,halfB,segregation_ratio,3.2122979573603856
EleutherAI/pythia-160m,143000,bookcorpus,halfA,real,halfB,segregation_modularity,0.02574659537363575
EleutherAI/pythia-160m,143000,bookcorpus,halfA,null,halfA,segregation_within_mean,0.04300621490757134
EleutherAI/pythia-160m,143000,bookcorpus,halfA,null,halfA,segregation_between_mean,0.040610686190009834
EleutherAI/pythia-160m,143000,bookcorpus,halfA,null,halfA,segregation_ratio,1.0589876444429742
EleutherAI/pythia-160m,143000,bookcorpus,halfA,null,halfA,segregation_modularity,0.004132762115410058
EleutherAI/pythia-160m,143000,bookcorpus,halfA,null,halfB,segregation_within_mean,0.04300482336084717
EleutherAI/pythia-160m,143000,bookcorpus,halfA,null,halfB,segregation_between_mean,0.04063515053632118
EleutherAI/pythia-160m,143000,bookcorpus,halfA,null,halfB,segregation_ratio,1.0583158372308206
EleutherAI/pythia-160m,143000,bookcorpus,halfA,null,halfB,segregation_modularity,0.004117220373185531
EleutherAI/pythia-160m,143000,bookcorpus,halfB,real,halfB,segregation_within_mean,0.1263081522639485
EleutherAI/pythia-160m,143000,bookcorpus,halfB,real,halfB,segregation_between_mean,0.03959183627144128
EleutherAI/pythia-160m,143000,bookcorpus,halfB,real,halfB,segregation_ratio,3.190257491417699
EleutherAI/pythia-160m,143000,bookcorpus,halfB,real,halfB,segregation_modularity,0.02516453622396573
EleutherAI/pythia-160m,143000,bookcorpus,halfB,real,halfA,segregation_within_mean,0.12619011271047276
EleutherAI/pythia-160m,143000,bookcorpus,halfB,real,halfA,segregation_between_mean,0.039569373528713064
EleutherAI/pythia-160m,143000,bookcorpus,halfB,real,halfA,segregation_ratio,3.1890854329271687
EleutherAI/pythia-160m,143000,bookcorpus,halfB,real,halfA,segregation_modularity,0.02515969240846997
EleutherAI/pythia-160m,143000,bookcorpus,halfB,null,halfB,segregation_within_mean,0.04279288601573974
EleutherAI/pythia-160m,143000,bookcorpus,halfB,null,halfB,segregation_between_mean,0.04064245177969341
EleutherAI/pythia-160m,143000,bookcorpus,halfB,null,halfB,segregation_ratio,1.0529110361673792
EleutherAI/pythia-160m,143000,bookcorpus,halfB,null,halfB,segregation_modularity,0.004058830920416646
EleutherAI/pythia-160m,143000,bookcorpus,halfB,null,halfA,segregation_within_mean,0.042789222215655544
EleutherAI/pythia-160m,143000,bookcorpus,halfB,null,halfA,segregation_between_mean,0.04061815068013755
EleutherAI/pythia-160m,143000,bookcorpus,halfB,null,halfA,segregation_ratio,1.0534507726020046
EleutherAI/pythia-160m,143000,bookcorpus,halfB,null,halfA,segregation_modularity,0.0040700372553083035
EleutherAI/pythia-160m,143000,agnews,halfA,-,halfA,act_firing_rate_median,0.16546376546223956
EleutherAI/pythia-160m,143000,agnews,halfA,-,halfA,act_frac_dead,0.0005154079861111111
EleutherAI/pythia-160m,143000,agnews,halfA,-,halfA,act_frac_dense,0.033393012152777776
EleutherAI/pythia-160m,143000,agnews,halfA,-,halfA,act_firing_rate_gini,0.38699695581636684
EleutherAI/pythia-160m,143000,agnews,halfB,-,halfB,act_firing_rate_median,0.16537984212239581
EleutherAI/pythia-160m,143000,agnews,halfB,-,halfB,act_frac_dead,0.0004611545138888889
EleutherAI/pythia-160m,143000,agnews,halfB,-,halfB,act_frac_dense,0.03309461805555555
EleutherAI/pythia-160m,143000,agnews,halfB,-,halfB,act_firing_rate_gini,0.38655593573619185
EleutherAI/pythia-160m,143000,agnews,-,-,-,lm_loss,4.137030787787725
EleutherAI/pythia-160m,143000,agnews,halfA,-,halfA,dim_participation_ratio,472.4588315115222
EleutherAI/pythia-160m,143000,agnews,halfA,-,halfA,dim_top1_share,0.01965132031631102
EleutherAI/pythia-160m,143000,agnews,halfA,-,halfA,dim_top10_share,0.11042642609844637
EleutherAI/pythia-160m,143000,agnews,halfA,-,halfA,dim_top100_share,0.31319500928449134
EleutherAI/pythia-160m,143000,agnews,halfA,-,halfA,dim_n_for_50pct,494.0
EleutherAI/pythia-160m,143000,agnews,halfA,-,halfA,dim_n_for_90pct,10796.0
EleutherAI/pythia-160m,143000,agnews,halfA,-,halfA,dim_participation_ratio_frac,0.012816266045776969
EleutherAI/pythia-160m,143000,agnews,halfA,-,halfA,n_live_units,36864.0
EleutherAI/pythia-160m,143000,agnews,halfA,-,halfA,coupling_mean_absr,0.0322972024506154
EleutherAI/pythia-160m,143000,agnews,halfA,-,halfA,coupling_median_absr,0.023098492994904518
EleutherAI/pythia-160m,143000,agnews,halfA,-,halfA,coupling_p90_absr,0.07089701294898987
EleutherAI/pythia-160m,143000,agnews,halfA,-,halfA,coupling_p99_absr,0.15525939464569077
EleutherAI/pythia-160m,143000,agnews,halfA,-,halfA,coupling_frac_absr_gt_0.1,0.041598873250929876
EleutherAI/pythia-160m,143000,agnews,halfA,-,halfA,coupling_frac_absr_gt_0.3,0.0002884074409119755
EleutherAI/pythia-160m,143000,agnews,halfA,-,halfA,coupling_concentration_top1pct,0.04888544576065311
EleutherAI/pythia-160m,143000,agnews,halfA,-,halfA,hub_strength_gini,0.16415945984805447
EleutherAI/pythia-160m,143000,agnews,halfA,-,halfA,hub_strength_cv,0.29149866156433857
EleutherAI/pythia-160m,143000,agnews,halfB,-,halfB,dim_participation_ratio,473.0610441802063
EleutherAI/pythia-160m,143000,agnews,halfB,-,halfB,dim_top1_share,0.019736404294239864
EleutherAI/pythia-160m,143000,agnews,halfB,-,halfB,dim_top10_share,0.11030695834801484
EleutherAI/pythia-160m,143000,agnews,halfB,-,halfB,dim_top100_share,0.31306928875534423
EleutherAI/pythia-160m,143000,agnews,halfB,-,halfB,dim_n_for_50pct,501.0
EleutherAI/pythia-160m,143000,agnews,halfB,-,halfB,dim_n_for_90pct,10876.0
EleutherAI/pythia-160m,143000,agnews,halfB,-,halfB,dim_participation_ratio_frac,0.012832602109923132
EleutherAI/pythia-160m,143000,agnews,halfB,-,halfB,n_live_units,36864.0
EleutherAI/pythia-160m,143000,agnews,halfB,-,halfB,coupling_mean_absr,0.0322733202281964
EleutherAI/pythia-160m,143000,agnews,halfB,-,halfB,coupling_median_absr,0.023100024089217186
EleutherAI/pythia-160m,143000,agnews,halfB,-,halfB,coupling_p90_absr,0.07087053209543226
EleutherAI/pythia-160m,143000,agnews,halfB,-,halfB,coupling_p99_absr,0.15564750880002953
EleutherAI/pythia-160m,143000,agnews,halfB,-,halfB,coupling_frac_absr_gt_0.1,0.04164614110426626
EleutherAI/pythia-160m,143000,agnews,halfB,-,halfB,coupling_frac_absr_gt_0.3,0.0002812077050911195
EleutherAI/pythia-160m,143000,agnews,halfB,-,halfB,coupling_concentration_top1pct,0.048901740756914384
EleutherAI/pythia-160m,143000,agnews,halfB,-,halfB,hub_strength_gini,0.1643267674312805
EleutherAI/pythia-160m,143000,agnews,halfB,-,halfB,hub_strength_cv,0.291934231038523
EleutherAI/pythia-160m,143000,agnews,halfA,real,halfA,segregation_within_mean,0.10179762503108224
EleutherAI/pythia-160m,143000,agnews,halfA,real,halfA,segregation_between_mean,0.03130279881307482
EleutherAI/pythia-160m,143000,agnews,halfA,real,halfA,segregation_ratio,3.2520294954763767
EleutherAI/pythia-160m,143000,agnews,halfA,real,halfA,segregation_modularity,0.030186782813978623
EleutherAI/pythia-160m,143000,agnews,halfA,real,halfB,segregation_within_mean,0.10162645641487277
EleutherAI/pythia-160m,143000,agnews,halfA,real,halfB,segregation_between_mean,0.03128102394256848
EleutherAI/pythia-160m,143000,agnews,halfA,real,halfB,segregation_ratio,3.24882128543674
EleutherAI/pythia-160m,143000,agnews,halfA,real,halfB,segregation_modularity,0.030142301642878823
EleutherAI/pythia-160m,143000,agnews,halfA,null,halfA,segregation_within_mean,0.03670456687046967
EleutherAI/pythia-160m,143000,agnews,halfA,null,halfA,segregation_between_mean,0.032231996519550256
EleutherAI/pythia-160m,143000,agnews,halfA,null,halfA,segregation_ratio,1.1387618153969017
EleutherAI/pythia-160m,143000,agnews,halfA,null,halfA,segregation_modularity,0.0028507475136716025
EleutherAI/pythia-160m,143000,agnews,halfA,null,halfB,segregation_within_mean,0.03665851917811199
EleutherAI/pythia-160m,143000,agnews,halfA,null,halfB,segregation_between_mean,0.03220844223373254
EleutherAI/pythia-160m,143000,agnews,halfA,null,halfB,segregation_ratio,1.1381649230995345
EleutherAI/pythia-160m,143000,agnews,halfA,null,halfB,segregation_modularity,0.0028341791482575165
EleutherAI/pythia-160m,143000,agnews,halfB,real,halfB,segregation_within_mean,0.10248972161841716
EleutherAI/pythia-160m,143000,agnews,halfB,real,halfB,segregation_between_mean,0.0312842389709547
EleutherAI/pythia-160m,143000,agnews,halfB,real,halfB,segregation_ratio,3.276081662512933
EleutherAI/pythia-160m,143000,agnews,halfB,real,halfB,segregation_modularity,0.030038309749208257
EleutherAI/pythia-160m,143000,agnews,halfB,real,halfA,segregation_within_mean,0.10234973629981928
EleutherAI/pythia-160m,143000,agnews,halfB,real,halfA,segregation_between_mean,0.03131042946069481
EleutherAI/pythia-160m,143000,agnews,halfB,real,halfA,segregation_ratio,3.2688704071690506
EleutherAI/pythia-160m,143000,agnews,halfB,real,halfA,segregation_modularity,0.02994693277085199
EleutherAI/pythia-160m,143000,agnews,halfB,null,halfB,segregation_within_mean,0.036633792993900766
EleutherAI/pythia-160m,143000,agnews,halfB,null,halfB,segregation_between_mean,0.03220823600133608
EleutherAI/pythia-160m,143000,agnews,halfB,null,halfB,segregation_ratio,1.137404513317063
EleutherAI/pythia-160m,143000,agnews,halfB,null,halfB,segregation_modularity,0.002900336387119055
EleutherAI/pythia-160m,143000,agnews,halfB,null,halfA,segregation_within_mean,0.03666205807900098
EleutherAI/pythia-160m,143000,agnews,halfB,null,halfA,segregation_between_mean,0.03223205280461882
EleutherAI/pythia-160m,143000,agnews,halfB,null,halfA,segregation_ratio,1.1374409908433551
EleutherAI/pythia-160m,143000,agnews,halfB,null,halfA,segregation_modularity,0.0029083122880867607
EleutherAI/pythia-160m,143000,tldr17,halfA,-,halfA,act_firing_rate_median,0.15346781412760416
EleutherAI/pythia-160m,143000,tldr17,halfA,-,halfA,act_frac_dead,0.0005967881944444445
EleutherAI/pythia-160m,143000,tldr17,halfA,-,halfA,act_frac_dense,0.03626844618055555
EleutherAI/pythia-160m,143000,tldr17,halfA,-,halfA,act_firing_rate_gini,0.40878096266747166
EleutherAI/pythia-160m,143000,tldr17,halfB,-,halfB,act_firing_rate_median,0.15351613362630206
EleutherAI/pythia-160m,143000,tldr17,halfB,-,halfB,act_frac_dead,0.0005967881944444445
EleutherAI/pythia-160m,143000,tldr17,halfB,-,halfB,act_frac_dense,0.03672960069444445
EleutherAI/pythia-160m,143000,tldr17,halfB,-,halfB,act_firing_rate_gini,0.40971776550243844
EleutherAI/pythia-160m,143000,tldr17,-,-,-,lm_loss,3.636690270380582
EleutherAI/pythia-160m,143000,tldr17,halfA,-,halfA,dim_participation_ratio,447.50876190918405
EleutherAI/pythia-160m,143000,tldr17,halfA,-,halfA,dim_top1_share,0.020060731092826436
EleutherAI/pythia-160m,143000,tldr17,halfA,-,halfA,dim_top10_share,0.11400698945785893
EleutherAI/pythia-160m,143000,tldr17,halfA,-,halfA,dim_top100_share,0.3214753129439709
EleutherAI/pythia-160m,143000,tldr17,halfA,-,halfA,dim_n_for_50pct,441.0
EleutherAI/pythia-160m,143000,tldr17,halfA,-,halfA,dim_n_for_90pct,10499.0
EleutherAI/pythia-160m,143000,tldr17,halfA,-,halfA,dim_participation_ratio_frac,0.012139452091720487
EleutherAI/pythia-160m,143000,tldr17,halfA,-,halfA,n_live_units,36864.0
EleutherAI/pythia-160m,143000,tldr17,halfA,-,halfA,coupling_mean_absr,0.03345402619721291
EleutherAI/pythia-160m,143000,tldr17,halfA,-,halfA,coupling_median_absr,0.024247728288173676
EleutherAI/pythia-160m,143000,tldr17,halfA,-,halfA,coupling_p90_absr,0.07308553904294968
EleutherAI/pythia-160m,143000,tldr17,halfA,-,halfA,coupling_p99_absr,0.15557953566312788
EleutherAI/pythia-160m,143000,tldr17,halfA,-,halfA,coupling_frac_absr_gt_0.1,0.04330231719978375
EleutherAI/pythia-160m,143000,tldr17,halfA,-,halfA,coupling_frac_absr_gt_0.3,0.0004348112181294277
EleutherAI/pythia-160m,143000,tldr17,halfA,-,halfA,coupling_concentration_top1pct,0.04811708533746598
EleutherAI/pythia-160m,143000,tldr17,halfA,-,halfA,hub_strength_gini,0.15867560920366275
EleutherAI/pythia-160m,143000,tldr17,halfA,-,halfA,hub_strength_cv,0.28424662244000676
EleutherAI/pythia-160m,143000,tldr17,halfB,-,halfB,dim_participation_ratio,444.5383554676718
EleutherAI/pythia-160m,143000,tldr17,halfB,-,halfB,dim_top1_share,0.02017291878955941
EleutherAI/pythia-160m,143000,tldr17,halfB,-,halfB,dim_top10_share,0.11439014370580447
EleutherAI/pythia-160m,143000,tldr17,halfB,-,halfB,dim_top100_share,0.3219652126247847
EleutherAI/pythia-160m,143000,tldr17,halfB,-,halfB,dim_n_for_50pct,440.0
EleutherAI/pythia-160m,143000,tldr17,halfB,-,halfB,dim_n_for_90pct,10459.0
EleutherAI/pythia-160m,143000,tldr17,halfB,-,halfB,dim_participation_ratio_frac,0.01205887466003884
EleutherAI/pythia-160m,143000,tldr17,halfB,-,halfB,n_live_units,36864.0
EleutherAI/pythia-160m,143000,tldr17,halfB,-,halfB,coupling_mean_absr,0.033575947550162404
EleutherAI/pythia-160m,143000,tldr17,halfB,-,halfB,coupling_median_absr,0.02435871958732605
EleutherAI/pythia-160m,143000,tldr17,halfB,-,halfB,coupling_p90_absr,0.07332493066787726
EleutherAI/pythia-160m,143000,tldr17,halfB,-,halfB,coupling_p99_absr,0.15588309109210896
EleutherAI/pythia-160m,143000,tldr17,halfB,-,halfB,coupling_frac_absr_gt_0.1,0.043700606136729374
EleutherAI/pythia-160m,143000,tldr17,halfB,-,halfB,coupling_frac_absr_gt_0.3,0.0004516124645040203
EleutherAI/pythia-160m,143000,tldr17,halfB,-,halfB,coupling_concentration_top1pct,0.04802594916199122
EleutherAI/pythia-160m,143000,tldr17,halfB,-,halfB,hub_strength_gini,0.15889161904132765
EleutherAI/pythia-160m,143000,tldr17,halfB,-,halfB,hub_strength_cv,0.28496683414688
EleutherAI/pythia-160m,143000,tldr17,halfA,real,halfA,segregation_within_mean,0.09721438268763936
EleutherAI/pythia-160m,143000,tldr17,halfA,real,halfA,segregation_between_mean,0.032623149023463915
EleutherAI/pythia-160m,143000,tldr17,halfA,real,halfA,segregation_ratio,2.979920259007454
EleutherAI/pythia-160m,143000,tldr17,halfA,real,halfA,segregation_modularity,0.02447349511462559
EleutherAI/pythia-160m,143000,tldr17,halfA,real,halfB,segregation_within_mean,0.09730919016836488
EleutherAI/pythia-160m,143000,tldr17,halfA,real,halfB,segregation_between_mean,0.03274542370005135
EleutherAI/pythia-160m,143000,tldr17,halfA,real,halfB,segregation_ratio,2.971688229161997
EleutherAI/pythia-160m,143000,tldr17,halfA,real,halfB,segregation_modularity,0.024365414482501898
EleutherAI/pythia-160m,143000,tldr17,halfA,null,halfA,segregation_within_mean,0.03638896365227576
EleutherAI/pythia-160m,143000,tldr17,halfA,null,halfA,segregation_between_mean,0.03338544772999021
EleutherAI/pythia-160m,143000,tldr17,halfA,null,halfA,segregation_ratio,1.0899648237931967
EleutherAI/pythia-160m,143000,tldr17,halfA,null,halfA,segregation_modularity,0.004879063353773581
EleutherAI/pythia-160m,143000,tldr17,halfA,null,halfB,segregation_within_mean,0.03650404471364162
EleutherAI/pythia-160m,143000,tldr17,halfA,null,halfB,segregation_between_mean,0.033507528916329715
EleutherAI/pythia-160m,143000,tldr17,halfA,null,halfB,segregation_ratio,1.089428134339431
EleutherAI/pythia-160m,143000,tldr17,halfA,null,halfB,segregation_modularity,0.004819137439971436
EleutherAI/pythia-160m,143000,tldr17,halfB,real,halfB,segregation_within_mean,0.09811590761720951
EleutherAI/pythia-160m,143000,tldr17,halfB,real,halfB,segregation_between_mean,0.03273211427129919
EleutherAI/pythia-160m,143000,tldr17,halfB,real,halfB,segregation_ratio,2.9975426214139
EleutherAI/pythia-160m,143000,tldr17,halfB,real,halfB,segregation_modularity,0.024717718920081094
EleutherAI/pythia-160m,143000,tldr17,halfB,real,halfA,segregation_within_mean,0.09749138690698601
EleutherAI/pythia-160m,143000,tldr17,halfB,real,halfA,segregation_between_mean,0.03261676419349104
EleutherAI/pythia-160m,143000,tldr17,halfB,real,halfA,segregation_ratio,2.9889962820542837
EleutherAI/pythia-160m,143000,tldr17,halfB,real,halfA,segregation_modularity,0.024619190825733845
EleutherAI/pythia-160m,143000,tldr17,halfB,null,halfB,segregation_within_mean,0.03654818142468713
EleutherAI/pythia-160m,143000,tldr17,halfB,null,halfB,segregation_between_mean,0.033509424893991266
EleutherAI/pythia-160m,143000,tldr17,halfB,null,halfB,segregation_ratio,1.0906836372247248
EleutherAI/pythia-160m,143000,tldr17,halfB,null,halfB,segregation_modularity,0.0044415250011093435
EleutherAI/pythia-160m,143000,tldr17,halfB,null,halfA,segregation_within_mean,0.0363919630146908
EleutherAI/pythia-160m,143000,tldr17,halfB,null,halfA,segregation_between_mean,0.03338827115852533
EleutherAI/pythia-160m,143000,tldr17,halfB,null,halfA,segregation_ratio,1.0899624853860848
EleutherAI/pythia-160m,143000,tldr17,halfB,null,halfA,segregation_modularity,0.004466563624924098
EleutherAI/pythia-160m,16,wikitext,halfA,-,halfA,act_firing_rate_median,0.49902089436848956
EleutherAI/pythia-160m,16,wikitext,halfA,-,halfA,act_frac_dead,0.014431423611111112
EleutherAI/pythia-160m,16,wikitext,halfA,-,halfA,act_frac_dense,0.4984809027777778
EleutherAI/pythia-160m,16,wikitext,halfA,-,halfA,act_firing_rate_gini,0.34306423354987126
EleutherAI/pythia-160m,16,wikitext,halfB,-,halfB,act_firing_rate_median,0.49933624267578125
EleutherAI/pythia-160m,16,wikitext,halfB,-,halfB,act_frac_dead,0.0146484375
EleutherAI/pythia-160m,16,wikitext,halfB,-,halfB,act_frac_dense,0.4991048177083333
EleutherAI/pythia-160m,16,wikitext,halfB,-,halfB,act_firing_rate_gini,0.34336395369688244
EleutherAI/pythia-160m,16,wikitext,-,-,-,lm_loss,10.487727958928707
EleutherAI/pythia-160m,16,wikitext,halfA,-,halfA,dim_participation_ratio,131.077216028465
EleutherAI/pythia-160m,16,wikitext,halfA,-,halfA,dim_top1_share,0.04063242574465579
EleutherAI/pythia-160m,16,wikitext,halfA,-,halfA,dim_top10_share,0.21748305040234367
EleutherAI/pythia-160m,16,wikitext,halfA,-,halfA,dim_top100_share,0.5674311123654546
EleutherAI/pythia-160m,16,wikitext,halfA,-,halfA,dim_n_for_50pct,70.0
EleutherAI/pythia-160m,16,wikitext,halfA,-,halfA,dim_n_for_90pct,1258.0
EleutherAI/pythia-160m,16,wikitext,halfA,-,halfA,dim_participation_ratio_frac,0.0035556970493832735
EleutherAI/pythia-160m,16,wikitext,halfA,-,halfA,n_live_units,36864.0
EleutherAI/pythia-160m,16,wikitext,halfA,-,halfA,coupling_mean_absr,0.06794636407195888
EleutherAI/pythia-160m,16,wikitext,halfA,-,halfA,coupling_median_absr,0.055562783032655716
EleutherAI/pythia-160m,16,wikitext,halfA,-,halfA,coupling_p90_absr,0.14180160462856298
EleutherAI/pythia-160m,16,wikitext,halfA,-,halfA,coupling_p99_absr,0.24131358534097666
EleutherAI/pythia-160m,16,wikitext,halfA,-,halfA,coupling_frac_absr_gt_0.1,0.2344838124435109
EleutherAI/pythia-160m,16,wikitext,halfA,-,halfA,coupling_frac_absr_gt_0.3,0.002652274794149195
EleutherAI/pythia-160m,16,wikitext,halfA,-,halfA,coupling_concentration_top1pct,0.03623272215042268
EleutherAI/pythia-160m,16,wikitext,halfA,-,halfA,hub_strength_gini,0.11444714362553166
EleutherAI/pythia-160m,16,wikitext,halfA,-,halfA,hub_strength_cv,0.2092040458362226
EleutherAI/pythia-160m,16,wikitext,halfB,-,halfB,dim_participation_ratio,128.86075731329777
EleutherAI/pythia-160m,16,wikitext,halfB,-,halfB,dim_top1_share,0.04119257447804699
EleutherAI/pythia-160m,16,wikitext,halfB,-,halfB,dim_top10_share,0.21967411626313074
EleutherAI/pythia-160m,16,wikitext,halfB,-,halfB,dim_top100_share,0.5682268612634475
EleutherAI/pythia-160m,16,wikitext,halfB,-,halfB,dim_n_for_50pct,69.0
EleutherAI/pythia-160m,16,wikitext,halfB,-,halfB,dim_n_for_90pct,1252.0
EleutherAI/pythia-160m,16,wikitext,halfB,-,halfB,dim_participation_ratio_frac,0.0034955717587157598
EleutherAI/pythia-160m,16,wikitext,halfB,-,halfB,n_live_units,36864.0
EleutherAI/pythia-160m,16,wikitext,halfB,-,halfB,coupling_mean_absr,0.06850197694435181
EleutherAI/pythia-160m,16,wikitext,halfB,-,halfB,coupling_median_absr,0.05596998706459999
EleutherAI/pythia-160m,16,wikitext,halfB,-,halfB,coupling_p90_absr,0.14303848147392273
EleutherAI/pythia-160m,16,wikitext,halfB,-,halfB,coupling_p99_absr,0.24372074604034433
EleutherAI/pythia-160m,16,wikitext,halfB,-,halfB,coupling_frac_absr_gt_0.1,0.23763720631433555
EleutherAI/pythia-160m,16,wikitext,halfB,-,halfB,coupling_frac_absr_gt_0.3,0.0029066808057263993
EleutherAI/pythia-160m,16,wikitext,halfB,-,halfB,coupling_concentration_top1pct,0.03618587638604397
EleutherAI/pythia-160m,16,wikitext,halfB,-,halfB,hub_strength_gini,0.11622127639296198
EleutherAI/pythia-160m,16,wikitext,halfB,-,halfB,hub_strength_cv,0.21229006240296186
EleutherAI/pythia-160m,16,wikitext,halfA,real,halfA,segregation_within_mean,0.13264092754480725
EleutherAI/pythia-160m,16,wikitext,halfA,real,halfA,segregation_between_mean,0.06710098082102282
EleutherAI/pythia-160m,16,wikitext,halfA,real,halfA,segregation_ratio,1.9767360465057564
EleutherAI/pythia-160m,16,wikitext,halfA,real,halfA,segregation_modularity,0.012557829076264963
EleutherAI/pythia-160m,16,wikitext,halfA,real,halfB,segregation_within_mean,0.13416644950128384
EleutherAI/pythia-160m,16,wikitext,halfA,real,halfB,segregation_between_mean,0.0676439196052071
EleutherAI/pythia-160m,16,wikitext,halfA,real,halfB,segregation_ratio,1.9834221654263209
EleutherAI/pythia-160m,16,wikitext,halfA,real,halfB,segregation_modularity,0.012643161839863552
EleutherAI/pythia-160m,16,wikitext,halfA,null,halfA,segregation_within_mean,0.06900329559324807
EleutherAI/pythia-160m,16,wikitext,halfA,null,halfA,segregation_between_mean,0.06793514571776345
EleutherAI/pythia-160m,16,wikitext,halfA,null,halfA,segregation_ratio,1.0157230821278025
EleutherAI/pythia-160m,16,wikitext,halfA,null,halfA,segregation_modularity,0.00019971877302242118
EleutherAI/pythia-160m,16,wikitext,halfA,null,halfB,segregation_within_mean,0.06954611920430927
EleutherAI/pythia-160m,16,wikitext,halfA,null,halfB,segregation_between_mean,0.06849089434689307
EleutherAI/pythia-160m,16,wikitext,halfA,null,halfB,segregation_ratio,1.0154067904570159
EleutherAI/pythia-160m,16,wikitext,halfA,null,halfB,segregation_modularity,0.0001955137368319574
EleutherAI/pythia-160m,16,wikitext,halfB,real,halfB,segregation_within_mean,0.13407985604911007
EleutherAI/pythia-160m,16,wikitext,halfB,real,halfB,segregation_between_mean,0.06764508570325803
EleutherAI/pythia-160m,16,wikitext,halfB,real,halfB,segregation_ratio,1.9821078597976012
EleutherAI/pythia-160m,16,wikitext,halfB,real,halfB,segregation_modularity,0.01261097802832421
EleutherAI/pythia-160m,16,wikitext,halfB,real,halfA,segregation_within_mean,0.1321064387910609
EleutherAI/pythia-160m,16,wikitext,halfB,real,halfA,segregation_between_mean,0.06710799897009131
EleutherAI/pythia-160m,16,wikitext,halfB,real,halfA,segregation_ratio,1.9685647138717113
EleutherAI/pythia-160m,16,wikitext,halfB,real,halfA,segregation_modularity,0.012439640193106645
EleutherAI/pythia-160m,16,wikitext,halfB,null,halfB,segregation_within_mean,0.0695743754662623
EleutherAI/pythia-160m,16,wikitext,halfB,null,halfB,segregation_between_mean,0.06849057350589167
EleutherAI/pythia-160m,16,wikitext,halfB,null,halfB,segregation_ratio,1.01582410403203
EleutherAI/pythia-160m,16,wikitext,halfB,null,halfB,segregation_modularity,0.00019085016261519356
EleutherAI/pythia-160m,16,wikitext,halfB,null,halfA,segregation_within_mean,0.06903463109840005
EleutherAI/pythia-160m,16,wikitext,halfB,null,halfA,segregation_between_mean,0.06793479188810726
EleutherAI/pythia-160m,16,wikitext,halfB,null,halfA,segregation_ratio,1.0161896309641205
EleutherAI/pythia-160m,16,wikitext,halfB,null,halfA,segregation_modularity,0.00019430861566852085
EleutherAI/pythia-160m,16,bookcorpus,halfA,-,halfA,act_firing_rate_median,0.4991277058919271
EleutherAI/pythia-160m,16,bookcorpus,halfA,-,halfA,act_frac_dead,0.014838324652777778
EleutherAI/pythia-160m,16,bookcorpus,halfA,-,halfA,act_frac_dense,0.4986979166666667
EleutherAI/pythia-160m,16,bookcorpus,halfA,-,halfA,act_firing_rate_gini,0.343976023885352
EleutherAI/pythia-160m,16,bookcorpus,halfB,-,halfB,act_firing_rate_median,0.4990997314453125
EleutherAI/pythia-160m,16,bookcorpus,halfB,-,halfB,act_frac_dead,0.014784071180555556
EleutherAI/pythia-160m,16,bookcorpus,halfB,-,halfB,act_frac_dense,0.4987250434027778
EleutherAI/pythia-160m,16,bookcorpus,halfB,-,halfB,act_firing_rate_gini,0.34380517026428836
EleutherAI/pythia-160m,16,bookcorpus,-,-,-,lm_loss,10.561427429487152
EleutherAI/pythia-160m,16,bookcorpus,halfA,-,halfA,dim_participation_ratio,117.68508994176632
EleutherAI/pythia-160m,16,bookcorpus,halfA,-,halfA,dim_top1_share,0.04259214443848886
EleutherAI/pythia-160m,16,bookcorpus,halfA,-,halfA,dim_top10_share,0.2291917704423009
EleutherAI/pythia-160m,16,bookcorpus,halfA,-,halfA,dim_top100_share,0.5939852253655401
EleutherAI/pythia-160m,16,bookcorpus,halfA,-,halfA,dim_n_for_50pct,63.0
EleutherAI/pythia-160m,16,bookcorpus,halfA,-,halfA,dim_n_for_90pct,815.0
EleutherAI/pythia-160m,16,bookcorpus,halfA,-,halfA,dim_participation_ratio_frac,0.0031924123790626714
EleutherAI/pythia-160m,16,bookcorpus,halfA,-,halfA,n_live_units,36864.0
EleutherAI/pythia-160m,16,bookcorpus,halfA,-,halfA,coupling_mean_absr,0.07168243192737372
EleutherAI/pythia-160m,16,bookcorpus,halfA,-,halfA,coupling_median_absr,0.05855036526918411
EleutherAI/pythia-160m,16,bookcorpus,halfA,-,halfA,coupling_p90_absr,0.14949718266725542
EleutherAI/pythia-160m,16,bookcorpus,halfA,-,halfA,coupling_p99_absr,0.2553063800930977
EleutherAI/pythia-160m,16,bookcorpus,halfA,-,halfA,coupling_frac_absr_gt_0.1,0.25784138819331665
EleutherAI/pythia-160m,16,bookcorpus,halfA,-,halfA,coupling_frac_absr_gt_0.3,0.003916694000656016
EleutherAI/pythia-160m,16,bookcorpus,halfA,-,halfA,coupling_concentration_top1pct,0.035947963464246016
EleutherAI/pythia-160m,16,bookcorpus,halfA,-,halfA,hub_strength_gini,0.11939970260924682
EleutherAI/pythia-160m,16,bookcorpus,halfA,-,halfA,hub_strength_cv,0.21759203285651743
EleutherAI/pythia-160m,16,bookcorpus,halfB,-,halfB,dim_participation_ratio,119.00836821079564
EleutherAI/pythia-160m,16,bookcorpus,halfB,-,halfB,dim_top1_share,0.04220869427665895
EleutherAI/pythia-160m,16,bookcorpus,halfB,-,halfB,dim_top10_share,0.22703796797129017
EleutherAI/pythia-160m,16,bookcorpus,halfB,-,halfB,dim_top100_share,0.593046812838454
EleutherAI/pythia-160m,16,bookcorpus,halfB,-,halfB,dim_n_for_50pct,63.0
EleutherAI/pythia-160m,16,bookcorpus,halfB,-,halfB,dim_n_for_90pct,816.0
EleutherAI/pythia-160m,16,bookcorpus,halfB,-,halfB,dim_participation_ratio_frac,0.003228308599468198
EleutherAI/pythia-160m,16,bookcorpus,halfB,-,halfB,n_live_units,36864.0
EleutherAI/pythia-160m,16,bookcorpus,halfB,-,halfB,coupling_mean_absr,0.07128085800792655
EleutherAI/pythia-160m,16,bookcorpus,halfB,-,halfB,coupling_median_absr,0.05827612802386284
EleutherAI/pythia-160m,16,bookcorpus,halfB,-,halfB,coupling_p90_absr,0.14878956973552707
EleutherAI/pythia-160m,16,bookcorpus,halfB,-,halfB,coupling_p99_absr,0.25388846039771995
EleutherAI/pythia-160m,16,bookcorpus,halfB,-,halfB,coupling_frac_absr_gt_0.1,0.25559071883970896
EleutherAI/pythia-160m,16,bookcorpus,halfB,-,halfB,coupling_frac_absr_gt_0.3,0.0038069149688320586
EleutherAI/pythia-160m,16,bookcorpus,halfB,-,halfB,coupling_concentration_top1pct,0.03596940361949462
EleutherAI/pythia-160m,16,bookcorpus,halfB,-,halfB,hub_strength_gini,0.11906203990335373
EleutherAI/pythia-160m,16,bookcorpus,halfB,-,halfB,hub_strength_cv,0.21719657589608354
EleutherAI/pythia-160m,16,bookcorpus,halfA,real,halfA,segregation_within_mean,0.13965127308403
EleutherAI/pythia-160m,16,bookcorpus,halfA,real,halfA,segregation_between_mean,0.07080607754738302
EleutherAI/pythia-160m,16,bookcorpus,halfA,real,halfA,segregation_ratio,1.9723063036584136
EleutherAI/pythia-160m,16,bookcorpus,halfA,real,halfA,segregation_modularity,0.01237393826878144
EleutherAI/pythia-160m,16,bookcorpus,halfA,real,halfB,segregation_within_mean,0.13848939366361057
EleutherAI/pythia-160m,16,bookcorpus,halfA,real,halfB,segregation_between_mean,0.07041430659316891
EleutherAI/pythia-160m,16,bookcorpus,halfA,real,halfB,segregation_ratio,1.9667792010472742
EleutherAI/pythia-160m,16,bookcorpus,halfA,real,halfB,segregation_modularity,0.01229811877731341
EleutherAI/pythia-160m,16,bookcorpus,halfA,null,halfA,segregation_within_mean,0.07251101756449017
EleutherAI/pythia-160m,16,bookcorpus,halfA,null,halfA,segregation_between_mean,0.07167360599494918
EleutherAI/pythia-160m,16,bookcorpus,halfA,null,halfA,segregation_ratio,1.0116836812926644
EleutherAI/pythia-160m,16,bookcorpus,halfA,null,halfA,segregation_modularity,0.0001465393277417714
EleutherAI/pythia-160m,16,bookcorpus,halfA,null,halfB,segregation_within_mean,0.07212232298097764
EleutherAI/pythia-160m,16,bookcorpus,halfA,null,halfB,segregation_between_mean,0.07127189488587816
EleutherAI/pythia-160m,16,bookcorpus,halfA,null,halfB,segregation_ratio,1.0119321661990492
EleutherAI/pythia-160m,16,bookcorpus,halfA,null,halfB,segregation_modularity,0.00014822443052085442
EleutherAI/pythia-160m,16,bookcorpus,halfB,real,halfB,segregation_within_mean,0.13741665431122135
EleutherAI/pythia-160m,16,bookcorpus,halfB,real,halfB,segregation_between_mean,0.0704185498922156
EleutherAI/pythia-160m,16,bookcorpus,halfB,real,halfB,segregation_ratio,1.9514269254557886
EleutherAI/pythia-160m,16,bookcorpus,halfB,real,halfB,segregation_modularity,0.012325544045908066
EleutherAI/pythia-160m,16,bookcorpus,halfB,real,halfA,segregation_within_mean,0.1385108200937458
EleutherAI/pythia-160m,16,bookcorpus,halfB,real,halfA,segregation_between_mean,0.0708110935053927
EleutherAI/pythia-160m,16,bookcorpus,halfB,real,halfA,segregation_ratio,1.9560610242969534
EleutherAI/pythia-160m,16,bookcorpus,halfB,real,halfA,segregation_modularity,0.012392187578025892
EleutherAI/pythia-160m,16,bookcorpus,halfB,null,halfB,segregation_within_mean,0.07220934026446409
EleutherAI/pythia-160m,16,bookcorpus,halfB,null,halfB,segregation_between_mean,0.0712709700226123
EleutherAI/pythia-160m,16,bookcorpus,halfB,null,halfB,segregation_ratio,1.0131662336229472
EleutherAI/pythia-160m,16,bookcorpus,halfB,null,halfB,segregation_modularity,0.00015471242799672697
EleutherAI/pythia-160m,16,bookcorpus,halfB,null,halfA,segregation_within_mean,0.0725992588512407
EleutherAI/pythia-160m,16,bookcorpus,halfB,null,halfA,segregation_between_mean,0.07167266807196096
EleutherAI/pythia-160m,16,bookcorpus,halfB,null,halfA,segregation_ratio,1.012928091059055
EleutherAI/pythia-160m,16,bookcorpus,halfB,null,halfA,segregation_modularity,0.0001521237535876027
EleutherAI/pythia-160m,16,agnews,halfA,-,halfA,act_firing_rate_median,0.49825286865234375
EleutherAI/pythia-160m,16,agnews,halfA,-,halfA,act_frac_dead,0.014594184027777778
EleutherAI/pythia-160m,16,agnews,halfA,-,halfA,act_frac_dense,0.4967990451388889
EleutherAI/pythia-160m,16,agnews,halfA,-,halfA,act_firing_rate_gini,0.3428342539431539
EleutherAI/pythia-160m,16,agnews,halfB,-,halfB,act_firing_rate_median,0.4982884724934896
EleutherAI/pythia-160m,16,agnews,halfB,-,halfB,act_frac_dead,0.014187282986111112
EleutherAI/pythia-160m,16,agnews,halfB,-,halfB,act_frac_dense,0.4969618055555556
EleutherAI/pythia-160m,16,agnews,halfB,-,halfB,act_firing_rate_gini,0.3426707984517967
EleutherAI/pythia-160m,16,agnews,-,-,-,lm_loss,10.349624375265568
EleutherAI/pythia-160m,16,agnews,halfA,-,halfA,dim_participation_ratio,186.05595889295304
EleutherAI/pythia-160m,16,agnews,halfA,-,halfA,dim_top1_share,0.02770547114193321
EleutherAI/pythia-160m,16,agnews,halfA,-,halfA,dim_top10_share,0.1766687205451392
EleutherAI/pythia-160m,16,agnews,halfA,-,halfA,dim_top100_share,0.5250031853390357
EleutherAI/pythia-160m,16,agnews,halfA,-,halfA,dim_n_for_50pct,89.0
EleutherAI/pythia-160m,16,agnews,halfA,-,halfA,dim_n_for_90pct,1359.0
EleutherAI/pythia-160m,16,agnews,halfA,-,halfA,dim_participation_ratio_frac,0.005047090898788874
EleutherAI/pythia-160m,16,agnews,halfA,-,halfA,n_live_units,36864.0
EleutherAI/pythia-160m,16,agnews,halfA,-,halfA,coupling_mean_absr,0.05707241938894354
EleutherAI/pythia-160m,16,agnews,halfA,-,halfA,coupling_median_absr,0.046678800135850906
EleutherAI/pythia-160m,16,agnews,halfA,-,halfA,coupling_p90_absr,0.11931051313877106
EleutherAI/pythia-160m,16,agnews,halfA,-,halfA,coupling_p99_absr,0.20113436579704283
EleutherAI/pythia-160m,16,agnews,halfA,-,halfA,coupling_frac_absr_gt_0.1,0.16188917674075992
EleutherAI/pythia-160m,16,agnews,halfA,-,halfA,coupling_frac_absr_gt_0.3,0.0006172159241708436
EleutherAI/pythia-160m,16,agnews,halfA,-,halfA,coupling_concentration_top1pct,0.03688039591076991
EleutherAI/pythia-160m,16,agnews,halfA,-,halfA,hub_strength_gini,0.10263612518522813
EleutherAI/pythia-160m,16,agnews,halfA,-,halfA,hub_strength_cv,0.18437602177773033
EleutherAI/pythia-160m,16,agnews,halfB,-,halfB,dim_participation_ratio,186.0482126980507
EleutherAI/pythia-160m,16,agnews,halfB,-,halfB,dim_top1_share,0.02696607383102202
EleutherAI/pythia-160m,16,agnews,halfB,-,halfB,dim_top10_share,0.17701194134438974
EleutherAI/pythia-160m,16,agnews,halfB,-,halfB,dim_top100_share,0.5250029340454756
EleutherAI/pythia-160m,16,agnews,halfB,-,halfB,dim_n_for_50pct,89.0
EleutherAI/pythia-160m,16,agnews,halfB,-,halfB,dim_n_for_90pct,1370.0
EleutherAI/pythia-160m,16,agnews,halfB,-,halfB,dim_participation_ratio_frac,0.005046880769803893
EleutherAI/pythia-160m,16,agnews,halfB,-,halfB,n_live_units,36864.0
EleutherAI/pythia-160m,16,agnews,halfB,-,halfB,coupling_mean_absr,0.05707507536349303
EleutherAI/pythia-160m,16,agnews,halfB,-,halfB,coupling_median_absr,0.046697814017534256
EleutherAI/pythia-160m,16,agnews,halfB,-,halfB,coupling_p90_absr,0.11938737183809281
EleutherAI/pythia-160m,16,agnews,halfB,-,halfB,coupling_p99_absr,0.20128464102745028
EleutherAI/pythia-160m,16,agnews,halfB,-,halfB,coupling_frac_absr_gt_0.1,0.1621386425988072
EleutherAI/pythia-160m,16,agnews,halfB,-,halfB,coupling_frac_absr_gt_0.3,0.0006246171145089375
EleutherAI/pythia-160m,16,agnews,halfB,-,halfB,coupling_concentration_top1pct,0.0368876140018564
EleutherAI/pythia-160m,16,agnews,halfB,-,halfB,hub_strength_gini,0.10251647186027779
EleutherAI/pythia-160m,16,agnews,halfB,-,halfB,hub_strength_cv,0.1840321792141563
EleutherAI/pythia-160m,16,agnews,halfA,real,halfA,segregation_within_mean,0.0992623922232204
EleutherAI/pythia-160m,16,agnews,halfA,real,halfA,segregation_between_mean,0.05647091505792422
EleutherAI/pythia-160m,16,agnews,halfA,real,halfA,segregation_ratio,1.7577613559370067
EleutherAI/pythia-160m,16,agnews,halfA,real,halfA,segregation_modularity,0.011299698962196536
EleutherAI/pythia-160m,16,agnews,halfA,real,halfB,segregation_within_mean,0.09930016347465499
EleutherAI/pythia-160m,16,agnews,halfA,real,halfB,segregation_between_mean,0.056473070389507406
EleutherAI/pythia-160m,16,agnews,halfA,real,halfB,segregation_ratio,1.758363106340058
EleutherAI/pythia-160m,16,agnews,halfA,real,halfB,segregation_modularity,0.011310776094933177
EleutherAI/pythia-160m,16,agnews,halfA,null,halfA,segregation_within_mean,0.058451558987320275
EleutherAI/pythia-160m,16,agnews,halfA,null,halfA,segregation_between_mean,0.057057339443191295
EleutherAI/pythia-160m,16,agnews,halfA,null,halfA,segregation_ratio,1.0244354110748035
EleutherAI/pythia-160m,16,agnews,halfA,null,halfA,segregation_modularity,0.0002478196431414478
EleutherAI/pythia-160m,16,agnews,halfA,null,halfB,segregation_within_mean,0.05844836525587172
EleutherAI/pythia-160m,16,agnews,halfA,null,halfB,segregation_between_mean,0.05706005938596065
EleutherAI/pythia-160m,16,agnews,halfA,null,halfB,segregation_ratio,1.0243306068176414
EleutherAI/pythia-160m,16,agnews,halfA,null,halfB,segregation_modularity,0.0002471799687229603
EleutherAI/pythia-160m,16,agnews,halfB,real,halfB,segregation_within_mean,0.09925945692925908
EleutherAI/pythia-160m,16,agnews,halfB,real,halfB,segregation_between_mean,0.056471824941831776
EleutherAI/pythia-160m,16,agnews,halfB,real,halfB,segregation_ratio,1.7576810565534275
EleutherAI/pythia-160m,16,agnews,halfB,real,halfB,segregation_modularity,0.011352666311813534
EleutherAI/pythia-160m,16,agnews,halfB,real,halfA,segregation_within_mean,0.09913622731808372
EleutherAI/pythia-160m,16,agnews,halfB,real,halfA,segregation_between_mean,0.056470893198565235
EleutherAI/pythia-160m,16,agnews,halfB,real,halfA,segregation_ratio,1.7555278782203234
EleutherAI/pythia-160m,16,agnews,halfB,real,halfA,segregation_modularity,0.011320767503627779
EleutherAI/pythia-160m,16,agnews,halfB,null,halfB,segregation_within_mean,0.05837599568345757
EleutherAI/pythia-160m,16,agnews,halfB,null,halfB,segregation_between_mean,0.057060926453690104
EleutherAI/pythia-160m,16,agnews,halfB,null,halfB,segregation_ratio,1.0230467556609821
EleutherAI/pythia-160m,16,agnews,halfB,null,halfB,segregation_modularity,0.0002543351147857476
EleutherAI/pythia-160m,16,agnews,halfB,null,halfA,segregation_within_mean,0.058374780773152744
EleutherAI/pythia-160m,16,agnews,halfB,null,halfA,segregation_between_mean,0.05705825481779264
EleutherAI/pythia-160m,16,agnews,halfB,null,halfA,segregation_ratio,1.0230733652749149
EleutherAI/pythia-160m,16,agnews,halfB,null,halfA,segregation_modularity,0.00025347132010960973
EleutherAI/pythia-160m,16,tldr17,halfA,-,halfA,act_firing_rate_median,0.4986724853515625
EleutherAI/pythia-160m,16,tldr17,halfA,-,halfA,act_frac_dead,0.014919704861111112
EleutherAI/pythia-160m,16,tldr17,halfA,-,halfA,act_frac_dense,0.498046875
EleutherAI/pythia-160m,16,tldr17,halfA,-,halfA,act_firing_rate_gini,0.3446456055818157
EleutherAI/pythia-160m,16,tldr17,halfB,-,halfB,act_firing_rate_median,0.4988149007161458
EleutherAI/pythia-160m,16,tldr17,halfB,-,halfB,act_frac_dead,0.015055338541666666
EleutherAI/pythia-160m,16,tldr17,halfB,-,halfB,act_frac_dense,0.4981553819444444
EleutherAI/pythia-160m,16,tldr17,halfB,-,halfB,act_firing_rate_gini,0.3447831268665609
EleutherAI/pythia-160m,16,tldr17,-,-,-,lm_loss,10.21248325669295
EleutherAI/pythia-160m,16,tldr17,halfA,-,halfA,dim_participation_ratio,136.92065501571705
EleutherAI/pythia-160m,16,tldr17,halfA,-,halfA,dim_top1_share,0.03326613010387113
EleutherAI/pythia-160m,16,tldr17,halfA,-,halfA,dim_top10_share,0.21290163990177638
EleutherAI/pythia-160m,16,tldr17,halfA,-,halfA,dim_top100_share,0.5951164754815643
EleutherAI/pythia-160m,16,tldr17,halfA,-,halfA,dim_n_for_50pct,63.0
EleutherAI/pythia-160m,16,tldr17,halfA,-,halfA,dim_n_for_90pct,811.0
EleutherAI/pythia-160m,16,tldr17,halfA,-,halfA,dim_participation_ratio_frac,0.003714210476771838
EleutherAI/pythia-160m,16,tldr17,halfA,-,halfA,n_live_units,36864.0
EleutherAI/pythia-160m,16,tldr17,halfA,-,halfA,coupling_mean_absr,0.06685021643756425
EleutherAI/pythia-160m,16,tldr17,halfA,-,halfA,coupling_median_absr,0.055117420852184296
EleutherAI/pythia-160m,16,tldr17,halfA,-,halfA,coupling_p90_absr,0.13917335867881775
EleutherAI/pythia-160m,16,tldr17,halfA,-,halfA,coupling_p99_absr,0.23249452710151672
EleutherAI/pythia-160m,16,tldr17,halfA,-,halfA,coupling_frac_absr_gt_0.1,0.22832189070478018
EleutherAI/pythia-160m,16,tldr17,halfA,-,halfA,coupling_frac_absr_gt_0.3,0.0018004464515184492
EleutherAI/pythia-160m,16,tldr17,halfA,-,halfA,coupling_concentration_top1pct,0.03632384826561389
EleutherAI/pythia-160m,16,tldr17,halfA,-,halfA,hub_strength_gini,0.09939680130054018
EleutherAI/pythia-160m,16,tldr17,halfA,-,halfA,hub_strength_cv,0.17794107923661684
EleutherAI/pythia-160m,16,tldr17,halfB,-,halfB,dim_participation_ratio,133.740456283593
EleutherAI/pythia-160m,16,tldr17,halfB,-,halfB,dim_top1_share,0.034625870899521884
EleutherAI/pythia-160m,16,tldr17,halfB,-,halfB,dim_top10_share,0.21644774883013937
EleutherAI/pythia-160m,16,tldr17,halfB,-,halfB,dim_top100_share,0.595848544941982
EleutherAI/pythia-160m,16,tldr17,halfB,-,halfB,dim_n_for_50pct,62.0
EleutherAI/pythia-160m,16,tldr17,halfB,-,halfB,dim_n_for_90pct,806.0
EleutherAI/pythia-160m,16,tldr17,halfB,-,halfB,dim_participation_ratio_frac,0.003627942064984619
EleutherAI/pythia-160m,16,tldr17,halfB,-,halfB,n_live_units,36864.0
EleutherAI/pythia-160m,16,tldr17,halfB,-,halfB,coupling_mean_absr,0.0676065758403979
EleutherAI/pythia-160m,16,tldr17,halfB,-,halfB,coupling_median_absr,0.055685967206954956
EleutherAI/pythia-160m,16,tldr17,halfB,-,halfB,coupling_p90_absr,0.14076497554779055
EleutherAI/pythia-160m,16,tldr17,halfB,-,halfB,coupling_p99_absr,0.23567324981093402
EleutherAI/pythia-160m,16,tldr17,halfB,-,halfB,coupling_frac_absr_gt_0.1,0.2329358290288812
EleutherAI/pythia-160m,16,tldr17,halfB,-,halfB,coupling_frac_absr_gt_0.3,0.002019055725938036
EleutherAI/pythia-160m,16,tldr17,halfB,-,halfB,coupling_concentration_top1pct,0.03627643704050067
EleutherAI/pythia-160m,16,tldr17,halfB,-,halfB,hub_strength_gini,0.10152527257153499
EleutherAI/pythia-160m,16,tldr17,halfB,-,halfB,hub_strength_cv,0.1819603476392887
EleutherAI/pythia-160m,16,tldr17,halfA,real,halfA,segregation_within_mean,0.12575130242773663
EleutherAI/pythia-160m,16,tldr17,halfA,real,halfA,segregation_between_mean,0.06606827634419946
EleutherAI/pythia-160m,16,tldr17,halfA,real,halfA,segregation_ratio,1.903353763500705
EleutherAI/pythia-160m,16,tldr17,halfA,real,halfA,segregation_modularity,0.012273615198054696
EleutherAI/pythia-160m,16,tldr17,halfA,real,halfB,segregation_within_mean,0.12786853842666115
EleutherAI/pythia-160m,16,tldr17,halfA,real,halfB,segregation_between_mean,0.06680656945882618
EleutherAI/pythia-160m,16,tldr17,halfA,real,halfB,segregation_ratio,1.9140114432229351
EleutherAI/pythia-160m,16,tldr17,halfA,real,halfB,segregation_modularity,0.012421007955123853
EleutherAI/pythia-160m,16,tldr17,halfA,null,halfA,segregation_within_mean,0.06779333564721812
EleutherAI/pythia-160m,16,tldr17,halfA,null,halfA,segregation_between_mean,0.06684020181858095
EleutherAI/pythia-160m,16,tldr17,halfA,null,halfA,segregation_ratio,1.0142598885506686
EleutherAI/pythia-160m,16,tldr17,halfA,null,halfA,segregation_modularity,0.00020551589554010954
EleutherAI/pythia-160m,16,tldr17,halfA,null,halfB,segregation_within_mean,0.06852180101768503
EleutherAI/pythia-160m,16,tldr17,halfA,null,halfB,segregation_between_mean,0.06759685742812449
EleutherAI/pythia-160m,16,tldr17,halfA,null,halfB,segregation_ratio,1.0136832335814432
EleutherAI/pythia-160m,16,tldr17,halfA,null,halfB,segregation_modularity,0.00019902992729980696
EleutherAI/pythia-160m,16,tldr17,halfB,real,halfB,segregation_within_mean,0.128361252716755
EleutherAI/pythia-160m,16,tldr17,halfB,real,halfB,segregation_between_mean,0.06680243247424204
EleutherAI/pythia-160m,16,tldr17,halfB,real,halfB,segregation_ratio,1.921505669217196
EleutherAI/pythia-160m,16,tldr17,halfB,real,halfB,segregation_modularity,0.012442717024624766
EleutherAI/pythia-160m,16,tldr17,halfB,real,halfA,segregation_within_mean,0.12606124717161776
EleutherAI/pythia-160m,16,tldr17,halfB,real,halfA,segregation_between_mean,0.06606650463602237
EleutherAI/pythia-160m,16,tldr17,halfB,real,halfA,segregation_ratio,1.9080962110243624
EleutherAI/pythia-160m,16,tldr17,halfB,real,halfA,segregation_modularity,0.012261710639301177
EleutherAI/pythia-160m,16,tldr17,halfB,null,halfB,segregation_within_mean,0.06862145546362491
EleutherAI/pythia-160m,16,tldr17,halfB,null,halfB,segregation_between_mean,0.06759577141994517
EleutherAI/pythia-160m,16,tldr17,halfB,null,halfB,segregation_ratio,1.015173790048309
EleutherAI/pythia-160m,16,tldr17,halfB,null,halfB,segregation_modularity,0.0001978414782417935
EleutherAI/pythia-160m,16,tldr17,halfB,null,halfA,segregation_within_mean,0.06787912956124273
EleutherAI/pythia-160m,16,tldr17,halfB,null,halfA,segregation_between_mean,0.06683926262734616
EleutherAI/pythia-160m,16,tldr17,halfB,null,halfA,segregation_ratio,1.015557725998478
EleutherAI/pythia-160m,16,tldr17,halfB,null,halfA,segregation_modularity,0.00020161145477617443
EleutherAI/pythia-160m,16000,wikitext,halfA,-,halfA,act_firing_rate_median,0.17043813069661456
EleutherAI/pythia-160m,16000,wikitext,halfA,-,halfA,act_frac_dead,0.00013563368055555556
EleutherAI/pythia-160m,16000,wikitext,halfA,-,halfA,act_frac_dense,0.005967881944444444
EleutherAI/pythia-160m,16000,wikitext,halfA,-,halfA,act_firing_rate_gini,0.28836349379945325
EleutherAI/pythia-160m,16000,wikitext,halfB,-,halfB,act_firing_rate_median,0.17067464192708331
EleutherAI/pythia-160m,16000,wikitext,halfB,-,halfB,act_frac_dead,0.00010850694444444444
EleutherAI/pythia-160m,16000,wikitext,halfB,-,halfB,act_frac_dense,0.005995008680555556
EleutherAI/pythia-160m,16000,wikitext,halfB,-,halfB,act_firing_rate_gini,0.28722219127285964
EleutherAI/pythia-160m,16000,wikitext,-,-,-,lm_loss,3.9455044613722623
EleutherAI/pythia-160m,16000,wikitext,halfA,-,halfA,dim_participation_ratio,647.4776266379948
EleutherAI/pythia-160m,16000,wikitext,halfA,-,halfA,dim_top1_share,0.019487322460464553
EleutherAI/pythia-160m,16000,wikitext,halfA,-,halfA,dim_top10_share,0.0882513719681251
EleutherAI/pythia-160m,16000,wikitext,halfA,-,halfA,dim_top100_share,0.27094556663069913
EleutherAI/pythia-160m,16000,wikitext,halfA,-,halfA,dim_n_for_50pct,758.0
EleutherAI/pythia-160m,16000,wikitext,halfA,-,halfA,dim_n_for_90pct,13622.0
EleutherAI/pythia-160m,16000,wikitext,halfA,-,halfA,dim_participation_ratio_frac,0.01756443118134701
EleutherAI/pythia-160m,16000,wikitext,halfA,-,halfA,n_live_units,36863.0
EleutherAI/pythia-160m,16000,wikitext,halfA,-,halfA,coupling_mean_absr,0.027415252531811995
EleutherAI/pythia-160m,16000,wikitext,halfA,-,halfA,coupling_median_absr,0.019871409982442856
EleutherAI/pythia-160m,16000,wikitext,halfA,-,halfA,coupling_p90_absr,0.05904927402734761
EleutherAI/pythia-160m,16000,wikitext,halfA,-,halfA,coupling_p99_absr,0.13367243498563766
EleutherAI/pythia-160m,16000,wikitext,halfA,-,halfA,coupling_frac_absr_gt_0.1,0.023750269757607165
EleutherAI/pythia-160m,16000,wikitext,halfA,-,halfA,coupling_frac_absr_gt_0.3,0.00024720697123658885
EleutherAI/pythia-160m,16000,wikitext,halfA,-,halfA,coupling_concentration_top1pct,0.05076734618652347
EleutherAI/pythia-160m,16000,wikitext,halfA,-,halfA,hub_strength_gini,0.16054024721410265
EleutherAI/pythia-160m,16000,wikitext,halfA,-,halfA,hub_strength_cv,0.2928883770503269
EleutherAI/pythia-160m,16000,wikitext,halfB,-,halfB,dim_participation_ratio,648.2585976118829
EleutherAI/pythia-160m,16000,wikitext,halfB,-,halfB,dim_top1_share,0.01944434422855595
EleutherAI/pythia-160m,16000,wikitext,halfB,-,halfB,dim_top10_share,0.08842389967942033
EleutherAI/pythia-160m,16000,wikitext,halfB,-,halfB,dim_top100_share,0.2709559902245072
EleutherAI/pythia-160m,16000,wikitext,halfB,-,halfB,dim_n_for_50pct,753.0
EleutherAI/pythia-160m,16000,wikitext,halfB,-,halfB,dim_n_for_90pct,13607.0
EleutherAI/pythia-160m,16000,wikitext,halfB,-,halfB,dim_participation_ratio_frac,0.017587048226041315
EleutherAI/pythia-160m,16000,wikitext,halfB,-,halfB,n_live_units,36860.0
EleutherAI/pythia-160m,16000,wikitext,halfB,-,halfB,coupling_mean_absr,0.027404610183006217
EleutherAI/pythia-160m,16000,wikitext,halfB,-,halfB,coupling_median_absr,0.019895441830158234
EleutherAI/pythia-160m,16000,wikitext,halfB,-,halfB,coupling_p90_absr,0.05910087749361992
EleutherAI/pythia-160m,16000,wikitext,halfB,-,halfB,coupling_p99_absr,0.13328666090965297
EleutherAI/pythia-160m,16000,wikitext,halfB,-,halfB,coupling_frac_absr_gt_0.1,0.023715859300888566
EleutherAI/pythia-160m,16000,wikitext,halfB,-,halfB,coupling_frac_absr_gt_0.3,0.00022500625517389382
EleutherAI/pythia-160m,16000,wikitext,halfB,-,halfB,coupling_concentration_top1pct,0.050756153173114146
EleutherAI/pythia-160m,16000,wikitext,halfB,-,halfB,hub_strength_gini,0.1600874270549162
EleutherAI/pythia-160m,16000,wikitext,halfB,-,halfB,hub_strength_cv,0.29247997188044933
EleutherAI/pythia-160m,16000,wikitext,halfA,real,halfA,segregation_within_mean,0.09588088031178076
EleutherAI/pythia-160m,16000,wikitext,halfA,real,halfA,segregation_between_mean,0.026460129600861654
EleutherAI/pythia-160m,16000,wikitext,halfA,real,halfA,segregation_ratio,3.623598287616039
EleutherAI/pythia-160m,16000,wikitext,halfA,real,halfA,segregation_modularity,0.031043301940709322
EleutherAI/pythia-160m,16000,wikitext,halfA,real,halfB,segregation_within_mean,0.09524826987097515
EleutherAI/pythia-160m,16000,wikitext,halfA,real,halfB,segregation_between_mean,0.02645816394652083
EleutherAI/pythia-160m,16000,wikitext,halfA,real,halfB,segregation_ratio,3.5999576563021494
EleutherAI/pythia-160m,16000,wikitext,halfA,real,halfB,segregation_modularity,0.030767941344594613
EleutherAI/pythia-160m,16000,wikitext,halfA,null,halfA,segregation_within_mean,0.03443102761407875
EleutherAI/pythia-160m,16000,wikitext,halfA,null,halfA,segregation_between_mean,0.027309530194130932
EleutherAI/pythia-160m,16000,wikitext,halfA,null,halfA,segregation_ratio,1.260769678911514
EleutherAI/pythia-160m,16000,wikitext,halfA,null,halfA,segregation_modularity,0.003469477846518951
EleutherAI/pythia-160m,16000,wikitext,halfA,null,halfB,segregation_within_mean,0.03439192702688848
EleutherAI/pythia-160m,16000,wikitext,halfA,null,halfB,segregation_between_mean,0.027299316686997786
EleutherAI/pythia-160m,16000,wikitext,halfA,null,halfB,segregation_ratio,1.2598090795169532
EleutherAI/pythia-160m,16000,wikitext,halfA,null,halfB,segregation_modularity,0.0034401903576147747
EleutherAI/pythia-160m,16000,wikitext,halfB,real,halfB,segregation_within_mean,0.09433787088882185
EleutherAI/pythia-160m,16000,wikitext,halfB,real,halfB,segregation_between_mean,0.026491969579685647
EleutherAI/pythia-160m,16000,wikitext,halfB,real,halfB,segregation_ratio,3.560998762476356
EleutherAI/pythia-160m,16000,wikitext,halfB,real,halfB,segregation_modularity,0.02990252294451192
EleutherAI/pythia-160m,16000,wikitext,halfB,real,halfA,segregation_within_mean,0.09435728410771178
EleutherAI/pythia-160m,16000,wikitext,halfB,real,halfA,segregation_between_mean,0.02650249234511138
EleutherAI/pythia-160m,16000,wikitext,halfB,real,halfA,segregation_ratio,3.5603173799281116
EleutherAI/pythia-160m,16000,wikitext,halfB,real,halfA,segregation_modularity,0.02987033652967372
EleutherAI/pythia-160m,16000,wikitext,halfB,null,halfB,segregation_within_mean,0.0351773268532363
EleutherAI/pythia-160m,16000,wikitext,halfB,null,halfB,segregation_between_mean,0.027284265998872254
EleutherAI/pythia-160m,16000,wikitext,halfB,null,halfB,segregation_ratio,1.2892898366659487
EleutherAI/pythia-160m,16000,wikitext,halfB,null,halfB,segregation_modularity,0.0037853716953850113
EleutherAI/pythia-160m,16000,wikitext,halfB,null,halfA,segregation_within_mean,0.035203983089989364
EleutherAI/pythia-160m,16000,wikitext,halfB,null,halfA,segregation_between_mean,0.027294660406037747
EleutherAI/pythia-160m,16000,wikitext,halfB,null,halfA,segregation_ratio,1.2897754566751094
EleutherAI/pythia-160m,16000,wikitext,halfB,null,halfA,segregation_modularity,0.003801368477655174
EleutherAI/pythia-160m,16000,bookcorpus,halfA,-,halfA,act_firing_rate_median,0.1624755859375
EleutherAI/pythia-160m,16000,bookcorpus,halfA,-,halfA,act_frac_dead,0.0011393229166666667
EleutherAI/pythia-160m,16000,bookcorpus,halfA,-,halfA,act_frac_dense,0.013888888888888888
EleutherAI/pythia-160m,16000,bookcorpus,halfA,-,halfA,act_firing_rate_gini,0.34083565307895913
EleutherAI/pythia-160m,16000,bookcorpus,halfB,-,halfB,act_firing_rate_median,0.16260019938151044
EleutherAI/pythia-160m,16000,bookcorpus,halfB,-,halfB,act_frac_dead,0.0010850694444444445
EleutherAI/pythia-160m,16000,bookcorpus,halfB,-,halfB,act_frac_dense,0.013861762152777778
EleutherAI/pythia-160m,16000,bookcorpus,halfB,-,halfB,act_firing_rate_gini,0.34119341356323707
EleutherAI/pythia-160m,16000,bookcorpus,-,-,-,lm_loss,4.447012528469867
EleutherAI/pythia-160m,16000,bookcorpus,halfA,-,halfA,dim_participation_ratio,498.76534793653127
EleutherAI/pythia-160m,16000,bookcorpus,halfA,-,halfA,dim_top1_share,0.02474468363810401
EleutherAI/pythia-160m,16000,bookcorpus,halfA,-,halfA,dim_top10_share,0.10409168146042772
EleutherAI/pythia-160m,16000,bookcorpus,halfA,-,halfA,dim_top100_share,0.28806422193771053
EleutherAI/pythia-160m,16000,bookcorpus,halfA,-,halfA,dim_n_for_50pct,585.0
EleutherAI/pythia-160m,16000,bookcorpus,halfA,-,halfA,dim_n_for_90pct,12061.0
EleutherAI/pythia-160m,16000,bookcorpus,halfA,-,halfA,dim_participation_ratio_frac,0.0135298759748408
EleutherAI/pythia-160m,16000,bookcorpus,halfA,-,halfA,n_live_units,36864.0
EleutherAI/pythia-160m,16000,bookcorpus,halfA,-,halfA,coupling_mean_absr,0.03138485638828199
EleutherAI/pythia-160m,16000,bookcorpus,halfA,-,halfA,coupling_median_absr,0.022637566551566124
EleutherAI/pythia-160m,16000,bookcorpus,halfA,-,halfA,coupling_p90_absr,0.06855268254876146
EleutherAI/pythia-160m,16000,bookcorpus,halfA,-,halfA,coupling_p99_absr,0.14686351791024205
EleutherAI/pythia-160m,16000,bookcorpus,halfA,-,halfA,coupling_frac_absr_gt_0.1,0.03586466075185805
EleutherAI/pythia-160m,16000,bookcorpus,halfA,-,halfA,coupling_frac_absr_gt_0.3,0.0005508132195172684
EleutherAI/pythia-160m,16000,bookcorpus,halfA,-,halfA,coupling_concentration_top1pct,0.04878221129146568
EleutherAI/pythia-160m,16000,bookcorpus,halfA,-,halfA,hub_strength_gini,0.1745171789292621
EleutherAI/pythia-160m,16000,bookcorpus,halfA,-,halfA,hub_strength_cv,0.33353804019308797
EleutherAI/pythia-160m,16000,bookcorpus,halfB,-,halfB,dim_participation_ratio,497.28779693260947
EleutherAI/pythia-160m,16000,bookcorpus,halfB,-,halfB,dim_top1_share,0.024869997925524807
EleutherAI/pythia-160m,16000,bookcorpus,halfB,-,halfB,dim_top10_share,0.1041562962884615
EleutherAI/pythia-160m,16000,bookcorpus,halfB,-,halfB,dim_top100_share,0.28825600083577774
EleutherAI/pythia-160m,16000,bookcorpus,halfB,-,halfB,dim_n_for_50pct,584.0
EleutherAI/pythia-160m,16000,bookcorpus,halfB,-,halfB,dim_n_for_90pct,12070.0
EleutherAI/pythia-160m,16000,bookcorpus,halfB,-,halfB,dim_participation_ratio_frac,0.013490160782698355
EleutherAI/pythia-160m,16000,bookcorpus,halfB,-,halfB,n_live_units,36863.0
EleutherAI/pythia-160m,16000,bookcorpus,halfB,-,halfB,coupling_mean_absr,0.03142448340049448
EleutherAI/pythia-160m,16000,bookcorpus,halfB,-,halfB,coupling_median_absr,0.022653711959719658
EleutherAI/pythia-160m,16000,bookcorpus,halfB,-,halfB,coupling_p90_absr,0.06855808049440384
EleutherAI/pythia-160m,16000,bookcorpus,halfB,-,halfB,coupling_p99_absr,0.1466219210624693
EleutherAI/pythia-160m,16000,bookcorpus,halfB,-,halfB,coupling_frac_absr_gt_0.1,0.03587148331879623
EleutherAI/pythia-160m,16000,bookcorpus,halfB,-,halfB,coupling_frac_absr_gt_0.3,0.0005614169547920347
EleutherAI/pythia-160m,16000,bookcorpus,halfB,-,halfB,coupling_concentration_top1pct,0.04875475482180836
EleutherAI/pythia-160m,16000,bookcorpus,halfB,-,halfB,hub_strength_gini,0.17479829594468765
EleutherAI/pythia-160m,16000,bookcorpus,halfB,-,halfB,hub_strength_cv,0.33456164817714895
EleutherAI/pythia-160m,16000,bookcorpus,halfA,real,halfA,segregation_within_mean,0.09303621838188568
EleutherAI/pythia-160m,16000,bookcorpus,halfA,real,halfA,segregation_between_mean,0.0306015126425437
EleutherAI/pythia-160m,16000,bookcorpus,halfA,real,halfA,segregation_ratio,3.0402490056175275
EleutherAI/pythia-160m,16000,bookcorpus,halfA,real,halfA,segregation_modularity,0.02264563953981093
EleutherAI/pythia-160m,16000,bookcorpus,halfA,real,halfB,segregation_within_mean,0.09297430610936798
EleutherAI/pythia-160m,16000,bookcorpus,halfA,real,halfB,segregation_between_mean,0.030642429816450385
EleutherAI/pythia-160m,16000,bookcorpus,halfA,real,halfB,segregation_ratio,3.0341688523491284
EleutherAI/pythia-160m,16000,bookcorpus,halfA,real,halfB,segregation_modularity,0.02256762447049702
EleutherAI/pythia-160m,16000,bookcorpus,halfA,null,halfA,segregation_within_mean,0.03448962806945024
EleutherAI/pythia-160m,16000,bookcorpus,halfA,null,halfA,segregation_between_mean,0.03134178721994865
EleutherAI/pythia-160m,16000,bookcorpus,halfA,null,halfA,segregation_ratio,1.1004359077359196
EleutherAI/pythia-160m,16000,bookcorpus,halfA,null,halfA,segregation_modularity,0.0015232953377326735
EleutherAI/pythia-160m,16000,bookcorpus,halfA,null,halfB,segregation_within_mean,0.034511289074485106
EleutherAI/pythia-160m,16000,bookcorpus,halfA,null,halfB,segregation_between_mean,0.03138166345787494
EleutherAI/pythia-160m,16000,bookcorpus,halfA,null,halfB,segregation_ratio,1.0997278433251698
EleutherAI/pythia-160m,16000,bookcorpus,halfA,null,halfB,segregation_modularity,0.0015107649416320084
EleutherAI/pythia-160m,16000,bookcorpus,halfB,real,halfB,segregation_within_mean,0.09568463514841528
EleutherAI/pythia-160m,16000,bookcorpus,halfB,real,halfB,segregation_between_mean,0.03057719122689035
EleutherAI/pythia-160m,16000,bookcorpus,halfB,real,halfB,segregation_ratio,3.1292813796535968
EleutherAI/pythia-160m,16000,bookcorpus,halfB,real,halfB,segregation_modularity,0.02406899047666309
EleutherAI/pythia-160m,16000,bookcorpus,halfB,real,halfA,segregation_within_mean,0.09555795265017047
EleutherAI/pythia-160m,16000,bookcorpus,halfB,real,halfA,segregation_between_mean,0.030538712064086457
EleutherAI/pythia-160m,16000,bookcorpus,halfB,real,halfA,segregation_ratio,3.1290760543417506
EleutherAI/pythia-160m,16000,bookcorpus,halfB,real,halfA,segregation_modularity,0.02407561925291536
EleutherAI/pythia-160m,16000,bookcorpus,halfB,null,halfB,segregation_within_mean,0.034600353499239817
EleutherAI/pythia-160m,16000,bookcorpus,halfB,null,halfB,segregation_between_mean,0.03137795690032713
EleutherAI/pythia-160m,16000,bookcorpus,halfB,null,halfB,segregation_ratio,1.102696189211704
EleutherAI/pythia-160m,16000,bookcorpus,halfB,null,halfB,segregation_modularity,0.0015964297759444514
EleutherAI/pythia-160m,16000,bookcorpus,halfB,null,halfA,segregation_within_mean,0.03457026951594427
EleutherAI/pythia-160m,16000,bookcorpus,halfB,null,halfA,segregation_between_mean,0.03133819008597729
EleutherAI/pythia-160m,16000,bookcorpus,halfB,null,halfA,segregation_ratio,1.1031354848860022
EleutherAI/pythia-160m,16000,bookcorpus,halfB,null,halfA,segregation_modularity,0.0016050764900986984
EleutherAI/pythia-160m,16000,agnews,halfA,-,halfA,act_firing_rate_median,0.17297871907552081
EleutherAI/pythia-160m,16000,agnews,halfA,-,halfA,act_frac_dead,0.00013563368055555556
EleutherAI/pythia-160m,16000,agnews,halfA,-,halfA,act_frac_dense,0.007541232638888889
EleutherAI/pythia-160m,16000,agnews,halfA,-,halfA,act_firing_rate_gini,0.30963883285241023
EleutherAI/pythia-160m,16000,agnews,halfB,-,halfB,act_firing_rate_median,0.17335001627604166
EleutherAI/pythia-160m,16000,agnews,halfB,-,halfB,act_frac_dead,0.00018988715277777778
EleutherAI/pythia-160m,16000,agnews,halfB,-,halfB,act_frac_dense,0.007622612847222222
EleutherAI/pythia-160m,16000,agnews,halfB,-,halfB,act_firing_rate_gini,0.30914579612311144
EleutherAI/pythia-160m,16000,agnews,-,-,-,lm_loss,4.285030184613087
EleutherAI/pythia-160m,16000,agnews,halfA,-,halfA,dim_participation_ratio,745.3903738393718
EleutherAI/pythia-160m,16000,agnews,halfA,-,halfA,dim_top1_share,0.016974445654866447
EleutherAI/pythia-160m,16000,agnews,halfA,-,halfA,dim_top10_share,0.08061722744875327
EleutherAI/pythia-160m,16000,agnews,halfA,-,halfA,dim_top100_share,0.260811479418668
EleutherAI/pythia-160m,16000,agnews,halfA,-,halfA,dim_n_for_50pct,747.0
EleutherAI/pythia-160m,16000,agnews,halfA,-,halfA,dim_n_for_90pct,13203.0
EleutherAI/pythia-160m,16000,agnews,halfA,-,halfA,dim_participation_ratio_frac,0.0202200079709031
EleutherAI/pythia-160m,16000,agnews,halfA,-,halfA,n_live_units,36864.0
EleutherAI/pythia-160m,16000,agnews,halfA,-,halfA,coupling_mean_absr,0.025566942404966136
EleutherAI/pythia-160m,16000,agnews,halfA,-,halfA,coupling_median_absr,0.018515370786190033
EleutherAI/pythia-160m,16000,agnews,halfA,-,halfA,coupling_p90_absr,0.0550035797059536
EleutherAI/pythia-160m,16000,agnews,halfA,-,halfA,coupling_p99_absr,0.12515292912721626
EleutherAI/pythia-160m,16000,agnews,halfA,-,halfA,coupling_frac_absr_gt_0.1,0.019798710806738815
EleutherAI/pythia-160m,16000,agnews,halfA,-,halfA,coupling_frac_absr_gt_0.3,0.00010220263682803016
EleutherAI/pythia-160m,16000,agnews,halfA,-,halfA,coupling_concentration_top1pct,0.050909526290479595
EleutherAI/pythia-160m,16000,agnews,halfA,-,halfA,hub_strength_gini,0.15895176753618867
EleutherAI/pythia-160m,16000,agnews,halfA,-,halfA,hub_strength_cv,0.28174952578195417
EleutherAI/pythia-160m,16000,agnews,halfB,-,halfB,dim_participation_ratio,748.4533258616689
EleutherAI/pythia-160m,16000,agnews,halfB,-,halfB,dim_top1_share,0.016988084734003442
EleutherAI/pythia-160m,16000,agnews,halfB,-,halfB,dim_top10_share,0.08036441008564921
EleutherAI/pythia-160m,16000,agnews,halfB,-,halfB,dim_top100_share,0.26039949527990036
EleutherAI/pythia-160m,16000,agnews,halfB,-,halfB,dim_n_for_50pct,761.0
EleutherAI/pythia-160m,16000,agnews,halfB,-,halfB,dim_n_for_90pct,13297.0
EleutherAI/pythia-160m,16000,agnews,halfB,-,halfB,dim_participation_ratio_frac,0.020303095862132945
EleutherAI/pythia-160m,16000,agnews,halfB,-,halfB,n_live_units,36864.0
EleutherAI/pythia-160m,16000,agnews,halfB,-,halfB,coupling_mean_absr,0.025516872464529036
EleutherAI/pythia-160m,16000,agnews,halfB,-,halfB,coupling_median_absr,0.018536649644374847
EleutherAI/pythia-160m,16000,agnews,halfB,-,halfB,coupling_p90_absr,0.05492336377501486
EleutherAI/pythia-160m,16000,agnews,halfB,-,halfB,coupling_p99_absr,0.12504598408937445
EleutherAI/pythia-160m,16000,agnews,halfB,-,halfB,coupling_frac_absr_gt_0.1,0.01971874029348404
EleutherAI/pythia-160m,16000,agnews,halfB,-,halfB,coupling_frac_absr_gt_0.3,0.00010180278939642946
EleutherAI/pythia-160m,16000,agnews,halfB,-,halfB,coupling_concentration_top1pct,0.050907450202522284
EleutherAI/pythia-160m,16000,agnews,halfB,-,halfB,hub_strength_gini,0.15901661608369322
EleutherAI/pythia-160m,16000,agnews,halfB,-,halfB,hub_strength_cv,0.2819552703066343
EleutherAI/pythia-160m,16000,agnews,halfA,real,halfA,segregation_within_mean,0.08514441511829138
EleutherAI/pythia-160m,16000,agnews,halfA,real,halfA,segregation_between_mean,0.024742579298597158
EleutherAI/pythia-160m,16000,agnews,halfA,real,halfA,segregation_ratio,3.441210153992266
EleutherAI/pythia-160m,16000,agnews,halfA,real,halfA,segregation_modularity,0.029186333401103833
EleutherAI/pythia-160m,16000,agnews,halfA,real,halfB,segregation_within_mean,0.08472415425525555
EleutherAI/pythia-160m,16000,agnews,halfA,real,halfB,segregation_between_mean,0.024697631620722065
EleutherAI/pythia-160m,16000,agnews,halfA,real,halfB,segregation_ratio,3.4304566347232015
EleutherAI/pythia-160m,16000,agnews,halfA,real,halfB,segregation_modularity,0.029050858644975686
EleutherAI/pythia-160m,16000,agnews,halfA,null,halfA,segregation_within_mean,0.029740823195484815
EleutherAI/pythia-160m,16000,agnews,halfA,null,halfA,segregation_between_mean,0.025516586279467658
EleutherAI/pythia-160m,16000,agnews,halfA,null,halfA,segregation_ratio,1.1655486697848865
EleutherAI/pythia-160m,16000,agnews,halfA,null,halfA,segregation_modularity,0.0021333651758487227
EleutherAI/pythia-160m,16000,agnews,halfA,null,halfB,segregation_within_mean,0.02966639613024561
EleutherAI/pythia-160m,16000,agnews,halfA,null,halfB,segregation_between_mean,0.025466810198928738
EleutherAI/pythia-160m,16000,agnews,halfA,null,halfB,segregation_ratio,1.164904277312811
EleutherAI/pythia-160m,16000,agnews,halfA,null,halfB,segregation_modularity,0.0021189879196458774
EleutherAI/pythia-160m,16000,agnews,halfB,real,halfB,segregation_within_mean,0.08483175856582485
EleutherAI/pythia-160m,16000,agnews,halfB,real,halfB,segregation_between_mean,0.024708272819950812
EleutherAI/pythia-160m,16000,agnews,halfB,real,halfB,segregation_ratio,3.433334219028335
EleutherAI/pythia-160m,16000,agnews,halfB,real,halfB,segregation_modularity,0.02874874350700651
EleutherAI/pythia-160m,16000,agnews,halfB,real,halfA,segregation_within_mean,0.08482147662696882
EleutherAI/pythia-160m,16000,agnews,halfB,real,halfA,segregation_between_mean,0.0247591654954981
EleutherAI/pythia-160m,16000,agnews,halfB,real,halfA,segregation_ratio,3.4258616932138404
EleutherAI/pythia-160m,16000,agnews,halfB,real,halfA,segregation_modularity,0.0286554037918431
EleutherAI/pythia-160m,16000,agnews,halfB,null,halfB,segregation_within_mean,0.029735635378125354
EleutherAI/pythia-160m,16000,agnews,halfB,null,halfB,segregation_between_mean,0.025465286573559322
EleutherAI/pythia-160m,16000,agnews,halfB,null,halfB,segregation_ratio,1.1676929412214017
EleutherAI/pythia-160m,16000,agnews,halfB,null,halfB,segregation_modularity,0.00217122544410048
EleutherAI/pythia-160m,16000,agnews,halfB,null,halfA,segregation_within_mean,0.02980289040226281
EleutherAI/pythia-160m,16000,agnews,halfB,null,halfA,segregation_between_mean,0.025515146380363993
EleutherAI/pythia-160m,16000,agnews,halfB,null,halfA,segregation_ratio,1.168047008548561
EleutherAI/pythia-160m,16000,agnews,halfB,null,halfA,segregation_modularity,0.0021791395038197343
EleutherAI/pythia-160m,16000,tldr17,halfA,-,halfA,act_firing_rate_median,0.162933349609375
EleutherAI/pythia-160m,16000,tldr17,halfA,-,halfA,act_frac_dead,0.00013563368055555556
EleutherAI/pythia-160m,16000,tldr17,halfA,-,halfA,act_frac_dense,0.008083767361111112
EleutherAI/pythia-160m,16000,tldr17,halfA,-,halfA,act_firing_rate_gini,0.31259091934223115
EleutherAI/pythia-160m,16000,tldr17,halfB,-,halfB,act_firing_rate_median,0.16245015462239581
EleutherAI/pythia-160m,16000,tldr17,halfB,-,halfB,act_frac_dead,0.00010850694444444444
EleutherAI/pythia-160m,16000,tldr17,halfB,-,halfB,act_frac_dense,0.008653428819444444
EleutherAI/pythia-160m,16000,tldr17,halfB,-,halfB,act_firing_rate_gini,0.3152918376170848
EleutherAI/pythia-160m,16000,tldr17,-,-,-,lm_loss,3.688549828427921
EleutherAI/pythia-160m,16000,tldr17,halfA,-,halfA,dim_participation_ratio,723.5251880580162
EleutherAI/pythia-160m,16000,tldr17,halfA,-,halfA,dim_top1_share,0.015945382930105417
EleutherAI/pythia-160m,16000,tldr17,halfA,-,halfA,dim_top10_share,0.0820381847813224
EleutherAI/pythia-160m,16000,tldr17,halfA,-,halfA,dim_top100_share,0.26817068089260615
EleutherAI/pythia-160m,16000,tldr17,halfA,-,halfA,dim_n_for_50pct,667.0
EleutherAI/pythia-160m,16000,tldr17,halfA,-,halfA,dim_n_for_90pct,12912.0
EleutherAI/pythia-160m,16000,tldr17,halfA,-,halfA,dim_participation_ratio_frac,0.01962740927374376
EleutherAI/pythia-160m,16000,tldr17,halfA,-,halfA,n_live_units,36863.0
EleutherAI/pythia-160m,16000,tldr17,halfA,-,halfA,coupling_mean_absr,0.026334814525547163
EleutherAI/pythia-160m,16000,tldr17,halfA,-,halfA,coupling_median_absr,0.01935720071196556
EleutherAI/pythia-160m,16000,tldr17,halfA,-,halfA,coupling_p90_absr,0.05692574381828308
EleutherAI/pythia-160m,16000,tldr17,halfA,-,halfA,coupling_p99_absr,0.12148741409182545
EleutherAI/pythia-160m,16000,tldr17,halfA,-,halfA,coupling_frac_absr_gt_0.1,0.01956590480034385
EleutherAI/pythia-160m,16000,tldr17,halfA,-,halfA,coupling_frac_absr_gt_0.3,0.0001304033644068017
EleutherAI/pythia-160m,16000,tldr17,halfA,-,halfA,coupling_concentration_top1pct,0.05044105509758953
EleutherAI/pythia-160m,16000,tldr17,halfA,-,halfA,hub_strength_gini,0.1459038240705941
EleutherAI/pythia-160m,16000,tldr17,halfA,-,halfA,hub_strength_cv,0.26339895700794264
EleutherAI/pythia-160m,16000,tldr17,halfB,-,halfB,dim_participation_ratio,718.1389365648051
EleutherAI/pythia-160m,16000,tldr17,halfB,-,halfB,dim_top1_share,0.016039894345413273
EleutherAI/pythia-160m,16000,tldr17,halfB,-,halfB,dim_top10_share,0.08247009561586387
EleutherAI/pythia-160m,16000,tldr17,halfB,-,halfB,dim_top100_share,0.2687687200505789
EleutherAI/pythia-160m,16000,tldr17,halfB,-,halfB,dim_n_for_50pct,665.0
EleutherAI/pythia-160m,16000,tldr17,halfB,-,halfB,dim_n_for_90pct,12863.0
EleutherAI/pythia-160m,16000,tldr17,halfB,-,halfB,dim_participation_ratio_frac,0.01948076542330743
EleutherAI/pythia-160m,16000,tldr17,halfB,-,halfB,n_live_units,36864.0
EleutherAI/pythia-160m,16000,tldr17,halfB,-,halfB,coupling_mean_absr,0.026432746392310413
EleutherAI/pythia-160m,16000,tldr17,halfB,-,halfB,coupling_median_absr,0.019412009045481682
EleutherAI/pythia-160m,16000,tldr17,halfB,-,halfB,coupling_p90_absr,0.05716799199581149
EleutherAI/pythia-160m,16000,tldr17,halfB,-,halfB,coupling_p99_absr,0.1214249110966919
EleutherAI/pythia-160m,16000,tldr17,halfB,-,halfB,coupling_frac_absr_gt_0.1,0.019663742719299052
EleutherAI/pythia-160m,16000,tldr17,halfB,-,halfB,coupling_frac_absr_gt_0.3,0.00013480372058268807
EleutherAI/pythia-160m,16000,tldr17,halfB,-,halfB,coupling_concentration_top1pct,0.050379968972630945
EleutherAI/pythia-160m,16000,tldr17,halfB,-,halfB,hub_strength_gini,0.14644883629722139
EleutherAI/pythia-160m,16000,tldr17,halfB,-,halfB,hub_strength_cv,0.26469666915512463
EleutherAI/pythia-160m,16000,tldr17,halfA,real,halfA,segregation_within_mean,0.07393332996526807
EleutherAI/pythia-160m,16000,tldr17,halfA,real,halfA,segregation_between_mean,0.02571596788037437
EleutherAI/pythia-160m,16000,tldr17,halfA,real,halfA,segregation_ratio,2.874996978888424
EleutherAI/pythia-160m,16000,tldr17,halfA,real,halfA,segregation_modularity,0.02245544612182025
EleutherAI/pythia-160m,16000,tldr17,halfA,real,halfB,segregation_within_mean,0.07386691623831572
EleutherAI/pythia-160m,16000,tldr17,halfA,real,halfB,segregation_between_mean,0.025816036469380552
EleutherAI/pythia-160m,16000,tldr17,halfA,real,halfB,segregation_ratio,2.8612802870001577
EleutherAI/pythia-160m,16000,tldr17,halfA,real,halfB,segregation_modularity,0.022299499535124803
EleutherAI/pythia-160m,16000,tldr17,halfA,null,halfA,segregation_within_mean,0.030082357204523583
EleutherAI/pythia-160m,16000,tldr17,halfA,null,halfA,segregation_between_mean,0.026253995865131063
EleutherAI/pythia-160m,16000,tldr17,halfA,null,halfA,segregation_ratio,1.1458201394964458
EleutherAI/pythia-160m,16000,tldr17,halfA,null,halfA,segregation_modularity,0.003519319079141738
EleutherAI/pythia-160m,16000,tldr17,halfA,null,halfB,segregation_within_mean,0.030150142287798234
EleutherAI/pythia-160m,16000,tldr17,halfA,null,halfB,segregation_between_mean,0.02635257786372968
EleutherAI/pythia-160m,16000,tldr17,halfA,null,halfB,segregation_ratio,1.1441059938692117
EleutherAI/pythia-160m,16000,tldr17,halfA,null,halfB,segregation_modularity,0.0034590022330457087
EleutherAI/pythia-160m,16000,tldr17,halfB,real,halfB,segregation_within_mean,0.07489452943006238
EleutherAI/pythia-160m,16000,tldr17,halfB,real,halfB,segregation_between_mean,0.025818797924607905
EleutherAI/pythia-160m,16000,tldr17,halfB,real,halfB,segregation_ratio,2.900775227752969
EleutherAI/pythia-160m,16000,tldr17,halfB,real,halfB,segregation_modularity,0.022249375968250582
EleutherAI/pythia-160m,16000,tldr17,halfB,real,halfA,segregation_within_mean,0.07426494133504666
EleutherAI/pythia-160m,16000,tldr17,halfB,real,halfA,segregation_between_mean,0.025727601460348273
EleutherAI/pythia-160m,16000,tldr17,halfB,real,halfA,segregation_ratio,2.8865862777571705
EleutherAI/pythia-160m,16000,tldr17,halfB,real,halfA,segregation_modularity,0.022069065529601556
EleutherAI/pythia-160m,16000,tldr17,halfB,null,halfB,segregation_within_mean,0.030196340572214448
EleutherAI/pythia-160m,16000,tldr17,halfB,null,halfB,segregation_between_mean,0.026356283110148163
EleutherAI/pythia-160m,16000,tldr17,halfB,null,halfB,segregation_ratio,1.145697989584416
EleutherAI/pythia-160m,16000,tldr17,halfB,null,halfB,segregation_modularity,0.0031997537148375278
EleutherAI/pythia-160m,16000,tldr17,halfB,null,halfA,segregation_within_mean,0.030113323363113027
EleutherAI/pythia-160m,16000,tldr17,halfB,null,halfA,segregation_between_mean,0.02625804823114745
EleutherAI/pythia-160m,16000,tldr17,halfB,null,halfA,segregation_ratio,1.1468226083686002
EleutherAI/pythia-160m,16000,tldr17,halfB,null,halfA,segregation_modularity,0.0032351995508708435
EleutherAI/pythia-160m,256,wikitext,halfA,-,halfA,act_firing_rate_median,0.4821446736653646
EleutherAI/pythia-160m,256,wikitext,halfA,-,halfA,act_frac_dead,0.0
EleutherAI/pythia-160m,256,wikitext,halfA,-,halfA,act_frac_dense,0.4539930555555556
EleutherAI/pythia-160m,256,wikitext,halfA,-,halfA,act_firing_rate_gini,0.20105922513692276
EleutherAI/pythia-160m,256,wikitext,halfB,-,halfB,act_firing_rate_median,0.4821497599283854
EleutherAI/pythia-160m,256,wikitext,halfB,-,halfB,act_frac_dead,0.0
EleutherAI/pythia-160m,256,wikitext,halfB,-,halfB,act_frac_dense,0.4551323784722222
EleutherAI/pythia-160m,256,wikitext,halfB,-,halfB,act_firing_rate_gini,0.20290953562926517
EleutherAI/pythia-160m,256,wikitext,-,-,-,lm_loss,7.422285968898947
EleutherAI/pythia-160m,256,wikitext,halfA,-,halfA,dim_participation_ratio,58.74556821744057
EleutherAI/pythia-160m,256,wikitext,halfA,-,halfA,dim_top1_share,0.0763205154288443
EleutherAI/pythia-160m,256,wikitext,halfA,-,halfA,dim_top10_share,0.3361657928167193
EleutherAI/pythia-160m,256,wikitext,halfA,-,halfA,dim_top100_share,0.6525090633500975
EleutherAI/pythia-160m,256,wikitext,halfA,-,halfA,dim_n_for_50pct,29.0
EleutherAI/pythia-160m,256,wikitext,halfA,-,halfA,dim_n_for_90pct,1075.0
EleutherAI/pythia-160m,256,wikitext,halfA,-,halfA,dim_participation_ratio_frac,0.0015935755267317863
EleutherAI/pythia-160m,256,wikitext,halfA,-,halfA,n_live_units,36864.0
EleutherAI/pythia-160m,256,wikitext,halfA,-,halfA,coupling_mean_absr,0.09919016298638565
EleutherAI/pythia-160m,256,wikitext,halfA,-,halfA,coupling_median_absr,0.07737777382135391
EleutherAI/pythia-160m,256,wikitext,halfA,-,halfA,coupling_p90_absr,0.21406513750553136
EleutherAI/pythia-160m,256,wikitext,halfA,-,halfA,coupling_p99_absr,0.38135883748531335
EleutherAI/pythia-160m,256,wikitext,halfA,-,halfA,coupling_frac_absr_gt_0.1,0.3915292411245997
EleutherAI/pythia-160m,256,wikitext,halfA,-,halfA,coupling_frac_absr_gt_0.3,0.03235311235776849
EleutherAI/pythia-160m,256,wikitext,halfA,-,halfA,coupling_concentration_top1pct,0.03643702985597471
EleutherAI/pythia-160m,256,wikitext,halfA,-,halfA,hub_strength_gini,0.16268777801077805
EleutherAI/pythia-160m,256,wikitext,halfA,-,halfA,hub_strength_cv,0.28486091310431033
EleutherAI/pythia-160m,256,wikitext,halfB,-,halfB,dim_participation_ratio,57.97896851699191
EleutherAI/pythia-160m,256,wikitext,halfB,-,halfB,dim_top1_share,0.07660287663577425
EleutherAI/pythia-160m,256,wikitext,halfB,-,halfB,dim_top10_share,0.3390967749189627
EleutherAI/pythia-160m,256,wikitext,halfB,-,halfB,dim_top100_share,0.6533045561927548
EleutherAI/pythia-160m,256,wikitext,halfB,-,halfB,dim_n_for_50pct,29.0
EleutherAI/pythia-160m,256,wikitext,halfB,-,halfB,dim_n_for_90pct,1067.0
EleutherAI/pythia-160m,256,wikitext,halfB,-,halfB,dim_participation_ratio_frac,0.0015727801789548587
EleutherAI/pythia-160m,256,wikitext,halfB,-,halfB,n_live_units,36864.0
EleutherAI/pythia-160m,256,wikitext,halfB,-,halfB,coupling_mean_absr,0.09986747224911316
EleutherAI/pythia-160m,256,wikitext,halfB,-,halfB,coupling_median_absr,0.0779491513967514
EleutherAI/pythia-160m,256,wikitext,halfB,-,halfB,coupling_p90_absr,0.21553339064121246
EleutherAI/pythia-160m,256,wikitext,halfB,-,halfB,coupling_p99_absr,0.383613008260727
EleutherAI/pythia-160m,256,wikitext,halfB,-,halfB,coupling_frac_absr_gt_0.1,0.3945851694677112
EleutherAI/pythia-160m,256,wikitext,halfB,-,halfB,coupling_frac_absr_gt_0.3,0.0332577245647429
EleutherAI/pythia-160m,256,wikitext,halfB,-,halfB,coupling_concentration_top1pct,0.03636459845033231
EleutherAI/pythia-160m,256,wikitext,halfB,-,halfB,hub_strength_gini,0.1628758045675116
EleutherAI/pythia-160m,256,wikitext,halfB,-,halfB,hub_strength_cv,0.28507977053084643
EleutherAI/pythia-160m,256,wikitext,halfA,real,halfA,segregation_within_mean,0.23448876900996002
EleutherAI/pythia-160m,256,wikitext,halfA,real,halfA,segregation_between_mean,0.09769208344520848
EleutherAI/pythia-160m,256,wikitext,halfA,real,halfA,segregation_ratio,2.4002842476122974
EleutherAI/pythia-160m,256,wikitext,halfA,real,halfA,segregation_modularity,0.014570241687872668
EleutherAI/pythia-160m,256,wikitext,halfA,real,halfB,segregation_within_mean,0.23635581513592188
EleutherAI/pythia-160m,256,wikitext,halfA,real,halfB,segregation_between_mean,0.09835621947792536
EleutherAI/pythia-160m,256,wikitext,halfA,real,halfB,segregation_ratio,2.4030591699284307
EleutherAI/pythia-160m,256,wikitext,halfA,real,halfB,segregation_modularity,0.014601147687809117
EleutherAI/pythia-160m,256,wikitext,halfA,null,halfA,segregation_within_mean,0.10311284497530265
EleutherAI/pythia-160m,256,wikitext,halfA,null,halfA,segregation_between_mean,0.09906471856847146
EleutherAI/pythia-160m,256,wikitext,halfA,null,halfA,segregation_ratio,1.040863452350427
EleutherAI/pythia-160m,256,wikitext,halfA,null,halfA,segregation_modularity,0.002755090299362171
EleutherAI/pythia-160m,256,wikitext,halfA,null,halfB,segregation_within_mean,0.10374672628597735
EleutherAI/pythia-160m,256,wikitext,halfA,null,halfB,segregation_between_mean,0.09974341661361882
EleutherAI/pythia-160m,256,wikitext,halfA,null,halfB,segregation_ratio,1.0401360792348466
EleutherAI/pythia-160m,256,wikitext,halfA,null,halfB,segregation_modularity,0.002724852037781452
EleutherAI/pythia-160m,256,wikitext,halfB,real,halfB,segregation_within_mean,0.23996995416065534
EleutherAI/pythia-160m,256,wikitext,halfB,real,halfB,segregation_between_mean,0.09833720659273931
EleutherAI/pythia-160m,256,wikitext,halfB,real,halfB,segregation_ratio,2.4402762949580614
EleutherAI/pythia-160m,256,wikitext,halfB,real,halfB,segregation_modularity,0.014642300987458556
EleutherAI/pythia-160m,256,wikitext,halfB,real,halfA,segregation_within_mean,0.2375342835230405
EleutherAI/pythia-160m,256,wikitext,halfB,real,halfA,segregation_between_mean,0.09767910299345489
EleutherAI/pythia-160m,256,wikitext,halfB,real,halfA,segregation_ratio,2.4317819906572726
EleutherAI/pythia-160m,256,wikitext,halfB,real,halfA,segregation_modularity,0.014551427484131822
EleutherAI/pythia-160m,256,wikitext,halfB,null,halfB,segregation_within_mean,0.10231405388521302
EleutherAI/pythia-160m,256,wikitext,halfB,null,halfB,segregation_between_mean,0.09978716463118861
EleutherAI/pythia-160m,256,wikitext,halfB,null,halfB,segregation_ratio,1.0253227883903078
EleutherAI/pythia-160m,256,wikitext,halfB,null,halfB,segregation_modularity,0.002938878649899094
EleutherAI/pythia-160m,256,wikitext,halfB,null,halfA,segregation_within_mean,0.10164612657377547
EleutherAI/pythia-160m,256,wikitext,halfB,null,halfA,segregation_between_mean,0.0991095474122421
EleutherAI/pythia-160m,256,wikitext,halfB,null,halfA,segregation_ratio,1.0255936913018338
EleutherAI/pythia-160m,256,wikitext,halfB,null,halfA,segregation_modularity,0.002962401021354361
EleutherAI/pythia-160m,256,bookcorpus,halfA,-,halfA,act_firing_rate_median,0.4846471150716146
EleutherAI/pythia-160m,256,bookcorpus,halfA,-,halfA,act_frac_dead,2.712673611111111e-05
EleutherAI/pythia-160m,256,bookcorpus,halfA,-,halfA,act_frac_dense,0.468017578125
EleutherAI/pythia-160m,256,bookcorpus,halfA,-,halfA,act_firing_rate_gini,0.24307903920701013
EleutherAI/pythia-160m,256,bookcorpus,halfB,-,halfB,act_firing_rate_median,0.4847005208333333
EleutherAI/pythia-160m,256,bookcorpus,halfB,-,halfB,act_frac_dead,2.712673611111111e-05
EleutherAI/pythia-160m,256,bookcorpus,halfB,-,halfB,act_frac_dense,0.4675564236111111
EleutherAI/pythia-160m,256,bookcorpus,halfB,-,halfB,act_firing_rate_gini,0.2434362080952004
EleutherAI/pythia-160m,256,bookcorpus,-,-,-,lm_loss,7.064823981532075
EleutherAI/pythia-160m,256,bookcorpus,halfA,-,halfA,dim_participation_ratio,51.22866657021967
EleutherAI/pythia-160m,256,bookcorpus,halfA,-,halfA,dim_top1_share,0.06989002455725636
EleutherAI/pythia-160m,256,bookcorpus,halfA,-,halfA,dim_top10_share,0.3743960994542537
EleutherAI/pythia-160m,256,bookcorpus,halfA,-,halfA,dim_top100_share,0.6782810561305845
EleutherAI/pythia-160m,256,bookcorpus,halfA,-,halfA,dim_n_for_50pct,25.0
EleutherAI/pythia-160m,256,bookcorpus,halfA,-,halfA,dim_n_for_90pct,707.0
EleutherAI/pythia-160m,256,bookcorpus,halfA,-,halfA,dim_participation_ratio_frac,0.0013896665193744485
EleutherAI/pythia-160m,256,bookcorpus,halfA,-,halfA,n_live_units,36864.0
EleutherAI/pythia-160m,256,bookcorpus,halfA,-,halfA,coupling_mean_absr,0.10622170500752513
EleutherAI/pythia-160m,256,bookcorpus,halfA,-,halfA,coupling_median_absr,0.08317992463707924
EleutherAI/pythia-160m,256,bookcorpus,halfA,-,halfA,coupling_p90_absr,0.2285043984651566
EleutherAI/pythia-160m,256,bookcorpus,halfA,-,halfA,coupling_p99_absr,0.41036290526390073
EleutherAI/pythia-160m,256,bookcorpus,halfA,-,halfA,coupling_frac_absr_gt_0.1,0.4220477291454995
EleutherAI/pythia-160m,256,bookcorpus,halfA,-,halfA,coupling_frac_absr_gt_0.3,0.04241841804203301
EleutherAI/pythia-160m,256,bookcorpus,halfA,-,halfA,coupling_concentration_top1pct,0.03622826367546945
EleutherAI/pythia-160m,256,bookcorpus,halfA,-,halfA,hub_strength_gini,0.160822916338488
EleutherAI/pythia-160m,256,bookcorpus,halfA,-,halfA,hub_strength_cv,0.28019552485451565
EleutherAI/pythia-160m,256,bookcorpus,halfB,-,halfB,dim_participation_ratio,51.486497121105025
EleutherAI/pythia-160m,256,bookcorpus,halfB,-,halfB,dim_top1_share,0.0696571607579874
EleutherAI/pythia-160m,256,bookcorpus,halfB,-,halfB,dim_top10_share,0.37305247017319504
EleutherAI/pythia-160m,256,bookcorpus,halfB,-,halfB,dim_top100_share,0.677694805349398
EleutherAI/pythia-160m,256,bookcorpus,halfB,-,halfB,dim_n_for_50pct,26.0
EleutherAI/pythia-160m,256,bookcorpus,halfB,-,halfB,dim_n_for_90pct,707.0
EleutherAI/pythia-160m,256,bookcorpus,halfB,-,halfB,dim_participation_ratio_frac,0.0013966606206896979
EleutherAI/pythia-160m,256,bookcorpus,halfB,-,halfB,n_live_units,36864.0
EleutherAI/pythia-160m,256,bookcorpus,halfB,-,halfB,coupling_mean_absr,0.10590593766952151
EleutherAI/pythia-160m,256,bookcorpus,halfB,-,halfB,coupling_median_absr,0.082826629281044
EleutherAI/pythia-160m,256,bookcorpus,halfB,-,halfB,coupling_p90_absr,0.22791149318218232
EleutherAI/pythia-160m,256,bookcorpus,halfB,-,halfB,coupling_p99_absr,0.4095821893215178
EleutherAI/pythia-160m,256,bookcorpus,halfB,-,halfB,coupling_frac_absr_gt_0.1,0.42049549896406874
EleutherAI/pythia-160m,256,bookcorpus,halfB,-,halfB,coupling_frac_absr_gt_0.3,0.042039869604062044
EleutherAI/pythia-160m,256,bookcorpus,halfB,-,halfB,coupling_concentration_top1pct,0.03624195035739323
EleutherAI/pythia-160m,256,bookcorpus,halfB,-,halfB,hub_strength_gini,0.16129432200170646
EleutherAI/pythia-160m,256,bookcorpus,halfB,-,halfB,hub_strength_cv,0.28104260607985043
EleutherAI/pythia-160m,256,bookcorpus,halfA,real,halfA,segregation_within_mean,0.2629265898177084
EleutherAI/pythia-160m,256,bookcorpus,halfA,real,halfA,segregation_between_mean,0.10440903543147578
EleutherAI/pythia-160m,256,bookcorpus,halfA,real,halfA,segregation_ratio,2.5182359815043838
EleutherAI/pythia-160m,256,bookcorpus,halfA,real,halfA,segregation_modularity,0.016400722810175204
EleutherAI/pythia-160m,256,bookcorpus,halfA,real,halfB,segregation_within_mean,0.26206006468166343
EleutherAI/pythia-160m,256,bookcorpus,halfA,real,halfB,segregation_between_mean,0.10409963894764415
EleutherAI/pythia-160m,256,bookcorpus,halfA,real,halfB,segregation_ratio,2.517396480245852
EleutherAI/pythia-160m,256,bookcorpus,halfA,real,halfB,segregation_modularity,0.016379236670337447
EleutherAI/pythia-160m,256,bookcorpus,halfA,null,halfA,segregation_within_mean,0.11007323861166576
EleutherAI/pythia-160m,256,bookcorpus,halfA,null,halfA,segregation_between_mean,0.1061813771535804
EleutherAI/pythia-160m,256,bookcorpus,halfA,null,halfA,segregation_ratio,1.0366529570666256
EleutherAI/pythia-160m,256,bookcorpus,halfA,null,halfA,segregation_modularity,0.0004950911983215395
EleutherAI/pythia-160m,256,bookcorpus,halfA,null,halfB,segregation_within_mean,0.10975715938249313
EleutherAI/pythia-160m,256,bookcorpus,halfA,null,halfB,segregation_between_mean,0.10586561308280346
EleutherAI/pythia-160m,256,bookcorpus,halfA,null,halfB,segregation_ratio,1.0367593044272636
EleutherAI/pythia-160m,256,bookcorpus,halfA,null,halfB,segregation_modularity,0.0004964671585246225
EleutherAI/pythia-160m,256,bookcorpus,halfB,real,halfB,segregation_within_mean,0.260095063813761
EleutherAI/pythia-160m,256,bookcorpus,halfB,real,halfB,segregation_between_mean,0.10415689155041484
EleutherAI/pythia-160m,256,bookcorpus,halfB,real,halfB,segregation_ratio,2.4971469476685346
EleutherAI/pythia-160m,256,bookcorpus,halfB,real,halfB,segregation_modularity,0.01594963751244697
EleutherAI/pythia-160m,256,bookcorpus,halfB,real,halfA,segregation_within_mean,0.26089786684902583
EleutherAI/pythia-160m,256,bookcorpus,halfB,real,halfA,segregation_between_mean,0.10446713417982648
EleutherAI/pythia-160m,256,bookcorpus,halfB,real,halfA,segregation_ratio,2.4974157556569354
EleutherAI/pythia-160m,256,bookcorpus,halfB,real,halfA,segregation_modularity,0.015962147856113364
EleutherAI/pythia-160m,256,bookcorpus,halfB,null,halfB,segregation_within_mean,0.10992820361002249
EleutherAI/pythia-160m,256,bookcorpus,halfB,null,halfB,segregation_between_mean,0.10586240769490654
EleutherAI/pythia-160m,256,bookcorpus,halfB,null,halfB,segregation_ratio,1.0384064183277741
EleutherAI/pythia-160m,256,bookcorpus,halfB,null,halfB,segregation_modularity,0.0004821940336259686
EleutherAI/pythia-160m,256,bookcorpus,halfB,null,halfA,segregation_within_mean,0.11022554801514861
EleutherAI/pythia-160m,256,bookcorpus,halfB,null,halfA,segregation_between_mean,0.10617837441131947
EleutherAI/pythia-160m,256,bookcorpus,halfB,null,halfA,segregation_ratio,1.0381167410620828
EleutherAI/pythia-160m,256,bookcorpus,halfB,null,halfA,segregation_modularity,0.00047896338444299464
EleutherAI/pythia-160m,256,agnews,halfA,-,halfA,act_firing_rate_median,0.4823150634765625
EleutherAI/pythia-160m,256,agnews,halfA,-,halfA,act_frac_dead,0.0
EleutherAI/pythia-160m,256,agnews,halfA,-,halfA,act_frac_dense,0.4495713975694444
EleutherAI/pythia-160m,256,agnews,halfA,-,halfA,act_firing_rate_gini,0.20041438639845532
EleutherAI/pythia-160m,256,agnews,halfB,-,halfB,act_firing_rate_median,0.482147216796875
EleutherAI/pythia-160m,256,agnews,halfB,-,halfB,act_frac_dead,0.0
EleutherAI/pythia-160m,256,agnews,halfB,-,halfB,act_frac_dense,0.44970703125
EleutherAI/pythia-160m,256,agnews,halfB,-,halfB,act_firing_rate_gini,0.202037009199326
EleutherAI/pythia-160m,256,agnews,-,-,-,lm_loss,7.44832703976319
EleutherAI/pythia-160m,256,agnews,halfA,-,halfA,dim_participation_ratio,67.35344466065796
EleutherAI/pythia-160m,256,agnews,halfA,-,halfA,dim_top1_share,0.07551910810935651
EleutherAI/pythia-160m,256,agnews,halfA,-,halfA,dim_top10_share,0.3085898980598879
EleutherAI/pythia-160m,256,agnews,halfA,-,halfA,dim_top100_share,0.6050649004139682
EleutherAI/pythia-160m,256,agnews,halfA,-,halfA,dim_n_for_50pct,44.0
EleutherAI/pythia-160m,256,agnews,halfA,-,halfA,dim_n_for_90pct,1246.0
EleutherAI/pythia-160m,256,agnews,halfA,-,halfA,dim_participation_ratio_frac,0.001827079119483994
EleutherAI/pythia-160m,256,agnews,halfA,-,halfA,n_live_units,36864.0
EleutherAI/pythia-160m,256,agnews,halfA,-,halfA,coupling_mean_absr,0.090759087280073
EleutherAI/pythia-160m,256,agnews,halfA,-,halfA,coupling_median_absr,0.06827232986688614
EleutherAI/pythia-160m,256,agnews,halfA,-,halfA,coupling_p90_absr,0.20109286904335022
EleutherAI/pythia-160m,256,agnews,halfA,-,halfA,coupling_p99_absr,0.3690868526697155
EleutherAI/pythia-160m,256,agnews,halfA,-,halfA,coupling_frac_absr_gt_0.1,0.34295524824540474
EleutherAI/pythia-160m,256,agnews,halfA,-,halfA,coupling_frac_absr_gt_0.3,0.027279703816358462
EleutherAI/pythia-160m,256,agnews,halfA,-,halfA,coupling_concentration_top1pct,0.036919516192335966
EleutherAI/pythia-160m,256,agnews,halfA,-,halfA,hub_strength_gini,0.18728262771503568
EleutherAI/pythia-160m,256,agnews,halfA,-,halfA,hub_strength_cv,0.32762239095280343
EleutherAI/pythia-160m,256,agnews,halfB,-,halfB,dim_participation_ratio,66.71035178849954
EleutherAI/pythia-160m,256,agnews,halfB,-,halfB,dim_top1_share,0.07617345334949621
EleutherAI/pythia-160m,256,agnews,halfB,-,halfB,dim_top10_share,0.3100804748113054
EleutherAI/pythia-160m,256,agnews,halfB,-,halfB,dim_top100_share,0.6053233779844257
EleutherAI/pythia-160m,256,agnews,halfB,-,halfB,dim_n_for_50pct,44.0
EleutherAI/pythia-160m,256,agnews,halfB,-,halfB,dim_n_for_90pct,1253.0
EleutherAI/pythia-160m,256,agnews,halfB,-,halfB,dim_participation_ratio_frac,0.001809634108846016
EleutherAI/pythia-160m,256,agnews,halfB,-,halfB,n_live_units,36864.0
EleutherAI/pythia-160m,256,agnews,halfB,-,halfB,coupling_mean_absr,0.09115466415726313
EleutherAI/pythia-160m,256,agnews,halfB,-,halfB,coupling_median_absr,0.06849232316017151
EleutherAI/pythia-160m,256,agnews,halfB,-,halfB,coupling_p90_absr,0.2019240081310272
EleutherAI/pythia-160m,256,agnews,halfB,-,halfB,coupling_p99_absr,0.3707997727394104
EleutherAI/pythia-160m,256,agnews,halfB,-,halfB,coupling_frac_absr_gt_0.1,0.3442594327084562
EleutherAI/pythia-160m,256,agnews,halfB,-,halfB,coupling_frac_absr_gt_0.3,0.027846763001306236
EleutherAI/pythia-160m,256,agnews,halfB,-,halfB,coupling_concentration_top1pct,0.03691562217258548
EleutherAI/pythia-160m,256,agnews,halfB,-,halfB,hub_strength_gini,0.18796463446018485
EleutherAI/pythia-160m,256,agnews,halfB,-,halfB,hub_strength_cv,0.32884615633493747
EleutherAI/pythia-160m,256,agnews,halfA,real,halfA,segregation_within_mean,0.20138133562522115
EleutherAI/pythia-160m,256,agnews,halfA,real,halfA,segregation_between_mean,0.08947985961630642
EleutherAI/pythia-160m,256,agnews,halfA,real,halfA,segregation_ratio,2.250577241501643
EleutherAI/pythia-160m,256,agnews,halfA,real,halfA,segregation_modularity,0.013877056798478239
EleutherAI/pythia-160m,256,agnews,halfA,real,halfB,segregation_within_mean,0.20246519680235733
EleutherAI/pythia-160m,256,agnews,halfA,real,halfB,segregation_between_mean,0.08986747721161611
EleutherAI/pythia-160m,256,agnews,halfA,real,halfB,segregation_ratio,2.2529306828720794
EleutherAI/pythia-160m,256,agnews,halfA,real,halfB,segregation_modularity,0.013897998812647616
EleutherAI/pythia-160m,256,agnews,halfA,null,halfA,segregation_within_mean,0.09655145203086621
EleutherAI/pythia-160m,256,agnews,halfA,null,halfA,segregation_between_mean,0.09068116484002024
EleutherAI/pythia-160m,256,agnews,halfA,null,halfA,segregation_ratio,1.0647354629950148
EleutherAI/pythia-160m,256,agnews,halfA,null,halfA,segregation_modularity,0.001310755907524005
EleutherAI/pythia-160m,256,agnews,halfA,null,halfB,segregation_within_mean,0.09683592918434063
EleutherAI/pythia-160m,256,agnews,halfA,null,halfB,segregation_between_mean,0.09107823630471105
EleutherAI/pythia-160m,256,agnews,halfA,null,halfB,segregation_ratio,1.0632170001663916
EleutherAI/pythia-160m,256,agnews,halfA,null,halfB,segregation_modularity,0.0012859838938620305
EleutherAI/pythia-160m,256,agnews,halfB,real,halfB,segregation_within_mean,0.20326392432359577
EleutherAI/pythia-160m,256,agnews,halfB,real,halfB,segregation_between_mean,0.08987292591519357
EleutherAI/pythia-160m,256,agnews,halfB,real,halfB,segregation_ratio,2.261681393520012
EleutherAI/pythia-160m,256,agnews,halfB,real,halfB,segregation_modularity,0.013854859772931476
EleutherAI/pythia-160m,256,agnews,halfB,real,halfA,segregation_within_mean,0.20201909613445712
EleutherAI/pythia-160m,256,agnews,halfB,real,halfA,segregation_between_mean,0.08948705849359531
EleutherAI/pythia-160m,256,agnews,halfB,real,halfA,segregation_ratio,2.2575230378023416
EleutherAI/pythia-160m,256,agnews,halfB,real,halfA,segregation_modularity,0.013812665955616319
EleutherAI/pythia-160m,256,agnews,halfB,null,halfB,segregation_within_mean,0.09813147080384385
EleutherAI/pythia-160m,256,agnews,halfB,null,halfB,segregation_between_mean,0.09107570423300244
EleutherAI/pythia-160m,256,agnews,halfB,null,halfB,segregation_ratio,1.077471446751489
EleutherAI/pythia-160m,256,agnews,halfB,null,halfB,segregation_modularity,0.0010556064585704828
EleutherAI/pythia-160m,256,agnews,halfB,null,halfA,segregation_within_mean,0.09782655176969968
EleutherAI/pythia-160m,256,agnews,halfB,null,halfA,segregation_between_mean,0.09067910132925902
EleutherAI/pythia-160m,256,agnews,halfB,null,halfA,segregation_ratio,1.0788213638607644
EleutherAI/pythia-160m,256,agnews,halfB,null,halfA,segregation_modularity,0.0010711293362236172
EleutherAI/pythia-160m,256,tldr17,halfA,-,halfA,act_firing_rate_median,0.4855168660481771
EleutherAI/pythia-160m,256,tldr17,halfA,-,halfA,act_frac_dead,0.0
EleutherAI/pythia-160m,256,tldr17,halfA,-,halfA,act_frac_dense,0.4676378038194444
EleutherAI/pythia-160m,256,tldr17,halfA,-,halfA,act_firing_rate_gini,0.2300377284512356
EleutherAI/pythia-160m,256,tldr17,halfB,-,halfB,act_firing_rate_median,0.48534138997395837
EleutherAI/pythia-160m,256,tldr17,halfB,-,halfB,act_frac_dead,0.0
EleutherAI/pythia-160m,256,tldr17,halfB,-,halfB,act_frac_dense,0.4677191840277778
EleutherAI/pythia-160m,256,tldr17,halfB,-,halfB,act_firing_rate_gini,0.23256699876561027
EleutherAI/pythia-160m,256,tldr17,-,-,-,lm_loss,5.968921594887112
EleutherAI/pythia-160m,256,tldr17,halfA,-,halfA,dim_participation_ratio,60.71952400558156
EleutherAI/pythia-160m,256,tldr17,halfA,-,halfA,dim_top1_share,0.0678617790421972
EleutherAI/pythia-160m,256,tldr17,halfA,-,halfA,dim_top10_share,0.3406858306699545
EleutherAI/pythia-160m,256,tldr17,halfA,-,halfA,dim_top100_share,0.6700686523289171
EleutherAI/pythia-160m,256,tldr17,halfA,-,halfA,dim_n_for_50pct,30.0
EleutherAI/pythia-160m,256,tldr17,halfA,-,halfA,dim_n_for_90pct,792.0
EleutherAI/pythia-160m,256,tldr17,halfA,-,halfA,dim_participation_ratio_frac,0.0016471225044916874
EleutherAI/pythia-160m,256,tldr17,halfA,-,halfA,n_live_units,36864.0
EleutherAI/pythia-160m,256,tldr17,halfA,-,halfA,coupling_mean_absr,0.09741979276569983
EleutherAI/pythia-160m,256,tldr17,halfA,-,halfA,coupling_median_absr,0.07586459815502167
EleutherAI/pythia-160m,256,tldr17,halfA,-,halfA,coupling_p90_absr,0.2107940912246704
EleutherAI/pythia-160m,256,tldr17,halfA,-,halfA,coupling_p99_absr,0.37598424851894374
EleutherAI/pythia-160m,256,tldr17,halfA,-,halfA,coupling_frac_absr_gt_0.1,0.3827586751738195
EleutherAI/pythia-160m,256,tldr17,halfA,-,halfA,coupling_frac_absr_gt_0.3,0.030503786997704542
EleutherAI/pythia-160m,256,tldr17,halfA,-,halfA,coupling_concentration_top1pct,0.03678100167593689
EleutherAI/pythia-160m,256,tldr17,halfA,-,halfA,hub_strength_gini,0.15726471756843585
EleutherAI/pythia-160m,256,tldr17,halfA,-,halfA,hub_strength_cv,0.2741536125022995
EleutherAI/pythia-160m,256,tldr17,halfB,-,halfB,dim_participation_ratio,59.814527727133125
EleutherAI/pythia-160m,256,tldr17,halfB,-,halfB,dim_top1_share,0.06833874261090775
EleutherAI/pythia-160m,256,tldr17,halfB,-,halfB,dim_top10_share,0.3434820698527217
EleutherAI/pythia-160m,256,tldr17,halfB,-,halfB,dim_top100_share,0.6710228497090264
EleutherAI/pythia-160m,256,tldr17,halfB,-,halfB,dim_n_for_50pct,29.0
EleutherAI/pythia-160m,256,tldr17,halfB,-,halfB,dim_n_for_90pct,784.0
EleutherAI/pythia-160m,256,tldr17,halfB,-,halfB,dim_participation_ratio_frac,0.001622572909264679
EleutherAI/pythia-160m,256,tldr17,halfB,-,halfB,n_live_units,36864.0
EleutherAI/pythia-160m,256,tldr17,halfB,-,halfB,coupling_mean_absr,0.09818529544452957
EleutherAI/pythia-160m,256,tldr17,halfB,-,halfB,coupling_median_absr,0.07648945599794388
EleutherAI/pythia-160m,256,tldr17,halfB,-,halfB,coupling_p90_absr,0.21221230924129486
EleutherAI/pythia-160m,256,tldr17,halfB,-,halfB,coupling_p99_absr,0.37804574996232965
EleutherAI/pythia-160m,256,tldr17,halfB,-,halfB,coupling_frac_absr_gt_0.1,0.38657506947191744
EleutherAI/pythia-160m,256,tldr17,halfB,-,halfB,coupling_frac_absr_gt_0.3,0.03130606404736771
EleutherAI/pythia-160m,256,tldr17,halfB,-,halfB,coupling_concentration_top1pct,0.036742073865692046
EleutherAI/pythia-160m,256,tldr17,halfB,-,halfB,hub_strength_gini,0.15707047953074538
EleutherAI/pythia-160m,256,tldr17,halfB,-,halfB,hub_strength_cv,0.2738267548971039
EleutherAI/pythia-160m,256,tldr17,halfA,real,halfA,segregation_within_mean,0.2172481799341578
EleutherAI/pythia-160m,256,tldr17,halfA,real,halfA,segregation_between_mean,0.09600838861588588
EleutherAI/pythia-160m,256,tldr17,halfA,real,halfA,segregation_ratio,2.2628041472848044
EleutherAI/pythia-160m,256,tldr17,halfA,real,halfA,segregation_modularity,0.014716320941500563
EleutherAI/pythia-160m,256,tldr17,halfA,real,halfB,segregation_within_mean,0.21923552819301656
EleutherAI/pythia-160m,256,tldr17,halfA,real,halfB,segregation_between_mean,0.09675949974058716
EleutherAI/pythia-160m,256,tldr17,halfA,real,halfB,segregation_ratio,2.26577781800018
EleutherAI/pythia-160m,256,tldr17,halfA,real,halfB,segregation_modularity,0.014746701410954629
EleutherAI/pythia-160m,256,tldr17,halfA,null,halfA,segregation_within_mean,0.09778370211495009
EleutherAI/pythia-160m,256,tldr17,halfA,null,halfA,segregation_between_mean,0.09739153057797295
EleutherAI/pythia-160m,256,tldr17,halfA,null,halfA,segregation_ratio,1.0040267519634385
EleutherAI/pythia-160m,256,tldr17,halfA,null,halfA,segregation_modularity,0.00550925165722186
EleutherAI/pythia-160m,256,tldr17,halfA,null,halfB,segregation_within_mean,0.09858454571903562
EleutherAI/pythia-160m,256,tldr17,halfA,null,halfB,segregation_between_mean,0.098154288611462
EleutherAI/pythia-160m,256,tldr17,halfA,null,halfB,segregation_ratio,1.0043834774176477
EleutherAI/pythia-160m,256,tldr17,halfA,null,halfB,segregation_modularity,0.0054393985971428836
EleutherAI/pythia-160m,256,tldr17,halfB,real,halfB,segregation_within_mean,0.2211502760254427
EleutherAI/pythia-160m,256,tldr17,halfB,real,halfB,segregation_between_mean,0.09677159007904393
EleutherAI/pythia-160m,256,tldr17,halfB,real,halfB,segregation_ratio,2.285280998739456
EleutherAI/pythia-160m,256,tldr17,halfB,real,halfB,segregation_modularity,0.014561505156992388
EleutherAI/pythia-160m,256,tldr17,halfB,real,halfA,segregation_within_mean,0.21862797790522023
EleutherAI/pythia-160m,256,tldr17,halfB,real,halfA,segregation_between_mean,0.09602628493488154
EleutherAI/pythia-160m,256,tldr17,halfB,real,halfA,segregation_ratio,2.2767513921160107
EleutherAI/pythia-160m,256,tldr17,halfB,real,halfA,segregation_modularity,0.014469772727089082
EleutherAI/pythia-160m,256,tldr17,halfB,null,halfB,segregation_within_mean,0.09891937265573282
EleutherAI/pythia-160m,256,tldr17,halfB,null,halfB,segregation_between_mean,0.09812729261374814
EleutherAI/pythia-160m,256,tldr17,halfB,null,halfB,segregation_ratio,1.0080719646989802
EleutherAI/pythia-160m,256,tldr17,halfB,null,halfB,segregation_modularity,0.006006153026633718
EleutherAI/pythia-160m,256,tldr17,halfB,null,halfA,segregation_within_mean,0.09801728346952321
EleutherAI/pythia-160m,256,tldr17,halfB,null,halfA,segregation_between_mean,0.09737258229079518
EleutherAI/pythia-160m,256,tldr17,halfB,null,halfA,segregation_ratio,1.0066209723883328
EleutherAI/pythia-160m,256,tldr17,halfB,null,halfA,segregation_modularity,0.006025167226351085
EleutherAI/pythia-160m,4,wikitext,halfA,-,halfA,act_firing_rate_median,0.49997711181640625
EleutherAI/pythia-160m,4,wikitext,halfA,-,halfA,act_frac_dead,2.712673611111111e-05
EleutherAI/pythia-160m,4,wikitext,halfA,-,halfA,act_frac_dense,0.4999457465277778
EleutherAI/pythia-160m,4,wikitext,halfA,-,halfA,act_firing_rate_gini,0.25443838760877124
EleutherAI/pythia-160m,4,wikitext,halfB,-,halfB,act_firing_rate_median,0.49994913736979163
EleutherAI/pythia-160m,4,wikitext,halfB,-,halfB,act_frac_dead,2.712673611111111e-05
EleutherAI/pythia-160m,4,wikitext,halfB,-,halfB,act_frac_dense,0.4999457465277778
EleutherAI/pythia-160m,4,wikitext,halfB,-,halfB,act_firing_rate_gini,0.2546604297228938
EleutherAI/pythia-160m,4,wikitext,-,-,-,lm_loss,11.01640019301688
EleutherAI/pythia-160m,4,wikitext,halfA,-,halfA,dim_participation_ratio,135.89334140018502
EleutherAI/pythia-160m,4,wikitext,halfA,-,halfA,dim_top1_share,0.03949286503101459
EleutherAI/pythia-160m,4,wikitext,halfA,-,halfA,dim_top10_share,0.21368242776716853
EleutherAI/pythia-160m,4,wikitext,halfA,-,halfA,dim_top100_share,0.5584852584980178
EleutherAI/pythia-160m,4,wikitext,halfA,-,halfA,dim_n_for_50pct,73.0
EleutherAI/pythia-160m,4,wikitext,halfA,-,halfA,dim_n_for_90pct,1450.0
EleutherAI/pythia-160m,4,wikitext,halfA,-,halfA,dim_participation_ratio_frac,0.0036863428114199495
EleutherAI/pythia-160m,4,wikitext,halfA,-,halfA,n_live_units,36864.0
EleutherAI/pythia-160m,4,wikitext,halfA,-,halfA,coupling_mean_absr,0.066715008325815
EleutherAI/pythia-160m,4,wikitext,halfA,-,halfA,coupling_median_absr,0.05466922000050545
EleutherAI/pythia-160m,4,wikitext,halfA,-,halfA,coupling_p90_absr,0.13880340158939364
EleutherAI/pythia-160m,4,wikitext,halfA,-,halfA,coupling_p99_absr,0.23744614928960797
EleutherAI/pythia-160m,4,wikitext,halfA,-,halfA,coupling_frac_absr_gt_0.1,0.22569716466004341
EleutherAI/pythia-160m,4,wikitext,halfA,-,halfA,coupling_frac_absr_gt_0.3,0.002648074675705855
EleutherAI/pythia-160m,4,wikitext,halfA,-,halfA,coupling_concentration_top1pct,0.03637860914797458
EleutherAI/pythia-160m,4,wikitext,halfA,-,halfA,hub_strength_gini,0.11316116733545645
EleutherAI/pythia-160m,4,wikitext,halfA,-,halfA,hub_strength_cv,0.2085160279590768
EleutherAI/pythia-160m,4,wikitext,halfB,-,halfB,dim_participation_ratio,133.35031550292697
EleutherAI/pythia-160m,4,wikitext,halfB,-,halfB,dim_top1_share,0.04055805892418343
EleutherAI/pythia-160m,4,wikitext,halfB,-,halfB,dim_top10_share,0.21594160284960637
EleutherAI/pythia-160m,4,wikitext,halfB,-,halfB,dim_top100_share,0.5594686003966066
EleutherAI/pythia-160m,4,wikitext,halfB,-,halfB,dim_n_for_50pct,72.0
EleutherAI/pythia-160m,4,wikitext,halfB,-,halfB,dim_n_for_90pct,1443.0
EleutherAI/pythia-160m,4,wikitext,halfB,-,halfB,dim_participation_ratio_frac,0.003617358818981309
EleutherAI/pythia-160m,4,wikitext,halfB,-,halfB,n_live_units,36864.0
EleutherAI/pythia-160m,4,wikitext,halfB,-,halfB,coupling_mean_absr,0.0673081197989177
EleutherAI/pythia-160m,4,wikitext,halfB,-,halfB,coupling_median_absr,0.05512276291847229
EleutherAI/pythia-160m,4,wikitext,halfB,-,halfB,coupling_p90_absr,0.14015111327171326
EleutherAI/pythia-160m,4,wikitext,halfB,-,halfB,coupling_p99_absr,0.24043290317058585
EleutherAI/pythia-160m,4,wikitext,halfB,-,halfB,coupling_frac_absr_gt_0.1,0.22963678390259248
EleutherAI/pythia-160m,4,wikitext,halfB,-,halfB,coupling_frac_absr_gt_0.3,0.002880080066225841
EleutherAI/pythia-160m,4,wikitext,halfB,-,halfB,coupling_concentration_top1pct,0.03632611497520595
EleutherAI/pythia-160m,4,wikitext,halfB,-,halfB,hub_strength_gini,0.11531516435290312
EleutherAI/pythia-160m,4,wikitext,halfB,-,halfB,hub_strength_cv,0.21242937311000532
EleutherAI/pythia-160m,4,wikitext,halfA,real,halfA,segregation_within_mean,0.13598590824306314
EleutherAI/pythia-160m,4,wikitext,halfA,real,halfA,segregation_between_mean,0.06581088944217993
EleutherAI/pythia-160m,4,wikitext,halfA,real,halfA,segregation_ratio,2.0663131800176857
EleutherAI/pythia-160m,4,wikitext,halfA,real,halfA,segregation_modularity,0.013485058226487984
EleutherAI/pythia-160m,4,wikitext,halfA,real,halfB,segregation_within_mean,0.13765652955052562
EleutherAI/pythia-160m,4,wikitext,halfA,real,halfB,segregation_between_mean,0.06638993732923401
EleutherAI/pythia-160m,4,wikitext,halfA,real,halfB,segregation_ratio,2.0734547295605026
EleutherAI/pythia-160m,4,wikitext,halfA,real,halfB,segregation_modularity,0.01356223546571581
EleutherAI/pythia-160m,4,wikitext,halfA,null,halfA,segregation_within_mean,0.06798668679802529
EleutherAI/pythia-160m,4,wikitext,halfA,null,halfA,segregation_between_mean,0.06670149245109284
EleutherAI/pythia-160m,4,wikitext,halfA,null,halfA,segregation_ratio,1.0192678499341643
EleutherAI/pythia-160m,4,wikitext,halfA,null,halfA,segregation_modularity,0.00021460194628846084
EleutherAI/pythia-160m,4,wikitext,halfA,null,halfB,segregation_within_mean,0.06856944459852914
EleutherAI/pythia-160m,4,wikitext,halfA,null,halfB,segregation_between_mean,0.0672947139537165
EleutherAI/pythia-160m,4,wikitext,halfA,null,halfB,segregation_ratio,1.0189425078125656
EleutherAI/pythia-160m,4,wikitext,halfA,null,halfB,segregation_modularity,0.00021002543063376237
EleutherAI/pythia-160m,4,wikitext,halfB,real,halfB,segregation_within_mean,0.13887599295889577
EleutherAI/pythia-160m,4,wikitext,halfB,real,halfB,segregation_between_mean,0.0663946048046944
EleutherAI/pythia-160m,4,wikitext,halfB,real,halfB,segregation_ratio,2.0916758728726794
EleutherAI/pythia-160m,4,wikitext,halfB,real,halfB,segregation_modularity,0.01341246934192267
EleutherAI/pythia-160m,4,wikitext,halfB,real,halfA,segregation_within_mean,0.13667761979036205
EleutherAI/pythia-160m,4,wikitext,halfB,real,halfA,segregation_between_mean,0.06582198339978121
EleutherAI/pythia-160m,4,wikitext,halfB,real,halfA,segregation_ratio,2.076473736141114
EleutherAI/pythia-160m,4,wikitext,halfB,real,halfA,segregation_modularity,0.013240443743117912
EleutherAI/pythia-160m,4,wikitext,halfB,null,halfB,segregation_within_mean,0.06853122415588836
EleutherAI/pythia-160m,4,wikitext,halfB,null,halfB,segregation_between_mean,0.0672951856300531
EleutherAI/pythia-160m,4,wikitext,halfB,null,halfB,segregation_ratio,1.0183674138686567
EleutherAI/pythia-160m,4,wikitext,halfB,null,halfB,segregation_modularity,0.00019658966234707486
EleutherAI/pythia-160m,4,wikitext,halfB,null,halfA,segregation_within_mean,0.06793902220202608
EleutherAI/pythia-160m,4,wikitext,halfB,null,halfA,segregation_between_mean,0.06670206453423107
EleutherAI/pythia-160m,4,wikitext,halfB,null,halfA,segregation_ratio,1.018544518470792
EleutherAI/pythia-160m,4,wikitext,halfB,null,halfA,segregation_modularity,0.0002000231662923858
EleutherAI/pythia-160m,4,bookcorpus,halfA,-,halfA,act_firing_rate_median,0.4997278849283854
EleutherAI/pythia-160m,4,bookcorpus,halfA,-,halfA,act_frac_dead,5.425347222222222e-05
EleutherAI/pythia-160m,4,bookcorpus,halfA,-,halfA,act_frac_dense,0.4993760850694444
EleutherAI/pythia-160m,4,bookcorpus,halfA,-,halfA,act_firing_rate_gini,0.25563672660752035
EleutherAI/pythia-160m,4,bookcorpus,halfB,-,halfB,act_firing_rate_median,0.499908447265625
EleutherAI/pythia-160m,4,bookcorpus,halfB,-,halfB,act_frac_dead,5.425347222222222e-05
EleutherAI/pythia-160m,4,bookcorpus,halfB,-,halfB,act_frac_dense,0.4998101128472222
EleutherAI/pythia-160m,4,bookcorpus,halfB,-,halfB,act_firing_rate_gini,0.255508154531203
EleutherAI/pythia-160m,4,bookcorpus,-,-,-,lm_loss,11.017945468355348
EleutherAI/pythia-160m,4,bookcorpus,halfA,-,halfA,dim_participation_ratio,122.12222093384071
EleutherAI/pythia-160m,4,bookcorpus,halfA,-,halfA,dim_top1_share,0.04038388681895243
EleutherAI/pythia-160m,4,bookcorpus,halfA,-,halfA,dim_top10_share,0.22554391553020692
EleutherAI/pythia-160m,4,bookcorpus,halfA,-,halfA,dim_top100_share,0.586066798104874
EleutherAI/pythia-160m,4,bookcorpus,halfA,-,halfA,dim_n_for_50pct,65.0
EleutherAI/pythia-160m,4,bookcorpus,halfA,-,halfA,dim_n_for_90pct,909.0
EleutherAI/pythia-160m,4,bookcorpus,halfA,-,halfA,dim_participation_ratio_frac,0.003312777260575106
EleutherAI/pythia-160m,4,bookcorpus,halfA,-,halfA,n_live_units,36864.0
EleutherAI/pythia-160m,4,bookcorpus,halfA,-,halfA,coupling_mean_absr,0.07035498761692784
EleutherAI/pythia-160m,4,bookcorpus,halfA,-,halfA,coupling_median_absr,0.05761709809303284
EleutherAI/pythia-160m,4,bookcorpus,halfA,-,halfA,coupling_p90_absr,0.14631462693214428
EleutherAI/pythia-160m,4,bookcorpus,halfA,-,halfA,coupling_p99_absr,0.2513552036881447
EleutherAI/pythia-160m,4,bookcorpus,halfA,-,halfA,coupling_frac_absr_gt_0.1,0.24923398161555876
EleutherAI/pythia-160m,4,bookcorpus,halfA,-,halfA,coupling_frac_absr_gt_0.3,0.003753890093362241
EleutherAI/pythia-160m,4,bookcorpus,halfA,-,halfA,coupling_concentration_top1pct,0.036131039463516645
EleutherAI/pythia-160m,4,bookcorpus,halfA,-,halfA,hub_strength_gini,0.11747263823121545
EleutherAI/pythia-160m,4,bookcorpus,halfA,-,halfA,hub_strength_cv,0.21516412920940903
EleutherAI/pythia-160m,4,bookcorpus,halfB,-,halfB,dim_participation_ratio,123.57412939711688
EleutherAI/pythia-160m,4,bookcorpus,halfB,-,halfB,dim_top1_share,0.03993834978143808
EleutherAI/pythia-160m,4,bookcorpus,halfB,-,halfB,dim_top10_share,0.22338258485687168
EleutherAI/pythia-160m,4,bookcorpus,halfB,-,halfB,dim_top100_share,0.5850839498704477
EleutherAI/pythia-160m,4,bookcorpus,halfB,-,halfB,dim_n_for_50pct,65.0
EleutherAI/pythia-160m,4,bookcorpus,halfB,-,halfB,dim_n_for_90pct,910.0
EleutherAI/pythia-160m,4,bookcorpus,halfB,-,halfB,dim_participation_ratio_frac,0.0033521627983158875
EleutherAI/pythia-160m,4,bookcorpus,halfB,-,halfB,n_live_units,36864.0
EleutherAI/pythia-160m,4,bookcorpus,halfB,-,halfB,coupling_mean_absr,0.06994579330586939
EleutherAI/pythia-160m,4,bookcorpus,halfB,-,halfB,coupling_median_absr,0.05732470378279686
EleutherAI/pythia-160m,4,bookcorpus,halfB,-,halfB,coupling_p90_absr,0.1455842047929764
EleutherAI/pythia-160m,4,bookcorpus,halfB,-,halfB,coupling_p99_absr,0.24954307317733676
EleutherAI/pythia-160m,4,bookcorpus,halfB,-,halfB,coupling_frac_absr_gt_0.1,0.24698465893669988
EleutherAI/pythia-160m,4,bookcorpus,halfB,-,halfB,coupling_frac_absr_gt_0.3,0.003668710795066011
EleutherAI/pythia-160m,4,bookcorpus,halfB,-,halfB,coupling_concentration_top1pct,0.036153505724200286
EleutherAI/pythia-160m,4,bookcorpus,halfB,-,halfB,hub_strength_gini,0.11692642541994425
EleutherAI/pythia-160m,4,bookcorpus,halfB,-,halfB,hub_strength_cv,0.21439854371762393
EleutherAI/pythia-160m,4,bookcorpus,halfA,real,halfA,segregation_within_mean,0.14269949307896604
EleutherAI/pythia-160m,4,bookcorpus,halfA,real,halfA,segregation_between_mean,0.06944489712824953
EleutherAI/pythia-160m,4,bookcorpus,halfA,real,halfA,segregation_ratio,2.054859305435089
EleutherAI/pythia-160m,4,bookcorpus,halfA,real,halfA,segregation_modularity,0.012951143613288753
EleutherAI/pythia-160m,4,bookcorpus,halfA,real,halfB,segregation_within_mean,0.1414196661750828
EleutherAI/pythia-160m,4,bookcorpus,halfA,real,halfB,segregation_between_mean,0.069046655347831
EleutherAI/pythia-160m,4,bookcorpus,halfA,real,halfB,segregation_ratio,2.04817547588169
EleutherAI/pythia-160m,4,bookcorpus,halfA,real,halfB,segregation_modularity,0.01286725729761713
EleutherAI/pythia-160m,4,bookcorpus,halfA,null,halfA,segregation_within_mean,0.07135004105661348
EleutherAI/pythia-160m,4,bookcorpus,halfA,null,halfA,segregation_between_mean,0.0703445252668131
EleutherAI/pythia-160m,4,bookcorpus,halfA,null,halfA,segregation_ratio,1.0142941584435534
EleutherAI/pythia-160m,4,bookcorpus,halfA,null,halfA,segregation_modularity,0.00016179037941017473
EleutherAI/pythia-160m,4,bookcorpus,halfA,null,halfB,segregation_within_mean,0.07095106869051473
EleutherAI/pythia-160m,4,bookcorpus,halfA,null,halfB,segregation_between_mean,0.06993522347150032
EleutherAI/pythia-160m,4,bookcorpus,halfA,null,halfB,segregation_ratio,1.0145255161646605
EleutherAI/pythia-160m,4,bookcorpus,halfA,null,halfB,segregation_modularity,0.00016372955940441278
EleutherAI/pythia-160m,4,bookcorpus,halfB,real,halfB,segregation_within_mean,0.14269608433805994
EleutherAI/pythia-160m,4,bookcorpus,halfB,real,halfB,segregation_between_mean,0.06903932204576353
EleutherAI/pythia-160m,4,bookcorpus,halfB,real,halfB,segregation_ratio,2.0668813092265323
EleutherAI/pythia-160m,4,bookcorpus,halfB,real,halfB,segregation_modularity,0.012883089590212471
EleutherAI/pythia-160m,4,bookcorpus,halfB,real,halfA,segregation_within_mean,0.14391755511048832
EleutherAI/pythia-160m,4,bookcorpus,halfB,real,halfA,segregation_between_mean,0.06943839535562452
EleutherAI/pythia-160m,4,bookcorpus,halfB,real,halfA,segregation_ratio,2.072593330727522
EleutherAI/pythia-160m,4,bookcorpus,halfB,real,halfA,segregation_modularity,0.012955486322040494
EleutherAI/pythia-160m,4,bookcorpus,halfB,null,halfB,segregation_within_mean,0.07107053849054847
EleutherAI/pythia-160m,4,bookcorpus,halfB,null,halfB,segregation_between_mean,0.06993390611164532
EleutherAI/pythia-160m,4,bookcorpus,halfB,null,halfB,segregation_ratio,1.016252951423714
EleutherAI/pythia-160m,4,bookcorpus,halfB,null,halfB,segregation_modularity,0.00017566329023729942
EleutherAI/pythia-160m,4,bookcorpus,halfB,null,halfA,segregation_within_mean,0.07146981903470785
EleutherAI/pythia-160m,4,bookcorpus,halfB,null,halfA,segregation_between_mean,0.07034320519885533
EleutherAI/pythia-160m,4,bookcorpus,halfB,null,halfA,segregation_ratio,1.0160159582246453
EleutherAI/pythia-160m,4,bookcorpus,halfB,null,halfA,segregation_modularity,0.000173002929444061
EleutherAI/pythia-160m,4,agnews,halfA,-,halfA,act_firing_rate_median,0.5003636678059896
EleutherAI/pythia-160m,4,agnews,halfA,-,halfA,act_frac_dead,0.0
EleutherAI/pythia-160m,4,agnews,halfA,-,halfA,act_frac_dense,0.5003797743055556
EleutherAI/pythia-160m,4,agnews,halfA,-,halfA,act_firing_rate_gini,0.25023702144679993
EleutherAI/pythia-160m,4,agnews,halfB,-,halfB,act_firing_rate_median,0.5001118977864583
EleutherAI/pythia-160m,4,agnews,halfB,-,halfB,act_frac_dead,0.0
EleutherAI/pythia-160m,4,agnews,halfB,-,halfB,act_frac_dense,0.5001898871527778
EleutherAI/pythia-160m,4,agnews,halfB,-,halfB,act_firing_rate_gini,0.25012849605902465
EleutherAI/pythia-160m,4,agnews,-,-,-,lm_loss,10.98876204096939
EleutherAI/pythia-160m,4,agnews,halfA,-,halfA,dim_participation_ratio,186.0718610667834
EleutherAI/pythia-160m,4,agnews,halfA,-,halfA,dim_top1_share,0.029403392154926655
EleutherAI/pythia-160m,4,agnews,halfA,-,halfA,dim_top10_share,0.17724128677442447
EleutherAI/pythia-160m,4,agnews,halfA,-,halfA,dim_top100_share,0.5180770875690989
EleutherAI/pythia-160m,4,agnews,halfA,-,halfA,dim_n_for_50pct,92.0
EleutherAI/pythia-160m,4,agnews,halfA,-,halfA,dim_n_for_90pct,1538.0
EleutherAI/pythia-160m,4,agnews,halfA,-,halfA,dim_participation_ratio_frac,0.0050475222728619635
EleutherAI/pythia-160m,4,agnews,halfA,-,halfA,n_live_units,36864.0
EleutherAI/pythia-160m,4,agnews,halfA,-,halfA,coupling_mean_absr,0.05701474898318235
EleutherAI/pythia-160m,4,agnews,halfA,-,halfA,coupling_median_absr,0.046711135655641556
EleutherAI/pythia-160m,4,agnews,halfA,-,halfA,coupling_p90_absr,0.11858288198709488
EleutherAI/pythia-160m,4,agnews,halfA,-,halfA,coupling_p99_absr,0.20220485776662817
EleutherAI/pythia-160m,4,agnews,halfA,-,halfA,coupling_frac_absr_gt_0.1,0.16001992851415567
EleutherAI/pythia-160m,4,agnews,halfA,-,halfA,coupling_frac_absr_gt_0.3,0.0008804227149060446
EleutherAI/pythia-160m,4,agnews,halfA,-,halfA,coupling_concentration_top1pct,0.0368679820746463
EleutherAI/pythia-160m,4,agnews,halfA,-,halfA,hub_strength_gini,0.10374825628620177
EleutherAI/pythia-160m,4,agnews,halfA,-,halfA,hub_strength_cv,0.18849092116203078
EleutherAI/pythia-160m,4,agnews,halfB,-,halfB,dim_participation_ratio,186.30579912669032
EleutherAI/pythia-160m,4,agnews,halfB,-,halfB,dim_top1_share,0.02843782161719548
EleutherAI/pythia-160m,4,agnews,halfB,-,halfB,dim_top10_share,0.17751465001779737
EleutherAI/pythia-160m,4,agnews,halfB,-,halfB,dim_top100_share,0.5179970658874156
EleutherAI/pythia-160m,4,agnews,halfB,-,halfB,dim_n_for_50pct,92.0
EleutherAI/pythia-160m,4,agnews,halfB,-,halfB,dim_n_for_90pct,1551.0
EleutherAI/pythia-160m,4,agnews,halfB,-,halfB,dim_participation_ratio_frac,0.005053868248879403
EleutherAI/pythia-160m,4,agnews,halfB,-,halfB,n_live_units,36864.0
EleutherAI/pythia-160m,4,agnews,halfB,-,halfB,coupling_mean_absr,0.05699049291837633
EleutherAI/pythia-160m,4,agnews,halfB,-,halfB,coupling_median_absr,0.04668481647968292
EleutherAI/pythia-160m,4,agnews,halfB,-,halfB,coupling_p90_absr,0.11864068359136576
EleutherAI/pythia-160m,4,agnews,halfB,-,halfB,coupling_p99_absr,0.2021737480163574
EleutherAI/pythia-160m,4,agnews,halfB,-,halfB,coupling_frac_absr_gt_0.1,0.16024899082234853
EleutherAI/pythia-160m,4,agnews,halfB,-,halfB,coupling_frac_absr_gt_0.3,0.0008744239592164825
EleutherAI/pythia-160m,4,agnews,halfB,-,halfB,coupling_concentration_top1pct,0.03686897348757055
EleutherAI/pythia-160m,4,agnews,halfB,-,halfB,hub_strength_gini,0.10340898714828661
EleutherAI/pythia-160m,4,agnews,halfB,-,halfB,hub_strength_cv,0.187452008372329
EleutherAI/pythia-160m,4,agnews,halfA,real,halfA,segregation_within_mean,0.10619054294763944
EleutherAI/pythia-160m,4,agnews,halfA,real,halfA,segregation_between_mean,0.05634243382135587
EleutherAI/pythia-160m,4,agnews,halfA,real,halfA,segregation_ratio,1.884734750442912
EleutherAI/pythia-160m,4,agnews,halfA,real,halfA,segregation_modularity,0.012334707849862316
EleutherAI/pythia-160m,4,agnews,halfA,real,halfB,segregation_within_mean,0.10613953635019463
EleutherAI/pythia-160m,4,agnews,halfA,real,halfB,segregation_between_mean,0.05631854348053274
EleutherAI/pythia-160m,4,agnews,halfA,real,halfB,segregation_ratio,1.8846285750781746
EleutherAI/pythia-160m,4,agnews,halfA,real,halfB,segregation_modularity,0.012341112073174646
EleutherAI/pythia-160m,4,agnews,halfA,null,halfA,segregation_within_mean,0.05823735351335668
EleutherAI/pythia-160m,4,agnews,halfA,null,halfA,segregation_between_mean,0.05700171282350855
EleutherAI/pythia-160m,4,agnews,halfA,null,halfA,segregation_ratio,1.0216772554479896
EleutherAI/pythia-160m,4,agnews,halfA,null,halfA,segregation_modularity,0.0002651287489238129
EleutherAI/pythia-160m,4,agnews,halfA,null,halfB,segregation_within_mean,0.05821456492767235
EleutherAI/pythia-160m,4,agnews,halfA,null,halfB,segregation_between_mean,0.05697744110921258
EleutherAI/pythia-160m,4,agnews,halfA,null,halfB,segregation_ratio,1.0217125198039079
EleutherAI/pythia-160m,4,agnews,halfA,null,halfB,segregation_modularity,0.00026527853335995443
EleutherAI/pythia-160m,4,agnews,halfB,real,halfB,segregation_within_mean,0.10586159460161225
EleutherAI/pythia-160m,4,agnews,halfB,real,halfB,segregation_between_mean,0.05631681434924179
EleutherAI/pythia-160m,4,agnews,halfB,real,halfB,segregation_ratio,1.8797511156281783
EleutherAI/pythia-160m,4,agnews,halfB,real,halfB,segregation_modularity,0.01240925891120986
EleutherAI/pythia-160m,4,agnews,halfB,real,halfA,segregation_within_mean,0.10582124973177391
EleutherAI/pythia-160m,4,agnews,halfB,real,halfA,segregation_between_mean,0.05634196093711075
EleutherAI/pythia-160m,4,agnews,halfB,real,halfA,segregation_ratio,1.878196072193729
EleutherAI/pythia-160m,4,agnews,halfB,real,halfA,segregation_modularity,0.012381738183717496
EleutherAI/pythia-160m,4,agnews,halfB,null,halfB,segregation_within_mean,0.05833787356465287
EleutherAI/pythia-160m,4,agnews,halfB,null,halfB,segregation_between_mean,0.056976267734711934
EleutherAI/pythia-160m,4,agnews,halfB,null,halfB,segregation_ratio,1.0238977715472823
EleutherAI/pythia-160m,4,agnews,halfB,null,halfB,segregation_modularity,0.0002642670653121722
EleutherAI/pythia-160m,4,agnews,halfB,null,halfA,segregation_within_mean,0.05835707916827295
EleutherAI/pythia-160m,4,agnews,halfB,null,halfA,segregation_between_mean,0.05700057713178387
EleutherAI/pythia-160m,4,agnews,halfB,null,halfA,segregation_ratio,1.0237980403839224
EleutherAI/pythia-160m,4,agnews,halfB,null,halfA,segregation_modularity,0.00026277521155511726
EleutherAI/pythia-160m,4,tldr17,halfA,-,halfA,act_firing_rate_median,0.5001881917317708
EleutherAI/pythia-160m,4,tldr17,halfA,-,halfA,act_frac_dead,0.0
EleutherAI/pythia-160m,4,tldr17,halfA,-,halfA,act_frac_dense,0.5004611545138888
EleutherAI/pythia-160m,4,tldr17,halfA,-,halfA,act_firing_rate_gini,0.2514642193206831
EleutherAI/pythia-160m,4,tldr17,halfB,-,halfB,act_firing_rate_median,0.5001195271809895
EleutherAI/pythia-160m,4,tldr17,halfB,-,halfB,act_frac_dead,0.0
EleutherAI/pythia-160m,4,tldr17,halfB,-,halfB,act_frac_dense,0.5004340277777778
EleutherAI/pythia-160m,4,tldr17,halfB,-,halfB,act_firing_rate_gini,0.25156919432372415
EleutherAI/pythia-160m,4,tldr17,-,-,-,lm_loss,10.970406698375582
EleutherAI/pythia-160m,4,tldr17,halfA,-,halfA,dim_participation_ratio,136.28136493350647
EleutherAI/pythia-160m,4,tldr17,halfA,-,halfA,dim_top1_share,0.03453831152267358
EleutherAI/pythia-160m,4,tldr17,halfA,-,halfA,dim_top10_share,0.21371372248093604
EleutherAI/pythia-160m,4,tldr17,halfA,-,halfA,dim_top100_share,0.5896616679782132
EleutherAI/pythia-160m,4,tldr17,halfA,-,halfA,dim_n_for_50pct,64.0
EleutherAI/pythia-160m,4,tldr17,halfA,-,halfA,dim_n_for_90pct,905.0
EleutherAI/pythia-160m,4,tldr17,halfA,-,halfA,dim_participation_ratio_frac,0.0036968686234132614
EleutherAI/pythia-160m,4,tldr17,halfA,-,halfA,n_live_units,36864.0
EleutherAI/pythia-160m,4,tldr17,halfA,-,halfA,coupling_mean_absr,0.06690610075623786
EleutherAI/pythia-160m,4,tldr17,halfA,-,halfA,coupling_median_absr,0.0551648885011673
EleutherAI/pythia-160m,4,tldr17,halfA,-,halfA,coupling_p90_absr,0.13872115314006805
EleutherAI/pythia-160m,4,tldr17,halfA,-,halfA,coupling_p99_absr,0.23493314832448953
EleutherAI/pythia-160m,4,tldr17,halfA,-,halfA,coupling_frac_absr_gt_0.1,0.2275456706783035
EleutherAI/pythia-160m,4,tldr17,halfA,-,halfA,coupling_frac_absr_gt_0.3,0.002276658737795435
EleutherAI/pythia-160m,4,tldr17,halfA,-,halfA,coupling_concentration_top1pct,0.03645074512092856
EleutherAI/pythia-160m,4,tldr17,halfA,-,halfA,hub_strength_gini,0.1013645225210531
EleutherAI/pythia-160m,4,tldr17,halfA,-,halfA,hub_strength_cv,0.18274246855285511
EleutherAI/pythia-160m,4,tldr17,halfB,-,halfB,dim_participation_ratio,133.12932989920367
EleutherAI/pythia-160m,4,tldr17,halfB,-,halfB,dim_top1_share,0.03562796332332783
EleutherAI/pythia-160m,4,tldr17,halfB,-,halfB,dim_top10_share,0.2171970954202047
EleutherAI/pythia-160m,4,tldr17,halfB,-,halfB,dim_top100_share,0.5904198379897397
EleutherAI/pythia-160m,4,tldr17,halfB,-,halfB,dim_n_for_50pct,63.0
EleutherAI/pythia-160m,4,tldr17,halfB,-,halfB,dim_n_for_90pct,898.0
EleutherAI/pythia-160m,4,tldr17,halfB,-,halfB,dim_participation_ratio_frac,0.0036113642008247524
EleutherAI/pythia-160m,4,tldr17,halfB,-,halfB,n_live_units,36864.0
EleutherAI/pythia-160m,4,tldr17,halfB,-,halfB,coupling_mean_absr,0.06765242154628835
EleutherAI/pythia-160m,4,tldr17,halfB,-,halfB,coupling_median_absr,0.055719321593642235
EleutherAI/pythia-160m,4,tldr17,halfB,-,halfB,coupling_p90_absr,0.1403644934296608
EleutherAI/pythia-160m,4,tldr17,halfB,-,halfB,coupling_p99_absr,0.2382281534373754
EleutherAI/pythia-160m,4,tldr17,halfB,-,halfB,coupling_frac_absr_gt_0.1,0.2325270177456898
EleutherAI/pythia-160m,4,tldr17,halfB,-,halfB,coupling_frac_absr_gt_0.3,0.0025746710609212816
EleutherAI/pythia-160m,4,tldr17,halfB,-,halfB,coupling_concentration_top1pct,0.03641448873759537
EleutherAI/pythia-160m,4,tldr17,halfB,-,halfB,hub_strength_gini,0.10350887606804982
EleutherAI/pythia-160m,4,tldr17,halfB,-,halfB,hub_strength_cv,0.18682821736625713
EleutherAI/pythia-160m,4,tldr17,halfA,real,halfA,segregation_within_mean,0.134394442107467
EleutherAI/pythia-160m,4,tldr17,halfA,real,halfA,segregation_between_mean,0.06603042300875625
EleutherAI/pythia-160m,4,tldr17,halfA,real,halfA,segregation_ratio,2.035341225811094
EleutherAI/pythia-160m,4,tldr17,halfA,real,halfA,segregation_modularity,0.013390401658613462
EleutherAI/pythia-160m,4,tldr17,halfA,real,halfB,segregation_within_mean,0.1366831959721021
EleutherAI/pythia-160m,4,tldr17,halfA,real,halfB,segregation_between_mean,0.06675673036405257
EleutherAI/pythia-160m,4,tldr17,halfA,real,halfB,segregation_ratio,2.047481882751163
EleutherAI/pythia-160m,4,tldr17,halfA,real,halfB,segregation_modularity,0.013537227946845094
EleutherAI/pythia-160m,4,tldr17,halfA,null,halfA,segregation_within_mean,0.0680458910590571
EleutherAI/pythia-160m,4,tldr17,halfA,null,halfA,segregation_between_mean,0.06689387808784719
EleutherAI/pythia-160m,4,tldr17,halfA,null,halfA,segregation_ratio,1.0172215007432677
EleutherAI/pythia-160m,4,tldr17,halfA,null,halfA,segregation_modularity,0.00021595515165966395
EleutherAI/pythia-160m,4,tldr17,halfA,null,halfB,segregation_within_mean,0.06877233983293993
EleutherAI/pythia-160m,4,tldr17,halfA,null,halfB,segregation_between_mean,0.06764041197432687
EleutherAI/pythia-160m,4,tldr17,halfA,null,halfB,segregation_ratio,1.0167344908993559
EleutherAI/pythia-160m,4,tldr17,halfA,null,halfB,segregation_modularity,0.0002096371586252941
EleutherAI/pythia-160m,4,tldr17,halfB,real,halfB,segregation_within_mean,0.13806091566051854
EleutherAI/pythia-160m,4,tldr17,halfB,real,halfB,segregation_between_mean,0.06674869613204404
EleutherAI/pythia-160m,4,tldr17,halfB,real,halfB,segregation_ratio,2.0683687271943527
EleutherAI/pythia-160m,4,tldr17,halfB,real,halfB,segregation_modularity,0.013543517420588345
EleutherAI/pythia-160m,4,tldr17,halfB,real,halfA,segregation_within_mean,0.13553639274716964
EleutherAI/pythia-160m,4,tldr17,halfB,real,halfA,segregation_between_mean,0.06602519937394798
EleutherAI/pythia-160m,4,tldr17,halfB,real,halfA,segregation_ratio,2.052797932188436
EleutherAI/pythia-160m,4,tldr17,halfB,real,halfA,segregation_modularity,0.013358390864034807
EleutherAI/pythia-160m,4,tldr17,halfB,null,halfB,segregation_within_mean,0.0687281854379534
EleutherAI/pythia-160m,4,tldr17,halfB,null,halfB,segregation_between_mean,0.06764098002548065
EleutherAI/pythia-160m,4,tldr17,halfB,null,halfB,segregation_ratio,1.0160731765279452
EleutherAI/pythia-160m,4,tldr17,halfB,null,halfB,segregation_modularity,0.0001993698389263894
EleutherAI/pythia-160m,4,tldr17,halfB,null,halfA,segregation_within_mean,0.0679926329028493
EleutherAI/pythia-160m,4,tldr17,halfB,null,halfA,segregation_between_mean,0.0668945447143093
EleutherAI/pythia-160m,4,tldr17,halfB,null,halfA,segregation_ratio,1.0164152128283357
EleutherAI/pythia-160m,4,tldr17,halfB,null,halfA,segregation_modularity,0.00020409074056843915
EleutherAI/pythia-160m,4000,wikitext,halfA,-,halfA,act_firing_rate_median,0.17963663736979169
EleutherAI/pythia-160m,4000,wikitext,halfA,-,halfA,act_frac_dead,0.0
EleutherAI/pythia-160m,4000,wikitext,halfA,-,halfA,act_frac_dense,0.004069010416666667
EleutherAI/pythia-160m,4000,wikitext,halfA,-,halfA,act_firing_rate_gini,0.24667795411308813
EleutherAI/pythia-160m,4000,wikitext,halfB,-,halfB,act_firing_rate_median,0.17957560221354169
EleutherAI/pythia-160m,4000,wikitext,halfB,-,halfB,act_frac_dead,0.0
EleutherAI/pythia-160m,4000,wikitext,halfB,-,halfB,act_frac_dense,0.004014756944444444
EleutherAI/pythia-160m,4000,wikitext,halfB,-,halfB,act_firing_rate_gini,0.24513075386450622
EleutherAI/pythia-160m,4000,wikitext,-,-,-,lm_loss,4.2687901956793715
EleutherAI/pythia-160m,4000,wikitext,halfA,-,halfA,dim_participation_ratio,719.961093604558
EleutherAI/pythia-160m,4000,wikitext,halfA,-,halfA,dim_top1_share,0.015863478217966465
EleutherAI/pythia-160m,4000,wikitext,halfA,-,halfA,dim_top10_share,0.08262683329411001
EleutherAI/pythia-160m,4000,wikitext,halfA,-,halfA,dim_top100_share,0.26929921011567537
EleutherAI/pythia-160m,4000,wikitext,halfA,-,halfA,dim_n_for_50pct,720.0
EleutherAI/pythia-160m,4000,wikitext,halfA,-,halfA,dim_n_for_90pct,13431.0
EleutherAI/pythia-160m,4000,wikitext,halfA,-,halfA,dim_participation_ratio_frac,0.01953019459647781
EleutherAI/pythia-160m,4000,wikitext,halfA,-,halfA,n_live_units,36864.0
EleutherAI/pythia-160m,4000,wikitext,halfA,-,halfA,coupling_mean_absr,0.026602983357468517
EleutherAI/pythia-160m,4000,wikitext,halfA,-,halfA,coupling_median_absr,0.019884925335645676
EleutherAI/pythia-160m,4000,wikitext,halfA,-,halfA,coupling_p90_absr,0.05688659995794297
EleutherAI/pythia-160m,4000,wikitext,halfA,-,halfA,coupling_p99_absr,0.11864477977156639
EleutherAI/pythia-160m,4000,wikitext,halfA,-,halfA,coupling_frac_absr_gt_0.1,0.018376318212173583
EleutherAI/pythia-160m,4000,wikitext,halfA,-,halfA,coupling_frac_absr_gt_0.3,0.00021820615341352627
EleutherAI/pythia-160m,4000,wikitext,halfA,-,halfA,coupling_concentration_top1pct,0.04894455146137924
EleutherAI/pythia-160m,4000,wikitext,halfA,-,halfA,hub_strength_gini,0.14400296644258792
EleutherAI/pythia-160m,4000,wikitext,halfA,-,halfA,hub_strength_cv,0.26728228292222006
EleutherAI/pythia-160m,4000,wikitext,halfB,-,halfB,dim_participation_ratio,721.9359154574327
EleutherAI/pythia-160m,4000,wikitext,halfB,-,halfB,dim_top1_share,0.01594702086822056
EleutherAI/pythia-160m,4000,wikitext,halfB,-,halfB,dim_top10_share,0.08231743738816522
EleutherAI/pythia-160m,4000,wikitext,halfB,-,halfB,dim_top100_share,0.26888255224980473
EleutherAI/pythia-160m,4000,wikitext,halfB,-,halfB,dim_n_for_50pct,719.0
EleutherAI/pythia-160m,4000,wikitext,halfB,-,halfB,dim_n_for_90pct,13447.0
EleutherAI/pythia-160m,4000,wikitext,halfB,-,halfB,dim_participation_ratio_frac,0.019583765067747196
EleutherAI/pythia-160m,4000,wikitext,halfB,-,halfB,n_live_units,36864.0
EleutherAI/pythia-160m,4000,wikitext,halfB,-,halfB,coupling_mean_absr,0.02656448484729067
EleutherAI/pythia-160m,4000,wikitext,halfB,-,halfB,coupling_median_absr,0.019869521260261536
EleutherAI/pythia-160m,4000,wikitext,halfB,-,halfB,coupling_p90_absr,0.056891728192567825
EleutherAI/pythia-160m,4000,wikitext,halfB,-,halfB,coupling_p99_absr,0.1184121116995812
EleutherAI/pythia-160m,4000,wikitext,halfB,-,halfB,coupling_frac_absr_gt_0.1,0.018283908292650537
EleutherAI/pythia-160m,4000,wikitext,halfB,-,halfB,coupling_frac_absr_gt_0.3,0.00020820578812090975
EleutherAI/pythia-160m,4000,wikitext,halfB,-,halfB,coupling_concentration_top1pct,0.04890345004419943
EleutherAI/pythia-160m,4000,wikitext,halfB,-,halfB,hub_strength_gini,0.1438155239546397
EleutherAI/pythia-160m,4000,wikitext,halfB,-,halfB,hub_strength_cv,0.2678930967855205
EleutherAI/pythia-160m,4000,wikitext,halfA,real,halfA,segregation_within_mean,0.07534292839419465
EleutherAI/pythia-160m,4000,wikitext,halfA,real,halfA,segregation_between_mean,0.026019655477526674
EleutherAI/pythia-160m,4000,wikitext,halfA,real,halfA,segregation_ratio,2.8956159107974653
EleutherAI/pythia-160m,4000,wikitext,halfA,real,halfA,segregation_modularity,0.02093103437478636
EleutherAI/pythia-160m,4000,wikitext,halfA,real,halfB,segregation_within_mean,0.07473733746969065
EleutherAI/pythia-160m,4000,wikitext,halfA,real,halfB,segregation_between_mean,0.02598794402402344
EleutherAI/pythia-160m,4000,wikitext,halfA,real,halfB,segregation_ratio,2.8758464848393905
EleutherAI/pythia-160m,4000,wikitext,halfA,real,halfB,segregation_modularity,0.020685059387797713
EleutherAI/pythia-160m,4000,wikitext,halfA,null,halfA,segregation_within_mean,0.03258741840703351
EleutherAI/pythia-160m,4000,wikitext,halfA,null,halfA,segregation_between_mean,0.026516110536520834
EleutherAI/pythia-160m,4000,wikitext,halfA,null,halfA,segregation_ratio,1.228966758233664
EleutherAI/pythia-160m,4000,wikitext,halfA,null,halfA,segregation_modularity,0.0027995300918912894
EleutherAI/pythia-160m,4000,wikitext,halfA,null,halfB,segregation_within_mean,0.03255784538609005
EleutherAI/pythia-160m,4000,wikitext,halfA,null,halfB,segregation_between_mean,0.02647748245503095
EleutherAI/pythia-160m,4000,wikitext,halfA,null,halfB,segregation_ratio,1.229642789543376
EleutherAI/pythia-160m,4000,wikitext,halfA,null,halfB,segregation_modularity,0.0027778036522065988
EleutherAI/pythia-160m,4000,wikitext,halfB,real,halfB,segregation_within_mean,0.07528383633015023
EleutherAI/pythia-160m,4000,wikitext,halfB,real,halfB,segregation_between_mean,0.025982936526185843
EleutherAI/pythia-160m,4000,wikitext,halfB,real,halfB,segregation_ratio,2.8974337159419408
EleutherAI/pythia-160m,4000,wikitext,halfB,real,halfB,segregation_modularity,0.02080061945074197
EleutherAI/pythia-160m,4000,wikitext,halfB,real,halfA,segregation_within_mean,0.07522025521749469
EleutherAI/pythia-160m,4000,wikitext,halfB,real,halfA,segregation_between_mean,0.02602265353006998
EleutherAI/pythia-160m,4000,wikitext,halfB,real,halfA,segregation_ratio,2.8905682170565488
EleutherAI/pythia-160m,4000,wikitext,halfB,real,halfA,segregation_modularity,0.020755375185267752
EleutherAI/pythia-160m,4000,wikitext,halfB,null,halfB,segregation_within_mean,0.03265002057603766
EleutherAI/pythia-160m,4000,wikitext,halfB,null,halfB,segregation_between_mean,0.026475794975583063
EleutherAI/pythia-160m,4000,wikitext,halfB,null,halfB,segregation_ratio,1.2332026519373145
EleutherAI/pythia-160m,4000,wikitext,halfB,null,halfB,segregation_modularity,0.002724631803786302
EleutherAI/pythia-160m,4000,wikitext,halfB,null,halfA,segregation_within_mean,0.03267190747438931
EleutherAI/pythia-160m,4000,wikitext,halfB,null,halfA,segregation_between_mean,0.026514535582129097
EleutherAI/pythia-160m,4000,wikitext,halfB,null,halfA,segregation_ratio,1.2322262772880814
EleutherAI/pythia-160m,4000,wikitext,halfB,null,halfA,segregation_modularity,0.0027332629561239753
EleutherAI/pythia-160m,4000,bookcorpus,halfA,-,halfA,act_firing_rate_median,0.17291005452473956
EleutherAI/pythia-160m,4000,bookcorpus,halfA,-,halfA,act_frac_dead,0.0004069010416666667
EleutherAI/pythia-160m,4000,bookcorpus,halfA,-,halfA,act_frac_dense,0.012830946180555556
EleutherAI/pythia-160m,4000,bookcorpus,halfA,-,halfA,act_firing_rate_gini,0.3144024458651278
EleutherAI/pythia-160m,4000,bookcorpus,halfB,-,halfB,act_firing_rate_median,0.17302703857421875
EleutherAI/pythia-160m,4000,bookcorpus,halfB,-,halfB,act_frac_dead,0.0004069010416666667
EleutherAI/pythia-160m,4000,bookcorpus,halfB,-,halfB,act_frac_dense,0.012885199652777778
EleutherAI/pythia-160m,4000,bookcorpus,halfB,-,halfB,act_firing_rate_gini,0.31507258305272123
EleutherAI/pythia-160m,4000,bookcorpus,-,-,-,lm_loss,4.716496863197636
EleutherAI/pythia-160m,4000,bookcorpus,halfA,-,halfA,dim_participation_ratio,520.5009182814763
EleutherAI/pythia-160m,4000,bookcorpus,halfA,-,halfA,dim_top1_share,0.02479006781088332
EleutherAI/pythia-160m,4000,bookcorpus,halfA,-,halfA,dim_top10_share,0.09962264077713887
EleutherAI/pythia-160m,4000,bookcorpus,halfA,-,halfA,dim_top100_share,0.2884332394301666
EleutherAI/pythia-160m,4000,bookcorpus,halfA,-,halfA,dim_n_for_50pct,553.0
EleutherAI/pythia-160m,4000,bookcorpus,halfA,-,halfA,dim_n_for_90pct,11765.0
EleutherAI/pythia-160m,4000,bookcorpus,halfA,-,halfA,dim_participation_ratio_frac,0.014119491055812616
EleutherAI/pythia-160m,4000,bookcorpus,halfA,-,halfA,n_live_units,36864.0
EleutherAI/pythia-160m,4000,bookcorpus,halfA,-,halfA,coupling_mean_absr,0.03075769736575215
EleutherAI/pythia-160m,4000,bookcorpus,halfA,-,halfA,coupling_median_absr,0.02247457206249237
EleutherAI/pythia-160m,4000,bookcorpus,halfA,-,halfA,coupling_p90_absr,0.0666927568614483
EleutherAI/pythia-160m,4000,bookcorpus,halfA,-,halfA,coupling_p99_absr,0.13844181180000303
EleutherAI/pythia-160m,4000,bookcorpus,halfA,-,halfA,coupling_frac_absr_gt_0.1,0.03126935046441114
EleutherAI/pythia-160m,4000,bookcorpus,halfA,-,halfA,coupling_frac_absr_gt_0.3,0.0007614182740385769
EleutherAI/pythia-160m,4000,bookcorpus,halfA,-,halfA,coupling_concentration_top1pct,0.047439204918874045
EleutherAI/pythia-160m,4000,bookcorpus,halfA,-,halfA,hub_strength_gini,0.17285318023738516
EleutherAI/pythia-160m,4000,bookcorpus,halfA,-,halfA,hub_strength_cv,0.3426516837407129
EleutherAI/pythia-160m,4000,bookcorpus,halfB,-,halfB,dim_participation_ratio,516.9672328156912
EleutherAI/pythia-160m,4000,bookcorpus,halfB,-,halfB,dim_top1_share,0.02501896268935032
EleutherAI/pythia-160m,4000,bookcorpus,halfB,-,halfB,dim_top10_share,0.09987962143693253
EleutherAI/pythia-160m,4000,bookcorpus,halfB,-,halfB,dim_top100_share,0.28884208982750864
EleutherAI/pythia-160m,4000,bookcorpus,halfB,-,halfB,dim_n_for_50pct,550.0
EleutherAI/pythia-160m,4000,bookcorpus,halfB,-,halfB,dim_n_for_90pct,11764.0
EleutherAI/pythia-160m,4000,bookcorpus,halfB,-,halfB,dim_participation_ratio_frac,0.014023633702682595
EleutherAI/pythia-160m,4000,bookcorpus,halfB,-,halfB,n_live_units,36864.0
EleutherAI/pythia-160m,4000,bookcorpus,halfB,-,halfB,coupling_mean_absr,0.030852641131907256
EleutherAI/pythia-160m,4000,bookcorpus,halfB,-,halfB,coupling_median_absr,0.022505050525069237
EleutherAI/pythia-160m,4000,bookcorpus,halfB,-,halfB,coupling_p90_absr,0.06684980541467667
EleutherAI/pythia-160m,4000,bookcorpus,halfB,-,halfB,coupling_p99_absr,0.1389685529470443
EleutherAI/pythia-160m,4000,bookcorpus,halfB,-,halfB,coupling_frac_absr_gt_0.1,0.031565553279709044
EleutherAI/pythia-160m,4000,bookcorpus,halfB,-,halfB,coupling_frac_absr_gt_0.3,0.0007774234781890413
EleutherAI/pythia-160m,4000,bookcorpus,halfB,-,halfB,coupling_concentration_top1pct,0.04740408454239189
EleutherAI/pythia-160m,4000,bookcorpus,halfB,-,halfB,hub_strength_gini,0.17326801419652305
EleutherAI/pythia-160m,4000,bookcorpus,halfB,-,halfB,hub_strength_cv,0.3441418847137368
EleutherAI/pythia-160m,4000,bookcorpus,halfA,real,halfA,segregation_within_mean,0.08525050240418523
EleutherAI/pythia-160m,4000,bookcorpus,halfA,real,halfA,segregation_between_mean,0.03009340123037267
EleutherAI/pythia-160m,4000,bookcorpus,halfA,real,halfA,segregation_ratio,2.8328636484646874
EleutherAI/pythia-160m,4000,bookcorpus,halfA,real,halfA,segregation_modularity,0.019218227247122084
EleutherAI/pythia-160m,4000,bookcorpus,halfA,real,halfB,segregation_within_mean,0.08548471370165797
EleutherAI/pythia-160m,4000,bookcorpus,halfA,real,halfB,segregation_between_mean,0.030186647251825013
EleutherAI/pythia-160m,4000,bookcorpus,halfA,real,halfB,segregation_ratio,2.8318717540415084
EleutherAI/pythia-160m,4000,bookcorpus,halfA,real,halfB,segregation_modularity,0.019172533767363373
EleutherAI/pythia-160m,4000,bookcorpus,halfA,null,halfA,segregation_within_mean,0.03205994954120589
EleutherAI/pythia-160m,4000,bookcorpus,halfA,null,halfA,segregation_between_mean,0.03073800939532587
EleutherAI/pythia-160m,4000,bookcorpus,halfA,null,halfA,segregation_ratio,1.043006693402893
EleutherAI/pythia-160m,4000,bookcorpus,halfA,null,halfA,segregation_modularity,0.0009618791590595348
EleutherAI/pythia-160m,4000,bookcorpus,halfA,null,halfB,segregation_within_mean,0.032134109036828215
EleutherAI/pythia-160m,4000,bookcorpus,halfA,null,halfB,segregation_between_mean,0.03083326738594115
EleutherAI/pythia-160m,4000,bookcorpus,halfA,null,halfB,segregation_ratio,1.042189549184145
EleutherAI/pythia-160m,4000,bookcorpus,halfA,null,halfB,segregation_modularity,0.0009476063702960402
EleutherAI/pythia-160m,4000,bookcorpus,halfB,real,halfB,segregation_within_mean,0.08677497367439067
EleutherAI/pythia-160m,4000,bookcorpus,halfB,real,halfB,segregation_between_mean,0.030170382829696425
EleutherAI/pythia-160m,4000,bookcorpus,halfB,real,halfB,segregation_ratio,2.8761641562260483
EleutherAI/pythia-160m,4000,bookcorpus,halfB,real,halfB,segregation_modularity,0.019488041121314637
EleutherAI/pythia-160m,4000,bookcorpus,halfB,real,halfA,segregation_within_mean,0.08631739518114544
EleutherAI/pythia-160m,4000,bookcorpus,halfB,real,halfA,segregation_between_mean,0.03007986325640713
EleutherAI/pythia-160m,4000,bookcorpus,halfB,real,halfA,segregation_ratio,2.8696072999188083
EleutherAI/pythia-160m,4000,bookcorpus,halfB,real,halfA,segregation_modularity,0.01945072579696098
EleutherAI/pythia-160m,4000,bookcorpus,halfB,null,halfB,segregation_within_mean,0.03257423291084336
EleutherAI/pythia-160m,4000,bookcorpus,halfB,null,halfB,segregation_between_mean,0.03082921497403376
EleutherAI/pythia-160m,4000,bookcorpus,halfB,null,halfB,segregation_ratio,1.056602736666482
EleutherAI/pythia-160m,4000,bookcorpus,halfB,null,halfB,segregation_modularity,0.0009147039892852334
EleutherAI/pythia-160m,4000,bookcorpus,halfB,null,halfA,segregation_within_mean,0.03249588019766677
EleutherAI/pythia-160m,4000,bookcorpus,halfB,null,halfA,segregation_between_mean,0.030734045442472654
EleutherAI/pythia-160m,4000,bookcorpus,halfB,null,halfA,segregation_ratio,1.0573251822150092
EleutherAI/pythia-160m,4000,bookcorpus,halfB,null,halfA,segregation_modularity,0.0009261998540463234
EleutherAI/pythia-160m,4000,agnews,halfA,-,halfA,act_firing_rate_median,0.1789703369140625
EleutherAI/pythia-160m,4000,agnews,halfA,-,halfA,act_frac_dead,0.00010850694444444444
EleutherAI/pythia-160m,4000,agnews,halfA,-,halfA,act_frac_dense,0.005262586805555556
EleutherAI/pythia-160m,4000,agnews,halfA,-,halfA,act_firing_rate_gini,0.27263056641755856
EleutherAI/pythia-160m,4000,agnews,halfB,-,halfB,act_firing_rate_median,0.17888641357421875
EleutherAI/pythia-160m,4000,agnews,halfB,-,halfB,act_frac_dead,8.138020833333333e-05
EleutherAI/pythia-160m,4000,agnews,halfB,-,halfB,act_frac_dense,0.005072699652777778
EleutherAI/pythia-160m,4000,agnews,halfB,-,halfB,act_firing_rate_gini,0.2724272356805222
EleutherAI/pythia-160m,4000,agnews,-,-,-,lm_loss,4.643374355107885
EleutherAI/pythia-160m,4000,agnews,halfA,-,halfA,dim_participation_ratio,860.7719650392986
EleutherAI/pythia-160m,4000,agnews,halfA,-,halfA,dim_top1_share,0.012847976868907934
EleutherAI/pythia-160m,4000,agnews,halfA,-,halfA,dim_top10_share,0.07099760132200444
EleutherAI/pythia-160m,4000,agnews,halfA,-,halfA,dim_top100_share,0.2561273075568131
EleutherAI/pythia-160m,4000,agnews,halfA,-,halfA,dim_n_for_50pct,724.0
EleutherAI/pythia-160m,4000,agnews,halfA,-,halfA,dim_n_for_90pct,13032.0
EleutherAI/pythia-160m,4000,agnews,halfA,-,halfA,dim_participation_ratio_frac,0.02334993394746361
EleutherAI/pythia-160m,4000,agnews,halfA,-,halfA,n_live_units,36864.0
EleutherAI/pythia-160m,4000,agnews,halfA,-,halfA,coupling_mean_absr,0.024558110146532895
EleutherAI/pythia-160m,4000,agnews,halfA,-,halfA,coupling_median_absr,0.01846175268292427
EleutherAI/pythia-160m,4000,agnews,halfA,-,halfA,coupling_p90_absr,0.05265172943472862
EleutherAI/pythia-160m,4000,agnews,halfA,-,halfA,coupling_p99_absr,0.10821195766329744
EleutherAI/pythia-160m,4000,agnews,halfA,-,halfA,coupling_frac_absr_gt_0.1,0.013559749841545912
EleutherAI/pythia-160m,4000,agnews,halfA,-,halfA,coupling_frac_absr_gt_0.3,5.160133131434791e-05
EleutherAI/pythia-160m,4000,agnews,halfA,-,halfA,coupling_concentration_top1pct,0.04888846540102945
EleutherAI/pythia-160m,4000,agnews,halfA,-,halfA,hub_strength_gini,0.1381541934667596
EleutherAI/pythia-160m,4000,agnews,halfA,-,halfA,hub_strength_cv,0.2468030515917745
EleutherAI/pythia-160m,4000,agnews,halfB,-,halfB,dim_participation_ratio,864.7887729284326
EleutherAI/pythia-160m,4000,agnews,halfB,-,halfB,dim_top1_share,0.012859578967662363
EleutherAI/pythia-160m,4000,agnews,halfB,-,halfB,dim_top10_share,0.07076564366938959
EleutherAI/pythia-160m,4000,agnews,halfB,-,halfB,dim_top100_share,0.2556092318747444
EleutherAI/pythia-160m,4000,agnews,halfB,-,halfB,dim_n_for_50pct,737.0
EleutherAI/pythia-160m,4000,agnews,halfB,-,halfB,dim_n_for_90pct,13114.0
EleutherAI/pythia-160m,4000,agnews,halfB,-,halfB,dim_participation_ratio_frac,0.02345889683508118
EleutherAI/pythia-160m,4000,agnews,halfB,-,halfB,n_live_units,36864.0
EleutherAI/pythia-160m,4000,agnews,halfB,-,halfB,coupling_mean_absr,0.024496183723851137
EleutherAI/pythia-160m,4000,agnews,halfB,-,halfB,coupling_median_absr,0.018428891897201538
EleutherAI/pythia-160m,4000,agnews,halfB,-,halfB,coupling_p90_absr,0.05255194157361983
EleutherAI/pythia-160m,4000,agnews,halfB,-,halfB,coupling_p99_absr,0.10784148156642911
EleutherAI/pythia-160m,4000,agnews,halfB,-,halfB,coupling_frac_absr_gt_0.1,0.013436968172927938
EleutherAI/pythia-160m,4000,agnews,halfB,-,halfB,coupling_frac_absr_gt_0.3,4.8601331676487935e-05
EleutherAI/pythia-160m,4000,agnews,halfB,-,halfB,coupling_concentration_top1pct,0.04889169171641117
EleutherAI/pythia-160m,4000,agnews,halfB,-,halfB,hub_strength_gini,0.13838319677303001
EleutherAI/pythia-160m,4000,agnews,halfB,-,halfB,hub_strength_cv,0.2472320678707707
EleutherAI/pythia-160m,4000,agnews,halfA,real,halfA,segregation_within_mean,0.05891834987362897
EleutherAI/pythia-160m,4000,agnews,halfA,real,halfA,segregation_between_mean,0.024124618498866983
EleutherAI/pythia-160m,4000,agnews,halfA,real,halfA,segregation_ratio,2.4422500142912553
EleutherAI/pythia-160m,4000,agnews,halfA,real,halfA,segregation_modularity,0.017671779517386767
EleutherAI/pythia-160m,4000,agnews,halfA,real,halfB,segregation_within_mean,0.058597259985082396
EleutherAI/pythia-160m,4000,agnews,halfA,real,halfB,segregation_between_mean,0.024065961700344404
EleutherAI/pythia-160m,4000,agnews,halfA,real,halfB,segregation_ratio,2.43486051854906
EleutherAI/pythia-160m,4000,agnews,halfA,real,halfB,segregation_modularity,0.01757336363682704
EleutherAI/pythia-160m,4000,agnews,halfA,null,halfA,segregation_within_mean,0.02707037640354723
EleutherAI/pythia-160m,4000,agnews,halfA,null,halfA,segregation_between_mean,0.024529197258182606
EleutherAI/pythia-160m,4000,agnews,halfA,null,halfA,segregation_ratio,1.1035981372980692
EleutherAI/pythia-160m,4000,agnews,halfA,null,halfA,segregation_modularity,0.0012755102608927344
EleutherAI/pythia-160m,4000,agnews,halfA,null,halfB,segregation_within_mean,0.026994350973751226
EleutherAI/pythia-160m,4000,agnews,halfA,null,halfB,segregation_between_mean,0.024467433093809148
EleutherAI/pythia-160m,4000,agnews,halfA,null,halfB,segregation_ratio,1.1032767871584146
EleutherAI/pythia-160m,4000,agnews,halfA,null,halfB,segregation_modularity,0.0012665859250052417
EleutherAI/pythia-160m,4000,agnews,halfB,real,halfB,segregation_within_mean,0.05878933204513554
EleutherAI/pythia-160m,4000,agnews,halfB,real,halfB,segregation_between_mean,0.02405716020227048
EleutherAI/pythia-160m,4000,agnews,halfB,real,halfB,segregation_ratio,2.443735318335166
EleutherAI/pythia-160m,4000,agnews,halfB,real,halfB,segregation_modularity,0.01779645170898208
EleutherAI/pythia-160m,4000,agnews,halfB,real,halfA,segregation_within_mean,0.05868124179175254
EleutherAI/pythia-160m,4000,agnews,halfB,real,halfA,segregation_between_mean,0.02412126318751509
EleutherAI/pythia-160m,4000,agnews,halfB,real,halfA,segregation_ratio,2.4327598988317214
EleutherAI/pythia-160m,4000,agnews,halfB,real,halfA,segregation_modularity,0.017671341576245163
EleutherAI/pythia-160m,4000,agnews,halfB,null,halfB,segregation_within_mean,0.02711252917355729
EleutherAI/pythia-160m,4000,agnews,halfB,null,halfB,segregation_between_mean,0.024465897596154217
EleutherAI/pythia-160m,4000,agnews,halfB,null,halfB,segregation_ratio,1.1081763531054383
EleutherAI/pythia-160m,4000,agnews,halfB,null,halfB,segregation_modularity,0.0012861703836028345
EleutherAI/pythia-160m,4000,agnews,halfB,null,halfA,segregation_within_mean,0.027186705188089917
EleutherAI/pythia-160m,4000,agnews,halfB,null,halfA,segregation_between_mean,0.02452768221832052
EleutherAI/pythia-160m,4000,agnews,halfB,null,halfA,segregation_ratio,1.1084090598574083
EleutherAI/pythia-160m,4000,agnews,halfB,null,halfA,segregation_modularity,0.0012901593800702768
EleutherAI/pythia-160m,4000,tldr17,halfA,-,halfA,act_firing_rate_median,0.17697652180989584
EleutherAI/pythia-160m,4000,tldr17,halfA,-,halfA,act_frac_dead,5.425347222222222e-05
EleutherAI/pythia-160m,4000,tldr17,halfA,-,halfA,act_frac_dense,0.004991319444444444
EleutherAI/pythia-160m,4000,tldr17,halfA,-,halfA,act_firing_rate_gini,0.25920783815944204
EleutherAI/pythia-160m,4000,tldr17,halfB,-,halfB,act_firing_rate_median,0.17671966552734375
EleutherAI/pythia-160m,4000,tldr17,halfB,-,halfB,act_frac_dead,5.425347222222222e-05
EleutherAI/pythia-160m,4000,tldr17,halfB,-,halfB,act_frac_dense,0.005126953125
EleutherAI/pythia-160m,4000,tldr17,halfB,-,halfB,act_firing_rate_gini,0.2620374701771184
EleutherAI/pythia-160m,4000,tldr17,-,-,-,lm_loss,3.8960070122116397
EleutherAI/pythia-160m,4000,tldr17,halfA,-,halfA,dim_participation_ratio,807.2189101770649
EleutherAI/pythia-160m,4000,tldr17,halfA,-,halfA,dim_top1_share,0.012632625638341458
EleutherAI/pythia-160m,4000,tldr17,halfA,-,halfA,dim_top10_share,0.07395022951162697
EleutherAI/pythia-160m,4000,tldr17,halfA,-,halfA,dim_top100_share,0.2659966547821316
EleutherAI/pythia-160m,4000,tldr17,halfA,-,halfA,dim_n_for_50pct,636.0
EleutherAI/pythia-160m,4000,tldr17,halfA,-,halfA,dim_n_for_90pct,12781.0
EleutherAI/pythia-160m,4000,tldr17,halfA,-,halfA,dim_participation_ratio_frac,0.021897214360271942
EleutherAI/pythia-160m,4000,tldr17,halfA,-,halfA,n_live_units,36864.0
EleutherAI/pythia-160m,4000,tldr17,halfA,-,halfA,coupling_mean_absr,0.025471745506326086
EleutherAI/pythia-160m,4000,tldr17,halfA,-,halfA,coupling_median_absr,0.01926359534263611
EleutherAI/pythia-160m,4000,tldr17,halfA,-,halfA,coupling_p90_absr,0.0545695498585701
EleutherAI/pythia-160m,4000,tldr17,halfA,-,halfA,coupling_p99_absr,0.11016655191779134
EleutherAI/pythia-160m,4000,tldr17,halfA,-,halfA,coupling_frac_absr_gt_0.1,0.014556375554489305
EleutherAI/pythia-160m,4000,tldr17,halfA,-,halfA,coupling_frac_absr_gt_0.3,8.08020846937851e-05
EleutherAI/pythia-160m,4000,tldr17,halfA,-,halfA,coupling_concentration_top1pct,0.049102897877519466
EleutherAI/pythia-160m,4000,tldr17,halfA,-,halfA,hub_strength_gini,0.13021180764390072
EleutherAI/pythia-160m,4000,tldr17,halfA,-,halfA,hub_strength_cv,0.23735364594274258
EleutherAI/pythia-160m,4000,tldr17,halfB,-,halfB,dim_participation_ratio,797.9690649008381
EleutherAI/pythia-160m,4000,tldr17,halfB,-,halfB,dim_top1_share,0.012821643181124885
EleutherAI/pythia-160m,4000,tldr17,halfB,-,halfB,dim_top10_share,0.07460855652181492
EleutherAI/pythia-160m,4000,tldr17,halfB,-,halfB,dim_top100_share,0.2669454191120378
EleutherAI/pythia-160m,4000,tldr17,halfB,-,halfB,dim_n_for_50pct,632.0
EleutherAI/pythia-160m,4000,tldr17,halfB,-,halfB,dim_n_for_90pct,12719.0
EleutherAI/pythia-160m,4000,tldr17,halfB,-,halfB,dim_participation_ratio_frac,0.021646296248395133
EleutherAI/pythia-160m,4000,tldr17,halfB,-,halfB,n_live_units,36864.0
EleutherAI/pythia-160m,4000,tldr17,halfB,-,halfB,coupling_mean_absr,0.02559796739542426
EleutherAI/pythia-160m,4000,tldr17,halfB,-,halfB,coupling_median_absr,0.019306324422359467
EleutherAI/pythia-160m,4000,tldr17,halfB,-,halfB,coupling_p90_absr,0.054869446530938164
EleutherAI/pythia-160m,4000,tldr17,halfB,-,halfB,coupling_p99_absr,0.1105640321224925
EleutherAI/pythia-160m,4000,tldr17,halfB,-,halfB,coupling_frac_absr_gt_0.1,0.014829809302736755
EleutherAI/pythia-160m,4000,tldr17,halfB,-,halfB,coupling_frac_absr_gt_0.3,8.060222462139955e-05
EleutherAI/pythia-160m,4000,tldr17,halfB,-,halfB,coupling_concentration_top1pct,0.04906624190745324
EleutherAI/pythia-160m,4000,tldr17,halfB,-,halfB,hub_strength_gini,0.1317578583217971
EleutherAI/pythia-160m,4000,tldr17,halfB,-,halfB,hub_strength_cv,0.2403730369058343
EleutherAI/pythia-160m,4000,tldr17,halfA,real,halfA,segregation_within_mean,0.06195468937779878
EleutherAI/pythia-160m,4000,tldr17,halfA,real,halfA,segregation_between_mean,0.025016397665120125
EleutherAI/pythia-160m,4000,tldr17,halfA,real,halfA,segregation_ratio,2.4765631809643396
EleutherAI/pythia-160m,4000,tldr17,halfA,real,halfA,segregation_modularity,0.017648476112790985
EleutherAI/pythia-160m,4000,tldr17,halfA,real,halfB,segregation_within_mean,0.06216140069327125
EleutherAI/pythia-160m,4000,tldr17,halfA,real,halfB,segregation_between_mean,0.025141614953314243
EleutherAI/pythia-160m,4000,tldr17,halfA,real,halfB,segregation_ratio,2.4724505887429857
EleutherAI/pythia-160m,4000,tldr17,halfA,real,halfB,segregation_modularity,0.017595294456562917
EleutherAI/pythia-160m,4000,tldr17,halfA,null,halfA,segregation_within_mean,0.029739788068259464
EleutherAI/pythia-160m,4000,tldr17,halfA,null,halfA,segregation_between_mean,0.025383024748570526
EleutherAI/pythia-160m,4000,tldr17,halfA,null,halfA,segregation_ratio,1.1716408254274067
EleutherAI/pythia-160m,4000,tldr17,halfA,null,halfA,segregation_modularity,0.0033188337663306484
EleutherAI/pythia-160m,4000,tldr17,halfA,null,halfB,segregation_within_mean,0.029834666146543436
EleutherAI/pythia-160m,4000,tldr17,halfA,null,halfB,segregation_between_mean,0.025509898190080878
EleutherAI/pythia-160m,4000,tldr17,halfA,null,halfB,segregation_ratio,1.1695329367541019
EleutherAI/pythia-160m,4000,tldr17,halfA,null,halfB,segregation_modularity,0.0032566890295223894
EleutherAI/pythia-160m,4000,tldr17,halfB,real,halfB,segregation_within_mean,0.06246347864504127
EleutherAI/pythia-160m,4000,tldr17,halfB,real,halfB,segregation_between_mean,0.02514141981732611
EleutherAI/pythia-160m,4000,tldr17,halfB,real,halfB,segregation_ratio,2.4844849296058773
EleutherAI/pythia-160m,4000,tldr17,halfB,real,halfB,segregation_modularity,0.017610929620063668
EleutherAI/pythia-160m,4000,tldr17,halfB,real,halfA,segregation_within_mean,0.061536351387047925
EleutherAI/pythia-160m,4000,tldr17,halfB,real,halfA,segregation_between_mean,0.0250251164516991
EleutherAI/pythia-160m,4000,tldr17,halfB,real,halfA,segregation_ratio,2.4589836177513518
EleutherAI/pythia-160m,4000,tldr17,halfB,real,halfA,segregation_modularity,0.017317836886519656
EleutherAI/pythia-160m,4000,tldr17,halfB,null,halfB,segregation_within_mean,0.029759688603268417
EleutherAI/pythia-160m,4000,tldr17,halfB,null,halfB,segregation_between_mean,0.025516222849940217
EleutherAI/pythia-160m,4000,tldr17,halfB,null,halfB,segregation_ratio,1.166304620330518
EleutherAI/pythia-160m,4000,tldr17,halfB,null,halfB,segregation_modularity,0.0030252611910993456
EleutherAI/pythia-160m,4000,tldr17,halfB,null,halfA,segregation_within_mean,0.029670435237217962
EleutherAI/pythia-160m,4000,tldr17,halfB,null,halfA,segregation_between_mean,0.02538927482600438
EleutherAI/pythia-160m,4000,tldr17,halfB,null,halfA,segregation_ratio,1.1686208227904447
EleutherAI/pythia-160m,4000,tldr17,halfB,null,halfA,segregation_modularity,0.0030655686406701947
EleutherAI/pythia-160m,64,wikitext,halfA,-,halfA,act_firing_rate_median,0.5001068115234375
EleutherAI/pythia-160m,64,wikitext,halfA,-,halfA,act_frac_dead,0.003173828125
EleutherAI/pythia-160m,64,wikitext,halfA,-,halfA,act_frac_dense,0.5001898871527778
EleutherAI/pythia-160m,64,wikitext,halfA,-,halfA,act_firing_rate_gini,0.28190587482546703
EleutherAI/pythia-160m,64,wikitext,halfB,-,halfB,act_firing_rate_median,0.4998957316080729
EleutherAI/pythia-160m,64,wikitext,halfB,-,halfB,act_frac_dead,0.0033094618055555555
EleutherAI/pythia-160m,64,wikitext,halfB,-,halfB,act_frac_dense,0.4998643663194444
EleutherAI/pythia-160m,64,wikitext,halfB,-,halfB,act_firing_rate_gini,0.2834256625742131
EleutherAI/pythia-160m,64,wikitext,-,-,-,lm_loss,9.35337524903324
EleutherAI/pythia-160m,64,wikitext,halfA,-,halfA,dim_participation_ratio,38.86132639133376
EleutherAI/pythia-160m,64,wikitext,halfA,-,halfA,dim_top1_share,0.11217885958497181
EleutherAI/pythia-160m,64,wikitext,halfA,-,halfA,dim_top10_share,0.3914975323614889
EleutherAI/pythia-160m,64,wikitext,halfA,-,halfA,dim_top100_share,0.6787152235512878
EleutherAI/pythia-160m,64,wikitext,halfA,-,halfA,dim_n_for_50pct,22.0
EleutherAI/pythia-160m,64,wikitext,halfA,-,halfA,dim_n_for_90pct,717.0
EleutherAI/pythia-160m,64,wikitext,halfA,-,halfA,dim_participation_ratio_frac,0.0010541809459454687
EleutherAI/pythia-160m,64,wikitext,halfA,-,halfA,n_live_units,36864.0
EleutherAI/pythia-160m,64,wikitext,halfA,-,halfA,coupling_mean_absr,0.12018171406377559
EleutherAI/pythia-160m,64,wikitext,halfA,-,halfA,coupling_median_absr,0.09145136177539825
EleutherAI/pythia-160m,64,wikitext,halfA,-,halfA,coupling_p90_absr,0.26352646946907043
EleutherAI/pythia-160m,64,wikitext,halfA,-,halfA,coupling_p99_absr,0.48568159878253886
EleutherAI/pythia-160m,64,wikitext,halfA,-,halfA,coupling_frac_absr_gt_0.1,0.4634472692129918
EleutherAI/pythia-160m,64,wikitext,halfA,-,halfA,coupling_frac_absr_gt_0.3,0.07073459471557098
EleutherAI/pythia-160m,64,wikitext,halfA,-,halfA,coupling_concentration_top1pct,0.034241053123002095
EleutherAI/pythia-160m,64,wikitext,halfA,-,halfA,hub_strength_gini,0.1979028266207279
EleutherAI/pythia-160m,64,wikitext,halfA,-,halfA,hub_strength_cv,0.34864027376315704
EleutherAI/pythia-160m,64,wikitext,halfB,-,halfB,dim_participation_ratio,38.22942641574362
EleutherAI/pythia-160m,64,wikitext,halfB,-,halfB,dim_top1_share,0.11367081557001736
EleutherAI/pythia-160m,64,wikitext,halfB,-,halfB,dim_top10_share,0.39186923158579073
EleutherAI/pythia-160m,64,wikitext,halfB,-,halfB,dim_top100_share,0.6794297149235019
EleutherAI/pythia-160m,64,wikitext,halfB,-,halfB,dim_n_for_50pct,22.0
EleutherAI/pythia-160m,64,wikitext,halfB,-,halfB,dim_n_for_90pct,712.0
EleutherAI/pythia-160m,64,wikitext,halfB,-,halfB,dim_participation_ratio_frac,0.0010370395620590174
EleutherAI/pythia-160m,64,wikitext,halfB,-,halfB,n_live_units,36864.0
EleutherAI/pythia-160m,64,wikitext,halfB,-,halfB,coupling_mean_absr,0.12115117041968668
EleutherAI/pythia-160m,64,wikitext,halfB,-,halfB,coupling_median_absr,0.09211906790733337
EleutherAI/pythia-160m,64,wikitext,halfB,-,halfB,coupling_p90_absr,0.2656730115413666
EleutherAI/pythia-160m,64,wikitext,halfB,-,halfB,coupling_p99_absr,0.49006951451301656
EleutherAI/pythia-160m,64,wikitext,halfB,-,halfB,coupling_frac_absr_gt_0.1,0.4662901628665277
EleutherAI/pythia-160m,64,wikitext,halfB,-,halfB,coupling_frac_absr_gt_0.3,0.07260281835835036
EleutherAI/pythia-160m,64,wikitext,halfB,-,halfB,coupling_concentration_top1pct,0.03413139358863633
EleutherAI/pythia-160m,64,wikitext,halfB,-,halfB,hub_strength_gini,0.1991544315585636
EleutherAI/pythia-160m,64,wikitext,halfB,-,halfB,hub_strength_cv,0.35084630643572035
EleutherAI/pythia-160m,64,wikitext,halfA,real,halfA,segregation_within_mean,0.2868912733028746
EleutherAI/pythia-160m,64,wikitext,halfA,real,halfA,segregation_between_mean,0.11823262173646641
EleutherAI/pythia-160m,64,wikitext,halfA,real,halfA,segregation_ratio,2.4264984493225437
EleutherAI/pythia-160m,64,wikitext,halfA,real,halfA,segregation_modularity,0.014212623548774886
EleutherAI/pythia-160m,64,wikitext,halfA,real,halfB,segregation_within_mean,0.2894820461674758
EleutherAI/pythia-160m,64,wikitext,halfA,real,halfB,segregation_between_mean,0.11918312238443758
EleutherAI/pythia-160m,64,wikitext,halfA,real,halfB,segregation_ratio,2.4288845633169545
EleutherAI/pythia-160m,64,wikitext,halfA,real,halfB,segregation_modularity,0.014189907215111763
EleutherAI/pythia-160m,64,wikitext,halfA,null,halfA,segregation_within_mean,0.11545521299764297
EleutherAI/pythia-160m,64,wikitext,halfA,null,halfA,segregation_between_mean,0.1203076186314157
EleutherAI/pythia-160m,64,wikitext,halfA,null,halfA,segregation_ratio,0.9596666803900511
EleutherAI/pythia-160m,64,wikitext,halfA,null,halfA,segregation_modularity,0.0012514123561998894
EleutherAI/pythia-160m,64,wikitext,halfA,null,halfB,segregation_within_mean,0.11643622238612153
EleutherAI/pythia-160m,64,wikitext,halfA,null,halfB,segregation_between_mean,0.12127676727009805
EleutherAI/pythia-160m,64,wikitext,halfA,null,halfB,segregation_ratio,0.9600867916177545
EleutherAI/pythia-160m,64,wikitext,halfA,null,halfB,segregation_modularity,0.0012528286145275496
EleutherAI/pythia-160m,64,wikitext,halfB,real,halfB,segregation_within_mean,0.2919379258414143
EleutherAI/pythia-160m,64,wikitext,halfB,real,halfB,segregation_between_mean,0.11915642145669957
EleutherAI/pythia-160m,64,wikitext,halfB,real,halfB,segregation_ratio,2.45003938749119
EleutherAI/pythia-160m,64,wikitext,halfB,real,halfB,segregation_modularity,0.014280091445503329
EleutherAI/pythia-160m,64,wikitext,halfB,real,halfA,segregation_within_mean,0.2887477024577553
EleutherAI/pythia-160m,64,wikitext,halfB,real,halfA,segregation_between_mean,0.11821290312421656
EleutherAI/pythia-160m,64,wikitext,halfB,real,halfA,segregation_ratio,2.442607319730089
EleutherAI/pythia-160m,64,wikitext,halfB,real,halfA,segregation_modularity,0.0142475872217428
EleutherAI/pythia-160m,64,wikitext,halfB,null,halfB,segregation_within_mean,0.11075648947529834
EleutherAI/pythia-160m,64,wikitext,halfB,null,halfB,segregation_between_mean,0.12198974072688565
EleutherAI/pythia-160m,64,wikitext,halfB,null,halfB,segregation_ratio,0.9079164265400265
EleutherAI/pythia-160m,64,wikitext,halfB,null,halfB,segregation_modularity,0.004270067452215066
EleutherAI/pythia-160m,64,wikitext,halfB,null,halfA,segregation_within_mean,0.10976766287705429
EleutherAI/pythia-160m,64,wikitext,halfB,null,halfA,segregation_between_mean,0.121021846972374
EleutherAI/pythia-160m,64,wikitext,halfB,null,halfA,segregation_ratio,0.9070070042982509
EleutherAI/pythia-160m,64,wikitext,halfB,null,halfA,segregation_modularity,0.004251295633946057
EleutherAI/pythia-160m,64,bookcorpus,halfA,-,halfA,act_firing_rate_median,0.4995905558268229
EleutherAI/pythia-160m,64,bookcorpus,halfA,-,halfA,act_frac_dead,0.005995008680555556
EleutherAI/pythia-160m,64,bookcorpus,halfA,-,halfA,act_frac_dense,0.4994032118055556
EleutherAI/pythia-160m,64,bookcorpus,halfA,-,halfA,act_firing_rate_gini,0.29363932212521826
EleutherAI/pythia-160m,64,bookcorpus,halfB,-,halfB,act_firing_rate_median,0.499603271484375
EleutherAI/pythia-160m,64,bookcorpus,halfB,-,halfB,act_frac_dead,0.005832248263888889
EleutherAI/pythia-160m,64,bookcorpus,halfB,-,halfB,act_frac_dense,0.4994032118055556
EleutherAI/pythia-160m,64,bookcorpus,halfB,-,halfB,act_firing_rate_gini,0.2932606000320188
EleutherAI/pythia-160m,64,bookcorpus,-,-,-,lm_loss,9.305790790545904
EleutherAI/pythia-160m,64,bookcorpus,halfA,-,halfA,dim_participation_ratio,36.83759217384303
EleutherAI/pythia-160m,64,bookcorpus,halfA,-,halfA,dim_top1_share,0.11458718897517649
EleutherAI/pythia-160m,64,bookcorpus,halfA,-,halfA,dim_top10_share,0.4010284371532665
EleutherAI/pythia-160m,64,bookcorpus,halfA,-,halfA,dim_top100_share,0.6895177311092984
EleutherAI/pythia-160m,64,bookcorpus,halfA,-,halfA,dim_n_for_50pct,24.0
EleutherAI/pythia-160m,64,bookcorpus,halfA,-,halfA,dim_n_for_90pct,550.0
EleutherAI/pythia-160m,64,bookcorpus,halfA,-,halfA,dim_participation_ratio_frac,0.0009992836418685716
EleutherAI/pythia-160m,64,bookcorpus,halfA,-,halfA,n_live_units,36864.0
EleutherAI/pythia-160m,64,bookcorpus,halfA,-,halfA,coupling_mean_absr,0.12370472456933253
EleutherAI/pythia-160m,64,bookcorpus,halfA,-,halfA,coupling_median_absr,0.09459709003567696
EleutherAI/pythia-160m,64,bookcorpus,halfA,-,halfA,coupling_p90_absr,0.27074527740478516
EleutherAI/pythia-160m,64,bookcorpus,halfA,-,halfA,coupling_p99_absr,0.49783194839954376
EleutherAI/pythia-160m,64,bookcorpus,halfA,-,halfA,coupling_frac_absr_gt_0.1,0.47732965591174187
EleutherAI/pythia-160m,64,bookcorpus,halfA,-,halfA,coupling_frac_absr_gt_0.3,0.07633463203116875
EleutherAI/pythia-160m,64,bookcorpus,halfA,-,halfA,coupling_concentration_top1pct,0.03387529976698528
EleutherAI/pythia-160m,64,bookcorpus,halfA,-,halfA,hub_strength_gini,0.19860571253061998
EleutherAI/pythia-160m,64,bookcorpus,halfA,-,halfA,hub_strength_cv,0.34867914755810975
EleutherAI/pythia-160m,64,bookcorpus,halfB,-,halfB,dim_participation_ratio,37.111473772047255
EleutherAI/pythia-160m,64,bookcorpus,halfB,-,halfB,dim_top1_share,0.1143506462264245
EleutherAI/pythia-160m,64,bookcorpus,halfB,-,halfB,dim_top10_share,0.3989271298052377
EleutherAI/pythia-160m,64,bookcorpus,halfB,-,halfB,dim_top100_share,0.6883313336716942
EleutherAI/pythia-160m,64,bookcorpus,halfB,-,halfB,dim_n_for_50pct,24.0
EleutherAI/pythia-160m,64,bookcorpus,halfB,-,halfB,dim_n_for_90pct,554.0
EleutherAI/pythia-160m,64,bookcorpus,halfB,-,halfB,dim_participation_ratio_frac,0.0010067131557087471
EleutherAI/pythia-160m,64,bookcorpus,halfB,-,halfB,n_live_units,36864.0
EleutherAI/pythia-160m,64,bookcorpus,halfB,-,halfB,coupling_mean_absr,0.12317875304200224
EleutherAI/pythia-160m,64,bookcorpus,halfB,-,halfB,coupling_median_absr,0.09395758807659149
EleutherAI/pythia-160m,64,bookcorpus,halfB,-,halfB,coupling_p90_absr,0.2698282718658448
EleutherAI/pythia-160m,64,bookcorpus,halfB,-,halfB,coupling_p99_absr,0.4961334764957428
EleutherAI/pythia-160m,64,bookcorpus,halfB,-,halfB,coupling_frac_absr_gt_0.1,0.4744877295294318
EleutherAI/pythia-160m,64,bookcorpus,halfB,-,halfB,coupling_frac_absr_gt_0.3,0.07571908671641883
EleutherAI/pythia-160m,64,bookcorpus,halfB,-,halfB,coupling_concentration_top1pct,0.03389466945927176
EleutherAI/pythia-160m,64,bookcorpus,halfB,-,halfB,hub_strength_gini,0.1991593221332566
EleutherAI/pythia-160m,64,bookcorpus,halfB,-,halfB,hub_strength_cv,0.3497332716556947
EleutherAI/pythia-160m,64,bookcorpus,halfA,real,halfA,segregation_within_mean,0.29813456593992604
EleutherAI/pythia-160m,64,bookcorpus,halfA,real,halfA,segregation_between_mean,0.12169879100608569
EleutherAI/pythia-160m,64,bookcorpus,halfA,real,halfA,segregation_ratio,2.449774262137226
EleutherAI/pythia-160m,64,bookcorpus,halfA,real,halfA,segregation_modularity,0.01430928582052621
EleutherAI/pythia-160m,64,bookcorpus,halfA,real,halfB,segregation_within_mean,0.2965642052976971
EleutherAI/pythia-160m,64,bookcorpus,halfA,real,halfB,segregation_between_mean,0.12118482988028212
EleutherAI/pythia-160m,64,bookcorpus,halfA,real,halfB,segregation_ratio,2.4472056906022925
EleutherAI/pythia-160m,64,bookcorpus,halfA,real,halfB,segregation_modularity,0.014272310265615103
EleutherAI/pythia-160m,64,bookcorpus,halfA,null,halfA,segregation_within_mean,0.1262145914520295
EleutherAI/pythia-160m,64,bookcorpus,halfA,null,halfA,segregation_between_mean,0.1236784330444944
EleutherAI/pythia-160m,64,bookcorpus,halfA,null,halfA,segregation_ratio,1.0205060683993523
EleutherAI/pythia-160m,64,bookcorpus,halfA,null,halfA,segregation_modularity,0.00020414260515833814
EleutherAI/pythia-160m,64,bookcorpus,halfA,null,halfB,segregation_within_mean,0.12571190731495316
EleutherAI/pythia-160m,64,bookcorpus,halfA,null,halfB,segregation_between_mean,0.12315221757409463
EleutherAI/pythia-160m,64,bookcorpus,halfA,null,halfB,segregation_ratio,1.0207847636955338
EleutherAI/pythia-160m,64,bookcorpus,halfA,null,halfB,segregation_modularity,0.00020662231705558963
EleutherAI/pythia-160m,64,bookcorpus,halfB,real,halfB,segregation_within_mean,0.2971617449470275
EleutherAI/pythia-160m,64,bookcorpus,halfB,real,halfB,segregation_between_mean,0.12116466675982988
EleutherAI/pythia-160m,64,bookcorpus,halfB,real,halfB,segregation_ratio,2.4525445651252062
EleutherAI/pythia-160m,64,bookcorpus,halfB,real,halfB,segregation_modularity,0.014345315214039828
EleutherAI/pythia-160m,64,bookcorpus,halfB,real,halfA,segregation_within_mean,0.29864748059459484
EleutherAI/pythia-160m,64,bookcorpus,halfB,real,halfA,segregation_between_mean,0.1216795277197847
EleutherAI/pythia-160m,64,bookcorpus,halfB,real,halfA,segregation_ratio,2.4543773812333405
EleutherAI/pythia-160m,64,bookcorpus,halfB,real,halfA,segregation_modularity,0.014376599582084147
EleutherAI/pythia-160m,64,bookcorpus,halfB,null,halfB,segregation_within_mean,0.1255452836489928
EleutherAI/pythia-160m,64,bookcorpus,halfB,null,halfB,segregation_between_mean,0.12315397251975908
EleutherAI/pythia-160m,64,bookcorpus,halfB,null,halfB,segregation_ratio,1.019417247209383
EleutherAI/pythia-160m,64,bookcorpus,halfB,null,halfB,segregation_modularity,0.0002082936409922345
EleutherAI/pythia-160m,64,bookcorpus,halfB,null,halfA,segregation_within_mean,0.12604204086146703
EleutherAI/pythia-160m,64,bookcorpus,halfB,null,halfA,segregation_between_mean,0.1236802499593249
EleutherAI/pythia-160m,64,bookcorpus,halfB,null,halfA,segregation_ratio,1.0190959421808967
EleutherAI/pythia-160m,64,bookcorpus,halfB,null,halfA,segregation_modularity,0.00020495590274775285
EleutherAI/pythia-160m,64,agnews,halfA,-,halfA,act_firing_rate_median,0.5004043579101562
EleutherAI/pythia-160m,64,agnews,halfA,-,halfA,act_frac_dead,0.003200954861111111
EleutherAI/pythia-160m,64,agnews,halfA,-,halfA,act_frac_dense,0.5010036892361112
EleutherAI/pythia-160m,64,agnews,halfA,-,halfA,act_firing_rate_gini,0.28116504884547555
EleutherAI/pythia-160m,64,agnews,halfB,-,halfB,act_firing_rate_median,0.500322977701823
EleutherAI/pythia-160m,64,agnews,halfB,-,halfB,act_frac_dead,0.003228081597222222
EleutherAI/pythia-160m,64,agnews,halfB,-,halfB,act_frac_dense,0.5008951822916666
EleutherAI/pythia-160m,64,agnews,halfB,-,halfB,act_firing_rate_gini,0.281494969231602
EleutherAI/pythia-160m,64,agnews,-,-,-,lm_loss,9.326836172427662
EleutherAI/pythia-160m,64,agnews,halfA,-,halfA,dim_participation_ratio,38.92004889861319
EleutherAI/pythia-160m,64,agnews,halfA,-,halfA,dim_top1_share,0.11298743453643273
EleutherAI/pythia-160m,64,agnews,halfA,-,halfA,dim_top10_share,0.3844957643372183
EleutherAI/pythia-160m,64,agnews,halfA,-,halfA,dim_top100_share,0.65219115079063
EleutherAI/pythia-160m,64,agnews,halfA,-,halfA,dim_n_for_50pct,29.0
EleutherAI/pythia-160m,64,agnews,halfA,-,halfA,dim_n_for_90pct,759.0
EleutherAI/pythia-160m,64,agnews,halfA,-,halfA,dim_participation_ratio_frac,0.0010557738959042207
EleutherAI/pythia-160m,64,agnews,halfA,-,halfA,n_live_units,36864.0
EleutherAI/pythia-160m,64,agnews,halfA,-,halfA,coupling_mean_absr,0.11822157419072177
EleutherAI/pythia-160m,64,agnews,halfA,-,halfA,coupling_median_absr,0.0873672217130661
EleutherAI/pythia-160m,64,agnews,halfA,-,halfA,coupling_p90_absr,0.2647719085216522
EleutherAI/pythia-160m,64,agnews,halfA,-,halfA,coupling_p99_absr,0.49736529886722547
EleutherAI/pythia-160m,64,agnews,halfA,-,halfA,coupling_frac_absr_gt_0.1,0.44587170348995003
EleutherAI/pythia-160m,64,agnews,halfA,-,halfA,coupling_frac_absr_gt_0.3,0.07278647789112959
EleutherAI/pythia-160m,64,agnews,halfA,-,halfA,coupling_concentration_top1pct,0.034447643374204584
EleutherAI/pythia-160m,64,agnews,halfA,-,halfA,hub_strength_gini,0.21610426840885544
EleutherAI/pythia-160m,64,agnews,halfA,-,halfA,hub_strength_cv,0.37871192034605455
EleutherAI/pythia-160m,64,agnews,halfB,-,halfB,dim_participation_ratio,38.91310797932656
EleutherAI/pythia-160m,64,agnews,halfB,-,halfB,dim_top1_share,0.11358066180335151
EleutherAI/pythia-160m,64,agnews,halfB,-,halfB,dim_top10_share,0.38471800803944123
EleutherAI/pythia-160m,64,agnews,halfB,-,halfB,dim_top100_share,0.6518108704196447
EleutherAI/pythia-160m,64,agnews,halfB,-,halfB,dim_n_for_50pct,29.0
EleutherAI/pythia-160m,64,agnews,halfB,-,halfB,dim_n_for_90pct,765.0
EleutherAI/pythia-160m,64,agnews,halfB,-,halfB,dim_participation_ratio_frac,0.0010555856114183638
EleutherAI/pythia-160m,64,agnews,halfB,-,halfB,n_live_units,36864.0
EleutherAI/pythia-160m,64,agnews,halfB,-,halfB,coupling_mean_absr,0.11821533960025242
EleutherAI/pythia-160m,64,agnews,halfB,-,halfB,coupling_median_absr,0.0873478576540947
EleutherAI/pythia-160m,64,agnews,halfB,-,halfB,coupling_p90_absr,0.26443012952804557
EleutherAI/pythia-160m,64,agnews,halfB,-,halfB,coupling_p99_absr,0.49756283164024323
EleutherAI/pythia-160m,64,agnews,halfB,-,halfB,coupling_frac_absr_gt_0.1,0.4455336076208488
EleutherAI/pythia-160m,64,agnews,halfB,-,halfB,coupling_frac_absr_gt_0.3,0.0726311900946086
EleutherAI/pythia-160m,64,agnews,halfB,-,halfB,coupling_concentration_top1pct,0.03443128437188174
EleutherAI/pythia-160m,64,agnews,halfB,-,halfB,hub_strength_gini,0.21631427821485705
EleutherAI/pythia-160m,64,agnews,halfB,-,halfB,hub_strength_cv,0.37923880910448216
EleutherAI/pythia-160m,64,agnews,halfA,real,halfA,segregation_within_mean,0.2840226307679397
EleutherAI/pythia-160m,64,agnews,halfA,real,halfA,segregation_between_mean,0.11628856717552821
EleutherAI/pythia-160m,64,agnews,halfA,real,halfA,segregation_ratio,2.442395135363827
EleutherAI/pythia-160m,64,agnews,halfA,real,halfA,segregation_modularity,0.01449624063654616
EleutherAI/pythia-160m,64,agnews,halfA,real,halfB,segregation_within_mean,0.28361024985460426
EleutherAI/pythia-160m,64,agnews,halfA,real,halfB,segregation_between_mean,0.11628706769673545
EleutherAI/pythia-160m,64,agnews,halfA,real,halfB,segregation_ratio,2.438880397210034
EleutherAI/pythia-160m,64,agnews,halfA,real,halfB,segregation_modularity,0.014471263872529085
EleutherAI/pythia-160m,64,agnews,halfA,null,halfA,segregation_within_mean,0.11809268137806435
EleutherAI/pythia-160m,64,agnews,halfA,null,halfA,segregation_between_mean,0.11822365259919539
EleutherAI/pythia-160m,64,agnews,halfA,null,halfA,segregation_ratio,0.99889217412716
EleutherAI/pythia-160m,64,agnews,halfA,null,halfA,segregation_modularity,0.0005614464917446008
EleutherAI/pythia-160m,64,agnews,halfA,null,halfB,segregation_within_mean,0.1180858063326639
EleutherAI/pythia-160m,64,agnews,halfA,null,halfB,segregation_between_mean,0.11821742831556141
EleutherAI/pythia-160m,64,agnews,halfA,null,halfB,segregation_ratio,0.99888661101182
EleutherAI/pythia-160m,64,agnews,halfA,null,halfB,segregation_modularity,0.0005600195791490234
EleutherAI/pythia-160m,64,agnews,halfB,real,halfB,segregation_within_mean,0.28209094878963303
EleutherAI/pythia-160m,64,agnews,halfB,real,halfB,segregation_between_mean,0.11630235535546515
EleutherAI/pythia-160m,64,agnews,halfB,real,halfB,segregation_ratio,2.425496439237654
EleutherAI/pythia-160m,64,agnews,halfB,real,halfB,segregation_modularity,0.014358962358730685
EleutherAI/pythia-160m,64,agnews,halfB,real,halfA,segregation_within_mean,0.2823190211649815
EleutherAI/pythia-160m,64,agnews,halfB,real,halfA,segregation_between_mean,0.11630600034451602
EleutherAI/pythia-160m,64,agnews,halfB,real,halfA,segregation_ratio,2.427381393296216
EleutherAI/pythia-160m,64,agnews,halfB,real,halfA,segregation_modularity,0.01437160020310886
EleutherAI/pythia-160m,64,agnews,halfB,null,halfB,segregation_within_mean,0.12064603620870783
EleutherAI/pythia-160m,64,agnews,halfB,null,halfB,segregation_between_mean,0.11818809410104328
EleutherAI/pythia-160m,64,agnews,halfB,null,halfB,segregation_ratio,1.0207968672848144
EleutherAI/pythia-160m,64,agnews,halfB,null,halfB,segregation_modularity,0.00037045007662558677
EleutherAI/pythia-160m,64,agnews,halfB,null,halfA,segregation_within_mean,0.12065632527525519
EleutherAI/pythia-160m,64,agnews,halfB,null,halfA,segregation_between_mean,0.11819428324124023
EleutherAI/pythia-160m,64,agnews,halfB,null,halfA,segregation_ratio,1.0208304663008938
EleutherAI/pythia-160m,64,agnews,halfB,null,halfA,segregation_modularity,0.000371040390288732
EleutherAI/pythia-160m,64,tldr17,halfA,-,halfA,act_firing_rate_median,0.4992879231770833
EleutherAI/pythia-160m,64,tldr17,halfA,-,halfA,act_frac_dead,0.00244140625
EleutherAI/pythia-160m,64,tldr17,halfA,-,halfA,act_frac_dense,0.4985894097222222
EleutherAI/pythia-160m,64,tldr17,halfA,-,halfA,act_firing_rate_gini,0.2822396734802832
EleutherAI/pythia-160m,64,tldr17,halfB,-,halfB,act_firing_rate_median,0.49926503499348956
EleutherAI/pythia-160m,64,tldr17,halfB,-,halfB,act_frac_dead,0.0025770399305555555
EleutherAI/pythia-160m,64,tldr17,halfB,-,halfB,act_frac_dense,0.4987521701388889
EleutherAI/pythia-160m,64,tldr17,halfB,-,halfB,act_firing_rate_gini,0.28366757199012627
EleutherAI/pythia-160m,64,tldr17,-,-,-,lm_loss,8.72684363616652
EleutherAI/pythia-160m,64,tldr17,halfA,-,halfA,dim_participation_ratio,35.94756665638615
EleutherAI/pythia-160m,64,tldr17,halfA,-,halfA,dim_top1_share,0.1051050457208886
EleutherAI/pythia-160m,64,tldr17,halfA,-,halfA,dim_top10_share,0.4230763079001468
EleutherAI/pythia-160m,64,tldr17,halfA,-,halfA,dim_top100_share,0.7159495605986199
EleutherAI/pythia-160m,64,tldr17,halfA,-,halfA,dim_n_for_50pct,19.0
EleutherAI/pythia-160m,64,tldr17,halfA,-,halfA,dim_n_for_90pct,477.0
EleutherAI/pythia-160m,64,tldr17,halfA,-,halfA,dim_participation_ratio_frac,0.0009751401545243639
EleutherAI/pythia-160m,64,tldr17,halfA,-,halfA,n_live_units,36864.0
EleutherAI/pythia-160m,64,tldr17,halfA,-,halfA,coupling_mean_absr,0.1254117846163505
EleutherAI/pythia-160m,64,tldr17,halfA,-,halfA,coupling_median_absr,0.0959504172205925
EleutherAI/pythia-160m,64,tldr17,halfA,-,halfA,coupling_p90_absr,0.2748209834098816
EleutherAI/pythia-160m,64,tldr17,halfA,-,halfA,coupling_p99_absr,0.5007170379161832
EleutherAI/pythia-160m,64,tldr17,halfA,-,halfA,coupling_frac_absr_gt_0.1,0.48316226558645214
EleutherAI/pythia-160m,64,tldr17,halfA,-,halfA,coupling_frac_absr_gt_0.3,0.07930324602374741
EleutherAI/pythia-160m,64,tldr17,halfA,-,halfA,coupling_concentration_top1pct,0.034219122674636816
EleutherAI/pythia-160m,64,tldr17,halfA,-,halfA,hub_strength_gini,0.18838959959616242
EleutherAI/pythia-160m,64,tldr17,halfA,-,halfA,hub_strength_cv,0.3286954878688802
EleutherAI/pythia-160m,64,tldr17,halfB,-,halfB,dim_participation_ratio,35.27948231633675
EleutherAI/pythia-160m,64,tldr17,halfB,-,halfB,dim_top1_share,0.10597566421890611
EleutherAI/pythia-160m,64,tldr17,halfB,-,halfB,dim_top10_share,0.42638473245675385
EleutherAI/pythia-160m,64,tldr17,halfB,-,halfB,dim_top100_share,0.7167226735336315
EleutherAI/pythia-160m,64,tldr17,halfB,-,halfB,dim_n_for_50pct,18.0
EleutherAI/pythia-160m,64,tldr17,halfB,-,halfB,dim_n_for_90pct,473.0
EleutherAI/pythia-160m,64,tldr17,halfB,-,halfB,dim_participation_ratio_frac,0.0009570172069318779
EleutherAI/pythia-160m,64,tldr17,halfB,-,halfB,n_live_units,36864.0
EleutherAI/pythia-160m,64,tldr17,halfB,-,halfB,coupling_mean_absr,0.126645460112878
EleutherAI/pythia-160m,64,tldr17,halfB,-,halfB,coupling_median_absr,0.09695390611886978
EleutherAI/pythia-160m,64,tldr17,halfB,-,halfB,coupling_p90_absr,0.27695899903774274
EleutherAI/pythia-160m,64,tldr17,halfB,-,halfB,coupling_p99_absr,0.5043485468626021
EleutherAI/pythia-160m,64,tldr17,halfB,-,halfB,coupling_frac_absr_gt_0.1,0.4874510536490807
EleutherAI/pythia-160m,64,tldr17,halfB,-,halfB,coupling_frac_absr_gt_0.3,0.08101583603707463
EleutherAI/pythia-160m,64,tldr17,halfB,-,halfB,coupling_concentration_top1pct,0.03412121293425155
EleutherAI/pythia-160m,64,tldr17,halfB,-,halfB,hub_strength_gini,0.1884864872206291
EleutherAI/pythia-160m,64,tldr17,halfB,-,halfB,hub_strength_cv,0.32881519082494476
EleutherAI/pythia-160m,64,tldr17,halfA,real,halfA,segregation_within_mean,0.31447365728010146
EleutherAI/pythia-160m,64,tldr17,halfA,real,halfA,segregation_between_mean,0.12315276057249619
EleutherAI/pythia-160m,64,tldr17,halfA,real,halfA,segregation_ratio,2.5535250352344367
EleutherAI/pythia-160m,64,tldr17,halfA,real,halfA,segregation_modularity,0.016318120541031003
EleutherAI/pythia-160m,64,tldr17,halfA,real,halfB,segregation_within_mean,0.31837142252075723
EleutherAI/pythia-160m,64,tldr17,halfA,real,halfB,segregation_between_mean,0.12435460393793653
EleutherAI/pythia-160m,64,tldr17,halfA,real,halfB,segregation_ratio,2.560190072895504
EleutherAI/pythia-160m,64,tldr17,halfA,real,halfB,segregation_modularity,0.016359361588852858
EleutherAI/pythia-160m,64,tldr17,halfA,null,halfA,segregation_within_mean,0.11607232243707193
EleutherAI/pythia-160m,64,tldr17,halfA,null,halfA,segregation_between_mean,0.12579008441563444
EleutherAI/pythia-160m,64,tldr17,halfA,null,halfA,segregation_ratio,0.9227462003566738
EleutherAI/pythia-160m,64,tldr17,halfA,null,halfA,segregation_modularity,0.0021248802970119385
EleutherAI/pythia-160m,64,tldr17,halfA,null,halfB,segregation_within_mean,0.11727793724644019
EleutherAI/pythia-160m,64,tldr17,halfA,null,halfB,segregation_between_mean,0.12702489648847987
EleutherAI/pythia-160m,64,tldr17,halfA,null,halfB,segregation_ratio,0.9232673317476495
EleutherAI/pythia-160m,64,tldr17,halfA,null,halfB,segregation_modularity,0.002076029628237747
EleutherAI/pythia-160m,64,tldr17,halfB,real,halfB,segregation_within_mean,0.31928624255971966
EleutherAI/pythia-160m,64,tldr17,halfB,real,halfB,segregation_between_mean,0.12434594500547813
EleutherAI/pythia-160m,64,tldr17,halfB,real,halfB,segregation_ratio,2.5677254095069473
EleutherAI/pythia-160m,64,tldr17,halfB,real,halfB,segregation_modularity,0.01640814037658828
EleutherAI/pythia-160m,64,tldr17,halfB,real,halfA,segregation_within_mean,0.3149435072164893
EleutherAI/pythia-160m,64,tldr17,halfB,real,halfA,segregation_between_mean,0.12314938173186928
EleutherAI/pythia-160m,64,tldr17,halfB,real,halfA,segregation_ratio,2.557410380688793
EleutherAI/pythia-160m,64,tldr17,halfB,real,halfA,segregation_modularity,0.016327713151557958
EleutherAI/pythia-160m,64,tldr17,halfB,null,halfB,segregation_within_mean,0.11523444210676873
EleutherAI/pythia-160m,64,tldr17,halfB,null,halfB,segregation_between_mean,0.12752024632484915
EleutherAI/pythia-160m,64,tldr17,halfB,null,halfB,segregation_ratio,0.9036560501398093
EleutherAI/pythia-160m,64,tldr17,halfB,null,halfB,segregation_modularity,0.0039014141576407765
EleutherAI/pythia-160m,64,tldr17,halfB,null,halfA,segregation_within_mean,0.11398448193493939
EleutherAI/pythia-160m,64,tldr17,halfB,null,halfA,segregation_between_mean,0.12628781921525273
EleutherAI/pythia-160m,64,tldr17,halfB,null,halfA,segregation_ratio,0.9025770073727952
EleutherAI/pythia-160m,64,tldr17,halfB,null,halfA,segregation_modularity,0.003963789464527222
EleutherAI/pythia-160m,64000,wikitext,halfA,-,halfA,act_firing_rate_median,0.16476949055989581
EleutherAI/pythia-160m,64000,wikitext,halfA,-,halfA,act_frac_dead,0.00016276041666666666
EleutherAI/pythia-160m,64000,wikitext,halfA,-,halfA,act_frac_dense,0.013943142361111112
EleutherAI/pythia-160m,64000,wikitext,halfA,-,halfA,act_firing_rate_gini,0.3393321783214962
EleutherAI/pythia-160m,64000,wikitext,halfB,-,halfB,act_firing_rate_median,0.16500600179036456
EleutherAI/pythia-160m,64000,wikitext,halfB,-,halfB,act_frac_dead,0.00013563368055555556
EleutherAI/pythia-160m,64000,wikitext,halfB,-,halfB,act_frac_dense,0.013590494791666666
EleutherAI/pythia-160m,64000,wikitext,halfB,-,halfB,act_firing_rate_gini,0.3386112441139566
EleutherAI/pythia-160m,64000,wikitext,-,-,-,lm_loss,3.7944210013431245
EleutherAI/pythia-160m,64000,wikitext,halfA,-,halfA,dim_participation_ratio,562.5418631300084
EleutherAI/pythia-160m,64000,wikitext,halfA,-,halfA,dim_top1_share,0.020734343525933136
EleutherAI/pythia-160m,64000,wikitext,halfA,-,halfA,dim_top10_share,0.0977576819838451
EleutherAI/pythia-160m,64000,wikitext,halfA,-,halfA,dim_top100_share,0.28624340056551223
EleutherAI/pythia-160m,64000,wikitext,halfA,-,halfA,dim_n_for_50pct,679.0
EleutherAI/pythia-160m,64000,wikitext,halfA,-,halfA,dim_n_for_90pct,12827.0
EleutherAI/pythia-160m,64000,wikitext,halfA,-,halfA,dim_participation_ratio_frac,0.015259924672580524
EleutherAI/pythia-160m,64000,wikitext,halfA,-,halfA,n_live_units,36864.0
EleutherAI/pythia-160m,64000,wikitext,halfA,-,halfA,coupling_mean_absr,0.02938701055612281
EleutherAI/pythia-160m,64000,wikitext,halfA,-,halfA,coupling_median_absr,0.0210815891623497
EleutherAI/pythia-160m,64000,wikitext,halfA,-,halfA,coupling_p90_absr,0.06394009590148927
EleutherAI/pythia-160m,64000,wikitext,halfA,-,halfA,coupling_p99_absr,0.1420235547423361
EleutherAI/pythia-160m,64000,wikitext,halfA,-,halfA,coupling_frac_absr_gt_0.1,0.03007524812199704
EleutherAI/pythia-160m,64000,wikitext,halfA,-,halfA,coupling_frac_absr_gt_0.3,0.00028900815002983084
EleutherAI/pythia-160m,64000,wikitext,halfA,-,halfA,coupling_concentration_top1pct,0.05033834922825238
EleutherAI/pythia-160m,64000,wikitext,halfA,-,halfA,hub_strength_gini,0.16310430730153858
EleutherAI/pythia-160m,64000,wikitext,halfA,-,halfA,hub_strength_cv,0.2951743738345585
EleutherAI/pythia-160m,64000,wikitext,halfB,-,halfB,dim_participation_ratio,564.4751671416976
EleutherAI/pythia-160m,64000,wikitext,halfB,-,halfB,dim_top1_share,0.02073802908687137
EleutherAI/pythia-160m,64000,wikitext,halfB,-,halfB,dim_top10_share,0.09768601438043631
EleutherAI/pythia-160m,64000,wikitext,halfB,-,halfB,dim_top100_share,0.2857680189148989
EleutherAI/pythia-160m,64000,wikitext,halfB,-,halfB,dim_n_for_50pct,678.0
EleutherAI/pythia-160m,64000,wikitext,halfB,-,halfB,dim_n_for_90pct,12841.0
EleutherAI/pythia-160m,64000,wikitext,halfB,-,halfB,dim_participation_ratio_frac,0.01531236890032817
EleutherAI/pythia-160m,64000,wikitext,halfB,-,halfB,n_live_units,36864.0
EleutherAI/pythia-160m,64000,wikitext,halfB,-,halfB,coupling_mean_absr,0.029332025350256728
EleutherAI/pythia-160m,64000,wikitext,halfB,-,halfB,coupling_median_absr,0.02104995958507061
EleutherAI/pythia-160m,64000,wikitext,halfB,-,halfB,coupling_p90_absr,0.06391756981611252
EleutherAI/pythia-160m,64000,wikitext,halfB,-,halfB,coupling_p99_absr,0.14141057431697884
EleutherAI/pythia-160m,64000,wikitext,halfB,-,halfB,coupling_frac_absr_gt_0.1,0.029973833272564976
EleutherAI/pythia-160m,64000,wikitext,halfB,-,halfB,coupling_frac_absr_gt_0.3,0.00028220784537810154
EleutherAI/pythia-160m,64000,wikitext,halfB,-,halfB,coupling_concentration_top1pct,0.050376470380051615
EleutherAI/pythia-160m,64000,wikitext,halfB,-,halfB,hub_strength_gini,0.16305939794613344
EleutherAI/pythia-160m,64000,wikitext,halfB,-,halfB,hub_strength_cv,0.29560171470240326
EleutherAI/pythia-160m,64000,wikitext,halfA,real,halfA,segregation_within_mean,0.10441136396796323
EleutherAI/pythia-160m,64000,wikitext,halfA,real,halfA,segregation_between_mean,0.028366754604361038
EleutherAI/pythia-160m,64000,wikitext,halfA,real,halfA,segregation_ratio,3.6807652276130054
EleutherAI/pythia-160m,64000,wikitext,halfA,real,halfA,segregation_modularity,0.03207804723539733
EleutherAI/pythia-160m,64000,wikitext,halfA,real,halfB,segregation_within_mean,0.10366912253584563
EleutherAI/pythia-160m,64000,wikitext,halfA,real,halfB,segregation_between_mean,0.02832111540188177
EleutherAI/pythia-160m,64000,wikitext,halfA,real,halfB,segregation_ratio,3.6604886871425073
EleutherAI/pythia-160m,64000,wikitext,halfA,real,halfB,segregation_modularity,0.031815862226622
EleutherAI/pythia-160m,64000,wikitext,halfA,null,halfA,segregation_within_mean,0.03469353992784614
EleutherAI/pythia-160m,64000,wikitext,halfA,null,halfA,segregation_between_mean,0.029306152726367482
EleutherAI/pythia-160m,64000,wikitext,halfA,null,halfA,segregation_ratio,1.1838312675082558
EleutherAI/pythia-160m,64000,wikitext,halfA,null,halfA,segregation_modularity,0.003276156275436888
EleutherAI/pythia-160m,64000,wikitext,halfA,null,halfB,segregation_within_mean,0.03462701105593263
EleutherAI/pythia-160m,64000,wikitext,halfA,null,halfB,segregation_between_mean,0.029251343410553795
EleutherAI/pythia-160m,64000,wikitext,halfA,null,halfB,segregation_ratio,1.1837750687183588
EleutherAI/pythia-160m,64000,wikitext,halfA,null,halfB,segregation_modularity,0.0032500580197567623
EleutherAI/pythia-160m,64000,wikitext,halfB,real,halfB,segregation_within_mean,0.10512177787348531
EleutherAI/pythia-160m,64000,wikitext,halfB,real,halfB,segregation_between_mean,0.028327369736533718
EleutherAI/pythia-160m,64000,wikitext,halfB,real,halfB,segregation_ratio,3.710961478287555
EleutherAI/pythia-160m,64000,wikitext,halfB,real,halfB,segregation_modularity,0.0315912669657017
EleutherAI/pythia-160m,64000,wikitext,halfB,real,halfA,segregation_within_mean,0.10518825820939415
EleutherAI/pythia-160m,64000,wikitext,halfB,real,halfA,segregation_between_mean,0.028382202563530405
EleutherAI/pythia-160m,64000,wikitext,halfB,real,halfA,segregation_ratio,3.70613443315197
EleutherAI/pythia-160m,64000,wikitext,halfB,real,halfA,segregation_modularity,0.03154084868718771
EleutherAI/pythia-160m,64000,wikitext,halfB,null,halfB,segregation_within_mean,0.03536397241829359
EleutherAI/pythia-160m,64000,wikitext,halfB,null,halfB,segregation_between_mean,0.02923920707562242
EleutherAI/pythia-160m,64000,wikitext,halfB,null,halfB,segregation_ratio,1.2094709793884104
EleutherAI/pythia-160m,64000,wikitext,halfB,null,halfB,segregation_modularity,0.0034776776365346065
EleutherAI/pythia-160m,64000,wikitext,halfB,null,halfA,segregation_within_mean,0.03540788872246932
EleutherAI/pythia-160m,64000,wikitext,halfB,null,halfA,segregation_between_mean,0.029294362606061677
EleutherAI/pythia-160m,64000,wikitext,halfB,null,halfA,segregation_ratio,1.2086929215228124
EleutherAI/pythia-160m,64000,wikitext,halfB,null,halfA,segregation_modularity,0.003489000019467406
EleutherAI/pythia-160m,64000,bookcorpus,halfA,-,halfA,act_firing_rate_median,0.15691121419270834
EleutherAI/pythia-160m,64000,bookcorpus,halfA,-,halfA,act_frac_dead,0.0015190972222222222
EleutherAI/pythia-160m,64000,bookcorpus,halfA,-,halfA,act_frac_dense,0.024441189236111112
EleutherAI/pythia-160m,64000,bookcorpus,halfA,-,halfA,act_firing_rate_gini,0.3807674009180937
EleutherAI/pythia-160m,64000,bookcorpus,halfB,-,halfB,act_firing_rate_median,0.15701039632161456
EleutherAI/pythia-160m,64000,bookcorpus,halfB,-,halfB,act_frac_dead,0.0016276041666666667
EleutherAI/pythia-160m,64000,bookcorpus,halfB,-,halfB,act_frac_dense,0.024468315972222224
EleutherAI/pythia-160m,64000,bookcorpus,halfB,-,halfB,act_firing_rate_gini,0.38119323816206796
EleutherAI/pythia-160m,64000,bookcorpus,-,-,-,lm_loss,4.3601119099984755
EleutherAI/pythia-160m,64000,bookcorpus,halfA,-,halfA,dim_participation_ratio,433.3280350517208
EleutherAI/pythia-160m,64000,bookcorpus,halfA,-,halfA,dim_top1_share,0.027021380647976035
EleutherAI/pythia-160m,64000,bookcorpus,halfA,-,halfA,dim_top10_share,0.11472581437767025
EleutherAI/pythia-160m,64000,bookcorpus,halfA,-,halfA,dim_top100_share,0.30300039370357107
EleutherAI/pythia-160m,64000,bookcorpus,halfA,-,halfA,dim_n_for_50pct,530.0
EleutherAI/pythia-160m,64000,bookcorpus,halfA,-,halfA,dim_n_for_90pct,11439.0
EleutherAI/pythia-160m,64000,bookcorpus,halfA,-,halfA,dim_participation_ratio_frac,0.011755094133730864
EleutherAI/pythia-160m,64000,bookcorpus,halfA,-,halfA,n_live_units,36863.0
EleutherAI/pythia-160m,64000,bookcorpus,halfA,-,halfA,coupling_mean_absr,0.03372131369717467
EleutherAI/pythia-160m,64000,bookcorpus,halfA,-,halfA,coupling_median_absr,0.024298280477523804
EleutherAI/pythia-160m,64000,bookcorpus,halfA,-,halfA,coupling_p90_absr,0.0738084189593792
EleutherAI/pythia-160m,64000,bookcorpus,halfA,-,halfA,coupling_p99_absr,0.15756087154150009
EleutherAI/pythia-160m,64000,bookcorpus,halfA,-,halfA,coupling_frac_absr_gt_0.1,0.044619470867300816
EleutherAI/pythia-160m,64000,bookcorpus,halfA,-,halfA,coupling_frac_absr_gt_0.3,0.0006752162051889245
EleutherAI/pythia-160m,64000,bookcorpus,halfA,-,halfA,coupling_concentration_top1pct,0.04812420743779875
EleutherAI/pythia-160m,64000,bookcorpus,halfA,-,halfA,hub_strength_gini,0.17609252032047507
EleutherAI/pythia-160m,64000,bookcorpus,halfA,-,halfA,hub_strength_cv,0.3333254109753084
EleutherAI/pythia-160m,64000,bookcorpus,halfB,-,halfB,dim_participation_ratio,431.78205483503507
EleutherAI/pythia-160m,64000,bookcorpus,halfB,-,halfB,dim_top1_share,0.0271514592329725
EleutherAI/pythia-160m,64000,bookcorpus,halfB,-,halfB,dim_top10_share,0.11484344570420066
EleutherAI/pythia-160m,64000,bookcorpus,halfB,-,halfB,dim_top100_share,0.30319247840336816
EleutherAI/pythia-160m,64000,bookcorpus,halfB,-,halfB,dim_n_for_50pct,528.0
EleutherAI/pythia-160m,64000,bookcorpus,halfB,-,halfB,dim_n_for_90pct,11438.0
EleutherAI/pythia-160m,64000,bookcorpus,halfB,-,halfB,dim_participation_ratio_frac,0.011713155598704257
EleutherAI/pythia-160m,64000,bookcorpus,halfB,-,halfB,n_live_units,36863.0
EleutherAI/pythia-160m,64000,bookcorpus,halfB,-,halfB,coupling_mean_absr,0.03376868597178265
EleutherAI/pythia-160m,64000,bookcorpus,halfB,-,halfB,coupling_median_absr,0.024305928498506546
EleutherAI/pythia-160m,64000,bookcorpus,halfB,-,halfB,coupling_p90_absr,0.07384250909090044
EleutherAI/pythia-160m,64000,bookcorpus,halfB,-,halfB,coupling_p99_absr,0.15809372603893201
EleutherAI/pythia-160m,64000,bookcorpus,halfB,-,halfB,coupling_frac_absr_gt_0.1,0.04481595344179394
EleutherAI/pythia-160m,64000,bookcorpus,halfB,-,halfB,coupling_frac_absr_gt_0.3,0.0006922209050713331
EleutherAI/pythia-160m,64000,bookcorpus,halfB,-,halfB,coupling_concentration_top1pct,0.048119308156158024
EleutherAI/pythia-160m,64000,bookcorpus,halfB,-,halfB,hub_strength_gini,0.17641290457286907
EleutherAI/pythia-160m,64000,bookcorpus,halfB,-,halfB,hub_strength_cv,0.33444403404829054
EleutherAI/pythia-160m,64000,bookcorpus,halfA,real,halfA,segregation_within_mean,0.110222031287028
EleutherAI/pythia-160m,64000,bookcorpus,halfA,real,halfA,segregation_between_mean,0.03269478769503519
EleutherAI/pythia-160m,64000,bookcorpus,halfA,real,halfA,segregation_ratio,3.371241688893596
EleutherAI/pythia-160m,64000,bookcorpus,halfA,real,halfA,segregation_modularity,0.027328073391340447
EleutherAI/pythia-160m,64000,bookcorpus,halfA,real,halfB,segregation_within_mean,0.11031694871406744
EleutherAI/pythia-160m,64000,bookcorpus,halfA,real,halfB,segregation_between_mean,0.03274152198297237
EleutherAI/pythia-160m,64000,bookcorpus,halfA,real,halfB,segregation_ratio,3.369328669920693
EleutherAI/pythia-160m,64000,bookcorpus,halfA,real,halfB,segregation_modularity,0.02728645331331991
EleutherAI/pythia-160m,64000,bookcorpus,halfA,null,halfA,segregation_within_mean,0.0364546400914642
EleutherAI/pythia-160m,64000,bookcorpus,halfA,null,halfA,segregation_between_mean,0.03367106666218113
EleutherAI/pythia-160m,64000,bookcorpus,halfA,null,halfA,segregation_ratio,1.0826695945575595
EleutherAI/pythia-160m,64000,bookcorpus,halfA,null,halfA,segregation_modularity,0.0023451597696892866
EleutherAI/pythia-160m,64000,bookcorpus,halfA,null,halfB,segregation_within_mean,0.03647989312102452
EleutherAI/pythia-160m,64000,bookcorpus,halfA,null,halfB,segregation_between_mean,0.033718845561989806
EleutherAI/pythia-160m,64000,bookcorpus,halfA,null,halfB,segregation_ratio,1.0818844036032822
EleutherAI/pythia-160m,64000,bookcorpus,halfA,null,halfB,segregation_modularity,0.0023316059831529666
EleutherAI/pythia-160m,64000,bookcorpus,halfB,real,halfB,segregation_within_mean,0.11032423535619654
EleutherAI/pythia-160m,64000,bookcorpus,halfB,real,halfB,segregation_between_mean,0.03274526635011734
EleutherAI/pythia-160m,64000,bookcorpus,halfB,real,halfB,segregation_ratio,3.3691659178029925
EleutherAI/pythia-160m,64000,bookcorpus,halfB,real,halfB,segregation_modularity,0.02717656951245079
EleutherAI/pythia-160m,64000,bookcorpus,halfB,real,halfA,segregation_within_mean,0.11006177333863397
EleutherAI/pythia-160m,64000,bookcorpus,halfB,real,halfA,segregation_between_mean,0.03270076946831383
EleutherAI/pythia-160m,64000,bookcorpus,halfB,real,halfA,segregation_ratio,3.3657242666806626
EleutherAI/pythia-160m,64000,bookcorpus,halfB,real,halfA,segregation_modularity,0.02715422191293869
EleutherAI/pythia-160m,64000,bookcorpus,halfB,null,halfB,segregation_within_mean,0.036277634391692744
EleutherAI/pythia-160m,64000,bookcorpus,halfB,null,halfB,segregation_between_mean,0.03372240472455842
EleutherAI/pythia-160m,64000,bookcorpus,halfB,null,halfB,segregation_ratio,1.075772463085157
EleutherAI/pythia-160m,64000,bookcorpus,halfB,null,halfB,segregation_modularity,0.0022378191455840095
EleutherAI/pythia-160m,64000,bookcorpus,halfB,null,halfA,segregation_within_mean,0.0362441090485072
EleutherAI/pythia-160m,64000,bookcorpus,halfB,null,halfA,segregation_between_mean,0.03367477702077722
EleutherAI/pythia-160m,64000,bookcorpus,halfB,null,halfA,segregation_ratio,1.0762984124926709
EleutherAI/pythia-160m,64000,bookcorpus,halfB,null,halfA,segregation_modularity,0.002245667108577087
EleutherAI/pythia-160m,64000,agnews,halfA,-,halfA,act_firing_rate_median,0.1714019775390625
EleutherAI/pythia-160m,64000,agnews,halfA,-,halfA,act_frac_dead,0.00029839409722222225
EleutherAI/pythia-160m,64000,agnews,halfA,-,halfA,act_frac_dense,0.015814887152777776
EleutherAI/pythia-160m,64000,agnews,halfA,-,halfA,act_firing_rate_gini,0.34870968687528925
EleutherAI/pythia-160m,64000,agnews,halfB,-,halfB,act_firing_rate_median,0.1714299519856771
EleutherAI/pythia-160m,64000,agnews,halfB,-,halfB,act_frac_dead,0.0002712673611111111
EleutherAI/pythia-160m,64000,agnews,halfB,-,halfB,act_frac_dense,0.015435112847222222
EleutherAI/pythia-160m,64000,agnews,halfB,-,halfB,act_firing_rate_gini,0.34822515654870045
EleutherAI/pythia-160m,64000,agnews,-,-,-,lm_loss,4.114654202782034
EleutherAI/pythia-160m,64000,agnews,halfA,-,halfA,dim_participation_ratio,646.3862849494529
EleutherAI/pythia-160m,64000,agnews,halfA,-,halfA,dim_top1_share,0.016206928385809206
EleutherAI/pythia-160m,64000,agnews,halfA,-,halfA,dim_top10_share,0.09071346346339874
EleutherAI/pythia-160m,64000,agnews,halfA,-,halfA,dim_top100_share,0.27735800176750214
EleutherAI/pythia-160m,64000,agnews,halfA,-,halfA,dim_n_for_50pct,661.0
EleutherAI/pythia-160m,64000,agnews,halfA,-,halfA,dim_n_for_90pct,12360.0
EleutherAI/pythia-160m,64000,agnews,halfA,-,halfA,dim_participation_ratio_frac,0.017535301528659675
EleutherAI/pythia-160m,64000,agnews,halfA,-,halfA,n_live_units,36862.0
EleutherAI/pythia-160m,64000,agnews,halfA,-,halfA,coupling_mean_absr,0.027461618983349985
EleutherAI/pythia-160m,64000,agnews,halfA,-,halfA,coupling_median_absr,0.01978490687906742
EleutherAI/pythia-160m,64000,agnews,halfA,-,halfA,coupling_p90_absr,0.05953269824385643
EleutherAI/pythia-160m,64000,agnews,halfA,-,halfA,coupling_p99_absr,0.13340258002281186
EleutherAI/pythia-160m,64000,agnews,halfA,-,halfA,coupling_frac_absr_gt_0.1,0.024904042524297128
EleutherAI/pythia-160m,64000,agnews,halfA,-,halfA,coupling_frac_absr_gt_0.3,0.00016240419002810274
EleutherAI/pythia-160m,64000,agnews,halfA,-,halfA,coupling_concentration_top1pct,0.05090010339956692
EleutherAI/pythia-160m,64000,agnews,halfA,-,halfA,hub_strength_gini,0.15555162421629531
EleutherAI/pythia-160m,64000,agnews,halfA,-,halfA,hub_strength_cv,0.27488977808687204
EleutherAI/pythia-160m,64000,agnews,halfB,-,halfB,dim_participation_ratio,649.1663806860514
EleutherAI/pythia-160m,64000,agnews,halfB,-,halfB,dim_top1_share,0.016215497429351442
EleutherAI/pythia-160m,64000,agnews,halfB,-,halfB,dim_top10_share,0.09042366621310252
EleutherAI/pythia-160m,64000,agnews,halfB,-,halfB,dim_top100_share,0.2770103821073319
EleutherAI/pythia-160m,64000,agnews,halfB,-,halfB,dim_n_for_50pct,674.0
EleutherAI/pythia-160m,64000,agnews,halfB,-,halfB,dim_n_for_90pct,12459.0
EleutherAI/pythia-160m,64000,agnews,halfB,-,halfB,dim_participation_ratio_frac,0.017609765101075613
EleutherAI/pythia-160m,64000,agnews,halfB,-,halfB,n_live_units,36864.0
EleutherAI/pythia-160m,64000,agnews,halfB,-,halfB,coupling_mean_absr,0.027402433944741737
EleutherAI/pythia-160m,64000,agnews,halfB,-,halfB,coupling_median_absr,0.019752319902181625
EleutherAI/pythia-160m,64000,agnews,halfB,-,halfB,coupling_p90_absr,0.05942081138491628
EleutherAI/pythia-160m,64000,agnews,halfB,-,halfB,coupling_p99_absr,0.13328130722045894
EleutherAI/pythia-160m,64000,agnews,halfB,-,halfB,coupling_frac_absr_gt_0.1,0.024872681511473413
EleutherAI/pythia-160m,64000,agnews,halfB,-,halfB,coupling_frac_absr_gt_0.3,0.00015020411559276724
EleutherAI/pythia-160m,64000,agnews,halfB,-,halfB,coupling_concentration_top1pct,0.05089774787871863
EleutherAI/pythia-160m,64000,agnews,halfB,-,halfB,hub_strength_gini,0.15557357951557993
EleutherAI/pythia-160m,64000,agnews,halfB,-,halfB,hub_strength_cv,0.27497220474853135
EleutherAI/pythia-160m,64000,agnews,halfA,real,halfA,segregation_within_mean,0.09062262034845216
EleutherAI/pythia-160m,64000,agnews,halfA,real,halfA,segregation_between_mean,0.026568187811346074
EleutherAI/pythia-160m,64000,agnews,halfA,real,halfA,segregation_ratio,3.410944735558943
EleutherAI/pythia-160m,64000,agnews,halfA,real,halfA,segregation_modularity,0.03115786391226202
EleutherAI/pythia-160m,64000,agnews,halfA,real,halfB,segregation_within_mean,0.09025611568550769
EleutherAI/pythia-160m,64000,agnews,halfA,real,halfB,segregation_between_mean,0.02651334990026671
EleutherAI/pythia-160m,64000,agnews,halfA,real,halfB,segregation_ratio,3.4041762366889654
EleutherAI/pythia-160m,64000,agnews,halfA,real,halfB,segregation_modularity,0.031070188097196243
EleutherAI/pythia-160m,64000,agnews,halfA,null,halfA,segregation_within_mean,0.03177189156794531
EleutherAI/pythia-160m,64000,agnews,halfA,null,halfA,segregation_between_mean,0.027404665239290877
EleutherAI/pythia-160m,64000,agnews,halfA,null,halfA,segregation_ratio,1.1593606887922503
EleutherAI/pythia-160m,64000,agnews,halfA,null,halfA,segregation_modularity,0.0025279861586099397
EleutherAI/pythia-160m,64000,agnews,halfA,null,halfB,segregation_within_mean,0.03169429355101189
EleutherAI/pythia-160m,64000,agnews,halfA,null,halfB,segregation_between_mean,0.027345723496519748
EleutherAI/pythia-160m,64000,agnews,halfA,null,halfB,segregation_ratio,1.159021941951749
EleutherAI/pythia-160m,64000,agnews,halfA,null,halfB,segregation_modularity,0.0025144321974071406
EleutherAI/pythia-160m,64000,agnews,halfB,real,halfB,segregation_within_mean,0.09164532732389484
EleutherAI/pythia-160m,64000,agnews,halfB,real,halfB,segregation_between_mean,0.02648556342849063
EleutherAI/pythia-160m,64000,agnews,halfB,real,halfB,segregation_ratio,3.460199273137289
EleutherAI/pythia-160m,64000,agnews,halfB,real,halfB,segregation_modularity,0.03180984916395804
EleutherAI/pythia-160m,64000,agnews,halfB,real,halfA,segregation_within_mean,0.09166833084112523
EleutherAI/pythia-160m,64000,agnews,halfB,real,halfA,segregation_between_mean,0.026545264844327572
EleutherAI/pythia-160m,64000,agnews,halfB,real,halfA,segregation_ratio,3.4532837166517756
EleutherAI/pythia-160m,64000,agnews,halfB,real,halfA,segregation_modularity,0.031716499676183
EleutherAI/pythia-160m,64000,agnews,halfB,null,halfB,segregation_within_mean,0.031590886769867856
EleutherAI/pythia-160m,64000,agnews,halfB,null,halfB,segregation_between_mean,0.027346818349376068
EleutherAI/pythia-160m,64000,agnews,halfB,null,halfB,segregation_ratio,1.1551942301393396
EleutherAI/pythia-160m,64000,agnews,halfB,null,halfB,segregation_modularity,0.0024741269278699862
EleutherAI/pythia-160m,64000,agnews,halfB,null,halfA,segregation_within_mean,0.03165300797287365
EleutherAI/pythia-160m,64000,agnews,halfB,null,halfA,segregation_between_mean,0.02740596439909312
EleutherAI/pythia-160m,64000,agnews,halfB,null,halfA,segregation_ratio,1.154967857066948
EleutherAI/pythia-160m,64000,agnews,halfB,null,halfA,segregation_modularity,0.0024789482425205214
EleutherAI/pythia-160m,64000,tldr17,halfA,-,halfA,act_firing_rate_median,0.15740712483723956
EleutherAI/pythia-160m,64000,tldr17,halfA,-,halfA,act_frac_dead,0.0002712673611111111
EleutherAI/pythia-160m,64000,tldr17,halfA,-,halfA,act_frac_dense,0.016710069444444444
EleutherAI/pythia-160m,64000,tldr17,halfA,-,halfA,act_firing_rate_gini,0.36276748038395
EleutherAI/pythia-160m,64000,tldr17,halfB,-,halfB,act_firing_rate_median,0.1573206583658854
EleutherAI/pythia-160m,64000,tldr17,halfB,-,halfB,act_frac_dead,0.00035264756944444444
EleutherAI/pythia-160m,64000,tldr17,halfB,-,halfB,act_frac_dense,0.017578125
EleutherAI/pythia-160m,64000,tldr17,halfB,-,halfB,act_firing_rate_gini,0.36469045893316854
EleutherAI/pythia-160m,64000,tldr17,-,-,-,lm_loss,3.601395035268463
EleutherAI/pythia-160m,64000,tldr17,halfA,-,halfA,dim_participation_ratio,625.5142812343684
EleutherAI/pythia-160m,64000,tldr17,halfA,-,halfA,dim_top1_share,0.0165528411695755
EleutherAI/pythia-160m,64000,tldr17,halfA,-,halfA,dim_top10_share,0.09175298313285785
EleutherAI/pythia-160m,64000,tldr17,halfA,-,halfA,dim_top100_share,0.28346379027475455
EleutherAI/pythia-160m,64000,tldr17,halfA,-,halfA,dim_n_for_50pct,600.0
EleutherAI/pythia-160m,64000,tldr17,halfA,-,halfA,dim_n_for_90pct,12118.0
EleutherAI/pythia-160m,64000,tldr17,halfA,-,halfA,dim_participation_ratio_frac,0.016968621144083998
EleutherAI/pythia-160m,64000,tldr17,halfA,-,halfA,n_live_units,36863.0
EleutherAI/pythia-160m,64000,tldr17,halfA,-,halfA,coupling_mean_absr,0.028147864433969372
EleutherAI/pythia-160m,64000,tldr17,halfA,-,halfA,coupling_median_absr,0.020488331094384193
EleutherAI/pythia-160m,64000,tldr17,halfA,-,halfA,coupling_p90_absr,0.061103951185941696
EleutherAI/pythia-160m,64000,tldr17,halfA,-,halfA,coupling_p99_absr,0.13103634268045422
EleutherAI/pythia-160m,64000,tldr17,halfA,-,halfA,coupling_frac_absr_gt_0.1,0.02472283784921651
EleutherAI/pythia-160m,64000,tldr17,halfA,-,halfA,coupling_frac_absr_gt_0.3,0.00020920539749925548
EleutherAI/pythia-160m,64000,tldr17,halfA,-,halfA,coupling_concentration_top1pct,0.05015963683791415
EleutherAI/pythia-160m,64000,tldr17,halfA,-,halfA,hub_strength_gini,0.15089437907415015
EleutherAI/pythia-160m,64000,tldr17,halfA,-,halfA,hub_strength_cv,0.2714290418095886
EleutherAI/pythia-160m,64000,tldr17,halfB,-,halfB,dim_participation_ratio,621.6768600295528
EleutherAI/pythia-160m,64000,tldr17,halfB,-,halfB,dim_top1_share,0.016626502210600823
EleutherAI/pythia-160m,64000,tldr17,halfB,-,halfB,dim_top10_share,0.09210384128678895
EleutherAI/pythia-160m,64000,tldr17,halfB,-,halfB,dim_top100_share,0.283942064135666
EleutherAI/pythia-160m,64000,tldr17,halfB,-,halfB,dim_n_for_50pct,599.0
EleutherAI/pythia-160m,64000,tldr17,halfB,-,halfB,dim_n_for_90pct,12071.0
EleutherAI/pythia-160m,64000,tldr17,halfB,-,halfB,dim_participation_ratio_frac,0.01686406412840584
EleutherAI/pythia-160m,64000,tldr17,halfB,-,halfB,n_live_units,36864.0
EleutherAI/pythia-160m,64000,tldr17,halfB,-,halfB,coupling_mean_absr,0.028241077391967084
EleutherAI/pythia-160m,64000,tldr17,halfB,-,halfB,coupling_median_absr,0.020563025027513504
EleutherAI/pythia-160m,64000,tldr17,halfB,-,halfB,coupling_p90_absr,0.061356839910149584
EleutherAI/pythia-160m,64000,tldr17,halfB,-,halfB,coupling_p99_absr,0.13132836520671815
EleutherAI/pythia-160m,64000,tldr17,halfB,-,halfB,coupling_frac_absr_gt_0.1,0.02499428984239965
EleutherAI/pythia-160m,64000,tldr17,halfB,-,halfB,coupling_frac_absr_gt_0.3,0.00021200585136149758
EleutherAI/pythia-160m,64000,tldr17,halfB,-,halfB,coupling_concentration_top1pct,0.05008270720098516
EleutherAI/pythia-160m,64000,tldr17,halfB,-,halfB,hub_strength_gini,0.1511232076646405
EleutherAI/pythia-160m,64000,tldr17,halfB,-,halfB,hub_strength_cv,0.27218700115736355
EleutherAI/pythia-160m,64000,tldr17,halfA,real,halfA,segregation_within_mean,0.0877463860909899
EleutherAI/pythia-160m,64000,tldr17,halfA,real,halfA,segregation_between_mean,0.027342954906638937
EleutherAI/pythia-160m,64000,tldr17,halfA,real,halfA,segregation_ratio,3.2091040046913464
EleutherAI/pythia-160m,64000,tldr17,halfA,real,halfA,segregation_modularity,0.02737319726875769
EleutherAI/pythia-160m,64000,tldr17,halfA,real,halfB,segregation_within_mean,0.08775138197603671
EleutherAI/pythia-160m,64000,tldr17,halfA,real,halfB,segregation_between_mean,0.02743735928327724
EleutherAI/pythia-160m,64000,tldr17,halfA,real,halfB,segregation_ratio,3.198244447289801
EleutherAI/pythia-160m,64000,tldr17,halfA,real,halfB,segregation_modularity,0.027241163025243598
EleutherAI/pythia-160m,64000,tldr17,halfA,null,halfA,segregation_within_mean,0.03116597467286541
EleutherAI/pythia-160m,64000,tldr17,halfA,null,halfA,segregation_between_mean,0.028078576826289916
EleutherAI/pythia-160m,64000,tldr17,halfA,null,halfA,segregation_ratio,1.1099556386235634
EleutherAI/pythia-160m,64000,tldr17,halfA,null,halfA,segregation_modularity,0.00423924272815261
EleutherAI/pythia-160m,64000,tldr17,halfA,null,halfB,segregation_within_mean,0.03126196910721472
EleutherAI/pythia-160m,64000,tldr17,halfA,null,halfB,segregation_between_mean,0.02817172592415554
EleutherAI/pythia-160m,64000,tldr17,halfA,null,halfB,segregation_ratio,1.109693072812748
EleutherAI/pythia-160m,64000,tldr17,halfA,null,halfB,segregation_modularity,0.004184951952259496
EleutherAI/pythia-160m,64000,tldr17,halfB,real,halfB,segregation_within_mean,0.08850217472259017
EleutherAI/pythia-160m,64000,tldr17,halfB,real,halfB,segregation_between_mean,0.0274423675132634
EleutherAI/pythia-160m,64000,tldr17,halfB,real,halfB,segregation_ratio,3.225019659102497
EleutherAI/pythia-160m,64000,tldr17,halfB,real,halfB,segregation_modularity,0.02704046631300208
EleutherAI/pythia-160m,64000,tldr17,halfB,real,halfA,segregation_within_mean,0.08788670864373924
EleutherAI/pythia-160m,64000,tldr17,halfB,real,halfA,segregation_between_mean,0.027356076579706866
EleutherAI/pythia-160m,64000,tldr17,halfB,real,halfA,segregation_ratio,3.2126942029740797
EleutherAI/pythia-160m,64000,tldr17,halfB,real,halfA,segregation_modularity,0.026881758656315403
EleutherAI/pythia-160m,64000,tldr17,halfB,null,halfB,segregation_within_mean,0.031012299373590686
EleutherAI/pythia-160m,64000,tldr17,halfB,null,halfB,segregation_between_mean,0.028176361305394703
EleutherAI/pythia-160m,64000,tldr17,halfB,null,halfB,segregation_ratio,1.100649549367221
EleutherAI/pythia-160m,64000,tldr17,halfB,null,halfB,segregation_modularity,0.004035977829266728
EleutherAI/pythia-160m,64000,tldr17,halfB,null,halfA,segregation_within_mean,0.030891778949016218
EleutherAI/pythia-160m,64000,tldr17,halfB,null,halfA,segregation_between_mean,0.028083786049102773
EleutherAI/pythia-160m,64000,tldr17,halfB,null,halfA,segregation_ratio,1.0999862659188415
EleutherAI/pythia-160m,64000,tldr17,halfB,null,halfA,segregation_modularity,0.004061755411773961
