model,step,domain,key,tree,measure,value
pythia-160m,0,wikitext,halfA,real,crisp_median_max_membership,0.72
pythia-160m,0,wikitext,halfA,real,crisp_frac_confident,0.7800835503472222
pythia-160m,0,wikitext,halfA,real,crisp_network_median,0.7097637948984903
pythia-160m,0,wikitext,halfA,real,size_n_networks,100.0
pythia-160m,0,wikitext,halfA,real,size_effective_n,90.19796077779311
pythia-160m,0,wikitext,halfA,real,size_gini,0.22982313368055562
pythia-160m,0,wikitext,halfA,real,size_largest_share,0.04855685763888889
pythia-160m,0,wikitext,halfA,real,size_frac_small,0.0
pythia-160m,0,wikitext,halfA,real,depth_median_effective_layers,11.72540611655973
pythia-160m,0,wikitext,halfA,real,depth_frac_single_layer,0.0
pythia-160m,0,wikitext,halfA,real,depth_mean_layer_span,2.23
pythia-160m,1,wikitext,halfA,real,crisp_median_max_membership,0.72
pythia-160m,1,wikitext,halfA,real,crisp_frac_confident,0.7781032986111112
pythia-160m,1,wikitext,halfA,real,crisp_network_median,0.7113363263632637
pythia-160m,1,wikitext,halfA,real,size_n_networks,100.0
pythia-160m,1,wikitext,halfA,real,size_effective_n,90.27615844474315
pythia-160m,1,wikitext,halfA,real,size_gini,0.22806640624999996
pythia-160m,1,wikitext,halfA,real,size_largest_share,0.048638237847222224
pythia-160m,1,wikitext,halfA,real,size_frac_small,0.0
pythia-160m,1,wikitext,halfA,real,depth_median_effective_layers,11.720612303764295
pythia-160m,1,wikitext,halfA,real,depth_frac_single_layer,0.0
pythia-160m,1,wikitext,halfA,real,depth_mean_layer_span,2.24
pythia-160m,4,wikitext,halfA,real,crisp_median_max_membership,0.715
pythia-160m,4,wikitext,halfA,real,crisp_frac_confident,0.7757975260416666
pythia-160m,4,wikitext,halfA,real,crisp_network_median,0.7093072423243325
pythia-160m,4,wikitext,halfA,real,size_n_networks,100.0
pythia-160m,4,wikitext,halfA,real,size_effective_n,88.94575347421535
pythia-160m,4,wikitext,halfA,real,size_gini,0.2407758246527778
pythia-160m,4,wikitext,halfA,real,size_largest_share,0.04893663194444445
pythia-160m,4,wikitext,halfA,real,size_frac_small,0.01
pythia-160m,4,wikitext,halfA,real,depth_median_effective_layers,11.725343520763818
pythia-160m,4,wikitext,halfA,real,depth_frac_single_layer,0.0
pythia-160m,4,wikitext,halfA,real,depth_mean_layer_span,2.32
pythia-160m,16,wikitext,halfA,real,crisp_median_max_membership,0.68
pythia-160m,16,wikitext,halfA,real,crisp_frac_confident,0.72998046875
pythia-160m,16,wikitext,halfA,real,crisp_network_median,0.670395732741746
pythia-160m,16,wikitext,halfA,real,size_n_networks,100.0
pythia-160m,16,wikitext,halfA,real,size_effective_n,90.70028299806462
pythia-160m,16,wikitext,halfA,real,size_gini,0.21128146701388895
pythia-160m,16,wikitext,halfA,real,size_largest_share,0.054389105902777776
pythia-160m,16,wikitext,halfA,real,size_frac_small,0.0
pythia-160m,16,wikitext,halfA,real,depth_median_effective_layers,11.721227947421696
pythia-160m,16,wikitext,halfA,real,depth_frac_single_layer,0.0
pythia-160m,16,wikitext,halfA,real,depth_mean_layer_span,2.33
pythia-160m,64,wikitext,halfA,real,crisp_median_max_membership,0.63
pythia-160m,64,wikitext,halfA,real,crisp_frac_confident,0.7113715277777778
pythia-160m,64,wikitext,halfA,real,crisp_network_median,0.6176123389043406
pythia-160m,64,wikitext,halfA,real,size_n_networks,100.0
pythia-160m,64,wikitext,halfA,real,size_effective_n,92.75636252438807
pythia-160m,64,wikitext,halfA,real,size_gini,0.2139724392361111
pythia-160m,64,wikitext,halfA,real,size_largest_share,0.024576822916666668
pythia-160m,64,wikitext,halfA,real,size_frac_small,0.0
pythia-160m,64,wikitext,halfA,real,depth_median_effective_layers,10.415543882130777
pythia-160m,64,wikitext,halfA,real,depth_frac_single_layer,0.0
pythia-160m,64,wikitext,halfA,real,depth_mean_layer_span,4.02
pythia-160m,256,wikitext,halfA,real,crisp_median_max_membership,0.615
pythia-160m,256,wikitext,halfA,real,crisp_frac_confident,0.6901041666666666
pythia-160m,256,wikitext,halfA,real,crisp_network_median,0.5866208849546783
pythia-160m,256,wikitext,halfA,real,size_n_networks,100.0
pythia-160m,256,wikitext,halfA,real,size_effective_n,95.0615409017386
pythia-160m,256,wikitext,halfA,real,size_gini,0.1625759548611112
pythia-160m,256,wikitext,halfA,real,size_largest_share,0.022922092013888888
pythia-160m,256,wikitext,halfA,real,size_frac_small,0.0
pythia-160m,256,wikitext,halfA,real,depth_median_effective_layers,9.625950268996544
pythia-160m,256,wikitext,halfA,real,depth_frac_single_layer,0.0
pythia-160m,256,wikitext,halfA,real,depth_mean_layer_span,4.3
pythia-160m,1000,wikitext,halfA,real,crisp_median_max_membership,0.705
pythia-160m,1000,wikitext,halfA,real,crisp_frac_confident,0.7754177517361112
pythia-160m,1000,wikitext,halfA,real,crisp_network_median,0.6941080731004885
pythia-160m,1000,wikitext,halfA,real,size_n_networks,100.0
pythia-160m,1000,wikitext,halfA,real,size_effective_n,92.77084782059215
pythia-160m,1000,wikitext,halfA,real,size_gini,0.1868098958333333
pythia-160m,1000,wikitext,halfA,real,size_largest_share,0.035319010416666664
pythia-160m,1000,wikitext,halfA,real,size_frac_small,0.0
pythia-160m,1000,wikitext,halfA,real,depth_median_effective_layers,8.166755234684366
pythia-160m,1000,wikitext,halfA,real,depth_frac_single_layer,0.0
pythia-160m,1000,wikitext,halfA,real,depth_mean_layer_span,4.48
pythia-160m,4000,wikitext,halfA,real,crisp_median_max_membership,0.79
pythia-160m,4000,wikitext,halfA,real,crisp_frac_confident,0.8644205729166666
pythia-160m,4000,wikitext,halfA,real,crisp_network_median,0.7749846781656275
pythia-160m,4000,wikitext,halfA,real,size_n_networks,100.0
pythia-160m,4000,wikitext,halfA,real,size_effective_n,91.63998940236982
pythia-160m,4000,wikitext,halfA,real,size_gini,0.2234733072916666
pythia-160m,4000,wikitext,halfA,real,size_largest_share,0.026936848958333332
pythia-160m,4000,wikitext,halfA,real,size_frac_small,0.0
pythia-160m,4000,wikitext,halfA,real,depth_median_effective_layers,8.63065636127091
pythia-160m,4000,wikitext,halfA,real,depth_frac_single_layer,0.01
pythia-160m,4000,wikitext,halfA,real,depth_mean_layer_span,4.18
pythia-160m,16000,wikitext,halfA,real,crisp_median_max_membership,0.775
pythia-160m,16000,wikitext,halfA,real,crisp_frac_confident,0.8344184027777778
pythia-160m,16000,wikitext,halfA,real,crisp_network_median,0.7315619734881713
pythia-160m,16000,wikitext,halfA,real,size_n_networks,100.0
pythia-160m,16000,wikitext,halfA,real,size_effective_n,87.70904923508407
pythia-160m,16000,wikitext,halfA,real,size_gini,0.24373426649305552
pythia-160m,16000,wikitext,halfA,real,size_largest_share,0.05772569444444445
pythia-160m,16000,wikitext,halfA,real,size_frac_small,0.01
pythia-160m,16000,wikitext,halfA,real,depth_median_effective_layers,8.269490292067122
pythia-160m,16000,wikitext,halfA,real,depth_frac_single_layer,0.01
pythia-160m,16000,wikitext,halfA,real,depth_mean_layer_span,4.1
pythia-160m,64000,wikitext,halfA,real,crisp_median_max_membership,0.76
pythia-160m,64000,wikitext,halfA,real,crisp_frac_confident,0.8228081597222222
pythia-160m,64000,wikitext,halfA,real,crisp_network_median,0.7067326737662513
pythia-160m,64000,wikitext,halfA,real,size_n_networks,100.0
pythia-160m,64000,wikitext,halfA,real,size_effective_n,89.20522610355918
pythia-160m,64000,wikitext,halfA,real,size_gini,0.22259548611111102
pythia-160m,64000,wikitext,halfA,real,size_largest_share,0.056477864583333336
pythia-160m,64000,wikitext,halfA,real,size_frac_small,0.0
pythia-160m,64000,wikitext,halfA,real,depth_median_effective_layers,8.014860607459163
pythia-160m,64000,wikitext,halfA,real,depth_frac_single_layer,0.02
pythia-160m,64000,wikitext,halfA,real,depth_mean_layer_span,4.08
pythia-160m,143000,wikitext,halfA,real,crisp_median_max_membership,0.725
pythia-160m,143000,wikitext,halfA,real,crisp_frac_confident,0.792236328125
pythia-160m,143000,wikitext,halfA,real,crisp_network_median,0.6900571747146234
pythia-160m,143000,wikitext,halfA,real,size_n_networks,100.0
pythia-160m,143000,wikitext,halfA,real,size_effective_n,89.22731997494981
pythia-160m,143000,wikitext,halfA,real,size_gini,0.2222574869791667
pythia-160m,143000,wikitext,halfA,real,size_largest_share,0.05832248263888889
pythia-160m,143000,wikitext,halfA,real,size_frac_small,0.0
pythia-160m,143000,wikitext,halfA,real,depth_median_effective_layers,7.770739913755261
pythia-160m,143000,wikitext,halfA,real,depth_frac_single_layer,0.01
pythia-160m,143000,wikitext,halfA,real,depth_mean_layer_span,4.17
pythia-160m,0,bookcorpus,halfA,real,crisp_median_max_membership,0.7
pythia-160m,0,bookcorpus,halfA,real,crisp_frac_confident,0.759033203125
pythia-160m,0,bookcorpus,halfA,real,crisp_network_median,0.6704999868614673
pythia-160m,0,bookcorpus,halfA,real,size_n_networks,100.0
pythia-160m,0,bookcorpus,halfA,real,size_effective_n,91.05233139736033
pythia-160m,0,bookcorpus,halfA,real,size_gini,0.2219721137152777
pythia-160m,0,bookcorpus,halfA,real,size_largest_share,0.043999565972222224
pythia-160m,0,bookcorpus,halfA,real,size_frac_small,0.0
pythia-160m,0,bookcorpus,halfA,real,depth_median_effective_layers,11.765657311287203
pythia-160m,0,bookcorpus,halfA,real,depth_frac_single_layer,0.0
pythia-160m,0,bookcorpus,halfA,real,depth_mean_layer_span,1.99
pythia-160m,1,bookcorpus,halfA,real,crisp_median_max_membership,0.705
pythia-160m,1,bookcorpus,halfA,real,crisp_frac_confident,0.76025390625
pythia-160m,1,bookcorpus,halfA,real,crisp_network_median,0.6724745019131811
pythia-160m,1,bookcorpus,halfA,real,size_n_networks,100.0
pythia-160m,1,bookcorpus,halfA,real,size_effective_n,90.98725382113146
pythia-160m,1,bookcorpus,halfA,real,size_gini,0.22218207465277784
pythia-160m,1,bookcorpus,halfA,real,size_largest_share,0.04421657986111111
pythia-160m,1,bookcorpus,halfA,real,size_frac_small,0.0
pythia-160m,1,bookcorpus,halfA,real,depth_median_effective_layers,11.766525963735273
pythia-160m,1,bookcorpus,halfA,real,depth_frac_single_layer,0.0
pythia-160m,1,bookcorpus,halfA,real,depth_mean_layer_span,1.96
pythia-160m,4,bookcorpus,halfA,real,crisp_median_max_membership,0.7
pythia-160m,4,bookcorpus,halfA,real,crisp_frac_confident,0.7599555121527778
pythia-160m,4,bookcorpus,halfA,real,crisp_network_median,0.6594048765432099
pythia-160m,4,bookcorpus,halfA,real,size_n_networks,100.0
pythia-160m,4,bookcorpus,halfA,real,size_effective_n,90.32914826339429
pythia-160m,4,bookcorpus,halfA,real,size_gini,0.23220648871527771
pythia-160m,4,bookcorpus,halfA,real,size_largest_share,0.04380967881944445
pythia-160m,4,bookcorpus,halfA,real,size_frac_small,0.01
pythia-160m,4,bookcorpus,halfA,real,depth_median_effective_layers,11.78279878115503
pythia-160m,4,bookcorpus,halfA,real,depth_frac_single_layer,0.0
pythia-160m,4,bookcorpus,halfA,real,depth_mean_layer_span,2.06
pythia-160m,16,bookcorpus,halfA,real,crisp_median_max_membership,0.64
pythia-160m,16,bookcorpus,halfA,real,crisp_frac_confident,0.6802842881944444
pythia-160m,16,bookcorpus,halfA,real,crisp_network_median,0.6308627193982221
pythia-160m,16,bookcorpus,halfA,real,size_n_networks,100.0
pythia-160m,16,bookcorpus,halfA,real,size_effective_n,90.80152903452667
pythia-160m,16,bookcorpus,halfA,real,size_gini,0.20759006076388897
pythia-160m,16,bookcorpus,halfA,real,size_largest_share,0.051839192708333336
pythia-160m,16,bookcorpus,halfA,real,size_frac_small,0.0
pythia-160m,16,bookcorpus,halfA,real,depth_median_effective_layers,11.735276391465336
pythia-160m,16,bookcorpus,halfA,real,depth_frac_single_layer,0.0
pythia-160m,16,bookcorpus,halfA,real,depth_mean_layer_span,2.2
pythia-160m,64,bookcorpus,halfA,real,crisp_median_max_membership,0.665
pythia-160m,64,bookcorpus,halfA,real,crisp_frac_confident,0.7515733506944444
pythia-160m,64,bookcorpus,halfA,real,crisp_network_median,0.6378426079734218
pythia-160m,64,bookcorpus,halfA,real,size_n_networks,100.0
pythia-160m,64,bookcorpus,halfA,real,size_effective_n,93.60059967594681
pythia-160m,64,bookcorpus,halfA,real,size_gini,0.19808213975694433
pythia-160m,64,bookcorpus,halfA,real,size_largest_share,0.021809895833333332
pythia-160m,64,bookcorpus,halfA,real,size_frac_small,0.0
pythia-160m,64,bookcorpus,halfA,real,depth_median_effective_layers,10.9419638901208
pythia-160m,64,bookcorpus,halfA,real,depth_frac_single_layer,0.0
pythia-160m,64,bookcorpus,halfA,real,depth_mean_layer_span,3.63
pythia-160m,256,bookcorpus,halfA,real,crisp_median_max_membership,0.61
pythia-160m,256,bookcorpus,halfA,real,crisp_frac_confident,0.673828125
pythia-160m,256,bookcorpus,halfA,real,crisp_network_median,0.5777517564402811
pythia-160m,256,bookcorpus,halfA,real,size_n_networks,100.0
pythia-160m,256,bookcorpus,halfA,real,size_effective_n,94.0358209841796
pythia-160m,256,bookcorpus,halfA,real,size_gini,0.18063693576388884
pythia-160m,256,bookcorpus,halfA,real,size_largest_share,0.03271484375
pythia-160m,256,bookcorpus,halfA,real,size_frac_small,0.0
pythia-160m,256,bookcorpus,halfA,real,depth_median_effective_layers,10.009957785134059
pythia-160m,256,bookcorpus,halfA,real,depth_frac_single_layer,0.0
pythia-160m,256,bookcorpus,halfA,real,depth_mean_layer_span,4.25
pythia-160m,1000,bookcorpus,halfA,real,crisp_median_max_membership,0.675
pythia-160m,1000,bookcorpus,halfA,real,crisp_frac_confident,0.7556694878472222
pythia-160m,1000,bookcorpus,halfA,real,crisp_network_median,0.6408126068376068
pythia-160m,1000,bookcorpus,halfA,real,size_n_networks,100.0
pythia-160m,1000,bookcorpus,halfA,real,size_effective_n,90.68433557482899
pythia-160m,1000,bookcorpus,halfA,real,size_gini,0.22031738281250002
pythia-160m,1000,bookcorpus,halfA,real,size_largest_share,0.03952365451388889
pythia-160m,1000,bookcorpus,halfA,real,size_frac_small,0.0
pythia-160m,1000,bookcorpus,halfA,real,depth_median_effective_layers,9.449761054830287
pythia-160m,1000,bookcorpus,halfA,real,depth_frac_single_layer,0.0
pythia-160m,1000,bookcorpus,halfA,real,depth_mean_layer_span,4.06
pythia-160m,4000,bookcorpus,halfA,real,crisp_median_max_membership,0.7
pythia-160m,4000,bookcorpus,halfA,real,crisp_frac_confident,0.7762858072916666
pythia-160m,4000,bookcorpus,halfA,real,crisp_network_median,0.6776555062115407
pythia-160m,4000,bookcorpus,halfA,real,size_n_networks,100.0
pythia-160m,4000,bookcorpus,halfA,real,size_effective_n,91.1296508458654
pythia-160m,4000,bookcorpus,halfA,real,size_gini,0.2260704210069444
pythia-160m,4000,bookcorpus,halfA,real,size_largest_share,0.030381944444444444
pythia-160m,4000,bookcorpus,halfA,real,size_frac_small,0.0
pythia-160m,4000,bookcorpus,halfA,real,depth_median_effective_layers,9.610740493422368
pythia-160m,4000,bookcorpus,halfA,real,depth_frac_single_layer,0.01
pythia-160m,4000,bookcorpus,halfA,real,depth_mean_layer_span,3.96
pythia-160m,16000,bookcorpus,halfA,real,crisp_median_max_membership,0.735
pythia-160m,16000,bookcorpus,halfA,real,crisp_frac_confident,0.8177897135416666
pythia-160m,16000,bookcorpus,halfA,real,crisp_network_median,0.6996586550197023
pythia-160m,16000,bookcorpus,halfA,real,size_n_networks,100.0
pythia-160m,16000,bookcorpus,halfA,real,size_effective_n,90.62646790525191
pythia-160m,16000,bookcorpus,halfA,real,size_gini,0.21980360243055563
pythia-160m,16000,bookcorpus,halfA,real,size_largest_share,0.04318576388888889
pythia-160m,16000,bookcorpus,halfA,real,size_frac_small,0.0
pythia-160m,16000,bookcorpus,halfA,real,depth_median_effective_layers,8.8436486309078
pythia-160m,16000,bookcorpus,halfA,real,depth_frac_single_layer,0.02
pythia-160m,16000,bookcorpus,halfA,real,depth_mean_layer_span,3.96
pythia-160m,64000,bookcorpus,halfA,real,crisp_median_max_membership,0.725
pythia-160m,64000,bookcorpus,halfA,real,crisp_frac_confident,0.7940538194444444
pythia-160m,64000,bookcorpus,halfA,real,crisp_network_median,0.6859295726424784
pythia-160m,64000,bookcorpus,halfA,real,size_n_networks,100.0
pythia-160m,64000,bookcorpus,halfA,real,size_effective_n,89.4544445069107
pythia-160m,64000,bookcorpus,halfA,real,size_gini,0.22242513020833332
pythia-160m,64000,bookcorpus,halfA,real,size_largest_share,0.052978515625
pythia-160m,64000,bookcorpus,halfA,real,size_frac_small,0.0
pythia-160m,64000,bookcorpus,halfA,real,depth_median_effective_layers,8.270228542792374
pythia-160m,64000,bookcorpus,halfA,real,depth_frac_single_layer,0.01
pythia-160m,64000,bookcorpus,halfA,real,depth_mean_layer_span,3.95
pythia-160m,143000,bookcorpus,halfA,real,crisp_median_max_membership,0.67
pythia-160m,143000,bookcorpus,halfA,real,crisp_frac_confident,0.7458224826388888
pythia-160m,143000,bookcorpus,halfA,real,crisp_network_median,0.653529771345493
pythia-160m,143000,bookcorpus,halfA,real,size_n_networks,100.0
pythia-160m,143000,bookcorpus,halfA,real,size_effective_n,90.39398372732526
pythia-160m,143000,bookcorpus,halfA,real,size_gini,0.20406629774305562
pythia-160m,143000,bookcorpus,halfA,real,size_largest_share,0.053900824652777776
pythia-160m,143000,bookcorpus,halfA,real,size_frac_small,0.01
pythia-160m,143000,bookcorpus,halfA,real,depth_median_effective_layers,8.5731631890121
pythia-160m,143000,bookcorpus,halfA,real,depth_frac_single_layer,0.02
pythia-160m,143000,bookcorpus,halfA,real,depth_mean_layer_span,3.92
pythia-160m,0,agnews,halfA,real,crisp_median_max_membership,0.71
pythia-160m,0,agnews,halfA,real,crisp_frac_confident,0.7519802517361112
pythia-160m,0,agnews,halfA,real,crisp_network_median,0.7059551835702207
pythia-160m,0,agnews,halfA,real,size_n_networks,100.0
pythia-160m,0,agnews,halfA,real,size_effective_n,88.83027338236754
pythia-160m,0,agnews,halfA,real,size_gini,0.22994628906249992
pythia-160m,0,agnews,halfA,real,size_largest_share,0.059271918402777776
pythia-160m,0,agnews,halfA,real,size_frac_small,0.01
pythia-160m,0,agnews,halfA,real,depth_median_effective_layers,11.755967081057708
pythia-160m,0,agnews,halfA,real,depth_frac_single_layer,0.0
pythia-160m,0,agnews,halfA,real,depth_mean_layer_span,2.11
pythia-160m,1,agnews,halfA,real,crisp_median_max_membership,0.71
pythia-160m,1,agnews,halfA,real,crisp_frac_confident,0.750244140625
pythia-160m,1,agnews,halfA,real,crisp_network_median,0.7024261083743842
pythia-160m,1,agnews,halfA,real,size_n_networks,100.0
pythia-160m,1,agnews,halfA,real,size_effective_n,89.18131428729136
pythia-160m,1,agnews,halfA,real,size_gini,0.22561414930555546
pythia-160m,1,agnews,halfA,real,size_largest_share,0.05929904513888889
pythia-160m,1,agnews,halfA,real,size_frac_small,0.0
pythia-160m,1,agnews,halfA,real,depth_median_effective_layers,11.766168429590666
pythia-160m,1,agnews,halfA,real,depth_frac_single_layer,0.0
pythia-160m,1,agnews,halfA,real,depth_mean_layer_span,2.06
pythia-160m,4,agnews,halfA,real,crisp_median_max_membership,0.7
pythia-160m,4,agnews,halfA,real,crisp_frac_confident,0.7507866753472222
pythia-160m,4,agnews,halfA,real,crisp_network_median,0.7016306049478159
pythia-160m,4,agnews,halfA,real,size_n_networks,100.0
pythia-160m,4,agnews,halfA,real,size_effective_n,89.39860921588881
pythia-160m,4,agnews,halfA,real,size_gini,0.2227398003472223
pythia-160m,4,agnews,halfA,real,size_largest_share,0.059380425347222224
pythia-160m,4,agnews,halfA,real,size_frac_small,0.0
pythia-160m,4,agnews,halfA,real,depth_median_effective_layers,11.76061075874884
pythia-160m,4,agnews,halfA,real,depth_frac_single_layer,0.0
pythia-160m,4,agnews,halfA,real,depth_mean_layer_span,2.0
pythia-160m,16,agnews,halfA,real,crisp_median_max_membership,0.675
pythia-160m,16,agnews,halfA,real,crisp_frac_confident,0.7213270399305556
pythia-160m,16,agnews,halfA,real,crisp_network_median,0.6743670485212314
pythia-160m,16,agnews,halfA,real,size_n_networks,100.0
pythia-160m,16,agnews,halfA,real,size_effective_n,89.08329646672344
pythia-160m,16,agnews,halfA,real,size_gini,0.20832248263888897
pythia-160m,16,agnews,halfA,real,size_largest_share,0.06681315104166667
pythia-160m,16,agnews,halfA,real,size_frac_small,0.0
pythia-160m,16,agnews,halfA,real,depth_median_effective_layers,11.715153760275058
pythia-160m,16,agnews,halfA,real,depth_frac_single_layer,0.0
pythia-160m,16,agnews,halfA,real,depth_mean_layer_span,2.13
pythia-160m,64,agnews,halfA,real,crisp_median_max_membership,0.645
pythia-160m,64,agnews,halfA,real,crisp_frac_confident,0.7314453125
pythia-160m,64,agnews,halfA,real,crisp_network_median,0.6346927220634604
pythia-160m,64,agnews,halfA,real,size_n_networks,100.0
pythia-160m,64,agnews,halfA,real,size_effective_n,93.43512809676963
pythia-160m,64,agnews,halfA,real,size_gini,0.19492404513888895
pythia-160m,64,agnews,halfA,real,size_largest_share,0.028700086805555556
pythia-160m,64,agnews,halfA,real,size_frac_small,0.0
pythia-160m,64,agnews,halfA,real,depth_median_effective_layers,11.104737946638977
pythia-160m,64,agnews,halfA,real,depth_frac_single_layer,0.0
pythia-160m,64,agnews,halfA,real,depth_mean_layer_span,3.51
pythia-160m,256,agnews,halfA,real,crisp_median_max_membership,0.58
pythia-160m,256,agnews,halfA,real,crisp_frac_confident,0.6425238715277778
pythia-160m,256,agnews,halfA,real,crisp_network_median,0.5479868957483984
pythia-160m,256,agnews,halfA,real,size_n_networks,100.0
pythia-160m,256,agnews,halfA,real,size_effective_n,94.04048536788235
pythia-160m,256,agnews,halfA,real,size_gini,0.1776437717013888
pythia-160m,256,agnews,halfA,real,size_largest_share,0.036675347222222224
pythia-160m,256,agnews,halfA,real,size_frac_small,0.0
pythia-160m,256,agnews,halfA,real,depth_median_effective_layers,9.923278889754823
pythia-160m,256,agnews,halfA,real,depth_frac_single_layer,0.0
pythia-160m,256,agnews,halfA,real,depth_mean_layer_span,4.26
pythia-160m,1000,agnews,halfA,real,crisp_median_max_membership,0.69
pythia-160m,1000,agnews,halfA,real,crisp_frac_confident,0.7684733072916666
pythia-160m,1000,agnews,halfA,real,crisp_network_median,0.6257162785723017
pythia-160m,1000,agnews,halfA,real,size_n_networks,100.0
pythia-160m,1000,agnews,halfA,real,size_effective_n,87.88658883677887
pythia-160m,1000,agnews,halfA,real,size_gini,0.21552625868055553
pythia-160m,1000,agnews,halfA,real,size_largest_share,0.04747178819444445
pythia-160m,1000,agnews,halfA,real,size_frac_small,0.01
pythia-160m,1000,agnews,halfA,real,depth_median_effective_layers,8.003869268753272
pythia-160m,1000,agnews,halfA,real,depth_frac_single_layer,0.0
pythia-160m,1000,agnews,halfA,real,depth_mean_layer_span,4.46
pythia-160m,4000,agnews,halfA,real,crisp_median_max_membership,0.745
pythia-160m,4000,agnews,halfA,real,crisp_frac_confident,0.8315700954861112
pythia-160m,4000,agnews,halfA,real,crisp_network_median,0.7278985230324313
pythia-160m,4000,agnews,halfA,real,size_n_networks,100.0
pythia-160m,4000,agnews,halfA,real,size_effective_n,90.23605014482585
pythia-160m,4000,agnews,halfA,real,size_gini,0.23388020833333334
pythia-160m,4000,agnews,halfA,real,size_largest_share,0.03762478298611111
pythia-160m,4000,agnews,halfA,real,size_frac_small,0.0
pythia-160m,4000,agnews,halfA,real,depth_median_effective_layers,8.90992156959464
pythia-160m,4000,agnews,halfA,real,depth_frac_single_layer,0.02
pythia-160m,4000,agnews,halfA,real,depth_mean_layer_span,4.05
pythia-160m,16000,agnews,halfA,real,crisp_median_max_membership,0.785
pythia-160m,16000,agnews,halfA,real,crisp_frac_confident,0.8625759548611112
pythia-160m,16000,agnews,halfA,real,crisp_network_median,0.7510973617921224
pythia-160m,16000,agnews,halfA,real,size_n_networks,100.0
pythia-160m,16000,agnews,halfA,real,size_effective_n,88.0928174047891
pythia-160m,16000,agnews,halfA,real,size_gini,0.2381629774305556
pythia-160m,16000,agnews,halfA,real,size_largest_share,0.054280598958333336
pythia-160m,16000,agnews,halfA,real,size_frac_small,0.01
pythia-160m,16000,agnews,halfA,real,depth_median_effective_layers,8.453885239894092
pythia-160m,16000,agnews,halfA,real,depth_frac_single_layer,0.02
pythia-160m,16000,agnews,halfA,real,depth_mean_layer_span,4.21
pythia-160m,64000,agnews,halfA,real,crisp_median_max_membership,0.8
pythia-160m,64000,agnews,halfA,real,crisp_frac_confident,0.8516710069444444
pythia-160m,64000,agnews,halfA,real,crisp_network_median,0.7661844626645304
pythia-160m,64000,agnews,halfA,real,size_n_networks,100.0
pythia-160m,64000,agnews,halfA,real,size_effective_n,87.4664931988504
pythia-160m,64000,agnews,halfA,real,size_gini,0.24476128472222225
pythia-160m,64000,agnews,halfA,real,size_largest_share,0.05466037326388889
pythia-160m,64000,agnews,halfA,real,size_frac_small,0.01
pythia-160m,64000,agnews,halfA,real,depth_median_effective_layers,8.16011619987043
pythia-160m,64000,agnews,halfA,real,depth_frac_single_layer,0.02
pythia-160m,64000,agnews,halfA,real,depth_mean_layer_span,4.17
pythia-160m,143000,agnews,halfA,real,crisp_median_max_membership,0.735
pythia-160m,143000,agnews,halfA,real,crisp_frac_confident,0.7799207899305556
pythia-160m,143000,agnews,halfA,real,crisp_network_median,0.6941245940252216
pythia-160m,143000,agnews,halfA,real,size_n_networks,100.0
pythia-160m,143000,agnews,halfA,real,size_effective_n,86.83252049420065
pythia-160m,143000,agnews,halfA,real,size_gini,0.2461263020833333
pythia-160m,143000,agnews,halfA,real,size_largest_share,0.05604383680555555
pythia-160m,143000,agnews,halfA,real,size_frac_small,0.01
pythia-160m,143000,agnews,halfA,real,depth_median_effective_layers,8.205687735694331
pythia-160m,143000,agnews,halfA,real,depth_frac_single_layer,0.02
pythia-160m,143000,agnews,halfA,real,depth_mean_layer_span,4.08
pythia-160m,0,tldr17,halfA,real,crisp_median_max_membership,0.675
pythia-160m,0,tldr17,halfA,real,crisp_frac_confident,0.727783203125
pythia-160m,0,tldr17,halfA,real,crisp_network_median,0.6591860157762809
pythia-160m,0,tldr17,halfA,real,size_n_networks,100.0
pythia-160m,0,tldr17,halfA,real,size_effective_n,89.67889180761053
pythia-160m,0,tldr17,halfA,real,size_gini,0.2318901909722222
pythia-160m,0,tldr17,halfA,real,size_largest_share,0.048882378472222224
pythia-160m,0,tldr17,halfA,real,size_frac_small,0.01
pythia-160m,0,tldr17,halfA,real,depth_median_effective_layers,11.756170938091513
pythia-160m,0,tldr17,halfA,real,depth_frac_single_layer,0.0
pythia-160m,0,tldr17,halfA,real,depth_mean_layer_span,1.95
pythia-160m,1,tldr17,halfA,real,crisp_median_max_membership,0.675
pythia-160m,1,tldr17,halfA,real,crisp_frac_confident,0.7281901041666666
pythia-160m,1,tldr17,halfA,real,crisp_network_median,0.6582869433198381
pythia-160m,1,tldr17,halfA,real,size_n_networks,100.0
pythia-160m,1,tldr17,halfA,real,size_effective_n,89.67691058685384
pythia-160m,1,tldr17,halfA,real,size_gini,0.23253851996527786
pythia-160m,1,tldr17,halfA,real,size_largest_share,0.04871961805555555
pythia-160m,1,tldr17,halfA,real,size_frac_small,0.0
pythia-160m,1,tldr17,halfA,real,depth_median_effective_layers,11.756805651667344
pythia-160m,1,tldr17,halfA,real,depth_frac_single_layer,0.0
pythia-160m,1,tldr17,halfA,real,depth_mean_layer_span,2.03
pythia-160m,4,tldr17,halfA,real,crisp_median_max_membership,0.67
pythia-160m,4,tldr17,halfA,real,crisp_frac_confident,0.7313639322916666
pythia-160m,4,tldr17,halfA,real,crisp_network_median,0.6652401020312353
pythia-160m,4,tldr17,halfA,real,size_n_networks,100.0
pythia-160m,4,tldr17,halfA,real,size_effective_n,89.36862979044331
pythia-160m,4,tldr17,halfA,real,size_gini,0.23200954861111112
pythia-160m,4,tldr17,halfA,real,size_largest_share,0.04896375868055555
pythia-160m,4,tldr17,halfA,real,size_frac_small,0.01
pythia-160m,4,tldr17,halfA,real,depth_median_effective_layers,11.76458902771083
pythia-160m,4,tldr17,halfA,real,depth_frac_single_layer,0.0
pythia-160m,4,tldr17,halfA,real,depth_mean_layer_span,2.03
pythia-160m,16,tldr17,halfA,real,crisp_median_max_membership,0.68
pythia-160m,16,tldr17,halfA,real,crisp_frac_confident,0.7216525607638888
pythia-160m,16,tldr17,halfA,real,crisp_network_median,0.6838593697190671
pythia-160m,16,tldr17,halfA,real,size_n_networks,100.0
pythia-160m,16,tldr17,halfA,real,size_effective_n,89.32963816226166
pythia-160m,16,tldr17,halfA,real,size_gini,0.2171207682291667
pythia-160m,16,tldr17,halfA,real,size_largest_share,0.054985894097222224
pythia-160m,16,tldr17,halfA,real,size_frac_small,0.02
pythia-160m,16,tldr17,halfA,real,depth_median_effective_layers,11.756821460804302
pythia-160m,16,tldr17,halfA,real,depth_frac_single_layer,0.0
pythia-160m,16,tldr17,halfA,real,depth_mean_layer_span,2.15
pythia-160m,64,tldr17,halfA,real,crisp_median_max_membership,0.655
pythia-160m,64,tldr17,halfA,real,crisp_frac_confident,0.7247178819444444
pythia-160m,64,tldr17,halfA,real,crisp_network_median,0.6314150766928546
pythia-160m,64,tldr17,halfA,real,size_n_networks,100.0
pythia-160m,64,tldr17,halfA,real,size_effective_n,91.89187182211202
pythia-160m,64,tldr17,halfA,real,size_gini,0.2111344401041666
pythia-160m,64,tldr17,halfA,real,size_largest_share,0.033013237847222224
pythia-160m,64,tldr17,halfA,real,size_frac_small,0.01
pythia-160m,64,tldr17,halfA,real,depth_median_effective_layers,11.025746115852806
pythia-160m,64,tldr17,halfA,real,depth_frac_single_layer,0.0
pythia-160m,64,tldr17,halfA,real,depth_mean_layer_span,3.58
pythia-160m,256,tldr17,halfA,real,crisp_median_max_membership,0.57
pythia-160m,256,tldr17,halfA,real,crisp_frac_confident,0.6219346788194444
pythia-160m,256,tldr17,halfA,real,crisp_network_median,0.5409648090756045
pythia-160m,256,tldr17,halfA,real,size_n_networks,100.0
pythia-160m,256,tldr17,halfA,real,size_effective_n,93.665976317932
pythia-160m,256,tldr17,halfA,real,size_gini,0.1770974392361111
pythia-160m,256,tldr17,halfA,real,size_largest_share,0.040473090277777776
pythia-160m,256,tldr17,halfA,real,size_frac_small,0.0
pythia-160m,256,tldr17,halfA,real,depth_median_effective_layers,10.34653903652346
pythia-160m,256,tldr17,halfA,real,depth_frac_single_layer,0.0
pythia-160m,256,tldr17,halfA,real,depth_mean_layer_span,4.22
pythia-160m,1000,tldr17,halfA,real,crisp_median_max_membership,0.695
pythia-160m,1000,tldr17,halfA,real,crisp_frac_confident,0.7877332899305556
pythia-160m,1000,tldr17,halfA,real,crisp_network_median,0.6592183960355986
pythia-160m,1000,tldr17,halfA,real,size_n_networks,100.0
pythia-160m,1000,tldr17,halfA,real,size_effective_n,91.26954022192179
pythia-160m,1000,tldr17,halfA,real,size_gini,0.20949869791666664
pythia-160m,1000,tldr17,halfA,real,size_largest_share,0.03518337673611111
pythia-160m,1000,tldr17,halfA,real,size_frac_small,0.0
pythia-160m,1000,tldr17,halfA,real,depth_median_effective_layers,8.266067831886982
pythia-160m,1000,tldr17,halfA,real,depth_frac_single_layer,0.0
pythia-160m,1000,tldr17,halfA,real,depth_mean_layer_span,4.5
pythia-160m,4000,tldr17,halfA,real,crisp_median_max_membership,0.81
pythia-160m,4000,tldr17,halfA,real,crisp_frac_confident,0.8879937065972222
pythia-160m,4000,tldr17,halfA,real,crisp_network_median,0.7923512503659562
pythia-160m,4000,tldr17,halfA,real,size_n_networks,100.0
pythia-160m,4000,tldr17,halfA,real,size_effective_n,90.42706412365068
pythia-160m,4000,tldr17,halfA,real,size_gini,0.22008246527777775
pythia-160m,4000,tldr17,halfA,real,size_largest_share,0.03575303819444445
pythia-160m,4000,tldr17,halfA,real,size_frac_small,0.02
pythia-160m,4000,tldr17,halfA,real,depth_median_effective_layers,8.7516507752511
pythia-160m,4000,tldr17,halfA,real,depth_frac_single_layer,0.01
pythia-160m,4000,tldr17,halfA,real,depth_mean_layer_span,4.09
pythia-160m,16000,tldr17,halfA,real,crisp_median_max_membership,0.81
pythia-160m,16000,tldr17,halfA,real,crisp_frac_confident,0.8483615451388888
pythia-160m,16000,tldr17,halfA,real,crisp_network_median,0.7658168610547667
pythia-160m,16000,tldr17,halfA,real,size_n_networks,100.0
pythia-160m,16000,tldr17,halfA,real,size_effective_n,88.70545596305494
pythia-160m,16000,tldr17,halfA,real,size_gini,0.2468419053819444
pythia-160m,16000,tldr17,halfA,real,size_largest_share,0.036051432291666664
pythia-160m,16000,tldr17,halfA,real,size_frac_small,0.01
pythia-160m,16000,tldr17,halfA,real,depth_median_effective_layers,8.465083638039232
pythia-160m,16000,tldr17,halfA,real,depth_frac_single_layer,0.02
pythia-160m,16000,tldr17,halfA,real,depth_mean_layer_span,3.92
pythia-160m,64000,tldr17,halfA,real,crisp_median_max_membership,0.79
pythia-160m,64000,tldr17,halfA,real,crisp_frac_confident,0.8219401041666666
pythia-160m,64000,tldr17,halfA,real,crisp_network_median,0.7483025840011841
pythia-160m,64000,tldr17,halfA,real,size_n_networks,100.0
pythia-160m,64000,tldr17,halfA,real,size_effective_n,88.29197312411283
pythia-160m,64000,tldr17,halfA,real,size_gini,0.23197157118055545
pythia-160m,64000,tldr17,halfA,real,size_largest_share,0.047797309027777776
pythia-160m,64000,tldr17,halfA,real,size_frac_small,0.01
pythia-160m,64000,tldr17,halfA,real,depth_median_effective_layers,8.128238891558627
pythia-160m,64000,tldr17,halfA,real,depth_frac_single_layer,0.02
pythia-160m,64000,tldr17,halfA,real,depth_mean_layer_span,4.07
pythia-160m,143000,tldr17,halfA,real,crisp_median_max_membership,0.75
pythia-160m,143000,tldr17,halfA,real,crisp_frac_confident,0.7982042100694444
pythia-160m,143000,tldr17,halfA,real,crisp_network_median,0.6963982943547176
pythia-160m,143000,tldr17,halfA,real,size_n_networks,100.0
pythia-160m,143000,tldr17,halfA,real,size_effective_n,88.89412349897928
pythia-160m,143000,tldr17,halfA,real,size_gini,0.23956868489583338
pythia-160m,143000,tldr17,halfA,real,size_largest_share,0.03944227430555555
pythia-160m,143000,tldr17,halfA,real,size_frac_small,0.01
pythia-160m,143000,tldr17,halfA,real,depth_median_effective_layers,8.060438047688923
pythia-160m,143000,tldr17,halfA,real,depth_frac_single_layer,0.02
pythia-160m,143000,tldr17,halfA,real,depth_mean_layer_span,4.01
pythia-160m,0,wikitext,halfB,real,crisp_median_max_membership,0.7
pythia-160m,0,wikitext,halfB,real,crisp_frac_confident,0.7689344618055556
pythia-160m,0,wikitext,halfB,real,crisp_network_median,0.6974402167144103
pythia-160m,0,wikitext,halfB,real,size_n_networks,100.0
pythia-160m,0,wikitext,halfB,real,size_effective_n,90.836983231869
pythia-160m,0,wikitext,halfB,real,size_gini,0.2140847439236111
pythia-160m,0,wikitext,halfB,real,size_largest_share,0.04782443576388889
pythia-160m,0,wikitext,halfB,real,size_frac_small,0.01
pythia-160m,0,wikitext,halfB,real,depth_median_effective_layers,11.725618689443378
pythia-160m,0,wikitext,halfB,real,depth_frac_single_layer,0.0
pythia-160m,0,wikitext,halfB,real,depth_mean_layer_span,2.16
pythia-160m,1,wikitext,halfB,real,crisp_median_max_membership,0.7
pythia-160m,1,wikitext,halfB,real,crisp_frac_confident,0.7719997829861112
pythia-160m,1,wikitext,halfB,real,crisp_network_median,0.6962616354234002
pythia-160m,1,wikitext,halfB,real,size_n_networks,100.0
pythia-160m,1,wikitext,halfB,real,size_effective_n,90.6516233393942
pythia-160m,1,wikitext,halfB,real,size_gini,0.2172016059027777
pythia-160m,1,wikitext,halfB,real,size_largest_share,0.04847547743055555
pythia-160m,1,wikitext,halfB,real,size_frac_small,0.0
pythia-160m,1,wikitext,halfB,real,depth_median_effective_layers,11.742745284457932
pythia-160m,1,wikitext,halfB,real,depth_frac_single_layer,0.0
pythia-160m,1,wikitext,halfB,real,depth_mean_layer_span,2.13
pythia-160m,4,wikitext,halfB,real,crisp_median_max_membership,0.71
pythia-160m,4,wikitext,halfB,real,crisp_frac_confident,0.7689344618055556
pythia-160m,4,wikitext,halfB,real,crisp_network_median,0.70661941358822
pythia-160m,4,wikitext,halfB,real,size_n_networks,100.0
pythia-160m,4,wikitext,halfB,real,size_effective_n,90.31529614593931
pythia-160m,4,wikitext,halfB,real,size_gini,0.22005099826388896
pythia-160m,4,wikitext,halfB,real,size_largest_share,0.04823133680555555
pythia-160m,4,wikitext,halfB,real,size_frac_small,0.01
pythia-160m,4,wikitext,halfB,real,depth_median_effective_layers,11.741782118420971
pythia-160m,4,wikitext,halfB,real,depth_frac_single_layer,0.0
pythia-160m,4,wikitext,halfB,real,depth_mean_layer_span,2.2
pythia-160m,16,wikitext,halfB,real,crisp_median_max_membership,0.665
pythia-160m,16,wikitext,halfB,real,crisp_frac_confident,0.7192925347222222
pythia-160m,16,wikitext,halfB,real,crisp_network_median,0.669405684754522
pythia-160m,16,wikitext,halfB,real,size_n_networks,100.0
pythia-160m,16,wikitext,halfB,real,size_effective_n,90.22440768337383
pythia-160m,16,wikitext,halfB,real,size_gini,0.21480360243055552
pythia-160m,16,wikitext,halfB,real,size_largest_share,0.05349392361111111
pythia-160m,16,wikitext,halfB,real,size_frac_small,0.01
pythia-160m,16,wikitext,halfB,real,depth_median_effective_layers,11.70991863958918
pythia-160m,16,wikitext,halfB,real,depth_frac_single_layer,0.0
pythia-160m,16,wikitext,halfB,real,depth_mean_layer_span,2.22
pythia-160m,64,wikitext,halfB,real,crisp_median_max_membership,0.64
pythia-160m,64,wikitext,halfB,real,crisp_frac_confident,0.7234429253472222
pythia-160m,64,wikitext,halfB,real,crisp_network_median,0.6266566842690384
pythia-160m,64,wikitext,halfB,real,size_n_networks,100.0
pythia-160m,64,wikitext,halfB,real,size_effective_n,92.67475355301224
pythia-160m,64,wikitext,halfB,real,size_gini,0.2103862847222222
pythia-160m,64,wikitext,halfB,real,size_largest_share,0.023952907986111112
pythia-160m,64,wikitext,halfB,real,size_frac_small,0.01
pythia-160m,64,wikitext,halfB,real,depth_median_effective_layers,10.534427925220047
pythia-160m,64,wikitext,halfB,real,depth_frac_single_layer,0.0
pythia-160m,64,wikitext,halfB,real,depth_mean_layer_span,3.81
pythia-160m,256,wikitext,halfB,real,crisp_median_max_membership,0.61
pythia-160m,256,wikitext,halfB,real,crisp_frac_confident,0.6847873263888888
pythia-160m,256,wikitext,halfB,real,crisp_network_median,0.5804567579209343
pythia-160m,256,wikitext,halfB,real,size_n_networks,100.0
pythia-160m,256,wikitext,halfB,real,size_effective_n,95.7614838589107
pythia-160m,256,wikitext,halfB,real,size_gini,0.15452256944444454
pythia-160m,256,wikitext,halfB,real,size_largest_share,0.019585503472222224
pythia-160m,256,wikitext,halfB,real,size_frac_small,0.0
pythia-160m,256,wikitext,halfB,real,depth_median_effective_layers,9.61380398899812
pythia-160m,256,wikitext,halfB,real,depth_frac_single_layer,0.0
pythia-160m,256,wikitext,halfB,real,depth_mean_layer_span,4.26
pythia-160m,1000,wikitext,halfB,real,crisp_median_max_membership,0.675
pythia-160m,1000,wikitext,halfB,real,crisp_frac_confident,0.7600911458333334
pythia-160m,1000,wikitext,halfB,real,crisp_network_median,0.6532870481927711
pythia-160m,1000,wikitext,halfB,real,size_n_networks,100.0
pythia-160m,1000,wikitext,halfB,real,size_effective_n,92.1659696841187
pythia-160m,1000,wikitext,halfB,real,size_gini,0.19776095920138892
pythia-160m,1000,wikitext,halfB,real,size_largest_share,0.035698784722222224
pythia-160m,1000,wikitext,halfB,real,size_frac_small,0.0
pythia-160m,1000,wikitext,halfB,real,depth_median_effective_layers,8.25840063335861
pythia-160m,1000,wikitext,halfB,real,depth_frac_single_layer,0.0
pythia-160m,1000,wikitext,halfB,real,depth_mean_layer_span,4.47
pythia-160m,4000,wikitext,halfB,real,crisp_median_max_membership,0.795
pythia-160m,4000,wikitext,halfB,real,crisp_frac_confident,0.8799099392361112
pythia-160m,4000,wikitext,halfB,real,crisp_network_median,0.766164512843924
pythia-160m,4000,wikitext,halfB,real,size_n_networks,100.0
pythia-160m,4000,wikitext,halfB,real,size_effective_n,91.89444840607793
pythia-160m,4000,wikitext,halfB,real,size_gini,0.2214523654513889
pythia-160m,4000,wikitext,halfB,real,size_largest_share,0.025499131944444444
pythia-160m,4000,wikitext,halfB,real,size_frac_small,0.0
pythia-160m,4000,wikitext,halfB,real,depth_median_effective_layers,8.637177302550006
pythia-160m,4000,wikitext,halfB,real,depth_frac_single_layer,0.01
pythia-160m,4000,wikitext,halfB,real,depth_mean_layer_span,4.22
pythia-160m,16000,wikitext,halfB,real,crisp_median_max_membership,0.755
pythia-160m,16000,wikitext,halfB,real,crisp_frac_confident,0.8253038194444444
pythia-160m,16000,wikitext,halfB,real,crisp_network_median,0.7457896449671225
pythia-160m,16000,wikitext,halfB,real,size_n_networks,100.0
pythia-160m,16000,wikitext,halfB,real,size_effective_n,88.92338961830416
pythia-160m,16000,wikitext,halfB,real,size_gini,0.2334092881944445
pythia-160m,16000,wikitext,halfB,real,size_largest_share,0.05471462673611111
pythia-160m,16000,wikitext,halfB,real,size_frac_small,0.0
pythia-160m,16000,wikitext,halfB,real,depth_median_effective_layers,8.32412891535363
pythia-160m,16000,wikitext,halfB,real,depth_frac_single_layer,0.01
pythia-160m,16000,wikitext,halfB,real,depth_mean_layer_span,4.31
pythia-160m,64000,wikitext,halfB,real,crisp_median_max_membership,0.755
pythia-160m,64000,wikitext,halfB,real,crisp_frac_confident,0.8173014322916666
pythia-160m,64000,wikitext,halfB,real,crisp_network_median,0.7157558043255059
pythia-160m,64000,wikitext,halfB,real,size_n_networks,100.0
pythia-160m,64000,wikitext,halfB,real,size_effective_n,90.30477214332731
pythia-160m,64000,wikitext,halfB,real,size_gini,0.21197374131944446
pythia-160m,64000,wikitext,halfB,real,size_largest_share,0.055745442708333336
pythia-160m,64000,wikitext,halfB,real,size_frac_small,0.0
pythia-160m,64000,wikitext,halfB,real,depth_median_effective_layers,8.055617382165188
pythia-160m,64000,wikitext,halfB,real,depth_frac_single_layer,0.02
pythia-160m,64000,wikitext,halfB,real,depth_mean_layer_span,4.07
pythia-160m,143000,wikitext,halfB,real,crisp_median_max_membership,0.72
pythia-160m,143000,wikitext,halfB,real,crisp_frac_confident,0.8010525173611112
pythia-160m,143000,wikitext,halfB,real,crisp_network_median,0.666111906710311
pythia-160m,143000,wikitext,halfB,real,size_n_networks,100.0
pythia-160m,143000,wikitext,halfB,real,size_effective_n,88.93928244875106
pythia-160m,143000,wikitext,halfB,real,size_gini,0.2208479817708333
pythia-160m,143000,wikitext,halfB,real,size_largest_share,0.05837673611111111
pythia-160m,143000,wikitext,halfB,real,size_frac_small,0.01
pythia-160m,143000,wikitext,halfB,real,depth_median_effective_layers,8.105528444521752
pythia-160m,143000,wikitext,halfB,real,depth_frac_single_layer,0.01
pythia-160m,143000,wikitext,halfB,real,depth_mean_layer_span,4.07
pythia-160m,0,bookcorpus,halfB,real,crisp_median_max_membership,0.695
pythia-160m,0,bookcorpus,halfB,real,crisp_frac_confident,0.7585177951388888
pythia-160m,0,bookcorpus,halfB,real,crisp_network_median,0.6696042908526592
pythia-160m,0,bookcorpus,halfB,real,size_n_networks,100.0
pythia-160m,0,bookcorpus,halfB,real,size_effective_n,90.78219495349586
pythia-160m,0,bookcorpus,halfB,real,size_gini,0.225270724826389
pythia-160m,0,bookcorpus,halfB,real,size_largest_share,0.043999565972222224
pythia-160m,0,bookcorpus,halfB,real,size_frac_small,0.0
pythia-160m,0,bookcorpus,halfB,real,depth_median_effective_layers,11.76731823680385
pythia-160m,0,bookcorpus,halfB,real,depth_frac_single_layer,0.0
pythia-160m,0,bookcorpus,halfB,real,depth_mean_layer_span,2.02
pythia-160m,1,bookcorpus,halfB,real,crisp_median_max_membership,0.695
pythia-160m,1,bookcorpus,halfB,real,crisp_frac_confident,0.7590603298611112
pythia-160m,1,bookcorpus,halfB,real,crisp_network_median,0.6603696109584336
pythia-160m,1,bookcorpus,halfB,real,size_n_networks,100.0
pythia-160m,1,bookcorpus,halfB,real,size_effective_n,91.2385646970927
pythia-160m,1,bookcorpus,halfB,real,size_gini,0.21878309461805556
pythia-160m,1,bookcorpus,halfB,real,size_largest_share,0.04332139756944445
pythia-160m,1,bookcorpus,halfB,real,size_frac_small,0.0
pythia-160m,1,bookcorpus,halfB,real,depth_median_effective_layers,11.77186192038005
pythia-160m,1,bookcorpus,halfB,real,depth_frac_single_layer,0.0
pythia-160m,1,bookcorpus,halfB,real,depth_mean_layer_span,1.97
pythia-160m,4,bookcorpus,halfB,real,crisp_median_max_membership,0.69
pythia-160m,4,bookcorpus,halfB,real,crisp_frac_confident,0.7599012586805556
pythia-160m,4,bookcorpus,halfB,real,crisp_network_median,0.6575221235121614
pythia-160m,4,bookcorpus,halfB,real,size_n_networks,100.0
pythia-160m,4,bookcorpus,halfB,real,size_effective_n,91.01731621289646
pythia-160m,4,bookcorpus,halfB,real,size_gini,0.22473307291666655
pythia-160m,4,bookcorpus,halfB,real,size_largest_share,0.043402777777777776
pythia-160m,4,bookcorpus,halfB,real,size_frac_small,0.0
pythia-160m,4,bookcorpus,halfB,real,depth_median_effective_layers,11.77466089824149
pythia-160m,4,bookcorpus,halfB,real,depth_frac_single_layer,0.0
pythia-160m,4,bookcorpus,halfB,real,depth_mean_layer_span,2.03
pythia-160m,16,bookcorpus,halfB,real,crisp_median_max_membership,0.635
pythia-160m,16,bookcorpus,halfB,real,crisp_frac_confident,0.6786566840277778
pythia-160m,16,bookcorpus,halfB,real,crisp_network_median,0.6324335734373341
pythia-160m,16,bookcorpus,halfB,real,size_n_networks,100.0
pythia-160m,16,bookcorpus,halfB,real,size_effective_n,90.69129150912023
pythia-160m,16,bookcorpus,halfB,real,size_gini,0.21182508680555556
pythia-160m,16,bookcorpus,halfB,real,size_largest_share,0.05343967013888889
pythia-160m,16,bookcorpus,halfB,real,size_frac_small,0.0
pythia-160m,16,bookcorpus,halfB,real,depth_median_effective_layers,11.722092002539078
pythia-160m,16,bookcorpus,halfB,real,depth_frac_single_layer,0.0
pythia-160m,16,bookcorpus,halfB,real,depth_mean_layer_span,2.22
pythia-160m,64,bookcorpus,halfB,real,crisp_median_max_membership,0.66
pythia-160m,64,bookcorpus,halfB,real,crisp_frac_confident,0.7387424045138888
pythia-160m,64,bookcorpus,halfB,real,crisp_network_median,0.6309688230872035
pythia-160m,64,bookcorpus,halfB,real,size_n_networks,100.0
pythia-160m,64,bookcorpus,halfB,real,size_effective_n,93.23400816712974
pythia-160m,64,bookcorpus,halfB,real,size_gini,0.2059022352430555
pythia-160m,64,bookcorpus,halfB,real,size_largest_share,0.022162543402777776
pythia-160m,64,bookcorpus,halfB,real,size_frac_small,0.0
pythia-160m,64,bookcorpus,halfB,real,depth_median_effective_layers,10.859939502439953
pythia-160m,64,bookcorpus,halfB,real,depth_frac_single_layer,0.0
pythia-160m,64,bookcorpus,halfB,real,depth_mean_layer_span,3.62
pythia-160m,256,bookcorpus,halfB,real,crisp_median_max_membership,0.615
pythia-160m,256,bookcorpus,halfB,real,crisp_frac_confident,0.6885579427083334
pythia-160m,256,bookcorpus,halfB,real,crisp_network_median,0.5955880335365853
pythia-160m,256,bookcorpus,halfB,real,size_n_networks,100.0
pythia-160m,256,bookcorpus,halfB,real,size_effective_n,94.80002004791392
pythia-160m,256,bookcorpus,halfB,real,size_gini,0.16550726996527776
pythia-160m,256,bookcorpus,halfB,real,size_largest_share,0.029052734375
pythia-160m,256,bookcorpus,halfB,real,size_frac_small,0.0
pythia-160m,256,bookcorpus,halfB,real,depth_median_effective_layers,10.074859408200428
pythia-160m,256,bookcorpus,halfB,real,depth_frac_single_layer,0.0
pythia-160m,256,bookcorpus,halfB,real,depth_mean_layer_span,4.19
pythia-160m,1000,bookcorpus,halfB,real,crisp_median_max_membership,0.67
pythia-160m,1000,bookcorpus,halfB,real,crisp_frac_confident,0.749755859375
pythia-160m,1000,bookcorpus,halfB,real,crisp_network_median,0.6380484242005982
pythia-160m,1000,bookcorpus,halfB,real,size_n_networks,100.0
pythia-160m,1000,bookcorpus,halfB,real,size_effective_n,90.25525810181684
pythia-160m,1000,bookcorpus,halfB,real,size_gini,0.22717610677083333
pythia-160m,1000,bookcorpus,halfB,real,size_largest_share,0.039388020833333336
pythia-160m,1000,bookcorpus,halfB,real,size_frac_small,0.0
pythia-160m,1000,bookcorpus,halfB,real,depth_median_effective_layers,9.169752770020938
pythia-160m,1000,bookcorpus,halfB,real,depth_frac_single_layer,0.0
pythia-160m,1000,bookcorpus,halfB,real,depth_mean_layer_span,4.02
pythia-160m,4000,bookcorpus,halfB,real,crisp_median_max_membership,0.71
pythia-160m,4000,bookcorpus,halfB,real,crisp_frac_confident,0.798095703125
pythia-160m,4000,bookcorpus,halfB,real,crisp_network_median,0.673977533553335
pythia-160m,4000,bookcorpus,halfB,real,size_n_networks,100.0
pythia-160m,4000,bookcorpus,halfB,real,size_effective_n,90.83152230013819
pythia-160m,4000,bookcorpus,halfB,real,size_gini,0.23269151475694438
pythia-160m,4000,bookcorpus,halfB,real,size_largest_share,0.030870225694444444
pythia-160m,4000,bookcorpus,halfB,real,size_frac_small,0.01
pythia-160m,4000,bookcorpus,halfB,real,depth_median_effective_layers,9.666514268435872
pythia-160m,4000,bookcorpus,halfB,real,depth_frac_single_layer,0.01
pythia-160m,4000,bookcorpus,halfB,real,depth_mean_layer_span,4.01
pythia-160m,16000,bookcorpus,halfB,real,crisp_median_max_membership,0.735
pythia-160m,16000,bookcorpus,halfB,real,crisp_frac_confident,0.8113606770833334
pythia-160m,16000,bookcorpus,halfB,real,crisp_network_median,0.6918261855670103
pythia-160m,16000,bookcorpus,halfB,real,size_n_networks,100.0
pythia-160m,16000,bookcorpus,halfB,real,size_effective_n,89.46649168248085
pythia-160m,16000,bookcorpus,halfB,real,size_gini,0.23168185763888882
pythia-160m,16000,bookcorpus,halfB,real,size_largest_share,0.04733615451388889
pythia-160m,16000,bookcorpus,halfB,real,size_frac_small,0.0
pythia-160m,16000,bookcorpus,halfB,real,depth_median_effective_layers,8.735297483722123
pythia-160m,16000,bookcorpus,halfB,real,depth_frac_single_layer,0.02
pythia-160m,16000,bookcorpus,halfB,real,depth_mean_layer_span,3.99
pythia-160m,64000,bookcorpus,halfB,real,crisp_median_max_membership,0.725
pythia-160m,64000,bookcorpus,halfB,real,crisp_frac_confident,0.7792154947916666
pythia-160m,64000,bookcorpus,halfB,real,crisp_network_median,0.6791875186178136
pythia-160m,64000,bookcorpus,halfB,real,size_n_networks,100.0
pythia-160m,64000,bookcorpus,halfB,real,size_effective_n,89.79561110846083
pythia-160m,64000,bookcorpus,halfB,real,size_gini,0.2163313802083333
pythia-160m,64000,bookcorpus,halfB,real,size_largest_share,0.05311414930555555
pythia-160m,64000,bookcorpus,halfB,real,size_frac_small,0.0
pythia-160m,64000,bookcorpus,halfB,real,depth_median_effective_layers,8.448853850148023
pythia-160m,64000,bookcorpus,halfB,real,depth_frac_single_layer,0.01
pythia-160m,64000,bookcorpus,halfB,real,depth_mean_layer_span,4.0
pythia-160m,143000,bookcorpus,halfB,real,crisp_median_max_membership,0.675
pythia-160m,143000,bookcorpus,halfB,real,crisp_frac_confident,0.7529025607638888
pythia-160m,143000,bookcorpus,halfB,real,crisp_network_median,0.6364108785236503
pythia-160m,143000,bookcorpus,halfB,real,size_n_networks,100.0
pythia-160m,143000,bookcorpus,halfB,real,size_effective_n,90.63949098704987
pythia-160m,143000,bookcorpus,halfB,real,size_gini,0.207976345486111
pythia-160m,143000,bookcorpus,halfB,real,size_largest_share,0.051432291666666664
pythia-160m,143000,bookcorpus,halfB,real,size_frac_small,0.0
pythia-160m,143000,bookcorpus,halfB,real,depth_median_effective_layers,8.471570259059241
pythia-160m,143000,bookcorpus,halfB,real,depth_frac_single_layer,0.02
pythia-160m,143000,bookcorpus,halfB,real,depth_mean_layer_span,3.88
pythia-160m,0,agnews,halfB,real,crisp_median_max_membership,0.705
pythia-160m,0,agnews,halfB,real,crisp_frac_confident,0.7584906684027778
pythia-160m,0,agnews,halfB,real,crisp_network_median,0.68323062900368
pythia-160m,0,agnews,halfB,real,size_n_networks,100.0
pythia-160m,0,agnews,halfB,real,size_effective_n,88.69184945490414
pythia-160m,0,agnews,halfB,real,size_gini,0.2279367404513888
pythia-160m,0,agnews,halfB,real,size_largest_share,0.059760199652777776
pythia-160m,0,agnews,halfB,real,size_frac_small,0.01
pythia-160m,0,agnews,halfB,real,depth_median_effective_layers,11.750796456927294
pythia-160m,0,agnews,halfB,real,depth_frac_single_layer,0.0
pythia-160m,0,agnews,halfB,real,depth_mean_layer_span,2.28
pythia-160m,1,agnews,halfB,real,crisp_median_max_membership,0.705
pythia-160m,1,agnews,halfB,real,crisp_frac_confident,0.7610405815972222
pythia-160m,1,agnews,halfB,real,crisp_network_median,0.6826655971533713
pythia-160m,1,agnews,halfB,real,size_n_networks,100.0
pythia-160m,1,agnews,halfB,real,size_effective_n,89.00589131965513
pythia-160m,1,agnews,halfB,real,size_gini,0.22326714409722226
pythia-160m,1,agnews,halfB,real,size_largest_share,0.05943467881944445
pythia-160m,1,agnews,halfB,real,size_frac_small,0.0
pythia-160m,1,agnews,halfB,real,depth_median_effective_layers,11.76404163063912
pythia-160m,1,agnews,halfB,real,depth_frac_single_layer,0.0
pythia-160m,1,agnews,halfB,real,depth_mean_layer_span,2.08
pythia-160m,4,agnews,halfB,real,crisp_median_max_membership,0.705
pythia-160m,4,agnews,halfB,real,crisp_frac_confident,0.7532823350694444
pythia-160m,4,agnews,halfB,real,crisp_network_median,0.6925524523697055
pythia-160m,4,agnews,halfB,real,size_n_networks,100.0
pythia-160m,4,agnews,halfB,real,size_effective_n,89.00434576224342
pythia-160m,4,agnews,halfB,real,size_gini,0.23185926649305544
pythia-160m,4,agnews,halfB,real,size_largest_share,0.05946180555555555
pythia-160m,4,agnews,halfB,real,size_frac_small,0.0
pythia-160m,4,agnews,halfB,real,depth_median_effective_layers,11.758243333942275
pythia-160m,4,agnews,halfB,real,depth_frac_single_layer,0.0
pythia-160m,4,agnews,halfB,real,depth_mean_layer_span,1.99
pythia-160m,16,agnews,halfB,real,crisp_median_max_membership,0.68
pythia-160m,16,agnews,halfB,real,crisp_frac_confident,0.7247721354166666
pythia-160m,16,agnews,halfB,real,crisp_network_median,0.6875223231791344
pythia-160m,16,agnews,halfB,real,size_n_networks,100.0
pythia-160m,16,agnews,halfB,real,size_effective_n,88.74120758872017
pythia-160m,16,agnews,halfB,real,size_gini,0.20499077690972212
pythia-160m,16,agnews,halfB,real,size_largest_share,0.0671115451388889
pythia-160m,16,agnews,halfB,real,size_frac_small,0.0
pythia-160m,16,agnews,halfB,real,depth_median_effective_layers,11.721985923380302
pythia-160m,16,agnews,halfB,real,depth_frac_single_layer,0.0
pythia-160m,16,agnews,halfB,real,depth_mean_layer_span,2.29
pythia-160m,64,agnews,halfB,real,crisp_median_max_membership,0.64
pythia-160m,64,agnews,halfB,real,crisp_frac_confident,0.7271050347222222
pythia-160m,64,agnews,halfB,real,crisp_network_median,0.6194809577677225
pythia-160m,64,agnews,halfB,real,size_n_networks,100.0
pythia-160m,64,agnews,halfB,real,size_effective_n,92.72020637693365
pythia-160m,64,agnews,halfB,real,size_gini,0.20525010850694447
pythia-160m,64,agnews,halfB,real,size_largest_share,0.026340060763888888
pythia-160m,64,agnews,halfB,real,size_frac_small,0.01
pythia-160m,64,agnews,halfB,real,depth_median_effective_layers,11.083185350096645
pythia-160m,64,agnews,halfB,real,depth_frac_single_layer,0.0
pythia-160m,64,agnews,halfB,real,depth_mean_layer_span,3.68
pythia-160m,256,agnews,halfB,real,crisp_median_max_membership,0.585
pythia-160m,256,agnews,halfB,real,crisp_frac_confident,0.6437717013888888
pythia-160m,256,agnews,halfB,real,crisp_network_median,0.5583773306998219
pythia-160m,256,agnews,halfB,real,size_n_networks,100.0
pythia-160m,256,agnews,halfB,real,size_effective_n,94.46818736653697
pythia-160m,256,agnews,halfB,real,size_gini,0.16632432725694435
pythia-160m,256,agnews,halfB,real,size_largest_share,0.035834418402777776
pythia-160m,256,agnews,halfB,real,size_frac_small,0.0
pythia-160m,256,agnews,halfB,real,depth_median_effective_layers,9.91606531482618
pythia-160m,256,agnews,halfB,real,depth_frac_single_layer,0.0
pythia-160m,256,agnews,halfB,real,depth_mean_layer_span,4.14
pythia-160m,1000,agnews,halfB,real,crisp_median_max_membership,0.69
pythia-160m,1000,agnews,halfB,real,crisp_frac_confident,0.7614474826388888
pythia-160m,1000,agnews,halfB,real,crisp_network_median,0.6366699723524463
pythia-160m,1000,agnews,halfB,real,size_n_networks,100.0
pythia-160m,1000,agnews,halfB,real,size_effective_n,87.72758942281631
pythia-160m,1000,agnews,halfB,real,size_gini,0.2263449435763889
pythia-160m,1000,agnews,halfB,real,size_largest_share,0.046875
pythia-160m,1000,agnews,halfB,real,size_frac_small,0.0
pythia-160m,1000,agnews,halfB,real,depth_median_effective_layers,8.086813839655118
pythia-160m,1000,agnews,halfB,real,depth_frac_single_layer,0.0
pythia-160m,1000,agnews,halfB,real,depth_mean_layer_span,4.45
pythia-160m,4000,agnews,halfB,real,crisp_median_max_membership,0.755
pythia-160m,4000,agnews,halfB,real,crisp_frac_confident,0.8327094184027778
pythia-160m,4000,agnews,halfB,real,crisp_network_median,0.7312283215010142
pythia-160m,4000,agnews,halfB,real,size_n_networks,100.0
pythia-160m,4000,agnews,halfB,real,size_effective_n,89.50935609237169
pythia-160m,4000,agnews,halfB,real,size_gini,0.24178656684027766
pythia-160m,4000,agnews,halfB,real,size_largest_share,0.036946614583333336
pythia-160m,4000,agnews,halfB,real,size_frac_small,0.01
pythia-160m,4000,agnews,halfB,real,depth_median_effective_layers,8.904594850834957
pythia-160m,4000,agnews,halfB,real,depth_frac_single_layer,0.02
pythia-160m,4000,agnews,halfB,real,depth_mean_layer_span,4.09
pythia-160m,16000,agnews,halfB,real,crisp_median_max_membership,0.795
pythia-160m,16000,agnews,halfB,real,crisp_frac_confident,0.8717990451388888
pythia-160m,16000,agnews,halfB,real,crisp_network_median,0.7638793486923805
pythia-160m,16000,agnews,halfB,real,size_n_networks,100.0
pythia-160m,16000,agnews,halfB,real,size_effective_n,88.85957823461136
pythia-160m,16000,agnews,halfB,real,size_gini,0.22796495225694446
pythia-160m,16000,agnews,halfB,real,size_largest_share,0.053792317708333336
pythia-160m,16000,agnews,halfB,real,size_frac_small,0.0
pythia-160m,16000,agnews,halfB,real,depth_median_effective_layers,8.570123670980237
pythia-160m,16000,agnews,halfB,real,depth_frac_single_layer,0.03
pythia-160m,16000,agnews,halfB,real,depth_mean_layer_span,4.12
pythia-160m,64000,agnews,halfB,real,crisp_median_max_membership,0.805
pythia-160m,64000,agnews,halfB,real,crisp_frac_confident,0.8562282986111112
pythia-160m,64000,agnews,halfB,real,crisp_network_median,0.7587429491450144
pythia-160m,64000,agnews,halfB,real,size_n_networks,100.0
pythia-160m,64000,agnews,halfB,real,size_effective_n,87.38930798492717
pythia-160m,64000,agnews,halfB,real,size_gini,0.2416411675347223
pythia-160m,64000,agnews,halfB,real,size_largest_share,0.056830512152777776
pythia-160m,64000,agnews,halfB,real,size_frac_small,0.0
pythia-160m,64000,agnews,halfB,real,depth_median_effective_layers,8.0663291026864
pythia-160m,64000,agnews,halfB,real,depth_frac_single_layer,0.03
pythia-160m,64000,agnews,halfB,real,depth_mean_layer_span,4.03
pythia-160m,143000,agnews,halfB,real,crisp_median_max_membership,0.73
pythia-160m,143000,agnews,halfB,real,crisp_frac_confident,0.7852376302083334
pythia-160m,143000,agnews,halfB,real,crisp_network_median,0.7077093705406691
pythia-160m,143000,agnews,halfB,real,size_n_networks,100.0
pythia-160m,143000,agnews,halfB,real,size_effective_n,88.03220762015697
pythia-160m,143000,agnews,halfB,real,size_gini,0.2262749565972222
pythia-160m,143000,agnews,halfB,real,size_largest_share,0.05642361111111111
pythia-160m,143000,agnews,halfB,real,size_frac_small,0.01
pythia-160m,143000,agnews,halfB,real,depth_median_effective_layers,8.398031803875336
pythia-160m,143000,agnews,halfB,real,depth_frac_single_layer,0.02
pythia-160m,143000,agnews,halfB,real,depth_mean_layer_span,4.03
pythia-160m,0,tldr17,halfB,real,crisp_median_max_membership,0.68
pythia-160m,0,tldr17,halfB,real,crisp_frac_confident,0.7400444878472222
pythia-160m,0,tldr17,halfB,real,crisp_network_median,0.6537505993766483
pythia-160m,0,tldr17,halfB,real,size_n_networks,100.0
pythia-160m,0,tldr17,halfB,real,size_effective_n,89.36581745035313
pythia-160m,0,tldr17,halfB,real,size_gini,0.23365017361111118
pythia-160m,0,tldr17,halfB,real,size_largest_share,0.04885525173611111
pythia-160m,0,tldr17,halfB,real,size_frac_small,0.0
pythia-160m,0,tldr17,halfB,real,depth_median_effective_layers,11.775140476064742
pythia-160m,0,tldr17,halfB,real,depth_frac_single_layer,0.0
pythia-160m,0,tldr17,halfB,real,depth_mean_layer_span,1.99
pythia-160m,1,tldr17,halfB,real,crisp_median_max_membership,0.68
pythia-160m,1,tldr17,halfB,real,crisp_frac_confident,0.73828125
pythia-160m,1,tldr17,halfB,real,crisp_network_median,0.6564599980974124
pythia-160m,1,tldr17,halfB,real,size_n_networks,100.0
pythia-160m,1,tldr17,halfB,real,size_effective_n,88.99600900086979
pythia-160m,1,tldr17,halfB,real,size_gini,0.238860134548611
pythia-160m,1,tldr17,halfB,real,size_largest_share,0.049018012152777776
pythia-160m,1,tldr17,halfB,real,size_frac_small,0.0
pythia-160m,1,tldr17,halfB,real,depth_median_effective_layers,11.771036385198576
pythia-160m,1,tldr17,halfB,real,depth_frac_single_layer,0.0
pythia-160m,1,tldr17,halfB,real,depth_mean_layer_span,2.03
pythia-160m,4,tldr17,halfB,real,crisp_median_max_membership,0.68
pythia-160m,4,tldr17,halfB,real,crisp_frac_confident,0.7385525173611112
pythia-160m,4,tldr17,halfB,real,crisp_network_median,0.6659615758453108
pythia-160m,4,tldr17,halfB,real,size_n_networks,100.0
pythia-160m,4,tldr17,halfB,real,size_effective_n,89.96621280148614
pythia-160m,4,tldr17,halfB,real,size_gini,0.2219807942708334
pythia-160m,4,tldr17,halfB,real,size_largest_share,0.04836697048611111
pythia-160m,4,tldr17,halfB,real,size_frac_small,0.01
pythia-160m,4,tldr17,halfB,real,depth_median_effective_layers,11.782487512433473
pythia-160m,4,tldr17,halfB,real,depth_frac_single_layer,0.0
pythia-160m,4,tldr17,halfB,real,depth_mean_layer_span,1.93
pythia-160m,16,tldr17,halfB,real,crisp_median_max_membership,0.67
pythia-160m,16,tldr17,halfB,real,crisp_frac_confident,0.7170138888888888
pythia-160m,16,tldr17,halfB,real,crisp_network_median,0.6780847726143141
pythia-160m,16,tldr17,halfB,real,size_n_networks,100.0
pythia-160m,16,tldr17,halfB,real,size_effective_n,89.77736311195277
pythia-160m,16,tldr17,halfB,real,size_gini,0.21824815538194442
pythia-160m,16,tldr17,halfB,real,size_largest_share,0.054741753472222224
pythia-160m,16,tldr17,halfB,real,size_frac_small,0.0
pythia-160m,16,tldr17,halfB,real,depth_median_effective_layers,11.738440906843511
pythia-160m,16,tldr17,halfB,real,depth_frac_single_layer,0.0
pythia-160m,16,tldr17,halfB,real,depth_mean_layer_span,2.18
pythia-160m,64,tldr17,halfB,real,crisp_median_max_membership,0.655
pythia-160m,64,tldr17,halfB,real,crisp_frac_confident,0.7174207899305556
pythia-160m,64,tldr17,halfB,real,crisp_network_median,0.6198052670154421
pythia-160m,64,tldr17,halfB,real,size_n_networks,100.0
pythia-160m,64,tldr17,halfB,real,size_effective_n,92.10852423048803
pythia-160m,64,tldr17,halfB,real,size_gini,0.20978949652777779
pythia-160m,64,tldr17,halfB,real,size_largest_share,0.033528645833333336
pythia-160m,64,tldr17,halfB,real,size_frac_small,0.01
pythia-160m,64,tldr17,halfB,real,depth_median_effective_layers,11.013043096979786
pythia-160m,64,tldr17,halfB,real,depth_frac_single_layer,0.0
pythia-160m,64,tldr17,halfB,real,depth_mean_layer_span,3.61
pythia-160m,256,tldr17,halfB,real,crisp_median_max_membership,0.58
pythia-160m,256,tldr17,halfB,real,crisp_frac_confident,0.6319173177083334
pythia-160m,256,tldr17,halfB,real,crisp_network_median,0.5569836067338327
pythia-160m,256,tldr17,halfB,real,size_n_networks,100.0
pythia-160m,256,tldr17,halfB,real,size_effective_n,94.8188065282314
pythia-160m,256,tldr17,halfB,real,size_gini,0.15905327690972215
pythia-160m,256,tldr17,halfB,real,size_largest_share,0.038655598958333336
pythia-160m,256,tldr17,halfB,real,size_frac_small,0.0
pythia-160m,256,tldr17,halfB,real,depth_median_effective_layers,10.326386497225489
pythia-160m,256,tldr17,halfB,real,depth_frac_single_layer,0.0
pythia-160m,256,tldr17,halfB,real,depth_mean_layer_span,4.04
pythia-160m,1000,tldr17,halfB,real,crisp_median_max_membership,0.69
pythia-160m,1000,tldr17,halfB,real,crisp_frac_confident,0.7776150173611112
pythia-160m,1000,tldr17,halfB,real,crisp_network_median,0.6514941672441672
pythia-160m,1000,tldr17,halfB,real,size_n_networks,100.0
pythia-160m,1000,tldr17,halfB,real,size_effective_n,90.27700645077351
pythia-160m,1000,tldr17,halfB,real,size_gini,0.21807508680555565
pythia-160m,1000,tldr17,halfB,real,size_largest_share,0.035807291666666664
pythia-160m,1000,tldr17,halfB,real,size_frac_small,0.01
pythia-160m,1000,tldr17,halfB,real,depth_median_effective_layers,8.500290516045744
pythia-160m,1000,tldr17,halfB,real,depth_frac_single_layer,0.0
pythia-160m,1000,tldr17,halfB,real,depth_mean_layer_span,4.41
pythia-160m,4000,tldr17,halfB,real,crisp_median_max_membership,0.785
pythia-160m,4000,tldr17,halfB,real,crisp_frac_confident,0.8694932725694444
pythia-160m,4000,tldr17,halfB,real,crisp_network_median,0.7522421482397071
pythia-160m,4000,tldr17,halfB,real,size_n_networks,100.0
pythia-160m,4000,tldr17,halfB,real,size_effective_n,91.17808476579839
pythia-160m,4000,tldr17,halfB,real,size_gini,0.2197580295138888
pythia-160m,4000,tldr17,halfB,real,size_largest_share,0.035210503472222224
pythia-160m,4000,tldr17,halfB,real,size_frac_small,0.0
pythia-160m,4000,tldr17,halfB,real,depth_median_effective_layers,8.772109303238652
pythia-160m,4000,tldr17,halfB,real,depth_frac_single_layer,0.01
pythia-160m,4000,tldr17,halfB,real,depth_mean_layer_span,4.04
pythia-160m,16000,tldr17,halfB,real,crisp_median_max_membership,0.795
pythia-160m,16000,tldr17,halfB,real,crisp_frac_confident,0.8567165798611112
pythia-160m,16000,tldr17,halfB,real,crisp_network_median,0.7581949388639528
pythia-160m,16000,tldr17,halfB,real,size_n_networks,100.0
pythia-160m,16000,tldr17,halfB,real,size_effective_n,89.99414103601993
pythia-160m,16000,tldr17,halfB,real,size_gini,0.23290852864583322
pythia-160m,16000,tldr17,halfB,real,size_largest_share,0.034912109375
pythia-160m,16000,tldr17,halfB,real,size_frac_small,0.0
pythia-160m,16000,tldr17,halfB,real,depth_median_effective_layers,8.596637675286022
pythia-160m,16000,tldr17,halfB,real,depth_frac_single_layer,0.02
pythia-160m,16000,tldr17,halfB,real,depth_mean_layer_span,3.97
pythia-160m,64000,tldr17,halfB,real,crisp_median_max_membership,0.77
pythia-160m,64000,tldr17,halfB,real,crisp_frac_confident,0.8266059027777778
pythia-160m,64000,tldr17,halfB,real,crisp_network_median,0.724354024225889
pythia-160m,64000,tldr17,halfB,real,size_n_networks,100.0
pythia-160m,64000,tldr17,halfB,real,size_effective_n,89.4689303164998
pythia-160m,64000,tldr17,halfB,real,size_gini,0.22376139322916666
pythia-160m,64000,tldr17,halfB,real,size_largest_share,0.048041449652777776
pythia-160m,64000,tldr17,halfB,real,size_frac_small,0.0
pythia-160m,64000,tldr17,halfB,real,depth_median_effective_layers,8.332161107789233
pythia-160m,64000,tldr17,halfB,real,depth_frac_single_layer,0.02
pythia-160m,64000,tldr17,halfB,real,depth_mean_layer_span,4.13
pythia-160m,143000,tldr17,halfB,real,crisp_median_max_membership,0.75
pythia-160m,143000,tldr17,halfB,real,crisp_frac_confident,0.7994520399305556
pythia-160m,143000,tldr17,halfB,real,crisp_network_median,0.708770180698039
pythia-160m,143000,tldr17,halfB,real,size_n_networks,100.0
pythia-160m,143000,tldr17,halfB,real,size_effective_n,88.88191380378387
pythia-160m,143000,tldr17,halfB,real,size_gini,0.23454752604166673
pythia-160m,143000,tldr17,halfB,real,size_largest_share,0.040337456597222224
pythia-160m,143000,tldr17,halfB,real,size_frac_small,0.02
pythia-160m,143000,tldr17,halfB,real,depth_median_effective_layers,8.109808286224336
pythia-160m,143000,tldr17,halfB,real,depth_frac_single_layer,0.02
pythia-160m,143000,tldr17,halfB,real,depth_mean_layer_span,4.1
pythia-160m,0,wikitext,halfA_vs_halfB,real,halves_split_degree,1.13
pythia-160m,0,wikitext,halfA_vs_halfB,real,halves_merge_degree,1.11
pythia-160m,0,wikitext,halfA_vs_halfB,real,halves_continued,0.78
pythia-160m,0,wikitext,halfA_vs_halfB,real,halves_mean_best_jaccard,0.6786519653588747
pythia-160m,1,wikitext,halfA_vs_halfB,real,halves_split_degree,1.12
pythia-160m,1,wikitext,halfA_vs_halfB,real,halves_merge_degree,1.13
pythia-160m,1,wikitext,halfA_vs_halfB,real,halves_continued,0.8
pythia-160m,1,wikitext,halfA_vs_halfB,real,halves_mean_best_jaccard,0.6800500128254474
pythia-160m,4,wikitext,halfA_vs_halfB,real,halves_split_degree,1.14
pythia-160m,4,wikitext,halfA_vs_halfB,real,halves_merge_degree,1.13
pythia-160m,4,wikitext,halfA_vs_halfB,real,halves_continued,0.78
pythia-160m,4,wikitext,halfA_vs_halfB,real,halves_mean_best_jaccard,0.6720597487360432
pythia-160m,16,wikitext,halfA_vs_halfB,real,halves_split_degree,1.07
pythia-160m,16,wikitext,halfA_vs_halfB,real,halves_merge_degree,1.08
pythia-160m,16,wikitext,halfA_vs_halfB,real,halves_continued,0.83
pythia-160m,16,wikitext,halfA_vs_halfB,real,halves_mean_best_jaccard,0.6848931484082343
pythia-160m,64,wikitext,halfA_vs_halfB,real,halves_split_degree,1.15
pythia-160m,64,wikitext,halfA_vs_halfB,real,halves_merge_degree,1.16
pythia-160m,64,wikitext,halfA_vs_halfB,real,halves_continued,0.79
pythia-160m,64,wikitext,halfA_vs_halfB,real,halves_mean_best_jaccard,0.6604214798422996
pythia-160m,256,wikitext,halfA_vs_halfB,real,halves_split_degree,1.17
pythia-160m,256,wikitext,halfA_vs_halfB,real,halves_merge_degree,1.18
pythia-160m,256,wikitext,halfA_vs_halfB,real,halves_continued,0.75
pythia-160m,256,wikitext,halfA_vs_halfB,real,halves_mean_best_jaccard,0.6477834939883635
pythia-160m,1000,wikitext,halfA_vs_halfB,real,halves_split_degree,1.09
pythia-160m,1000,wikitext,halfA_vs_halfB,real,halves_merge_degree,1.12
pythia-160m,1000,wikitext,halfA_vs_halfB,real,halves_continued,0.85
pythia-160m,1000,wikitext,halfA_vs_halfB,real,halves_mean_best_jaccard,0.6699408801492862
pythia-160m,4000,wikitext,halfA_vs_halfB,real,halves_split_degree,1.1
pythia-160m,4000,wikitext,halfA_vs_halfB,real,halves_merge_degree,1.08
pythia-160m,4000,wikitext,halfA_vs_halfB,real,halves_continued,0.87
pythia-160m,4000,wikitext,halfA_vs_halfB,real,halves_mean_best_jaccard,0.683811539745868
pythia-160m,16000,wikitext,halfA_vs_halfB,real,halves_split_degree,1.11
pythia-160m,16000,wikitext,halfA_vs_halfB,real,halves_merge_degree,1.15
pythia-160m,16000,wikitext,halfA_vs_halfB,real,halves_continued,0.74
pythia-160m,16000,wikitext,halfA_vs_halfB,real,halves_mean_best_jaccard,0.6127347230149459
pythia-160m,64000,wikitext,halfA_vs_halfB,real,halves_split_degree,1.16
pythia-160m,64000,wikitext,halfA_vs_halfB,real,halves_merge_degree,1.12
pythia-160m,64000,wikitext,halfA_vs_halfB,real,halves_continued,0.76
pythia-160m,64000,wikitext,halfA_vs_halfB,real,halves_mean_best_jaccard,0.6109133917376532
pythia-160m,143000,wikitext,halfA_vs_halfB,real,halves_split_degree,1.19
pythia-160m,143000,wikitext,halfA_vs_halfB,real,halves_merge_degree,1.07
pythia-160m,143000,wikitext,halfA_vs_halfB,real,halves_continued,0.82
pythia-160m,143000,wikitext,halfA_vs_halfB,real,halves_mean_best_jaccard,0.6568036598568184
pythia-160m,0,bookcorpus,halfA_vs_halfB,real,halves_split_degree,1.06
pythia-160m,0,bookcorpus,halfA_vs_halfB,real,halves_merge_degree,1.05
pythia-160m,0,bookcorpus,halfA_vs_halfB,real,halves_continued,0.89
pythia-160m,0,bookcorpus,halfA_vs_halfB,real,halves_mean_best_jaccard,0.7802250116127971
pythia-160m,1,bookcorpus,halfA_vs_halfB,real,halves_split_degree,1.04
pythia-160m,1,bookcorpus,halfA_vs_halfB,real,halves_merge_degree,1.07
pythia-160m,1,bookcorpus,halfA_vs_halfB,real,halves_continued,0.88
pythia-160m,1,bookcorpus,halfA_vs_halfB,real,halves_mean_best_jaccard,0.7879793157830137
pythia-160m,4,bookcorpus,halfA_vs_halfB,real,halves_split_degree,1.05
pythia-160m,4,bookcorpus,halfA_vs_halfB,real,halves_merge_degree,1.05
pythia-160m,4,bookcorpus,halfA_vs_halfB,real,halves_continued,0.89
pythia-160m,4,bookcorpus,halfA_vs_halfB,real,halves_mean_best_jaccard,0.7790070678096389
pythia-160m,16,bookcorpus,halfA_vs_halfB,real,halves_split_degree,1.1
pythia-160m,16,bookcorpus,halfA_vs_halfB,real,halves_merge_degree,1.12
pythia-160m,16,bookcorpus,halfA_vs_halfB,real,halves_continued,0.8
pythia-160m,16,bookcorpus,halfA_vs_halfB,real,halves_mean_best_jaccard,0.7158462111549104
pythia-160m,64,bookcorpus,halfA_vs_halfB,real,halves_split_degree,1.1
pythia-160m,64,bookcorpus,halfA_vs_halfB,real,halves_merge_degree,1.1
pythia-160m,64,bookcorpus,halfA_vs_halfB,real,halves_continued,0.92
pythia-160m,64,bookcorpus,halfA_vs_halfB,real,halves_mean_best_jaccard,0.7853862298981765
pythia-160m,256,bookcorpus,halfA_vs_halfB,real,halves_split_degree,1.17
pythia-160m,256,bookcorpus,halfA_vs_halfB,real,halves_merge_degree,1.12
pythia-160m,256,bookcorpus,halfA_vs_halfB,real,halves_continued,0.87
pythia-160m,256,bookcorpus,halfA_vs_halfB,real,halves_mean_best_jaccard,0.7333791586962909
pythia-160m,1000,bookcorpus,halfA_vs_halfB,real,halves_split_degree,1.09
pythia-160m,1000,bookcorpus,halfA_vs_halfB,real,halves_merge_degree,1.09
pythia-160m,1000,bookcorpus,halfA_vs_halfB,real,halves_continued,0.92
pythia-160m,1000,bookcorpus,halfA_vs_halfB,real,halves_mean_best_jaccard,0.7440009265502944
pythia-160m,4000,bookcorpus,halfA_vs_halfB,real,halves_split_degree,1.08
pythia-160m,4000,bookcorpus,halfA_vs_halfB,real,halves_merge_degree,1.09
pythia-160m,4000,bookcorpus,halfA_vs_halfB,real,halves_continued,0.87
pythia-160m,4000,bookcorpus,halfA_vs_halfB,real,halves_mean_best_jaccard,0.7257192620248977
pythia-160m,16000,bookcorpus,halfA_vs_halfB,real,halves_split_degree,1.1
pythia-160m,16000,bookcorpus,halfA_vs_halfB,real,halves_merge_degree,1.12
pythia-160m,16000,bookcorpus,halfA_vs_halfB,real,halves_continued,0.89
pythia-160m,16000,bookcorpus,halfA_vs_halfB,real,halves_mean_best_jaccard,0.7341206197859642
pythia-160m,64000,bookcorpus,halfA_vs_halfB,real,halves_split_degree,1.1
pythia-160m,64000,bookcorpus,halfA_vs_halfB,real,halves_merge_degree,1.09
pythia-160m,64000,bookcorpus,halfA_vs_halfB,real,halves_continued,0.88
pythia-160m,64000,bookcorpus,halfA_vs_halfB,real,halves_mean_best_jaccard,0.7449343971307207
pythia-160m,143000,bookcorpus,halfA_vs_halfB,real,halves_split_degree,1.06
pythia-160m,143000,bookcorpus,halfA_vs_halfB,real,halves_merge_degree,1.07
pythia-160m,143000,bookcorpus,halfA_vs_halfB,real,halves_continued,0.9
pythia-160m,143000,bookcorpus,halfA_vs_halfB,real,halves_mean_best_jaccard,0.7627323714043225
pythia-160m,0,agnews,halfA_vs_halfB,real,halves_split_degree,1.05
pythia-160m,0,agnews,halfA_vs_halfB,real,halves_merge_degree,1.06
pythia-160m,0,agnews,halfA_vs_halfB,real,halves_continued,0.87
pythia-160m,0,agnews,halfA_vs_halfB,real,halves_mean_best_jaccard,0.7536509790772494
pythia-160m,1,agnews,halfA_vs_halfB,real,halves_split_degree,1.06
pythia-160m,1,agnews,halfA_vs_halfB,real,halves_merge_degree,1.05
pythia-160m,1,agnews,halfA_vs_halfB,real,halves_continued,0.88
pythia-160m,1,agnews,halfA_vs_halfB,real,halves_mean_best_jaccard,0.7562772450503692
pythia-160m,4,agnews,halfA_vs_halfB,real,halves_split_degree,1.07
pythia-160m,4,agnews,halfA_vs_halfB,real,halves_merge_degree,1.06
pythia-160m,4,agnews,halfA_vs_halfB,real,halves_continued,0.86
pythia-160m,4,agnews,halfA_vs_halfB,real,halves_mean_best_jaccard,0.7601821959956587
pythia-160m,16,agnews,halfA_vs_halfB,real,halves_split_degree,1.1
pythia-160m,16,agnews,halfA_vs_halfB,real,halves_merge_degree,1.07
pythia-160m,16,agnews,halfA_vs_halfB,real,halves_continued,0.85
pythia-160m,16,agnews,halfA_vs_halfB,real,halves_mean_best_jaccard,0.7427408735699695
pythia-160m,64,agnews,halfA_vs_halfB,real,halves_split_degree,1.17
pythia-160m,64,agnews,halfA_vs_halfB,real,halves_merge_degree,1.15
pythia-160m,64,agnews,halfA_vs_halfB,real,halves_continued,0.85
pythia-160m,64,agnews,halfA_vs_halfB,real,halves_mean_best_jaccard,0.739639077655862
pythia-160m,256,agnews,halfA_vs_halfB,real,halves_split_degree,1.14
pythia-160m,256,agnews,halfA_vs_halfB,real,halves_merge_degree,1.14
pythia-160m,256,agnews,halfA_vs_halfB,real,halves_continued,0.85
pythia-160m,256,agnews,halfA_vs_halfB,real,halves_mean_best_jaccard,0.6885984235176116
pythia-160m,1000,agnews,halfA_vs_halfB,real,halves_split_degree,1.05
pythia-160m,1000,agnews,halfA_vs_halfB,real,halves_merge_degree,1.06
pythia-160m,1000,agnews,halfA_vs_halfB,real,halves_continued,0.91
pythia-160m,1000,agnews,halfA_vs_halfB,real,halves_mean_best_jaccard,0.7273611344600733
pythia-160m,4000,agnews,halfA_vs_halfB,real,halves_split_degree,1.1
pythia-160m,4000,agnews,halfA_vs_halfB,real,halves_merge_degree,1.08
pythia-160m,4000,agnews,halfA_vs_halfB,real,halves_continued,0.84
pythia-160m,4000,agnews,halfA_vs_halfB,real,halves_mean_best_jaccard,0.6722988236464056
pythia-160m,16000,agnews,halfA_vs_halfB,real,halves_split_degree,1.07
pythia-160m,16000,agnews,halfA_vs_halfB,real,halves_merge_degree,1.1
pythia-160m,16000,agnews,halfA_vs_halfB,real,halves_continued,0.87
pythia-160m,16000,agnews,halfA_vs_halfB,real,halves_mean_best_jaccard,0.7117804071641717
pythia-160m,64000,agnews,halfA_vs_halfB,real,halves_split_degree,1.13
pythia-160m,64000,agnews,halfA_vs_halfB,real,halves_merge_degree,1.12
pythia-160m,64000,agnews,halfA_vs_halfB,real,halves_continued,0.83
pythia-160m,64000,agnews,halfA_vs_halfB,real,halves_mean_best_jaccard,0.6763304638716321
pythia-160m,143000,agnews,halfA_vs_halfB,real,halves_split_degree,1.08
pythia-160m,143000,agnews,halfA_vs_halfB,real,halves_merge_degree,1.1
pythia-160m,143000,agnews,halfA_vs_halfB,real,halves_continued,0.83
pythia-160m,143000,agnews,halfA_vs_halfB,real,halves_mean_best_jaccard,0.6992207194981677
pythia-160m,0,tldr17,halfA_vs_halfB,real,halves_split_degree,1.07
pythia-160m,0,tldr17,halfA_vs_halfB,real,halves_merge_degree,1.06
pythia-160m,0,tldr17,halfA_vs_halfB,real,halves_continued,0.81
pythia-160m,0,tldr17,halfA_vs_halfB,real,halves_mean_best_jaccard,0.699756569931811
pythia-160m,1,tldr17,halfA_vs_halfB,real,halves_split_degree,1.07
pythia-160m,1,tldr17,halfA_vs_halfB,real,halves_merge_degree,1.11
pythia-160m,1,tldr17,halfA_vs_halfB,real,halves_continued,0.81
pythia-160m,1,tldr17,halfA_vs_halfB,real,halves_mean_best_jaccard,0.6991628239544048
pythia-160m,4,tldr17,halfA_vs_halfB,real,halves_split_degree,1.13
pythia-160m,4,tldr17,halfA_vs_halfB,real,halves_merge_degree,1.1
pythia-160m,4,tldr17,halfA_vs_halfB,real,halves_continued,0.81
pythia-160m,4,tldr17,halfA_vs_halfB,real,halves_mean_best_jaccard,0.6822508886673284
pythia-160m,16,tldr17,halfA_vs_halfB,real,halves_split_degree,1.08
pythia-160m,16,tldr17,halfA_vs_halfB,real,halves_merge_degree,1.08
pythia-160m,16,tldr17,halfA_vs_halfB,real,halves_continued,0.84
pythia-160m,16,tldr17,halfA_vs_halfB,real,halves_mean_best_jaccard,0.7083190353437054
pythia-160m,64,tldr17,halfA_vs_halfB,real,halves_split_degree,1.16
pythia-160m,64,tldr17,halfA_vs_halfB,real,halves_merge_degree,1.1
pythia-160m,64,tldr17,halfA_vs_halfB,real,halves_continued,0.76
pythia-160m,64,tldr17,halfA_vs_halfB,real,halves_mean_best_jaccard,0.6838132972456754
pythia-160m,256,tldr17,halfA_vs_halfB,real,halves_split_degree,1.12
pythia-160m,256,tldr17,halfA_vs_halfB,real,halves_merge_degree,1.13
pythia-160m,256,tldr17,halfA_vs_halfB,real,halves_continued,0.83
pythia-160m,256,tldr17,halfA_vs_halfB,real,halves_mean_best_jaccard,0.6593723175845383
pythia-160m,1000,tldr17,halfA_vs_halfB,real,halves_split_degree,1.07
pythia-160m,1000,tldr17,halfA_vs_halfB,real,halves_merge_degree,1.11
pythia-160m,1000,tldr17,halfA_vs_halfB,real,halves_continued,0.83
pythia-160m,1000,tldr17,halfA_vs_halfB,real,halves_mean_best_jaccard,0.6656515075375843
pythia-160m,4000,tldr17,halfA_vs_halfB,real,halves_split_degree,1.04
pythia-160m,4000,tldr17,halfA_vs_halfB,real,halves_merge_degree,1.01
pythia-160m,4000,tldr17,halfA_vs_halfB,real,halves_continued,0.91
pythia-160m,4000,tldr17,halfA_vs_halfB,real,halves_mean_best_jaccard,0.6850677924754227
pythia-160m,16000,tldr17,halfA_vs_halfB,real,halves_split_degree,1.05
pythia-160m,16000,tldr17,halfA_vs_halfB,real,halves_merge_degree,1.05
pythia-160m,16000,tldr17,halfA_vs_halfB,real,halves_continued,0.85
pythia-160m,16000,tldr17,halfA_vs_halfB,real,halves_mean_best_jaccard,0.6679852033026127
pythia-160m,64000,tldr17,halfA_vs_halfB,real,halves_split_degree,1.09
pythia-160m,64000,tldr17,halfA_vs_halfB,real,halves_merge_degree,1.08
pythia-160m,64000,tldr17,halfA_vs_halfB,real,halves_continued,0.84
pythia-160m,64000,tldr17,halfA_vs_halfB,real,halves_mean_best_jaccard,0.6552581365440637
pythia-160m,143000,tldr17,halfA_vs_halfB,real,halves_split_degree,1.1
pythia-160m,143000,tldr17,halfA_vs_halfB,real,halves_merge_degree,1.09
pythia-160m,143000,tldr17,halfA_vs_halfB,real,halves_continued,0.81
pythia-160m,143000,tldr17,halfA_vs_halfB,real,halves_mean_best_jaccard,0.6621914790708782
pythia-160m,0,agnews,halfA,real,generality_mean,0.12579048891354494
pythia-160m,0,agnews,halfA,real,generality_frac_general,0.03
pythia-160m,0,bookcorpus,halfA,real,generality_mean,0.14034482730851047
pythia-160m,0,bookcorpus,halfA,real,generality_frac_general,0.02
pythia-160m,0,tldr17,halfA,real,generality_mean,0.12232309204999173
pythia-160m,0,tldr17,halfA,real,generality_frac_general,0.01
pythia-160m,0,wikitext,halfA,real,generality_mean,0.1367880383984245
pythia-160m,0,wikitext,halfA,real,generality_frac_general,0.02
pythia-160m,1,agnews,halfA,real,generality_mean,0.12441265425789881
pythia-160m,1,agnews,halfA,real,generality_frac_general,0.03
pythia-160m,1,bookcorpus,halfA,real,generality_mean,0.14035011134814143
pythia-160m,1,bookcorpus,halfA,real,generality_frac_general,0.02
pythia-160m,1,tldr17,halfA,real,generality_mean,0.1218153289168486
pythia-160m,1,tldr17,halfA,real,generality_frac_general,0.01
pythia-160m,1,wikitext,halfA,real,generality_mean,0.13690179302564334
pythia-160m,1,wikitext,halfA,real,generality_frac_general,0.02
pythia-160m,4,agnews,halfA,real,generality_mean,0.12490784357411218
pythia-160m,4,agnews,halfA,real,generality_frac_general,0.03
pythia-160m,4,bookcorpus,halfA,real,generality_mean,0.13765136372338227
pythia-160m,4,bookcorpus,halfA,real,generality_frac_general,0.02
pythia-160m,4,tldr17,halfA,real,generality_mean,0.12011007213979942
pythia-160m,4,tldr17,halfA,real,generality_frac_general,0.01
pythia-160m,4,wikitext,halfA,real,generality_mean,0.1340102551587982
pythia-160m,4,wikitext,halfA,real,generality_frac_general,0.03
pythia-160m,16,agnews,halfA,real,generality_mean,0.11708140347215848
pythia-160m,16,agnews,halfA,real,generality_frac_general,0.04
pythia-160m,16,bookcorpus,halfA,real,generality_mean,0.12819960135291353
pythia-160m,16,bookcorpus,halfA,real,generality_frac_general,0.04
pythia-160m,16,tldr17,halfA,real,generality_mean,0.1152728932316855
pythia-160m,16,tldr17,halfA,real,generality_frac_general,0.04
pythia-160m,16,wikitext,halfA,real,generality_mean,0.12851351186144133
pythia-160m,16,wikitext,halfA,real,generality_frac_general,0.05
pythia-160m,64,agnews,halfA,real,generality_mean,0.1440679140886985
pythia-160m,64,agnews,halfA,real,generality_frac_general,0.01
pythia-160m,64,bookcorpus,halfA,real,generality_mean,0.13406513654086855
pythia-160m,64,bookcorpus,halfA,real,generality_frac_general,0.01
pythia-160m,64,tldr17,halfA,real,generality_mean,0.1344607332954394
pythia-160m,64,tldr17,halfA,real,generality_frac_general,0.01
pythia-160m,64,wikitext,halfA,real,generality_mean,0.13940622530457827
pythia-160m,64,wikitext,halfA,real,generality_frac_general,0.01
pythia-160m,256,agnews,halfA,real,generality_mean,0.13240414752870078
pythia-160m,256,agnews,halfA,real,generality_frac_general,0.02
pythia-160m,256,bookcorpus,halfA,real,generality_mean,0.13248230410621797
pythia-160m,256,bookcorpus,halfA,real,generality_frac_general,0.02
pythia-160m,256,tldr17,halfA,real,generality_mean,0.1252579248603809
pythia-160m,256,tldr17,halfA,real,generality_frac_general,0.01
pythia-160m,256,wikitext,halfA,real,generality_mean,0.13649723691560134
pythia-160m,256,wikitext,halfA,real,generality_frac_general,0.01
pythia-160m,1000,agnews,halfA,real,generality_mean,0.09016030240430017
pythia-160m,1000,agnews,halfA,real,generality_frac_general,0.0
pythia-160m,1000,bookcorpus,halfA,real,generality_mean,0.10064055012305426
pythia-160m,1000,bookcorpus,halfA,real,generality_frac_general,0.0
pythia-160m,1000,tldr17,halfA,real,generality_mean,0.0968144149897591
pythia-160m,1000,tldr17,halfA,real,generality_frac_general,0.0
pythia-160m,1000,wikitext,halfA,real,generality_mean,0.10068050904200466
pythia-160m,1000,wikitext,halfA,real,generality_frac_general,0.0
pythia-160m,4000,agnews,halfA,real,generality_mean,0.08234675390829083
pythia-160m,4000,agnews,halfA,real,generality_frac_general,0.01
pythia-160m,4000,bookcorpus,halfA,real,generality_mean,0.09271567773139992
pythia-160m,4000,bookcorpus,halfA,real,generality_frac_general,0.01
pythia-160m,4000,tldr17,halfA,real,generality_mean,0.09624432332076523
pythia-160m,4000,tldr17,halfA,real,generality_frac_general,0.01
pythia-160m,4000,wikitext,halfA,real,generality_mean,0.09377015136173596
pythia-160m,4000,wikitext,halfA,real,generality_frac_general,0.02
pythia-160m,16000,agnews,halfA,real,generality_mean,0.0926517978716614
pythia-160m,16000,agnews,halfA,real,generality_frac_general,0.02
pythia-160m,16000,bookcorpus,halfA,real,generality_mean,0.10527327989419268
pythia-160m,16000,bookcorpus,halfA,real,generality_frac_general,0.02
pythia-160m,16000,tldr17,halfA,real,generality_mean,0.10974025026876276
pythia-160m,16000,tldr17,halfA,real,generality_frac_general,0.02
pythia-160m,16000,wikitext,halfA,real,generality_mean,0.10239190342335068
pythia-160m,16000,wikitext,halfA,real,generality_frac_general,0.02
pythia-160m,64000,agnews,halfA,real,generality_mean,0.10292695725324935
pythia-160m,64000,agnews,halfA,real,generality_frac_general,0.01
pythia-160m,64000,bookcorpus,halfA,real,generality_mean,0.11344254603906682
pythia-160m,64000,bookcorpus,halfA,real,generality_frac_general,0.01
pythia-160m,64000,tldr17,halfA,real,generality_mean,0.12049294672685093
pythia-160m,64000,tldr17,halfA,real,generality_frac_general,0.02
pythia-160m,64000,wikitext,halfA,real,generality_mean,0.11728952382815187
pythia-160m,64000,wikitext,halfA,real,generality_frac_general,0.02
pythia-160m,143000,agnews,halfA,real,generality_mean,0.10632225774519131
pythia-160m,143000,agnews,halfA,real,generality_frac_general,0.01
pythia-160m,143000,bookcorpus,halfA,real,generality_mean,0.11868126492527244
pythia-160m,143000,bookcorpus,halfA,real,generality_frac_general,0.01
pythia-160m,143000,tldr17,halfA,real,generality_mean,0.12256077973258347
pythia-160m,143000,tldr17,halfA,real,generality_frac_general,0.02
pythia-160m,143000,wikitext,halfA,real,generality_mean,0.12380710172049435
pythia-160m,143000,wikitext,halfA,real,generality_frac_general,0.02
pythia-160m,1,wikitext,halfA,real,trans_split_degree,1.0
pythia-160m,1,wikitext,halfA,real,trans_merge_degree,1.01
pythia-160m,1,wikitext,halfA,real,trans_continued,1.0
pythia-160m,1,wikitext,halfA,real,trans_mean_best_jaccard,0.9689444118507808
pythia-160m,4,wikitext,halfA,real,trans_split_degree,1.1
pythia-160m,4,wikitext,halfA,real,trans_merge_degree,1.09
pythia-160m,4,wikitext,halfA,real,trans_continued,0.87
pythia-160m,4,wikitext,halfA,real,trans_mean_best_jaccard,0.7814643810610618
pythia-160m,16,wikitext,halfA,real,trans_split_degree,0.97
pythia-160m,16,wikitext,halfA,real,trans_merge_degree,0.96
pythia-160m,16,wikitext,halfA,real,trans_continued,0.0
pythia-160m,16,wikitext,halfA,real,trans_mean_best_jaccard,0.28383641294945017
pythia-160m,64,wikitext,halfA,real,trans_split_degree,0.08
pythia-160m,64,wikitext,halfA,real,trans_merge_degree,0.11
pythia-160m,64,wikitext,halfA,real,trans_continued,0.0
pythia-160m,64,wikitext,halfA,real,trans_mean_best_jaccard,0.04911430410091693
pythia-160m,256,wikitext,halfA,real,trans_split_degree,0.2
pythia-160m,256,wikitext,halfA,real,trans_merge_degree,0.21
pythia-160m,256,wikitext,halfA,real,trans_continued,0.0
pythia-160m,256,wikitext,halfA,real,trans_mean_best_jaccard,0.08070054690657763
pythia-160m,1000,wikitext,halfA,real,trans_split_degree,0.07
pythia-160m,1000,wikitext,halfA,real,trans_merge_degree,0.13
pythia-160m,1000,wikitext,halfA,real,trans_continued,0.0
pythia-160m,1000,wikitext,halfA,real,trans_mean_best_jaccard,0.05076485999470899
pythia-160m,4000,wikitext,halfA,real,trans_split_degree,0.2
pythia-160m,4000,wikitext,halfA,real,trans_merge_degree,0.17
pythia-160m,4000,wikitext,halfA,real,trans_continued,0.0
pythia-160m,4000,wikitext,halfA,real,trans_mean_best_jaccard,0.06974453696514184
pythia-160m,16000,wikitext,halfA,real,trans_split_degree,0.78
pythia-160m,16000,wikitext,halfA,real,trans_merge_degree,0.72
pythia-160m,16000,wikitext,halfA,real,trans_continued,0.0
pythia-160m,16000,wikitext,halfA,real,trans_mean_best_jaccard,0.16240619255182115
pythia-160m,64000,wikitext,halfA,real,trans_split_degree,0.82
pythia-160m,64000,wikitext,halfA,real,trans_merge_degree,0.79
pythia-160m,64000,wikitext,halfA,real,trans_continued,0.02
pythia-160m,64000,wikitext,halfA,real,trans_mean_best_jaccard,0.20268165266454058
pythia-160m,143000,wikitext,halfA,real,trans_split_degree,1.06
pythia-160m,143000,wikitext,halfA,real,trans_merge_degree,1.01
pythia-160m,143000,wikitext,halfA,real,trans_continued,0.08
pythia-160m,143000,wikitext,halfA,real,trans_mean_best_jaccard,0.28748381688696817
pythia-160m,0,wikitext,halfA,real,birth_frac_born_by,0.0
pythia-160m,1,wikitext,halfA,real,birth_frac_born_by,0.0
pythia-160m,4,wikitext,halfA,real,birth_frac_born_by,0.0
pythia-160m,16,wikitext,halfA,real,birth_frac_born_by,0.0
pythia-160m,64,wikitext,halfA,real,birth_frac_born_by,0.0
pythia-160m,256,wikitext,halfA,real,birth_frac_born_by,0.0
pythia-160m,1000,wikitext,halfA,real,birth_frac_born_by,0.0
pythia-160m,4000,wikitext,halfA,real,birth_frac_born_by,0.0
pythia-160m,16000,wikitext,halfA,real,birth_frac_born_by,0.01
pythia-160m,64000,wikitext,halfA,real,birth_frac_born_by,0.08
pythia-160m,143000,wikitext,halfA,real,birth_frac_born_by,1.0
pythia-160m,1,bookcorpus,halfA,real,trans_split_degree,1.0
pythia-160m,1,bookcorpus,halfA,real,trans_merge_degree,1.01
pythia-160m,1,bookcorpus,halfA,real,trans_continued,0.98
pythia-160m,1,bookcorpus,halfA,real,trans_mean_best_jaccard,0.9625319087995717
pythia-160m,4,bookcorpus,halfA,real,trans_split_degree,1.04
pythia-160m,4,bookcorpus,halfA,real,trans_merge_degree,1.06
pythia-160m,4,bookcorpus,halfA,real,trans_continued,0.92
pythia-160m,4,bookcorpus,halfA,real,trans_mean_best_jaccard,0.7816360951663789
pythia-160m,16,bookcorpus,halfA,real,trans_split_degree,0.96
pythia-160m,16,bookcorpus,halfA,real,trans_merge_degree,0.95
pythia-160m,16,bookcorpus,halfA,real,trans_continued,0.01
pythia-160m,16,bookcorpus,halfA,real,trans_mean_best_jaccard,0.2649442565464446
pythia-160m,64,bookcorpus,halfA,real,trans_split_degree,0.06
pythia-160m,64,bookcorpus,halfA,real,trans_merge_degree,0.09
pythia-160m,64,bookcorpus,halfA,real,trans_continued,0.0
pythia-160m,64,bookcorpus,halfA,real,trans_mean_best_jaccard,0.048667428568883786
pythia-160m,256,bookcorpus,halfA,real,trans_split_degree,0.23
pythia-160m,256,bookcorpus,halfA,real,trans_merge_degree,0.18
pythia-160m,256,bookcorpus,halfA,real,trans_continued,0.0
pythia-160m,256,bookcorpus,halfA,real,trans_mean_best_jaccard,0.07375177292746833
pythia-160m,1000,bookcorpus,halfA,real,trans_split_degree,0.05
pythia-160m,1000,bookcorpus,halfA,real,trans_merge_degree,0.07
pythia-160m,1000,bookcorpus,halfA,real,trans_continued,0.0
pythia-160m,1000,bookcorpus,halfA,real,trans_mean_best_jaccard,0.04214912789786876
pythia-160m,4000,bookcorpus,halfA,real,trans_split_degree,0.11
pythia-160m,4000,bookcorpus,halfA,real,trans_merge_degree,0.15
pythia-160m,4000,bookcorpus,halfA,real,trans_continued,0.0
pythia-160m,4000,bookcorpus,halfA,real,trans_mean_best_jaccard,0.061968962100571144
pythia-160m,16000,bookcorpus,halfA,real,trans_split_degree,0.57
pythia-160m,16000,bookcorpus,halfA,real,trans_merge_degree,0.55
pythia-160m,16000,bookcorpus,halfA,real,trans_continued,0.0
pythia-160m,16000,bookcorpus,halfA,real,trans_mean_best_jaccard,0.1209431582805983
pythia-160m,64000,bookcorpus,halfA,real,trans_split_degree,0.76
pythia-160m,64000,bookcorpus,halfA,real,trans_merge_degree,0.71
pythia-160m,64000,bookcorpus,halfA,real,trans_continued,0.01
pythia-160m,64000,bookcorpus,halfA,real,trans_mean_best_jaccard,0.1785650982880673
pythia-160m,143000,bookcorpus,halfA,real,trans_split_degree,0.91
pythia-160m,143000,bookcorpus,halfA,real,trans_merge_degree,0.93
pythia-160m,143000,bookcorpus,halfA,real,trans_continued,0.04
pythia-160m,143000,bookcorpus,halfA,real,trans_mean_best_jaccard,0.25541294021399463
pythia-160m,0,bookcorpus,halfA,real,birth_frac_born_by,0.0
pythia-160m,1,bookcorpus,halfA,real,birth_frac_born_by,0.0
pythia-160m,4,bookcorpus,halfA,real,birth_frac_born_by,0.0
pythia-160m,16,bookcorpus,halfA,real,birth_frac_born_by,0.0
pythia-160m,64,bookcorpus,halfA,real,birth_frac_born_by,0.0
pythia-160m,256,bookcorpus,halfA,real,birth_frac_born_by,0.0
pythia-160m,1000,bookcorpus,halfA,real,birth_frac_born_by,0.0
pythia-160m,4000,bookcorpus,halfA,real,birth_frac_born_by,0.0
pythia-160m,16000,bookcorpus,halfA,real,birth_frac_born_by,0.01
pythia-160m,64000,bookcorpus,halfA,real,birth_frac_born_by,0.04
pythia-160m,143000,bookcorpus,halfA,real,birth_frac_born_by,1.0
pythia-160m,1,agnews,halfA,real,trans_split_degree,1.07
pythia-160m,1,agnews,halfA,real,trans_merge_degree,1.07
pythia-160m,1,agnews,halfA,real,trans_continued,0.9
pythia-160m,1,agnews,halfA,real,trans_mean_best_jaccard,0.8650142814845914
pythia-160m,4,agnews,halfA,real,trans_split_degree,1.12
pythia-160m,4,agnews,halfA,real,trans_merge_degree,1.09
pythia-160m,4,agnews,halfA,real,trans_continued,0.86
pythia-160m,4,agnews,halfA,real,trans_mean_best_jaccard,0.7630034358622051
pythia-160m,16,agnews,halfA,real,trans_split_degree,0.96
pythia-160m,16,agnews,halfA,real,trans_merge_degree,0.9
pythia-160m,16,agnews,halfA,real,trans_continued,0.0
pythia-160m,16,agnews,halfA,real,trans_mean_best_jaccard,0.26388048167697514
pythia-160m,64,agnews,halfA,real,trans_split_degree,0.03
pythia-160m,64,agnews,halfA,real,trans_merge_degree,0.04
pythia-160m,64,agnews,halfA,real,trans_continued,0.0
pythia-160m,64,agnews,halfA,real,trans_mean_best_jaccard,0.036684592007772264
pythia-160m,256,agnews,halfA,real,trans_split_degree,0.24
pythia-160m,256,agnews,halfA,real,trans_merge_degree,0.27
pythia-160m,256,agnews,halfA,real,trans_continued,0.0
pythia-160m,256,agnews,halfA,real,trans_mean_best_jaccard,0.07991040976244537
pythia-160m,1000,agnews,halfA,real,trans_split_degree,0.05
pythia-160m,1000,agnews,halfA,real,trans_merge_degree,0.1
pythia-160m,1000,agnews,halfA,real,trans_continued,0.0
pythia-160m,1000,agnews,halfA,real,trans_mean_best_jaccard,0.04282554332421525
pythia-160m,4000,agnews,halfA,real,trans_split_degree,0.18
pythia-160m,4000,agnews,halfA,real,trans_merge_degree,0.2
pythia-160m,4000,agnews,halfA,real,trans_continued,0.0
pythia-160m,4000,agnews,halfA,real,trans_mean_best_jaccard,0.07266190730371741
pythia-160m,16000,agnews,halfA,real,trans_split_degree,0.77
pythia-160m,16000,agnews,halfA,real,trans_merge_degree,0.73
pythia-160m,16000,agnews,halfA,real,trans_continued,0.0
pythia-160m,16000,agnews,halfA,real,trans_mean_best_jaccard,0.15653632864248532
pythia-160m,64000,agnews,halfA,real,trans_split_degree,0.98
pythia-160m,64000,agnews,halfA,real,trans_merge_degree,0.94
pythia-160m,64000,agnews,halfA,real,trans_continued,0.02
pythia-160m,64000,agnews,halfA,real,trans_mean_best_jaccard,0.2185729298670184
pythia-160m,143000,agnews,halfA,real,trans_split_degree,1.02
pythia-160m,143000,agnews,halfA,real,trans_merge_degree,1.01
pythia-160m,143000,agnews,halfA,real,trans_continued,0.07
pythia-160m,143000,agnews,halfA,real,trans_mean_best_jaccard,0.31309422645319707
pythia-160m,0,agnews,halfA,real,birth_frac_born_by,0.0
pythia-160m,1,agnews,halfA,real,birth_frac_born_by,0.0
pythia-160m,4,agnews,halfA,real,birth_frac_born_by,0.0
pythia-160m,16,agnews,halfA,real,birth_frac_born_by,0.0
pythia-160m,64,agnews,halfA,real,birth_frac_born_by,0.0
pythia-160m,256,agnews,halfA,real,birth_frac_born_by,0.0
pythia-160m,1000,agnews,halfA,real,birth_frac_born_by,0.0
pythia-160m,4000,agnews,halfA,real,birth_frac_born_by,0.0
pythia-160m,16000,agnews,halfA,real,birth_frac_born_by,0.01
pythia-160m,64000,agnews,halfA,real,birth_frac_born_by,0.07
pythia-160m,143000,agnews,halfA,real,birth_frac_born_by,1.0
pythia-160m,1,tldr17,halfA,real,trans_split_degree,1.0
pythia-160m,1,tldr17,halfA,real,trans_merge_degree,1.0
pythia-160m,1,tldr17,halfA,real,trans_continued,1.0
pythia-160m,1,tldr17,halfA,real,trans_mean_best_jaccard,0.9715268352566213
pythia-160m,4,tldr17,halfA,real,trans_split_degree,1.07
pythia-160m,4,tldr17,halfA,real,trans_merge_degree,1.12
pythia-160m,4,tldr17,halfA,real,trans_continued,0.87
pythia-160m,4,tldr17,halfA,real,trans_mean_best_jaccard,0.7592617176254758
pythia-160m,16,tldr17,halfA,real,trans_split_degree,0.91
pythia-160m,16,tldr17,halfA,real,trans_merge_degree,0.91
pythia-160m,16,tldr17,halfA,real,trans_continued,0.01
pythia-160m,16,tldr17,halfA,real,trans_mean_best_jaccard,0.2557845072715168
pythia-160m,64,tldr17,halfA,real,trans_split_degree,0.07
pythia-160m,64,tldr17,halfA,real,trans_merge_degree,0.05
pythia-160m,64,tldr17,halfA,real,trans_continued,0.0
pythia-160m,64,tldr17,halfA,real,trans_mean_best_jaccard,0.03959488918379535
pythia-160m,256,tldr17,halfA,real,trans_split_degree,0.22
pythia-160m,256,tldr17,halfA,real,trans_merge_degree,0.25
pythia-160m,256,tldr17,halfA,real,trans_continued,0.0
pythia-160m,256,tldr17,halfA,real,trans_mean_best_jaccard,0.08366978566216986
pythia-160m,1000,tldr17,halfA,real,trans_split_degree,0.07
pythia-160m,1000,tldr17,halfA,real,trans_merge_degree,0.1
pythia-160m,1000,tldr17,halfA,real,trans_continued,0.0
pythia-160m,1000,tldr17,halfA,real,trans_mean_best_jaccard,0.05071908055027671
pythia-160m,4000,tldr17,halfA,real,trans_split_degree,0.24
pythia-160m,4000,tldr17,halfA,real,trans_merge_degree,0.31
pythia-160m,4000,tldr17,halfA,real,trans_continued,0.0
pythia-160m,4000,tldr17,halfA,real,trans_mean_best_jaccard,0.08017189840684381
pythia-160m,16000,tldr17,halfA,real,trans_split_degree,0.86
pythia-160m,16000,tldr17,halfA,real,trans_merge_degree,0.81
pythia-160m,16000,tldr17,halfA,real,trans_continued,0.0
pythia-160m,16000,tldr17,halfA,real,trans_mean_best_jaccard,0.17400436092230528
pythia-160m,64000,tldr17,halfA,real,trans_split_degree,0.95
pythia-160m,64000,tldr17,halfA,real,trans_merge_degree,0.95
pythia-160m,64000,tldr17,halfA,real,trans_continued,0.01
pythia-160m,64000,tldr17,halfA,real,trans_mean_best_jaccard,0.22890203851068963
pythia-160m,143000,tldr17,halfA,real,trans_split_degree,1.01
pythia-160m,143000,tldr17,halfA,real,trans_merge_degree,0.98
pythia-160m,143000,tldr17,halfA,real,trans_continued,0.08
pythia-160m,143000,tldr17,halfA,real,trans_mean_best_jaccard,0.29638102686481516
pythia-160m,0,tldr17,halfA,real,birth_frac_born_by,0.0
pythia-160m,1,tldr17,halfA,real,birth_frac_born_by,0.0
pythia-160m,4,tldr17,halfA,real,birth_frac_born_by,0.0
pythia-160m,16,tldr17,halfA,real,birth_frac_born_by,0.0
pythia-160m,64,tldr17,halfA,real,birth_frac_born_by,0.0
pythia-160m,256,tldr17,halfA,real,birth_frac_born_by,0.0
pythia-160m,1000,tldr17,halfA,real,birth_frac_born_by,0.0
pythia-160m,4000,tldr17,halfA,real,birth_frac_born_by,0.0
pythia-160m,16000,tldr17,halfA,real,birth_frac_born_by,0.01
pythia-160m,64000,tldr17,halfA,real,birth_frac_born_by,0.08
pythia-160m,143000,tldr17,halfA,real,birth_frac_born_by,1.0
pythia-160m,0,agnews,halfB,real,generality_mean,0.12297173686177451
pythia-160m,0,agnews,halfB,real,generality_frac_general,0.03
pythia-160m,0,bookcorpus,halfB,real,generality_mean,0.14190659620523105
pythia-160m,0,bookcorpus,halfB,real,generality_frac_general,0.02
pythia-160m,0,tldr17,halfB,real,generality_mean,0.11821422208917037
pythia-160m,0,tldr17,halfB,real,generality_frac_general,0.02
pythia-160m,0,wikitext,halfB,real,generality_mean,0.1420616842079933
pythia-160m,0,wikitext,halfB,real,generality_frac_general,0.03
pythia-160m,1,agnews,halfB,real,generality_mean,0.12124835863663506
pythia-160m,1,agnews,halfB,real,generality_frac_general,0.03
pythia-160m,1,bookcorpus,halfB,real,generality_mean,0.14185062029169732
pythia-160m,1,bookcorpus,halfB,real,generality_frac_general,0.02
pythia-160m,1,tldr17,halfB,real,generality_mean,0.11726523329551915
pythia-160m,1,tldr17,halfB,real,generality_frac_general,0.02
pythia-160m,1,wikitext,halfB,real,generality_mean,0.14190473450585445
pythia-160m,1,wikitext,halfB,real,generality_frac_general,0.03
pythia-160m,4,agnews,halfB,real,generality_mean,0.12249368997130278
pythia-160m,4,agnews,halfB,real,generality_frac_general,0.04
pythia-160m,4,bookcorpus,halfB,real,generality_mean,0.1420322407752328
pythia-160m,4,bookcorpus,halfB,real,generality_frac_general,0.02
pythia-160m,4,tldr17,halfB,real,generality_mean,0.11632348267747579
pythia-160m,4,tldr17,halfB,real,generality_frac_general,0.02
pythia-160m,4,wikitext,halfB,real,generality_mean,0.14182905468890497
pythia-160m,4,wikitext,halfB,real,generality_frac_general,0.04
pythia-160m,16,agnews,halfB,real,generality_mean,0.11502618362442353
pythia-160m,16,agnews,halfB,real,generality_frac_general,0.04
pythia-160m,16,bookcorpus,halfB,real,generality_mean,0.13312235605089745
pythia-160m,16,bookcorpus,halfB,real,generality_frac_general,0.03
pythia-160m,16,tldr17,halfB,real,generality_mean,0.11119872593501132
pythia-160m,16,tldr17,halfB,real,generality_frac_general,0.02
pythia-160m,16,wikitext,halfB,real,generality_mean,0.1347001797184089
pythia-160m,16,wikitext,halfB,real,generality_frac_general,0.04
pythia-160m,64,agnews,halfB,real,generality_mean,0.14242927115036194
pythia-160m,64,agnews,halfB,real,generality_frac_general,0.01
pythia-160m,64,bookcorpus,halfB,real,generality_mean,0.1420831018138512
pythia-160m,64,bookcorpus,halfB,real,generality_frac_general,0.01
pythia-160m,64,tldr17,halfB,real,generality_mean,0.13346203082205738
pythia-160m,64,tldr17,halfB,real,generality_frac_general,0.02
pythia-160m,64,wikitext,halfB,real,generality_mean,0.14600574837587377
pythia-160m,64,wikitext,halfB,real,generality_frac_general,0.02
pythia-160m,256,agnews,halfB,real,generality_mean,0.13330271058026655
pythia-160m,256,agnews,halfB,real,generality_frac_general,0.02
pythia-160m,256,bookcorpus,halfB,real,generality_mean,0.13896327149037277
pythia-160m,256,bookcorpus,halfB,real,generality_frac_general,0.02
pythia-160m,256,tldr17,halfB,real,generality_mean,0.12506607747102255
pythia-160m,256,tldr17,halfB,real,generality_frac_general,0.0
pythia-160m,256,wikitext,halfB,real,generality_mean,0.14139746534428077
pythia-160m,256,wikitext,halfB,real,generality_frac_general,0.0
pythia-160m,1000,agnews,halfB,real,generality_mean,0.09024166136591262
pythia-160m,1000,agnews,halfB,real,generality_frac_general,0.0
pythia-160m,1000,bookcorpus,halfB,real,generality_mean,0.10115378275979017
pythia-160m,1000,bookcorpus,halfB,real,generality_frac_general,0.0
pythia-160m,1000,tldr17,halfB,real,generality_mean,0.09686178823099117
pythia-160m,1000,tldr17,halfB,real,generality_frac_general,0.0
pythia-160m,1000,wikitext,halfB,real,generality_mean,0.1030455178831866
pythia-160m,1000,wikitext,halfB,real,generality_frac_general,0.0
pythia-160m,4000,agnews,halfB,real,generality_mean,0.08351004435226253
pythia-160m,4000,agnews,halfB,real,generality_frac_general,0.01
pythia-160m,4000,bookcorpus,halfB,real,generality_mean,0.09273072343470862
pythia-160m,4000,bookcorpus,halfB,real,generality_frac_general,0.01
pythia-160m,4000,tldr17,halfB,real,generality_mean,0.09731911468783853
pythia-160m,4000,tldr17,halfB,real,generality_frac_general,0.01
pythia-160m,4000,wikitext,halfB,real,generality_mean,0.09648329455284921
pythia-160m,4000,wikitext,halfB,real,generality_frac_general,0.01
pythia-160m,16000,agnews,halfB,real,generality_mean,0.09607335254975782
pythia-160m,16000,agnews,halfB,real,generality_frac_general,0.02
pythia-160m,16000,bookcorpus,halfB,real,generality_mean,0.10451369439809223
pythia-160m,16000,bookcorpus,halfB,real,generality_frac_general,0.02
pythia-160m,16000,tldr17,halfB,real,generality_mean,0.11215563934961663
pythia-160m,16000,tldr17,halfB,real,generality_frac_general,0.02
pythia-160m,16000,wikitext,halfB,real,generality_mean,0.10527700312106165
pythia-160m,16000,wikitext,halfB,real,generality_frac_general,0.02
pythia-160m,64000,agnews,halfB,real,generality_mean,0.10351847379175824
pythia-160m,64000,agnews,halfB,real,generality_frac_general,0.01
pythia-160m,64000,bookcorpus,halfB,real,generality_mean,0.11456073907431188
pythia-160m,64000,bookcorpus,halfB,real,generality_frac_general,0.01
pythia-160m,64000,tldr17,halfB,real,generality_mean,0.1201981176614471
pythia-160m,64000,tldr17,halfB,real,generality_frac_general,0.02
pythia-160m,64000,wikitext,halfB,real,generality_mean,0.11528388649307851
pythia-160m,64000,wikitext,halfB,real,generality_frac_general,0.02
pythia-160m,143000,agnews,halfB,real,generality_mean,0.10891201900514243
pythia-160m,143000,agnews,halfB,real,generality_frac_general,0.02
pythia-160m,143000,bookcorpus,halfB,real,generality_mean,0.12009981632457616
pythia-160m,143000,bookcorpus,halfB,real,generality_frac_general,0.02
pythia-160m,143000,tldr17,halfB,real,generality_mean,0.12180746142478176
pythia-160m,143000,tldr17,halfB,real,generality_frac_general,0.02
pythia-160m,143000,wikitext,halfB,real,generality_mean,0.12517679108838103
pythia-160m,143000,wikitext,halfB,real,generality_frac_general,0.02
pythia-160m,1,wikitext,halfB,real,trans_split_degree,1.01
pythia-160m,1,wikitext,halfB,real,trans_merge_degree,1.02
pythia-160m,1,wikitext,halfB,real,trans_continued,0.98
pythia-160m,1,wikitext,halfB,real,trans_mean_best_jaccard,0.942291166437824
pythia-160m,4,wikitext,halfB,real,trans_split_degree,1.06
pythia-160m,4,wikitext,halfB,real,trans_merge_degree,1.07
pythia-160m,4,wikitext,halfB,real,trans_continued,0.88
pythia-160m,4,wikitext,halfB,real,trans_mean_best_jaccard,0.7726880387154282
pythia-160m,16,wikitext,halfB,real,trans_split_degree,0.98
pythia-160m,16,wikitext,halfB,real,trans_merge_degree,0.94
pythia-160m,16,wikitext,halfB,real,trans_continued,0.01
pythia-160m,16,wikitext,halfB,real,trans_mean_best_jaccard,0.2832646324529932
pythia-160m,64,wikitext,halfB,real,trans_split_degree,0.08
pythia-160m,64,wikitext,halfB,real,trans_merge_degree,0.11
pythia-160m,64,wikitext,halfB,real,trans_continued,0.0
pythia-160m,64,wikitext,halfB,real,trans_mean_best_jaccard,0.04950147360607193
pythia-160m,256,wikitext,halfB,real,trans_split_degree,0.21
pythia-160m,256,wikitext,halfB,real,trans_merge_degree,0.23
pythia-160m,256,wikitext,halfB,real,trans_continued,0.0
pythia-160m,256,wikitext,halfB,real,trans_mean_best_jaccard,0.08176984752881798
pythia-160m,1000,wikitext,halfB,real,trans_split_degree,0.1
pythia-160m,1000,wikitext,halfB,real,trans_merge_degree,0.1
pythia-160m,1000,wikitext,halfB,real,trans_continued,0.0
pythia-160m,1000,wikitext,halfB,real,trans_mean_best_jaccard,0.05176273148344502
pythia-160m,4000,wikitext,halfB,real,trans_split_degree,0.18
pythia-160m,4000,wikitext,halfB,real,trans_merge_degree,0.17
pythia-160m,4000,wikitext,halfB,real,trans_continued,0.0
pythia-160m,4000,wikitext,halfB,real,trans_mean_best_jaccard,0.06867076754681027
pythia-160m,16000,wikitext,halfB,real,trans_split_degree,0.76
pythia-160m,16000,wikitext,halfB,real,trans_merge_degree,0.71
pythia-160m,16000,wikitext,halfB,real,trans_continued,0.0
pythia-160m,16000,wikitext,halfB,real,trans_mean_best_jaccard,0.16512966002559362
pythia-160m,64000,wikitext,halfB,real,trans_split_degree,0.79
pythia-160m,64000,wikitext,halfB,real,trans_merge_degree,0.76
pythia-160m,64000,wikitext,halfB,real,trans_continued,0.03
pythia-160m,64000,wikitext,halfB,real,trans_mean_best_jaccard,0.21167071625670264
pythia-160m,143000,wikitext,halfB,real,trans_split_degree,1.07
pythia-160m,143000,wikitext,halfB,real,trans_merge_degree,1.04
pythia-160m,143000,wikitext,halfB,real,trans_continued,0.08
pythia-160m,143000,wikitext,halfB,real,trans_mean_best_jaccard,0.29527678766635673
pythia-160m,0,wikitext,halfB,real,birth_frac_born_by,0.0
pythia-160m,1,wikitext,halfB,real,birth_frac_born_by,0.0
pythia-160m,4,wikitext,halfB,real,birth_frac_born_by,0.0
pythia-160m,16,wikitext,halfB,real,birth_frac_born_by,0.0
pythia-160m,64,wikitext,halfB,real,birth_frac_born_by,0.0
pythia-160m,256,wikitext,halfB,real,birth_frac_born_by,0.0
pythia-160m,1000,wikitext,halfB,real,birth_frac_born_by,0.0
pythia-160m,4000,wikitext,halfB,real,birth_frac_born_by,0.0
pythia-160m,16000,wikitext,halfB,real,birth_frac_born_by,0.01
pythia-160m,64000,wikitext,halfB,real,birth_frac_born_by,0.08
pythia-160m,143000,wikitext,halfB,real,birth_frac_born_by,1.0
pythia-160m,1,bookcorpus,halfB,real,trans_split_degree,1.04
pythia-160m,1,bookcorpus,halfB,real,trans_merge_degree,1.05
pythia-160m,1,bookcorpus,halfB,real,trans_continued,0.93
pythia-160m,1,bookcorpus,halfB,real,trans_mean_best_jaccard,0.8981147911003816
pythia-160m,4,bookcorpus,halfB,real,trans_split_degree,1.07
pythia-160m,4,bookcorpus,halfB,real,trans_merge_degree,1.08
pythia-160m,4,bookcorpus,halfB,real,trans_continued,0.9
pythia-160m,4,bookcorpus,halfB,real,trans_mean_best_jaccard,0.7748996266126313
pythia-160m,16,bookcorpus,halfB,real,trans_split_degree,0.92
pythia-160m,16,bookcorpus,halfB,real,trans_merge_degree,0.99
pythia-160m,16,bookcorpus,halfB,real,trans_continued,0.0
pythia-160m,16,bookcorpus,halfB,real,trans_mean_best_jaccard,0.2634052550000372
pythia-160m,64,bookcorpus,halfB,real,trans_split_degree,0.06
pythia-160m,64,bookcorpus,halfB,real,trans_merge_degree,0.09
pythia-160m,64,bookcorpus,halfB,real,trans_continued,0.0
pythia-160m,64,bookcorpus,halfB,real,trans_mean_best_jaccard,0.04899025062083224
pythia-160m,256,bookcorpus,halfB,real,trans_split_degree,0.2
pythia-160m,256,bookcorpus,halfB,real,trans_merge_degree,0.19
pythia-160m,256,bookcorpus,halfB,real,trans_continued,0.0
pythia-160m,256,bookcorpus,halfB,real,trans_mean_best_jaccard,0.07532332629589066
pythia-160m,1000,bookcorpus,halfB,real,trans_split_degree,0.07
pythia-160m,1000,bookcorpus,halfB,real,trans_merge_degree,0.05
pythia-160m,1000,bookcorpus,halfB,real,trans_continued,0.0
pythia-160m,1000,bookcorpus,halfB,real,trans_mean_best_jaccard,0.042820818230682754
pythia-160m,4000,bookcorpus,halfB,real,trans_split_degree,0.1
pythia-160m,4000,bookcorpus,halfB,real,trans_merge_degree,0.13
pythia-160m,4000,bookcorpus,halfB,real,trans_continued,0.0
pythia-160m,4000,bookcorpus,halfB,real,trans_mean_best_jaccard,0.06197740437538981
pythia-160m,16000,bookcorpus,halfB,real,trans_split_degree,0.58
pythia-160m,16000,bookcorpus,halfB,real,trans_merge_degree,0.6
pythia-160m,16000,bookcorpus,halfB,real,trans_continued,0.0
pythia-160m,16000,bookcorpus,halfB,real,trans_mean_best_jaccard,0.12268576663698051
pythia-160m,64000,bookcorpus,halfB,real,trans_split_degree,0.75
pythia-160m,64000,bookcorpus,halfB,real,trans_merge_degree,0.76
pythia-160m,64000,bookcorpus,halfB,real,trans_continued,0.01
pythia-160m,64000,bookcorpus,halfB,real,trans_mean_best_jaccard,0.18140922994428327
pythia-160m,143000,bookcorpus,halfB,real,trans_split_degree,0.92
pythia-160m,143000,bookcorpus,halfB,real,trans_merge_degree,0.95
pythia-160m,143000,bookcorpus,halfB,real,trans_continued,0.02
pythia-160m,143000,bookcorpus,halfB,real,trans_mean_best_jaccard,0.2520538880626638
pythia-160m,0,bookcorpus,halfB,real,birth_frac_born_by,0.0
pythia-160m,1,bookcorpus,halfB,real,birth_frac_born_by,0.0
pythia-160m,4,bookcorpus,halfB,real,birth_frac_born_by,0.0
pythia-160m,16,bookcorpus,halfB,real,birth_frac_born_by,0.0
pythia-160m,64,bookcorpus,halfB,real,birth_frac_born_by,0.0
pythia-160m,256,bookcorpus,halfB,real,birth_frac_born_by,0.0
pythia-160m,1000,bookcorpus,halfB,real,birth_frac_born_by,0.0
pythia-160m,4000,bookcorpus,halfB,real,birth_frac_born_by,0.0
pythia-160m,16000,bookcorpus,halfB,real,birth_frac_born_by,0.01
pythia-160m,64000,bookcorpus,halfB,real,birth_frac_born_by,0.02
pythia-160m,143000,bookcorpus,halfB,real,birth_frac_born_by,1.0
pythia-160m,1,agnews,halfB,real,trans_split_degree,1.05
pythia-160m,1,agnews,halfB,real,trans_merge_degree,1.05
pythia-160m,1,agnews,halfB,real,trans_continued,0.94
pythia-160m,1,agnews,halfB,real,trans_mean_best_jaccard,0.889389470027057
pythia-160m,4,agnews,halfB,real,trans_split_degree,1.1
pythia-160m,4,agnews,halfB,real,trans_merge_degree,1.13
pythia-160m,4,agnews,halfB,real,trans_continued,0.85
pythia-160m,4,agnews,halfB,real,trans_mean_best_jaccard,0.7538924676784212
pythia-160m,16,agnews,halfB,real,trans_split_degree,0.97
pythia-160m,16,agnews,halfB,real,trans_merge_degree,0.95
pythia-160m,16,agnews,halfB,real,trans_continued,0.0
pythia-160m,16,agnews,halfB,real,trans_mean_best_jaccard,0.26257699786739486
pythia-160m,64,agnews,halfB,real,trans_split_degree,0.04
pythia-160m,64,agnews,halfB,real,trans_merge_degree,0.06
pythia-160m,64,agnews,halfB,real,trans_continued,0.0
pythia-160m,64,agnews,halfB,real,trans_mean_best_jaccard,0.03632603586716222
pythia-160m,256,agnews,halfB,real,trans_split_degree,0.26
pythia-160m,256,agnews,halfB,real,trans_merge_degree,0.24
pythia-160m,256,agnews,halfB,real,trans_continued,0.0
pythia-160m,256,agnews,halfB,real,trans_mean_best_jaccard,0.08071869221418884
pythia-160m,1000,agnews,halfB,real,trans_split_degree,0.05
pythia-160m,1000,agnews,halfB,real,trans_merge_degree,0.11
pythia-160m,1000,agnews,halfB,real,trans_continued,0.0
pythia-160m,1000,agnews,halfB,real,trans_mean_best_jaccard,0.04369861969957853
pythia-160m,4000,agnews,halfB,real,trans_split_degree,0.2
pythia-160m,4000,agnews,halfB,real,trans_merge_degree,0.18
pythia-160m,4000,agnews,halfB,real,trans_continued,0.0
pythia-160m,4000,agnews,halfB,real,trans_mean_best_jaccard,0.07066415401236838
pythia-160m,16000,agnews,halfB,real,trans_split_degree,0.77
pythia-160m,16000,agnews,halfB,real,trans_merge_degree,0.76
pythia-160m,16000,agnews,halfB,real,trans_continued,0.0
pythia-160m,16000,agnews,halfB,real,trans_mean_best_jaccard,0.1609914390041066
pythia-160m,64000,agnews,halfB,real,trans_split_degree,0.94
pythia-160m,64000,agnews,halfB,real,trans_merge_degree,0.87
pythia-160m,64000,agnews,halfB,real,trans_continued,0.01
pythia-160m,64000,agnews,halfB,real,trans_mean_best_jaccard,0.22396139339778665
pythia-160m,143000,agnews,halfB,real,trans_split_degree,1.06
pythia-160m,143000,agnews,halfB,real,trans_merge_degree,1.06
pythia-160m,143000,agnews,halfB,real,trans_continued,0.08
pythia-160m,143000,agnews,halfB,real,trans_mean_best_jaccard,0.3188224065314009
pythia-160m,0,agnews,halfB,real,birth_frac_born_by,0.0
pythia-160m,1,agnews,halfB,real,birth_frac_born_by,0.0
pythia-160m,4,agnews,halfB,real,birth_frac_born_by,0.0
pythia-160m,16,agnews,halfB,real,birth_frac_born_by,0.0
pythia-160m,64,agnews,halfB,real,birth_frac_born_by,0.0
pythia-160m,256,agnews,halfB,real,birth_frac_born_by,0.0
pythia-160m,1000,agnews,halfB,real,birth_frac_born_by,0.0
pythia-160m,4000,agnews,halfB,real,birth_frac_born_by,0.0
pythia-160m,16000,agnews,halfB,real,birth_frac_born_by,0.01
pythia-160m,64000,agnews,halfB,real,birth_frac_born_by,0.08
pythia-160m,143000,agnews,halfB,real,birth_frac_born_by,1.0
pythia-160m,1,tldr17,halfB,real,trans_split_degree,1.02
pythia-160m,1,tldr17,halfB,real,trans_merge_degree,1.04
pythia-160m,1,tldr17,halfB,real,trans_continued,0.96
pythia-160m,1,tldr17,halfB,real,trans_mean_best_jaccard,0.9288160373702447
pythia-160m,4,tldr17,halfB,real,trans_split_degree,1.12
pythia-160m,4,tldr17,halfB,real,trans_merge_degree,1.08
pythia-160m,4,tldr17,halfB,real,trans_continued,0.81
pythia-160m,4,tldr17,halfB,real,trans_mean_best_jaccard,0.7185289531628272
pythia-160m,16,tldr17,halfB,real,trans_split_degree,0.9
pythia-160m,16,tldr17,halfB,real,trans_merge_degree,0.9
pythia-160m,16,tldr17,halfB,real,trans_continued,0.0
pythia-160m,16,tldr17,halfB,real,trans_mean_best_jaccard,0.2520986288439031
pythia-160m,64,tldr17,halfB,real,trans_split_degree,0.06
pythia-160m,64,tldr17,halfB,real,trans_merge_degree,0.05
pythia-160m,64,tldr17,halfB,real,trans_continued,0.0
pythia-160m,64,tldr17,halfB,real,trans_mean_best_jaccard,0.03913300176694409
pythia-160m,256,tldr17,halfB,real,trans_split_degree,0.24
pythia-160m,256,tldr17,halfB,real,trans_merge_degree,0.25
pythia-160m,256,tldr17,halfB,real,trans_continued,0.0
pythia-160m,256,tldr17,halfB,real,trans_mean_best_jaccard,0.08449802774699033
pythia-160m,1000,tldr17,halfB,real,trans_split_degree,0.08
pythia-160m,1000,tldr17,halfB,real,trans_merge_degree,0.1
pythia-160m,1000,tldr17,halfB,real,trans_continued,0.0
pythia-160m,1000,tldr17,halfB,real,trans_mean_best_jaccard,0.04955394518879618
pythia-160m,4000,tldr17,halfB,real,trans_split_degree,0.22
pythia-160m,4000,tldr17,halfB,real,trans_merge_degree,0.3
pythia-160m,4000,tldr17,halfB,real,trans_continued,0.0
pythia-160m,4000,tldr17,halfB,real,trans_mean_best_jaccard,0.07893082562354076
pythia-160m,16000,tldr17,halfB,real,trans_split_degree,0.84
pythia-160m,16000,tldr17,halfB,real,trans_merge_degree,0.78
pythia-160m,16000,tldr17,halfB,real,trans_continued,0.0
pythia-160m,16000,tldr17,halfB,real,trans_mean_best_jaccard,0.17814355908627458
pythia-160m,64000,tldr17,halfB,real,trans_split_degree,0.92
pythia-160m,64000,tldr17,halfB,real,trans_merge_degree,0.93
pythia-160m,64000,tldr17,halfB,real,trans_continued,0.01
pythia-160m,64000,tldr17,halfB,real,trans_mean_best_jaccard,0.22534806027394486
pythia-160m,143000,tldr17,halfB,real,trans_split_degree,1.02
pythia-160m,143000,tldr17,halfB,real,trans_merge_degree,1.02
pythia-160m,143000,tldr17,halfB,real,trans_continued,0.07
pythia-160m,143000,tldr17,halfB,real,trans_mean_best_jaccard,0.2991122759033318
pythia-160m,0,tldr17,halfB,real,birth_frac_born_by,0.0
pythia-160m,1,tldr17,halfB,real,birth_frac_born_by,0.0
pythia-160m,4,tldr17,halfB,real,birth_frac_born_by,0.0
pythia-160m,16,tldr17,halfB,real,birth_frac_born_by,0.0
pythia-160m,64,tldr17,halfB,real,birth_frac_born_by,0.0
pythia-160m,256,tldr17,halfB,real,birth_frac_born_by,0.0
pythia-160m,1000,tldr17,halfB,real,birth_frac_born_by,0.0
pythia-160m,4000,tldr17,halfB,real,birth_frac_born_by,0.0
pythia-160m,16000,tldr17,halfB,real,birth_frac_born_by,0.01
pythia-160m,64000,tldr17,halfB,real,birth_frac_born_by,0.07
pythia-160m,143000,tldr17,halfB,real,birth_frac_born_by,1.0
pythia-160m,0,wikitext,halfA,null,crisp_median_max_membership,0.14
pythia-160m,0,wikitext,halfA,null,crisp_frac_confident,0.04649522569444445
pythia-160m,0,wikitext,halfA,null,crisp_network_median,0.1398721555388847
pythia-160m,0,wikitext,halfA,null,size_n_networks,100.0
pythia-160m,0,wikitext,halfA,null,size_effective_n,97.82156251465629
pythia-160m,0,wikitext,halfA,null,size_gini,0.11792697482638892
pythia-160m,0,wikitext,halfA,null,size_largest_share,0.016357421875
pythia-160m,0,wikitext,halfA,null,size_frac_small,0.0
pythia-160m,0,wikitext,halfA,null,depth_median_effective_layers,6.759428020031709
pythia-160m,0,wikitext,halfA,null,depth_frac_single_layer,0.0
pythia-160m,0,wikitext,halfA,null,depth_mean_layer_span,4.22
pythia-160m,1,wikitext,halfA,null,crisp_median_max_membership,0.14
pythia-160m,1,wikitext,halfA,null,crisp_frac_confident,0.04359266493055555
pythia-160m,1,wikitext,halfA,null,crisp_network_median,0.13714847329404561
pythia-160m,1,wikitext,halfA,null,size_n_networks,100.0
pythia-160m,1,wikitext,halfA,null,size_effective_n,97.60944129611534
pythia-160m,1,wikitext,halfA,null,size_gini,0.12059461805555549
pythia-160m,1,wikitext,halfA,null,size_largest_share,0.018012152777777776
pythia-160m,1,wikitext,halfA,null,size_frac_small,0.0
pythia-160m,1,wikitext,halfA,null,depth_median_effective_layers,6.776406846169902
pythia-160m,1,wikitext,halfA,null,depth_frac_single_layer,0.0
pythia-160m,1,wikitext,halfA,null,depth_mean_layer_span,4.22
pythia-160m,4,wikitext,halfA,null,crisp_median_max_membership,0.14
pythia-160m,4,wikitext,halfA,null,crisp_frac_confident,0.047661675347222224
pythia-160m,4,wikitext,halfA,null,crisp_network_median,0.1339432197602064
pythia-160m,4,wikitext,halfA,null,size_n_networks,100.0
pythia-160m,4,wikitext,halfA,null,size_effective_n,97.32693337100075
pythia-160m,4,wikitext,halfA,null,size_gini,0.13152560763888888
pythia-160m,4,wikitext,halfA,null,size_largest_share,0.016248914930555556
pythia-160m,4,wikitext,halfA,null,size_frac_small,0.0
pythia-160m,4,wikitext,halfA,null,depth_median_effective_layers,6.777037714003078
pythia-160m,4,wikitext,halfA,null,depth_frac_single_layer,0.0
pythia-160m,4,wikitext,halfA,null,depth_mean_layer_span,4.16
pythia-160m,16,wikitext,halfA,null,crisp_median_max_membership,0.115
pythia-160m,16,wikitext,halfA,null,crisp_frac_confident,0.028835720486111112
pythia-160m,16,wikitext,halfA,null,crisp_network_median,0.11483403902444382
pythia-160m,16,wikitext,halfA,null,size_n_networks,100.0
pythia-160m,16,wikitext,halfA,null,size_effective_n,97.41131885570987
pythia-160m,16,wikitext,halfA,null,size_gini,0.12966579861111116
pythia-160m,16,wikitext,halfA,null,size_largest_share,0.015814887152777776
pythia-160m,16,wikitext,halfA,null,size_frac_small,0.0
pythia-160m,16,wikitext,halfA,null,depth_median_effective_layers,7.608310575817844
pythia-160m,16,wikitext,halfA,null,depth_frac_single_layer,0.0
pythia-160m,16,wikitext,halfA,null,depth_mean_layer_span,4.33
pythia-160m,64,wikitext,halfA,null,crisp_median_max_membership,0.35
pythia-160m,64,wikitext,halfA,null,crisp_frac_confident,0.24015299479166666
pythia-160m,64,wikitext,halfA,null,crisp_network_median,0.5854778373800114
pythia-160m,64,wikitext,halfA,null,size_n_networks,100.0
pythia-160m,64,wikitext,halfA,null,size_effective_n,51.33688468839039
pythia-160m,64,wikitext,halfA,null,size_gini,0.6098415798611112
pythia-160m,64,wikitext,halfA,null,size_largest_share,0.05129665798611111
pythia-160m,64,wikitext,halfA,null,size_frac_small,0.03
pythia-160m,64,wikitext,halfA,null,depth_median_effective_layers,6.958267333772124
pythia-160m,64,wikitext,halfA,null,depth_frac_single_layer,0.0
pythia-160m,64,wikitext,halfA,null,depth_mean_layer_span,4.91
pythia-160m,256,wikitext,halfA,null,crisp_median_max_membership,0.4
pythia-160m,256,wikitext,halfA,null,crisp_frac_confident,0.3189832899305556
pythia-160m,256,wikitext,halfA,null,crisp_network_median,0.7472114402451482
pythia-160m,256,wikitext,halfA,null,size_n_networks,100.0
pythia-160m,256,wikitext,halfA,null,size_effective_n,47.03946669248449
pythia-160m,256,wikitext,halfA,null,size_gini,0.6280219184027778
pythia-160m,256,wikitext,halfA,null,size_largest_share,0.055501302083333336
pythia-160m,256,wikitext,halfA,null,size_frac_small,0.01
pythia-160m,256,wikitext,halfA,null,depth_median_effective_layers,8.262783304930903
pythia-160m,256,wikitext,halfA,null,depth_frac_single_layer,0.0
pythia-160m,256,wikitext,halfA,null,depth_mean_layer_span,5.49
pythia-160m,1000,wikitext,halfA,null,crisp_median_max_membership,0.25
pythia-160m,1000,wikitext,halfA,null,crisp_frac_confident,0.1862521701388889
pythia-160m,1000,wikitext,halfA,null,crisp_network_median,0.29168723415428244
pythia-160m,1000,wikitext,halfA,null,size_n_networks,100.0
pythia-160m,1000,wikitext,halfA,null,size_effective_n,85.37639000280281
pythia-160m,1000,wikitext,halfA,null,size_gini,0.3161138237847223
pythia-160m,1000,wikitext,halfA,null,size_largest_share,0.0244140625
pythia-160m,1000,wikitext,halfA,null,size_frac_small,0.0
pythia-160m,1000,wikitext,halfA,null,depth_median_effective_layers,8.258489117966333
pythia-160m,1000,wikitext,halfA,null,depth_frac_single_layer,0.01
pythia-160m,1000,wikitext,halfA,null,depth_mean_layer_span,4.75
pythia-160m,4000,wikitext,halfA,null,crisp_median_max_membership,0.44
pythia-160m,4000,wikitext,halfA,null,crisp_frac_confident,0.3814832899305556
pythia-160m,4000,wikitext,halfA,null,crisp_network_median,0.43554660199238515
pythia-160m,4000,wikitext,halfA,null,size_n_networks,100.0
pythia-160m,4000,wikitext,halfA,null,size_effective_n,85.51993976503852
pythia-160m,4000,wikitext,halfA,null,size_gini,0.29252929687499996
pythia-160m,4000,wikitext,halfA,null,size_largest_share,0.057562934027777776
pythia-160m,4000,wikitext,halfA,null,size_frac_small,0.0
pythia-160m,4000,wikitext,halfA,null,depth_median_effective_layers,9.347553965573088
pythia-160m,4000,wikitext,halfA,null,depth_frac_single_layer,0.0
pythia-160m,4000,wikitext,halfA,null,depth_mean_layer_span,4.28
pythia-160m,16000,wikitext,halfA,null,crisp_median_max_membership,0.395
pythia-160m,16000,wikitext,halfA,null,crisp_frac_confident,0.3049858940972222
pythia-160m,16000,wikitext,halfA,null,crisp_network_median,0.3933359633081642
pythia-160m,16000,wikitext,halfA,null,size_n_networks,100.0
pythia-160m,16000,wikitext,halfA,null,size_effective_n,84.08107631401317
pythia-160m,16000,wikitext,halfA,null,size_gini,0.30904622395833337
pythia-160m,16000,wikitext,halfA,null,size_largest_share,0.06043836805555555
pythia-160m,16000,wikitext,halfA,null,size_frac_small,0.0
pythia-160m,16000,wikitext,halfA,null,depth_median_effective_layers,8.76833511068471
pythia-160m,16000,wikitext,halfA,null,depth_frac_single_layer,0.0
pythia-160m,16000,wikitext,halfA,null,depth_mean_layer_span,4.21
pythia-160m,64000,wikitext,halfA,null,crisp_median_max_membership,0.415
pythia-160m,64000,wikitext,halfA,null,crisp_frac_confident,0.3338216145833333
pythia-160m,64000,wikitext,halfA,null,crisp_network_median,0.4254795779122323
pythia-160m,64000,wikitext,halfA,null,size_n_networks,100.0
pythia-160m,64000,wikitext,halfA,null,size_effective_n,82.61348857004714
pythia-160m,64000,wikitext,halfA,null,size_gini,0.3217399088541666
pythia-160m,64000,wikitext,halfA,null,size_largest_share,0.05615234375
pythia-160m,64000,wikitext,halfA,null,size_frac_small,0.02
pythia-160m,64000,wikitext,halfA,null,depth_median_effective_layers,8.833364226917798
pythia-160m,64000,wikitext,halfA,null,depth_frac_single_layer,0.0
pythia-160m,64000,wikitext,halfA,null,depth_mean_layer_span,4.32
pythia-160m,143000,wikitext,halfA,null,crisp_median_max_membership,0.4
pythia-160m,143000,wikitext,halfA,null,crisp_frac_confident,0.3119574652777778
pythia-160m,143000,wikitext,halfA,null,crisp_network_median,0.45548339264531434
pythia-160m,143000,wikitext,halfA,null,size_n_networks,100.0
pythia-160m,143000,wikitext,halfA,null,size_effective_n,77.34827701980164
pythia-160m,143000,wikitext,halfA,null,size_gini,0.3795806206597223
pythia-160m,143000,wikitext,halfA,null,size_largest_share,0.051188151041666664
pythia-160m,143000,wikitext,halfA,null,size_frac_small,0.08
pythia-160m,143000,wikitext,halfA,null,depth_median_effective_layers,8.21927657065887
pythia-160m,143000,wikitext,halfA,null,depth_frac_single_layer,0.0
pythia-160m,143000,wikitext,halfA,null,depth_mean_layer_span,4.26
pythia-160m,0,bookcorpus,halfA,null,crisp_median_max_membership,0.1
pythia-160m,0,bookcorpus,halfA,null,crisp_frac_confident,0.021565755208333332
pythia-160m,0,bookcorpus,halfA,null,crisp_network_median,0.1003031948204113
pythia-160m,0,bookcorpus,halfA,null,size_n_networks,100.0
pythia-160m,0,bookcorpus,halfA,null,size_effective_n,97.75583762370532
pythia-160m,0,bookcorpus,halfA,null,size_gini,0.12143500434027787
pythia-160m,0,bookcorpus,halfA,null,size_largest_share,0.014811197916666666
pythia-160m,0,bookcorpus,halfA,null,size_frac_small,0.0
pythia-160m,0,bookcorpus,halfA,null,depth_median_effective_layers,7.077877439549104
pythia-160m,0,bookcorpus,halfA,null,depth_frac_single_layer,0.0
pythia-160m,0,bookcorpus,halfA,null,depth_mean_layer_span,4.54
pythia-160m,1,bookcorpus,halfA,null,crisp_median_max_membership,0.1
pythia-160m,1,bookcorpus,halfA,null,crisp_frac_confident,0.021592881944444444
pythia-160m,1,bookcorpus,halfA,null,crisp_network_median,0.09943631456445304
pythia-160m,1,bookcorpus,halfA,null,size_n_networks,100.0
pythia-160m,1,bookcorpus,halfA,null,size_effective_n,97.75389025846194
pythia-160m,1,bookcorpus,halfA,null,size_gini,0.11983886718749992
pythia-160m,1,bookcorpus,halfA,null,size_largest_share,0.016167534722222224
pythia-160m,1,bookcorpus,halfA,null,size_frac_small,0.0
pythia-160m,1,bookcorpus,halfA,null,depth_median_effective_layers,7.096195597014927
pythia-160m,1,bookcorpus,halfA,null,depth_frac_single_layer,0.0
pythia-160m,1,bookcorpus,halfA,null,depth_mean_layer_span,4.43
pythia-160m,4,bookcorpus,halfA,null,crisp_median_max_membership,0.1
pythia-160m,4,bookcorpus,halfA,null,crisp_frac_confident,0.019395616319444444
pythia-160m,4,bookcorpus,halfA,null,crisp_network_median,0.09931947264647892
pythia-160m,4,bookcorpus,halfA,null,size_n_networks,100.0
pythia-160m,4,bookcorpus,halfA,null,size_effective_n,97.86897596392834
pythia-160m,4,bookcorpus,halfA,null,size_gini,0.11811035156249994
pythia-160m,4,bookcorpus,halfA,null,size_largest_share,0.015190972222222222
pythia-160m,4,bookcorpus,halfA,null,size_frac_small,0.0
pythia-160m,4,bookcorpus,halfA,null,depth_median_effective_layers,7.090981836053446
pythia-160m,4,bookcorpus,halfA,null,depth_frac_single_layer,0.0
pythia-160m,4,bookcorpus,halfA,null,depth_mean_layer_span,4.35
pythia-160m,16,bookcorpus,halfA,null,crisp_median_max_membership,0.085
pythia-160m,16,bookcorpus,halfA,null,crisp_frac_confident,0.0007866753472222222
pythia-160m,16,bookcorpus,halfA,null,crisp_network_median,0.08813265063110264
pythia-160m,16,bookcorpus,halfA,null,size_n_networks,100.0
pythia-160m,16,bookcorpus,halfA,null,size_effective_n,97.45281278175302
pythia-160m,16,bookcorpus,halfA,null,size_gini,0.1202777777777777
pythia-160m,16,bookcorpus,halfA,null,size_largest_share,0.021864149305555556
pythia-160m,16,bookcorpus,halfA,null,size_frac_small,0.0
pythia-160m,16,bookcorpus,halfA,null,depth_median_effective_layers,8.195722379855138
pythia-160m,16,bookcorpus,halfA,null,depth_frac_single_layer,0.0
pythia-160m,16,bookcorpus,halfA,null,depth_mean_layer_span,4.72
pythia-160m,64,bookcorpus,halfA,null,crisp_median_max_membership,0.08
pythia-160m,64,bookcorpus,halfA,null,crisp_frac_confident,0.0107421875
pythia-160m,64,bookcorpus,halfA,null,crisp_network_median,0.0795742209631728
pythia-160m,64,bookcorpus,halfA,null,size_n_networks,100.0
pythia-160m,64,bookcorpus,halfA,null,size_effective_n,98.02384175487292
pythia-160m,64,bookcorpus,halfA,null,size_gini,0.11108615451388881
pythia-160m,64,bookcorpus,halfA,null,size_largest_share,0.015353732638888888
pythia-160m,64,bookcorpus,halfA,null,size_frac_small,0.0
pythia-160m,64,bookcorpus,halfA,null,depth_median_effective_layers,9.693027469071364
pythia-160m,64,bookcorpus,halfA,null,depth_frac_single_layer,0.0
pythia-160m,64,bookcorpus,halfA,null,depth_mean_layer_span,4.5
pythia-160m,256,bookcorpus,halfA,null,crisp_median_max_membership,0.09
pythia-160m,256,bookcorpus,halfA,null,crisp_frac_confident,0.008761935763888888
pythia-160m,256,bookcorpus,halfA,null,crisp_network_median,0.0903324985047847
pythia-160m,256,bookcorpus,halfA,null,size_n_networks,100.0
pythia-160m,256,bookcorpus,halfA,null,size_effective_n,98.13045613623227
pythia-160m,256,bookcorpus,halfA,null,size_gini,0.10889811197916677
pythia-160m,256,bookcorpus,halfA,null,size_largest_share,0.016411675347222224
pythia-160m,256,bookcorpus,halfA,null,size_frac_small,0.0
pythia-160m,256,bookcorpus,halfA,null,depth_median_effective_layers,8.730577686203162
pythia-160m,256,bookcorpus,halfA,null,depth_frac_single_layer,0.0
pythia-160m,256,bookcorpus,halfA,null,depth_mean_layer_span,4.98
pythia-160m,1000,bookcorpus,halfA,null,crisp_median_max_membership,0.17
pythia-160m,1000,bookcorpus,halfA,null,crisp_frac_confident,0.1773003472222222
pythia-160m,1000,bookcorpus,halfA,null,crisp_network_median,0.515201871657754
pythia-160m,1000,bookcorpus,halfA,null,size_n_networks,100.0
pythia-160m,1000,bookcorpus,halfA,null,size_effective_n,64.72908252880825
pythia-160m,1000,bookcorpus,halfA,null,size_gini,0.5027652994791667
pythia-160m,1000,bookcorpus,halfA,null,size_largest_share,0.031684027777777776
pythia-160m,1000,bookcorpus,halfA,null,size_frac_small,0.07
pythia-160m,1000,bookcorpus,halfA,null,depth_median_effective_layers,8.527539683952558
pythia-160m,1000,bookcorpus,halfA,null,depth_frac_single_layer,0.0
pythia-160m,1000,bookcorpus,halfA,null,depth_mean_layer_span,4.79
pythia-160m,4000,bookcorpus,halfA,null,crisp_median_max_membership,0.205
pythia-160m,4000,bookcorpus,halfA,null,crisp_frac_confident,0.23616536458333334
pythia-160m,4000,bookcorpus,halfA,null,crisp_network_median,0.40750247201677015
pythia-160m,4000,bookcorpus,halfA,null,size_n_networks,100.0
pythia-160m,4000,bookcorpus,halfA,null,size_effective_n,77.14868901097573
pythia-160m,4000,bookcorpus,halfA,null,size_gini,0.3880327690972223
pythia-160m,4000,bookcorpus,halfA,null,size_largest_share,0.033881293402777776
pythia-160m,4000,bookcorpus,halfA,null,size_frac_small,0.08
pythia-160m,4000,bookcorpus,halfA,null,depth_median_effective_layers,8.191629854604107
pythia-160m,4000,bookcorpus,halfA,null,depth_frac_single_layer,0.0
pythia-160m,4000,bookcorpus,halfA,null,depth_mean_layer_span,4.53
pythia-160m,16000,bookcorpus,halfA,null,crisp_median_max_membership,0.155
pythia-160m,16000,bookcorpus,halfA,null,crisp_frac_confident,0.15771484375
pythia-160m,16000,bookcorpus,halfA,null,crisp_network_median,0.2977620593692023
pythia-160m,16000,bookcorpus,halfA,null,size_n_networks,100.0
pythia-160m,16000,bookcorpus,halfA,null,size_effective_n,80.2579621465002
pythia-160m,16000,bookcorpus,halfA,null,size_gini,0.33870062934027767
pythia-160m,16000,bookcorpus,halfA,null,size_largest_share,0.029758029513888888
pythia-160m,16000,bookcorpus,halfA,null,size_frac_small,0.1
pythia-160m,16000,bookcorpus,halfA,null,depth_median_effective_layers,7.997074571267431
pythia-160m,16000,bookcorpus,halfA,null,depth_frac_single_layer,0.0
pythia-160m,16000,bookcorpus,halfA,null,depth_mean_layer_span,4.48
pythia-160m,64000,bookcorpus,halfA,null,crisp_median_max_membership,0.395
pythia-160m,64000,bookcorpus,halfA,null,crisp_frac_confident,0.3714192708333333
pythia-160m,64000,bookcorpus,halfA,null,crisp_network_median,0.5410452562383009
pythia-160m,64000,bookcorpus,halfA,null,size_n_networks,100.0
pythia-160m,64000,bookcorpus,halfA,null,size_effective_n,66.21284336946084
pythia-160m,64000,bookcorpus,halfA,null,size_gini,0.4954833984375
pythia-160m,64000,bookcorpus,halfA,null,size_largest_share,0.032904730902777776
pythia-160m,64000,bookcorpus,halfA,null,size_frac_small,0.11
pythia-160m,64000,bookcorpus,halfA,null,depth_median_effective_layers,8.007781179164647
pythia-160m,64000,bookcorpus,halfA,null,depth_frac_single_layer,0.0
pythia-160m,64000,bookcorpus,halfA,null,depth_mean_layer_span,4.67
pythia-160m,143000,bookcorpus,halfA,null,crisp_median_max_membership,0.44
pythia-160m,143000,bookcorpus,halfA,null,crisp_frac_confident,0.4103732638888889
pythia-160m,143000,bookcorpus,halfA,null,crisp_network_median,0.5816703731158882
pythia-160m,143000,bookcorpus,halfA,null,size_n_networks,100.0
pythia-160m,143000,bookcorpus,halfA,null,size_effective_n,45.733723362445765
pythia-160m,143000,bookcorpus,halfA,null,size_gini,0.6590961371527777
pythia-160m,143000,bookcorpus,halfA,null,size_largest_share,0.051025390625
pythia-160m,143000,bookcorpus,halfA,null,size_frac_small,0.22
pythia-160m,143000,bookcorpus,halfA,null,depth_median_effective_layers,8.26108544890246
pythia-160m,143000,bookcorpus,halfA,null,depth_frac_single_layer,0.0
pythia-160m,143000,bookcorpus,halfA,null,depth_mean_layer_span,4.86
pythia-160m,0,agnews,halfA,null,crisp_median_max_membership,0.105
pythia-160m,0,agnews,halfA,null,crisp_frac_confident,0.021077473958333332
pythia-160m,0,agnews,halfA,null,crisp_network_median,0.10694642926362849
pythia-160m,0,agnews,halfA,null,size_n_networks,100.0
pythia-160m,0,agnews,halfA,null,size_effective_n,97.57734171800445
pythia-160m,0,agnews,halfA,null,size_gini,0.1266558159722222
pythia-160m,0,agnews,halfA,null,size_largest_share,0.015190972222222222
pythia-160m,0,agnews,halfA,null,size_frac_small,0.0
pythia-160m,0,agnews,halfA,null,depth_median_effective_layers,6.905489625863789
pythia-160m,0,agnews,halfA,null,depth_frac_single_layer,0.0
pythia-160m,0,agnews,halfA,null,depth_mean_layer_span,4.39
pythia-160m,1,agnews,halfA,null,crisp_median_max_membership,0.105
pythia-160m,1,agnews,halfA,null,crisp_frac_confident,0.021755642361111112
pythia-160m,1,agnews,halfA,null,crisp_network_median,0.10649612186150648
pythia-160m,1,agnews,halfA,null,size_n_networks,100.0
pythia-160m,1,agnews,halfA,null,size_effective_n,97.54427586853049
pythia-160m,1,agnews,halfA,null,size_gini,0.1260297309027778
pythia-160m,1,agnews,halfA,null,size_largest_share,0.015733506944444444
pythia-160m,1,agnews,halfA,null,size_frac_small,0.0
pythia-160m,1,agnews,halfA,null,depth_median_effective_layers,6.876222801104692
pythia-160m,1,agnews,halfA,null,depth_frac_single_layer,0.0
pythia-160m,1,agnews,halfA,null,depth_mean_layer_span,4.3
pythia-160m,4,agnews,halfA,null,crisp_median_max_membership,0.105
pythia-160m,4,agnews,halfA,null,crisp_frac_confident,0.022271050347222224
pythia-160m,4,agnews,halfA,null,crisp_network_median,0.10389838309818075
pythia-160m,4,agnews,halfA,null,size_n_networks,100.0
pythia-160m,4,agnews,halfA,null,size_effective_n,97.1774796089391
pythia-160m,4,agnews,halfA,null,size_gini,0.13533311631944445
pythia-160m,4,agnews,halfA,null,size_largest_share,0.015977647569444444
pythia-160m,4,agnews,halfA,null,size_frac_small,0.0
pythia-160m,4,agnews,halfA,null,depth_median_effective_layers,6.900603655354005
pythia-160m,4,agnews,halfA,null,depth_frac_single_layer,0.0
pythia-160m,4,agnews,halfA,null,depth_mean_layer_span,4.36
pythia-160m,16,agnews,halfA,null,crisp_median_max_membership,0.085
pythia-160m,16,agnews,halfA,null,crisp_frac_confident,0.0006510416666666666
pythia-160m,16,agnews,halfA,null,crisp_network_median,0.0890261196246139
pythia-160m,16,agnews,halfA,null,size_n_networks,100.0
pythia-160m,16,agnews,halfA,null,size_effective_n,96.19890066912102
pythia-160m,16,agnews,halfA,null,size_gini,0.15244954427083335
pythia-160m,16,agnews,halfA,null,size_largest_share,0.022433810763888888
pythia-160m,16,agnews,halfA,null,size_frac_small,0.0
pythia-160m,16,agnews,halfA,null,depth_median_effective_layers,7.96775547437345
pythia-160m,16,agnews,halfA,null,depth_frac_single_layer,0.0
pythia-160m,16,agnews,halfA,null,depth_mean_layer_span,4.66
pythia-160m,64,agnews,halfA,null,crisp_median_max_membership,0.16
pythia-160m,64,agnews,halfA,null,crisp_frac_confident,0.1391330295138889
pythia-160m,64,agnews,halfA,null,crisp_network_median,0.44324938616502974
pythia-160m,64,agnews,halfA,null,size_n_networks,100.0
pythia-160m,64,agnews,halfA,null,size_effective_n,72.36483280860793
pythia-160m,64,agnews,halfA,null,size_gini,0.4315511067708333
pythia-160m,64,agnews,halfA,null,size_largest_share,0.023518880208333332
pythia-160m,64,agnews,halfA,null,size_frac_small,0.04
pythia-160m,64,agnews,halfA,null,depth_median_effective_layers,7.474855885585742
pythia-160m,64,agnews,halfA,null,depth_frac_single_layer,0.0
pythia-160m,64,agnews,halfA,null,depth_mean_layer_span,4.7
pythia-160m,256,agnews,halfA,null,crisp_median_max_membership,0.145
pythia-160m,256,agnews,halfA,null,crisp_frac_confident,0.052300347222222224
pythia-160m,256,agnews,halfA,null,crisp_network_median,0.1774850351688587
pythia-160m,256,agnews,halfA,null,size_n_networks,100.0
pythia-160m,256,agnews,halfA,null,size_effective_n,81.98305321712768
pythia-160m,256,agnews,halfA,null,size_gini,0.32628960503472215
pythia-160m,256,agnews,halfA,null,size_largest_share,0.022569444444444444
pythia-160m,256,agnews,halfA,null,size_frac_small,0.04
pythia-160m,256,agnews,halfA,null,depth_median_effective_layers,8.04247813765553
pythia-160m,256,agnews,halfA,null,depth_frac_single_layer,0.0
pythia-160m,256,agnews,halfA,null,depth_mean_layer_span,5.13
pythia-160m,1000,agnews,halfA,null,crisp_median_max_membership,0.145
pythia-160m,1000,agnews,halfA,null,crisp_frac_confident,0.11279296875
pythia-160m,1000,agnews,halfA,null,crisp_network_median,0.16385762593283582
pythia-160m,1000,agnews,halfA,null,size_n_networks,100.0
pythia-160m,1000,agnews,halfA,null,size_effective_n,85.59415512748483
pythia-160m,1000,agnews,halfA,null,size_gini,0.29737738715277784
pythia-160m,1000,agnews,halfA,null,size_largest_share,0.020236545138888888
pythia-160m,1000,agnews,halfA,null,size_frac_small,0.01
pythia-160m,1000,agnews,halfA,null,depth_median_effective_layers,8.806067936880563
pythia-160m,1000,agnews,halfA,null,depth_frac_single_layer,0.0
pythia-160m,1000,agnews,halfA,null,depth_mean_layer_span,4.66
pythia-160m,4000,agnews,halfA,null,crisp_median_max_membership,0.115
pythia-160m,4000,agnews,halfA,null,crisp_frac_confident,0.012152777777777778
pythia-160m,4000,agnews,halfA,null,crisp_network_median,0.1131050102849335
pythia-160m,4000,agnews,halfA,null,size_n_networks,100.0
pythia-160m,4000,agnews,halfA,null,size_effective_n,93.43643263449702
pythia-160m,4000,agnews,halfA,null,size_gini,0.20616048177083335
pythia-160m,4000,agnews,halfA,null,size_largest_share,0.022054036458333332
pythia-160m,4000,agnews,halfA,null,size_frac_small,0.0
pythia-160m,4000,agnews,halfA,null,depth_median_effective_layers,9.007984223414162
pythia-160m,4000,agnews,halfA,null,depth_frac_single_layer,0.0
pythia-160m,4000,agnews,halfA,null,depth_mean_layer_span,4.3
pythia-160m,16000,agnews,halfA,null,crisp_median_max_membership,0.15
pythia-160m,16000,agnews,halfA,null,crisp_frac_confident,0.044921875
pythia-160m,16000,agnews,halfA,null,crisp_network_median,0.148122539082297
pythia-160m,16000,agnews,halfA,null,size_n_networks,100.0
pythia-160m,16000,agnews,halfA,null,size_effective_n,90.50269837444078
pythia-160m,16000,agnews,halfA,null,size_gini,0.24863715277777776
pythia-160m,16000,agnews,halfA,null,size_largest_share,0.021267361111111112
pythia-160m,16000,agnews,halfA,null,size_frac_small,0.01
pythia-160m,16000,agnews,halfA,null,depth_median_effective_layers,8.362676031616745
pythia-160m,16000,agnews,halfA,null,depth_frac_single_layer,0.0
pythia-160m,16000,agnews,halfA,null,depth_mean_layer_span,4.24
pythia-160m,64000,agnews,halfA,null,crisp_median_max_membership,0.19
pythia-160m,64000,agnews,halfA,null,crisp_frac_confident,0.107421875
pythia-160m,64000,agnews,halfA,null,crisp_network_median,0.22071150793650796
pythia-160m,64000,agnews,halfA,null,size_n_networks,100.0
pythia-160m,64000,agnews,halfA,null,size_effective_n,84.30290620577222
pythia-160m,64000,agnews,halfA,null,size_gini,0.3122422960069444
pythia-160m,64000,agnews,halfA,null,size_largest_share,0.028998480902777776
pythia-160m,64000,agnews,halfA,null,size_frac_small,0.05
pythia-160m,64000,agnews,halfA,null,depth_median_effective_layers,8.129748914910426
pythia-160m,64000,agnews,halfA,null,depth_frac_single_layer,0.0
pythia-160m,64000,agnews,halfA,null,depth_mean_layer_span,4.34
pythia-160m,143000,agnews,halfA,null,crisp_median_max_membership,0.255
pythia-160m,143000,agnews,halfA,null,crisp_frac_confident,0.1697048611111111
pythia-160m,143000,agnews,halfA,null,crisp_network_median,0.4021365887882715
pythia-160m,143000,agnews,halfA,null,size_n_networks,100.0
pythia-160m,143000,agnews,halfA,null,size_effective_n,76.58780179370093
pythia-160m,143000,agnews,halfA,null,size_gini,0.38786132812500007
pythia-160m,143000,agnews,halfA,null,size_largest_share,0.028455946180555556
pythia-160m,143000,agnews,halfA,null,size_frac_small,0.11
pythia-160m,143000,agnews,halfA,null,depth_median_effective_layers,8.11190309292666
pythia-160m,143000,agnews,halfA,null,depth_frac_single_layer,0.0
pythia-160m,143000,agnews,halfA,null,depth_mean_layer_span,4.41
pythia-160m,0,tldr17,halfA,null,crisp_median_max_membership,0.145
pythia-160m,0,tldr17,halfA,null,crisp_frac_confident,0.026584201388888888
pythia-160m,0,tldr17,halfA,null,crisp_network_median,0.14580628610943808
pythia-160m,0,tldr17,halfA,null,size_n_networks,100.0
pythia-160m,0,tldr17,halfA,null,size_effective_n,97.3622533204265
pythia-160m,0,tldr17,halfA,null,size_gini,0.12618977864583325
pythia-160m,0,tldr17,halfA,null,size_largest_share,0.018608940972222224
pythia-160m,0,tldr17,halfA,null,size_frac_small,0.0
pythia-160m,0,tldr17,halfA,null,depth_median_effective_layers,6.803795108741429
pythia-160m,0,tldr17,halfA,null,depth_frac_single_layer,0.0
pythia-160m,0,tldr17,halfA,null,depth_mean_layer_span,4.2
pythia-160m,1,tldr17,halfA,null,crisp_median_max_membership,0.145
pythia-160m,1,tldr17,halfA,null,crisp_frac_confident,0.026068793402777776
pythia-160m,1,tldr17,halfA,null,crisp_network_median,0.1479496868191721
pythia-160m,1,tldr17,halfA,null,size_n_networks,100.0
pythia-160m,1,tldr17,halfA,null,size_effective_n,97.40152046043556
pythia-160m,1,tldr17,halfA,null,size_gini,0.1279611545138888
pythia-160m,1,tldr17,halfA,null,size_largest_share,0.017957899305555556
pythia-160m,1,tldr17,halfA,null,size_frac_small,0.0
pythia-160m,1,tldr17,halfA,null,depth_median_effective_layers,6.827091536767197
pythia-160m,1,tldr17,halfA,null,depth_frac_single_layer,0.0
pythia-160m,1,tldr17,halfA,null,depth_mean_layer_span,4.29
pythia-160m,4,tldr17,halfA,null,crisp_median_max_membership,0.145
pythia-160m,4,tldr17,halfA,null,crisp_frac_confident,0.027696397569444444
pythia-160m,4,tldr17,halfA,null,crisp_network_median,0.14517947028515804
pythia-160m,4,tldr17,halfA,null,size_n_networks,100.0
pythia-160m,4,tldr17,halfA,null,size_effective_n,97.05353538474745
pythia-160m,4,tldr17,halfA,null,size_gini,0.1344162326388889
pythia-160m,4,tldr17,halfA,null,size_largest_share,0.019422743055555556
pythia-160m,4,tldr17,halfA,null,size_frac_small,0.0
pythia-160m,4,tldr17,halfA,null,depth_median_effective_layers,6.899058914743671
pythia-160m,4,tldr17,halfA,null,depth_frac_single_layer,0.0
pythia-160m,4,tldr17,halfA,null,depth_mean_layer_span,4.26
pythia-160m,16,tldr17,halfA,null,crisp_median_max_membership,0.115
pythia-160m,16,tldr17,halfA,null,crisp_frac_confident,0.019748263888888888
pythia-160m,16,tldr17,halfA,null,crisp_network_median,0.11395553863276903
pythia-160m,16,tldr17,halfA,null,size_n_networks,100.0
pythia-160m,16,tldr17,halfA,null,size_effective_n,97.41587187733204
pythia-160m,16,tldr17,halfA,null,size_gini,0.12786349826388888
pythia-160m,16,tldr17,halfA,null,size_largest_share,0.016791449652777776
pythia-160m,16,tldr17,halfA,null,size_frac_small,0.0
pythia-160m,16,tldr17,halfA,null,depth_median_effective_layers,7.703858110466648
pythia-160m,16,tldr17,halfA,null,depth_frac_single_layer,0.0
pythia-160m,16,tldr17,halfA,null,depth_mean_layer_span,4.49
pythia-160m,64,tldr17,halfA,null,crisp_median_max_membership,0.445
pythia-160m,64,tldr17,halfA,null,crisp_frac_confident,0.4117567274305556
pythia-160m,64,tldr17,halfA,null,crisp_network_median,0.825249658002736
pythia-160m,64,tldr17,halfA,null,size_n_networks,100.0
pythia-160m,64,tldr17,halfA,null,size_effective_n,41.64969561116312
pythia-160m,64,tldr17,halfA,null,size_gini,0.6445404730902777
pythia-160m,64,tldr17,halfA,null,size_largest_share,0.07988823784722222
pythia-160m,64,tldr17,halfA,null,size_frac_small,0.03
pythia-160m,64,tldr17,halfA,null,depth_median_effective_layers,8.30012261426117
pythia-160m,64,tldr17,halfA,null,depth_frac_single_layer,0.0
pythia-160m,64,tldr17,halfA,null,depth_mean_layer_span,5.11
pythia-160m,256,tldr17,halfA,null,crisp_median_max_membership,0.905
pythia-160m,256,tldr17,halfA,null,crisp_frac_confident,0.8774142795138888
pythia-160m,256,tldr17,halfA,null,crisp_network_median,0.8507045644891122
pythia-160m,256,tldr17,halfA,null,size_n_networks,100.0
pythia-160m,256,tldr17,halfA,null,size_effective_n,32.95208729136245
pythia-160m,256,tldr17,halfA,null,size_gini,0.5865310329861111
pythia-160m,256,tldr17,halfA,null,size_largest_share,0.13688151041666666
pythia-160m,256,tldr17,halfA,null,size_frac_small,0.0
pythia-160m,256,tldr17,halfA,null,depth_median_effective_layers,9.70621528291501
pythia-160m,256,tldr17,halfA,null,depth_frac_single_layer,0.0
pythia-160m,256,tldr17,halfA,null,depth_mean_layer_span,5.2
pythia-160m,1000,tldr17,halfA,null,crisp_median_max_membership,0.585
pythia-160m,1000,tldr17,halfA,null,crisp_frac_confident,0.5901421440972222
pythia-160m,1000,tldr17,halfA,null,crisp_network_median,0.8064742521641395
pythia-160m,1000,tldr17,halfA,null,size_n_networks,100.0
pythia-160m,1000,tldr17,halfA,null,size_effective_n,48.276584820566576
pythia-160m,1000,tldr17,halfA,null,size_gini,0.5838579644097222
pythia-160m,1000,tldr17,halfA,null,size_largest_share,0.08360460069444445
pythia-160m,1000,tldr17,halfA,null,size_frac_small,0.0
pythia-160m,1000,tldr17,halfA,null,depth_median_effective_layers,9.426264664606748
pythia-160m,1000,tldr17,halfA,null,depth_frac_single_layer,0.01
pythia-160m,1000,tldr17,halfA,null,depth_mean_layer_span,5.11
pythia-160m,4000,tldr17,halfA,null,crisp_median_max_membership,0.49
pythia-160m,4000,tldr17,halfA,null,crisp_frac_confident,0.4798719618055556
pythia-160m,4000,tldr17,halfA,null,crisp_network_median,0.5006734619234618
pythia-160m,4000,tldr17,halfA,null,size_n_networks,100.0
pythia-160m,4000,tldr17,halfA,null,size_effective_n,68.87176876059081
pythia-160m,4000,tldr17,halfA,null,size_gini,0.45956000434027766
pythia-160m,4000,tldr17,halfA,null,size_largest_share,0.07798936631944445
pythia-160m,4000,tldr17,halfA,null,size_frac_small,0.03
pythia-160m,4000,tldr17,halfA,null,depth_median_effective_layers,8.8574740277481
pythia-160m,4000,tldr17,halfA,null,depth_frac_single_layer,0.0
pythia-160m,4000,tldr17,halfA,null,depth_mean_layer_span,3.87
pythia-160m,16000,tldr17,halfA,null,crisp_median_max_membership,0.485
pythia-160m,16000,tldr17,halfA,null,crisp_frac_confident,0.4765625
pythia-160m,16000,tldr17,halfA,null,crisp_network_median,0.5237817963286713
pythia-160m,16000,tldr17,halfA,null,size_n_networks,100.0
pythia-160m,16000,tldr17,halfA,null,size_effective_n,65.93600955998012
pythia-160m,16000,tldr17,halfA,null,size_gini,0.48620334201388893
pythia-160m,16000,tldr17,halfA,null,size_largest_share,0.06854926215277778
pythia-160m,16000,tldr17,halfA,null,size_frac_small,0.04
pythia-160m,16000,tldr17,halfA,null,depth_median_effective_layers,8.248203721419582
pythia-160m,16000,tldr17,halfA,null,depth_frac_single_layer,0.0
pythia-160m,16000,tldr17,halfA,null,depth_mean_layer_span,3.92
pythia-160m,64000,tldr17,halfA,null,crisp_median_max_membership,0.51
pythia-160m,64000,tldr17,halfA,null,crisp_frac_confident,0.510009765625
pythia-160m,64000,tldr17,halfA,null,crisp_network_median,0.5182493668596238
pythia-160m,64000,tldr17,halfA,null,size_n_networks,100.0
pythia-160m,64000,tldr17,halfA,null,size_effective_n,63.70401703697449
pythia-160m,64000,tldr17,halfA,null,size_gini,0.5067518446180554
pythia-160m,64000,tldr17,halfA,null,size_largest_share,0.07210286458333333
pythia-160m,64000,tldr17,halfA,null,size_frac_small,0.03
pythia-160m,64000,tldr17,halfA,null,depth_median_effective_layers,8.341985335394433
pythia-160m,64000,tldr17,halfA,null,depth_frac_single_layer,0.0
pythia-160m,64000,tldr17,halfA,null,depth_mean_layer_span,4.09
pythia-160m,143000,tldr17,halfA,null,crisp_median_max_membership,0.525
pythia-160m,143000,tldr17,halfA,null,crisp_frac_confident,0.5357801649305556
pythia-160m,143000,tldr17,halfA,null,crisp_network_median,0.5597528913528147
pythia-160m,143000,tldr17,halfA,null,size_n_networks,100.0
pythia-160m,143000,tldr17,halfA,null,size_effective_n,63.63063567927413
pythia-160m,143000,tldr17,halfA,null,size_gini,0.5030485026041667
pythia-160m,143000,tldr17,halfA,null,size_largest_share,0.0769314236111111
pythia-160m,143000,tldr17,halfA,null,size_frac_small,0.04
pythia-160m,143000,tldr17,halfA,null,depth_median_effective_layers,7.960927962714125
pythia-160m,143000,tldr17,halfA,null,depth_frac_single_layer,0.0
pythia-160m,143000,tldr17,halfA,null,depth_mean_layer_span,4.42
pythia-160m,0,wikitext,halfB,null,crisp_median_max_membership,0.13
pythia-160m,0,wikitext,halfB,null,crisp_frac_confident,0.037434895833333336
pythia-160m,0,wikitext,halfB,null,crisp_network_median,0.12818060200668896
pythia-160m,0,wikitext,halfB,null,size_n_networks,100.0
pythia-160m,0,wikitext,halfB,null,size_effective_n,97.71662655231894
pythia-160m,0,wikitext,halfB,null,size_gini,0.1197450086805556
pythia-160m,0,wikitext,halfB,null,size_largest_share,0.016764322916666668
pythia-160m,0,wikitext,halfB,null,size_frac_small,0.0
pythia-160m,0,wikitext,halfB,null,depth_median_effective_layers,6.949724343384605
pythia-160m,0,wikitext,halfB,null,depth_frac_single_layer,0.0
pythia-160m,0,wikitext,halfB,null,depth_mean_layer_span,4.22
pythia-160m,1,wikitext,halfB,null,crisp_median_max_membership,0.13
pythia-160m,1,wikitext,halfB,null,crisp_frac_confident,0.03982204861111111
pythia-160m,1,wikitext,halfB,null,crisp_network_median,0.1251040249433107
pythia-160m,1,wikitext,halfB,null,size_n_networks,100.0
pythia-160m,1,wikitext,halfB,null,size_effective_n,97.92114243334467
pythia-160m,1,wikitext,halfB,null,size_gini,0.11567491319444434
pythia-160m,1,wikitext,halfB,null,size_largest_share,0.015407986111111112
pythia-160m,1,wikitext,halfB,null,size_frac_small,0.0
pythia-160m,1,wikitext,halfB,null,depth_median_effective_layers,6.907914878179959
pythia-160m,1,wikitext,halfB,null,depth_frac_single_layer,0.0
pythia-160m,1,wikitext,halfB,null,depth_mean_layer_span,4.16
pythia-160m,4,wikitext,halfB,null,crisp_median_max_membership,0.13
pythia-160m,4,wikitext,halfB,null,crisp_frac_confident,0.03884548611111111
pythia-160m,4,wikitext,halfB,null,crisp_network_median,0.12649666469893744
pythia-160m,4,wikitext,halfB,null,size_n_networks,100.0
pythia-160m,4,wikitext,halfB,null,size_effective_n,97.58749409614126
pythia-160m,4,wikitext,halfB,null,size_gini,0.125071072048611
pythia-160m,4,wikitext,halfB,null,size_largest_share,0.016357421875
pythia-160m,4,wikitext,halfB,null,size_frac_small,0.0
pythia-160m,4,wikitext,halfB,null,depth_median_effective_layers,6.855764248279818
pythia-160m,4,wikitext,halfB,null,depth_frac_single_layer,0.0
pythia-160m,4,wikitext,halfB,null,depth_mean_layer_span,4.18
pythia-160m,16,wikitext,halfB,null,crisp_median_max_membership,0.105
pythia-160m,16,wikitext,halfB,null,crisp_frac_confident,0.014024522569444444
pythia-160m,16,wikitext,halfB,null,crisp_network_median,0.10749303224646367
pythia-160m,16,wikitext,halfB,null,size_n_networks,100.0
pythia-160m,16,wikitext,halfB,null,size_effective_n,97.31814383381139
pythia-160m,16,wikitext,halfB,null,size_gini,0.13280002170138894
pythia-160m,16,wikitext,halfB,null,size_largest_share,0.015543619791666666
pythia-160m,16,wikitext,halfB,null,size_frac_small,0.0
pythia-160m,16,wikitext,halfB,null,depth_median_effective_layers,7.734170308447718
pythia-160m,16,wikitext,halfB,null,depth_frac_single_layer,0.0
pythia-160m,16,wikitext,halfB,null,depth_mean_layer_span,4.41
pythia-160m,64,wikitext,halfB,null,crisp_median_max_membership,0.67
pythia-160m,64,wikitext,halfB,null,crisp_frac_confident,0.7814127604166666
pythia-160m,64,wikitext,halfB,null,crisp_network_median,0.8670318165867354
pythia-160m,64,wikitext,halfB,null,size_n_networks,100.0
pythia-160m,64,wikitext,halfB,null,size_effective_n,24.975634989474734
pythia-160m,64,wikitext,halfB,null,size_gini,0.7379318576388889
pythia-160m,64,wikitext,halfB,null,size_largest_share,0.16441514756944445
pythia-160m,64,wikitext,halfB,null,size_frac_small,0.05
pythia-160m,64,wikitext,halfB,null,depth_median_effective_layers,7.600713082046861
pythia-160m,64,wikitext,halfB,null,depth_frac_single_layer,0.01
pythia-160m,64,wikitext,halfB,null,depth_mean_layer_span,5.27
pythia-160m,256,wikitext,halfB,null,crisp_median_max_membership,0.395
pythia-160m,256,wikitext,halfB,null,crisp_frac_confident,0.2971462673611111
pythia-160m,256,wikitext,halfB,null,crisp_network_median,0.7091146417445482
pythia-160m,256,wikitext,halfB,null,size_n_networks,100.0
pythia-160m,256,wikitext,halfB,null,size_effective_n,45.928359178133995
pythia-160m,256,wikitext,halfB,null,size_gini,0.6330224609374999
pythia-160m,256,wikitext,halfB,null,size_largest_share,0.06407335069444445
pythia-160m,256,wikitext,halfB,null,size_frac_small,0.01
pythia-160m,256,wikitext,halfB,null,depth_median_effective_layers,8.291363368909057
pythia-160m,256,wikitext,halfB,null,depth_frac_single_layer,0.0
pythia-160m,256,wikitext,halfB,null,depth_mean_layer_span,5.48
pythia-160m,1000,wikitext,halfB,null,crisp_median_max_membership,0.245
pythia-160m,1000,wikitext,halfB,null,crisp_frac_confident,0.166748046875
pythia-160m,1000,wikitext,halfB,null,crisp_network_median,0.29254438058748405
pythia-160m,1000,wikitext,halfB,null,size_n_networks,100.0
pythia-160m,1000,wikitext,halfB,null,size_effective_n,85.63870489973345
pythia-160m,1000,wikitext,halfB,null,size_gini,0.3109722222222222
pythia-160m,1000,wikitext,halfB,null,size_largest_share,0.025716145833333332
pythia-160m,1000,wikitext,halfB,null,size_frac_small,0.0
pythia-160m,1000,wikitext,halfB,null,depth_median_effective_layers,8.461496988062514
pythia-160m,1000,wikitext,halfB,null,depth_frac_single_layer,0.0
pythia-160m,1000,wikitext,halfB,null,depth_mean_layer_span,4.59
pythia-160m,4000,wikitext,halfB,null,crisp_median_max_membership,0.41
pythia-160m,4000,wikitext,halfB,null,crisp_frac_confident,0.3321126302083333
pythia-160m,4000,wikitext,halfB,null,crisp_network_median,0.4041024017165006
pythia-160m,4000,wikitext,halfB,null,size_n_networks,100.0
pythia-160m,4000,wikitext,halfB,null,size_effective_n,84.80019583709262
pythia-160m,4000,wikitext,halfB,null,size_gini,0.3048079427083332
pythia-160m,4000,wikitext,halfB,null,size_largest_share,0.05593532986111111
pythia-160m,4000,wikitext,halfB,null,size_frac_small,0.0
pythia-160m,4000,wikitext,halfB,null,depth_median_effective_layers,9.109394271015024
pythia-160m,4000,wikitext,halfB,null,depth_frac_single_layer,0.0
pythia-160m,4000,wikitext,halfB,null,depth_mean_layer_span,4.28
pythia-160m,16000,wikitext,halfB,null,crisp_median_max_membership,0.385
pythia-160m,16000,wikitext,halfB,null,crisp_frac_confident,0.2868109809027778
pythia-160m,16000,wikitext,halfB,null,crisp_network_median,0.3675177855024794
pythia-160m,16000,wikitext,halfB,null,size_n_networks,100.0
pythia-160m,16000,wikitext,halfB,null,size_effective_n,82.37150229924318
pythia-160m,16000,wikitext,halfB,null,size_gini,0.32851725260416664
pythia-160m,16000,wikitext,halfB,null,size_largest_share,0.05995008680555555
pythia-160m,16000,wikitext,halfB,null,size_frac_small,0.0
pythia-160m,16000,wikitext,halfB,null,depth_median_effective_layers,8.80510670115023
pythia-160m,16000,wikitext,halfB,null,depth_frac_single_layer,0.0
pythia-160m,16000,wikitext,halfB,null,depth_mean_layer_span,4.33
pythia-160m,64000,wikitext,halfB,null,crisp_median_max_membership,0.385
pythia-160m,64000,wikitext,halfB,null,crisp_frac_confident,0.2986653645833333
pythia-160m,64000,wikitext,halfB,null,crisp_network_median,0.38534206384030867
pythia-160m,64000,wikitext,halfB,null,size_n_networks,100.0
pythia-160m,64000,wikitext,halfB,null,size_effective_n,81.64240194103762
pythia-160m,64000,wikitext,halfB,null,size_gini,0.33798177083333325
pythia-160m,64000,wikitext,halfB,null,size_largest_share,0.054280598958333336
pythia-160m,64000,wikitext,halfB,null,size_frac_small,0.02
pythia-160m,64000,wikitext,halfB,null,depth_median_effective_layers,8.580444913572059
pythia-160m,64000,wikitext,halfB,null,depth_frac_single_layer,0.0
pythia-160m,64000,wikitext,halfB,null,depth_mean_layer_span,4.33
pythia-160m,143000,wikitext,halfB,null,crisp_median_max_membership,0.365
pythia-160m,143000,wikitext,halfB,null,crisp_frac_confident,0.2680121527777778
pythia-160m,143000,wikitext,halfB,null,crisp_network_median,0.4149703557312253
pythia-160m,143000,wikitext,halfB,null,size_n_networks,100.0
pythia-160m,143000,wikitext,halfB,null,size_effective_n,74.57541627673095
pythia-160m,143000,wikitext,halfB,null,size_gini,0.40695529513888884
pythia-160m,143000,wikitext,halfB,null,size_largest_share,0.049967447916666664
pythia-160m,143000,wikitext,halfB,null,size_frac_small,0.09
pythia-160m,143000,wikitext,halfB,null,depth_median_effective_layers,8.187717897917295
pythia-160m,143000,wikitext,halfB,null,depth_frac_single_layer,0.0
pythia-160m,143000,wikitext,halfB,null,depth_mean_layer_span,4.41
pythia-160m,0,bookcorpus,halfB,null,crisp_median_max_membership,0.11
pythia-160m,0,bookcorpus,halfB,null,crisp_frac_confident,0.031114366319444444
pythia-160m,0,bookcorpus,halfB,null,crisp_network_median,0.10694565626396368
pythia-160m,0,bookcorpus,halfB,null,size_n_networks,100.0
pythia-160m,0,bookcorpus,halfB,null,size_effective_n,97.50682127985432
pythia-160m,0,bookcorpus,halfB,null,size_gini,0.1268082682291667
pythia-160m,0,bookcorpus,halfB,null,size_largest_share,0.016140407986111112
pythia-160m,0,bookcorpus,halfB,null,size_frac_small,0.0
pythia-160m,0,bookcorpus,halfB,null,depth_median_effective_layers,7.003260266080412
pythia-160m,0,bookcorpus,halfB,null,depth_frac_single_layer,0.0
pythia-160m,0,bookcorpus,halfB,null,depth_mean_layer_span,4.39
pythia-160m,1,bookcorpus,halfB,null,crisp_median_max_membership,0.11
pythia-160m,1,bookcorpus,halfB,null,crisp_frac_confident,0.032036675347222224
pythia-160m,1,bookcorpus,halfB,null,crisp_network_median,0.10457213775821769
pythia-160m,1,bookcorpus,halfB,null,size_n_networks,100.0
pythia-160m,1,bookcorpus,halfB,null,size_effective_n,97.6016946810234
pythia-160m,1,bookcorpus,halfB,null,size_gini,0.12533040364583337
pythia-160m,1,bookcorpus,halfB,null,size_largest_share,0.015272352430555556
pythia-160m,1,bookcorpus,halfB,null,size_frac_small,0.0
pythia-160m,1,bookcorpus,halfB,null,depth_median_effective_layers,6.91988192738501
pythia-160m,1,bookcorpus,halfB,null,depth_frac_single_layer,0.0
pythia-160m,1,bookcorpus,halfB,null,depth_mean_layer_span,4.35
pythia-160m,4,bookcorpus,halfB,null,crisp_median_max_membership,0.11
pythia-160m,4,bookcorpus,halfB,null,crisp_frac_confident,0.028103298611111112
pythia-160m,4,bookcorpus,halfB,null,crisp_network_median,0.10307840872461588
pythia-160m,4,bookcorpus,halfB,null,size_n_networks,100.0
pythia-160m,4,bookcorpus,halfB,null,size_effective_n,97.61747938339263
pythia-160m,4,bookcorpus,halfB,null,size_gini,0.12396267361111102
pythia-160m,4,bookcorpus,halfB,null,size_largest_share,0.017252604166666668
pythia-160m,4,bookcorpus,halfB,null,size_frac_small,0.0
pythia-160m,4,bookcorpus,halfB,null,depth_median_effective_layers,6.9534616992387805
pythia-160m,4,bookcorpus,halfB,null,depth_frac_single_layer,0.0
pythia-160m,4,bookcorpus,halfB,null,depth_mean_layer_span,4.41
pythia-160m,16,bookcorpus,halfB,null,crisp_median_max_membership,0.09
pythia-160m,16,bookcorpus,halfB,null,crisp_frac_confident,0.0012749565972222222
pythia-160m,16,bookcorpus,halfB,null,crisp_network_median,0.08955019559166477
pythia-160m,16,bookcorpus,halfB,null,size_n_networks,100.0
pythia-160m,16,bookcorpus,halfB,null,size_effective_n,97.31617479332192
pythia-160m,16,bookcorpus,halfB,null,size_gini,0.1311241319444445
pythia-160m,16,bookcorpus,halfB,null,size_largest_share,0.017388237847222224
pythia-160m,16,bookcorpus,halfB,null,size_frac_small,0.0
pythia-160m,16,bookcorpus,halfB,null,depth_median_effective_layers,8.01618572404469
pythia-160m,16,bookcorpus,halfB,null,depth_frac_single_layer,0.0
pythia-160m,16,bookcorpus,halfB,null,depth_mean_layer_span,4.61
pythia-160m,64,bookcorpus,halfB,null,crisp_median_max_membership,0.08
pythia-160m,64,bookcorpus,halfB,null,crisp_frac_confident,0.011962890625
pythia-160m,64,bookcorpus,halfB,null,crisp_network_median,0.08224723701348452
pythia-160m,64,bookcorpus,halfB,null,size_n_networks,100.0
pythia-160m,64,bookcorpus,halfB,null,size_effective_n,98.08742958324729
pythia-160m,64,bookcorpus,halfB,null,size_gini,0.11220052083333343
pythia-160m,64,bookcorpus,halfB,null,size_largest_share,0.015489366319444444
pythia-160m,64,bookcorpus,halfB,null,size_frac_small,0.0
pythia-160m,64,bookcorpus,halfB,null,depth_median_effective_layers,9.332012002953089
pythia-160m,64,bookcorpus,halfB,null,depth_frac_single_layer,0.0
pythia-160m,64,bookcorpus,halfB,null,depth_mean_layer_span,4.63
pythia-160m,256,bookcorpus,halfB,null,crisp_median_max_membership,0.105
pythia-160m,256,bookcorpus,halfB,null,crisp_frac_confident,0.033528645833333336
pythia-160m,256,bookcorpus,halfB,null,crisp_network_median,0.10529522355354562
pythia-160m,256,bookcorpus,halfB,null,size_n_networks,100.0
pythia-160m,256,bookcorpus,halfB,null,size_effective_n,96.41150468057043
pythia-160m,256,bookcorpus,halfB,null,size_gini,0.15287977430555544
pythia-160m,256,bookcorpus,halfB,null,size_largest_share,0.017198350694444444
pythia-160m,256,bookcorpus,halfB,null,size_frac_small,0.0
pythia-160m,256,bookcorpus,halfB,null,depth_median_effective_layers,8.781025009266997
pythia-160m,256,bookcorpus,halfB,null,depth_frac_single_layer,0.0
pythia-160m,256,bookcorpus,halfB,null,depth_mean_layer_span,4.9
pythia-160m,1000,bookcorpus,halfB,null,crisp_median_max_membership,0.195
pythia-160m,1000,bookcorpus,halfB,null,crisp_frac_confident,0.1876898871527778
pythia-160m,1000,bookcorpus,halfB,null,crisp_network_median,0.5215108695652173
pythia-160m,1000,bookcorpus,halfB,null,size_n_networks,100.0
pythia-160m,1000,bookcorpus,halfB,null,size_effective_n,61.09092518505253
pythia-160m,1000,bookcorpus,halfB,null,size_gini,0.5374034288194445
pythia-160m,1000,bookcorpus,halfB,null,size_largest_share,0.037190755208333336
pythia-160m,1000,bookcorpus,halfB,null,size_frac_small,0.05
pythia-160m,1000,bookcorpus,halfB,null,depth_median_effective_layers,8.447229953609273
pythia-160m,1000,bookcorpus,halfB,null,depth_frac_single_layer,0.0
pythia-160m,1000,bookcorpus,halfB,null,depth_mean_layer_span,4.66
pythia-160m,4000,bookcorpus,halfB,null,crisp_median_max_membership,0.145
pythia-160m,4000,bookcorpus,halfB,null,crisp_frac_confident,0.15025499131944445
pythia-160m,4000,bookcorpus,halfB,null,crisp_network_median,0.21499991567728008
pythia-160m,4000,bookcorpus,halfB,null,size_n_networks,100.0
pythia-160m,4000,bookcorpus,halfB,null,size_effective_n,82.86971572029908
pythia-160m,4000,bookcorpus,halfB,null,size_gini,0.31945529513888893
pythia-160m,4000,bookcorpus,halfB,null,size_largest_share,0.03244357638888889
pythia-160m,4000,bookcorpus,halfB,null,size_frac_small,0.06
pythia-160m,4000,bookcorpus,halfB,null,depth_median_effective_layers,8.405975919040273
pythia-160m,4000,bookcorpus,halfB,null,depth_frac_single_layer,0.0
pythia-160m,4000,bookcorpus,halfB,null,depth_mean_layer_span,4.35
pythia-160m,16000,bookcorpus,halfB,null,crisp_median_max_membership,0.16
pythia-160m,16000,bookcorpus,halfB,null,crisp_frac_confident,0.16612413194444445
pythia-160m,16000,bookcorpus,halfB,null,crisp_network_median,0.24188879440945815
pythia-160m,16000,bookcorpus,halfB,null,size_n_networks,100.0
pythia-160m,16000,bookcorpus,halfB,null,size_effective_n,77.82381179590449
pythia-160m,16000,bookcorpus,halfB,null,size_gini,0.37163465711805554
pythia-160m,16000,bookcorpus,halfB,null,size_largest_share,0.032036675347222224
pythia-160m,16000,bookcorpus,halfB,null,size_frac_small,0.1
pythia-160m,16000,bookcorpus,halfB,null,depth_median_effective_layers,7.893859088578488
pythia-160m,16000,bookcorpus,halfB,null,depth_frac_single_layer,0.0
pythia-160m,16000,bookcorpus,halfB,null,depth_mean_layer_span,4.53
pythia-160m,64000,bookcorpus,halfB,null,crisp_median_max_membership,0.38
pythia-160m,64000,bookcorpus,halfB,null,crisp_frac_confident,0.3575846354166667
pythia-160m,64000,bookcorpus,halfB,null,crisp_network_median,0.5407186246811484
pythia-160m,64000,bookcorpus,halfB,null,size_n_networks,100.0
pythia-160m,64000,bookcorpus,halfB,null,size_effective_n,64.94798238165042
pythia-160m,64000,bookcorpus,halfB,null,size_gini,0.5015174696180555
pythia-160m,64000,bookcorpus,halfB,null,size_largest_share,0.030924479166666668
pythia-160m,64000,bookcorpus,halfB,null,size_frac_small,0.2
pythia-160m,64000,bookcorpus,halfB,null,depth_median_effective_layers,7.844997154973571
pythia-160m,64000,bookcorpus,halfB,null,depth_frac_single_layer,0.0
pythia-160m,64000,bookcorpus,halfB,null,depth_mean_layer_span,4.53
pythia-160m,143000,bookcorpus,halfB,null,crisp_median_max_membership,0.445
pythia-160m,143000,bookcorpus,halfB,null,crisp_frac_confident,0.4220377604166667
pythia-160m,143000,bookcorpus,halfB,null,crisp_network_median,0.5585324858757063
pythia-160m,143000,bookcorpus,halfB,null,size_n_networks,100.0
pythia-160m,143000,bookcorpus,halfB,null,size_effective_n,46.28567178642109
pythia-160m,143000,bookcorpus,halfB,null,size_gini,0.6546744791666668
pythia-160m,143000,bookcorpus,halfB,null,size_largest_share,0.05479600694444445
pythia-160m,143000,bookcorpus,halfB,null,size_frac_small,0.21
pythia-160m,143000,bookcorpus,halfB,null,depth_median_effective_layers,8.39686210984146
pythia-160m,143000,bookcorpus,halfB,null,depth_frac_single_layer,0.0
pythia-160m,143000,bookcorpus,halfB,null,depth_mean_layer_span,4.9
pythia-160m,0,agnews,halfB,null,crisp_median_max_membership,0.11
pythia-160m,0,agnews,halfB,null,crisp_frac_confident,0.029568142361111112
pythia-160m,0,agnews,halfB,null,crisp_network_median,0.10631315669635916
pythia-160m,0,agnews,halfB,null,size_n_networks,100.0
pythia-160m,0,agnews,halfB,null,size_effective_n,97.37680238375484
pythia-160m,0,agnews,halfB,null,size_gini,0.13123101128472214
pythia-160m,0,agnews,halfB,null,size_largest_share,0.017605251736111112
pythia-160m,0,agnews,halfB,null,size_frac_small,0.0
pythia-160m,0,agnews,halfB,null,depth_median_effective_layers,6.762463087941475
pythia-160m,0,agnews,halfB,null,depth_frac_single_layer,0.0
pythia-160m,0,agnews,halfB,null,depth_mean_layer_span,4.34
pythia-160m,1,agnews,halfB,null,crisp_median_max_membership,0.11
pythia-160m,1,agnews,halfB,null,crisp_frac_confident,0.028564453125
pythia-160m,1,agnews,halfB,null,crisp_network_median,0.10540122346167688
pythia-160m,1,agnews,halfB,null,size_n_networks,100.0
pythia-160m,1,agnews,halfB,null,size_effective_n,97.43360011733498
pythia-160m,1,agnews,halfB,null,size_gini,0.12894802517361104
pythia-160m,1,agnews,halfB,null,size_largest_share,0.0185546875
pythia-160m,1,agnews,halfB,null,size_frac_small,0.0
pythia-160m,1,agnews,halfB,null,depth_median_effective_layers,6.79256718765397
pythia-160m,1,agnews,halfB,null,depth_frac_single_layer,0.0
pythia-160m,1,agnews,halfB,null,depth_mean_layer_span,4.25
pythia-160m,4,agnews,halfB,null,crisp_median_max_membership,0.11
pythia-160m,4,agnews,halfB,null,crisp_frac_confident,0.027506510416666668
pythia-160m,4,agnews,halfB,null,crisp_network_median,0.10746814319250586
pythia-160m,4,agnews,halfB,null,size_n_networks,100.0
pythia-160m,4,agnews,halfB,null,size_effective_n,97.68090729544848
pythia-160m,4,agnews,halfB,null,size_gini,0.12382486979166663
pythia-160m,4,agnews,halfB,null,size_largest_share,0.015787760416666668
pythia-160m,4,agnews,halfB,null,size_frac_small,0.0
pythia-160m,4,agnews,halfB,null,depth_median_effective_layers,6.882449424493163
pythia-160m,4,agnews,halfB,null,depth_frac_single_layer,0.0
pythia-160m,4,agnews,halfB,null,depth_mean_layer_span,4.31
pythia-160m,16,agnews,halfB,null,crisp_median_max_membership,0.085
pythia-160m,16,agnews,halfB,null,crisp_frac_confident,0.00013563368055555556
pythia-160m,16,agnews,halfB,null,crisp_network_median,0.08922546662895928
pythia-160m,16,agnews,halfB,null,size_n_networks,100.0
pythia-160m,16,agnews,halfB,null,size_effective_n,96.36388678536832
pythia-160m,16,agnews,halfB,null,size_gini,0.1519726562499999
pythia-160m,16,agnews,halfB,null,size_largest_share,0.018636067708333332
pythia-160m,16,agnews,halfB,null,size_frac_small,0.0
pythia-160m,16,agnews,halfB,null,depth_median_effective_layers,8.059410823163983
pythia-160m,16,agnews,halfB,null,depth_frac_single_layer,0.0
pythia-160m,16,agnews,halfB,null,depth_mean_layer_span,4.64
pythia-160m,64,agnews,halfB,null,crisp_median_max_membership,0.11
pythia-160m,64,agnews,halfB,null,crisp_frac_confident,0.022026909722222224
pythia-160m,64,agnews,halfB,null,crisp_network_median,0.10717875052650819
pythia-160m,64,agnews,halfB,null,size_n_networks,100.0
pythia-160m,64,agnews,halfB,null,size_effective_n,93.54044115439181
pythia-160m,64,agnews,halfB,null,size_gini,0.18175509982638882
pythia-160m,64,agnews,halfB,null,size_largest_share,0.016493055555555556
pythia-160m,64,agnews,halfB,null,size_frac_small,0.0
pythia-160m,64,agnews,halfB,null,depth_median_effective_layers,8.490721762381593
pythia-160m,64,agnews,halfB,null,depth_frac_single_layer,0.0
pythia-160m,64,agnews,halfB,null,depth_mean_layer_span,4.45
pythia-160m,256,agnews,halfB,null,crisp_median_max_membership,0.125
pythia-160m,256,agnews,halfB,null,crisp_frac_confident,0.027777777777777776
pythia-160m,256,agnews,halfB,null,crisp_network_median,0.13273755980861246
pythia-160m,256,agnews,halfB,null,size_n_networks,100.0
pythia-160m,256,agnews,halfB,null,size_effective_n,93.05913662513895
pythia-160m,256,agnews,halfB,null,size_gini,0.1868424479166666
pythia-160m,256,agnews,halfB,null,size_largest_share,0.018880208333333332
pythia-160m,256,agnews,halfB,null,size_frac_small,0.03
pythia-160m,256,agnews,halfB,null,depth_median_effective_layers,7.917014303494055
pythia-160m,256,agnews,halfB,null,depth_frac_single_layer,0.0
pythia-160m,256,agnews,halfB,null,depth_mean_layer_span,4.93
pythia-160m,1000,agnews,halfB,null,crisp_median_max_membership,0.145
pythia-160m,1000,agnews,halfB,null,crisp_frac_confident,0.11382378472222222
pythia-160m,1000,agnews,halfB,null,crisp_network_median,0.21016010718645894
pythia-160m,1000,agnews,halfB,null,size_n_networks,100.0
pythia-160m,1000,agnews,halfB,null,size_effective_n,83.49622099939654
pythia-160m,1000,agnews,halfB,null,size_gini,0.3262320963541667
pythia-160m,1000,agnews,halfB,null,size_largest_share,0.021782769097222224
pythia-160m,1000,agnews,halfB,null,size_frac_small,0.0
pythia-160m,1000,agnews,halfB,null,depth_median_effective_layers,8.809915718930782
pythia-160m,1000,agnews,halfB,null,depth_frac_single_layer,0.0
pythia-160m,1000,agnews,halfB,null,depth_mean_layer_span,4.7
pythia-160m,4000,agnews,halfB,null,crisp_median_max_membership,0.115
pythia-160m,4000,agnews,halfB,null,crisp_frac_confident,0.024766710069444444
pythia-160m,4000,agnews,halfB,null,crisp_network_median,0.11194736267097846
pythia-160m,4000,agnews,halfB,null,size_n_networks,100.0
pythia-160m,4000,agnews,halfB,null,size_effective_n,93.23591917955753
pythia-160m,4000,agnews,halfB,null,size_gini,0.20574815538194446
pythia-160m,4000,agnews,halfB,null,size_largest_share,0.027316623263888888
pythia-160m,4000,agnews,halfB,null,size_frac_small,0.0
pythia-160m,4000,agnews,halfB,null,depth_median_effective_layers,8.886721424046684
pythia-160m,4000,agnews,halfB,null,depth_frac_single_layer,0.0
pythia-160m,4000,agnews,halfB,null,depth_mean_layer_span,4.29
pythia-160m,16000,agnews,halfB,null,crisp_median_max_membership,0.15
pythia-160m,16000,agnews,halfB,null,crisp_frac_confident,0.056803385416666664
pythia-160m,16000,agnews,halfB,null,crisp_network_median,0.15906978623671558
pythia-160m,16000,agnews,halfB,null,size_n_networks,100.0
pythia-160m,16000,agnews,halfB,null,size_effective_n,89.930291644624
pythia-160m,16000,agnews,halfB,null,size_gini,0.25220865885416677
pythia-160m,16000,agnews,halfB,null,size_largest_share,0.023328993055555556
pythia-160m,16000,agnews,halfB,null,size_frac_small,0.02
pythia-160m,16000,agnews,halfB,null,depth_median_effective_layers,8.483983008940298
pythia-160m,16000,agnews,halfB,null,depth_frac_single_layer,0.0
pythia-160m,16000,agnews,halfB,null,depth_mean_layer_span,4.25
pythia-160m,64000,agnews,halfB,null,crisp_median_max_membership,0.195
pythia-160m,64000,agnews,halfB,null,crisp_frac_confident,0.1211208767361111
pythia-160m,64000,agnews,halfB,null,crisp_network_median,0.24023400879786544
pythia-160m,64000,agnews,halfB,null,size_n_networks,100.0
pythia-160m,64000,agnews,halfB,null,size_effective_n,83.48394229857323
pythia-160m,64000,agnews,halfB,null,size_gini,0.3148540581597221
pythia-160m,64000,agnews,halfB,null,size_largest_share,0.029079861111111112
pythia-160m,64000,agnews,halfB,null,size_frac_small,0.08
pythia-160m,64000,agnews,halfB,null,depth_median_effective_layers,8.254567362240127
pythia-160m,64000,agnews,halfB,null,depth_frac_single_layer,0.01
pythia-160m,64000,agnews,halfB,null,depth_mean_layer_span,4.21
pythia-160m,143000,agnews,halfB,null,crisp_median_max_membership,0.26
pythia-160m,143000,agnews,halfB,null,crisp_frac_confident,0.19417317708333334
pythia-160m,143000,agnews,halfB,null,crisp_network_median,0.41821980805118636
pythia-160m,143000,agnews,halfB,null,size_n_networks,100.0
pythia-160m,143000,agnews,halfB,null,size_effective_n,76.3586597920108
pythia-160m,143000,agnews,halfB,null,size_gini,0.38721733940972225
pythia-160m,143000,agnews,halfB,null,size_largest_share,0.030381944444444444
pythia-160m,143000,agnews,halfB,null,size_frac_small,0.1
pythia-160m,143000,agnews,halfB,null,depth_median_effective_layers,7.868562529394563
pythia-160m,143000,agnews,halfB,null,depth_frac_single_layer,0.0
pythia-160m,143000,agnews,halfB,null,depth_mean_layer_span,4.39
pythia-160m,0,tldr17,halfB,null,crisp_median_max_membership,0.135
pythia-160m,0,tldr17,halfB,null,crisp_frac_confident,0.039984809027777776
pythia-160m,0,tldr17,halfB,null,crisp_network_median,0.13653870389836448
pythia-160m,0,tldr17,halfB,null,size_n_networks,100.0
pythia-160m,0,tldr17,halfB,null,size_effective_n,97.22715023724182
pythia-160m,0,tldr17,halfB,null,size_gini,0.13082845052083325
pythia-160m,0,tldr17,halfB,null,size_largest_share,0.018283420138888888
pythia-160m,0,tldr17,halfB,null,size_frac_small,0.0
pythia-160m,0,tldr17,halfB,null,depth_median_effective_layers,6.985420187733581
pythia-160m,0,tldr17,halfB,null,depth_frac_single_layer,0.0
pythia-160m,0,tldr17,halfB,null,depth_mean_layer_span,4.21
pythia-160m,1,tldr17,halfB,null,crisp_median_max_membership,0.135
pythia-160m,1,tldr17,halfB,null,crisp_frac_confident,0.03990342881944445
pythia-160m,1,tldr17,halfB,null,crisp_network_median,0.1386673897071686
pythia-160m,1,tldr17,halfB,null,size_n_networks,100.0
pythia-160m,1,tldr17,halfB,null,size_effective_n,97.4559404510869
pythia-160m,1,tldr17,halfB,null,size_gini,0.1256347656250001
pythia-160m,1,tldr17,halfB,null,size_largest_share,0.017116970486111112
pythia-160m,1,tldr17,halfB,null,size_frac_small,0.0
pythia-160m,1,tldr17,halfB,null,depth_median_effective_layers,6.828355278697288
pythia-160m,1,tldr17,halfB,null,depth_frac_single_layer,0.0
pythia-160m,1,tldr17,halfB,null,depth_mean_layer_span,4.24
pythia-160m,4,tldr17,halfB,null,crisp_median_max_membership,0.135
pythia-160m,4,tldr17,halfB,null,crisp_frac_confident,0.039849175347222224
pythia-160m,4,tldr17,halfB,null,crisp_network_median,0.1373180858896978
pythia-160m,4,tldr17,halfB,null,size_n_networks,100.0
pythia-160m,4,tldr17,halfB,null,size_effective_n,97.3614677795451
pythia-160m,4,tldr17,halfB,null,size_gini,0.12783582899305546
pythia-160m,4,tldr17,halfB,null,size_largest_share,0.018039279513888888
pythia-160m,4,tldr17,halfB,null,size_frac_small,0.0
pythia-160m,4,tldr17,halfB,null,depth_median_effective_layers,6.78645722651114
pythia-160m,4,tldr17,halfB,null,depth_frac_single_layer,0.0
pythia-160m,4,tldr17,halfB,null,depth_mean_layer_span,4.18
pythia-160m,16,tldr17,halfB,null,crisp_median_max_membership,0.11
pythia-160m,16,tldr17,halfB,null,crisp_frac_confident,0.011528862847222222
pythia-160m,16,tldr17,halfB,null,crisp_network_median,0.11081527827740376
pythia-160m,16,tldr17,halfB,null,size_n_networks,100.0
pythia-160m,16,tldr17,halfB,null,size_effective_n,97.25522603507358
pythia-160m,16,tldr17,halfB,null,size_gini,0.13324924045138897
pythia-160m,16,tldr17,halfB,null,size_largest_share,0.015977647569444444
pythia-160m,16,tldr17,halfB,null,size_frac_small,0.0
pythia-160m,16,tldr17,halfB,null,depth_median_effective_layers,7.746026006544787
pythia-160m,16,tldr17,halfB,null,depth_frac_single_layer,0.0
pythia-160m,16,tldr17,halfB,null,depth_mean_layer_span,4.42
pythia-160m,64,tldr17,halfB,null,crisp_median_max_membership,0.61
pythia-160m,64,tldr17,halfB,null,crisp_frac_confident,0.68359375
pythia-160m,64,tldr17,halfB,null,crisp_network_median,0.8567842670894998
pythia-160m,64,tldr17,halfB,null,size_n_networks,100.0
pythia-160m,64,tldr17,halfB,null,size_effective_n,27.822564353379875
pythia-160m,64,tldr17,halfB,null,size_gini,0.7047894965277777
pythia-160m,64,tldr17,halfB,null,size_largest_share,0.149658203125
pythia-160m,64,tldr17,halfB,null,size_frac_small,0.01
pythia-160m,64,tldr17,halfB,null,depth_median_effective_layers,7.981491926871691
pythia-160m,64,tldr17,halfB,null,depth_frac_single_layer,0.0
pythia-160m,64,tldr17,halfB,null,depth_mean_layer_span,5.12
pythia-160m,256,tldr17,halfB,null,crisp_median_max_membership,0.925
pythia-160m,256,tldr17,halfB,null,crisp_frac_confident,0.9423828125
pythia-160m,256,tldr17,halfB,null,crisp_network_median,0.8849511054421768
pythia-160m,256,tldr17,halfB,null,size_n_networks,100.0
pythia-160m,256,tldr17,halfB,null,size_effective_n,31.498390684801176
pythia-160m,256,tldr17,halfB,null,size_gini,0.6179991319444444
pythia-160m,256,tldr17,halfB,null,size_largest_share,0.14339192708333334
pythia-160m,256,tldr17,halfB,null,size_frac_small,0.02
pythia-160m,256,tldr17,halfB,null,depth_median_effective_layers,9.534833927484257
pythia-160m,256,tldr17,halfB,null,depth_frac_single_layer,0.0
pythia-160m,256,tldr17,halfB,null,depth_mean_layer_span,5.12
pythia-160m,1000,tldr17,halfB,null,crisp_median_max_membership,0.43
pythia-160m,1000,tldr17,halfB,null,crisp_frac_confident,0.4069281684027778
pythia-160m,1000,tldr17,halfB,null,crisp_network_median,0.7413646549432183
pythia-160m,1000,tldr17,halfB,null,size_n_networks,100.0
pythia-160m,1000,tldr17,halfB,null,size_effective_n,57.004828500526
pythia-160m,1000,tldr17,halfB,null,size_gini,0.5560633680555556
pythia-160m,1000,tldr17,halfB,null,size_largest_share,0.052164713541666664
pythia-160m,1000,tldr17,halfB,null,size_frac_small,0.0
pythia-160m,1000,tldr17,halfB,null,depth_median_effective_layers,9.054712076454425
pythia-160m,1000,tldr17,halfB,null,depth_frac_single_layer,0.01
pythia-160m,1000,tldr17,halfB,null,depth_mean_layer_span,5.1
pythia-160m,4000,tldr17,halfB,null,crisp_median_max_membership,0.505
pythia-160m,4000,tldr17,halfB,null,crisp_frac_confident,0.5015190972222222
pythia-160m,4000,tldr17,halfB,null,crisp_network_median,0.53033527479092
pythia-160m,4000,tldr17,halfB,null,size_n_networks,100.0
pythia-160m,4000,tldr17,halfB,null,size_effective_n,71.05070539665364
pythia-160m,4000,tldr17,halfB,null,size_gini,0.4381429036458333
pythia-160m,4000,tldr17,halfB,null,size_largest_share,0.073974609375
pythia-160m,4000,tldr17,halfB,null,size_frac_small,0.03
pythia-160m,4000,tldr17,halfB,null,depth_median_effective_layers,8.862982909665071
pythia-160m,4000,tldr17,halfB,null,depth_frac_single_layer,0.0
pythia-160m,4000,tldr17,halfB,null,depth_mean_layer_span,4.08
pythia-160m,16000,tldr17,halfB,null,crisp_median_max_membership,0.51
pythia-160m,16000,tldr17,halfB,null,crisp_frac_confident,0.5115559895833334
pythia-160m,16000,tldr17,halfB,null,crisp_network_median,0.5110412614277378
pythia-160m,16000,tldr17,halfB,null,size_n_networks,100.0
pythia-160m,16000,tldr17,halfB,null,size_effective_n,67.6537570415755
pythia-160m,16000,tldr17,halfB,null,size_gini,0.4770491536458332
pythia-160m,16000,tldr17,halfB,null,size_largest_share,0.07069227430555555
pythia-160m,16000,tldr17,halfB,null,size_frac_small,0.05
pythia-160m,16000,tldr17,halfB,null,depth_median_effective_layers,8.24853752775956
pythia-160m,16000,tldr17,halfB,null,depth_frac_single_layer,0.0
pythia-160m,16000,tldr17,halfB,null,depth_mean_layer_span,4.06
pythia-160m,64000,tldr17,halfB,null,crisp_median_max_membership,0.48
pythia-160m,64000,tldr17,halfB,null,crisp_frac_confident,0.4587944878472222
pythia-160m,64000,tldr17,halfB,null,crisp_network_median,0.5188092801239991
pythia-160m,64000,tldr17,halfB,null,size_n_networks,100.0
pythia-160m,64000,tldr17,halfB,null,size_effective_n,63.45782791173541
pythia-160m,64000,tldr17,halfB,null,size_gini,0.5074815538194444
pythia-160m,64000,tldr17,halfB,null,size_largest_share,0.079833984375
pythia-160m,64000,tldr17,halfB,null,size_frac_small,0.01
pythia-160m,64000,tldr17,halfB,null,depth_median_effective_layers,8.017807547316151
pythia-160m,64000,tldr17,halfB,null,depth_frac_single_layer,0.0
pythia-160m,64000,tldr17,halfB,null,depth_mean_layer_span,4.02
pythia-160m,143000,tldr17,halfB,null,crisp_median_max_membership,0.475
pythia-160m,143000,tldr17,halfB,null,crisp_frac_confident,0.4567057291666667
pythia-160m,143000,tldr17,halfB,null,crisp_network_median,0.5279645230973746
pythia-160m,143000,tldr17,halfB,null,size_n_networks,100.0
pythia-160m,143000,tldr17,halfB,null,size_effective_n,63.638100292354466
pythia-160m,143000,tldr17,halfB,null,size_gini,0.5110747612847222
pythia-160m,143000,tldr17,halfB,null,size_largest_share,0.07381184895833333
pythia-160m,143000,tldr17,halfB,null,size_frac_small,0.05
pythia-160m,143000,tldr17,halfB,null,depth_median_effective_layers,7.810800663570774
pythia-160m,143000,tldr17,halfB,null,depth_frac_single_layer,0.0
pythia-160m,143000,tldr17,halfB,null,depth_mean_layer_span,4.29
pythia-160m,0,wikitext,halfA_vs_halfB,null,halves_split_degree,0.0
pythia-160m,0,wikitext,halfA_vs_halfB,null,halves_merge_degree,0.0
pythia-160m,0,wikitext,halfA_vs_halfB,null,halves_continued,0.0
pythia-160m,0,wikitext,halfA_vs_halfB,null,halves_mean_best_jaccard,0.025819475133270636
pythia-160m,1,wikitext,halfA_vs_halfB,null,halves_split_degree,0.0
pythia-160m,1,wikitext,halfA_vs_halfB,null,halves_merge_degree,0.0
pythia-160m,1,wikitext,halfA_vs_halfB,null,halves_continued,0.0
pythia-160m,1,wikitext,halfA_vs_halfB,null,halves_mean_best_jaccard,0.025982067185039436
pythia-160m,4,wikitext,halfA_vs_halfB,null,halves_split_degree,0.0
pythia-160m,4,wikitext,halfA_vs_halfB,null,halves_merge_degree,0.0
pythia-160m,4,wikitext,halfA_vs_halfB,null,halves_continued,0.0
pythia-160m,4,wikitext,halfA_vs_halfB,null,halves_mean_best_jaccard,0.026070470174603094
pythia-160m,16,wikitext,halfA_vs_halfB,null,halves_split_degree,0.0
pythia-160m,16,wikitext,halfA_vs_halfB,null,halves_merge_degree,0.0
pythia-160m,16,wikitext,halfA_vs_halfB,null,halves_continued,0.0
pythia-160m,16,wikitext,halfA_vs_halfB,null,halves_mean_best_jaccard,0.023535224002444153
pythia-160m,64,wikitext,halfA_vs_halfB,null,halves_split_degree,0.38
pythia-160m,64,wikitext,halfA_vs_halfB,null,halves_merge_degree,0.06
pythia-160m,64,wikitext,halfA_vs_halfB,null,halves_continued,0.0
pythia-160m,64,wikitext,halfA_vs_halfB,null,halves_mean_best_jaccard,0.04066311461900942
pythia-160m,256,wikitext,halfA_vs_halfB,null,halves_split_degree,0.21
pythia-160m,256,wikitext,halfA_vs_halfB,null,halves_merge_degree,0.2
pythia-160m,256,wikitext,halfA_vs_halfB,null,halves_continued,0.0
pythia-160m,256,wikitext,halfA_vs_halfB,null,halves_mean_best_jaccard,0.038635975965109835
pythia-160m,1000,wikitext,halfA_vs_halfB,null,halves_split_degree,0.11
pythia-160m,1000,wikitext,halfA_vs_halfB,null,halves_merge_degree,0.11
pythia-160m,1000,wikitext,halfA_vs_halfB,null,halves_continued,0.0
pythia-160m,1000,wikitext,halfA_vs_halfB,null,halves_mean_best_jaccard,0.03880921589930541
pythia-160m,4000,wikitext,halfA_vs_halfB,null,halves_split_degree,0.08
pythia-160m,4000,wikitext,halfA_vs_halfB,null,halves_merge_degree,0.05
pythia-160m,4000,wikitext,halfA_vs_halfB,null,halves_continued,0.0
pythia-160m,4000,wikitext,halfA_vs_halfB,null,halves_mean_best_jaccard,0.038632142740570544
pythia-160m,16000,wikitext,halfA_vs_halfB,null,halves_split_degree,0.06
pythia-160m,16000,wikitext,halfA_vs_halfB,null,halves_merge_degree,0.05
pythia-160m,16000,wikitext,halfA_vs_halfB,null,halves_continued,0.0
pythia-160m,16000,wikitext,halfA_vs_halfB,null,halves_mean_best_jaccard,0.04128625524145473
pythia-160m,64000,wikitext,halfA_vs_halfB,null,halves_split_degree,0.12
pythia-160m,64000,wikitext,halfA_vs_halfB,null,halves_merge_degree,0.12
pythia-160m,64000,wikitext,halfA_vs_halfB,null,halves_continued,0.0
pythia-160m,64000,wikitext,halfA_vs_halfB,null,halves_mean_best_jaccard,0.056844368578558985
pythia-160m,143000,wikitext,halfA_vs_halfB,null,halves_split_degree,0.21
pythia-160m,143000,wikitext,halfA_vs_halfB,null,halves_merge_degree,0.21
pythia-160m,143000,wikitext,halfA_vs_halfB,null,halves_continued,0.0
pythia-160m,143000,wikitext,halfA_vs_halfB,null,halves_mean_best_jaccard,0.06245486887130228
pythia-160m,0,bookcorpus,halfA_vs_halfB,null,halves_split_degree,0.0
pythia-160m,0,bookcorpus,halfA_vs_halfB,null,halves_merge_degree,0.0
pythia-160m,0,bookcorpus,halfA_vs_halfB,null,halves_continued,0.0
pythia-160m,0,bookcorpus,halfA_vs_halfB,null,halves_mean_best_jaccard,0.024279034623745616
pythia-160m,1,bookcorpus,halfA_vs_halfB,null,halves_split_degree,0.0
pythia-160m,1,bookcorpus,halfA_vs_halfB,null,halves_merge_degree,0.0
pythia-160m,1,bookcorpus,halfA_vs_halfB,null,halves_continued,0.0
pythia-160m,1,bookcorpus,halfA_vs_halfB,null,halves_mean_best_jaccard,0.02376312924235921
pythia-160m,4,bookcorpus,halfA_vs_halfB,null,halves_split_degree,0.0
pythia-160m,4,bookcorpus,halfA_vs_halfB,null,halves_merge_degree,0.0
pythia-160m,4,bookcorpus,halfA_vs_halfB,null,halves_continued,0.0
pythia-160m,4,bookcorpus,halfA_vs_halfB,null,halves_mean_best_jaccard,0.024390675572402154
pythia-160m,16,bookcorpus,halfA_vs_halfB,null,halves_split_degree,0.0
pythia-160m,16,bookcorpus,halfA_vs_halfB,null,halves_merge_degree,0.0
pythia-160m,16,bookcorpus,halfA_vs_halfB,null,halves_continued,0.0
pythia-160m,16,bookcorpus,halfA_vs_halfB,null,halves_mean_best_jaccard,0.02119361961519122
pythia-160m,64,bookcorpus,halfA_vs_halfB,null,halves_split_degree,0.01
pythia-160m,64,bookcorpus,halfA_vs_halfB,null,halves_merge_degree,0.03
pythia-160m,64,bookcorpus,halfA_vs_halfB,null,halves_continued,0.0
pythia-160m,64,bookcorpus,halfA_vs_halfB,null,halves_mean_best_jaccard,0.024001979092634827
pythia-160m,256,bookcorpus,halfA_vs_halfB,null,halves_split_degree,0.01
pythia-160m,256,bookcorpus,halfA_vs_halfB,null,halves_merge_degree,0.04
pythia-160m,256,bookcorpus,halfA_vs_halfB,null,halves_continued,0.0
pythia-160m,256,bookcorpus,halfA_vs_halfB,null,halves_mean_best_jaccard,0.025140163131769307
pythia-160m,1000,bookcorpus,halfA_vs_halfB,null,halves_split_degree,0.06
pythia-160m,1000,bookcorpus,halfA_vs_halfB,null,halves_merge_degree,0.05
pythia-160m,1000,bookcorpus,halfA_vs_halfB,null,halves_continued,0.0
pythia-160m,1000,bookcorpus,halfA_vs_halfB,null,halves_mean_best_jaccard,0.03563535584514278
pythia-160m,4000,bookcorpus,halfA_vs_halfB,null,halves_split_degree,0.05
pythia-160m,4000,bookcorpus,halfA_vs_halfB,null,halves_merge_degree,0.06
pythia-160m,4000,bookcorpus,halfA_vs_halfB,null,halves_continued,0.0
pythia-160m,4000,bookcorpus,halfA_vs_halfB,null,halves_mean_best_jaccard,0.04153397929500133
pythia-160m,16000,bookcorpus,halfA_vs_halfB,null,halves_split_degree,0.18
pythia-160m,16000,bookcorpus,halfA_vs_halfB,null,halves_merge_degree,0.12
pythia-160m,16000,bookcorpus,halfA_vs_halfB,null,halves_continued,0.0
pythia-160m,16000,bookcorpus,halfA_vs_halfB,null,halves_mean_best_jaccard,0.04865302829585676
pythia-160m,64000,bookcorpus,halfA_vs_halfB,null,halves_split_degree,0.13
pythia-160m,64000,bookcorpus,halfA_vs_halfB,null,halves_merge_degree,0.16
pythia-160m,64000,bookcorpus,halfA_vs_halfB,null,halves_continued,0.0
pythia-160m,64000,bookcorpus,halfA_vs_halfB,null,halves_mean_best_jaccard,0.05439879825795409
pythia-160m,143000,bookcorpus,halfA_vs_halfB,null,halves_split_degree,0.13
pythia-160m,143000,bookcorpus,halfA_vs_halfB,null,halves_merge_degree,0.17
pythia-160m,143000,bookcorpus,halfA_vs_halfB,null,halves_continued,0.0
pythia-160m,143000,bookcorpus,halfA_vs_halfB,null,halves_mean_best_jaccard,0.06094223224230328
pythia-160m,0,agnews,halfA_vs_halfB,null,halves_split_degree,0.0
pythia-160m,0,agnews,halfA_vs_halfB,null,halves_merge_degree,0.0
pythia-160m,0,agnews,halfA_vs_halfB,null,halves_continued,0.0
pythia-160m,0,agnews,halfA_vs_halfB,null,halves_mean_best_jaccard,0.023730069091576284
pythia-160m,1,agnews,halfA_vs_halfB,null,halves_split_degree,0.0
pythia-160m,1,agnews,halfA_vs_halfB,null,halves_merge_degree,0.0
pythia-160m,1,agnews,halfA_vs_halfB,null,halves_continued,0.0
pythia-160m,1,agnews,halfA_vs_halfB,null,halves_mean_best_jaccard,0.024294440586139224
pythia-160m,4,agnews,halfA_vs_halfB,null,halves_split_degree,0.0
pythia-160m,4,agnews,halfA_vs_halfB,null,halves_merge_degree,0.0
pythia-160m,4,agnews,halfA_vs_halfB,null,halves_continued,0.0
pythia-160m,4,agnews,halfA_vs_halfB,null,halves_mean_best_jaccard,0.023591005024304067
pythia-160m,16,agnews,halfA_vs_halfB,null,halves_split_degree,0.0
pythia-160m,16,agnews,halfA_vs_halfB,null,halves_merge_degree,0.0
pythia-160m,16,agnews,halfA_vs_halfB,null,halves_continued,0.0
pythia-160m,16,agnews,halfA_vs_halfB,null,halves_mean_best_jaccard,0.02127234284164294
pythia-160m,64,agnews,halfA_vs_halfB,null,halves_split_degree,0.01
pythia-160m,64,agnews,halfA_vs_halfB,null,halves_merge_degree,0.0
pythia-160m,64,agnews,halfA_vs_halfB,null,halves_continued,0.0
pythia-160m,64,agnews,halfA_vs_halfB,null,halves_mean_best_jaccard,0.024508083185695605
pythia-160m,256,agnews,halfA_vs_halfB,null,halves_split_degree,0.02
pythia-160m,256,agnews,halfA_vs_halfB,null,halves_merge_degree,0.03
pythia-160m,256,agnews,halfA_vs_halfB,null,halves_continued,0.0
pythia-160m,256,agnews,halfA_vs_halfB,null,halves_mean_best_jaccard,0.026570017583571217
pythia-160m,1000,agnews,halfA_vs_halfB,null,halves_split_degree,0.02
pythia-160m,1000,agnews,halfA_vs_halfB,null,halves_merge_degree,0.02
pythia-160m,1000,agnews,halfA_vs_halfB,null,halves_continued,0.0
pythia-160m,1000,agnews,halfA_vs_halfB,null,halves_mean_best_jaccard,0.03697105721763912
pythia-160m,4000,agnews,halfA_vs_halfB,null,halves_split_degree,0.09
pythia-160m,4000,agnews,halfA_vs_halfB,null,halves_merge_degree,0.08
pythia-160m,4000,agnews,halfA_vs_halfB,null,halves_continued,0.01
pythia-160m,4000,agnews,halfA_vs_halfB,null,halves_mean_best_jaccard,0.042442431748975835
pythia-160m,16000,agnews,halfA_vs_halfB,null,halves_split_degree,0.09
pythia-160m,16000,agnews,halfA_vs_halfB,null,halves_merge_degree,0.1
pythia-160m,16000,agnews,halfA_vs_halfB,null,halves_continued,0.02
pythia-160m,16000,agnews,halfA_vs_halfB,null,halves_mean_best_jaccard,0.05621046611441389
pythia-160m,64000,agnews,halfA_vs_halfB,null,halves_split_degree,0.21
pythia-160m,64000,agnews,halfA_vs_halfB,null,halves_merge_degree,0.22
pythia-160m,64000,agnews,halfA_vs_halfB,null,halves_continued,0.01
pythia-160m,64000,agnews,halfA_vs_halfB,null,halves_mean_best_jaccard,0.061994475561828424
pythia-160m,143000,agnews,halfA_vs_halfB,null,halves_split_degree,0.21
pythia-160m,143000,agnews,halfA_vs_halfB,null,halves_merge_degree,0.25
pythia-160m,143000,agnews,halfA_vs_halfB,null,halves_continued,0.01
pythia-160m,143000,agnews,halfA_vs_halfB,null,halves_mean_best_jaccard,0.06133903582024736
pythia-160m,0,tldr17,halfA_vs_halfB,null,halves_split_degree,0.0
pythia-160m,0,tldr17,halfA_vs_halfB,null,halves_merge_degree,0.0
pythia-160m,0,tldr17,halfA_vs_halfB,null,halves_continued,0.0
pythia-160m,0,tldr17,halfA_vs_halfB,null,halves_mean_best_jaccard,0.02698878592635284
pythia-160m,1,tldr17,halfA_vs_halfB,null,halves_split_degree,0.0
pythia-160m,1,tldr17,halfA_vs_halfB,null,halves_merge_degree,0.0
pythia-160m,1,tldr17,halfA_vs_halfB,null,halves_continued,0.0
pythia-160m,1,tldr17,halfA_vs_halfB,null,halves_mean_best_jaccard,0.02702199729554107
pythia-160m,4,tldr17,halfA_vs_halfB,null,halves_split_degree,0.0
pythia-160m,4,tldr17,halfA_vs_halfB,null,halves_merge_degree,0.0
pythia-160m,4,tldr17,halfA_vs_halfB,null,halves_continued,0.0
pythia-160m,4,tldr17,halfA_vs_halfB,null,halves_mean_best_jaccard,0.02741727827773293
pythia-160m,16,tldr17,halfA_vs_halfB,null,halves_split_degree,0.0
pythia-160m,16,tldr17,halfA_vs_halfB,null,halves_merge_degree,0.0
pythia-160m,16,tldr17,halfA_vs_halfB,null,halves_continued,0.0
pythia-160m,16,tldr17,halfA_vs_halfB,null,halves_mean_best_jaccard,0.02436962309512455
pythia-160m,64,tldr17,halfA_vs_halfB,null,halves_split_degree,0.24
pythia-160m,64,tldr17,halfA_vs_halfB,null,halves_merge_degree,0.06
pythia-160m,64,tldr17,halfA_vs_halfB,null,halves_continued,0.0
pythia-160m,64,tldr17,halfA_vs_halfB,null,halves_mean_best_jaccard,0.03642675507811855
pythia-160m,256,tldr17,halfA_vs_halfB,null,halves_split_degree,0.07
pythia-160m,256,tldr17,halfA_vs_halfB,null,halves_merge_degree,0.1
pythia-160m,256,tldr17,halfA_vs_halfB,null,halves_continued,0.02
pythia-160m,256,tldr17,halfA_vs_halfB,null,halves_mean_best_jaccard,0.037186723615608715
pythia-160m,1000,tldr17,halfA_vs_halfB,null,halves_split_degree,0.07
pythia-160m,1000,tldr17,halfA_vs_halfB,null,halves_merge_degree,0.19
pythia-160m,1000,tldr17,halfA_vs_halfB,null,halves_continued,0.0
pythia-160m,1000,tldr17,halfA_vs_halfB,null,halves_mean_best_jaccard,0.03697571230532676
pythia-160m,4000,tldr17,halfA_vs_halfB,null,halves_split_degree,0.08
pythia-160m,4000,tldr17,halfA_vs_halfB,null,halves_merge_degree,0.07
pythia-160m,4000,tldr17,halfA_vs_halfB,null,halves_continued,0.0
pythia-160m,4000,tldr17,halfA_vs_halfB,null,halves_mean_best_jaccard,0.03745854886572545
pythia-160m,16000,tldr17,halfA_vs_halfB,null,halves_split_degree,0.05
pythia-160m,16000,tldr17,halfA_vs_halfB,null,halves_merge_degree,0.07
pythia-160m,16000,tldr17,halfA_vs_halfB,null,halves_continued,0.0
pythia-160m,16000,tldr17,halfA_vs_halfB,null,halves_mean_best_jaccard,0.03983857691442446
pythia-160m,64000,tldr17,halfA_vs_halfB,null,halves_split_degree,0.16
pythia-160m,64000,tldr17,halfA_vs_halfB,null,halves_merge_degree,0.14
pythia-160m,64000,tldr17,halfA_vs_halfB,null,halves_continued,0.02
pythia-160m,64000,tldr17,halfA_vs_halfB,null,halves_mean_best_jaccard,0.06465801717213993
pythia-160m,143000,tldr17,halfA_vs_halfB,null,halves_split_degree,0.19
pythia-160m,143000,tldr17,halfA_vs_halfB,null,halves_merge_degree,0.26
pythia-160m,143000,tldr17,halfA_vs_halfB,null,halves_continued,0.01
pythia-160m,143000,tldr17,halfA_vs_halfB,null,halves_mean_best_jaccard,0.06158267433473389
pythia-160m,0,agnews,halfA,null,generality_mean,0.02285274908669505
pythia-160m,0,agnews,halfA,null,generality_frac_general,0.0
pythia-160m,0,bookcorpus,halfA,null,generality_mean,0.02264388122413289
pythia-160m,0,bookcorpus,halfA,null,generality_frac_general,0.0
pythia-160m,0,tldr17,halfA,null,generality_mean,0.023793894925298466
pythia-160m,0,tldr17,halfA,null,generality_frac_general,0.0
pythia-160m,0,wikitext,halfA,null,generality_mean,0.023629820943489806
pythia-160m,0,wikitext,halfA,null,generality_frac_general,0.0
pythia-160m,1,agnews,halfA,null,generality_mean,0.02302469982383891
pythia-160m,1,agnews,halfA,null,generality_frac_general,0.0
pythia-160m,1,bookcorpus,halfA,null,generality_mean,0.022866796135065516
pythia-160m,1,bookcorpus,halfA,null,generality_frac_general,0.0
pythia-160m,1,tldr17,halfA,null,generality_mean,0.023603070928612933
pythia-160m,1,tldr17,halfA,null,generality_frac_general,0.0
pythia-160m,1,wikitext,halfA,null,generality_mean,0.023821170033321234
pythia-160m,1,wikitext,halfA,null,generality_frac_general,0.0
pythia-160m,4,agnews,halfA,null,generality_mean,0.02255749562692016
pythia-160m,4,agnews,halfA,null,generality_frac_general,0.0
pythia-160m,4,bookcorpus,halfA,null,generality_mean,0.02261479406151468
pythia-160m,4,bookcorpus,halfA,null,generality_frac_general,0.0
pythia-160m,4,tldr17,halfA,null,generality_mean,0.023077510967713467
pythia-160m,4,tldr17,halfA,null,generality_frac_general,0.0
pythia-160m,4,wikitext,halfA,null,generality_mean,0.02381117579670241
pythia-160m,4,wikitext,halfA,null,generality_frac_general,0.0
pythia-160m,16,agnews,halfA,null,generality_mean,0.020513764016230174
pythia-160m,16,agnews,halfA,null,generality_frac_general,0.0
pythia-160m,16,bookcorpus,halfA,null,generality_mean,0.02055232544718333
pythia-160m,16,bookcorpus,halfA,null,generality_frac_general,0.0
pythia-160m,16,tldr17,halfA,null,generality_mean,0.0214699203450189
pythia-160m,16,tldr17,halfA,null,generality_frac_general,0.0
pythia-160m,16,wikitext,halfA,null,generality_mean,0.02172187616432689
pythia-160m,16,wikitext,halfA,null,generality_frac_general,0.0
pythia-160m,64,agnews,halfA,null,generality_mean,0.023839365179622547
pythia-160m,64,agnews,halfA,null,generality_frac_general,0.0
pythia-160m,64,bookcorpus,halfA,null,generality_mean,0.020360869771928927
pythia-160m,64,bookcorpus,halfA,null,generality_frac_general,0.0
pythia-160m,64,tldr17,halfA,null,generality_mean,0.01906863459216591
pythia-160m,64,tldr17,halfA,null,generality_frac_general,0.0
pythia-160m,64,wikitext,halfA,null,generality_mean,0.02168096625798061
pythia-160m,64,wikitext,halfA,null,generality_frac_general,0.0
pythia-160m,256,agnews,halfA,null,generality_mean,0.02444528980556966
pythia-160m,256,agnews,halfA,null,generality_frac_general,0.0
pythia-160m,256,bookcorpus,halfA,null,generality_mean,0.022711394394954648
pythia-160m,256,bookcorpus,halfA,null,generality_frac_general,0.0
pythia-160m,256,tldr17,halfA,null,generality_mean,0.016305524171245426
pythia-160m,256,tldr17,halfA,null,generality_frac_general,0.0
pythia-160m,256,wikitext,halfA,null,generality_mean,0.02183935476339919
pythia-160m,256,wikitext,halfA,null,generality_frac_general,0.0
pythia-160m,1000,agnews,halfA,null,generality_mean,0.026733792458255527
pythia-160m,1000,agnews,halfA,null,generality_frac_general,0.0
pythia-160m,1000,bookcorpus,halfA,null,generality_mean,0.023650264656967065
pythia-160m,1000,bookcorpus,halfA,null,generality_frac_general,0.0
pythia-160m,1000,tldr17,halfA,null,generality_mean,0.017499745573327573
pythia-160m,1000,tldr17,halfA,null,generality_frac_general,0.0
pythia-160m,1000,wikitext,halfA,null,generality_mean,0.027956536122887395
pythia-160m,1000,wikitext,halfA,null,generality_frac_general,0.0
pythia-160m,4000,agnews,halfA,null,generality_mean,0.0234969937252011
pythia-160m,4000,agnews,halfA,null,generality_frac_general,0.0
pythia-160m,4000,bookcorpus,halfA,null,generality_mean,0.021562960832453362
pythia-160m,4000,bookcorpus,halfA,null,generality_frac_general,0.0
pythia-160m,4000,tldr17,halfA,null,generality_mean,0.02252053558425699
pythia-160m,4000,tldr17,halfA,null,generality_frac_general,0.0
pythia-160m,4000,wikitext,halfA,null,generality_mean,0.023969095724195432
pythia-160m,4000,wikitext,halfA,null,generality_frac_general,0.0
pythia-160m,16000,agnews,halfA,null,generality_mean,0.025664821511094945
pythia-160m,16000,agnews,halfA,null,generality_frac_general,0.0
pythia-160m,16000,bookcorpus,halfA,null,generality_mean,0.023914632489620214
pythia-160m,16000,bookcorpus,halfA,null,generality_frac_general,0.0
pythia-160m,16000,tldr17,halfA,null,generality_mean,0.023107934921871173
pythia-160m,16000,tldr17,halfA,null,generality_frac_general,0.0
pythia-160m,16000,wikitext,halfA,null,generality_mean,0.025109395306957914
pythia-160m,16000,wikitext,halfA,null,generality_frac_general,0.0
pythia-160m,64000,agnews,halfA,null,generality_mean,0.03573818232316196
pythia-160m,64000,agnews,halfA,null,generality_frac_general,0.0
pythia-160m,64000,bookcorpus,halfA,null,generality_mean,0.03166260815619709
pythia-160m,64000,bookcorpus,halfA,null,generality_frac_general,0.0
pythia-160m,64000,tldr17,halfA,null,generality_mean,0.030258829000048976
pythia-160m,64000,tldr17,halfA,null,generality_frac_general,0.0
pythia-160m,64000,wikitext,halfA,null,generality_mean,0.03472992610085599
pythia-160m,64000,wikitext,halfA,null,generality_frac_general,0.0
pythia-160m,143000,agnews,halfA,null,generality_mean,0.038288908033673553
pythia-160m,143000,agnews,halfA,null,generality_frac_general,0.0
pythia-160m,143000,bookcorpus,halfA,null,generality_mean,0.03243854524485881
pythia-160m,143000,bookcorpus,halfA,null,generality_frac_general,0.0
pythia-160m,143000,tldr17,halfA,null,generality_mean,0.03171039795275813
pythia-160m,143000,tldr17,halfA,null,generality_frac_general,0.0
pythia-160m,143000,wikitext,halfA,null,generality_mean,0.03858871442167217
pythia-160m,143000,wikitext,halfA,null,generality_frac_general,0.0
pythia-160m,1,wikitext,halfA,null,trans_split_degree,1.02
pythia-160m,1,wikitext,halfA,null,trans_merge_degree,1.02
pythia-160m,1,wikitext,halfA,null,trans_continued,0.22
pythia-160m,1,wikitext,halfA,null,trans_mean_best_jaccard,0.30655765245060046
pythia-160m,4,wikitext,halfA,null,trans_split_degree,0.72
pythia-160m,4,wikitext,halfA,null,trans_merge_degree,0.74
pythia-160m,4,wikitext,halfA,null,trans_continued,0.09
pythia-160m,4,wikitext,halfA,null,trans_mean_best_jaccard,0.19454134828164169
pythia-160m,16,wikitext,halfA,null,trans_split_degree,0.23
pythia-160m,16,wikitext,halfA,null,trans_merge_degree,0.17
pythia-160m,16,wikitext,halfA,null,trans_continued,0.0
pythia-160m,16,wikitext,halfA,null,trans_mean_best_jaccard,0.06599065289045815
pythia-160m,64,wikitext,halfA,null,trans_split_degree,0.04
pythia-160m,64,wikitext,halfA,null,trans_merge_degree,0.0
pythia-160m,64,wikitext,halfA,null,trans_continued,0.0
pythia-160m,64,wikitext,halfA,null,trans_mean_best_jaccard,0.030118352697489442
pythia-160m,256,wikitext,halfA,null,trans_split_degree,0.53
pythia-160m,256,wikitext,halfA,null,trans_merge_degree,0.37
pythia-160m,256,wikitext,halfA,null,trans_continued,0.0
pythia-160m,256,wikitext,halfA,null,trans_mean_best_jaccard,0.0848084135034868
pythia-160m,1000,wikitext,halfA,null,trans_split_degree,0.07
pythia-160m,1000,wikitext,halfA,null,trans_merge_degree,0.17
pythia-160m,1000,wikitext,halfA,null,trans_continued,0.0
pythia-160m,1000,wikitext,halfA,null,trans_mean_best_jaccard,0.029028617459619335
pythia-160m,4000,wikitext,halfA,null,trans_split_degree,0.05
pythia-160m,4000,wikitext,halfA,null,trans_merge_degree,0.0
pythia-160m,4000,wikitext,halfA,null,trans_continued,0.0
pythia-160m,4000,wikitext,halfA,null,trans_mean_best_jaccard,0.02374615796452041
pythia-160m,16000,wikitext,halfA,null,trans_split_degree,0.09
pythia-160m,16000,wikitext,halfA,null,trans_merge_degree,0.09
pythia-160m,16000,wikitext,halfA,null,trans_continued,0.0
pythia-160m,16000,wikitext,halfA,null,trans_mean_best_jaccard,0.049401269906483025
pythia-160m,64000,wikitext,halfA,null,trans_split_degree,0.2
pythia-160m,64000,wikitext,halfA,null,trans_merge_degree,0.16
pythia-160m,64000,wikitext,halfA,null,trans_continued,0.0
pythia-160m,64000,wikitext,halfA,null,trans_mean_best_jaccard,0.07392663844545004
pythia-160m,143000,wikitext,halfA,null,trans_split_degree,0.44
pythia-160m,143000,wikitext,halfA,null,trans_merge_degree,0.46
pythia-160m,143000,wikitext,halfA,null,trans_continued,0.0
pythia-160m,143000,wikitext,halfA,null,trans_mean_best_jaccard,0.10214379202950653
pythia-160m,0,wikitext,halfA,null,birth_frac_born_by,0.0
pythia-160m,1,wikitext,halfA,null,birth_frac_born_by,0.0
pythia-160m,4,wikitext,halfA,null,birth_frac_born_by,0.0
pythia-160m,16,wikitext,halfA,null,birth_frac_born_by,0.0
pythia-160m,64,wikitext,halfA,null,birth_frac_born_by,0.0
pythia-160m,256,wikitext,halfA,null,birth_frac_born_by,0.0
pythia-160m,1000,wikitext,halfA,null,birth_frac_born_by,0.0
pythia-160m,4000,wikitext,halfA,null,birth_frac_born_by,0.0
pythia-160m,16000,wikitext,halfA,null,birth_frac_born_by,0.0
pythia-160m,64000,wikitext,halfA,null,birth_frac_born_by,0.0
pythia-160m,143000,wikitext,halfA,null,birth_frac_born_by,1.0
pythia-160m,1,bookcorpus,halfA,null,trans_split_degree,0.59
pythia-160m,1,bookcorpus,halfA,null,trans_merge_degree,0.57
pythia-160m,1,bookcorpus,halfA,null,trans_continued,0.12
pythia-160m,1,bookcorpus,halfA,null,trans_mean_best_jaccard,0.2024641293174938
pythia-160m,4,bookcorpus,halfA,null,trans_split_degree,0.35
pythia-160m,4,bookcorpus,halfA,null,trans_merge_degree,0.39
pythia-160m,4,bookcorpus,halfA,null,trans_continued,0.01
pythia-160m,4,bookcorpus,halfA,null,trans_mean_best_jaccard,0.11080245986776209
pythia-160m,16,bookcorpus,halfA,null,trans_split_degree,0.04
pythia-160m,16,bookcorpus,halfA,null,trans_merge_degree,0.01
pythia-160m,16,bookcorpus,halfA,null,trans_continued,0.0
pythia-160m,16,bookcorpus,halfA,null,trans_mean_best_jaccard,0.027696947731595006
pythia-160m,64,bookcorpus,halfA,null,trans_split_degree,0.0
pythia-160m,64,bookcorpus,halfA,null,trans_merge_degree,0.0
pythia-160m,64,bookcorpus,halfA,null,trans_continued,0.0
pythia-160m,64,bookcorpus,halfA,null,trans_mean_best_jaccard,0.01726779767078879
pythia-160m,256,bookcorpus,halfA,null,trans_split_degree,0.0
pythia-160m,256,bookcorpus,halfA,null,trans_merge_degree,0.0
pythia-160m,256,bookcorpus,halfA,null,trans_continued,0.0
pythia-160m,256,bookcorpus,halfA,null,trans_mean_best_jaccard,0.01704377914681237
pythia-160m,1000,bookcorpus,halfA,null,trans_split_degree,0.0
pythia-160m,1000,bookcorpus,halfA,null,trans_merge_degree,0.05
pythia-160m,1000,bookcorpus,halfA,null,trans_continued,0.0
pythia-160m,1000,bookcorpus,halfA,null,trans_mean_best_jaccard,0.018459229042316675
pythia-160m,4000,bookcorpus,halfA,null,trans_split_degree,0.05
pythia-160m,4000,bookcorpus,halfA,null,trans_merge_degree,0.04
pythia-160m,4000,bookcorpus,halfA,null,trans_continued,0.0
pythia-160m,4000,bookcorpus,halfA,null,trans_mean_best_jaccard,0.026532046997299875
pythia-160m,16000,bookcorpus,halfA,null,trans_split_degree,0.03
pythia-160m,16000,bookcorpus,halfA,null,trans_merge_degree,0.08
pythia-160m,16000,bookcorpus,halfA,null,trans_continued,0.0
pythia-160m,16000,bookcorpus,halfA,null,trans_mean_best_jaccard,0.029731729729952843
pythia-160m,64000,bookcorpus,halfA,null,trans_split_degree,0.19
pythia-160m,64000,bookcorpus,halfA,null,trans_merge_degree,0.23
pythia-160m,64000,bookcorpus,halfA,null,trans_continued,0.0
pythia-160m,64000,bookcorpus,halfA,null,trans_mean_best_jaccard,0.0544060425786897
pythia-160m,143000,bookcorpus,halfA,null,trans_split_degree,0.4
pythia-160m,143000,bookcorpus,halfA,null,trans_merge_degree,0.44
pythia-160m,143000,bookcorpus,halfA,null,trans_continued,0.0
pythia-160m,143000,bookcorpus,halfA,null,trans_mean_best_jaccard,0.08647799568126648
pythia-160m,0,bookcorpus,halfA,null,birth_frac_born_by,0.0
pythia-160m,1,bookcorpus,halfA,null,birth_frac_born_by,0.0
pythia-160m,4,bookcorpus,halfA,null,birth_frac_born_by,0.0
pythia-160m,16,bookcorpus,halfA,null,birth_frac_born_by,0.0
pythia-160m,64,bookcorpus,halfA,null,birth_frac_born_by,0.0
pythia-160m,256,bookcorpus,halfA,null,birth_frac_born_by,0.0
pythia-160m,1000,bookcorpus,halfA,null,birth_frac_born_by,0.0
pythia-160m,4000,bookcorpus,halfA,null,birth_frac_born_by,0.0
pythia-160m,16000,bookcorpus,halfA,null,birth_frac_born_by,0.0
pythia-160m,64000,bookcorpus,halfA,null,birth_frac_born_by,0.0
pythia-160m,143000,bookcorpus,halfA,null,birth_frac_born_by,1.0
pythia-160m,1,agnews,halfA,null,trans_split_degree,0.93
pythia-160m,1,agnews,halfA,null,trans_merge_degree,0.94
pythia-160m,1,agnews,halfA,null,trans_continued,0.1
pythia-160m,1,agnews,halfA,null,trans_mean_best_jaccard,0.24644573582150808
pythia-160m,4,agnews,halfA,null,trans_split_degree,0.4
pythia-160m,4,agnews,halfA,null,trans_merge_degree,0.43
pythia-160m,4,agnews,halfA,null,trans_continued,0.04
pythia-160m,4,agnews,halfA,null,trans_mean_best_jaccard,0.11848387450993073
pythia-160m,16,agnews,halfA,null,trans_split_degree,0.03
pythia-160m,16,agnews,halfA,null,trans_merge_degree,0.0
pythia-160m,16,agnews,halfA,null,trans_continued,0.0
pythia-160m,16,agnews,halfA,null,trans_mean_best_jaccard,0.028979060672153518
pythia-160m,64,agnews,halfA,null,trans_split_degree,0.0
pythia-160m,64,agnews,halfA,null,trans_merge_degree,0.01
pythia-160m,64,agnews,halfA,null,trans_continued,0.0
pythia-160m,64,agnews,halfA,null,trans_mean_best_jaccard,0.02019836965173182
pythia-160m,256,agnews,halfA,null,trans_split_degree,0.03
pythia-160m,256,agnews,halfA,null,trans_merge_degree,0.03
pythia-160m,256,agnews,halfA,null,trans_continued,0.0
pythia-160m,256,agnews,halfA,null,trans_mean_best_jaccard,0.028084778107312237
pythia-160m,1000,agnews,halfA,null,trans_split_degree,0.0
pythia-160m,1000,agnews,halfA,null,trans_merge_degree,0.0
pythia-160m,1000,agnews,halfA,null,trans_continued,0.0
pythia-160m,1000,agnews,halfA,null,trans_mean_best_jaccard,0.019424227853901285
pythia-160m,4000,agnews,halfA,null,trans_split_degree,0.0
pythia-160m,4000,agnews,halfA,null,trans_merge_degree,0.03
pythia-160m,4000,agnews,halfA,null,trans_continued,0.0
pythia-160m,4000,agnews,halfA,null,trans_mean_best_jaccard,0.017803392985310147
pythia-160m,16000,agnews,halfA,null,trans_split_degree,0.04
pythia-160m,16000,agnews,halfA,null,trans_merge_degree,0.03
pythia-160m,16000,agnews,halfA,null,trans_continued,0.0
pythia-160m,16000,agnews,halfA,null,trans_mean_best_jaccard,0.032692375699122554
pythia-160m,64000,agnews,halfA,null,trans_split_degree,0.07
pythia-160m,64000,agnews,halfA,null,trans_merge_degree,0.14
pythia-160m,64000,agnews,halfA,null,trans_continued,0.01
pythia-160m,64000,agnews,halfA,null,trans_mean_best_jaccard,0.045942560736387916
pythia-160m,143000,agnews,halfA,null,trans_split_degree,0.23
pythia-160m,143000,agnews,halfA,null,trans_merge_degree,0.28
pythia-160m,143000,agnews,halfA,null,trans_continued,0.01
pythia-160m,143000,agnews,halfA,null,trans_mean_best_jaccard,0.07747940687832938
pythia-160m,0,agnews,halfA,null,birth_frac_born_by,0.0
pythia-160m,1,agnews,halfA,null,birth_frac_born_by,0.0
pythia-160m,4,agnews,halfA,null,birth_frac_born_by,0.0
pythia-160m,16,agnews,halfA,null,birth_frac_born_by,0.0
pythia-160m,64,agnews,halfA,null,birth_frac_born_by,0.0
pythia-160m,256,agnews,halfA,null,birth_frac_born_by,0.0
pythia-160m,1000,agnews,halfA,null,birth_frac_born_by,0.0
pythia-160m,4000,agnews,halfA,null,birth_frac_born_by,0.0
pythia-160m,16000,agnews,halfA,null,birth_frac_born_by,0.0
pythia-160m,64000,agnews,halfA,null,birth_frac_born_by,0.01
pythia-160m,143000,agnews,halfA,null,birth_frac_born_by,1.0
pythia-160m,1,tldr17,halfA,null,trans_split_degree,1.08
pythia-160m,1,tldr17,halfA,null,trans_merge_degree,1.07
pythia-160m,1,tldr17,halfA,null,trans_continued,0.21
pythia-160m,1,tldr17,halfA,null,trans_mean_best_jaccard,0.31679600590681783
pythia-160m,4,tldr17,halfA,null,trans_split_degree,0.82
pythia-160m,4,tldr17,halfA,null,trans_merge_degree,0.87
pythia-160m,4,tldr17,halfA,null,trans_continued,0.05
pythia-160m,4,tldr17,halfA,null,trans_mean_best_jaccard,0.1821158114262866
pythia-160m,16,tldr17,halfA,null,trans_split_degree,0.17
pythia-160m,16,tldr17,halfA,null,trans_merge_degree,0.05
pythia-160m,16,tldr17,halfA,null,trans_continued,0.0
pythia-160m,16,tldr17,halfA,null,trans_mean_best_jaccard,0.05392067415990784
pythia-160m,64,tldr17,halfA,null,trans_split_degree,0.32
pythia-160m,64,tldr17,halfA,null,trans_merge_degree,0.0
pythia-160m,64,tldr17,halfA,null,trans_continued,0.0
pythia-160m,64,tldr17,halfA,null,trans_mean_best_jaccard,0.022092913488910727
pythia-160m,256,tldr17,halfA,null,trans_split_degree,1.06
pythia-160m,256,tldr17,halfA,null,trans_merge_degree,0.53
pythia-160m,256,tldr17,halfA,null,trans_continued,0.0
pythia-160m,256,tldr17,halfA,null,trans_mean_best_jaccard,0.14681866970642962
pythia-160m,1000,tldr17,halfA,null,trans_split_degree,0.6
pythia-160m,1000,tldr17,halfA,null,trans_merge_degree,0.87
pythia-160m,1000,tldr17,halfA,null,trans_continued,0.01
pythia-160m,1000,tldr17,halfA,null,trans_mean_best_jaccard,0.1427872069708535
pythia-160m,4000,tldr17,halfA,null,trans_split_degree,0.01
pythia-160m,4000,tldr17,halfA,null,trans_merge_degree,0.15
pythia-160m,4000,tldr17,halfA,null,trans_continued,0.0
pythia-160m,4000,tldr17,halfA,null,trans_mean_best_jaccard,0.029219699922236143
pythia-160m,16000,tldr17,halfA,null,trans_split_degree,0.32
pythia-160m,16000,tldr17,halfA,null,trans_merge_degree,0.27
pythia-160m,16000,tldr17,halfA,null,trans_continued,0.0
pythia-160m,16000,tldr17,halfA,null,trans_mean_best_jaccard,0.08151917883293787
pythia-160m,64000,tldr17,halfA,null,trans_split_degree,0.57
pythia-160m,64000,tldr17,halfA,null,trans_merge_degree,0.52
pythia-160m,64000,tldr17,halfA,null,trans_continued,0.01
pythia-160m,64000,tldr17,halfA,null,trans_mean_best_jaccard,0.13665589413388812
pythia-160m,143000,tldr17,halfA,null,trans_split_degree,0.69
pythia-160m,143000,tldr17,halfA,null,trans_merge_degree,0.7
pythia-160m,143000,tldr17,halfA,null,trans_continued,0.02
pythia-160m,143000,tldr17,halfA,null,trans_mean_best_jaccard,0.16019522971733277
pythia-160m,0,tldr17,halfA,null,birth_frac_born_by,0.0
pythia-160m,1,tldr17,halfA,null,birth_frac_born_by,0.0
pythia-160m,4,tldr17,halfA,null,birth_frac_born_by,0.0
pythia-160m,16,tldr17,halfA,null,birth_frac_born_by,0.0
pythia-160m,64,tldr17,halfA,null,birth_frac_born_by,0.0
pythia-160m,256,tldr17,halfA,null,birth_frac_born_by,0.0
pythia-160m,1000,tldr17,halfA,null,birth_frac_born_by,0.0
pythia-160m,4000,tldr17,halfA,null,birth_frac_born_by,0.0
pythia-160m,16000,tldr17,halfA,null,birth_frac_born_by,0.0
pythia-160m,64000,tldr17,halfA,null,birth_frac_born_by,0.02
pythia-160m,143000,tldr17,halfA,null,birth_frac_born_by,1.0
pythia-160m,0,agnews,halfB,null,generality_mean,0.023308659700787035
pythia-160m,0,agnews,halfB,null,generality_frac_general,0.0
pythia-160m,0,bookcorpus,halfB,null,generality_mean,0.023085533111215195
pythia-160m,0,bookcorpus,halfB,null,generality_frac_general,0.0
pythia-160m,0,tldr17,halfB,null,generality_mean,0.023553260153649808
pythia-160m,0,tldr17,halfB,null,generality_frac_general,0.0
pythia-160m,0,wikitext,halfB,null,generality_mean,0.02368305039625472
pythia-160m,0,wikitext,halfB,null,generality_frac_general,0.0
pythia-160m,1,agnews,halfB,null,generality_mean,0.02310870165501588
pythia-160m,1,agnews,halfB,null,generality_frac_general,0.0
pythia-160m,1,bookcorpus,halfB,null,generality_mean,0.023441765496692617
pythia-160m,1,bookcorpus,halfB,null,generality_frac_general,0.0
pythia-160m,1,tldr17,halfB,null,generality_mean,0.023673665111203012
pythia-160m,1,tldr17,halfB,null,generality_frac_general,0.0
pythia-160m,1,wikitext,halfB,null,generality_mean,0.024093638843076783
pythia-160m,1,wikitext,halfB,null,generality_frac_general,0.0
pythia-160m,4,agnews,halfB,null,generality_mean,0.023471114551964555
pythia-160m,4,agnews,halfB,null,generality_frac_general,0.0
pythia-160m,4,bookcorpus,halfB,null,generality_mean,0.02310328747673413
pythia-160m,4,bookcorpus,halfB,null,generality_frac_general,0.0
pythia-160m,4,tldr17,halfB,null,generality_mean,0.02329119705509296
pythia-160m,4,tldr17,halfB,null,generality_frac_general,0.0
pythia-160m,4,wikitext,halfB,null,generality_mean,0.023738387220965964
pythia-160m,4,wikitext,halfB,null,generality_frac_general,0.0
pythia-160m,16,agnews,halfB,null,generality_mean,0.020741781232328105
pythia-160m,16,agnews,halfB,null,generality_frac_general,0.0
pythia-160m,16,bookcorpus,halfB,null,generality_mean,0.020739806357887254
pythia-160m,16,bookcorpus,halfB,null,generality_frac_general,0.0
pythia-160m,16,tldr17,halfB,null,generality_mean,0.021197664767813502
pythia-160m,16,tldr17,halfB,null,generality_frac_general,0.0
pythia-160m,16,wikitext,halfB,null,generality_mean,0.0215479352474783
pythia-160m,16,wikitext,halfB,null,generality_frac_general,0.0
pythia-160m,64,agnews,halfB,null,generality_mean,0.0246397956813814
pythia-160m,64,agnews,halfB,null,generality_frac_general,0.0
pythia-160m,64,bookcorpus,halfB,null,generality_mean,0.021466648164536976
pythia-160m,64,bookcorpus,halfB,null,generality_frac_general,0.0
pythia-160m,64,tldr17,halfB,null,generality_mean,0.019381987256645236
pythia-160m,64,tldr17,halfB,null,generality_frac_general,0.0
pythia-160m,64,wikitext,halfB,null,generality_mean,0.01919638855625682
pythia-160m,64,wikitext,halfB,null,generality_frac_general,0.0
pythia-160m,256,agnews,halfB,null,generality_mean,0.024150947894220183
pythia-160m,256,agnews,halfB,null,generality_frac_general,0.0
pythia-160m,256,bookcorpus,halfB,null,generality_mean,0.0231403843905849
pythia-160m,256,bookcorpus,halfB,null,generality_frac_general,0.0
pythia-160m,256,tldr17,halfB,null,generality_mean,0.016452984315027352
pythia-160m,256,tldr17,halfB,null,generality_frac_general,0.0
pythia-160m,256,wikitext,halfB,null,generality_mean,0.02191773776638737
pythia-160m,256,wikitext,halfB,null,generality_frac_general,0.0
pythia-160m,1000,agnews,halfB,null,generality_mean,0.026302239392864236
pythia-160m,1000,agnews,halfB,null,generality_frac_general,0.0
pythia-160m,1000,bookcorpus,halfB,null,generality_mean,0.023557416138589537
pythia-160m,1000,bookcorpus,halfB,null,generality_frac_general,0.0
pythia-160m,1000,tldr17,halfB,null,generality_mean,0.01963368467265282
pythia-160m,1000,tldr17,halfB,null,generality_frac_general,0.0
pythia-160m,1000,wikitext,halfB,null,generality_mean,0.028667965129955068
pythia-160m,1000,wikitext,halfB,null,generality_frac_general,0.0
pythia-160m,4000,agnews,halfB,null,generality_mean,0.0235134624328121
pythia-160m,4000,agnews,halfB,null,generality_frac_general,0.0
pythia-160m,4000,bookcorpus,halfB,null,generality_mean,0.021353657850534974
pythia-160m,4000,bookcorpus,halfB,null,generality_frac_general,0.0
pythia-160m,4000,tldr17,halfB,null,generality_mean,0.02256078021915486
pythia-160m,4000,tldr17,halfB,null,generality_frac_general,0.0
pythia-160m,4000,wikitext,halfB,null,generality_mean,0.024434099527870883
pythia-160m,4000,wikitext,halfB,null,generality_frac_general,0.0
pythia-160m,16000,agnews,halfB,null,generality_mean,0.025944712718817927
pythia-160m,16000,agnews,halfB,null,generality_frac_general,0.0
pythia-160m,16000,bookcorpus,halfB,null,generality_mean,0.023981600348502507
pythia-160m,16000,bookcorpus,halfB,null,generality_frac_general,0.0
pythia-160m,16000,tldr17,halfB,null,generality_mean,0.02354702781057127
pythia-160m,16000,tldr17,halfB,null,generality_frac_general,0.0
pythia-160m,16000,wikitext,halfB,null,generality_mean,0.025592949294374227
pythia-160m,16000,wikitext,halfB,null,generality_frac_general,0.0
pythia-160m,64000,agnews,halfB,null,generality_mean,0.036380943426224416
pythia-160m,64000,agnews,halfB,null,generality_frac_general,0.0
pythia-160m,64000,bookcorpus,halfB,null,generality_mean,0.032366726888036414
pythia-160m,64000,bookcorpus,halfB,null,generality_frac_general,0.0
pythia-160m,64000,tldr17,halfB,null,generality_mean,0.029954438003272892
pythia-160m,64000,tldr17,halfB,null,generality_frac_general,0.0
pythia-160m,64000,wikitext,halfB,null,generality_mean,0.03478770262341766
pythia-160m,64000,wikitext,halfB,null,generality_frac_general,0.0
pythia-160m,143000,agnews,halfB,null,generality_mean,0.03811418922686159
pythia-160m,143000,agnews,halfB,null,generality_frac_general,0.0
pythia-160m,143000,bookcorpus,halfB,null,generality_mean,0.0325278125643887
pythia-160m,143000,bookcorpus,halfB,null,generality_frac_general,0.0
pythia-160m,143000,tldr17,halfB,null,generality_mean,0.031588308595517
pythia-160m,143000,tldr17,halfB,null,generality_frac_general,0.0
pythia-160m,143000,wikitext,halfB,null,generality_mean,0.03790721714475624
pythia-160m,143000,wikitext,halfB,null,generality_frac_general,0.0
pythia-160m,1,wikitext,halfB,null,trans_split_degree,1.02
pythia-160m,1,wikitext,halfB,null,trans_merge_degree,1.02
pythia-160m,1,wikitext,halfB,null,trans_continued,0.24
pythia-160m,1,wikitext,halfB,null,trans_mean_best_jaccard,0.34924247836277755
pythia-160m,4,wikitext,halfB,null,trans_split_degree,0.65
pythia-160m,4,wikitext,halfB,null,trans_merge_degree,0.59
pythia-160m,4,wikitext,halfB,null,trans_continued,0.08
pythia-160m,4,wikitext,halfB,null,trans_mean_best_jaccard,0.1802156144267412
pythia-160m,16,wikitext,halfB,null,trans_split_degree,0.16
pythia-160m,16,wikitext,halfB,null,trans_merge_degree,0.13
pythia-160m,16,wikitext,halfB,null,trans_continued,0.0
pythia-160m,16,wikitext,halfB,null,trans_mean_best_jaccard,0.05439705416361512
pythia-160m,64,wikitext,halfB,null,trans_split_degree,0.48
pythia-160m,64,wikitext,halfB,null,trans_merge_degree,0.01
pythia-160m,64,wikitext,halfB,null,trans_continued,0.0
pythia-160m,64,wikitext,halfB,null,trans_mean_best_jaccard,0.025064829435246513
pythia-160m,256,wikitext,halfB,null,trans_split_degree,0.59
pythia-160m,256,wikitext,halfB,null,trans_merge_degree,0.6
pythia-160m,256,wikitext,halfB,null,trans_continued,0.0
pythia-160m,256,wikitext,halfB,null,trans_mean_best_jaccard,0.11247994576310286
pythia-160m,1000,wikitext,halfB,null,trans_split_degree,0.04
pythia-160m,1000,wikitext,halfB,null,trans_merge_degree,0.18
pythia-160m,1000,wikitext,halfB,null,trans_continued,0.0
pythia-160m,1000,wikitext,halfB,null,trans_mean_best_jaccard,0.02808869901669935
pythia-160m,4000,wikitext,halfB,null,trans_split_degree,0.05
pythia-160m,4000,wikitext,halfB,null,trans_merge_degree,0.01
pythia-160m,4000,wikitext,halfB,null,trans_continued,0.0
pythia-160m,4000,wikitext,halfB,null,trans_mean_best_jaccard,0.0234901232503113
pythia-160m,16000,wikitext,halfB,null,trans_split_degree,0.07
pythia-160m,16000,wikitext,halfB,null,trans_merge_degree,0.08
pythia-160m,16000,wikitext,halfB,null,trans_continued,0.0
pythia-160m,16000,wikitext,halfB,null,trans_mean_best_jaccard,0.047337321938551155
pythia-160m,64000,wikitext,halfB,null,trans_split_degree,0.24
pythia-160m,64000,wikitext,halfB,null,trans_merge_degree,0.23
pythia-160m,64000,wikitext,halfB,null,trans_continued,0.0
pythia-160m,64000,wikitext,halfB,null,trans_mean_best_jaccard,0.0789032545948577
pythia-160m,143000,wikitext,halfB,null,trans_split_degree,0.4
pythia-160m,143000,wikitext,halfB,null,trans_merge_degree,0.45
pythia-160m,143000,wikitext,halfB,null,trans_continued,0.0
pythia-160m,143000,wikitext,halfB,null,trans_mean_best_jaccard,0.09302514458563561
pythia-160m,0,wikitext,halfB,null,birth_frac_born_by,0.0
pythia-160m,1,wikitext,halfB,null,birth_frac_born_by,0.0
pythia-160m,4,wikitext,halfB,null,birth_frac_born_by,0.0
pythia-160m,16,wikitext,halfB,null,birth_frac_born_by,0.0
pythia-160m,64,wikitext,halfB,null,birth_frac_born_by,0.0
pythia-160m,256,wikitext,halfB,null,birth_frac_born_by,0.0
pythia-160m,1000,wikitext,halfB,null,birth_frac_born_by,0.0
pythia-160m,4000,wikitext,halfB,null,birth_frac_born_by,0.0
pythia-160m,16000,wikitext,halfB,null,birth_frac_born_by,0.0
pythia-160m,64000,wikitext,halfB,null,birth_frac_born_by,0.0
pythia-160m,143000,wikitext,halfB,null,birth_frac_born_by,1.0
pythia-160m,1,bookcorpus,halfB,null,trans_split_degree,0.7
pythia-160m,1,bookcorpus,halfB,null,trans_merge_degree,0.7
pythia-160m,1,bookcorpus,halfB,null,trans_continued,0.1
pythia-160m,1,bookcorpus,halfB,null,trans_mean_best_jaccard,0.22233990641746948
pythia-160m,4,bookcorpus,halfB,null,trans_split_degree,0.52
pythia-160m,4,bookcorpus,halfB,null,trans_merge_degree,0.48
pythia-160m,4,bookcorpus,halfB,null,trans_continued,0.04
pythia-160m,4,bookcorpus,halfB,null,trans_mean_best_jaccard,0.12831286063106323
pythia-160m,16,bookcorpus,halfB,null,trans_split_degree,0.07
pythia-160m,16,bookcorpus,halfB,null,trans_merge_degree,0.03
pythia-160m,16,bookcorpus,halfB,null,trans_continued,0.0
pythia-160m,16,bookcorpus,halfB,null,trans_mean_best_jaccard,0.0334922188548394
pythia-160m,64,bookcorpus,halfB,null,trans_split_degree,0.0
pythia-160m,64,bookcorpus,halfB,null,trans_merge_degree,0.0
pythia-160m,64,bookcorpus,halfB,null,trans_continued,0.0
pythia-160m,64,bookcorpus,halfB,null,trans_mean_best_jaccard,0.018435984669258988
pythia-160m,256,bookcorpus,halfB,null,trans_split_degree,0.0
pythia-160m,256,bookcorpus,halfB,null,trans_merge_degree,0.0
pythia-160m,256,bookcorpus,halfB,null,trans_continued,0.0
pythia-160m,256,bookcorpus,halfB,null,trans_mean_best_jaccard,0.018884431001632174
pythia-160m,1000,bookcorpus,halfB,null,trans_split_degree,0.0
pythia-160m,1000,bookcorpus,halfB,null,trans_merge_degree,0.04
pythia-160m,1000,bookcorpus,halfB,null,trans_continued,0.0
pythia-160m,1000,bookcorpus,halfB,null,trans_mean_best_jaccard,0.02216594650284282
pythia-160m,4000,bookcorpus,halfB,null,trans_split_degree,0.05
pythia-160m,4000,bookcorpus,halfB,null,trans_merge_degree,0.02
pythia-160m,4000,bookcorpus,halfB,null,trans_continued,0.0
pythia-160m,4000,bookcorpus,halfB,null,trans_mean_best_jaccard,0.02275389977567626
pythia-160m,16000,bookcorpus,halfB,null,trans_split_degree,0.03
pythia-160m,16000,bookcorpus,halfB,null,trans_merge_degree,0.07
pythia-160m,16000,bookcorpus,halfB,null,trans_continued,0.0
pythia-160m,16000,bookcorpus,halfB,null,trans_mean_best_jaccard,0.029975793917671707
pythia-160m,64000,bookcorpus,halfB,null,trans_split_degree,0.23
pythia-160m,64000,bookcorpus,halfB,null,trans_merge_degree,0.24
pythia-160m,64000,bookcorpus,halfB,null,trans_continued,0.0
pythia-160m,64000,bookcorpus,halfB,null,trans_mean_best_jaccard,0.05588047287752599
pythia-160m,143000,bookcorpus,halfB,null,trans_split_degree,0.57
pythia-160m,143000,bookcorpus,halfB,null,trans_merge_degree,0.44
pythia-160m,143000,bookcorpus,halfB,null,trans_continued,0.0
pythia-160m,143000,bookcorpus,halfB,null,trans_mean_best_jaccard,0.09406302931713202
pythia-160m,0,bookcorpus,halfB,null,birth_frac_born_by,0.0
pythia-160m,1,bookcorpus,halfB,null,birth_frac_born_by,0.0
pythia-160m,4,bookcorpus,halfB,null,birth_frac_born_by,0.0
pythia-160m,16,bookcorpus,halfB,null,birth_frac_born_by,0.0
pythia-160m,64,bookcorpus,halfB,null,birth_frac_born_by,0.0
pythia-160m,256,bookcorpus,halfB,null,birth_frac_born_by,0.0
pythia-160m,1000,bookcorpus,halfB,null,birth_frac_born_by,0.0
pythia-160m,4000,bookcorpus,halfB,null,birth_frac_born_by,0.0
pythia-160m,16000,bookcorpus,halfB,null,birth_frac_born_by,0.0
pythia-160m,64000,bookcorpus,halfB,null,birth_frac_born_by,0.0
pythia-160m,143000,bookcorpus,halfB,null,birth_frac_born_by,1.0
pythia-160m,1,agnews,halfB,null,trans_split_degree,0.74
pythia-160m,1,agnews,halfB,null,trans_merge_degree,0.72
pythia-160m,1,agnews,halfB,null,trans_continued,0.17
pythia-160m,1,agnews,halfB,null,trans_mean_best_jaccard,0.25533531978251733
pythia-160m,4,agnews,halfB,null,trans_split_degree,0.41
pythia-160m,4,agnews,halfB,null,trans_merge_degree,0.38
pythia-160m,4,agnews,halfB,null,trans_continued,0.04
pythia-160m,4,agnews,halfB,null,trans_mean_best_jaccard,0.12659900796610457
pythia-160m,16,agnews,halfB,null,trans_split_degree,0.06
pythia-160m,16,agnews,halfB,null,trans_merge_degree,0.01
pythia-160m,16,agnews,halfB,null,trans_continued,0.0
pythia-160m,16,agnews,halfB,null,trans_mean_best_jaccard,0.031829875755408896
pythia-160m,64,agnews,halfB,null,trans_split_degree,0.0
pythia-160m,64,agnews,halfB,null,trans_merge_degree,0.0
pythia-160m,64,agnews,halfB,null,trans_continued,0.0
pythia-160m,64,agnews,halfB,null,trans_mean_best_jaccard,0.02002148120427634
pythia-160m,256,agnews,halfB,null,trans_split_degree,0.0
pythia-160m,256,agnews,halfB,null,trans_merge_degree,0.02
pythia-160m,256,agnews,halfB,null,trans_continued,0.0
pythia-160m,256,agnews,halfB,null,trans_mean_best_jaccard,0.02148503979016779
pythia-160m,1000,agnews,halfB,null,trans_split_degree,0.01
pythia-160m,1000,agnews,halfB,null,trans_merge_degree,0.0
pythia-160m,1000,agnews,halfB,null,trans_continued,0.0
pythia-160m,1000,agnews,halfB,null,trans_mean_best_jaccard,0.020021974788098338
pythia-160m,4000,agnews,halfB,null,trans_split_degree,0.0
pythia-160m,4000,agnews,halfB,null,trans_merge_degree,0.04
pythia-160m,4000,agnews,halfB,null,trans_continued,0.0
pythia-160m,4000,agnews,halfB,null,trans_mean_best_jaccard,0.01767429695084631
pythia-160m,16000,agnews,halfB,null,trans_split_degree,0.05
pythia-160m,16000,agnews,halfB,null,trans_merge_degree,0.09
pythia-160m,16000,agnews,halfB,null,trans_continued,0.0
pythia-160m,16000,agnews,halfB,null,trans_mean_best_jaccard,0.034818443080382934
pythia-160m,64000,agnews,halfB,null,trans_split_degree,0.09
pythia-160m,64000,agnews,halfB,null,trans_merge_degree,0.18
pythia-160m,64000,agnews,halfB,null,trans_continued,0.0
pythia-160m,64000,agnews,halfB,null,trans_mean_best_jaccard,0.04611391642005441
pythia-160m,143000,agnews,halfB,null,trans_split_degree,0.35
pythia-160m,143000,agnews,halfB,null,trans_merge_degree,0.43
pythia-160m,143000,agnews,halfB,null,trans_continued,0.01
pythia-160m,143000,agnews,halfB,null,trans_mean_best_jaccard,0.08043020015900439
pythia-160m,0,agnews,halfB,null,birth_frac_born_by,0.0
pythia-160m,1,agnews,halfB,null,birth_frac_born_by,0.0
pythia-160m,4,agnews,halfB,null,birth_frac_born_by,0.0
pythia-160m,16,agnews,halfB,null,birth_frac_born_by,0.0
pythia-160m,64,agnews,halfB,null,birth_frac_born_by,0.0
pythia-160m,256,agnews,halfB,null,birth_frac_born_by,0.0
pythia-160m,1000,agnews,halfB,null,birth_frac_born_by,0.0
pythia-160m,4000,agnews,halfB,null,birth_frac_born_by,0.0
pythia-160m,16000,agnews,halfB,null,birth_frac_born_by,0.0
pythia-160m,64000,agnews,halfB,null,birth_frac_born_by,0.01
pythia-160m,143000,agnews,halfB,null,birth_frac_born_by,1.0
pythia-160m,1,tldr17,halfB,null,trans_split_degree,0.95
pythia-160m,1,tldr17,halfB,null,trans_merge_degree,0.94
pythia-160m,1,tldr17,halfB,null,trans_continued,0.23
pythia-160m,1,tldr17,halfB,null,trans_mean_best_jaccard,0.3234042435614996
pythia-160m,4,tldr17,halfB,null,trans_split_degree,0.64
pythia-160m,4,tldr17,halfB,null,trans_merge_degree,0.72
pythia-160m,4,tldr17,halfB,null,trans_continued,0.07
pythia-160m,4,tldr17,halfB,null,trans_mean_best_jaccard,0.18153030766231304
pythia-160m,16,tldr17,halfB,null,trans_split_degree,0.13
pythia-160m,16,tldr17,halfB,null,trans_merge_degree,0.09
pythia-160m,16,tldr17,halfB,null,trans_continued,0.0
pythia-160m,16,tldr17,halfB,null,trans_mean_best_jaccard,0.05234013618194924
pythia-160m,64,tldr17,halfB,null,trans_split_degree,0.52
pythia-160m,64,tldr17,halfB,null,trans_merge_degree,0.0
pythia-160m,64,tldr17,halfB,null,trans_continued,0.0
pythia-160m,64,tldr17,halfB,null,trans_mean_best_jaccard,0.021294670868268913
pythia-160m,256,tldr17,halfB,null,trans_split_degree,1.26
pythia-160m,256,tldr17,halfB,null,trans_merge_degree,0.97
pythia-160m,256,tldr17,halfB,null,trans_continued,0.01
pythia-160m,256,tldr17,halfB,null,trans_mean_best_jaccard,0.21640518166693135
pythia-160m,1000,tldr17,halfB,null,trans_split_degree,0.69
pythia-160m,1000,tldr17,halfB,null,trans_merge_degree,1.02
pythia-160m,1000,tldr17,halfB,null,trans_continued,0.0
pythia-160m,1000,tldr17,halfB,null,trans_mean_best_jaccard,0.16046793895088754
pythia-160m,4000,tldr17,halfB,null,trans_split_degree,0.05
pythia-160m,4000,tldr17,halfB,null,trans_merge_degree,0.12
pythia-160m,4000,tldr17,halfB,null,trans_continued,0.0
pythia-160m,4000,tldr17,halfB,null,trans_mean_best_jaccard,0.03200909961349465
pythia-160m,16000,tldr17,halfB,null,trans_split_degree,0.26
pythia-160m,16000,tldr17,halfB,null,trans_merge_degree,0.23
pythia-160m,16000,tldr17,halfB,null,trans_continued,0.0
pythia-160m,16000,tldr17,halfB,null,trans_mean_best_jaccard,0.08337137507446184
pythia-160m,64000,tldr17,halfB,null,trans_split_degree,0.54
pythia-160m,64000,tldr17,halfB,null,trans_merge_degree,0.5
pythia-160m,64000,tldr17,halfB,null,trans_continued,0.0
pythia-160m,64000,tldr17,halfB,null,trans_mean_best_jaccard,0.1360075898540202
pythia-160m,143000,tldr17,halfB,null,trans_split_degree,0.68
pythia-160m,143000,tldr17,halfB,null,trans_merge_degree,0.75
pythia-160m,143000,tldr17,halfB,null,trans_continued,0.01
pythia-160m,143000,tldr17,halfB,null,trans_mean_best_jaccard,0.16587840218311278
pythia-160m,0,tldr17,halfB,null,birth_frac_born_by,0.0
pythia-160m,1,tldr17,halfB,null,birth_frac_born_by,0.0
pythia-160m,4,tldr17,halfB,null,birth_frac_born_by,0.0
pythia-160m,16,tldr17,halfB,null,birth_frac_born_by,0.0
pythia-160m,64,tldr17,halfB,null,birth_frac_born_by,0.0
pythia-160m,256,tldr17,halfB,null,birth_frac_born_by,0.0
pythia-160m,1000,tldr17,halfB,null,birth_frac_born_by,0.0
pythia-160m,4000,tldr17,halfB,null,birth_frac_born_by,0.0
pythia-160m,16000,tldr17,halfB,null,birth_frac_born_by,0.0
pythia-160m,64000,tldr17,halfB,null,birth_frac_born_by,0.01
pythia-160m,143000,tldr17,halfB,null,birth_frac_born_by,1.0
