step,variant,fit,eval,kind,r,jsd
0,base,wikitext,wikitext,within,0.9887396449756002,0.0
0,base,wikitext,bookcorpus,across,0.7977351363997436,0.28257005615900477
0,base,wikitext,agnews,across,0.47711199429492307,0.29191800749105984
0,base,wikitext,tldr17,across,0.43916378855510035,0.3019097960803622
0,base,wikitext,codeparrot,across,0.08647636286732273,0.5216242043865897
0,base,bookcorpus,wikitext,across,0.7982779413882961,0.28257005615900477
0,base,bookcorpus,bookcorpus,within,0.9933647866684067,0.0
0,base,bookcorpus,agnews,across,0.4010948266833726,0.3672318278005566
0,base,bookcorpus,tldr17,across,0.4086487092694259,0.2679996297849744
0,base,bookcorpus,codeparrot,across,0.06254195465682322,0.5555268650271835
0,base,agnews,wikitext,across,0.4691717874921979,0.29191800749105984
0,base,agnews,bookcorpus,across,0.39592606684114706,0.3672318278005566
0,base,agnews,agnews,within,0.9886666391540496,0.0
0,base,agnews,tldr17,across,0.7624112041373663,0.27342250670670154
0,base,agnews,codeparrot,across,0.2643140005095511,0.46369879878301623
0,base,tldr17,wikitext,across,0.3979363978158956,0.3019097960803622
0,base,tldr17,bookcorpus,across,0.38488813707583,0.2679996297849744
0,base,tldr17,agnews,across,0.7101435556093805,0.27342250670670154
0,base,tldr17,tldr17,within,0.972136050266502,0.0
0,base,tldr17,codeparrot,across,0.23381761224264744,0.47192531162841894
0,base,codeparrot,wikitext,across,0.09974972843842604,0.5216242043865897
0,base,codeparrot,bookcorpus,across,0.0705368388122762,0.5555268650271835
0,base,codeparrot,agnews,across,0.2556032056023835,0.46369879878301623
0,base,codeparrot,tldr17,across,0.22727671147732964,0.47192531162841894
0,base,codeparrot,codeparrot,within,0.8829524608142155,0.0
0,tokmean,wikitext,wikitext,within,0.9904183198822359,0.0
0,tokmean,wikitext,bookcorpus,across,0.7873143767687777,0.28257005615900477
0,tokmean,wikitext,agnews,across,0.44686889366224036,0.29191800749105984
0,tokmean,wikitext,tldr17,across,0.4153612913151094,0.3019097960803622
0,tokmean,wikitext,codeparrot,across,0.06703200622596872,0.5216242043865897
0,tokmean,bookcorpus,wikitext,across,0.7889314934299679,0.28257005615900477
0,tokmean,bookcorpus,bookcorpus,within,0.9942018494681711,0.0
0,tokmean,bookcorpus,agnews,across,0.38022197982245765,0.3672318278005566
0,tokmean,bookcorpus,tldr17,across,0.39362943297171765,0.2679996297849744
0,tokmean,bookcorpus,codeparrot,across,0.04832934179489014,0.5555268650271835
0,tokmean,agnews,wikitext,across,0.4391459808842957,0.29191800749105984
0,tokmean,agnews,bookcorpus,across,0.3740720398672676,0.3672318278005566
0,tokmean,agnews,agnews,within,0.9901269944911987,0.0
0,tokmean,agnews,tldr17,across,0.7501774809820696,0.27342250670670154
0,tokmean,agnews,codeparrot,across,0.23993089972998205,0.46369879878301623
0,tokmean,tldr17,wikitext,across,0.3739742282713953,0.3019097960803622
0,tokmean,tldr17,bookcorpus,across,0.3692236203655991,0.2679996297849744
0,tokmean,tldr17,agnews,across,0.6967745006177377,0.27342250670670154
0,tokmean,tldr17,tldr17,within,0.9731809275816677,0.0
0,tokmean,tldr17,codeparrot,across,0.2152101359309646,0.47192531162841894
0,tokmean,codeparrot,wikitext,across,0.0786340646574045,0.5216242043865897
0,tokmean,codeparrot,bookcorpus,across,0.054920216841669686,0.5555268650271835
0,tokmean,codeparrot,agnews,across,0.2306126181850893,0.46369879878301623
0,tokmean,codeparrot,tldr17,across,0.20769890709426755,0.47192531162841894
0,tokmean,codeparrot,codeparrot,within,0.8907555582431539,0.0
0,tokres,wikitext,wikitext,within,0.4642404875797385,0.0
0,tokres,wikitext,bookcorpus,across,0.29054448878248057,0.28257005615900477
0,tokres,wikitext,agnews,across,0.25727794260681514,0.29191800749105984
0,tokres,wikitext,tldr17,across,0.24211960492360962,0.3019097960803622
0,tokres,wikitext,codeparrot,across,0.140992711462613,0.5216242043865897
0,tokres,bookcorpus,wikitext,across,0.3290606823371134,0.28257005615900477
0,tokres,bookcorpus,bookcorpus,within,0.4366251992005688,0.0
0,tokres,bookcorpus,agnews,across,0.2850968520147192,0.3672318278005566
0,tokres,bookcorpus,tldr17,across,0.29181727366664656,0.2679996297849744
0,tokres,bookcorpus,codeparrot,across,0.13093479891244347,0.5555268650271835
0,tokres,agnews,wikitext,across,0.30677677505570405,0.29191800749105984
0,tokres,agnews,bookcorpus,across,0.2992769060039772,0.3672318278005566
0,tokres,agnews,agnews,within,0.48909979337578585,0.0
0,tokres,agnews,tldr17,across,0.3750287241081769,0.27342250670670154
0,tokres,agnews,codeparrot,across,0.25104664486989636,0.46369879878301623
0,tokres,tldr17,wikitext,across,0.277353336461883,0.3019097960803622
0,tokres,tldr17,bookcorpus,across,0.30277043691922834,0.2679996297849744
0,tokres,tldr17,agnews,across,0.3557474047366585,0.27342250670670154
0,tokres,tldr17,tldr17,within,0.43724409211822146,0.0
0,tokres,tldr17,codeparrot,across,0.20602162593037318,0.47192531162841894
0,tokres,codeparrot,wikitext,across,0.1745257345338938,0.5216242043865897
0,tokres,codeparrot,bookcorpus,across,0.15012045496194,0.5555268650271835
0,tokres,codeparrot,agnews,across,0.2623207197901585,0.46369879878301623
0,tokres,codeparrot,tldr17,across,0.23477558687716188,0.47192531162841894
0,tokres,codeparrot,codeparrot,within,0.4800340859728816,0.0
0,tokres_own,wikitext,wikitext,within,0.4005866573431357,0.0
0,tokres_own,wikitext,bookcorpus,across,0.2226080549011464,0.28257005615900477
0,tokres_own,wikitext,agnews,across,0.16795307622682393,0.29191800749105984
0,tokres_own,wikitext,tldr17,across,0.16624823305960862,0.3019097960803622
0,tokres_own,wikitext,codeparrot,across,0.08646845669809237,0.5216242043865897
0,tokres_own,bookcorpus,wikitext,across,0.2597946614313022,0.28257005615900477
0,tokres_own,bookcorpus,bookcorpus,within,0.34633787726892723,0.0
0,tokres_own,bookcorpus,agnews,across,0.20914842608044687,0.3672318278005566
0,tokres_own,bookcorpus,tldr17,across,0.2193408868840696,0.2679996297849744
0,tokres_own,bookcorpus,codeparrot,across,0.08930359720652868,0.5555268650271835
0,tokres_own,agnews,wikitext,across,0.20548025616023824,0.29191800749105984
0,tokres_own,agnews,bookcorpus,across,0.21106250404848012,0.3672318278005566
0,tokres_own,agnews,agnews,within,0.30388186357689617,0.0
0,tokres_own,agnews,tldr17,across,0.2687137778685402,0.27342250670670154
0,tokres_own,agnews,codeparrot,across,0.13882157783669644,0.46369879878301623
0,tokres_own,tldr17,wikitext,across,0.19301700458041499,0.3019097960803622
0,tokres_own,tldr17,bookcorpus,across,0.22346585465639174,0.2679996297849744
0,tokres_own,tldr17,agnews,across,0.2583322567784298,0.27342250670670154
0,tokres_own,tldr17,tldr17,within,0.34336993665027393,0.0
0,tokres_own,tldr17,codeparrot,across,0.1279003045761582,0.47192531162841894
0,tokres_own,codeparrot,wikitext,across,0.10291713354298351,0.5216242043865897
0,tokres_own,codeparrot,bookcorpus,across,0.09960513705968055,0.5555268650271835
0,tokres_own,codeparrot,agnews,across,0.13950587587277039,0.46369879878301623
0,tokres_own,codeparrot,tldr17,across,0.14620526058470476,0.47192531162841894
0,tokres_own,codeparrot,codeparrot,within,0.3777618193820004,0.0
0,freqmatch,wikitext,wikitext,within,0.9852734674994901,0.0
0,freqmatch,wikitext,bookcorpus,across,0.9479774534587881,0.28257005615900477
0,freqmatch,wikitext,agnews,across,0.827511267977002,0.29191800749105984
0,freqmatch,wikitext,tldr17,across,0.8682992104894407,0.3019097960803622
0,freqmatch,wikitext,codeparrot,across,0.7266488967246651,0.5216242043865897
0,freqmatch,bookcorpus,wikitext,across,0.9256467283686696,0.28257005615900477
0,freqmatch,bookcorpus,bookcorpus,within,0.9965749893038247,0.0
0,freqmatch,bookcorpus,agnews,across,0.7831037968493506,0.3672318278005566
0,freqmatch,bookcorpus,tldr17,across,0.815370353514707,0.2679996297849744
0,freqmatch,bookcorpus,codeparrot,across,0.6800759068799227,0.5555268650271835
0,freqmatch,agnews,wikitext,across,0.8460254040718385,0.29191800749105984
0,freqmatch,agnews,bookcorpus,across,0.7878147291065494,0.3672318278005566
0,freqmatch,agnews,agnews,within,0.9946497437997933,0.0
0,freqmatch,agnews,tldr17,across,0.9790117415312951,0.27342250670670154
0,freqmatch,agnews,codeparrot,across,0.8711360928162043,0.46369879878301623
0,freqmatch,tldr17,wikitext,across,0.8479941681669185,0.3019097960803622
0,freqmatch,tldr17,bookcorpus,across,0.7851877179473077,0.2679996297849744
0,freqmatch,tldr17,agnews,across,0.9778648843391236,0.27342250670670154
0,freqmatch,tldr17,tldr17,within,0.9894779375616164,0.0
0,freqmatch,tldr17,codeparrot,across,0.887680544206803,0.47192531162841894
0,freqmatch,codeparrot,wikitext,across,0.754546930812488,0.5216242043865897
0,freqmatch,codeparrot,bookcorpus,across,0.7028769750120092,0.5555268650271835
0,freqmatch,codeparrot,agnews,across,0.874996083344972,0.46369879878301623
0,freqmatch,codeparrot,tldr17,across,0.8852007093724225,0.47192531162841894
0,freqmatch,codeparrot,codeparrot,within,0.9650884462687768,0.0
0,posres,wikitext,wikitext,within,0.9887727160939548,0.0
0,posres,wikitext,bookcorpus,across,0.7989454888031398,0.28257005615900477
0,posres,wikitext,agnews,across,0.4800449373231291,0.29191800749105984
0,posres,wikitext,tldr17,across,0.44191391362343063,0.3019097960803622
0,posres,wikitext,codeparrot,across,0.08840458722259764,0.5216242043865897
0,posres,bookcorpus,wikitext,across,0.7995150568967666,0.28257005615900477
0,posres,bookcorpus,bookcorpus,within,0.9933480459921131,0.0
0,posres,bookcorpus,agnews,across,0.4039053318919102,0.3672318278005566
0,posres,bookcorpus,tldr17,across,0.41112868133812597,0.2679996297849744
0,posres,bookcorpus,codeparrot,across,0.0641279219222192,0.5555268650271835
0,posres,agnews,wikitext,across,0.471997424011558,0.29191800749105984
0,posres,agnews,bookcorpus,across,0.398895505005623,0.3672318278005566
0,posres,agnews,agnews,within,0.9886612294695106,0.0
0,posres,agnews,tldr17,across,0.7639759787889522,0.27342250670670154
0,posres,agnews,codeparrot,across,0.2666723387679349,0.46369879878301623
0,posres,tldr17,wikitext,across,0.4006375912318563,0.3019097960803622
0,posres,tldr17,bookcorpus,across,0.3874460736095245,0.2679996297849744
0,posres,tldr17,agnews,across,0.7118922647746492,0.27342250670670154
0,posres,tldr17,tldr17,within,0.972221689805714,0.0
0,posres,tldr17,codeparrot,across,0.23600364587113407,0.47192531162841894
0,posres,codeparrot,wikitext,across,0.10174003348007941,0.5216242043865897
0,posres,codeparrot,bookcorpus,across,0.07228208604526362,0.5555268650271835
0,posres,codeparrot,agnews,across,0.25808671056883264,0.46369879878301623
0,posres,codeparrot,tldr17,across,0.22972820942821381,0.47192531162841894
0,posres,codeparrot,codeparrot,within,0.8834599285880578,0.0
0,winres,wikitext,wikitext,within,0.9890213854796636,0.0
0,winres,wikitext,bookcorpus,across,0.8026345371631396,0.28257005615900477
0,winres,wikitext,agnews,across,0.47763366560421244,0.29191800749105984
0,winres,wikitext,tldr17,across,0.43928551815717615,0.3019097960803622
0,winres,wikitext,codeparrot,across,0.0848595839308776,0.5216242043865897
0,winres,bookcorpus,wikitext,across,0.802512491747801,0.28257005615900477
0,winres,bookcorpus,bookcorpus,within,0.9935777530253731,0.0
0,winres,bookcorpus,agnews,across,0.40014723913286493,0.3672318278005566
0,winres,bookcorpus,tldr17,across,0.40733527227748706,0.2679996297849744
0,winres,bookcorpus,codeparrot,across,0.06255260494381142,0.5555268650271835
0,winres,agnews,wikitext,across,0.46974083356975826,0.29191800749105984
0,winres,agnews,bookcorpus,across,0.39442025340536696,0.3672318278005566
0,winres,agnews,agnews,within,0.9890746229680457,0.0
0,winres,agnews,tldr17,across,0.7638084326275726,0.27342250670670154
0,winres,agnews,codeparrot,across,0.2638198116356428,0.46369879878301623
0,winres,tldr17,wikitext,across,0.3984124501929578,0.3019097960803622
0,winres,tldr17,bookcorpus,across,0.3836772029117152,0.2679996297849744
0,winres,tldr17,agnews,across,0.7114866458221343,0.27342250670670154
0,winres,tldr17,tldr17,within,0.9727115793642737,0.0
0,winres,tldr17,codeparrot,across,0.23366390454899544,0.47192531162841894
0,winres,codeparrot,wikitext,across,0.09817010418438983,0.5216242043865897
0,winres,codeparrot,bookcorpus,across,0.07006708946221761,0.5555268650271835
0,winres,codeparrot,agnews,across,0.25566958201159995,0.46369879878301623
0,winres,codeparrot,tldr17,across,0.2280825024317279,0.47192531162841894
0,winres,codeparrot,codeparrot,within,0.8871273554558444,0.0
0,rank,wikitext,wikitext,within,0.988560746718172,0.0
0,rank,wikitext,bookcorpus,across,0.778550420045532,0.28257005615900477
0,rank,wikitext,agnews,across,0.4169406614781009,0.29191800749105984
0,rank,wikitext,tldr17,across,0.37311885997179595,0.3019097960803622
0,rank,wikitext,codeparrot,across,0.06161654117121132,0.5216242043865897
0,rank,bookcorpus,wikitext,across,0.7802460071337837,0.28257005615900477
0,rank,bookcorpus,bookcorpus,within,0.993392456647621,0.0
0,rank,bookcorpus,agnews,across,0.33225287966735506,0.3672318278005566
0,rank,bookcorpus,tldr17,across,0.3272150991790675,0.2679996297849744
0,rank,bookcorpus,codeparrot,across,0.04406772606710341,0.5555268650271835
0,rank,agnews,wikitext,across,0.40993326415567033,0.29191800749105984
0,rank,agnews,bookcorpus,across,0.32740777568751844,0.3672318278005566
0,rank,agnews,agnews,within,0.9887973839370378,0.0
0,rank,agnews,tldr17,across,0.7470281924052298,0.27342250670670154
0,rank,agnews,codeparrot,across,0.1983662119243415,0.46369879878301623
0,rank,tldr17,wikitext,across,0.33510587103382034,0.3019097960803622
0,rank,tldr17,bookcorpus,across,0.3053285181038736,0.2679996297849744
0,rank,tldr17,agnews,across,0.6892140030681512,0.27342250670670154
0,rank,tldr17,tldr17,within,0.9700140784380379,0.0
0,rank,tldr17,codeparrot,across,0.17224600074483545,0.47192531162841894
0,rank,codeparrot,wikitext,across,0.06938317565009217,0.5216242043865897
0,rank,codeparrot,bookcorpus,across,0.04881966094544927,0.5555268650271835
0,rank,codeparrot,agnews,across,0.18733947261362083,0.46369879878301623
0,rank,codeparrot,tldr17,across,0.1645331355007878,0.47192531162841894
0,rank,codeparrot,codeparrot,within,0.8826599446379005,0.0
0,wordonly,wikitext,wikitext,within,0.9856313144379407,0.0
0,wordonly,wikitext,bookcorpus,across,0.8260638860749998,0.28257005615900477
0,wordonly,wikitext,agnews,across,0.8517035369246948,0.29191800749105984
0,wordonly,wikitext,tldr17,across,0.7661746770890651,0.3019097960803622
0,wordonly,wikitext,codeparrot,across,0.127795684435472,0.5216242043865897
0,wordonly,bookcorpus,wikitext,across,0.8192367132575519,0.28257005615900477
0,wordonly,bookcorpus,bookcorpus,within,0.9895162119853652,0.0
0,wordonly,bookcorpus,agnews,across,0.7805896168716894,0.3672318278005566
0,wordonly,bookcorpus,tldr17,across,0.7752239353454398,0.2679996297849744
0,wordonly,bookcorpus,codeparrot,across,0.1254391903028657,0.5555268650271835
0,wordonly,agnews,wikitext,across,0.8481026499824312,0.29191800749105984
0,wordonly,agnews,bookcorpus,across,0.7784122571775132,0.3672318278005566
0,wordonly,agnews,agnews,within,0.9840712155180976,0.0
0,wordonly,agnews,tldr17,across,0.746370652214418,0.27342250670670154
0,wordonly,agnews,codeparrot,across,0.15659858016096762,0.46369879878301623
0,wordonly,tldr17,wikitext,across,0.6831491035809112,0.3019097960803622
0,wordonly,tldr17,bookcorpus,across,0.721976901653762,0.2679996297849744
0,wordonly,tldr17,agnews,across,0.6725983661119106,0.27342250670670154
0,wordonly,tldr17,tldr17,within,0.9644603029367711,0.0
0,wordonly,tldr17,codeparrot,across,0.11570119884626157,0.47192531162841894
0,wordonly,codeparrot,wikitext,across,0.14020027523803302,0.5216242043865897
0,wordonly,codeparrot,bookcorpus,across,0.1353290017935961,0.5555268650271835
0,wordonly,codeparrot,agnews,across,0.17134157229426608,0.46369879878301623
0,wordonly,codeparrot,tldr17,across,0.14362932171639411,0.47192531162841894
0,wordonly,codeparrot,codeparrot,within,0.805036245865869,0.0
0,tokres+winres,wikitext,wikitext,within,0.8595969534280196,0.0
0,tokres+winres,wikitext,bookcorpus,across,0.7865702144870509,0.28257005615900477
0,tokres+winres,wikitext,agnews,across,0.7867966218257754,0.29191800749105984
0,tokres+winres,wikitext,tldr17,across,0.7957917391137006,0.3019097960803622
0,tokres+winres,wikitext,codeparrot,across,0.4981388325219558,0.5216242043865897
0,tokres+winres,bookcorpus,wikitext,across,0.7701858061681344,0.28257005615900477
0,tokres+winres,bookcorpus,bookcorpus,within,0.852554155379445,0.0
0,tokres+winres,bookcorpus,agnews,across,0.7465506738134272,0.3672318278005566
0,tokres+winres,bookcorpus,tldr17,across,0.7888464492245677,0.2679996297849744
0,tokres+winres,bookcorpus,codeparrot,across,0.4672269063457881,0.5555268650271835
0,tokres+winres,agnews,wikitext,across,0.7773705497109715,0.29191800749105984
0,tokres+winres,agnews,bookcorpus,across,0.7466822799159505,0.3672318278005566
0,tokres+winres,agnews,agnews,within,0.8883943234772818,0.0
0,tokres+winres,agnews,tldr17,across,0.8080760597234233,0.27342250670670154
0,tokres+winres,agnews,codeparrot,across,0.5830751912980723,0.46369879878301623
0,tokres+winres,tldr17,wikitext,across,0.7922258932187695,0.3019097960803622
0,tokres+winres,tldr17,bookcorpus,across,0.8001594677129421,0.2679996297849744
0,tokres+winres,tldr17,agnews,across,0.8114527821948984,0.27342250670670154
0,tokres+winres,tldr17,tldr17,within,0.8810212254711912,0.0
0,tokres+winres,tldr17,codeparrot,across,0.5527917203239483,0.47192531162841894
0,tokres+winres,codeparrot,wikitext,across,0.531782931049724,0.5216242043865897
0,tokres+winres,codeparrot,bookcorpus,across,0.4938996438622414,0.5555268650271835
0,tokres+winres,codeparrot,agnews,across,0.6045019646595988,0.46369879878301623
0,tokres+winres,codeparrot,tldr17,across,0.5954591042936085,0.47192531162841894
0,tokres+winres,codeparrot,codeparrot,within,0.7426674502122539,0.0
0,tokres+posres,wikitext,wikitext,within,0.6095739000859137,0.0
0,tokres+posres,wikitext,bookcorpus,across,0.48360627105506454,0.28257005615900477
0,tokres+posres,wikitext,agnews,across,0.45228307626167086,0.29191800749105984
0,tokres+posres,wikitext,tldr17,across,0.43734962610414085,0.3019097960803622
0,tokres+posres,wikitext,codeparrot,across,0.3180753592475913,0.5216242043865897
0,tokres+posres,bookcorpus,wikitext,across,0.5185052252918232,0.28257005615900477
0,tokres+posres,bookcorpus,bookcorpus,within,0.6101859381680368,0.0
0,tokres+posres,bookcorpus,agnews,across,0.48492234326634537,0.3672318278005566
0,tokres+posres,bookcorpus,tldr17,across,0.4853299946546064,0.2679996297849744
0,tokres+posres,bookcorpus,codeparrot,across,0.29700527956771416,0.5555268650271835
0,tokres+posres,agnews,wikitext,across,0.4956604889815775,0.29191800749105984
0,tokres+posres,agnews,bookcorpus,across,0.49946502232032763,0.3672318278005566
0,tokres+posres,agnews,agnews,within,0.6311610201878001,0.0
0,tokres+posres,agnews,tldr17,across,0.5424323919848896,0.27342250670670154
0,tokres+posres,agnews,codeparrot,across,0.3974721437374542,0.46369879878301623
0,tokres+posres,tldr17,wikitext,across,0.47146437958237164,0.3019097960803622
0,tokres+posres,tldr17,bookcorpus,across,0.49902035940725603,0.2679996297849744
0,tokres+posres,tldr17,agnews,across,0.5320450473057827,0.27342250670670154
0,tokres+posres,tldr17,tldr17,within,0.5905624621918831,0.0
0,tokres+posres,tldr17,codeparrot,across,0.36555233939601445,0.47192531162841894
0,tokres+posres,codeparrot,wikitext,across,0.34715893725861074,0.5216242043865897
0,tokres+posres,codeparrot,bookcorpus,across,0.32015953775004136,0.5555268650271835
0,tokres+posres,codeparrot,agnews,across,0.4152987616925582,0.46369879878301623
0,tokres+posres,codeparrot,tldr17,across,0.3990421371235533,0.47192531162841894
0,tokres+posres,codeparrot,codeparrot,within,0.60960687362916,0.0
0,tokres+rank,wikitext,wikitext,within,0.9325536244759335,0.0
0,tokres+rank,wikitext,bookcorpus,across,0.9227663547059057,0.28257005615900477
0,tokres+rank,wikitext,agnews,across,0.9180681808821065,0.29191800749105984
0,tokres+rank,wikitext,tldr17,across,0.9089022245780596,0.3019097960803622
0,tokres+rank,wikitext,codeparrot,across,0.8460219014188823,0.5216242043865897
0,tokres+rank,bookcorpus,wikitext,across,0.9313464767255917,0.28257005615900477
0,tokres+rank,bookcorpus,bookcorpus,within,0.9415869989930533,0.0
0,tokres+rank,bookcorpus,agnews,across,0.9277637864919022,0.3672318278005566
0,tokres+rank,bookcorpus,tldr17,across,0.9181436409624348,0.2679996297849744
0,tokres+rank,bookcorpus,codeparrot,across,0.8510438974983481,0.5555268650271835
0,tokres+rank,agnews,wikitext,across,0.9298867290153746,0.29191800749105984
0,tokres+rank,agnews,bookcorpus,across,0.9306566056545621,0.3672318278005566
0,tokres+rank,agnews,agnews,within,0.9437220933604432,0.0
0,tokres+rank,agnews,tldr17,across,0.9235764424144801,0.27342250670670154
0,tokres+rank,agnews,codeparrot,across,0.8621993872910085,0.46369879878301623
0,tokres+rank,tldr17,wikitext,across,0.9224479847681525,0.3019097960803622
0,tokres+rank,tldr17,bookcorpus,across,0.9251734742360038,0.2679996297849744
0,tokres+rank,tldr17,agnews,across,0.9263028025592471,0.27342250670670154
0,tokres+rank,tldr17,tldr17,within,0.9277838863392465,0.0
0,tokres+rank,tldr17,codeparrot,across,0.8530436389141236,0.47192531162841894
0,tokres+rank,codeparrot,wikitext,across,0.8768803881835567,0.5216242043865897
0,tokres+rank,codeparrot,bookcorpus,across,0.8756711160121375,0.5555268650271835
0,tokres+rank,codeparrot,agnews,across,0.8829155137529924,0.46369879878301623
0,tokres+rank,codeparrot,tldr17,across,0.8729855259857504,0.47192531162841894
0,tokres+rank,codeparrot,codeparrot,within,0.863285355266721,0.0
0,tokres+wordonly,wikitext,wikitext,within,0.43530303036062895,0.0
0,tokres+wordonly,wikitext,bookcorpus,across,0.28297738837103187,0.28257005615900477
0,tokres+wordonly,wikitext,agnews,across,0.26363907463331543,0.29191800749105984
0,tokres+wordonly,wikitext,tldr17,across,0.2399906919495247,0.3019097960803622
0,tokres+wordonly,wikitext,codeparrot,across,0.13564327808374926,0.5216242043865897
0,tokres+wordonly,bookcorpus,wikitext,across,0.32063469184122906,0.28257005615900477
0,tokres+wordonly,bookcorpus,bookcorpus,within,0.41287542651384324,0.0
0,tokres+wordonly,bookcorpus,agnews,across,0.2917687553820451,0.3672318278005566
0,tokres+wordonly,bookcorpus,tldr17,across,0.28318758980077674,0.2679996297849744
0,tokres+wordonly,bookcorpus,codeparrot,across,0.13492171969602235,0.5555268650271835
0,tokres+wordonly,agnews,wikitext,across,0.30030976911168555,0.29191800749105984
0,tokres+wordonly,agnews,bookcorpus,across,0.2980265402349362,0.3672318278005566
0,tokres+wordonly,agnews,agnews,within,0.3994624012754407,0.0
0,tokres+wordonly,agnews,tldr17,across,0.3218069622340244,0.27342250670670154
0,tokres+wordonly,agnews,codeparrot,across,0.21551767606767733,0.46369879878301623
0,tokres+wordonly,tldr17,wikitext,across,0.26060500089114363,0.3019097960803622
0,tokres+wordonly,tldr17,bookcorpus,across,0.29053960186642536,0.2679996297849744
0,tokres+wordonly,tldr17,agnews,across,0.30193772883524056,0.27342250670670154
0,tokres+wordonly,tldr17,tldr17,within,0.3818947052258276,0.0
0,tokres+wordonly,tldr17,codeparrot,across,0.16386344831290103,0.47192531162841894
0,tokres+wordonly,codeparrot,wikitext,across,0.16090301874889962,0.5216242043865897
0,tokres+wordonly,codeparrot,bookcorpus,across,0.15315540768537728,0.5555268650271835
0,tokres+wordonly,codeparrot,agnews,across,0.21639898857002124,0.46369879878301623
0,tokres+wordonly,codeparrot,tldr17,across,0.1853123580936771,0.47192531162841894
0,tokres+wordonly,codeparrot,codeparrot,within,0.4910568359701378,0.0
64,base,wikitext,wikitext,within,0.9942884371348171,0.0
64,base,wikitext,bookcorpus,across,0.9157584138787395,0.28257005615900477
64,base,wikitext,agnews,across,0.7050028246368137,0.29191800749105984
64,base,wikitext,tldr17,across,0.6611668757215587,0.3019097960803622
64,base,wikitext,codeparrot,across,0.24361863822789573,0.5216242043865897
64,base,bookcorpus,wikitext,across,0.9253265800586382,0.28257005615900477
64,base,bookcorpus,bookcorpus,within,0.9977859681710991,0.0
64,base,bookcorpus,agnews,across,0.6327347915716495,0.3672318278005566
64,base,bookcorpus,tldr17,across,0.6021277110990747,0.2679996297849744
64,base,bookcorpus,codeparrot,across,0.20521363248807414,0.5555268650271835
64,base,agnews,wikitext,across,0.6822840748186243,0.29191800749105984
64,base,agnews,bookcorpus,across,0.6254235672310591,0.3672318278005566
64,base,agnews,agnews,within,0.9980128284864542,0.0
64,base,agnews,tldr17,across,0.9366874151863813,0.27342250670670154
64,base,agnews,codeparrot,across,0.48972568199886296,0.46369879878301623
64,base,tldr17,wikitext,across,0.6214549964382308,0.3019097960803622
64,base,tldr17,bookcorpus,across,0.5847724758964182,0.2679996297849744
64,base,tldr17,agnews,across,0.9233434941389864,0.27342250670670154
64,base,tldr17,tldr17,within,0.9916545264052309,0.0
64,base,tldr17,codeparrot,across,0.4874873760369111,0.47192531162841894
64,base,codeparrot,wikitext,across,0.2515400832593947,0.5216242043865897
64,base,codeparrot,bookcorpus,across,0.22430549897217147,0.5555268650271835
64,base,codeparrot,agnews,across,0.4836531273393837,0.46369879878301623
64,base,codeparrot,tldr17,across,0.4802829472925531,0.47192531162841894
64,base,codeparrot,codeparrot,within,0.957732219929791,0.0
64,tokmean,wikitext,wikitext,within,0.9941963239327535,0.0
64,tokmean,wikitext,bookcorpus,across,0.9054265836501971,0.28257005615900477
64,tokmean,wikitext,agnews,across,0.6779809944408824,0.29191800749105984
64,tokmean,wikitext,tldr17,across,0.63939956423961,0.3019097960803622
64,tokmean,wikitext,codeparrot,across,0.22516158660851598,0.5216242043865897
64,tokmean,bookcorpus,wikitext,across,0.9157900470496438,0.28257005615900477
64,tokmean,bookcorpus,bookcorpus,within,0.9980777773236648,0.0
64,tokmean,bookcorpus,agnews,across,0.607676898083273,0.3672318278005566
64,tokmean,bookcorpus,tldr17,across,0.5827945585946429,0.2679996297849744
64,tokmean,bookcorpus,codeparrot,across,0.1888613429254008,0.5555268650271835
64,tokmean,agnews,wikitext,across,0.6539111791012778,0.29191800749105984
64,tokmean,agnews,bookcorpus,across,0.6005063310032366,0.3672318278005566
64,tokmean,agnews,agnews,within,0.9982726616661638,0.0
64,tokmean,agnews,tldr17,across,0.9314593701578514,0.27342250670670154
64,tokmean,agnews,codeparrot,across,0.47651590674891675,0.46369879878301623
64,tokmean,tldr17,wikitext,across,0.5985416724826038,0.3019097960803622
64,tokmean,tldr17,bookcorpus,across,0.5663066420311047,0.2679996297849744
64,tokmean,tldr17,agnews,across,0.9181583672928427,0.27342250670670154
64,tokmean,tldr17,tldr17,within,0.9915458896319063,0.0
64,tokmean,tldr17,codeparrot,across,0.47475695960083814,0.47192531162841894
64,tokmean,codeparrot,wikitext,across,0.2286032154444326,0.5216242043865897
64,tokmean,codeparrot,bookcorpus,across,0.2047674629049949,0.5555268650271835
64,tokmean,codeparrot,agnews,across,0.4722011065985477,0.46369879878301623
64,tokmean,codeparrot,tldr17,across,0.4700894736871108,0.47192531162841894
64,tokmean,codeparrot,codeparrot,within,0.9613307834096989,0.0
64,tokres,wikitext,wikitext,within,0.8933754538650749,0.0
64,tokres,wikitext,bookcorpus,across,0.7880650149814127,0.28257005615900477
64,tokres,wikitext,agnews,across,0.7740503281908555,0.29191800749105984
64,tokres,wikitext,tldr17,across,0.7269373395796782,0.3019097960803622
64,tokres,wikitext,codeparrot,across,0.6279548124453903,0.5216242043865897
64,tokres,bookcorpus,wikitext,across,0.8188165183189405,0.28257005615900477
64,tokres,bookcorpus,bookcorpus,within,0.8605201060369049,0.0
64,tokres,bookcorpus,agnews,across,0.7914271532012801,0.3672318278005566
64,tokres,bookcorpus,tldr17,across,0.7501265615203162,0.2679996297849744
64,tokres,bookcorpus,codeparrot,across,0.6098651629790189,0.5555268650271835
64,tokres,agnews,wikitext,across,0.808705463428182,0.29191800749105984
64,tokres,agnews,bookcorpus,across,0.7926556380063311,0.3672318278005566
64,tokres,agnews,agnews,within,0.9279122986032541,0.0
64,tokres,agnews,tldr17,across,0.8550069169150114,0.27342250670670154
64,tokres,agnews,codeparrot,across,0.7432818795664946,0.46369879878301623
64,tokres,tldr17,wikitext,across,0.7463280056273695,0.3019097960803622
64,tokres,tldr17,bookcorpus,across,0.7563367752551895,0.2679996297849744
64,tokres,tldr17,agnews,across,0.8397867906294196,0.27342250670670154
64,tokres,tldr17,tldr17,within,0.8925753449114883,0.0
64,tokres,tldr17,codeparrot,across,0.6932202380082751,0.47192531162841894
64,tokres,codeparrot,wikitext,across,0.6928319059084708,0.5216242043865897
64,tokres,codeparrot,bookcorpus,across,0.6553614931757041,0.5555268650271835
64,tokres,codeparrot,agnews,across,0.7650534412399443,0.46369879878301623
64,tokres,codeparrot,tldr17,across,0.7220713620058028,0.47192531162841894
64,tokres,codeparrot,codeparrot,within,0.9041138192051144,0.0
64,tokres_own,wikitext,wikitext,within,0.7165226728699101,0.0
64,tokres_own,wikitext,bookcorpus,across,0.5217438810269067,0.28257005615900477
64,tokres_own,wikitext,agnews,across,0.4912662608665902,0.29191800749105984
64,tokres_own,wikitext,tldr17,across,0.47303249146908455,0.3019097960803622
64,tokres_own,wikitext,codeparrot,across,0.2656846315337308,0.5216242043865897
64,tokres_own,bookcorpus,wikitext,across,0.6461004562862117,0.28257005615900477
64,tokres_own,bookcorpus,bookcorpus,within,0.6650898824384074,0.0
64,tokres_own,bookcorpus,agnews,across,0.6106001018153329,0.3672318278005566
64,tokres_own,bookcorpus,tldr17,across,0.5758309483511624,0.2679996297849744
64,tokres_own,bookcorpus,codeparrot,across,0.29198461037379164,0.5555268650271835
64,tokres_own,agnews,wikitext,across,0.5443059248109018,0.29191800749105984
64,tokres_own,agnews,bookcorpus,across,0.5128477684847428,0.3672318278005566
64,tokres_own,agnews,agnews,within,0.6778529226303635,0.0
64,tokres_own,agnews,tldr17,across,0.6440202804182488,0.27342250670670154
64,tokres_own,agnews,codeparrot,across,0.34711289056639616,0.46369879878301623
64,tokres_own,tldr17,wikitext,across,0.5430708352761117,0.3019097960803622
64,tokres_own,tldr17,bookcorpus,across,0.5418400417359452,0.2679996297849744
64,tokres_own,tldr17,agnews,across,0.6567116278262385,0.27342250670670154
64,tokres_own,tldr17,tldr17,within,0.6998500642937182,0.0
64,tokres_own,tldr17,codeparrot,across,0.37577061762952235,0.47192531162841894
64,tokres_own,codeparrot,wikitext,across,0.32976237019518523,0.5216242043865897
64,tokres_own,codeparrot,bookcorpus,across,0.3135098872031996,0.5555268650271835
64,tokres_own,codeparrot,agnews,across,0.38043747041242165,0.46369879878301623
64,tokres_own,codeparrot,tldr17,across,0.41912556012620694,0.47192531162841894
64,tokres_own,codeparrot,codeparrot,within,0.7864191949453896,0.0
64,freqmatch,wikitext,wikitext,within,0.9917745297092068,0.0
64,freqmatch,wikitext,bookcorpus,across,0.9790275078968667,0.28257005615900477
64,freqmatch,wikitext,agnews,across,0.9492654758194573,0.29191800749105984
64,freqmatch,wikitext,tldr17,across,0.9573868524037393,0.3019097960803622
64,freqmatch,wikitext,codeparrot,across,0.8389396293337985,0.5216242043865897
64,freqmatch,bookcorpus,wikitext,across,0.9618465950737476,0.28257005615900477
64,freqmatch,bookcorpus,bookcorpus,within,0.9989916988716803,0.0
64,freqmatch,bookcorpus,agnews,across,0.9225778439202514,0.3672318278005566
64,freqmatch,bookcorpus,tldr17,across,0.9294578802538953,0.2679996297849744
64,freqmatch,bookcorpus,codeparrot,across,0.8121704241035909,0.5555268650271835
64,freqmatch,agnews,wikitext,across,0.9587899190124631,0.29191800749105984
64,freqmatch,agnews,bookcorpus,across,0.92239903480342,0.3672318278005566
64,freqmatch,agnews,agnews,within,0.9988858421182436,0.0
64,freqmatch,agnews,tldr17,across,0.9930483448887539,0.27342250670670154
64,freqmatch,agnews,codeparrot,across,0.8925408550141767,0.46369879878301623
64,freqmatch,tldr17,wikitext,across,0.9569781492840529,0.3019097960803622
64,freqmatch,tldr17,bookcorpus,across,0.9206187501265184,0.2679996297849744
64,freqmatch,tldr17,agnews,across,0.9923328858254363,0.27342250670670154
64,freqmatch,tldr17,tldr17,within,0.9978000616989119,0.0
64,freqmatch,tldr17,codeparrot,across,0.8890308288811943,0.47192531162841894
64,freqmatch,codeparrot,wikitext,across,0.8491749692520876,0.5216242043865897
64,freqmatch,codeparrot,bookcorpus,across,0.8131036041216695,0.5555268650271835
64,freqmatch,codeparrot,agnews,across,0.8886084125618576,0.46369879878301623
64,freqmatch,codeparrot,tldr17,across,0.8822115395899999,0.47192531162841894
64,freqmatch,codeparrot,codeparrot,within,0.9873827101232963,0.0
64,posres,wikitext,wikitext,within,0.9943442472853,0.0
64,posres,wikitext,bookcorpus,across,0.9167790393758739,0.28257005615900477
64,posres,wikitext,agnews,across,0.7077457740008934,0.29191800749105984
64,posres,wikitext,tldr17,across,0.664165064255421,0.3019097960803622
64,posres,wikitext,codeparrot,across,0.2465575857305426,0.5216242043865897
64,posres,bookcorpus,wikitext,across,0.9262211680192951,0.28257005615900477
64,posres,bookcorpus,bookcorpus,within,0.9977890824897028,0.0
64,posres,bookcorpus,agnews,across,0.6356681995807723,0.3672318278005566
64,posres,bookcorpus,tldr17,across,0.6051424429406211,0.2679996297849744
64,posres,bookcorpus,codeparrot,across,0.20748230176772192,0.5555268650271835
64,posres,agnews,wikitext,across,0.6846437399113763,0.29191800749105984
64,posres,agnews,bookcorpus,across,0.628221591902949,0.3672318278005566
64,posres,agnews,agnews,within,0.9979984509825268,0.0
64,posres,agnews,tldr17,across,0.9371709253580673,0.27342250670670154
64,posres,agnews,codeparrot,across,0.4921668314405108,0.46369879878301623
64,posres,tldr17,wikitext,across,0.6245729591276437,0.3019097960803622
64,posres,tldr17,bookcorpus,across,0.5881248937214694,0.2679996297849744
64,posres,tldr17,agnews,across,0.9239452282448248,0.27342250670670154
64,posres,tldr17,tldr17,within,0.9917002184658028,0.0
64,posres,tldr17,codeparrot,across,0.48962484403703466,0.47192531162841894
64,posres,codeparrot,wikitext,across,0.25436206762650865,0.5216242043865897
64,posres,codeparrot,bookcorpus,across,0.22692858972353433,0.5555268650271835
64,posres,codeparrot,agnews,across,0.4860021200440527,0.46369879878301623
64,posres,codeparrot,tldr17,across,0.4828510498435904,0.47192531162841894
64,posres,codeparrot,codeparrot,within,0.9580726016282494,0.0
64,winres,wikitext,wikitext,within,0.9946623157606358,0.0
64,winres,wikitext,bookcorpus,across,0.9185983135308445,0.28257005615900477
64,winres,wikitext,agnews,across,0.7035413600096424,0.29191800749105984
64,winres,wikitext,tldr17,across,0.6595881565095435,0.3019097960803622
64,winres,wikitext,codeparrot,across,0.24259227972203765,0.5216242043865897
64,winres,bookcorpus,wikitext,across,0.9271188932097405,0.28257005615900477
64,winres,bookcorpus,bookcorpus,within,0.9979096458583435,0.0
64,winres,bookcorpus,agnews,across,0.6324977796774522,0.3672318278005566
64,winres,bookcorpus,tldr17,across,0.6019420072942157,0.2679996297849744
64,winres,bookcorpus,codeparrot,across,0.20550172715087536,0.5555268650271835
64,winres,agnews,wikitext,across,0.6816229932131783,0.29191800749105984
64,winres,agnews,bookcorpus,across,0.6252820975329922,0.3672318278005566
64,winres,agnews,agnews,within,0.998149349209652,0.0
64,winres,agnews,tldr17,across,0.9372337591527227,0.27342250670670154
64,winres,agnews,codeparrot,across,0.49258856492703673,0.46369879878301623
64,winres,tldr17,wikitext,across,0.6201732819912312,0.3019097960803622
64,winres,tldr17,bookcorpus,across,0.58417882225944,0.2679996297849744
64,winres,tldr17,agnews,across,0.9234647693188504,0.27342250670670154
64,winres,tldr17,tldr17,within,0.9919216267378841,0.0
64,winres,tldr17,codeparrot,across,0.49015914285896606,0.47192531162841894
64,winres,codeparrot,wikitext,across,0.25028607984852247,0.5216242043865897
64,winres,codeparrot,bookcorpus,across,0.2240568078066588,0.5555268650271835
64,winres,codeparrot,agnews,across,0.4848973258300465,0.46369879878301623
64,winres,codeparrot,tldr17,across,0.4811980429299376,0.47192531162841894
64,winres,codeparrot,codeparrot,within,0.9591865368518957,0.0
64,rank,wikitext,wikitext,within,0.9952042595679584,0.0
64,rank,wikitext,bookcorpus,across,0.8958261695860303,0.28257005615900477
64,rank,wikitext,agnews,across,0.6905752004284096,0.29191800749105984
64,rank,wikitext,tldr17,across,0.6627954806631342,0.3019097960803622
64,rank,wikitext,codeparrot,across,0.17594073658695814,0.5216242043865897
64,rank,bookcorpus,wikitext,across,0.8989706217601157,0.28257005615900477
64,rank,bookcorpus,bookcorpus,within,0.9971548430693828,0.0
64,rank,bookcorpus,agnews,across,0.6266879838488802,0.3672318278005566
64,rank,bookcorpus,tldr17,across,0.6167886907627689,0.2679996297849744
64,rank,bookcorpus,codeparrot,across,0.15777964049635537,0.5555268650271835
64,rank,agnews,wikitext,across,0.6851450622863331,0.29191800749105984
64,rank,agnews,bookcorpus,across,0.622417066871749,0.3672318278005566
64,rank,agnews,agnews,within,0.9966786933279033,0.0
64,rank,agnews,tldr17,across,0.9045885795757264,0.27342250670670154
64,rank,agnews,codeparrot,across,0.3315570431574337,0.46369879878301623
64,rank,tldr17,wikitext,across,0.639962306183145,0.3019097960803622
64,rank,tldr17,bookcorpus,across,0.6012023815867897,0.2679996297849744
64,rank,tldr17,agnews,across,0.8809820795324502,0.27342250670670154
64,rank,tldr17,tldr17,within,0.9889580164818816,0.0
64,rank,tldr17,codeparrot,across,0.3032055903022229,0.47192531162841894
64,rank,codeparrot,wikitext,across,0.186634791744633,0.5216242043865897
64,rank,codeparrot,bookcorpus,across,0.16838599859220255,0.5555268650271835
64,rank,codeparrot,agnews,across,0.3292965106077823,0.46369879878301623
64,rank,codeparrot,tldr17,across,0.30314160742040985,0.47192531162841894
64,rank,codeparrot,codeparrot,within,0.9409443408651305,0.0
64,wordonly,wikitext,wikitext,within,0.9967796690142542,0.0
64,wordonly,wikitext,bookcorpus,across,0.9510528714515568,0.28257005615900477
64,wordonly,wikitext,agnews,across,0.9535521212910693,0.29191800749105984
64,wordonly,wikitext,tldr17,across,0.9141644398525555,0.3019097960803622
64,wordonly,wikitext,codeparrot,across,0.24014504792001187,0.5216242043865897
64,wordonly,bookcorpus,wikitext,across,0.950396101119268,0.28257005615900477
64,wordonly,bookcorpus,bookcorpus,within,0.9974163926508555,0.0
64,wordonly,bookcorpus,agnews,across,0.938783735481452,0.3672318278005566
64,wordonly,bookcorpus,tldr17,across,0.9226716419836826,0.2679996297849744
64,wordonly,bookcorpus,codeparrot,across,0.24177419081591442,0.5555268650271835
64,wordonly,agnews,wikitext,across,0.9549920864480411,0.29191800749105984
64,wordonly,agnews,bookcorpus,across,0.9366750052990649,0.3672318278005566
64,wordonly,agnews,agnews,within,0.9971297656143262,0.0
64,wordonly,agnews,tldr17,across,0.9266619978073701,0.27342250670670154
64,wordonly,agnews,codeparrot,across,0.25139496367691105,0.46369879878301623
64,wordonly,tldr17,wikitext,across,0.8904222350114912,0.3019097960803622
64,wordonly,tldr17,bookcorpus,across,0.9073600928158241,0.2679996297849744
64,wordonly,tldr17,agnews,across,0.9081122905371007,0.27342250670670154
64,wordonly,tldr17,tldr17,within,0.9864700024221712,0.0
64,wordonly,tldr17,codeparrot,across,0.24780814170251925,0.47192531162841894
64,wordonly,codeparrot,wikitext,across,0.2622762223027174,0.5216242043865897
64,wordonly,codeparrot,bookcorpus,across,0.26238836900640405,0.5555268650271835
64,wordonly,codeparrot,agnews,across,0.2761883017409513,0.46369879878301623
64,wordonly,codeparrot,tldr17,across,0.2884603266409712,0.47192531162841894
64,wordonly,codeparrot,codeparrot,within,0.9559714298773523,0.0
64,tokres+winres,wikitext,wikitext,within,0.9711579228552262,0.0
64,tokres+winres,wikitext,bookcorpus,across,0.9381248003904414,0.28257005615900477
64,tokres+winres,wikitext,agnews,across,0.909031170910482,0.29191800749105984
64,tokres+winres,wikitext,tldr17,across,0.8760026547387733,0.3019097960803622
64,tokres+winres,wikitext,codeparrot,across,0.6085543163471633,0.5216242043865897
64,tokres+winres,bookcorpus,wikitext,across,0.9313483393553069,0.28257005615900477
64,tokres+winres,bookcorpus,bookcorpus,within,0.9659087835733828,0.0
64,tokres+winres,bookcorpus,agnews,across,0.8989046105866443,0.3672318278005566
64,tokres+winres,bookcorpus,tldr17,across,0.882985039771396,0.2679996297849744
64,tokres+winres,bookcorpus,codeparrot,across,0.5944043192545965,0.5555268650271835
64,tokres+winres,agnews,wikitext,across,0.9076280444963449,0.29191800749105984
64,tokres+winres,agnews,bookcorpus,across,0.8835436980682869,0.3672318278005566
64,tokres+winres,agnews,agnews,within,0.9796300824196827,0.0
64,tokres+winres,agnews,tldr17,across,0.9188320106717374,0.27342250670670154
64,tokres+winres,agnews,codeparrot,across,0.7504780081244931,0.46369879878301623
64,tokres+winres,tldr17,wikitext,across,0.869265862615267,0.3019097960803622
64,tokres+winres,tldr17,bookcorpus,across,0.8830682918078118,0.2679996297849744
64,tokres+winres,tldr17,agnews,across,0.9087883686051659,0.27342250670670154
64,tokres+winres,tldr17,tldr17,within,0.9666769284341374,0.0
64,tokres+winres,tldr17,codeparrot,across,0.6412533487633878,0.47192531162841894
64,tokres+winres,codeparrot,wikitext,across,0.6426811267808624,0.5216242043865897
64,tokres+winres,codeparrot,bookcorpus,across,0.5772567431846545,0.5555268650271835
64,tokres+winres,codeparrot,agnews,across,0.7271951633941595,0.46369879878301623
64,tokres+winres,codeparrot,tldr17,across,0.6746811138957471,0.47192531162841894
64,tokres+winres,codeparrot,codeparrot,within,0.9517984819885225,0.0
64,tokres+posres,wikitext,wikitext,within,0.9270609615449,0.0
64,tokres+posres,wikitext,bookcorpus,across,0.8447837829262377,0.28257005615900477
64,tokres+posres,wikitext,agnews,across,0.8396860681933282,0.29191800749105984
64,tokres+posres,wikitext,tldr17,across,0.8028967855870075,0.3019097960803622
64,tokres+posres,wikitext,codeparrot,across,0.7128833268110248,0.5216242043865897
64,tokres+posres,bookcorpus,wikitext,across,0.8711541881807332,0.28257005615900477
64,tokres+posres,bookcorpus,bookcorpus,within,0.9088533401521273,0.0
64,tokres+posres,bookcorpus,agnews,across,0.8472000650057832,0.3672318278005566
64,tokres+posres,bookcorpus,tldr17,across,0.8163942004344643,0.2679996297849744
64,tokres+posres,bookcorpus,codeparrot,across,0.6808120908174423,0.5555268650271835
64,tokres+posres,agnews,wikitext,across,0.8639213513159945,0.29191800749105984
64,tokres+posres,agnews,bookcorpus,across,0.8436313394649713,0.3672318278005566
64,tokres+posres,agnews,agnews,within,0.9513188600420205,0.0
64,tokres+posres,agnews,tldr17,across,0.896918767258536,0.27342250670670154
64,tokres+posres,agnews,codeparrot,across,0.7983851058029131,0.46369879878301623
64,tokres+posres,tldr17,wikitext,across,0.8166803393560332,0.3019097960803622
64,tokres+posres,tldr17,bookcorpus,across,0.8193284832228278,0.2679996297849744
64,tokres+posres,tldr17,agnews,across,0.8860818135769346,0.27342250670670154
64,tokres+posres,tldr17,tldr17,within,0.9260886955439463,0.0
64,tokres+posres,tldr17,codeparrot,across,0.7590281052098948,0.47192531162841894
64,tokres+posres,codeparrot,wikitext,across,0.7585534819327419,0.5216242043865897
64,tokres+posres,codeparrot,bookcorpus,across,0.7033015531249301,0.5555268650271835
64,tokres+posres,codeparrot,agnews,across,0.8175045781798539,0.46369879878301623
64,tokres+posres,codeparrot,tldr17,across,0.7853327342040146,0.47192531162841894
64,tokres+posres,codeparrot,codeparrot,within,0.9352786271903397,0.0
64,tokres+rank,wikitext,wikitext,within,0.9274913218402817,0.0
64,tokres+rank,wikitext,bookcorpus,across,0.9066874776718867,0.28257005615900477
64,tokres+rank,wikitext,agnews,across,0.8857410342183922,0.29191800749105984
64,tokres+rank,wikitext,tldr17,across,0.8789474974140401,0.3019097960803622
64,tokres+rank,wikitext,codeparrot,across,0.771661030692321,0.5216242043865897
64,tokres+rank,bookcorpus,wikitext,across,0.9165789408328406,0.28257005615900477
64,tokres+rank,bookcorpus,bookcorpus,within,0.9401346559152823,0.0
64,tokres+rank,bookcorpus,agnews,across,0.8974522962430332,0.3672318278005566
64,tokres+rank,bookcorpus,tldr17,across,0.8934403158112041,0.2679996297849744
64,tokres+rank,bookcorpus,codeparrot,across,0.7723170581030827,0.5555268650271835
64,tokres+rank,agnews,wikitext,across,0.8996494258783821,0.29191800749105984
64,tokres+rank,agnews,bookcorpus,across,0.895880966842561,0.3672318278005566
64,tokres+rank,agnews,agnews,within,0.9541995251730948,0.0
64,tokres+rank,agnews,tldr17,across,0.9133223013176651,0.27342250670670154
64,tokres+rank,agnews,codeparrot,across,0.8293577226891031,0.46369879878301623
64,tokres+rank,tldr17,wikitext,across,0.8903805758921061,0.3019097960803622
64,tokres+rank,tldr17,bookcorpus,across,0.904451314006051,0.2679996297849744
64,tokres+rank,tldr17,agnews,across,0.9078654309818124,0.27342250670670154
64,tokres+rank,tldr17,tldr17,within,0.9340776138506232,0.0
64,tokres+rank,tldr17,codeparrot,across,0.7995087985632341,0.47192531162841894
64,tokres+rank,codeparrot,wikitext,across,0.7918797017360429,0.5216242043865897
64,tokres+rank,codeparrot,bookcorpus,across,0.7789059867582305,0.5555268650271835
64,tokres+rank,codeparrot,agnews,across,0.8442122856778087,0.46369879878301623
64,tokres+rank,codeparrot,tldr17,across,0.8055561193558726,0.47192531162841894
64,tokres+rank,codeparrot,codeparrot,within,0.919775890597918,0.0
64,tokres+wordonly,wikitext,wikitext,within,0.8774776546327118,0.0
64,tokres+wordonly,wikitext,bookcorpus,across,0.8058953414343089,0.28257005615900477
64,tokres+wordonly,wikitext,agnews,across,0.8043300760664501,0.29191800749105984
64,tokres+wordonly,wikitext,tldr17,across,0.76075150492315,0.3019097960803622
64,tokres+wordonly,wikitext,codeparrot,across,0.6471419050740248,0.5216242043865897
64,tokres+wordonly,bookcorpus,wikitext,across,0.8424515825675533,0.28257005615900477
64,tokres+wordonly,bookcorpus,bookcorpus,within,0.8657414328857855,0.0
64,tokres+wordonly,bookcorpus,agnews,across,0.8388894652842567,0.3672318278005566
64,tokres+wordonly,bookcorpus,tldr17,across,0.7944462246946132,0.2679996297849744
64,tokres+wordonly,bookcorpus,codeparrot,across,0.6596467387955806,0.5555268650271835
64,tokres+wordonly,agnews,wikitext,across,0.8400210716549286,0.29191800749105984
64,tokres+wordonly,agnews,bookcorpus,across,0.8400932267828187,0.3672318278005566
64,tokres+wordonly,agnews,agnews,within,0.9087623072890348,0.0
64,tokres+wordonly,agnews,tldr17,across,0.840727332211736,0.27342250670670154
64,tokres+wordonly,agnews,codeparrot,across,0.7553100592258043,0.46369879878301623
64,tokres+wordonly,tldr17,wikitext,across,0.7948096115342719,0.3019097960803622
64,tokres+wordonly,tldr17,bookcorpus,across,0.8135177311280664,0.2679996297849744
64,tokres+wordonly,tldr17,agnews,across,0.8375294861037654,0.27342250670670154
64,tokres+wordonly,tldr17,tldr17,within,0.8632647371006641,0.0
64,tokres+wordonly,tldr17,codeparrot,across,0.688309717371378,0.47192531162841894
64,tokres+wordonly,codeparrot,wikitext,across,0.6908459039266517,0.5216242043865897
64,tokres+wordonly,codeparrot,bookcorpus,across,0.6899908245181268,0.5555268650271835
64,tokres+wordonly,codeparrot,agnews,across,0.7579313105885584,0.46369879878301623
64,tokres+wordonly,codeparrot,tldr17,across,0.6991522494522412,0.47192531162841894
64,tokres+wordonly,codeparrot,codeparrot,within,0.9137399445102967,0.0
1000,base,wikitext,wikitext,within,0.9782890069721729,0.0
1000,base,wikitext,bookcorpus,across,0.589654981103716,0.28257005615900477
1000,base,wikitext,agnews,across,0.5880718482954307,0.29191800749105984
1000,base,wikitext,tldr17,across,0.4900114143983109,0.3019097960803622
1000,base,wikitext,codeparrot,across,0.13606073285208742,0.5216242043865897
1000,base,bookcorpus,wikitext,across,0.5830118724009881,0.28257005615900477
1000,base,bookcorpus,bookcorpus,within,0.989395996194127,0.0
1000,base,bookcorpus,agnews,across,0.3811498384504354,0.3672318278005566
1000,base,bookcorpus,tldr17,across,0.4771461414448382,0.2679996297849744
1000,base,bookcorpus,codeparrot,across,0.10264888978084274,0.5555268650271835
1000,base,agnews,wikitext,across,0.5902593740469261,0.29191800749105984
1000,base,agnews,bookcorpus,across,0.3783949959115032,0.3672318278005566
1000,base,agnews,agnews,within,0.9829357120947788,0.0
1000,base,agnews,tldr17,across,0.5906498095969637,0.27342250670670154
1000,base,agnews,codeparrot,across,0.17219750079020632,0.46369879878301623
1000,base,tldr17,wikitext,across,0.4352540239049684,0.3019097960803622
1000,base,tldr17,bookcorpus,across,0.4644693089754317,0.2679996297849744
1000,base,tldr17,agnews,across,0.5287574601161179,0.27342250670670154
1000,base,tldr17,tldr17,within,0.9512791896269658,0.0
1000,base,tldr17,codeparrot,across,0.14199364251716157,0.47192531162841894
1000,base,codeparrot,wikitext,across,0.15215630902427205,0.5216242043865897
1000,base,codeparrot,bookcorpus,across,0.1139730883676512,0.5555268650271835
1000,base,codeparrot,agnews,across,0.18923268984565228,0.46369879878301623
1000,base,codeparrot,tldr17,across,0.1647453468956217,0.47192531162841894
1000,base,codeparrot,codeparrot,within,0.816951988494776,0.0
1000,tokmean,wikitext,wikitext,within,0.9881892458624518,0.0
1000,tokmean,wikitext,bookcorpus,across,0.7102561773621822,0.28257005615900477
1000,tokmean,wikitext,agnews,across,0.555092865342521,0.29191800749105984
1000,tokmean,wikitext,tldr17,across,0.4991685422918545,0.3019097960803622
1000,tokmean,wikitext,codeparrot,across,0.14405530972517033,0.5216242043865897
1000,tokmean,bookcorpus,wikitext,across,0.7081735931986598,0.28257005615900477
1000,tokmean,bookcorpus,bookcorpus,within,0.9942211321446768,0.0
1000,tokmean,bookcorpus,agnews,across,0.4254653342090838,0.3672318278005566
1000,tokmean,bookcorpus,tldr17,across,0.51563322084087,0.2679996297849744
1000,tokmean,bookcorpus,codeparrot,across,0.11128580758229967,0.5555268650271835
1000,tokmean,agnews,wikitext,across,0.5546336266097622,0.29191800749105984
1000,tokmean,agnews,bookcorpus,across,0.42001419098605636,0.3672318278005566
1000,tokmean,agnews,agnews,within,0.9892865412274419,0.0
1000,tokmean,agnews,tldr17,across,0.6195104475921358,0.27342250670670154
1000,tokmean,agnews,codeparrot,across,0.20064831140929926,0.46369879878301623
1000,tokmean,tldr17,wikitext,across,0.46042380083854184,0.3019097960803622
1000,tokmean,tldr17,bookcorpus,across,0.4993992700402289,0.2679996297849744
1000,tokmean,tldr17,agnews,across,0.5730820566497722,0.27342250670670154
1000,tokmean,tldr17,tldr17,within,0.9717955179017849,0.0
1000,tokmean,tldr17,codeparrot,across,0.16572413677213219,0.47192531162841894
1000,tokmean,codeparrot,wikitext,across,0.16780792248864976,0.5216242043865897
1000,tokmean,codeparrot,bookcorpus,across,0.1258421058610285,0.5555268650271835
1000,tokmean,codeparrot,agnews,across,0.2227379667346591,0.46369879878301623
1000,tokmean,codeparrot,tldr17,across,0.1918236442206797,0.47192531162841894
1000,tokmean,codeparrot,codeparrot,within,0.8646778989470021,0.0
1000,tokres,wikitext,wikitext,within,0.9341054572746811,0.0
1000,tokres,wikitext,bookcorpus,across,0.6467125404060173,0.28257005615900477
1000,tokres,wikitext,agnews,across,0.624921204357436,0.29191800749105984
1000,tokres,wikitext,tldr17,across,0.560524701648613,0.3019097960803622
1000,tokres,wikitext,codeparrot,across,0.2768674487645535,0.5216242043865897
1000,tokres,bookcorpus,wikitext,across,0.6414613256906925,0.28257005615900477
1000,tokres,bookcorpus,bookcorpus,within,0.9543170213330092,0.0
1000,tokres,bookcorpus,agnews,across,0.5335187315981432,0.3672318278005566
1000,tokres,bookcorpus,tldr17,across,0.564997904959434,0.2679996297849744
1000,tokres,bookcorpus,codeparrot,across,0.23266740712407807,0.5555268650271835
1000,tokres,agnews,wikitext,across,0.6238926048046521,0.29191800749105984
1000,tokres,agnews,bookcorpus,across,0.5350857613826354,0.3672318278005566
1000,tokres,agnews,agnews,within,0.963010947461128,0.0
1000,tokres,agnews,tldr17,across,0.6491203367025687,0.27342250670670154
1000,tokres,agnews,codeparrot,across,0.39326214683297667,0.46369879878301623
1000,tokres,tldr17,wikitext,across,0.5323185833248034,0.3019097960803622
1000,tokres,tldr17,bookcorpus,across,0.5543197387279346,0.2679996297849744
1000,tokres,tldr17,agnews,across,0.6121746478772612,0.27342250670670154
1000,tokres,tldr17,tldr17,within,0.8966794121616708,0.0
1000,tokres,tldr17,codeparrot,across,0.37110469452681055,0.47192531162841894
1000,tokres,codeparrot,wikitext,across,0.3103036282254665,0.5216242043865897
1000,tokres,codeparrot,bookcorpus,across,0.25948818925804185,0.5555268650271835
1000,tokres,codeparrot,agnews,across,0.4089939376095922,0.46369879878301623
1000,tokres,codeparrot,tldr17,across,0.38529873930923764,0.47192531162841894
1000,tokres,codeparrot,codeparrot,within,0.7646600744696457,0.0
1000,tokres_own,wikitext,wikitext,within,0.9187753253329478,0.0
1000,tokres_own,wikitext,bookcorpus,across,0.6547044766318189,0.28257005615900477
1000,tokres_own,wikitext,agnews,across,0.6652080677959467,0.29191800749105984
1000,tokres_own,wikitext,tldr17,across,0.5869573540147094,0.3019097960803622
1000,tokres_own,wikitext,codeparrot,across,0.27391532361170334,0.5216242043865897
1000,tokres_own,bookcorpus,wikitext,across,0.6486845770922461,0.28257005615900477
1000,tokres_own,bookcorpus,bookcorpus,within,0.9386491214025204,0.0
1000,tokres_own,bookcorpus,agnews,across,0.5682299694885213,0.3672318278005566
1000,tokres_own,bookcorpus,tldr17,across,0.6322565018732268,0.2679996297849744
1000,tokres_own,bookcorpus,codeparrot,across,0.2399442120127798,0.5555268650271835
1000,tokres_own,agnews,wikitext,across,0.6727944395059471,0.29191800749105984
1000,tokres_own,agnews,bookcorpus,across,0.5734464601898276,0.3672318278005566
1000,tokres_own,agnews,agnews,within,0.9491201331366256,0.0
1000,tokres_own,agnews,tldr17,across,0.6696376331489033,0.27342250670670154
1000,tokres_own,agnews,codeparrot,across,0.33094193664588856,0.46369879878301623
1000,tokres_own,tldr17,wikitext,across,0.5826714745488679,0.3019097960803622
1000,tokres_own,tldr17,bookcorpus,across,0.6556425494485877,0.2679996297849744
1000,tokres_own,tldr17,agnews,across,0.6534451552939338,0.27342250670670154
1000,tokres_own,tldr17,tldr17,within,0.88485549233484,0.0
1000,tokres_own,tldr17,codeparrot,across,0.29219736108479,0.47192531162841894
1000,tokres_own,codeparrot,wikitext,across,0.29819896908606114,0.5216242043865897
1000,tokres_own,codeparrot,bookcorpus,across,0.26394238041116463,0.5555268650271835
1000,tokres_own,codeparrot,agnews,across,0.34222503063947673,0.46369879878301623
1000,tokres_own,codeparrot,tldr17,across,0.2994993314096254,0.47192531162841894
1000,tokres_own,codeparrot,codeparrot,within,0.6996701342592652,0.0
1000,freqmatch,wikitext,wikitext,within,0.9665720480956211,0.0
1000,freqmatch,wikitext,bookcorpus,across,0.7359092632009699,0.28257005615900477
1000,freqmatch,wikitext,agnews,across,0.76759418195048,0.29191800749105984
1000,freqmatch,wikitext,tldr17,across,0.7545831343491964,0.3019097960803622
1000,freqmatch,wikitext,codeparrot,across,0.4636277775625429,0.5216242043865897
1000,freqmatch,bookcorpus,wikitext,across,0.7188885568459354,0.28257005615900477
1000,freqmatch,bookcorpus,bookcorpus,within,0.9837733554553323,0.0
1000,freqmatch,bookcorpus,agnews,across,0.6279570385914905,0.3672318278005566
1000,freqmatch,bookcorpus,tldr17,across,0.7161444445616553,0.2679996297849744
1000,freqmatch,bookcorpus,codeparrot,across,0.4072485529081257,0.5555268650271835
1000,freqmatch,agnews,wikitext,across,0.7661477209856471,0.29191800749105984
1000,freqmatch,agnews,bookcorpus,across,0.6287957798092024,0.3672318278005566
1000,freqmatch,agnews,agnews,within,0.9788694162323419,0.0
1000,freqmatch,agnews,tldr17,across,0.8400117130125202,0.27342250670670154
1000,freqmatch,agnews,codeparrot,across,0.5191600535592366,0.46369879878301623
1000,freqmatch,tldr17,wikitext,across,0.6977016990302303,0.3019097960803622
1000,freqmatch,tldr17,bookcorpus,across,0.7026238603831737,0.2679996297849744
1000,freqmatch,tldr17,agnews,across,0.8133663387156381,0.27342250670670154
1000,freqmatch,tldr17,tldr17,within,0.9579486949520774,0.0
1000,freqmatch,tldr17,codeparrot,across,0.5506670234844211,0.47192531162841894
1000,freqmatch,codeparrot,wikitext,across,0.4640121607863891,0.5216242043865897
1000,freqmatch,codeparrot,bookcorpus,across,0.419816139138377,0.5555268650271835
1000,freqmatch,codeparrot,agnews,across,0.5174898431594226,0.46369879878301623
1000,freqmatch,codeparrot,tldr17,across,0.5433682800994993,0.47192531162841894
1000,freqmatch,codeparrot,codeparrot,within,0.8417642650214827,0.0
1000,posres,wikitext,wikitext,within,0.9783573052065934,0.0
1000,posres,wikitext,bookcorpus,across,0.5919787000521498,0.28257005615900477
1000,posres,wikitext,agnews,across,0.5902950352256747,0.29191800749105984
1000,posres,wikitext,tldr17,across,0.4928228643827783,0.3019097960803622
1000,posres,wikitext,codeparrot,across,0.13856219859807653,0.5216242043865897
1000,posres,bookcorpus,wikitext,across,0.5852065391066785,0.28257005615900477
1000,posres,bookcorpus,bookcorpus,within,0.9894046597786521,0.0
1000,posres,bookcorpus,agnews,across,0.38413593896180975,0.3672318278005566
1000,posres,bookcorpus,tldr17,across,0.4799190991148565,0.2679996297849744
1000,posres,bookcorpus,codeparrot,across,0.10451355123545286,0.5555268650271835
1000,posres,agnews,wikitext,across,0.5926215602207496,0.29191800749105984
1000,posres,agnews,bookcorpus,across,0.3814304753549441,0.3672318278005566
1000,posres,agnews,agnews,within,0.9829549880951506,0.0
1000,posres,agnews,tldr17,across,0.5933278963403197,0.27342250670670154
1000,posres,agnews,codeparrot,across,0.1748424863592268,0.46369879878301623
1000,posres,tldr17,wikitext,across,0.43804445194083025,0.3019097960803622
1000,posres,tldr17,bookcorpus,across,0.46699881519694786,0.2679996297849744
1000,posres,tldr17,agnews,across,0.5316039775303718,0.27342250670670154
1000,posres,tldr17,tldr17,within,0.9515617204865637,0.0
1000,posres,tldr17,codeparrot,across,0.14425312736790857,0.47192531162841894
1000,posres,codeparrot,wikitext,across,0.15469320625173433,0.5216242043865897
1000,posres,codeparrot,bookcorpus,across,0.11604553859818761,0.5555268650271835
1000,posres,codeparrot,agnews,across,0.19178918370978174,0.46369879878301623
1000,posres,codeparrot,tldr17,across,0.16722017169724984,0.47192531162841894
1000,posres,codeparrot,codeparrot,within,0.8179367621448201,0.0
1000,winres,wikitext,wikitext,within,0.980354835184,0.0
1000,winres,wikitext,bookcorpus,across,0.6014412700791114,0.28257005615900477
1000,winres,wikitext,agnews,across,0.585634640356527,0.29191800749105984
1000,winres,wikitext,tldr17,across,0.4903510005557605,0.3019097960803622
1000,winres,wikitext,codeparrot,across,0.13041198935797796,0.5216242043865897
1000,winres,bookcorpus,wikitext,across,0.5957639023918005,0.28257005615900477
1000,winres,bookcorpus,bookcorpus,within,0.9896609398113204,0.0
1000,winres,bookcorpus,agnews,across,0.3830017317866741,0.3672318278005566
1000,winres,bookcorpus,tldr17,across,0.4772425053817009,0.2679996297849744
1000,winres,bookcorpus,codeparrot,across,0.10117439756479553,0.5555268650271835
1000,winres,agnews,wikitext,across,0.5867067847260976,0.29191800749105984
1000,winres,agnews,bookcorpus,across,0.37938855987329195,0.3672318278005566
1000,winres,agnews,agnews,within,0.9834220153992332,0.0
1000,winres,agnews,tldr17,across,0.5923012568170032,0.27342250670670154
1000,winres,agnews,codeparrot,across,0.16791364403014708,0.46369879878301623
1000,winres,tldr17,wikitext,across,0.4349209977900241,0.3019097960803622
1000,winres,tldr17,bookcorpus,across,0.46282301589005587,0.2679996297849744
1000,winres,tldr17,agnews,across,0.529982837706072,0.27342250670670154
1000,winres,tldr17,tldr17,within,0.9596756058451955,0.0
1000,winres,tldr17,codeparrot,across,0.13896020814518434,0.47192531162841894
1000,winres,codeparrot,wikitext,across,0.14566541002519456,0.5216242043865897
1000,winres,codeparrot,bookcorpus,across,0.11245811868454592,0.5555268650271835
1000,winres,codeparrot,agnews,across,0.18458960504917385,0.46369879878301623
1000,winres,codeparrot,tldr17,across,0.1618161963825191,0.47192531162841894
1000,winres,codeparrot,codeparrot,within,0.8295262372604475,0.0
1000,rank,wikitext,wikitext,within,0.9786741802376796,0.0
1000,rank,wikitext,bookcorpus,across,0.5487787749021229,0.28257005615900477
1000,rank,wikitext,agnews,across,0.49283294835861846,0.29191800749105984
1000,rank,wikitext,tldr17,across,0.3773452048544944,0.3019097960803622
1000,rank,wikitext,codeparrot,across,0.09943271011147861,0.5216242043865897
1000,rank,bookcorpus,wikitext,across,0.5397573782080248,0.28257005615900477
1000,rank,bookcorpus,bookcorpus,within,0.9891794928267662,0.0
1000,rank,bookcorpus,agnews,across,0.28874676033612867,0.3672318278005566
1000,rank,bookcorpus,tldr17,across,0.36754831843696456,0.2679996297849744
1000,rank,bookcorpus,codeparrot,across,0.07701889304680219,0.5555268650271835
1000,rank,agnews,wikitext,across,0.496163919058849,0.29191800749105984
1000,rank,agnews,bookcorpus,across,0.2849206168164159,0.3672318278005566
1000,rank,agnews,agnews,within,0.98310927588162,0.0
1000,rank,agnews,tldr17,across,0.5368177660239087,0.27342250670670154
1000,rank,agnews,codeparrot,across,0.1325215252160082,0.46369879878301623
1000,rank,tldr17,wikitext,across,0.32234953132830213,0.3019097960803622
1000,rank,tldr17,bookcorpus,across,0.34944217140937156,0.2679996297849744
1000,rank,tldr17,agnews,across,0.47004451098158784,0.27342250670670154
1000,rank,tldr17,tldr17,within,0.9520225916597953,0.0
1000,rank,tldr17,codeparrot,across,0.12195084616169381,0.47192531162841894
1000,rank,codeparrot,wikitext,across,0.10269441568848121,0.5216242043865897
1000,rank,codeparrot,bookcorpus,across,0.08080095801930536,0.5555268650271835
1000,rank,codeparrot,agnews,across,0.13669762234087382,0.46369879878301623
1000,rank,codeparrot,tldr17,across,0.12983808862659824,0.47192531162841894
1000,rank,codeparrot,codeparrot,within,0.8445600082237456,0.0
1000,wordonly,wikitext,wikitext,within,0.9731717820594015,0.0
1000,wordonly,wikitext,bookcorpus,across,0.6304154094020483,0.28257005615900477
1000,wordonly,wikitext,agnews,across,0.7891773577118708,0.29191800749105984
1000,wordonly,wikitext,tldr17,across,0.6546941482812522,0.3019097960803622
1000,wordonly,wikitext,codeparrot,across,0.16158505755889585,0.5216242043865897
1000,wordonly,bookcorpus,wikitext,across,0.6165612977172775,0.28257005615900477
1000,wordonly,bookcorpus,bookcorpus,within,0.9852848951619692,0.0
1000,wordonly,bookcorpus,agnews,across,0.5437628613299891,0.3672318278005566
1000,wordonly,bookcorpus,tldr17,across,0.6880865447573811,0.2679996297849744
1000,wordonly,bookcorpus,codeparrot,across,0.12496424446196754,0.5555268650271835
1000,wordonly,agnews,wikitext,across,0.7869401610916094,0.29191800749105984
1000,wordonly,agnews,bookcorpus,across,0.5418173101511398,0.3672318278005566
1000,wordonly,agnews,agnews,within,0.9804909486800065,0.0
1000,wordonly,agnews,tldr17,across,0.5955021984501505,0.27342250670670154
1000,wordonly,agnews,codeparrot,across,0.1607609420005981,0.46369879878301623
1000,wordonly,tldr17,wikitext,across,0.573138212315836,0.3019097960803622
1000,wordonly,tldr17,bookcorpus,across,0.6678383830613359,0.2679996297849744
1000,wordonly,tldr17,agnews,across,0.5281206383412717,0.27342250670670154
1000,wordonly,tldr17,tldr17,within,0.9480361383666075,0.0
1000,wordonly,tldr17,codeparrot,across,0.13258054150253873,0.47192531162841894
1000,wordonly,codeparrot,wikitext,across,0.18371250994030805,0.5216242043865897
1000,wordonly,codeparrot,bookcorpus,across,0.1427874070914382,0.5555268650271835
1000,wordonly,codeparrot,agnews,across,0.18515707732251632,0.46369879878301623
1000,wordonly,codeparrot,tldr17,across,0.16499373277763899,0.47192531162841894
1000,wordonly,codeparrot,codeparrot,within,0.7457245558996092,0.0
1000,tokres+winres,wikitext,wikitext,within,0.9103640432993049,0.0
1000,tokres+winres,wikitext,bookcorpus,across,0.6958262385131456,0.28257005615900477
1000,tokres+winres,wikitext,agnews,across,0.6892655417387362,0.29191800749105984
1000,tokres+winres,wikitext,tldr17,across,0.6312229656337888,0.3019097960803622
1000,tokres+winres,wikitext,codeparrot,across,0.39076553438615447,0.5216242043865897
1000,tokres+winres,bookcorpus,wikitext,across,0.6855755208864368,0.28257005615900477
1000,tokres+winres,bookcorpus,bookcorpus,within,0.9339184963880443,0.0
1000,tokres+winres,bookcorpus,agnews,across,0.6110940116535487,0.3672318278005566
1000,tokres+winres,bookcorpus,tldr17,across,0.6383500867203533,0.2679996297849744
1000,tokres+winres,bookcorpus,codeparrot,across,0.36817980389241,0.5555268650271835
1000,tokres+winres,agnews,wikitext,across,0.6821951872602817,0.29191800749105984
1000,tokres+winres,agnews,bookcorpus,across,0.6110713257052919,0.3672318278005566
1000,tokres+winres,agnews,agnews,within,0.9402246973678081,0.0
1000,tokres+winres,agnews,tldr17,across,0.7073084451167039,0.27342250670670154
1000,tokres+winres,agnews,codeparrot,across,0.49118877968451097,0.46369879878301623
1000,tokres+winres,tldr17,wikitext,across,0.5990667331980634,0.3019097960803622
1000,tokres+winres,tldr17,bookcorpus,across,0.6284444587089518,0.2679996297849744
1000,tokres+winres,tldr17,agnews,across,0.6668217537515879,0.27342250670670154
1000,tokres+winres,tldr17,tldr17,within,0.8841039567924012,0.0
1000,tokres+winres,tldr17,codeparrot,across,0.47976673786231644,0.47192531162841894
1000,tokres+winres,codeparrot,wikitext,across,0.42034204118567414,0.5216242043865897
1000,tokres+winres,codeparrot,bookcorpus,across,0.3946688473357945,0.5555268650271835
1000,tokres+winres,codeparrot,agnews,across,0.5097491237497005,0.46369879878301623
1000,tokres+winres,codeparrot,tldr17,across,0.5050675957704035,0.47192531162841894
1000,tokres+winres,codeparrot,codeparrot,within,0.7621975086717362,0.0
1000,tokres+posres,wikitext,wikitext,within,0.9494545986283329,0.0
1000,tokres+posres,wikitext,bookcorpus,across,0.7325123426496638,0.28257005615900477
1000,tokres+posres,wikitext,agnews,across,0.723113347309517,0.29191800749105984
1000,tokres+posres,wikitext,tldr17,across,0.6698965640121519,0.3019097960803622
1000,tokres+posres,wikitext,codeparrot,across,0.4330313172009199,0.5216242043865897
1000,tokres+posres,bookcorpus,wikitext,across,0.7282476377615524,0.28257005615900477
1000,tokres+posres,bookcorpus,bookcorpus,within,0.9661046294557655,0.0
1000,tokres+posres,bookcorpus,agnews,across,0.6484029845352709,0.3672318278005566
1000,tokres+posres,bookcorpus,tldr17,across,0.6729973929923004,0.2679996297849744
1000,tokres+posres,bookcorpus,codeparrot,across,0.3913723025387885,0.5555268650271835
1000,tokres+posres,agnews,wikitext,across,0.7225900724813665,0.29191800749105984
1000,tokres+posres,agnews,bookcorpus,across,0.6498690886139026,0.3672318278005566
1000,tokres+posres,agnews,agnews,within,0.9696410775803719,0.0
1000,tokres+posres,agnews,tldr17,across,0.7260690293256629,0.27342250670670154
1000,tokres+posres,agnews,codeparrot,across,0.5165722402730473,0.46369879878301623
1000,tokres+posres,tldr17,wikitext,across,0.6463374082770442,0.3019097960803622
1000,tokres+posres,tldr17,bookcorpus,across,0.6637167569251121,0.2679996297849744
1000,tokres+posres,tldr17,agnews,across,0.6975560043073092,0.27342250670670154
1000,tokres+posres,tldr17,tldr17,within,0.9200313726909197,0.0
1000,tokres+posres,tldr17,codeparrot,across,0.5013937137733686,0.47192531162841894
1000,tokres+posres,codeparrot,wikitext,across,0.46442086347936995,0.5216242043865897
1000,tokres+posres,codeparrot,bookcorpus,across,0.41818124963500836,0.5555268650271835
1000,tokres+posres,codeparrot,agnews,across,0.5346576979424804,0.46369879878301623
1000,tokres+posres,codeparrot,tldr17,across,0.518013385060659,0.47192531162841894
1000,tokres+posres,codeparrot,codeparrot,within,0.8162697955721472,0.0
1000,tokres+rank,wikitext,wikitext,within,0.9946105230672189,0.0
1000,tokres+rank,wikitext,bookcorpus,across,0.9806380253328971,0.28257005615900477
1000,tokres+rank,wikitext,agnews,across,0.983606765915737,0.29191800749105984
1000,tokres+rank,wikitext,tldr17,across,0.9770868474102076,0.3019097960803622
1000,tokres+rank,wikitext,codeparrot,across,0.9532926833195272,0.5216242043865897
1000,tokres+rank,bookcorpus,wikitext,across,0.9799243978665512,0.28257005615900477
1000,tokres+rank,bookcorpus,bookcorpus,within,0.995630706418786,0.0
1000,tokres+rank,bookcorpus,agnews,across,0.9773897718979525,0.3672318278005566
1000,tokres+rank,bookcorpus,tldr17,across,0.9753365177130598,0.2679996297849744
1000,tokres+rank,bookcorpus,codeparrot,across,0.9496215709943046,0.5555268650271835
1000,tokres+rank,agnews,wikitext,across,0.9833182568092307,0.29191800749105984
1000,tokres+rank,agnews,bookcorpus,across,0.9774151511284302,0.3672318278005566
1000,tokres+rank,agnews,agnews,within,0.9965967341040322,0.0
1000,tokres+rank,agnews,tldr17,across,0.9788706949849515,0.27342250670670154
1000,tokres+rank,agnews,codeparrot,across,0.9551353369783443,0.46369879878301623
1000,tokres+rank,tldr17,wikitext,across,0.9767764164286746,0.3019097960803622
1000,tokres+rank,tldr17,bookcorpus,across,0.9764488503284033,0.2679996297849744
1000,tokres+rank,tldr17,agnews,across,0.9788029345748257,0.27342250670670154
1000,tokres+rank,tldr17,tldr17,within,0.9910514019594823,0.0
1000,tokres+rank,tldr17,codeparrot,across,0.9523902146731381,0.47192531162841894
1000,tokres+rank,codeparrot,wikitext,across,0.9637917202552099,0.5216242043865897
1000,tokres+rank,codeparrot,bookcorpus,across,0.9603635099410665,0.5555268650271835
1000,tokres+rank,codeparrot,agnews,across,0.9659646127415147,0.46369879878301623
1000,tokres+rank,codeparrot,tldr17,across,0.9614309212517155,0.47192531162841894
1000,tokres+rank,codeparrot,codeparrot,within,0.973010615824559,0.0
1000,tokres+wordonly,wikitext,wikitext,within,0.9309206772339267,0.0
1000,tokres+wordonly,wikitext,bookcorpus,across,0.6812821237746413,0.28257005615900477
1000,tokres+wordonly,wikitext,agnews,across,0.7562373138970524,0.29191800749105984
1000,tokres+wordonly,wikitext,tldr17,across,0.6799522565898025,0.3019097960803622
1000,tokres+wordonly,wikitext,codeparrot,across,0.2687581560421637,0.5216242043865897
1000,tokres+wordonly,bookcorpus,wikitext,across,0.6722880712141144,0.28257005615900477
1000,tokres+wordonly,bookcorpus,bookcorpus,within,0.9532768481477408,0.0
1000,tokres+wordonly,bookcorpus,agnews,across,0.6552057059775086,0.3672318278005566
1000,tokres+wordonly,bookcorpus,tldr17,across,0.6668777901237205,0.2679996297849744
1000,tokres+wordonly,bookcorpus,codeparrot,across,0.2349943098680684,0.5555268650271835
1000,tokres+wordonly,agnews,wikitext,across,0.7610425539876565,0.29191800749105984
1000,tokres+wordonly,agnews,bookcorpus,across,0.6613306108024697,0.3672318278005566
1000,tokres+wordonly,agnews,agnews,within,0.9467390442086875,0.0
1000,tokres+wordonly,agnews,tldr17,across,0.6793242177024931,0.27342250670670154
1000,tokres+wordonly,agnews,codeparrot,across,0.2869168943212407,0.46369879878301623
1000,tokres+wordonly,tldr17,wikitext,across,0.6517172063455402,0.3019097960803622
1000,tokres+wordonly,tldr17,bookcorpus,across,0.6666629712159134,0.2679996297849744
1000,tokres+wordonly,tldr17,agnews,across,0.6505184684283232,0.27342250670670154
1000,tokres+wordonly,tldr17,tldr17,within,0.8671528655274979,0.0
1000,tokres+wordonly,tldr17,codeparrot,across,0.2560303899488901,0.47192531162841894
1000,tokres+wordonly,codeparrot,wikitext,across,0.2832819293302959,0.5216242043865897
1000,tokres+wordonly,codeparrot,bookcorpus,across,0.2500507662193046,0.5555268650271835
1000,tokres+wordonly,codeparrot,agnews,across,0.3034041039037078,0.46369879878301623
1000,tokres+wordonly,codeparrot,tldr17,across,0.27316626680173833,0.47192531162841894
1000,tokres+wordonly,codeparrot,codeparrot,within,0.7210553264395653,0.0
4000,base,wikitext,wikitext,within,0.9639976405006658,0.0
4000,base,wikitext,bookcorpus,across,0.4791910828699065,0.28257005615900477
4000,base,wikitext,agnews,across,0.5398657127742172,0.29191800749105984
4000,base,wikitext,tldr17,across,0.4653593913008854,0.3019097960803622
4000,base,wikitext,codeparrot,across,0.14887588602458884,0.5216242043865897
4000,base,bookcorpus,wikitext,across,0.4686733774026773,0.28257005615900477
4000,base,bookcorpus,bookcorpus,within,0.9839118780664504,0.0
4000,base,bookcorpus,agnews,across,0.30080141715068975,0.3672318278005566
4000,base,bookcorpus,tldr17,across,0.4513532594429851,0.2679996297849744
4000,base,bookcorpus,codeparrot,across,0.11425747471130475,0.5555268650271835
4000,base,agnews,wikitext,across,0.5434712756897471,0.29191800749105984
4000,base,agnews,bookcorpus,across,0.2967319918618432,0.3672318278005566
4000,base,agnews,agnews,within,0.9714873136362399,0.0
4000,base,agnews,tldr17,across,0.48373855022104495,0.27342250670670154
4000,base,agnews,codeparrot,across,0.14438912817618907,0.46369879878301623
4000,base,tldr17,wikitext,across,0.4092753038398738,0.3019097960803622
4000,base,tldr17,bookcorpus,across,0.44259579736023663,0.2679996297849744
4000,base,tldr17,agnews,across,0.4333487150225882,0.27342250670670154
4000,base,tldr17,tldr17,within,0.9245624724431972,0.0
4000,base,tldr17,codeparrot,across,0.13014723912215448,0.47192531162841894
4000,base,codeparrot,wikitext,across,0.1588906965738218,0.5216242043865897
4000,base,codeparrot,bookcorpus,across,0.12164230363904754,0.5555268650271835
4000,base,codeparrot,agnews,across,0.16309786205450108,0.46369879878301623
4000,base,codeparrot,tldr17,across,0.15477687172589044,0.47192531162841894
4000,base,codeparrot,codeparrot,within,0.8056687252036883,0.0
4000,tokmean,wikitext,wikitext,within,0.9814431377710419,0.0
4000,tokmean,wikitext,bookcorpus,across,0.6555380166563497,0.28257005615900477
4000,tokmean,wikitext,agnews,across,0.48843995050878714,0.29191800749105984
4000,tokmean,wikitext,tldr17,across,0.45215448013888565,0.3019097960803622
4000,tokmean,wikitext,codeparrot,across,0.13480020528032136,0.5216242043865897
4000,tokmean,bookcorpus,wikitext,across,0.6508729010758348,0.28257005615900477
4000,tokmean,bookcorpus,bookcorpus,within,0.9917189257290087,0.0
4000,tokmean,bookcorpus,agnews,across,0.3471506166023693,0.3672318278005566
4000,tokmean,bookcorpus,tldr17,across,0.47948515943044473,0.2679996297849744
4000,tokmean,bookcorpus,codeparrot,across,0.10390094986864638,0.5555268650271835
4000,tokmean,agnews,wikitext,across,0.4904859179381709,0.29191800749105984
4000,tokmean,agnews,bookcorpus,across,0.341015770140244,0.3672318278005566
4000,tokmean,agnews,agnews,within,0.982179926073349,0.0
4000,tokmean,agnews,tldr17,across,0.5169116363719928,0.27342250670670154
4000,tokmean,agnews,codeparrot,across,0.15360840796368125,0.46369879878301623
4000,tokmean,tldr17,wikitext,across,0.4182515251487713,0.3019097960803622
4000,tokmean,tldr17,bookcorpus,across,0.4698158274066135,0.2679996297849744
4000,tokmean,tldr17,agnews,across,0.4762360149385409,0.27342250670670154
4000,tokmean,tldr17,tldr17,within,0.9609983003228287,0.0
4000,tokmean,tldr17,codeparrot,across,0.13049428870224064,0.47192531162841894
4000,tokmean,codeparrot,wikitext,across,0.16011901780482524,0.5216242043865897
4000,tokmean,codeparrot,bookcorpus,across,0.1178239197489391,0.5555268650271835
4000,tokmean,codeparrot,agnews,across,0.1757353402085743,0.46369879878301623
4000,tokmean,codeparrot,tldr17,across,0.1561716292163971,0.47192531162841894
4000,tokmean,codeparrot,codeparrot,within,0.8354173807103856,0.0
4000,tokres,wikitext,wikitext,within,0.9270858859912626,0.0
4000,tokres,wikitext,bookcorpus,across,0.568093930922351,0.28257005615900477
4000,tokres,wikitext,agnews,across,0.538652325799899,0.29191800749105984
4000,tokres,wikitext,tldr17,across,0.5299233915445557,0.3019097960803622
4000,tokres,wikitext,codeparrot,across,0.2528986189701207,0.5216242043865897
4000,tokres,bookcorpus,wikitext,across,0.5588062395716255,0.28257005615900477
4000,tokres,bookcorpus,bookcorpus,within,0.9531475667723088,0.0
4000,tokres,bookcorpus,agnews,across,0.4307615653966625,0.3672318278005566
4000,tokres,bookcorpus,tldr17,across,0.5599485947915798,0.2679996297849744
4000,tokres,bookcorpus,codeparrot,across,0.20181658511146783,0.5555268650271835
4000,tokres,agnews,wikitext,across,0.5328462423298423,0.29191800749105984
4000,tokres,agnews,bookcorpus,across,0.4304784467308205,0.3672318278005566
4000,tokres,agnews,agnews,within,0.9571907870486107,0.0
4000,tokres,agnews,tldr17,across,0.5272931795778537,0.27342250670670154
4000,tokres,agnews,codeparrot,across,0.291172910038623,0.46369879878301623
4000,tokres,tldr17,wikitext,across,0.4832331730083974,0.3019097960803622
4000,tokres,tldr17,bookcorpus,across,0.5415325982800274,0.2679996297849744
4000,tokres,tldr17,agnews,across,0.4930570826420075,0.27342250670670154
4000,tokres,tldr17,tldr17,within,0.8737110835060503,0.0
4000,tokres,tldr17,codeparrot,across,0.2622411922606836,0.47192531162841894
4000,tokres,codeparrot,wikitext,across,0.2669737474717192,0.5216242043865897
4000,tokres,codeparrot,bookcorpus,across,0.22203312218230536,0.5555268650271835
4000,tokres,codeparrot,agnews,across,0.31337200791820535,0.46369879878301623
4000,tokres,codeparrot,tldr17,across,0.28872868877764,0.47192531162841894
4000,tokres,codeparrot,codeparrot,within,0.7291606223244425,0.0
4000,tokres_own,wikitext,wikitext,within,0.9101187869406346,0.0
4000,tokres_own,wikitext,bookcorpus,across,0.5322313315778084,0.28257005615900477
4000,tokres_own,wikitext,agnews,across,0.5879508402081762,0.29191800749105984
4000,tokres_own,wikitext,tldr17,across,0.5505477385055114,0.3019097960803622
4000,tokres_own,wikitext,codeparrot,across,0.19902572927268167,0.5216242043865897
4000,tokres_own,bookcorpus,wikitext,across,0.5163421306847776,0.28257005615900477
4000,tokres_own,bookcorpus,bookcorpus,within,0.9423003030629403,0.0
4000,tokres_own,bookcorpus,agnews,across,0.4288543013984841,0.3672318278005566
4000,tokres_own,bookcorpus,tldr17,across,0.6345886812826644,0.2679996297849744
4000,tokres_own,bookcorpus,codeparrot,across,0.16236618589584031,0.5555268650271835
4000,tokres_own,agnews,wikitext,across,0.5883145852659679,0.29191800749105984
4000,tokres_own,agnews,bookcorpus,across,0.4322898590586577,0.3672318278005566
4000,tokres_own,agnews,agnews,within,0.9398874975973178,0.0
4000,tokres_own,agnews,tldr17,across,0.525155554740028,0.27342250670670154
4000,tokres_own,agnews,codeparrot,across,0.19190266891678187,0.46369879878301623
4000,tokres_own,tldr17,wikitext,across,0.5174269940017803,0.3019097960803622
4000,tokres_own,tldr17,bookcorpus,across,0.637188223651475,0.2679996297849744
4000,tokres_own,tldr17,agnews,across,0.5024530973638439,0.27342250670670154
4000,tokres_own,tldr17,tldr17,within,0.8763134841474352,0.0
4000,tokres_own,tldr17,codeparrot,across,0.17403845443531094,0.47192531162841894
4000,tokres_own,codeparrot,wikitext,across,0.20460958443363889,0.5216242043865897
4000,tokres_own,codeparrot,bookcorpus,across,0.1856879921449334,0.5555268650271835
4000,tokres_own,codeparrot,agnews,across,0.21320485571451905,0.46369879878301623
4000,tokres_own,codeparrot,tldr17,across,0.19471996734412392,0.47192531162841894
4000,tokres_own,codeparrot,codeparrot,within,0.6820675519318017,0.0
4000,freqmatch,wikitext,wikitext,within,0.9360311634133881,0.0
4000,freqmatch,wikitext,bookcorpus,across,0.596139780646056,0.28257005615900477
4000,freqmatch,wikitext,agnews,across,0.6732108703095314,0.29191800749105984
4000,freqmatch,wikitext,tldr17,across,0.6680934236311433,0.3019097960803622
4000,freqmatch,wikitext,codeparrot,across,0.2865307852333533,0.5216242043865897
4000,freqmatch,bookcorpus,wikitext,across,0.5880197080945305,0.28257005615900477
4000,freqmatch,bookcorpus,bookcorpus,within,0.970672095912809,0.0
4000,freqmatch,bookcorpus,agnews,across,0.47569098783090225,0.3672318278005566
4000,freqmatch,bookcorpus,tldr17,across,0.6087473526876114,0.2679996297849744
4000,freqmatch,bookcorpus,codeparrot,across,0.22866943866029282,0.5555268650271835
4000,freqmatch,agnews,wikitext,across,0.676372706203362,0.29191800749105984
4000,freqmatch,agnews,bookcorpus,across,0.4766883869372934,0.3672318278005566
4000,freqmatch,agnews,agnews,within,0.9521533675369768,0.0
4000,freqmatch,agnews,tldr17,across,0.7029521603070024,0.27342250670670154
4000,freqmatch,agnews,codeparrot,across,0.2914538056533891,0.46369879878301623
4000,freqmatch,tldr17,wikitext,across,0.6010750224674176,0.3019097960803622
4000,freqmatch,tldr17,bookcorpus,across,0.6003860076567377,0.2679996297849744
4000,freqmatch,tldr17,agnews,across,0.6685701387212433,0.27342250670670154
4000,freqmatch,tldr17,tldr17,within,0.9191723822114022,0.0
4000,freqmatch,tldr17,codeparrot,across,0.32354154948838554,0.47192531162841894
4000,freqmatch,codeparrot,wikitext,across,0.2825114837929688,0.5216242043865897
4000,freqmatch,codeparrot,bookcorpus,across,0.23262478720866037,0.5555268650271835
4000,freqmatch,codeparrot,agnews,across,0.28684272330139315,0.46369879878301623
4000,freqmatch,codeparrot,tldr17,across,0.3226368216447585,0.47192531162841894
4000,freqmatch,codeparrot,codeparrot,within,0.7298656847602398,0.0
4000,posres,wikitext,wikitext,within,0.9642929538584188,0.0
4000,posres,wikitext,bookcorpus,across,0.48078425740541875,0.28257005615900477
4000,posres,wikitext,agnews,across,0.5414503707267412,0.29191800749105984
4000,posres,wikitext,tldr17,across,0.4668557909247484,0.3019097960803622
4000,posres,wikitext,codeparrot,across,0.1488147924664348,0.5216242043865897
4000,posres,bookcorpus,wikitext,across,0.4703073425815565,0.28257005615900477
4000,posres,bookcorpus,bookcorpus,within,0.983890882812236,0.0
4000,posres,bookcorpus,agnews,across,0.3025283598886888,0.3672318278005566
4000,posres,bookcorpus,tldr17,across,0.4532188132276834,0.2679996297849744
4000,posres,bookcorpus,codeparrot,across,0.11401673571517383,0.5555268650271835
4000,posres,agnews,wikitext,across,0.5450648799599892,0.29191800749105984
4000,posres,agnews,bookcorpus,across,0.2983810326281693,0.3672318278005566
4000,posres,agnews,agnews,within,0.9713995943616102,0.0
4000,posres,agnews,tldr17,across,0.48554842615046667,0.27342250670670154
4000,posres,agnews,codeparrot,across,0.144568309197079,0.46369879878301623
4000,posres,tldr17,wikitext,across,0.4108216529394476,0.3019097960803622
4000,posres,tldr17,bookcorpus,across,0.4442333724829788,0.2679996297849744
4000,posres,tldr17,agnews,across,0.43516048071960634,0.27342250670670154
4000,posres,tldr17,tldr17,within,0.9249035858605023,0.0
4000,posres,tldr17,codeparrot,across,0.12995671778682935,0.47192531162841894
4000,posres,codeparrot,wikitext,across,0.15937837110554176,0.5216242043865897
4000,posres,codeparrot,bookcorpus,across,0.12160451892115416,0.5555268650271835
4000,posres,codeparrot,agnews,across,0.16328461059278468,0.46369879878301623
4000,posres,codeparrot,tldr17,across,0.1547140991926033,0.47192531162841894
4000,posres,codeparrot,codeparrot,within,0.8057758379465506,0.0
4000,winres,wikitext,wikitext,within,0.9676690223593705,0.0
4000,winres,wikitext,bookcorpus,across,0.4877583819292844,0.28257005615900477
4000,winres,wikitext,agnews,across,0.5402805168610029,0.29191800749105984
4000,winres,wikitext,tldr17,across,0.466898732250377,0.3019097960803622
4000,winres,wikitext,codeparrot,across,0.14753129852419092,0.5216242043865897
4000,winres,bookcorpus,wikitext,across,0.4776609096719222,0.28257005615900477
4000,winres,bookcorpus,bookcorpus,within,0.9843370101625853,0.0
4000,winres,bookcorpus,agnews,across,0.3019392635423766,0.3672318278005566
4000,winres,bookcorpus,tldr17,across,0.44934501880225114,0.2679996297849744
4000,winres,bookcorpus,codeparrot,across,0.11375206001431817,0.5555268650271835
4000,winres,agnews,wikitext,across,0.5429764004004175,0.29191800749105984
4000,winres,agnews,bookcorpus,across,0.2973896687542184,0.3672318278005566
4000,winres,agnews,agnews,within,0.9721640065561779,0.0
4000,winres,agnews,tldr17,across,0.48667851969225767,0.27342250670670154
4000,winres,agnews,codeparrot,across,0.14476141713087487,0.46369879878301623
4000,winres,tldr17,wikitext,across,0.41243272112023005,0.3019097960803622
4000,winres,tldr17,bookcorpus,across,0.4435226778681595,0.2679996297849744
4000,winres,tldr17,agnews,across,0.43790260032325135,0.27342250670670154
4000,winres,tldr17,tldr17,within,0.9417795178089529,0.0
4000,winres,tldr17,codeparrot,across,0.13069002653519307,0.47192531162841894
4000,winres,codeparrot,wikitext,across,0.15817493201688093,0.5216242043865897
4000,winres,codeparrot,bookcorpus,across,0.12100805840176669,0.5555268650271835
4000,winres,codeparrot,agnews,across,0.1623984534788002,0.46369879878301623
4000,winres,codeparrot,tldr17,across,0.15451911988397138,0.47192531162841894
4000,winres,codeparrot,codeparrot,within,0.8162382012480287,0.0
4000,rank,wikitext,wikitext,within,0.9624984747934967,0.0
4000,rank,wikitext,bookcorpus,across,0.41909591601522805,0.28257005615900477
4000,rank,wikitext,agnews,across,0.4008425848281061,0.29191800749105984
4000,rank,wikitext,tldr17,across,0.3237711477616113,0.3019097960803622
4000,rank,wikitext,codeparrot,across,0.13881860143832023,0.5216242043865897
4000,rank,bookcorpus,wikitext,across,0.4083953939260919,0.28257005615900477
4000,rank,bookcorpus,bookcorpus,within,0.9834313995872273,0.0
4000,rank,bookcorpus,agnews,across,0.21429584183410397,0.3672318278005566
4000,rank,bookcorpus,tldr17,across,0.2937237899044698,0.2679996297849744
4000,rank,bookcorpus,codeparrot,across,0.10466108076778528,0.5555268650271835
4000,rank,agnews,wikitext,across,0.4040700306829481,0.29191800749105984
4000,rank,agnews,bookcorpus,across,0.21167549302432895,0.3672318278005566
4000,rank,agnews,agnews,within,0.9675872892552707,0.0
4000,rank,agnews,tldr17,across,0.4037270970810704,0.27342250670670154
4000,rank,agnews,codeparrot,across,0.15223343124265412,0.46369879878301623
4000,rank,tldr17,wikitext,across,0.274837876571183,0.3019097960803622
4000,rank,tldr17,bookcorpus,across,0.2815566923906684,0.2679996297849744
4000,rank,tldr17,agnews,across,0.35175966423162847,0.27342250670670154
4000,rank,tldr17,tldr17,within,0.927744703508243,0.0
4000,rank,tldr17,codeparrot,across,0.13555868338024538,0.47192531162841894
4000,rank,codeparrot,wikitext,across,0.14179241381754293,0.5216242043865897
4000,rank,codeparrot,bookcorpus,across,0.10673017768258906,0.5555268650271835
4000,rank,codeparrot,agnews,across,0.15565474664213907,0.46369879878301623
4000,rank,codeparrot,tldr17,across,0.14564897833515691,0.47192531162841894
4000,rank,codeparrot,codeparrot,within,0.8113980076655652,0.0
4000,wordonly,wikitext,wikitext,within,0.9519119618313874,0.0
4000,wordonly,wikitext,bookcorpus,across,0.501558851780146,0.28257005615900477
4000,wordonly,wikitext,agnews,across,0.6941404558224509,0.29191800749105984
4000,wordonly,wikitext,tldr17,across,0.5935612407455408,0.3019097960803622
4000,wordonly,wikitext,codeparrot,across,0.14431036457231544,0.5216242043865897
4000,wordonly,bookcorpus,wikitext,across,0.4870696035098519,0.28257005615900477
4000,wordonly,bookcorpus,bookcorpus,within,0.9746545217934186,0.0
4000,wordonly,bookcorpus,agnews,across,0.4117606427785506,0.3672318278005566
4000,wordonly,bookcorpus,tldr17,across,0.6273814449059932,0.2679996297849744
4000,wordonly,bookcorpus,codeparrot,across,0.10571259024022207,0.5555268650271835
4000,wordonly,agnews,wikitext,across,0.6941656929056889,0.29191800749105984
4000,wordonly,agnews,bookcorpus,across,0.4074554886385043,0.3672318278005566
4000,wordonly,agnews,agnews,within,0.9663737339805643,0.0
4000,wordonly,agnews,tldr17,across,0.4829166985966406,0.27342250670670154
4000,wordonly,agnews,codeparrot,across,0.11620652245335046,0.46369879878301623
4000,wordonly,tldr17,wikitext,across,0.5151413909751151,0.3019097960803622
4000,wordonly,tldr17,bookcorpus,across,0.6162334194624238,0.2679996297849744
4000,wordonly,tldr17,agnews,across,0.42896683866723195,0.27342250670670154
4000,wordonly,tldr17,tldr17,within,0.9207632764009557,0.0
4000,wordonly,tldr17,codeparrot,across,0.11189102932548521,0.47192531162841894
4000,wordonly,codeparrot,wikitext,across,0.16228051133587731,0.5216242043865897
4000,wordonly,codeparrot,bookcorpus,across,0.1221407062422272,0.5555268650271835
4000,wordonly,codeparrot,agnews,across,0.1411541450277847,0.46369879878301623
4000,wordonly,codeparrot,tldr17,across,0.14295519055772413,0.47192531162841894
4000,wordonly,codeparrot,codeparrot,within,0.7467424944641488,0.0
4000,tokres+winres,wikitext,wikitext,within,0.9017792547711814,0.0
4000,tokres+winres,wikitext,bookcorpus,across,0.6662582766792825,0.28257005615900477
4000,tokres+winres,wikitext,agnews,across,0.6496225484887092,0.29191800749105984
4000,tokres+winres,wikitext,tldr17,across,0.6475095023479013,0.3019097960803622
4000,tokres+winres,wikitext,codeparrot,across,0.41377804797840567,0.5216242043865897
4000,tokres+winres,bookcorpus,wikitext,across,0.6593493542509001,0.28257005615900477
4000,tokres+winres,bookcorpus,bookcorpus,within,0.9230614617566791,0.0
4000,tokres+winres,bookcorpus,agnews,across,0.5785650665643678,0.3672318278005566
4000,tokres+winres,bookcorpus,tldr17,across,0.6685239282779133,0.2679996297849744
4000,tokres+winres,bookcorpus,codeparrot,across,0.3893032096636135,0.5555268650271835
4000,tokres+winres,agnews,wikitext,across,0.6385907887625496,0.29191800749105984
4000,tokres+winres,agnews,bookcorpus,across,0.5724929692596065,0.3672318278005566
4000,tokres+winres,agnews,agnews,within,0.9263039826196151,0.0
4000,tokres+winres,agnews,tldr17,across,0.6447792714835734,0.27342250670670154
4000,tokres+winres,agnews,codeparrot,across,0.44971264251977583,0.46369879878301623
4000,tokres+winres,tldr17,wikitext,across,0.6123340198652023,0.3019097960803622
4000,tokres+winres,tldr17,bookcorpus,across,0.6485722259719341,0.2679996297849744
4000,tokres+winres,tldr17,agnews,across,0.6085455590136601,0.27342250670670154
4000,tokres+winres,tldr17,tldr17,within,0.8407242111827044,0.0
4000,tokres+winres,tldr17,codeparrot,across,0.42817866888350187,0.47192531162841894
4000,tokres+winres,codeparrot,wikitext,across,0.42823915589862116,0.5216242043865897
4000,tokres+winres,codeparrot,bookcorpus,across,0.40407774479804104,0.5555268650271835
4000,tokres+winres,codeparrot,agnews,across,0.4654552847898779,0.46369879878301623
4000,tokres+winres,codeparrot,tldr17,across,0.4583214251366684,0.47192531162841894
4000,tokres+winres,codeparrot,codeparrot,within,0.7210332940850585,0.0
4000,tokres+posres,wikitext,wikitext,within,0.9439932492464244,0.0
4000,tokres+posres,wikitext,bookcorpus,across,0.6917902277076279,0.28257005615900477
4000,tokres+posres,wikitext,agnews,across,0.6713118486144862,0.29191800749105984
4000,tokres+posres,wikitext,tldr17,across,0.665886546941464,0.3019097960803622
4000,tokres+posres,wikitext,codeparrot,across,0.44392336326825443,0.5216242043865897
4000,tokres+posres,bookcorpus,wikitext,across,0.6854993596787103,0.28257005615900477
4000,tokres+posres,bookcorpus,bookcorpus,within,0.9616196879284402,0.0
4000,tokres+posres,bookcorpus,agnews,across,0.5954271174836971,0.3672318278005566
4000,tokres+posres,bookcorpus,tldr17,across,0.6888195653901901,0.2679996297849744
4000,tokres+posres,bookcorpus,codeparrot,across,0.40530666663527837,0.5555268650271835
4000,tokres+posres,agnews,wikitext,across,0.6669091538996766,0.29191800749105984
4000,tokres+posres,agnews,bookcorpus,across,0.5950847288290194,0.3672318278005566
4000,tokres+posres,agnews,agnews,within,0.9639066560587063,0.0
4000,tokres+posres,agnews,tldr17,across,0.6619950144421423,0.27342250670670154
4000,tokres+posres,agnews,codeparrot,across,0.4717025013762628,0.46369879878301623
4000,tokres+posres,tldr17,wikitext,across,0.6322682642427087,0.3019097960803622
4000,tokres+posres,tldr17,bookcorpus,across,0.6748773778876506,0.2679996297849744
4000,tokres+posres,tldr17,agnews,across,0.6372539577172666,0.27342250670670154
4000,tokres+posres,tldr17,tldr17,within,0.9062075916921639,0.0
4000,tokres+posres,tldr17,codeparrot,across,0.45114582721919066,0.47192531162841894
4000,tokres+posres,codeparrot,wikitext,across,0.4615928765042849,0.5216242043865897
4000,tokres+posres,codeparrot,bookcorpus,across,0.42678041894299973,0.5555268650271835
4000,tokres+posres,codeparrot,agnews,across,0.4936982945457057,0.46369879878301623
4000,tokres+posres,codeparrot,tldr17,across,0.47689126414937805,0.47192531162841894
4000,tokres+posres,codeparrot,codeparrot,within,0.7945503594039939,0.0
4000,tokres+rank,wikitext,wikitext,within,0.9977583288943134,0.0
4000,tokres+rank,wikitext,bookcorpus,across,0.9879718472127348,0.28257005615900477
4000,tokres+rank,wikitext,agnews,across,0.9892277325307837,0.29191800749105984
4000,tokres+rank,wikitext,tldr17,across,0.9875310991139382,0.3019097960803622
4000,tokres+rank,wikitext,codeparrot,across,0.9706284227428437,0.5216242043865897
4000,tokres+rank,bookcorpus,wikitext,across,0.987430128908809,0.28257005615900477
4000,tokres+rank,bookcorpus,bookcorpus,within,0.9982753383483152,0.0
4000,tokres+rank,bookcorpus,agnews,across,0.9855618256428176,0.3672318278005566
4000,tokres+rank,bookcorpus,tldr17,across,0.9863856534943846,0.2679996297849744
4000,tokres+rank,bookcorpus,codeparrot,across,0.9682734712699839,0.5555268650271835
4000,tokres+rank,agnews,wikitext,across,0.9889406023630906,0.29191800749105984
4000,tokres+rank,agnews,bookcorpus,across,0.9855682844497736,0.3672318278005566
4000,tokres+rank,agnews,agnews,within,0.9987453036957331,0.0
4000,tokres+rank,agnews,tldr17,across,0.9877189405764575,0.27342250670670154
4000,tokres+rank,agnews,codeparrot,across,0.9700053041185568,0.46369879878301623
4000,tokres+rank,tldr17,wikitext,across,0.9864318680102886,0.3019097960803622
4000,tokres+rank,tldr17,bookcorpus,across,0.9863882629340364,0.2679996297849744
4000,tokres+rank,tldr17,agnews,across,0.9871385582352555,0.27342250670670154
4000,tokres+rank,tldr17,tldr17,within,0.9967594250651871,0.0
4000,tokres+rank,tldr17,codeparrot,across,0.9696151518247295,0.47192531162841894
4000,tokres+rank,codeparrot,wikitext,across,0.9786266236416894,0.5216242043865897
4000,tokres+rank,codeparrot,bookcorpus,across,0.976706216724956,0.5555268650271835
4000,tokres+rank,codeparrot,agnews,across,0.9787847235987527,0.46369879878301623
4000,tokres+rank,codeparrot,tldr17,across,0.9779779469503618,0.47192531162841894
4000,tokres+rank,codeparrot,codeparrot,within,0.9814945168116962,0.0
4000,tokres+wordonly,wikitext,wikitext,within,0.9161539683883975,0.0
4000,tokres+wordonly,wikitext,bookcorpus,across,0.5854199532275656,0.28257005615900477
4000,tokres+wordonly,wikitext,agnews,across,0.6800452500457894,0.29191800749105984
4000,tokres+wordonly,wikitext,tldr17,across,0.6412542784624318,0.3019097960803622
4000,tokres+wordonly,wikitext,codeparrot,across,0.24346708723658123,0.5216242043865897
4000,tokres+wordonly,bookcorpus,wikitext,across,0.5725479844259417,0.28257005615900477
4000,tokres+wordonly,bookcorpus,bookcorpus,within,0.9478702679811989,0.0
4000,tokres+wordonly,bookcorpus,agnews,across,0.533517800995484,0.3672318278005566
4000,tokres+wordonly,bookcorpus,tldr17,across,0.6499984821441108,0.2679996297849744
4000,tokres+wordonly,bookcorpus,codeparrot,across,0.1916854586529841,0.5555268650271835
4000,tokres+wordonly,agnews,wikitext,across,0.6821297923384507,0.29191800749105984
4000,tokres+wordonly,agnews,bookcorpus,across,0.5363193668137353,0.3672318278005566
4000,tokres+wordonly,agnews,agnews,within,0.9386095222161938,0.0
4000,tokres+wordonly,agnews,tldr17,across,0.5779199669940915,0.27342250670670154
4000,tokres+wordonly,agnews,codeparrot,across,0.23794355876108875,0.46369879878301623
4000,tokres+wordonly,tldr17,wikitext,across,0.5844565617751227,0.3019097960803622
4000,tokres+wordonly,tldr17,bookcorpus,across,0.6326519170423156,0.2679996297849744
4000,tokres+wordonly,tldr17,agnews,across,0.5369481939041848,0.27342250670670154
4000,tokres+wordonly,tldr17,tldr17,within,0.8475078116388063,0.0
4000,tokres+wordonly,tldr17,codeparrot,across,0.18974601009138328,0.47192531162841894
4000,tokres+wordonly,codeparrot,wikitext,across,0.26172122293227856,0.5216242043865897
4000,tokres+wordonly,codeparrot,bookcorpus,across,0.21392134239257962,0.5555268650271835
4000,tokres+wordonly,codeparrot,agnews,across,0.26756827078094975,0.46369879878301623
4000,tokres+wordonly,codeparrot,tldr17,across,0.2275057179401524,0.47192531162841894
4000,tokres+wordonly,codeparrot,codeparrot,within,0.6737176172097794,0.0
143000,base,wikitext,wikitext,within,0.9750567749207046,0.0
143000,base,wikitext,bookcorpus,across,0.595704714008154,0.28257005615900477
143000,base,wikitext,agnews,across,0.6530465682364125,0.29191800749105984
143000,base,wikitext,tldr17,across,0.5649921156294666,0.3019097960803622
143000,base,wikitext,codeparrot,across,0.23819956218870758,0.5216242043865897
143000,base,bookcorpus,wikitext,across,0.5847207178969288,0.28257005615900477
143000,base,bookcorpus,bookcorpus,within,0.9882924576877455,0.0
143000,base,bookcorpus,agnews,across,0.4391085956300655,0.3672318278005566
143000,base,bookcorpus,tldr17,across,0.55559455346748,0.2679996297849744
143000,base,bookcorpus,codeparrot,across,0.18931563197366516,0.5555268650271835
143000,base,agnews,wikitext,across,0.6548988427713066,0.29191800749105984
143000,base,agnews,bookcorpus,across,0.44077663545926027,0.3672318278005566
143000,base,agnews,agnews,within,0.9813510625399826,0.0
143000,base,agnews,tldr17,across,0.5724856178223366,0.27342250670670154
143000,base,agnews,codeparrot,across,0.2492873694482753,0.46369879878301623
143000,base,tldr17,wikitext,across,0.5166034357908237,0.3019097960803622
143000,base,tldr17,bookcorpus,across,0.5497507423418906,0.2679996297849744
143000,base,tldr17,agnews,across,0.5301663273463695,0.27342250670670154
143000,base,tldr17,tldr17,within,0.9398668331134616,0.0
143000,base,tldr17,codeparrot,across,0.22319334679519712,0.47192531162841894
143000,base,codeparrot,wikitext,across,0.2473766084533754,0.5216242043865897
143000,base,codeparrot,bookcorpus,across,0.1999040532737266,0.5555268650271835
143000,base,codeparrot,agnews,across,0.26363033478418385,0.46369879878301623
143000,base,codeparrot,tldr17,across,0.24512447822581554,0.47192531162841894
143000,base,codeparrot,codeparrot,within,0.8616200906272369,0.0
143000,tokmean,wikitext,wikitext,within,0.986786848849539,0.0
143000,tokmean,wikitext,bookcorpus,across,0.7097122260091425,0.28257005615900477
143000,tokmean,wikitext,agnews,across,0.5932333791362905,0.29191800749105984
143000,tokmean,wikitext,tldr17,across,0.5364671148965877,0.3019097960803622
143000,tokmean,wikitext,codeparrot,across,0.20692809786691582,0.5216242043865897
143000,tokmean,bookcorpus,wikitext,across,0.7024702776142492,0.28257005615900477
143000,tokmean,bookcorpus,bookcorpus,within,0.9940260317537744,0.0
143000,tokmean,bookcorpus,agnews,across,0.4514956083464437,0.3672318278005566
143000,tokmean,bookcorpus,tldr17,across,0.5475395852453432,0.2679996297849744
143000,tokmean,bookcorpus,codeparrot,across,0.16915303945249183,0.5555268650271835
143000,tokmean,agnews,wikitext,across,0.5936427157828444,0.29191800749105984
143000,tokmean,agnews,bookcorpus,across,0.4476792938917981,0.3672318278005566
143000,tokmean,agnews,agnews,within,0.9885986670634811,0.0
143000,tokmean,agnews,tldr17,across,0.5969795816922036,0.27342250670670154
143000,tokmean,agnews,codeparrot,across,0.24600396178038877,0.46369879878301623
143000,tokmean,tldr17,wikitext,across,0.505276246613552,0.3019097960803622
143000,tokmean,tldr17,bookcorpus,across,0.5383461362054017,0.2679996297849744
143000,tokmean,tldr17,agnews,across,0.5595814360569824,0.27342250670670154
143000,tokmean,tldr17,tldr17,within,0.9698541550140144,0.0
143000,tokmean,tldr17,codeparrot,across,0.2069186666326091,0.47192531162841894
143000,tokmean,codeparrot,wikitext,across,0.23294212066848882,0.5216242043865897
143000,tokmean,codeparrot,bookcorpus,across,0.1880922644253029,0.5555268650271835
143000,tokmean,codeparrot,agnews,across,0.27280905276461037,0.46369879878301623
143000,tokmean,codeparrot,tldr17,across,0.2395500320929194,0.47192531162841894
143000,tokmean,codeparrot,codeparrot,within,0.8703109860384941,0.0
143000,tokres,wikitext,wikitext,within,0.9425106344732336,0.0
143000,tokres,wikitext,bookcorpus,across,0.621403896745872,0.28257005615900477
143000,tokres,wikitext,agnews,across,0.6658774270395736,0.29191800749105984
143000,tokres,wikitext,tldr17,across,0.6359435118379667,0.3019097960803622
143000,tokres,wikitext,codeparrot,across,0.3416883678997313,0.5216242043865897
143000,tokres,bookcorpus,wikitext,across,0.6056502318832666,0.28257005615900477
143000,tokres,bookcorpus,bookcorpus,within,0.9649834735122989,0.0
143000,tokres,bookcorpus,agnews,across,0.5355990123932048,0.3672318278005566
143000,tokres,bookcorpus,tldr17,across,0.661163014972305,0.2679996297849744
143000,tokres,bookcorpus,codeparrot,across,0.2851089639061069,0.5555268650271835
143000,tokres,agnews,wikitext,across,0.6630661883872179,0.29191800749105984
143000,tokres,agnews,bookcorpus,across,0.5391781227249213,0.3672318278005566
143000,tokres,agnews,agnews,within,0.9625984081431366,0.0
143000,tokres,agnews,tldr17,across,0.5979638605060626,0.27342250670670154
143000,tokres,agnews,codeparrot,across,0.35262696529411247,0.46369879878301623
143000,tokres,tldr17,wikitext,across,0.592656148309398,0.3019097960803622
143000,tokres,tldr17,bookcorpus,across,0.6568144188899258,0.2679996297849744
143000,tokres,tldr17,agnews,across,0.566678933095481,0.27342250670670154
143000,tokres,tldr17,tldr17,within,0.9033331213548511,0.0
143000,tokres,tldr17,codeparrot,across,0.32146210325315316,0.47192531162841894
143000,tokres,codeparrot,wikitext,across,0.354229548571652,0.5216242043865897
143000,tokres,codeparrot,bookcorpus,across,0.30625908117800155,0.5555268650271835
143000,tokres,codeparrot,agnews,across,0.37329927533877905,0.46369879878301623
143000,tokres,codeparrot,tldr17,across,0.35115923511795294,0.47192531162841894
143000,tokres,codeparrot,codeparrot,within,0.7982711925811511,0.0
143000,tokres_own,wikitext,wikitext,within,0.9363443274429502,0.0
143000,tokres_own,wikitext,bookcorpus,across,0.5840869639571618,0.28257005615900477
143000,tokres_own,wikitext,agnews,across,0.6787571925297344,0.29191800749105984
143000,tokres_own,wikitext,tldr17,across,0.6375207219881069,0.3019097960803622
143000,tokres_own,wikitext,codeparrot,across,0.30644557966603964,0.5216242043865897
143000,tokres_own,bookcorpus,wikitext,across,0.5704418855317102,0.28257005615900477
143000,tokres_own,bookcorpus,bookcorpus,within,0.9591695717236489,0.0
143000,tokres_own,bookcorpus,agnews,across,0.5051907618001903,0.3672318278005566
143000,tokres_own,bookcorpus,tldr17,across,0.6956635884303387,0.2679996297849744
143000,tokres_own,bookcorpus,codeparrot,across,0.24271443502064852,0.5555268650271835
143000,tokres_own,agnews,wikitext,across,0.6815527610542769,0.29191800749105984
143000,tokres_own,agnews,bookcorpus,across,0.5109632845503159,0.3672318278005566
143000,tokres_own,agnews,agnews,within,0.9518175207324323,0.0
143000,tokres_own,agnews,tldr17,across,0.5782884927707194,0.27342250670670154
143000,tokres_own,agnews,codeparrot,across,0.29527819960336027,0.46369879878301623
143000,tokres_own,tldr17,wikitext,across,0.6018432376490414,0.3019097960803622
143000,tokres_own,tldr17,bookcorpus,across,0.7047849334169012,0.2679996297849744
143000,tokres_own,tldr17,agnews,across,0.5547946407369839,0.27342250670670154
143000,tokres_own,tldr17,tldr17,within,0.9033626092813706,0.0
143000,tokres_own,tldr17,codeparrot,across,0.26491417482970575,0.47192531162841894
143000,tokres_own,codeparrot,wikitext,across,0.309562657258081,0.5216242043865897
143000,tokres_own,codeparrot,bookcorpus,across,0.26011860911433493,0.5555268650271835
143000,tokres_own,codeparrot,agnews,across,0.3090874492638016,0.46369879878301623
143000,tokres_own,codeparrot,tldr17,across,0.28554494788335083,0.47192531162841894
143000,tokres_own,codeparrot,codeparrot,within,0.7758479361491679,0.0
143000,freqmatch,wikitext,wikitext,within,0.9534774927216145,0.0
143000,freqmatch,wikitext,bookcorpus,across,0.5505618221119948,0.28257005615900477
143000,freqmatch,wikitext,agnews,across,0.7327786315765091,0.29191800749105984
143000,freqmatch,wikitext,tldr17,across,0.7161564526592661,0.3019097960803622
143000,freqmatch,wikitext,codeparrot,across,0.35777851310075676,0.5216242043865897
143000,freqmatch,bookcorpus,wikitext,across,0.5749356468556719,0.28257005615900477
143000,freqmatch,bookcorpus,bookcorpus,within,0.9841574383393936,0.0
143000,freqmatch,bookcorpus,agnews,across,0.4585013932315772,0.3672318278005566
143000,freqmatch,bookcorpus,tldr17,across,0.5372361150158188,0.2679996297849744
143000,freqmatch,bookcorpus,codeparrot,across,0.26968924517374687,0.5555268650271835
143000,freqmatch,agnews,wikitext,across,0.7369548498565597,0.29191800749105984
143000,freqmatch,agnews,bookcorpus,across,0.4489403153042595,0.3672318278005566
143000,freqmatch,agnews,agnews,within,0.9652738733012257,0.0
143000,freqmatch,agnews,tldr17,across,0.7362817444777083,0.27342250670670154
143000,freqmatch,agnews,codeparrot,across,0.36703740022057063,0.46369879878301623
143000,freqmatch,tldr17,wikitext,across,0.6609518869575205,0.3019097960803622
143000,freqmatch,tldr17,bookcorpus,across,0.5103446286375071,0.2679996297849744
143000,freqmatch,tldr17,agnews,across,0.7051540552235814,0.27342250670670154
143000,freqmatch,tldr17,tldr17,within,0.9318362336449424,0.0
143000,freqmatch,tldr17,codeparrot,across,0.37725651503870955,0.47192531162841894
143000,freqmatch,codeparrot,wikitext,across,0.3572294869267615,0.5216242043865897
143000,freqmatch,codeparrot,bookcorpus,across,0.24367949877457665,0.5555268650271835
143000,freqmatch,codeparrot,agnews,across,0.36739015575111955,0.46369879878301623
143000,freqmatch,codeparrot,tldr17,across,0.3804863357224872,0.47192531162841894
143000,freqmatch,codeparrot,codeparrot,within,0.78585998288112,0.0
143000,posres,wikitext,wikitext,within,0.9751113913754601,0.0
143000,posres,wikitext,bookcorpus,across,0.5962842961189682,0.28257005615900477
143000,posres,wikitext,agnews,across,0.653094631670481,0.29191800749105984
143000,posres,wikitext,tldr17,across,0.5645806573520803,0.3019097960803622
143000,posres,wikitext,codeparrot,across,0.23536812895056694,0.5216242043865897
143000,posres,bookcorpus,wikitext,across,0.5851089114593921,0.28257005615900477
143000,posres,bookcorpus,bookcorpus,within,0.9882714664137386,0.0
143000,posres,bookcorpus,agnews,across,0.4395694332368355,0.3672318278005566
143000,posres,bookcorpus,tldr17,across,0.555893284657518,0.2679996297849744
143000,posres,bookcorpus,codeparrot,across,0.18639877213613487,0.5555268650271835
143000,posres,agnews,wikitext,across,0.6550164967621745,0.29191800749105984
143000,posres,agnews,bookcorpus,across,0.44142777036147623,0.3672318278005566
143000,posres,agnews,agnews,within,0.9812797329783395,0.0
143000,posres,agnews,tldr17,across,0.5732840192855307,0.27342250670670154
143000,posres,agnews,codeparrot,across,0.24672091968236845,0.46369879878301623
143000,posres,tldr17,wikitext,across,0.5163370164599217,0.3019097960803622
143000,posres,tldr17,bookcorpus,across,0.54981278445805,0.2679996297849744
143000,posres,tldr17,agnews,across,0.5308588417038034,0.27342250670670154
143000,posres,tldr17,tldr17,within,0.939875577383605,0.0
143000,posres,tldr17,codeparrot,across,0.21966023883518293,0.47192531162841894
143000,posres,codeparrot,wikitext,across,0.24513613622518093,0.5216242043865897
143000,posres,codeparrot,bookcorpus,across,0.1975185521144024,0.5555268650271835
143000,posres,codeparrot,agnews,across,0.2615204365062351,0.46369879878301623
143000,posres,codeparrot,tldr17,across,0.24208190181025377,0.47192531162841894
143000,posres,codeparrot,codeparrot,within,0.8592685557851735,0.0
143000,winres,wikitext,wikitext,within,0.9783324659476998,0.0
143000,winres,wikitext,bookcorpus,across,0.606233416758609,0.28257005615900477
143000,winres,wikitext,agnews,across,0.6565017735680678,0.29191800749105984
143000,winres,wikitext,tldr17,across,0.5692383755649355,0.3019097960803622
143000,winres,wikitext,codeparrot,across,0.2353764465261046,0.5216242043865897
143000,winres,bookcorpus,wikitext,across,0.5954966703791886,0.28257005615900477
143000,winres,bookcorpus,bookcorpus,within,0.9886613999889553,0.0
143000,winres,bookcorpus,agnews,across,0.4444571860723781,0.3672318278005566
143000,winres,bookcorpus,tldr17,across,0.5550607915436515,0.2679996297849744
143000,winres,bookcorpus,codeparrot,across,0.18943111999828904,0.5555268650271835
143000,winres,agnews,wikitext,across,0.6571906419576962,0.29191800749105984
143000,winres,agnews,bookcorpus,across,0.4447423271231397,0.3672318278005566
143000,winres,agnews,agnews,within,0.9822582597672359,0.0
143000,winres,agnews,tldr17,across,0.5799354568540497,0.27342250670670154
143000,winres,agnews,codeparrot,across,0.2453156665415966,0.46369879878301623
143000,winres,tldr17,wikitext,across,0.5202119019240234,0.3019097960803622
143000,winres,tldr17,bookcorpus,across,0.5505175690394114,0.2679996297849744
143000,winres,tldr17,agnews,across,0.5378061270625955,0.27342250670670154
143000,winres,tldr17,tldr17,within,0.9547769976258932,0.0
143000,winres,tldr17,codeparrot,across,0.2228519799757183,0.47192531162841894
143000,winres,codeparrot,wikitext,across,0.24492316176924414,0.5216242043865897
143000,winres,codeparrot,bookcorpus,across,0.19954754496475272,0.5555268650271835
143000,winres,codeparrot,agnews,across,0.2599092088572983,0.46369879878301623
143000,winres,codeparrot,tldr17,across,0.24447713960100617,0.47192531162841894
143000,winres,codeparrot,codeparrot,within,0.8750445997971141,0.0
143000,rank,wikitext,wikitext,within,0.9823836707193367,0.0
143000,rank,wikitext,bookcorpus,across,0.631865053534188,0.28257005615900477
143000,rank,wikitext,agnews,across,0.654654251948672,0.29191800749105984
143000,rank,wikitext,tldr17,across,0.59787884156622,0.3019097960803622
143000,rank,wikitext,codeparrot,across,0.3595862934058522,0.5216242043865897
143000,rank,bookcorpus,wikitext,across,0.6229606890300887,0.28257005615900477
143000,rank,bookcorpus,bookcorpus,within,0.9910110245089548,0.0
143000,rank,bookcorpus,agnews,across,0.4656936746665817,0.3672318278005566
143000,rank,bookcorpus,tldr17,across,0.5390379482888221,0.2679996297849744
143000,rank,bookcorpus,codeparrot,across,0.2865917264511951,0.5555268650271835
143000,rank,agnews,wikitext,across,0.6573447276318259,0.29191800749105984
143000,rank,agnews,bookcorpus,across,0.46609917361370107,0.3672318278005566
143000,rank,agnews,agnews,within,0.9866722384588953,0.0
143000,rank,agnews,tldr17,across,0.6515591510308132,0.27342250670670154
143000,rank,agnews,codeparrot,across,0.38606349488727126,0.46369879878301623
143000,rank,tldr17,wikitext,across,0.5603100524848508,0.3019097960803622
143000,rank,tldr17,bookcorpus,across,0.5313569315420532,0.2679996297849744
143000,rank,tldr17,agnews,across,0.6161748495789724,0.27342250670670154
143000,rank,tldr17,tldr17,within,0.966673564112174,0.0
143000,rank,tldr17,codeparrot,across,0.3860682823143759,0.47192531162841894
143000,rank,codeparrot,wikitext,across,0.367335906120155,0.5216242043865897
143000,rank,codeparrot,bookcorpus,across,0.296197235085289,0.5555268650271835
143000,rank,codeparrot,agnews,across,0.39612679855330074,0.46369879878301623
143000,rank,codeparrot,tldr17,across,0.4068163106980893,0.47192531162841894
143000,rank,codeparrot,codeparrot,within,0.8820216697936419,0.0
143000,wordonly,wikitext,wikitext,within,0.9681574900560236,0.0
143000,wordonly,wikitext,bookcorpus,across,0.5996884752160551,0.28257005615900477
143000,wordonly,wikitext,agnews,across,0.7519832124400536,0.29191800749105984
143000,wordonly,wikitext,tldr17,across,0.6557100068828252,0.3019097960803622
143000,wordonly,wikitext,codeparrot,across,0.23698300721077425,0.5216242043865897
143000,wordonly,bookcorpus,wikitext,across,0.5844691392353295,0.28257005615900477
143000,wordonly,bookcorpus,bookcorpus,within,0.9830793501817418,0.0
143000,wordonly,bookcorpus,agnews,across,0.5286159528275949,0.3672318278005566
143000,wordonly,bookcorpus,tldr17,across,0.6909590491292165,0.2679996297849744
143000,wordonly,bookcorpus,codeparrot,across,0.18405190134076876,0.5555268650271835
143000,wordonly,agnews,wikitext,across,0.7509188406054751,0.29191800749105984
143000,wordonly,agnews,bookcorpus,across,0.5308756791304922,0.3672318278005566
143000,wordonly,agnews,agnews,within,0.9788038389598936,0.0
143000,wordonly,agnews,tldr17,across,0.5715272657344911,0.27342250670670154
143000,wordonly,agnews,codeparrot,across,0.21633352303720546,0.46369879878301623
143000,wordonly,tldr17,wikitext,across,0.591836972186917,0.3019097960803622
143000,wordonly,tldr17,bookcorpus,across,0.6835397278730755,0.2679996297849744
143000,wordonly,tldr17,agnews,across,0.5257091187327037,0.27342250670670154
143000,wordonly,tldr17,tldr17,within,0.9358248868397602,0.0
143000,wordonly,tldr17,codeparrot,across,0.19091745767385507,0.47192531162841894
143000,wordonly,codeparrot,wikitext,across,0.2547612828549137,0.5216242043865897
143000,wordonly,codeparrot,bookcorpus,across,0.19991016832013733,0.5555268650271835
143000,wordonly,codeparrot,agnews,across,0.2361373434689894,0.46369879878301623
143000,wordonly,codeparrot,tldr17,across,0.21910739199540671,0.47192531162841894
143000,wordonly,codeparrot,codeparrot,within,0.8382771288401532,0.0
143000,tokres+winres,wikitext,wikitext,within,0.9193814766185112,0.0
143000,tokres+winres,wikitext,bookcorpus,across,0.7013473906451613,0.28257005615900477
143000,tokres+winres,wikitext,agnews,across,0.7260800747736287,0.29191800749105984
143000,tokres+winres,wikitext,tldr17,across,0.7099028743131917,0.3019097960803622
143000,tokres+winres,wikitext,codeparrot,across,0.4638631802557597,0.5216242043865897
143000,tokres+winres,bookcorpus,wikitext,across,0.6857707924434675,0.28257005615900477
143000,tokres+winres,bookcorpus,bookcorpus,within,0.9364289409309282,0.0
143000,tokres+winres,bookcorpus,agnews,across,0.6366320994300282,0.3672318278005566
143000,tokres+winres,bookcorpus,tldr17,across,0.7201994526003843,0.2679996297849744
143000,tokres+winres,bookcorpus,codeparrot,across,0.4324576221899192,0.5555268650271835
143000,tokres+winres,agnews,wikitext,across,0.7242610203732051,0.29191800749105984
143000,tokres+winres,agnews,bookcorpus,across,0.6400546915200426,0.3672318278005566
143000,tokres+winres,agnews,agnews,within,0.9374283184953219,0.0
143000,tokres+winres,agnews,tldr17,across,0.6842143732092059,0.27342250670670154
143000,tokres+winres,agnews,codeparrot,across,0.4830339479722853,0.46369879878301623
143000,tokres+winres,tldr17,wikitext,across,0.6701523364213828,0.3019097960803622
143000,tokres+winres,tldr17,bookcorpus,across,0.7112528208525581,0.2679996297849744
143000,tokres+winres,tldr17,agnews,across,0.647718894585423,0.27342250670670154
143000,tokres+winres,tldr17,tldr17,within,0.876596279977076,0.0
143000,tokres+winres,tldr17,codeparrot,across,0.4555255307464264,0.47192531162841894
143000,tokres+winres,codeparrot,wikitext,across,0.47814046998771637,0.5216242043865897
143000,tokres+winres,codeparrot,bookcorpus,across,0.45080693070594785,0.5555268650271835
143000,tokres+winres,codeparrot,agnews,across,0.49437939942059894,0.46369879878301623
143000,tokres+winres,codeparrot,tldr17,across,0.48543150232110893,0.47192531162841894
143000,tokres+winres,codeparrot,codeparrot,within,0.7842332263570755,0.0
143000,tokres+posres,wikitext,wikitext,within,0.958683778818663,0.0
143000,tokres+posres,wikitext,bookcorpus,across,0.7439780520955147,0.28257005615900477
143000,tokres+posres,wikitext,agnews,across,0.7765218608593291,0.29191800749105984
143000,tokres+posres,wikitext,tldr17,across,0.7559155937124095,0.3019097960803622
143000,tokres+posres,wikitext,codeparrot,across,0.5197052236773605,0.5216242043865897
143000,tokres+posres,bookcorpus,wikitext,across,0.7359440379035354,0.28257005615900477
143000,tokres+posres,bookcorpus,bookcorpus,within,0.9726259116657905,0.0
143000,tokres+posres,bookcorpus,agnews,across,0.6920632516098525,0.3672318278005566
143000,tokres+posres,bookcorpus,tldr17,across,0.7734605378357593,0.2679996297849744
143000,tokres+posres,bookcorpus,codeparrot,across,0.4810917435711816,0.5555268650271835
143000,tokres+posres,agnews,wikitext,across,0.7746558288298441,0.29191800749105984
143000,tokres+posres,agnews,bookcorpus,across,0.6936880089538034,0.3672318278005566
143000,tokres+posres,agnews,agnews,within,0.9714826434998316,0.0
143000,tokres+posres,agnews,tldr17,across,0.7334578111238341,0.27342250670670154
143000,tokres+posres,agnews,codeparrot,across,0.5321337782606617,0.46369879878301623
143000,tokres+posres,tldr17,wikitext,across,0.7294346781417854,0.3019097960803622
143000,tokres+posres,tldr17,bookcorpus,across,0.7700658033958384,0.2679996297849744
143000,tokres+posres,tldr17,agnews,across,0.7133731731429213,0.27342250670670154
143000,tokres+posres,tldr17,tldr17,within,0.932500935825592,0.0
143000,tokres+posres,tldr17,codeparrot,across,0.5096441277885332,0.47192531162841894
143000,tokres+posres,codeparrot,wikitext,across,0.5397216168025641,0.5216242043865897
143000,tokres+posres,codeparrot,bookcorpus,across,0.5053315530722494,0.5555268650271835
143000,tokres+posres,codeparrot,agnews,across,0.5559687090112948,0.46369879878301623
143000,tokres+posres,codeparrot,tldr17,across,0.5393566249885933,0.47192531162841894
143000,tokres+posres,codeparrot,codeparrot,within,0.8477863329091831,0.0
143000,tokres+rank,wikitext,wikitext,within,0.9974456635541012,0.0
143000,tokres+rank,wikitext,bookcorpus,across,0.9862808059974405,0.28257005615900477
143000,tokres+rank,wikitext,agnews,across,0.9877095971323734,0.29191800749105984
143000,tokres+rank,wikitext,tldr17,across,0.9852246868435635,0.3019097960803622
143000,tokres+rank,wikitext,codeparrot,across,0.9570151972112538,0.5216242043865897
143000,tokres+rank,bookcorpus,wikitext,across,0.9858110197018491,0.28257005615900477
143000,tokres+rank,bookcorpus,bookcorpus,within,0.9982752366027343,0.0
143000,tokres+rank,bookcorpus,agnews,across,0.9836831209325679,0.3672318278005566
143000,tokres+rank,bookcorpus,tldr17,across,0.9846553743679812,0.2679996297849744
143000,tokres+rank,bookcorpus,codeparrot,across,0.9539842927734565,0.5555268650271835
143000,tokres+rank,agnews,wikitext,across,0.9875458617285261,0.29191800749105984
143000,tokres+rank,agnews,bookcorpus,across,0.9836256305924649,0.3672318278005566
143000,tokres+rank,agnews,agnews,within,0.9986143830338478,0.0
143000,tokres+rank,agnews,tldr17,across,0.9845729076552284,0.27342250670670154
143000,tokres+rank,agnews,codeparrot,across,0.9556667505569115,0.46369879878301623
143000,tokres+rank,tldr17,wikitext,across,0.9839699847495971,0.3019097960803622
143000,tokres+rank,tldr17,bookcorpus,across,0.9847088191818781,0.2679996297849744
143000,tokres+rank,tldr17,agnews,across,0.9838384877444476,0.27342250670670154
143000,tokres+rank,tldr17,tldr17,within,0.9961781499265896,0.0
143000,tokres+rank,tldr17,codeparrot,across,0.9549793290634203,0.47192531162841894
143000,tokres+rank,codeparrot,wikitext,across,0.9683834990024406,0.5216242043865897
143000,tokres+rank,codeparrot,bookcorpus,across,0.9658718264241406,0.5555268650271835
143000,tokres+rank,codeparrot,agnews,across,0.9679207978293897,0.46369879878301623
143000,tokres+rank,codeparrot,tldr17,across,0.9663696233570164,0.47192531162841894
143000,tokres+rank,codeparrot,codeparrot,within,0.97544343488256,0.0
143000,tokres+wordonly,wikitext,wikitext,within,0.9392205447784201,0.0
143000,tokres+wordonly,wikitext,bookcorpus,across,0.607431279797892,0.28257005615900477
143000,tokres+wordonly,wikitext,agnews,across,0.6954031253376963,0.29191800749105984
143000,tokres+wordonly,wikitext,tldr17,across,0.6672243909173414,0.3019097960803622
143000,tokres+wordonly,wikitext,codeparrot,across,0.32808114856183085,0.5216242043865897
143000,tokres+wordonly,bookcorpus,wikitext,across,0.593568432304265,0.28257005615900477
143000,tokres+wordonly,bookcorpus,bookcorpus,within,0.9595225686311772,0.0
143000,tokres+wordonly,bookcorpus,agnews,across,0.569242202602986,0.3672318278005566
143000,tokres+wordonly,bookcorpus,tldr17,across,0.6914687580038151,0.2679996297849744
143000,tokres+wordonly,bookcorpus,codeparrot,across,0.25661566224905047,0.5555268650271835
143000,tokres+wordonly,agnews,wikitext,across,0.7076305084247179,0.29191800749105984
143000,tokres+wordonly,agnews,bookcorpus,across,0.5757456571411067,0.3672318278005566
143000,tokres+wordonly,agnews,agnews,within,0.9494870555854592,0.0
143000,tokres+wordonly,agnews,tldr17,across,0.6176792926608633,0.27342250670670154
143000,tokres+wordonly,agnews,codeparrot,across,0.3143023828606067,0.46369879878301623
143000,tokres+wordonly,tldr17,wikitext,across,0.6205060618247025,0.3019097960803622
143000,tokres+wordonly,tldr17,bookcorpus,across,0.6859910505544958,0.2679996297849744
143000,tokres+wordonly,tldr17,agnews,across,0.5812188379175948,0.27342250670670154
143000,tokres+wordonly,tldr17,tldr17,within,0.8850047738990235,0.0
143000,tokres+wordonly,tldr17,codeparrot,across,0.25918881350064565,0.47192531162841894
143000,tokres+wordonly,codeparrot,wikitext,across,0.3442244747503663,0.5216242043865897
143000,tokres+wordonly,codeparrot,bookcorpus,across,0.2808532557175168,0.5555268650271835
143000,tokres+wordonly,codeparrot,agnews,across,0.33234889967376974,0.46369879878301623
143000,tokres+wordonly,codeparrot,tldr17,across,0.3026198215609251,0.47192531162841894
143000,tokres+wordonly,codeparrot,codeparrot,within,0.7585625377155785,0.0
