step,variant,fit,eval,kind,r,jsd
0,base,wikitext,wikitext,within,0.9894633025024099,0.0
0,base,wikitext,bookcorpus,across,0.7928175970354409,0.23709320024674074
0,base,wikitext,agnews,across,0.4641547876667596,0.23516287561264163
0,base,wikitext,tldr17,across,0.4029757885986146,0.2540870382497583
0,base,wikitext,codeparrot,across,0.15742344588120114,0.480099331853249
0,base,bookcorpus,wikitext,across,0.7894846127801722,0.23709320024674074
0,base,bookcorpus,bookcorpus,within,0.9946633991825595,0.0
0,base,bookcorpus,agnews,across,0.3737588578224946,0.334047638912224
0,base,bookcorpus,tldr17,across,0.38371691715292555,0.21859726616124162
0,base,bookcorpus,codeparrot,across,0.11037356056545894,0.5177827974621306
0,base,agnews,wikitext,across,0.47476212576955973,0.23516287561264163
0,base,agnews,bookcorpus,across,0.3834257508906788,0.334047638912224
0,base,agnews,agnews,within,0.9869703375717663,0.0
0,base,agnews,tldr17,across,0.7177076461805443,0.23885635937196095
0,base,agnews,codeparrot,across,0.3450663632850231,0.4301138262760509
0,base,tldr17,wikitext,across,0.41297621740680246,0.2540870382497583
0,base,tldr17,bookcorpus,across,0.38734020124027374,0.21859726616124162
0,base,tldr17,agnews,across,0.722218777152544,0.23885635937196095
0,base,tldr17,tldr17,within,0.9814252802132386,0.0
0,base,tldr17,codeparrot,across,0.29141090784325957,0.42692376538723775
0,base,codeparrot,wikitext,across,0.11741937090262153,0.480099331853249
0,base,codeparrot,bookcorpus,across,0.08444739981198554,0.5177827974621306
0,base,codeparrot,agnews,across,0.29306863020828816,0.4301138262760509
0,base,codeparrot,tldr17,across,0.21519840550307562,0.42692376538723775
0,base,codeparrot,codeparrot,within,0.6747246600438266,0.0
0,tokmean,wikitext,wikitext,within,0.9906647692794723,0.0
0,tokmean,wikitext,bookcorpus,across,0.7919070340307788,0.23709320024674074
0,tokmean,wikitext,agnews,across,0.45427498250168014,0.23516287561264163
0,tokmean,wikitext,tldr17,across,0.3944835268147217,0.2540870382497583
0,tokmean,wikitext,codeparrot,across,0.15238438829168385,0.480099331853249
0,tokmean,bookcorpus,wikitext,across,0.7883915591497458,0.23709320024674074
0,tokmean,bookcorpus,bookcorpus,within,0.9952798295223527,0.0
0,tokmean,bookcorpus,agnews,across,0.36815287753623294,0.334047638912224
0,tokmean,bookcorpus,tldr17,across,0.37910738644838965,0.21859726616124162
0,tokmean,bookcorpus,codeparrot,across,0.10675522587209252,0.5177827974621306
0,tokmean,agnews,wikitext,across,0.46528870898279606,0.23516287561264163
0,tokmean,agnews,bookcorpus,across,0.37795531104326735,0.334047638912224
0,tokmean,agnews,agnews,within,0.9880094439537773,0.0
0,tokmean,agnews,tldr17,across,0.7137328323180826,0.23885635937196095
0,tokmean,agnews,codeparrot,across,0.3446885043167682,0.4301138262760509
0,tokmean,tldr17,wikitext,across,0.4052253759645871,0.2540870382497583
0,tokmean,tldr17,bookcorpus,across,0.3832170378630122,0.21859726616124162
0,tokmean,tldr17,agnews,across,0.7174925057973441,0.23885635937196095
0,tokmean,tldr17,tldr17,within,0.9827029391880066,0.0
0,tokmean,tldr17,codeparrot,across,0.29245361728561836,0.42692376538723775
0,tokmean,codeparrot,wikitext,across,0.10393560261179438,0.480099331853249
0,tokmean,codeparrot,bookcorpus,across,0.07365719765688794,0.5177827974621306
0,tokmean,codeparrot,agnews,across,0.28007069679525354,0.4301138262760509
0,tokmean,codeparrot,tldr17,across,0.20497735467341413,0.42692376538723775
0,tokmean,codeparrot,codeparrot,within,0.7055539336998824,0.0
0,freqmatch,wikitext,wikitext,within,0.9943720062484721,0.0
0,freqmatch,wikitext,bookcorpus,across,0.9224505365646104,0.23709320024674074
0,freqmatch,wikitext,agnews,across,0.8489810484075972,0.23516287561264163
0,freqmatch,wikitext,tldr17,across,0.8590975186486975,0.2540870382497583
0,freqmatch,wikitext,codeparrot,across,0.7683560210818917,0.480099331853249
0,freqmatch,bookcorpus,wikitext,across,0.9270935289923402,0.23709320024674074
0,freqmatch,bookcorpus,bookcorpus,within,0.9969817550239258,0.0
0,freqmatch,bookcorpus,agnews,across,0.79549815149859,0.334047638912224
0,freqmatch,bookcorpus,tldr17,across,0.8002810682191832,0.21859726616124162
0,freqmatch,bookcorpus,codeparrot,across,0.7313217992633531,0.5177827974621306
0,freqmatch,agnews,wikitext,across,0.8449034207618126,0.23516287561264163
0,freqmatch,agnews,bookcorpus,across,0.79026890655531,0.334047638912224
0,freqmatch,agnews,agnews,within,0.9932428103381568,0.0
0,freqmatch,agnews,tldr17,across,0.9794298975020225,0.23885635937196095
0,freqmatch,agnews,codeparrot,across,0.9051488313478255,0.4301138262760509
0,freqmatch,tldr17,wikitext,across,0.8858612939071113,0.2540870382497583
0,freqmatch,tldr17,bookcorpus,across,0.8235476676725944,0.21859726616124162
0,freqmatch,tldr17,agnews,across,0.9737110067047547,0.23885635937196095
0,freqmatch,tldr17,tldr17,within,0.9894958814335755,0.0
0,freqmatch,tldr17,codeparrot,across,0.9004072773478515,0.42692376538723775
0,freqmatch,codeparrot,wikitext,across,0.826157775465607,0.480099331853249
0,freqmatch,codeparrot,bookcorpus,across,0.7696676876745457,0.5177827974621306
0,freqmatch,codeparrot,agnews,across,0.8280327053331632,0.4301138262760509
0,freqmatch,codeparrot,tldr17,across,0.8575709824082706,0.42692376538723775
0,freqmatch,codeparrot,codeparrot,within,0.8675794714933482,0.0
0,tokres,wikitext,wikitext,within,0.8602314790642603,0.0
0,tokres,wikitext,bookcorpus,across,0.7837658494679961,0.23709320024674074
0,tokres,wikitext,agnews,across,0.6503427308120566,0.23516287561264163
0,tokres,wikitext,tldr17,across,0.6242075707097783,0.2540870382497583
0,tokres,wikitext,codeparrot,across,0.5063452468386153,0.480099331853249
0,tokres,bookcorpus,wikitext,across,0.8063072652373648,0.23709320024674074
0,tokres,bookcorpus,bookcorpus,within,0.8768345996436167,0.0
0,tokres,bookcorpus,agnews,across,0.6358960418131534,0.334047638912224
0,tokres,bookcorpus,tldr17,across,0.6086170003017831,0.21859726616124162
0,tokres,bookcorpus,codeparrot,across,0.4698238595957397,0.5177827974621306
0,tokres,agnews,wikitext,across,0.6805591122279189,0.23516287561264163
0,tokres,agnews,bookcorpus,across,0.6406116021861535,0.334047638912224
0,tokres,agnews,agnews,within,0.8892408347201889,0.0
0,tokres,agnews,tldr17,across,0.8166223376042931,0.23885635937196095
0,tokres,agnews,codeparrot,across,0.6784006994453382,0.4301138262760509
0,tokres,tldr17,wikitext,across,0.657289696669409,0.2540870382497583
0,tokres,tldr17,bookcorpus,across,0.6165598315216493,0.21859726616124162
0,tokres,tldr17,agnews,across,0.8196002120841722,0.23885635937196095
0,tokres,tldr17,tldr17,within,0.8646237996049326,0.0
0,tokres,tldr17,codeparrot,across,0.655352299666703,0.42692376538723775
0,tokres,codeparrot,wikitext,across,0.4154810880937933,0.480099331853249
0,tokres,codeparrot,bookcorpus,across,0.37387398840144437,0.5177827974621306
0,tokres,codeparrot,agnews,across,0.5319518032007672,0.4301138262760509
0,tokres,codeparrot,tldr17,across,0.5249644374764034,0.42692376538723775
0,tokres,codeparrot,codeparrot,within,0.6025826365763677,0.0
0,tokres20,wikitext,wikitext,within,0.8503307165173715,0.0
0,tokres20,wikitext,bookcorpus,across,0.7683081258119141,0.23709320024674074
0,tokres20,wikitext,agnews,across,0.6322009257865385,0.23516287561264163
0,tokres20,wikitext,tldr17,across,0.6106210436524484,0.2540870382497583
0,tokres20,wikitext,codeparrot,across,0.49207355227900124,0.480099331853249
0,tokres20,bookcorpus,wikitext,across,0.7939673915229342,0.23709320024674074
0,tokres20,bookcorpus,bookcorpus,within,0.8726465901328931,0.0
0,tokres20,bookcorpus,agnews,across,0.6246914626217613,0.334047638912224
0,tokres20,bookcorpus,tldr17,across,0.599968556472441,0.21859726616124162
0,tokres20,bookcorpus,codeparrot,across,0.46080702658183553,0.5177827974621306
0,tokres20,agnews,wikitext,across,0.6642260453980863,0.23516287561264163
0,tokres20,agnews,bookcorpus,across,0.6284802274343936,0.334047638912224
0,tokres20,agnews,agnews,within,0.8831438117151338,0.0
0,tokres20,agnews,tldr17,across,0.8057033898374165,0.23885635937196095
0,tokres20,agnews,codeparrot,across,0.6680837659259542,0.4301138262760509
0,tokres20,tldr17,wikitext,across,0.6451271114710007,0.2540870382497583
0,tokres20,tldr17,bookcorpus,across,0.6069007825617947,0.21859726616124162
0,tokres20,tldr17,agnews,across,0.8086398796269966,0.23885635937196095
0,tokres20,tldr17,tldr17,within,0.8609181013100909,0.0
0,tokres20,tldr17,codeparrot,across,0.6468707812116917,0.42692376538723775
0,tokres20,codeparrot,wikitext,across,0.4161068730413102,0.480099331853249
0,tokres20,codeparrot,bookcorpus,across,0.37634128915034004,0.5177827974621306
0,tokres20,codeparrot,agnews,across,0.5374762643104178,0.4301138262760509
0,tokres20,codeparrot,tldr17,across,0.5328630632117041,0.42692376538723775
0,tokres20,codeparrot,codeparrot,within,0.612277656131351,0.0
0,tokres+posres,wikitext,wikitext,within,0.578994582547082,0.0
0,tokres+posres,wikitext,bookcorpus,across,0.44655139510978376,0.23709320024674074
0,tokres+posres,wikitext,agnews,across,0.4419384695514428,0.23516287561264163
0,tokres+posres,wikitext,tldr17,across,0.40902210961088054,0.2540870382497583
0,tokres+posres,wikitext,codeparrot,across,0.374996269553332,0.480099331853249
0,tokres+posres,bookcorpus,wikitext,across,0.5025304354975161,0.23709320024674074
0,tokres+posres,bookcorpus,bookcorpus,within,0.573698968666547,0.0
0,tokres+posres,bookcorpus,agnews,across,0.47422015964496606,0.334047638912224
0,tokres+posres,bookcorpus,tldr17,across,0.4490014078467463,0.21859726616124162
0,tokres+posres,bookcorpus,codeparrot,across,0.3604707038427012,0.5177827974621306
0,tokres+posres,agnews,wikitext,across,0.4886432451178939,0.23516287561264163
0,tokres+posres,agnews,bookcorpus,across,0.4770280728383382,0.334047638912224
0,tokres+posres,agnews,agnews,within,0.5868891782072925,0.0
0,tokres+posres,agnews,tldr17,across,0.49202285667186807,0.23885635937196095
0,tokres+posres,agnews,codeparrot,across,0.42842247541364753,0.4301138262760509
0,tokres+posres,tldr17,wikitext,across,0.459182712349786,0.2540870382497583
0,tokres+posres,tldr17,bookcorpus,across,0.45944822039452127,0.21859726616124162
0,tokres+posres,tldr17,agnews,across,0.501297894456483,0.23885635937196095
0,tokres+posres,tldr17,tldr17,within,0.5803573205250739,0.0
0,tokres+posres,tldr17,codeparrot,across,0.397314640538488,0.42692376538723775
0,tokres+posres,codeparrot,wikitext,across,0.3286045687851417,0.480099331853249
0,tokres+posres,codeparrot,bookcorpus,across,0.31619764526797817,0.5177827974621306
0,tokres+posres,codeparrot,agnews,across,0.35115580338817004,0.4301138262760509
0,tokres+posres,codeparrot,tldr17,across,0.33808458161337585,0.42692376538723775
0,tokres+posres,codeparrot,codeparrot,within,0.43061181244069263,0.0
0,ctxres,wikitext,wikitext,within,0.8619498588719312,0.0
0,ctxres,wikitext,bookcorpus,across,0.788249281480598,0.23709320024674074
0,ctxres,wikitext,agnews,across,0.6954784799904584,0.23516287561264163
0,ctxres,wikitext,tldr17,across,0.6607127457174579,0.2540870382497583
0,ctxres,wikitext,codeparrot,across,0.5330040951342621,0.480099331853249
0,ctxres,bookcorpus,wikitext,across,0.8089112122761496,0.23709320024674074
0,ctxres,bookcorpus,bookcorpus,within,0.8782216827507309,0.0
0,ctxres,bookcorpus,agnews,across,0.6782520060978385,0.334047638912224
0,ctxres,bookcorpus,tldr17,across,0.6447671014028231,0.21859726616124162
0,ctxres,bookcorpus,codeparrot,across,0.49303997954717493,0.5177827974621306
0,ctxres,agnews,wikitext,across,0.7286031378217817,0.23516287561264163
0,ctxres,agnews,bookcorpus,across,0.684964162279144,0.334047638912224
0,ctxres,agnews,agnews,within,0.884805354535432,0.0
0,ctxres,agnews,tldr17,across,0.8169672564570787,0.23885635937196095
0,ctxres,agnews,codeparrot,across,0.6771233476767949,0.4301138262760509
0,ctxres,tldr17,wikitext,across,0.6932675558452441,0.2540870382497583
0,ctxres,tldr17,bookcorpus,across,0.6515971180177852,0.21859726616124162
0,ctxres,tldr17,agnews,across,0.8169868355884516,0.23885635937196095
0,ctxres,tldr17,tldr17,within,0.8622689503336742,0.0
0,ctxres,tldr17,codeparrot,across,0.6576421227287601,0.42692376538723775
0,ctxres,codeparrot,wikitext,across,0.44852507431582656,0.480099331853249
0,ctxres,codeparrot,bookcorpus,across,0.40567148095438,0.5177827974621306
0,ctxres,codeparrot,agnews,across,0.5447558326333093,0.4301138262760509
0,ctxres,codeparrot,tldr17,across,0.5335834594469119,0.42692376538723775
0,ctxres,codeparrot,codeparrot,within,0.6086561466552339,0.0
0,ctxres+posres,wikitext,wikitext,within,0.6022270621144252,0.0
0,ctxres+posres,wikitext,bookcorpus,across,0.4769885255418381,0.23709320024674074
0,ctxres+posres,wikitext,agnews,across,0.47301944056816414,0.23516287561264163
0,ctxres+posres,wikitext,tldr17,across,0.43461276494441514,0.2540870382497583
0,ctxres+posres,wikitext,codeparrot,across,0.3919014732459494,0.480099331853249
0,ctxres+posres,bookcorpus,wikitext,across,0.5309924240210983,0.23709320024674074
0,ctxres+posres,bookcorpus,bookcorpus,within,0.6244456278378836,0.0
0,ctxres+posres,bookcorpus,agnews,across,0.5081263895686529,0.334047638912224
0,ctxres+posres,bookcorpus,tldr17,across,0.4815500008811227,0.21859726616124162
0,ctxres+posres,bookcorpus,codeparrot,across,0.37420752713984456,0.5177827974621306
0,ctxres+posres,agnews,wikitext,across,0.5238349631292291,0.23516287561264163
0,ctxres+posres,agnews,bookcorpus,across,0.5124153920426117,0.334047638912224
0,ctxres+posres,agnews,agnews,within,0.613789687783398,0.0
0,ctxres+posres,agnews,tldr17,across,0.5136948123349947,0.23885635937196095
0,ctxres+posres,agnews,codeparrot,across,0.43285939120625183,0.4301138262760509
0,ctxres+posres,tldr17,wikitext,across,0.4881739593619695,0.2540870382497583
0,ctxres+posres,tldr17,bookcorpus,across,0.49473111913417106,0.21859726616124162
0,ctxres+posres,tldr17,agnews,across,0.5213231196510628,0.23885635937196095
0,ctxres+posres,tldr17,tldr17,within,0.5989467457969745,0.0
0,ctxres+posres,tldr17,codeparrot,across,0.4082665988134666,0.42692376538723775
0,ctxres+posres,codeparrot,wikitext,across,0.33925772284339595,0.480099331853249
0,ctxres+posres,codeparrot,bookcorpus,across,0.32469382779806844,0.5177827974621306
0,ctxres+posres,codeparrot,agnews,across,0.3568355136675435,0.4301138262760509
0,ctxres+posres,codeparrot,tldr17,across,0.34408072588965516,0.42692376538723775
0,ctxres+posres,codeparrot,codeparrot,within,0.45038559292472213,0.0
0,tokres+freqmatch,wikitext,wikitext,within,0.7544109423848032,0.0
0,tokres+freqmatch,wikitext,bookcorpus,across,0.6598805939146765,0.23709320024674074
0,tokres+freqmatch,wikitext,agnews,across,0.6335844246274619,0.23516287561264163
0,tokres+freqmatch,wikitext,tldr17,across,0.6202668283143081,0.2540870382497583
0,tokres+freqmatch,wikitext,codeparrot,across,0.4978177550711007,0.480099331853249
0,tokres+freqmatch,bookcorpus,wikitext,across,0.7018356665522032,0.23709320024674074
0,tokres+freqmatch,bookcorpus,bookcorpus,within,0.8035463248396846,0.0
0,tokres+freqmatch,bookcorpus,agnews,across,0.6709340623147814,0.334047638912224
0,tokres+freqmatch,bookcorpus,tldr17,across,0.6524408789835261,0.21859726616124162
0,tokres+freqmatch,bookcorpus,codeparrot,across,0.5320074642002068,0.5177827974621306
0,tokres+freqmatch,agnews,wikitext,across,0.6640375996956851,0.23516287561264163
0,tokres+freqmatch,agnews,bookcorpus,across,0.6728161383956677,0.334047638912224
0,tokres+freqmatch,agnews,agnews,within,0.7743022956656175,0.0
0,tokres+freqmatch,agnews,tldr17,across,0.7067519777796686,0.23885635937196095
0,tokres+freqmatch,agnews,codeparrot,across,0.5669057268485701,0.4301138262760509
0,tokres+freqmatch,tldr17,wikitext,across,0.65417676356087,0.2540870382497583
0,tokres+freqmatch,tldr17,bookcorpus,across,0.6567261032666962,0.21859726616124162
0,tokres+freqmatch,tldr17,agnews,across,0.7040426629505738,0.23885635937196095
0,tokres+freqmatch,tldr17,tldr17,within,0.7705218026053795,0.0
0,tokres+freqmatch,tldr17,codeparrot,across,0.5541609342932855,0.42692376538723775
0,tokres+freqmatch,codeparrot,wikitext,across,0.46731397067149727,0.480099331853249
0,tokres+freqmatch,codeparrot,bookcorpus,across,0.47596093420446983,0.5177827974621306
0,tokres+freqmatch,codeparrot,agnews,across,0.5014016774831023,0.4301138262760509
0,tokres+freqmatch,codeparrot,tldr17,across,0.49750200024987135,0.42692376538723775
0,tokres+freqmatch,codeparrot,codeparrot,within,0.5362848382389892,0.0
0,tokres+posres+freqmatch,wikitext,wikitext,within,0.5483629859950061,0.0
0,tokres+posres+freqmatch,wikitext,bookcorpus,across,0.4310832946247976,0.23709320024674074
0,tokres+posres+freqmatch,wikitext,agnews,across,0.4097038917897972,0.23516287561264163
0,tokres+posres+freqmatch,wikitext,tldr17,across,0.39799833435381854,0.2540870382497583
0,tokres+posres+freqmatch,wikitext,codeparrot,across,0.32558408456354554,0.480099331853249
0,tokres+posres+freqmatch,bookcorpus,wikitext,across,0.48706277730893754,0.23709320024674074
0,tokres+posres+freqmatch,bookcorpus,bookcorpus,within,0.5690526598240169,0.0
0,tokres+posres+freqmatch,bookcorpus,agnews,across,0.44686813014348187,0.334047638912224
0,tokres+posres+freqmatch,bookcorpus,tldr17,across,0.4329652620429366,0.21859726616124162
0,tokres+posres+freqmatch,bookcorpus,codeparrot,across,0.3296947836818263,0.5177827974621306
0,tokres+posres+freqmatch,agnews,wikitext,across,0.4438997381481309,0.23516287561264163
0,tokres+posres+freqmatch,agnews,bookcorpus,across,0.44412314101721007,0.334047638912224
0,tokres+posres+freqmatch,agnews,agnews,within,0.5061416446913446,0.0
0,tokres+posres+freqmatch,agnews,tldr17,across,0.45770776050446016,0.23885635937196095
0,tokres+posres+freqmatch,agnews,codeparrot,across,0.33844208056500236,0.4301138262760509
0,tokres+posres+freqmatch,tldr17,wikitext,across,0.4390433503211732,0.2540870382497583
0,tokres+posres+freqmatch,tldr17,bookcorpus,across,0.43467633687263174,0.21859726616124162
0,tokres+posres+freqmatch,tldr17,agnews,across,0.4640809305456434,0.23885635937196095
0,tokres+posres+freqmatch,tldr17,tldr17,within,0.5495451508295335,0.0
0,tokres+posres+freqmatch,tldr17,codeparrot,across,0.34225132395494706,0.42692376538723775
0,tokres+posres+freqmatch,codeparrot,wikitext,across,0.3093921476700937,0.480099331853249
0,tokres+posres+freqmatch,codeparrot,bookcorpus,across,0.3008982124105537,0.5177827974621306
0,tokres+posres+freqmatch,codeparrot,agnews,across,0.3153413313653614,0.4301138262760509
0,tokres+posres+freqmatch,codeparrot,tldr17,across,0.3189768976966948,0.42692376538723775
0,tokres+posres+freqmatch,codeparrot,codeparrot,within,0.35164808448577023,0.0
0,ctxres+freqmatch,wikitext,wikitext,within,0.7440272061925425,0.0
0,ctxres+freqmatch,wikitext,bookcorpus,across,0.6537688267287692,0.23709320024674074
0,ctxres+freqmatch,wikitext,agnews,across,0.6364857555608083,0.23516287561264163
0,ctxres+freqmatch,wikitext,tldr17,across,0.6195502959181782,0.2540870382497583
0,ctxres+freqmatch,wikitext,codeparrot,across,0.49729968439554184,0.480099331853249
0,ctxres+freqmatch,bookcorpus,wikitext,across,0.7045558191711784,0.23709320024674074
0,ctxres+freqmatch,bookcorpus,bookcorpus,within,0.7912217050777333,0.0
0,ctxres+freqmatch,bookcorpus,agnews,across,0.6831747294203662,0.334047638912224
0,ctxres+freqmatch,bookcorpus,tldr17,across,0.6623573763942212,0.21859726616124162
0,ctxres+freqmatch,bookcorpus,codeparrot,across,0.5277931646892978,0.5177827974621306
0,ctxres+freqmatch,agnews,wikitext,across,0.6737640890193988,0.23516287561264163
0,ctxres+freqmatch,agnews,bookcorpus,across,0.6839954264653236,0.334047638912224
0,ctxres+freqmatch,agnews,agnews,within,0.7727986961698514,0.0
0,ctxres+freqmatch,agnews,tldr17,across,0.7077573744767077,0.23885635937196095
0,ctxres+freqmatch,agnews,codeparrot,across,0.5593832784930346,0.4301138262760509
0,ctxres+freqmatch,tldr17,wikitext,across,0.6612581591497898,0.2540870382497583
0,ctxres+freqmatch,tldr17,bookcorpus,across,0.6649887126605335,0.21859726616124162
0,ctxres+freqmatch,tldr17,agnews,across,0.7052969018343211,0.23885635937196095
0,ctxres+freqmatch,tldr17,tldr17,within,0.7719774395009692,0.0
0,ctxres+freqmatch,tldr17,codeparrot,across,0.5495288325474799,0.42692376538723775
0,ctxres+freqmatch,codeparrot,wikitext,across,0.473858441762556,0.480099331853249
0,ctxres+freqmatch,codeparrot,bookcorpus,across,0.47449794341961893,0.5177827974621306
0,ctxres+freqmatch,codeparrot,agnews,across,0.5020161643470465,0.4301138262760509
0,ctxres+freqmatch,codeparrot,tldr17,across,0.49998664725481295,0.42692376538723775
0,ctxres+freqmatch,codeparrot,codeparrot,within,0.5282548202755113,0.0
0,tokres+rank,wikitext,wikitext,within,0.8968334943263786,0.0
0,tokres+rank,wikitext,bookcorpus,across,0.8757822379544685,0.23709320024674074
0,tokres+rank,wikitext,agnews,across,0.8757347450935817,0.23516287561264163
0,tokres+rank,wikitext,tldr17,across,0.8561667187386585,0.2540870382497583
0,tokres+rank,wikitext,codeparrot,across,0.7514180837371109,0.480099331853249
0,tokres+rank,bookcorpus,wikitext,across,0.8773594598964244,0.23709320024674074
0,tokres+rank,bookcorpus,bookcorpus,within,0.899533990852798,0.0
0,tokres+rank,bookcorpus,agnews,across,0.8725496177040957,0.334047638912224
0,tokres+rank,bookcorpus,tldr17,across,0.8542521542181146,0.21859726616124162
0,tokres+rank,bookcorpus,codeparrot,across,0.7457567661705508,0.5177827974621306
0,tokres+rank,agnews,wikitext,across,0.872412465651704,0.23516287561264163
0,tokres+rank,agnews,bookcorpus,across,0.8669645589638945,0.334047638912224
0,tokres+rank,agnews,agnews,within,0.9100161636113437,0.0
0,tokres+rank,agnews,tldr17,across,0.8795179957504623,0.23885635937196095
0,tokres+rank,agnews,codeparrot,across,0.782212229959909,0.4301138262760509
0,tokres+rank,tldr17,wikitext,across,0.853057404237652,0.2540870382497583
0,tokres+rank,tldr17,bookcorpus,across,0.8502688921834812,0.21859726616124162
0,tokres+rank,tldr17,agnews,across,0.8815144430011363,0.23885635937196095
0,tokres+rank,tldr17,tldr17,within,0.8894988329968154,0.0
0,tokres+rank,tldr17,codeparrot,across,0.7599098034102707,0.42692376538723775
0,tokres+rank,codeparrot,wikitext,across,0.7615969129813147,0.480099331853249
0,tokres+rank,codeparrot,bookcorpus,across,0.7535148655461734,0.5177827974621306
0,tokres+rank,codeparrot,agnews,across,0.789271768047356,0.4301138262760509
0,tokres+rank,codeparrot,tldr17,across,0.7710888480586742,0.42692376538723775
0,tokres+rank,codeparrot,codeparrot,within,0.7378394488273408,0.0
0,cm:tokres+rank,wikitext,wikitext,within,0.8032099863258674,0.0
0,cm:tokres+rank,wikitext,bookcorpus,across,0.6910789423937773,0.23709320024674074
0,cm:tokres+rank,wikitext,agnews,across,0.5176051136920409,0.23516287561264163
0,cm:tokres+rank,wikitext,tldr17,across,0.4823498028165281,0.2540870382497583
0,cm:tokres+rank,wikitext,codeparrot,across,0.364553148988416,0.480099331853249
0,cm:tokres+rank,bookcorpus,wikitext,across,0.697567233528716,0.23709320024674074
0,cm:tokres+rank,bookcorpus,bookcorpus,within,0.8178313922672691,0.0
0,cm:tokres+rank,bookcorpus,agnews,across,0.4982519601666307,0.334047638912224
0,cm:tokres+rank,bookcorpus,tldr17,across,0.4673276899961899,0.21859726616124162
0,cm:tokres+rank,bookcorpus,codeparrot,across,0.3273821403166335,0.5177827974621306
0,cm:tokres+rank,agnews,wikitext,across,0.5325508990575453,0.23516287561264163
0,cm:tokres+rank,agnews,bookcorpus,across,0.5028619157941961,0.334047638912224
0,cm:tokres+rank,agnews,agnews,within,0.8213594882102131,0.0
0,cm:tokres+rank,agnews,tldr17,across,0.6895263705173574,0.23885635937196095
0,cm:tokres+rank,agnews,codeparrot,across,0.5104385359405844,0.4301138262760509
0,cm:tokres+rank,tldr17,wikitext,across,0.4900456813065158,0.2540870382497583
0,cm:tokres+rank,tldr17,bookcorpus,across,0.4667436846605257,0.21859726616124162
0,cm:tokres+rank,tldr17,agnews,across,0.6913065341826921,0.23885635937196095
0,cm:tokres+rank,tldr17,tldr17,within,0.778116798220932,0.0
0,cm:tokres+rank,tldr17,codeparrot,across,0.4781406674685632,0.42692376538723775
0,cm:tokres+rank,codeparrot,wikitext,across,0.3155155630188338,0.480099331853249
0,cm:tokres+rank,codeparrot,bookcorpus,across,0.284648470761732,0.5177827974621306
0,cm:tokres+rank,codeparrot,agnews,across,0.4277911498029809,0.4301138262760509
0,cm:tokres+rank,codeparrot,tldr17,across,0.40997811455657346,0.42692376538723775
0,cm:tokres+rank,codeparrot,codeparrot,within,0.5609369590290232,0.0
0,cm:base,wikitext,wikitext,within,0.9894641213402025,0.0
0,cm:base,wikitext,bookcorpus,across,0.7927796972288165,0.23709320024674074
0,cm:base,wikitext,agnews,across,0.46448367475327723,0.23516287561264163
0,cm:base,wikitext,tldr17,across,0.40313868041440887,0.2540870382497583
0,cm:base,wikitext,codeparrot,across,0.1577123816196764,0.480099331853249
0,cm:base,bookcorpus,wikitext,across,0.7894435383254063,0.23709320024674074
0,cm:base,bookcorpus,bookcorpus,within,0.994666241682882,0.0
0,cm:base,bookcorpus,agnews,across,0.3740776971626525,0.334047638912224
0,cm:base,bookcorpus,tldr17,across,0.38387305019741785,0.21859726616124162
0,cm:base,bookcorpus,codeparrot,across,0.11062229563919311,0.5177827974621306
0,cm:base,agnews,wikitext,across,0.47510113356383304,0.23516287561264163
0,cm:base,agnews,bookcorpus,across,0.38378974782218866,0.334047638912224
0,cm:base,agnews,agnews,within,0.9869753014975048,0.0
0,cm:base,agnews,tldr17,across,0.7176499976814649,0.23885635937196095
0,cm:base,agnews,codeparrot,across,0.3458672099507548,0.4301138262760509
0,cm:base,tldr17,wikitext,across,0.4131117569925173,0.2540870382497583
0,cm:base,tldr17,bookcorpus,across,0.3874993940761453,0.21859726616124162
0,cm:base,tldr17,agnews,across,0.7221196065555638,0.23885635937196095
0,cm:base,tldr17,tldr17,within,0.9814284434498338,0.0
0,cm:base,tldr17,codeparrot,across,0.2921676692210673,0.42692376538723775
0,cm:base,codeparrot,wikitext,across,0.11774701570937414,0.480099331853249
0,cm:base,codeparrot,bookcorpus,across,0.08466403543302439,0.5177827974621306
0,cm:base,codeparrot,agnews,across,0.29414862591173874,0.4301138262760509
0,cm:base,codeparrot,tldr17,across,0.21602640232789735,0.42692376538723775
0,cm:base,codeparrot,codeparrot,within,0.6748068941667,0.0
0,cm:tokres,wikitext,wikitext,within,0.8742575704765327,0.0
0,cm:tokres,wikitext,bookcorpus,across,0.8036757551278517,0.23709320024674074
0,cm:tokres,wikitext,agnews,across,0.6721034726519799,0.23516287561264163
0,cm:tokres,wikitext,tldr17,across,0.6445093671015921,0.2540870382497583
0,cm:tokres,wikitext,codeparrot,across,0.5244729885671781,0.480099331853249
0,cm:tokres,bookcorpus,wikitext,across,0.8238476638544189,0.23709320024674074
0,cm:tokres,bookcorpus,bookcorpus,within,0.8908004340798334,0.0
0,cm:tokres,bookcorpus,agnews,across,0.6618103695809228,0.334047638912224
0,cm:tokres,bookcorpus,tldr17,across,0.6334606590932857,0.21859726616124162
0,cm:tokres,bookcorpus,codeparrot,across,0.495407794982072,0.5177827974621306
0,cm:tokres,agnews,wikitext,across,0.6997211388539069,0.23516287561264163
0,cm:tokres,agnews,bookcorpus,across,0.6653389964151283,0.334047638912224
0,cm:tokres,agnews,agnews,within,0.8992243857900902,0.0
0,cm:tokres,agnews,tldr17,across,0.8276214132928597,0.23885635937196095
0,cm:tokres,agnews,codeparrot,across,0.6840386270568444,0.4301138262760509
0,cm:tokres,tldr17,wikitext,across,0.6747179143072739,0.2540870382497583
0,cm:tokres,tldr17,bookcorpus,across,0.6397845042907175,0.21859726616124162
0,cm:tokres,tldr17,agnews,across,0.8312924774904482,0.23885635937196095
0,cm:tokres,tldr17,tldr17,within,0.873945607245455,0.0
0,cm:tokres,tldr17,codeparrot,across,0.6654004250549089,0.42692376538723775
0,cm:tokres,codeparrot,wikitext,across,0.42838397601118866,0.480099331853249
0,cm:tokres,codeparrot,bookcorpus,across,0.39646237019823977,0.5177827974621306
0,cm:tokres,codeparrot,agnews,across,0.5282673768413083,0.4301138262760509
0,cm:tokres,codeparrot,tldr17,across,0.5257346191490954,0.42692376538723775
0,cm:tokres,codeparrot,codeparrot,within,0.6073414320001449,0.0
0,cm:tokres+posres,wikitext,wikitext,within,0.5789446562454791,0.0
0,cm:tokres+posres,wikitext,bookcorpus,across,0.44637431340141837,0.23709320024674074
0,cm:tokres+posres,wikitext,agnews,across,0.44189603524780957,0.23516287561264163
0,cm:tokres+posres,wikitext,tldr17,across,0.40906489480577257,0.2540870382497583
0,cm:tokres+posres,wikitext,codeparrot,across,0.3750070795676074,0.480099331853249
0,cm:tokres+posres,bookcorpus,wikitext,across,0.5022991329225087,0.23709320024674074
0,cm:tokres+posres,bookcorpus,bookcorpus,within,0.5734569445972799,0.0
0,cm:tokres+posres,bookcorpus,agnews,across,0.4738766053443742,0.334047638912224
0,cm:tokres+posres,bookcorpus,tldr17,across,0.44889660783265223,0.21859726616124162
0,cm:tokres+posres,bookcorpus,codeparrot,across,0.3603053768710941,0.5177827974621306
0,cm:tokres+posres,agnews,wikitext,across,0.4884210713210662,0.23516287561264163
0,cm:tokres+posres,agnews,bookcorpus,across,0.47697061499828475,0.334047638912224
0,cm:tokres+posres,agnews,agnews,within,0.5867690977729884,0.0
0,cm:tokres+posres,agnews,tldr17,across,0.491982358973109,0.23885635937196095
0,cm:tokres+posres,agnews,codeparrot,across,0.42829127088946,0.4301138262760509
0,cm:tokres+posres,tldr17,wikitext,across,0.4590356500627011,0.2540870382497583
0,cm:tokres+posres,tldr17,bookcorpus,across,0.45926690748302496,0.21859726616124162
0,cm:tokres+posres,tldr17,agnews,across,0.5011901666669637,0.23885635937196095
0,cm:tokres+posres,tldr17,tldr17,within,0.5803616619599846,0.0
0,cm:tokres+posres,tldr17,codeparrot,across,0.39726614407556016,0.42692376538723775
0,cm:tokres+posres,codeparrot,wikitext,across,0.3285985594120955,0.480099331853249
0,cm:tokres+posres,codeparrot,bookcorpus,across,0.31606850462760744,0.5177827974621306
0,cm:tokres+posres,codeparrot,agnews,across,0.3509704422884157,0.4301138262760509
0,cm:tokres+posres,codeparrot,tldr17,across,0.33812689464339746,0.42692376538723775
0,cm:tokres+posres,codeparrot,codeparrot,within,0.430690566547258,0.0
0,cm:ctxres+posres,wikitext,wikitext,within,0.6021761867235533,0.0
0,cm:ctxres+posres,wikitext,bookcorpus,across,0.47679334168519455,0.23709320024674074
0,cm:ctxres+posres,wikitext,agnews,across,0.4729494653278748,0.23516287561264163
0,cm:ctxres+posres,wikitext,tldr17,across,0.4346634430069806,0.2540870382497583
0,cm:ctxres+posres,wikitext,codeparrot,across,0.3918898488151522,0.480099331853249
0,cm:ctxres+posres,bookcorpus,wikitext,across,0.5307089158275157,0.23709320024674074
0,cm:ctxres+posres,bookcorpus,bookcorpus,within,0.6241123125623811,0.0
0,cm:ctxres+posres,bookcorpus,agnews,across,0.5078228808213155,0.334047638912224
0,cm:ctxres+posres,bookcorpus,tldr17,across,0.4814789671822816,0.21859726616124162
0,cm:ctxres+posres,bookcorpus,codeparrot,across,0.3740776431047594,0.5177827974621306
0,cm:ctxres+posres,agnews,wikitext,across,0.5235688671638307,0.23516287561264163
0,cm:ctxres+posres,agnews,bookcorpus,across,0.5122949778987722,0.334047638912224
0,cm:ctxres+posres,agnews,agnews,within,0.6136762945040967,0.0
0,cm:ctxres+posres,agnews,tldr17,across,0.5136605010415777,0.23885635937196095
0,cm:ctxres+posres,agnews,codeparrot,across,0.4327038124387112,0.4301138262760509
0,cm:ctxres+posres,tldr17,wikitext,across,0.4880128981490025,0.2540870382497583
0,cm:ctxres+posres,tldr17,bookcorpus,across,0.4945537214203953,0.21859726616124162
0,cm:ctxres+posres,tldr17,agnews,across,0.5211784948251831,0.23885635937196095
0,cm:ctxres+posres,tldr17,tldr17,within,0.5989791023579409,0.0
0,cm:ctxres+posres,tldr17,codeparrot,across,0.40824093910527415,0.42692376538723775
0,cm:ctxres+posres,codeparrot,wikitext,across,0.3392661734241299,0.480099331853249
0,cm:ctxres+posres,codeparrot,bookcorpus,across,0.3245772937398093,0.5177827974621306
0,cm:ctxres+posres,codeparrot,agnews,across,0.35666964623336,0.4301138262760509
0,cm:ctxres+posres,codeparrot,tldr17,across,0.34417454066094894,0.42692376538723775
0,cm:ctxres+posres,codeparrot,codeparrot,within,0.4504895747306588,0.0
64,base,wikitext,wikitext,within,0.9964422084596604,0.0
64,base,wikitext,bookcorpus,across,0.9212833568799991,0.23709320024674074
64,base,wikitext,agnews,across,0.6822463713902542,0.23516287561264163
64,base,wikitext,tldr17,across,0.6371119778334323,0.2540870382497583
64,base,wikitext,codeparrot,across,0.3290372943525951,0.480099331853249
64,base,bookcorpus,wikitext,across,0.9141352751637111,0.23709320024674074
64,base,bookcorpus,bookcorpus,within,0.9981225331254305,0.0
64,base,bookcorpus,agnews,across,0.6143043049753699,0.334047638912224
64,base,bookcorpus,tldr17,across,0.5917323773335421,0.21859726616124162
64,base,bookcorpus,codeparrot,across,0.28830748765921344,0.5177827974621306
64,base,agnews,wikitext,across,0.691756643556174,0.23516287561264163
64,base,agnews,bookcorpus,across,0.6165023705970751,0.334047638912224
64,base,agnews,agnews,within,0.9974298930407058,0.0
64,base,agnews,tldr17,across,0.929107704921496,0.23885635937196095
64,base,agnews,codeparrot,across,0.5831620450657345,0.4301138262760509
64,base,tldr17,wikitext,across,0.6399688499520102,0.2540870382497583
64,base,tldr17,bookcorpus,across,0.5829265754365961,0.21859726616124162
64,base,tldr17,agnews,across,0.9260477885551447,0.23885635937196095
64,base,tldr17,tldr17,within,0.9944727172448308,0.0
64,base,tldr17,codeparrot,across,0.5570682861839867,0.42692376538723775
64,base,codeparrot,wikitext,across,0.28213782566518614,0.480099331853249
64,base,codeparrot,bookcorpus,across,0.24386153098952257,0.5177827974621306
64,base,codeparrot,agnews,across,0.5057226627284765,0.4301138262760509
64,base,codeparrot,tldr17,across,0.475683262036529,0.42692376538723775
64,base,codeparrot,codeparrot,within,0.8895262130895086,0.0
64,tokmean,wikitext,wikitext,within,0.996806062005314,0.0
64,tokmean,wikitext,bookcorpus,across,0.9186216586867981,0.23709320024674074
64,tokmean,wikitext,agnews,across,0.6736139143936227,0.23516287561264163
64,tokmean,wikitext,tldr17,across,0.6314122501748103,0.2540870382497583
64,tokmean,wikitext,codeparrot,across,0.32229223005564767,0.480099331853249
64,tokmean,bookcorpus,wikitext,across,0.9116322768010714,0.23709320024674074
64,tokmean,bookcorpus,bookcorpus,within,0.9983574232893772,0.0
64,tokmean,bookcorpus,agnews,across,0.6055741032166516,0.334047638912224
64,tokmean,bookcorpus,tldr17,across,0.5864269037884805,0.21859726616124162
64,tokmean,bookcorpus,codeparrot,across,0.2803525095845877,0.5177827974621306
64,tokmean,agnews,wikitext,across,0.6827114496478235,0.23516287561264163
64,tokmean,agnews,bookcorpus,across,0.6077248504465356,0.334047638912224
64,tokmean,agnews,agnews,within,0.9975655322442913,0.0
64,tokmean,agnews,tldr17,across,0.9282211987066298,0.23885635937196095
64,tokmean,agnews,codeparrot,across,0.5867823706712216,0.4301138262760509
64,tokmean,tldr17,wikitext,across,0.635168138009422,0.2540870382497583
64,tokmean,tldr17,bookcorpus,across,0.5791706175922448,0.21859726616124162
64,tokmean,tldr17,agnews,across,0.9261553881770013,0.23885635937196095
64,tokmean,tldr17,tldr17,within,0.9950092830834479,0.0
64,tokmean,tldr17,codeparrot,across,0.5615445402534954,0.42692376538723775
64,tokmean,codeparrot,wikitext,across,0.2674417914777562,0.480099331853249
64,tokmean,codeparrot,bookcorpus,across,0.23045985642189717,0.5177827974621306
64,tokmean,codeparrot,agnews,across,0.5018944748102145,0.4301138262760509
64,tokmean,codeparrot,tldr17,across,0.47338304149987465,0.42692376538723775
64,tokmean,codeparrot,codeparrot,within,0.8996728526786999,0.0
64,freqmatch,wikitext,wikitext,within,0.99859639901456,0.0
64,freqmatch,wikitext,bookcorpus,across,0.9597596611919096,0.23709320024674074
64,freqmatch,wikitext,agnews,across,0.958820121085714,0.23516287561264163
64,freqmatch,wikitext,tldr17,across,0.9576860655476017,0.2540870382497583
64,freqmatch,wikitext,codeparrot,across,0.8760180722711903,0.480099331853249
64,freqmatch,bookcorpus,wikitext,across,0.9639478807851285,0.23709320024674074
64,freqmatch,bookcorpus,bookcorpus,within,0.9989396261310199,0.0
64,freqmatch,bookcorpus,agnews,across,0.9274019227337266,0.334047638912224
64,freqmatch,bookcorpus,tldr17,across,0.9262197333536047,0.21859726616124162
64,freqmatch,bookcorpus,codeparrot,across,0.8456618557679141,0.5177827974621306
64,freqmatch,agnews,wikitext,across,0.9580778134047657,0.23516287561264163
64,freqmatch,agnews,bookcorpus,across,0.9240851886423342,0.334047638912224
64,freqmatch,agnews,agnews,within,0.9987287764870505,0.0
64,freqmatch,agnews,tldr17,across,0.9924244632079857,0.23885635937196095
64,freqmatch,agnews,codeparrot,across,0.9188406923563387,0.4301138262760509
64,freqmatch,tldr17,wikitext,across,0.9645550113777899,0.2540870382497583
64,freqmatch,tldr17,bookcorpus,across,0.9299232812789149,0.21859726616124162
64,freqmatch,tldr17,agnews,across,0.9908415432617964,0.23885635937196095
64,freqmatch,tldr17,tldr17,within,0.9978165125427481,0.0
64,freqmatch,tldr17,codeparrot,across,0.9100631998652007,0.42692376538723775
64,freqmatch,codeparrot,wikitext,across,0.8831833483866691,0.480099331853249
64,freqmatch,codeparrot,bookcorpus,across,0.8491757237058544,0.5177827974621306
64,freqmatch,codeparrot,agnews,across,0.8908434422695753,0.4301138262760509
64,freqmatch,codeparrot,tldr17,across,0.8896332899760858,0.42692376538723775
64,freqmatch,codeparrot,codeparrot,within,0.9480411098936693,0.0
64,tokres,wikitext,wikitext,within,0.9385468712150846,0.0
64,tokres,wikitext,bookcorpus,across,0.869175758316914,0.23709320024674074
64,tokres,wikitext,agnews,across,0.7941492839899874,0.23516287561264163
64,tokres,wikitext,tldr17,across,0.7295546242448694,0.2540870382497583
64,tokres,wikitext,codeparrot,across,0.6942329167025676,0.480099331853249
64,tokres,bookcorpus,wikitext,across,0.8874864346280397,0.23709320024674074
64,tokres,bookcorpus,bookcorpus,within,0.9289627593441264,0.0
64,tokres,bookcorpus,agnews,across,0.7805118431613097,0.334047638912224
64,tokres,bookcorpus,tldr17,across,0.7229783428901231,0.21859726616124162
64,tokres,bookcorpus,codeparrot,across,0.6644393984538031,0.5177827974621306
64,tokres,agnews,wikitext,across,0.8109073931951956,0.23516287561264163
64,tokres,agnews,bookcorpus,across,0.7783283752779258,0.334047638912224
64,tokres,agnews,agnews,within,0.9590768550403109,0.0
64,tokres,agnews,tldr17,across,0.8849891425585329,0.23885635937196095
64,tokres,agnews,codeparrot,across,0.7873445124821512,0.4301138262760509
64,tokres,tldr17,wikitext,across,0.7296125675354928,0.2540870382497583
64,tokres,tldr17,bookcorpus,across,0.7082111064040367,0.21859726616124162
64,tokres,tldr17,agnews,across,0.8699522766866133,0.23885635937196095
64,tokres,tldr17,tldr17,within,0.935141697878545,0.0
64,tokres,tldr17,codeparrot,across,0.694751959938396,0.42692376538723775
64,tokres,codeparrot,wikitext,across,0.6790280427528564,0.480099331853249
64,tokres,codeparrot,bookcorpus,across,0.6353831493263814,0.5177827974621306
64,tokres,codeparrot,agnews,across,0.770612086325259,0.4301138262760509
64,tokres,codeparrot,tldr17,across,0.7056363837319194,0.42692376538723775
64,tokres,codeparrot,codeparrot,within,0.8635028620121994,0.0
64,tokres20,wikitext,wikitext,within,0.932901145746347,0.0
64,tokres20,wikitext,bookcorpus,across,0.8538212900242992,0.23709320024674074
64,tokres20,wikitext,agnews,across,0.7725060431012459,0.23516287561264163
64,tokres20,wikitext,tldr17,across,0.7053559381093264,0.2540870382497583
64,tokres20,wikitext,codeparrot,across,0.676262012390478,0.480099331853249
64,tokres20,bookcorpus,wikitext,across,0.8740050213086149,0.23709320024674074
64,tokres20,bookcorpus,bookcorpus,within,0.9247157236318864,0.0
64,tokres20,bookcorpus,agnews,across,0.764203523849741,0.334047638912224
64,tokres20,bookcorpus,tldr17,across,0.7035267166048067,0.21859726616124162
64,tokres20,bookcorpus,codeparrot,across,0.6516290172149466,0.5177827974621306
64,tokres20,agnews,wikitext,across,0.7881467117596801,0.23516287561264163
64,tokres20,agnews,bookcorpus,across,0.7583007161179333,0.334047638912224
64,tokres20,agnews,agnews,within,0.9566684450844506,0.0
64,tokres20,agnews,tldr17,across,0.8730507914961806,0.23885635937196095
64,tokres20,agnews,codeparrot,across,0.7769473192870566,0.4301138262760509
64,tokres20,tldr17,wikitext,across,0.7021066258460917,0.2540870382497583
64,tokres20,tldr17,bookcorpus,across,0.6836681263914894,0.21859726616124162
64,tokres20,tldr17,agnews,across,0.8545455260347189,0.23885635937196095
64,tokres20,tldr17,tldr17,within,0.9314225841517615,0.0
64,tokres20,tldr17,codeparrot,across,0.6740666870277434,0.42692376538723775
64,tokres20,codeparrot,wikitext,across,0.665100912082659,0.480099331853249
64,tokres20,codeparrot,bookcorpus,across,0.6212291677078088,0.5177827974621306
64,tokres20,codeparrot,agnews,across,0.767000409006972,0.4301138262760509
64,tokres20,codeparrot,tldr17,across,0.6932173235722621,0.42692376538723775
64,tokres20,codeparrot,codeparrot,within,0.8660973595497097,0.0
64,tokres+posres,wikitext,wikitext,within,0.9268785778443703,0.0
64,tokres+posres,wikitext,bookcorpus,across,0.8583025814998682,0.23709320024674074
64,tokres+posres,wikitext,agnews,across,0.8533096361957214,0.23516287561264163
64,tokres+posres,wikitext,tldr17,across,0.806676030530496,0.2540870382497583
64,tokres+posres,wikitext,codeparrot,across,0.7687720623663553,0.480099331853249
64,tokres+posres,bookcorpus,wikitext,across,0.8847499229348155,0.23709320024674074
64,tokres+posres,bookcorpus,bookcorpus,within,0.9103109645218014,0.0
64,tokres+posres,bookcorpus,agnews,across,0.8605898356011955,0.334047638912224
64,tokres+posres,bookcorpus,tldr17,across,0.8220975181366167,0.21859726616124162
64,tokres+posres,bookcorpus,codeparrot,across,0.7575571192206898,0.5177827974621306
64,tokres+posres,agnews,wikitext,across,0.8716749585390223,0.23516287561264163
64,tokres+posres,agnews,bookcorpus,across,0.8619309775193221,0.334047638912224
64,tokres+posres,agnews,agnews,within,0.95301534247447,0.0
64,tokres+posres,agnews,tldr17,across,0.8903578801494759,0.23885635937196095
64,tokres+posres,agnews,codeparrot,across,0.8324440404634812,0.4301138262760509
64,tokres+posres,tldr17,wikitext,across,0.811519791162028,0.2540870382497583
64,tokres+posres,tldr17,bookcorpus,across,0.8121881395678423,0.21859726616124162
64,tokres+posres,tldr17,agnews,across,0.8828412243191929,0.23885635937196095
64,tokres+posres,tldr17,tldr17,within,0.919655967688575,0.0
64,tokres+posres,tldr17,codeparrot,across,0.7693047673545566,0.42692376538723775
64,tokres+posres,codeparrot,wikitext,across,0.7616474287685913,0.480099331853249
64,tokres+posres,codeparrot,bookcorpus,across,0.7431358602299126,0.5177827974621306
64,tokres+posres,codeparrot,agnews,across,0.8150497659537707,0.4301138262760509
64,tokres+posres,codeparrot,tldr17,across,0.7603090197188208,0.42692376538723775
64,tokres+posres,codeparrot,codeparrot,within,0.8829982093956854,0.0
64,ctxres,wikitext,wikitext,within,0.9455331833079453,0.0
64,ctxres,wikitext,bookcorpus,across,0.8837557170569624,0.23709320024674074
64,ctxres,wikitext,agnews,across,0.837067854529702,0.23516287561264163
64,ctxres,wikitext,tldr17,across,0.7701564318331776,0.2540870382497583
64,ctxres,wikitext,codeparrot,across,0.7298901873818515,0.480099331853249
64,ctxres,bookcorpus,wikitext,across,0.8989141704991405,0.23709320024674074
64,ctxres,bookcorpus,bookcorpus,within,0.9374463541420109,0.0
64,ctxres,bookcorpus,agnews,across,0.8206558073388113,0.334047638912224
64,ctxres,bookcorpus,tldr17,across,0.7661401397919301,0.21859726616124162
64,ctxres,bookcorpus,codeparrot,across,0.6923062977322085,0.5177827974621306
64,ctxres,agnews,wikitext,across,0.8564484537017705,0.23516287561264163
64,ctxres,agnews,bookcorpus,across,0.8230406354842421,0.334047638912224
64,ctxres,agnews,agnews,within,0.9602125556348914,0.0
64,ctxres,agnews,tldr17,across,0.8956278383456486,0.23885635937196095
64,ctxres,agnews,codeparrot,across,0.8041938347697654,0.4301138262760509
64,ctxres,tldr17,wikitext,across,0.776019708020272,0.2540870382497583
64,ctxres,tldr17,bookcorpus,across,0.756816322845502,0.21859726616124162
64,ctxres,tldr17,agnews,across,0.8816184978510273,0.23885635937196095
64,ctxres,tldr17,tldr17,within,0.9404142255035289,0.0
64,ctxres,tldr17,codeparrot,across,0.7273203640254132,0.42692376538723775
64,ctxres,codeparrot,wikitext,across,0.7216570048288606,0.480099331853249
64,ctxres,codeparrot,bookcorpus,across,0.6720399429644048,0.5177827974621306
64,ctxres,codeparrot,agnews,across,0.786788567073514,0.4301138262760509
64,ctxres,codeparrot,tldr17,across,0.7253238606682275,0.42692376538723775
64,ctxres,codeparrot,codeparrot,within,0.8817371313328419,0.0
64,ctxres+posres,wikitext,wikitext,within,0.9372399114485078,0.0
64,ctxres+posres,wikitext,bookcorpus,across,0.876740212222221,0.23709320024674074
64,ctxres+posres,wikitext,agnews,across,0.8779558698593453,0.23516287561264163
64,ctxres+posres,wikitext,tldr17,across,0.8324793128643262,0.2540870382497583
64,ctxres+posres,wikitext,codeparrot,across,0.7901132511420853,0.480099331853249
64,ctxres+posres,bookcorpus,wikitext,across,0.8985095684863453,0.23709320024674074
64,ctxres+posres,bookcorpus,bookcorpus,within,0.9237229861889771,0.0
64,ctxres+posres,bookcorpus,agnews,across,0.880671730025554,0.334047638912224
64,ctxres+posres,bookcorpus,tldr17,across,0.8485347098417341,0.21859726616124162
64,ctxres+posres,bookcorpus,codeparrot,across,0.7705227090774466,0.5177827974621306
64,ctxres+posres,agnews,wikitext,across,0.8980927163325818,0.23516287561264163
64,ctxres+posres,agnews,bookcorpus,across,0.8858162150857206,0.334047638912224
64,ctxres+posres,agnews,agnews,within,0.954907621081182,0.0
64,ctxres+posres,agnews,tldr17,across,0.9008508066813753,0.23885635937196095
64,ctxres+posres,agnews,codeparrot,across,0.8376201988148853,0.4301138262760509
64,ctxres+posres,tldr17,wikitext,across,0.8429703617526905,0.2540870382497583
64,ctxres+posres,tldr17,bookcorpus,across,0.8461081378191297,0.21859726616124162
64,ctxres+posres,tldr17,agnews,across,0.894619870845942,0.23885635937196095
64,ctxres+posres,tldr17,tldr17,within,0.9295428869560558,0.0
64,ctxres+posres,tldr17,codeparrot,across,0.788104418997264,0.42692376538723775
64,ctxres+posres,codeparrot,wikitext,across,0.7852210383022861,0.480099331853249
64,ctxres+posres,codeparrot,bookcorpus,across,0.7596026979078642,0.5177827974621306
64,ctxres+posres,codeparrot,agnews,across,0.8215706510117007,0.4301138262760509
64,ctxres+posres,codeparrot,tldr17,across,0.7758330395593376,0.42692376538723775
64,ctxres+posres,codeparrot,codeparrot,within,0.898750485634679,0.0
64,tokres+freqmatch,wikitext,wikitext,within,0.8942072450250902,0.0
64,tokres+freqmatch,wikitext,bookcorpus,across,0.8112397666636727,0.23709320024674074
64,tokres+freqmatch,wikitext,agnews,across,0.8000449210216702,0.23516287561264163
64,tokres+freqmatch,wikitext,tldr17,across,0.7787186340227917,0.2540870382497583
64,tokres+freqmatch,wikitext,codeparrot,across,0.614112516240949,0.480099331853249
64,tokres+freqmatch,bookcorpus,wikitext,across,0.8362087522214572,0.23709320024674074
64,tokres+freqmatch,bookcorpus,bookcorpus,within,0.9090066830388828,0.0
64,tokres+freqmatch,bookcorpus,agnews,across,0.8279785803805676,0.334047638912224
64,tokres+freqmatch,bookcorpus,tldr17,across,0.8025615792625233,0.21859726616124162
64,tokres+freqmatch,bookcorpus,codeparrot,across,0.632828176960027,0.5177827974621306
64,tokres+freqmatch,agnews,wikitext,across,0.8218599990847203,0.23516287561264163
64,tokres+freqmatch,agnews,bookcorpus,across,0.8290044136727632,0.334047638912224
64,tokres+freqmatch,agnews,agnews,within,0.916785503991365,0.0
64,tokres+freqmatch,agnews,tldr17,across,0.8655972260339213,0.23885635937196095
64,tokres+freqmatch,agnews,codeparrot,across,0.6597930459259178,0.4301138262760509
64,tokres+freqmatch,tldr17,wikitext,across,0.7851365312008336,0.2540870382497583
64,tokres+freqmatch,tldr17,bookcorpus,across,0.798770898560022,0.21859726616124162
64,tokres+freqmatch,tldr17,agnews,across,0.8512004921031067,0.23885635937196095
64,tokres+freqmatch,tldr17,tldr17,within,0.9039946533947967,0.0
64,tokres+freqmatch,tldr17,codeparrot,across,0.651904979816541,0.42692376538723775
64,tokres+freqmatch,codeparrot,wikitext,across,0.5005659930865306,0.480099331853249
64,tokres+freqmatch,codeparrot,bookcorpus,across,0.5129661679266584,0.5177827974621306
64,tokres+freqmatch,codeparrot,agnews,across,0.5293382924754371,0.4301138262760509
64,tokres+freqmatch,codeparrot,tldr17,across,0.54100181902223,0.42692376538723775
64,tokres+freqmatch,codeparrot,codeparrot,within,0.6996772137964191,0.0
64,tokres+posres+freqmatch,wikitext,wikitext,within,0.8903545551841004,0.0
64,tokres+posres+freqmatch,wikitext,bookcorpus,across,0.8170476938993166,0.23709320024674074
64,tokres+posres+freqmatch,wikitext,agnews,across,0.8152180119025242,0.23516287561264163
64,tokres+posres+freqmatch,wikitext,tldr17,across,0.7968805272023844,0.2540870382497583
64,tokres+posres+freqmatch,wikitext,codeparrot,across,0.6657162694035141,0.480099331853249
64,tokres+posres+freqmatch,bookcorpus,wikitext,across,0.8448416627846213,0.23709320024674074
64,tokres+posres+freqmatch,bookcorpus,bookcorpus,within,0.9032619568107384,0.0
64,tokres+posres+freqmatch,bookcorpus,agnews,across,0.8505904445184165,0.334047638912224
64,tokres+posres+freqmatch,bookcorpus,tldr17,across,0.8259505992801679,0.21859726616124162
64,tokres+posres+freqmatch,bookcorpus,codeparrot,across,0.6863139559693495,0.5177827974621306
64,tokres+posres+freqmatch,agnews,wikitext,across,0.8391790240290576,0.23516287561264163
64,tokres+posres+freqmatch,agnews,bookcorpus,across,0.8510499003810286,0.334047638912224
64,tokres+posres+freqmatch,agnews,agnews,within,0.915495884007438,0.0
64,tokres+posres+freqmatch,agnews,tldr17,across,0.8790770813937753,0.23885635937196095
64,tokres+posres+freqmatch,agnews,codeparrot,across,0.7038741671323039,0.4301138262760509
64,tokres+posres+freqmatch,tldr17,wikitext,across,0.8046389114658549,0.2540870382497583
64,tokres+posres+freqmatch,tldr17,bookcorpus,across,0.819488106356603,0.21859726616124162
64,tokres+posres+freqmatch,tldr17,agnews,across,0.8697045139221631,0.23885635937196095
64,tokres+posres+freqmatch,tldr17,tldr17,within,0.9022988569467351,0.0
64,tokres+posres+freqmatch,tldr17,codeparrot,across,0.6990535246349712,0.42692376538723775
64,tokres+posres+freqmatch,codeparrot,wikitext,across,0.5685966487148054,0.480099331853249
64,tokres+posres+freqmatch,codeparrot,bookcorpus,across,0.569157187041985,0.5177827974621306
64,tokres+posres+freqmatch,codeparrot,agnews,across,0.5910870661675296,0.4301138262760509
64,tokres+posres+freqmatch,codeparrot,tldr17,across,0.5963404202952656,0.42692376538723775
64,tokres+posres+freqmatch,codeparrot,codeparrot,within,0.7424655395710769,0.0
64,ctxres+freqmatch,wikitext,wikitext,within,0.8985858953690424,0.0
64,ctxres+freqmatch,wikitext,bookcorpus,across,0.829167937176523,0.23709320024674074
64,ctxres+freqmatch,wikitext,agnews,across,0.8200697476604812,0.23516287561264163
64,ctxres+freqmatch,wikitext,tldr17,across,0.7996579248540331,0.2540870382497583
64,ctxres+freqmatch,wikitext,codeparrot,across,0.6644900776995409,0.480099331853249
64,ctxres+freqmatch,bookcorpus,wikitext,across,0.8645171172371435,0.23709320024674074
64,ctxres+freqmatch,bookcorpus,bookcorpus,within,0.9195402507664417,0.0
64,ctxres+freqmatch,bookcorpus,agnews,across,0.8571864246363001,0.334047638912224
64,ctxres+freqmatch,bookcorpus,tldr17,across,0.8368776079446629,0.21859726616124162
64,ctxres+freqmatch,bookcorpus,codeparrot,across,0.6857067445352452,0.5177827974621306
64,ctxres+freqmatch,agnews,wikitext,across,0.8494856334728681,0.23516287561264163
64,ctxres+freqmatch,agnews,bookcorpus,across,0.8601540910894562,0.334047638912224
64,ctxres+freqmatch,agnews,agnews,within,0.9246943255345585,0.0
64,ctxres+freqmatch,agnews,tldr17,across,0.8815390521756273,0.23885635937196095
64,ctxres+freqmatch,agnews,codeparrot,across,0.7029112736970419,0.4301138262760509
64,ctxres+freqmatch,tldr17,wikitext,across,0.8185025139082857,0.2540870382497583
64,ctxres+freqmatch,tldr17,bookcorpus,across,0.8368865204855083,0.21859726616124162
64,ctxres+freqmatch,tldr17,agnews,across,0.8706896029996373,0.23885635937196095
64,ctxres+freqmatch,tldr17,tldr17,within,0.9202797987583512,0.0
64,ctxres+freqmatch,tldr17,codeparrot,across,0.6975126861412235,0.42692376538723775
64,ctxres+freqmatch,codeparrot,wikitext,across,0.581823580716343,0.480099331853249
64,ctxres+freqmatch,codeparrot,bookcorpus,across,0.5771789838740353,0.5177827974621306
64,ctxres+freqmatch,codeparrot,agnews,across,0.5962291571996513,0.4301138262760509
64,ctxres+freqmatch,codeparrot,tldr17,across,0.6078428359964804,0.42692376538723775
64,ctxres+freqmatch,codeparrot,codeparrot,within,0.7426429286023704,0.0
64,tokres+rank,wikitext,wikitext,within,0.9204563068121044,0.0
64,tokres+rank,wikitext,bookcorpus,across,0.8700681395035399,0.23709320024674074
64,tokres+rank,wikitext,agnews,across,0.8683612523088006,0.23516287561264163
64,tokres+rank,wikitext,tldr17,across,0.8374969216729027,0.2540870382497583
64,tokres+rank,wikitext,codeparrot,across,0.6899940394508675,0.480099331853249
64,tokres+rank,bookcorpus,wikitext,across,0.8750790013520443,0.23709320024674074
64,tokres+rank,bookcorpus,bookcorpus,within,0.9062154989099576,0.0
64,tokres+rank,bookcorpus,agnews,across,0.84824690293823,0.334047638912224
64,tokres+rank,bookcorpus,tldr17,across,0.8332077016897493,0.21859726616124162
64,tokres+rank,bookcorpus,codeparrot,across,0.6534197776485199,0.5177827974621306
64,tokres+rank,agnews,wikitext,across,0.8678936919784673,0.23516287561264163
64,tokres+rank,agnews,bookcorpus,across,0.8480713463022395,0.334047638912224
64,tokres+rank,agnews,agnews,within,0.9340770714954452,0.0
64,tokres+rank,agnews,tldr17,across,0.8748708843055473,0.23885635937196095
64,tokres+rank,agnews,codeparrot,across,0.7355838116906891,0.4301138262760509
64,tokres+rank,tldr17,wikitext,across,0.8206998950104032,0.2540870382497583
64,tokres+rank,tldr17,bookcorpus,across,0.82822504439068,0.21859726616124162
64,tokres+rank,tldr17,agnews,across,0.8640023914324306,0.23885635937196095
64,tokres+rank,tldr17,tldr17,within,0.9073986871466385,0.0
64,tokres+rank,tldr17,codeparrot,across,0.6531715888474299,0.42692376538723775
64,tokres+rank,codeparrot,wikitext,across,0.7451370401673687,0.480099331853249
64,tokres+rank,codeparrot,bookcorpus,across,0.7052627338826191,0.5177827974621306
64,tokres+rank,codeparrot,agnews,across,0.7955827917205255,0.4301138262760509
64,tokres+rank,codeparrot,tldr17,across,0.7367991738392258,0.42692376538723775
64,tokres+rank,codeparrot,codeparrot,within,0.8422047391514685,0.0
64,cm:tokres+rank,wikitext,wikitext,within,0.9020916719217704,0.0
64,cm:tokres+rank,wikitext,bookcorpus,across,0.7829248968928282,0.23709320024674074
64,cm:tokres+rank,wikitext,agnews,across,0.7072303728469381,0.23516287561264163
64,cm:tokres+rank,wikitext,tldr17,across,0.6371581462226383,0.2540870382497583
64,cm:tokres+rank,wikitext,codeparrot,across,0.5995864305525226,0.480099331853249
64,cm:tokres+rank,bookcorpus,wikitext,across,0.8009897761237355,0.23709320024674074
64,cm:tokres+rank,bookcorpus,bookcorpus,within,0.8758723828147561,0.0
64,cm:tokres+rank,bookcorpus,agnews,across,0.6614839076360878,0.334047638912224
64,cm:tokres+rank,bookcorpus,tldr17,across,0.618024129319644,0.21859726616124162
64,cm:tokres+rank,bookcorpus,codeparrot,across,0.5290463791436382,0.5177827974621306
64,cm:tokres+rank,agnews,wikitext,across,0.7207908880999913,0.23516287561264163
64,cm:tokres+rank,agnews,bookcorpus,across,0.6553017673307134,0.334047638912224
64,cm:tokres+rank,agnews,agnews,within,0.9289688602016148,0.0
64,cm:tokres+rank,agnews,tldr17,across,0.7982864769313414,0.23885635937196095
64,cm:tokres+rank,agnews,codeparrot,across,0.6921382117664246,0.4301138262760509
64,cm:tokres+rank,tldr17,wikitext,across,0.5909184270684682,0.2540870382497583
64,cm:tokres+rank,tldr17,bookcorpus,across,0.5702235381709061,0.21859726616124162
64,cm:tokres+rank,tldr17,agnews,across,0.758315775117815,0.23885635937196095
64,cm:tokres+rank,tldr17,tldr17,within,0.8741012845170748,0.0
64,cm:tokres+rank,tldr17,codeparrot,across,0.5363744091323769,0.42692376538723775
64,cm:tokres+rank,codeparrot,wikitext,across,0.5949037269126273,0.480099331853249
64,cm:tokres+rank,codeparrot,bookcorpus,across,0.5053129811302648,0.5177827974621306
64,cm:tokres+rank,codeparrot,agnews,across,0.6886141008938328,0.4301138262760509
64,cm:tokres+rank,codeparrot,tldr17,across,0.5983125926842905,0.42692376538723775
64,cm:tokres+rank,codeparrot,codeparrot,within,0.865241897610714,0.0
64,cm:base,wikitext,wikitext,within,0.9964602249983795,0.0
64,cm:base,wikitext,bookcorpus,across,0.921949347842739,0.23709320024674074
64,cm:base,wikitext,agnews,across,0.6844069664933029,0.23516287561264163
64,cm:base,wikitext,tldr17,across,0.6394820933187195,0.2540870382497583
64,cm:base,wikitext,codeparrot,across,0.3371010467591005,0.480099331853249
64,cm:base,bookcorpus,wikitext,across,0.9147755325503395,0.23709320024674074
64,cm:base,bookcorpus,bookcorpus,within,0.9981394920185307,0.0
64,cm:base,bookcorpus,agnews,across,0.6164550899513428,0.334047638912224
64,cm:base,bookcorpus,tldr17,across,0.593557147601312,0.21859726616124162
64,cm:base,bookcorpus,codeparrot,across,0.29551124359574993,0.5177827974621306
64,cm:base,agnews,wikitext,across,0.6943514780683928,0.23516287561264163
64,cm:base,agnews,bookcorpus,across,0.6187591646448408,0.334047638912224
64,cm:base,agnews,agnews,within,0.9975153614756197,0.0
64,cm:base,agnews,tldr17,across,0.9312699575274974,0.23885635937196095
64,cm:base,agnews,codeparrot,across,0.5941771437765366,0.4301138262760509
64,cm:base,tldr17,wikitext,across,0.6429797071433793,0.2540870382497583
64,cm:base,tldr17,bookcorpus,across,0.5851829506756607,0.21859726616124162
64,cm:base,tldr17,agnews,across,0.9281099876312817,0.23885635937196095
64,cm:base,tldr17,tldr17,within,0.9946612736255274,0.0
64,cm:base,tldr17,codeparrot,across,0.5686988054249126,0.42692376538723775
64,cm:base,codeparrot,wikitext,across,0.2919615386837054,0.480099331853249
64,cm:base,codeparrot,bookcorpus,across,0.25244305938923345,0.5177827974621306
64,cm:base,codeparrot,agnews,across,0.5186111769969778,0.4301138262760509
64,cm:base,codeparrot,tldr17,across,0.48994759552954864,0.42692376538723775
64,cm:base,codeparrot,codeparrot,within,0.8917604072145647,0.0
64,cm:tokres,wikitext,wikitext,within,0.939141722222816,0.0
64,cm:tokres,wikitext,bookcorpus,across,0.8691152022567519,0.23709320024674074
64,cm:tokres,wikitext,agnews,across,0.7929130591290404,0.23516287561264163
64,cm:tokres,wikitext,tldr17,across,0.7289716159991527,0.2540870382497583
64,cm:tokres,wikitext,codeparrot,across,0.6905361117648819,0.480099331853249
64,cm:tokres,bookcorpus,wikitext,across,0.8871821658624652,0.23709320024674074
64,cm:tokres,bookcorpus,bookcorpus,within,0.9300534801706555,0.0
64,cm:tokres,bookcorpus,agnews,across,0.7789078561156011,0.334047638912224
64,cm:tokres,bookcorpus,tldr17,across,0.7221744604781174,0.21859726616124162
64,cm:tokres,bookcorpus,codeparrot,across,0.6596487073360988,0.5177827974621306
64,cm:tokres,agnews,wikitext,across,0.8094192767954863,0.23516287561264163
64,cm:tokres,agnews,bookcorpus,across,0.7764917836952454,0.334047638912224
64,cm:tokres,agnews,agnews,within,0.9596466832911322,0.0
64,cm:tokres,agnews,tldr17,across,0.8856700937553527,0.23885635937196095
64,cm:tokres,agnews,codeparrot,across,0.7855526439934365,0.4301138262760509
64,cm:tokres,tldr17,wikitext,across,0.7296945400176033,0.2540870382497583
64,cm:tokres,tldr17,bookcorpus,across,0.7075633720092218,0.21859726616124162
64,cm:tokres,tldr17,agnews,across,0.8711248867121407,0.23885635937196095
64,cm:tokres,tldr17,tldr17,within,0.9358075727534194,0.0
64,cm:tokres,tldr17,codeparrot,across,0.694656253104229,0.42692376538723775
64,cm:tokres,codeparrot,wikitext,across,0.6754026962240891,0.480099331853249
64,cm:tokres,codeparrot,bookcorpus,across,0.631823617834645,0.5177827974621306
64,cm:tokres,codeparrot,agnews,across,0.767433252937184,0.4301138262760509
64,cm:tokres,codeparrot,tldr17,across,0.7033048161102929,0.42692376538723775
64,cm:tokres,codeparrot,codeparrot,within,0.8626618859073175,0.0
64,cm:tokres+posres,wikitext,wikitext,within,0.9268953534222111,0.0
64,cm:tokres+posres,wikitext,bookcorpus,across,0.8582201193598151,0.23709320024674074
64,cm:tokres+posres,wikitext,agnews,across,0.8527825423497408,0.23516287561264163
64,cm:tokres+posres,wikitext,tldr17,across,0.8072682391397242,0.2540870382497583
64,cm:tokres+posres,wikitext,codeparrot,across,0.7675834728709809,0.480099331853249
64,cm:tokres+posres,bookcorpus,wikitext,across,0.8848512338137395,0.23709320024674074
64,cm:tokres+posres,bookcorpus,bookcorpus,within,0.9103433796491531,0.0
64,cm:tokres+posres,bookcorpus,agnews,across,0.86013799810837,0.334047638912224
64,cm:tokres+posres,bookcorpus,tldr17,across,0.8226196429778464,0.21859726616124162
64,cm:tokres+posres,bookcorpus,codeparrot,across,0.7560034748720644,0.5177827974621306
64,cm:tokres+posres,agnews,wikitext,across,0.871477837651925,0.23516287561264163
64,cm:tokres+posres,agnews,bookcorpus,across,0.8621920972557139,0.334047638912224
64,cm:tokres+posres,agnews,agnews,within,0.9531987379893504,0.0
64,cm:tokres+posres,agnews,tldr17,across,0.890292859707118,0.23885635937196095
64,cm:tokres+posres,agnews,codeparrot,across,0.8325710093095386,0.4301138262760509
64,cm:tokres+posres,tldr17,wikitext,across,0.8125244916612546,0.2540870382497583
64,cm:tokres+posres,tldr17,bookcorpus,across,0.8134069010358354,0.21859726616124162
64,cm:tokres+posres,tldr17,agnews,across,0.8830719688707239,0.23885635937196095
64,cm:tokres+posres,tldr17,tldr17,within,0.9197746862364987,0.0
64,cm:tokres+posres,tldr17,codeparrot,across,0.769573486089272,0.42692376538723775
64,cm:tokres+posres,codeparrot,wikitext,across,0.7609746287721412,0.480099331853249
64,cm:tokres+posres,codeparrot,bookcorpus,across,0.7431819370138728,0.5177827974621306
64,cm:tokres+posres,codeparrot,agnews,across,0.8158472548835634,0.4301138262760509
64,cm:tokres+posres,codeparrot,tldr17,across,0.7604409338868094,0.42692376538723775
64,cm:tokres+posres,codeparrot,codeparrot,within,0.8828011095285105,0.0
64,cm:ctxres+posres,wikitext,wikitext,within,0.9372542762931375,0.0
64,cm:ctxres+posres,wikitext,bookcorpus,across,0.876698930132327,0.23709320024674074
64,cm:ctxres+posres,wikitext,agnews,across,0.877552161454253,0.23516287561264163
64,cm:ctxres+posres,wikitext,tldr17,across,0.8329168155371994,0.2540870382497583
64,cm:ctxres+posres,wikitext,codeparrot,across,0.789103606071479,0.480099331853249
64,cm:ctxres+posres,bookcorpus,wikitext,across,0.8985846736155958,0.23709320024674074
64,cm:ctxres+posres,bookcorpus,bookcorpus,within,0.9237261551830254,0.0
64,cm:ctxres+posres,bookcorpus,agnews,across,0.8801606315639926,0.334047638912224
64,cm:ctxres+posres,bookcorpus,tldr17,across,0.8488524029069149,0.21859726616124162
64,cm:ctxres+posres,bookcorpus,codeparrot,across,0.7691954639163053,0.5177827974621306
64,cm:ctxres+posres,agnews,wikitext,across,0.8979684325184282,0.23516287561264163
64,cm:ctxres+posres,agnews,bookcorpus,across,0.885942696767131,0.334047638912224
64,cm:ctxres+posres,agnews,agnews,within,0.9550451673052381,0.0
64,cm:ctxres+posres,agnews,tldr17,across,0.9007854327543767,0.23885635937196095
64,cm:ctxres+posres,agnews,codeparrot,across,0.8375017728796116,0.4301138262760509
64,cm:ctxres+posres,tldr17,wikitext,across,0.843702296846193,0.2540870382497583
64,cm:ctxres+posres,tldr17,bookcorpus,across,0.8469092503027092,0.21859726616124162
64,cm:ctxres+posres,tldr17,agnews,across,0.8948371857453057,0.23885635937196095
64,cm:ctxres+posres,tldr17,tldr17,within,0.9296160600249161,0.0
64,cm:ctxres+posres,tldr17,codeparrot,across,0.7882343216642548,0.42692376538723775
64,cm:ctxres+posres,codeparrot,wikitext,across,0.7847456116049941,0.480099331853249
64,cm:ctxres+posres,codeparrot,bookcorpus,across,0.7597818718171622,0.5177827974621306
64,cm:ctxres+posres,codeparrot,agnews,across,0.8221517103958814,0.4301138262760509
64,cm:ctxres+posres,codeparrot,tldr17,across,0.7757904904076042,0.42692376538723775
64,cm:ctxres+posres,codeparrot,codeparrot,within,0.898527016852597,0.0
1000,base,wikitext,wikitext,within,0.978605978620714,0.0
1000,base,wikitext,bookcorpus,across,0.582028392541796,0.23709320024674074
1000,base,wikitext,agnews,across,0.579303455402839,0.23516287561264163
1000,base,wikitext,tldr17,across,0.4562703830985893,0.2540870382497583
1000,base,wikitext,codeparrot,across,0.19830876496062497,0.480099331853249
1000,base,bookcorpus,wikitext,across,0.581993499580984,0.23709320024674074
1000,base,bookcorpus,bookcorpus,within,0.9913602510657772,0.0
1000,base,bookcorpus,agnews,across,0.3646567608876323,0.334047638912224
1000,base,bookcorpus,tldr17,across,0.4759879310153869,0.21859726616124162
1000,base,bookcorpus,codeparrot,across,0.13893290366591673,0.5177827974621306
1000,base,agnews,wikitext,across,0.5865794209248881,0.23516287561264163
1000,base,agnews,bookcorpus,across,0.37207734185990804,0.334047638912224
1000,base,agnews,agnews,within,0.9814001883959763,0.0
1000,base,agnews,tldr17,across,0.5541258730995107,0.23885635937196095
1000,base,agnews,codeparrot,across,0.24337863733698265,0.4301138262760509
1000,base,tldr17,wikitext,across,0.45005645034351976,0.2540870382497583
1000,base,tldr17,bookcorpus,across,0.4819412312360054,0.21859726616124162
1000,base,tldr17,agnews,across,0.5347810927317571,0.23885635937196095
1000,base,tldr17,tldr17,within,0.9682727611341831,0.0
1000,base,tldr17,codeparrot,across,0.19336118191906737,0.42692376538723775
1000,base,codeparrot,wikitext,across,0.16493335230979267,0.480099331853249
1000,base,codeparrot,bookcorpus,across,0.1124113065603839,0.5177827974621306
1000,base,codeparrot,agnews,across,0.22884852891563146,0.4301138262760509
1000,base,codeparrot,tldr17,across,0.15940408115005184,0.42692376538723775
1000,base,codeparrot,codeparrot,within,0.598870674529305,0.0
1000,tokmean,wikitext,wikitext,within,0.9888732703014668,0.0
1000,tokmean,wikitext,bookcorpus,across,0.7063827197826859,0.23709320024674074
1000,tokmean,wikitext,agnews,across,0.5908115021805384,0.23516287561264163
1000,tokmean,wikitext,tldr17,across,0.4955775730793024,0.2540870382497583
1000,tokmean,wikitext,codeparrot,across,0.24786344247741995,0.480099331853249
1000,tokmean,bookcorpus,wikitext,across,0.7074413935763958,0.23709320024674074
1000,tokmean,bookcorpus,bookcorpus,within,0.9954331629870706,0.0
1000,tokmean,bookcorpus,agnews,across,0.4229093069451734,0.334047638912224
1000,tokmean,bookcorpus,tldr17,across,0.5314568924580797,0.21859726616124162
1000,tokmean,bookcorpus,codeparrot,across,0.1829103847258535,0.5177827974621306
1000,tokmean,agnews,wikitext,across,0.5992725552514446,0.23516287561264163
1000,tokmean,agnews,bookcorpus,across,0.42973570338650613,0.334047638912224
1000,tokmean,agnews,agnews,within,0.9885500488412828,0.0
1000,tokmean,agnews,tldr17,across,0.5986516857321386,0.23885635937196095
1000,tokmean,agnews,codeparrot,across,0.31579939289872977,0.4301138262760509
1000,tokmean,tldr17,wikitext,across,0.4951766983218605,0.2540870382497583
1000,tokmean,tldr17,bookcorpus,across,0.5367879561900305,0.21859726616124162
1000,tokmean,tldr17,agnews,across,0.5857963697289686,0.23885635937196095
1000,tokmean,tldr17,tldr17,within,0.9811570627676879,0.0
1000,tokmean,tldr17,codeparrot,across,0.25189409192535256,0.42692376538723775
1000,tokmean,codeparrot,wikitext,across,0.1993282334186811,0.480099331853249
1000,tokmean,codeparrot,bookcorpus,across,0.14514297769229673,0.5177827974621306
1000,tokmean,codeparrot,agnews,across,0.2858211727401879,0.4301138262760509
1000,tokmean,codeparrot,tldr17,across,0.19828987628477834,0.42692376538723775
1000,tokmean,codeparrot,codeparrot,within,0.7055162121230173,0.0
1000,freqmatch,wikitext,wikitext,within,0.9727400408931205,0.0
1000,freqmatch,wikitext,bookcorpus,across,0.7269320362129836,0.23709320024674074
1000,freqmatch,wikitext,agnews,across,0.7636015269095211,0.23516287561264163
1000,freqmatch,wikitext,tldr17,across,0.7243581512623164,0.2540870382497583
1000,freqmatch,wikitext,codeparrot,across,0.4996351639210778,0.480099331853249
1000,freqmatch,bookcorpus,wikitext,across,0.7256432897582364,0.23709320024674074
1000,freqmatch,bookcorpus,bookcorpus,within,0.9834630359745075,0.0
1000,freqmatch,bookcorpus,agnews,across,0.6341525277922446,0.334047638912224
1000,freqmatch,bookcorpus,tldr17,across,0.7189777054102158,0.21859726616124162
1000,freqmatch,bookcorpus,codeparrot,across,0.4601612789881627,0.5177827974621306
1000,freqmatch,agnews,wikitext,across,0.7649016006078008,0.23516287561264163
1000,freqmatch,agnews,bookcorpus,across,0.6423063393970262,0.334047638912224
1000,freqmatch,agnews,agnews,within,0.9760120593376965,0.0
1000,freqmatch,agnews,tldr17,across,0.8304941504095895,0.23885635937196095
1000,freqmatch,agnews,codeparrot,across,0.5660192428697852,0.4301138262760509
1000,freqmatch,tldr17,wikitext,across,0.7287091303360723,0.2540870382497583
1000,freqmatch,tldr17,bookcorpus,across,0.7352897025302816,0.21859726616124162
1000,freqmatch,tldr17,agnews,across,0.8140993712462099,0.23885635937196095
1000,freqmatch,tldr17,tldr17,within,0.9644325470331396,0.0
1000,freqmatch,tldr17,codeparrot,across,0.5854704484083845,0.42692376538723775
1000,freqmatch,codeparrot,wikitext,across,0.4996268832122023,0.480099331853249
1000,freqmatch,codeparrot,bookcorpus,across,0.4590037974765145,0.5177827974621306
1000,freqmatch,codeparrot,agnews,across,0.48857028346616854,0.4301138262760509
1000,freqmatch,codeparrot,tldr17,across,0.5231254159364792,0.42692376538723775
1000,freqmatch,codeparrot,codeparrot,within,0.6724004377769829,0.0
1000,tokres,wikitext,wikitext,within,0.9870306144496326,0.0
1000,tokres,wikitext,bookcorpus,across,0.9083272530785969,0.23709320024674074
1000,tokres,wikitext,agnews,across,0.7617698518056584,0.23516287561264163
1000,tokres,wikitext,tldr17,across,0.7301867709454956,0.2540870382497583
1000,tokres,wikitext,codeparrot,across,0.6360786621147354,0.480099331853249
1000,tokres,bookcorpus,wikitext,across,0.9055067589238256,0.23709320024674074
1000,tokres,bookcorpus,bookcorpus,within,0.9924186355239613,0.0
1000,tokres,bookcorpus,agnews,across,0.7137025785604857,0.334047638912224
1000,tokres,bookcorpus,tldr17,across,0.6926917555508829,0.21859726616124162
1000,tokres,bookcorpus,codeparrot,across,0.5936382339575027,0.5177827974621306
1000,tokres,agnews,wikitext,across,0.7710834336428003,0.23516287561264163
1000,tokres,agnews,bookcorpus,across,0.7192242593583383,0.334047638912224
1000,tokres,agnews,agnews,within,0.9924316129724828,0.0
1000,tokres,agnews,tldr17,across,0.8984833611905618,0.23885635937196095
1000,tokres,agnews,codeparrot,across,0.8367878905388675,0.4301138262760509
1000,tokres,tldr17,wikitext,across,0.7372574267838433,0.2540870382497583
1000,tokres,tldr17,bookcorpus,across,0.6950954038167618,0.21859726616124162
1000,tokres,tldr17,agnews,across,0.8936865271401186,0.23885635937196095
1000,tokres,tldr17,tldr17,within,0.9860284634047016,0.0
1000,tokres,tldr17,codeparrot,across,0.834527703125877,0.42692376538723775
1000,tokres,codeparrot,wikitext,across,0.5858496451493607,0.480099331853249
1000,tokres,codeparrot,bookcorpus,across,0.5354405975952231,0.5177827974621306
1000,tokres,codeparrot,agnews,across,0.7625298834221768,0.4301138262760509
1000,tokres,codeparrot,tldr17,across,0.7702853275751985,0.42692376538723775
1000,tokres,codeparrot,codeparrot,within,0.8597338769671246,0.0
1000,tokres20,wikitext,wikitext,within,0.9855774382514733,0.0
1000,tokres20,wikitext,bookcorpus,across,0.8999770363037611,0.23709320024674074
1000,tokres20,wikitext,agnews,across,0.7495104112517709,0.23516287561264163
1000,tokres20,wikitext,tldr17,across,0.7198158378047287,0.2540870382497583
1000,tokres20,wikitext,codeparrot,across,0.6234465337604207,0.480099331853249
1000,tokres20,bookcorpus,wikitext,across,0.8975892330141116,0.23709320024674074
1000,tokres20,bookcorpus,bookcorpus,within,0.9919794415674639,0.0
1000,tokres20,bookcorpus,agnews,across,0.7045923068501204,0.334047638912224
1000,tokres20,bookcorpus,tldr17,across,0.6843850223906758,0.21859726616124162
1000,tokres20,bookcorpus,codeparrot,across,0.5843602224767334,0.5177827974621306
1000,tokres20,agnews,wikitext,across,0.7585901907890457,0.23516287561264163
1000,tokres20,agnews,bookcorpus,across,0.7097397109560228,0.334047638912224
1000,tokres20,agnews,agnews,within,0.9916475982102224,0.0
1000,tokres20,agnews,tldr17,across,0.8902734191769991,0.23885635937196095
1000,tokres20,agnews,codeparrot,across,0.8262358184389709,0.4301138262760509
1000,tokres20,tldr17,wikitext,across,0.7265313583473721,0.2540870382497583
1000,tokres20,tldr17,bookcorpus,across,0.6861690170501749,0.21859726616124162
1000,tokres20,tldr17,agnews,across,0.8852016265391278,0.23885635937196095
1000,tokres20,tldr17,tldr17,within,0.9853754861845508,0.0
1000,tokres20,tldr17,codeparrot,across,0.8259271537820073,0.42692376538723775
1000,tokres20,codeparrot,wikitext,across,0.5735437529779828,0.480099331853249
1000,tokres20,codeparrot,bookcorpus,across,0.5254145579710093,0.5177827974621306
1000,tokres20,codeparrot,agnews,across,0.751991822330251,0.4301138262760509
1000,tokres20,codeparrot,tldr17,across,0.761664013106614,0.42692376538723775
1000,tokres20,codeparrot,codeparrot,within,0.8514776027022259,0.0
1000,tokres+posres,wikitext,wikitext,within,0.9473362497760645,0.0
1000,tokres+posres,wikitext,bookcorpus,across,0.730707679914389,0.23709320024674074
1000,tokres+posres,wikitext,agnews,across,0.7310827440354842,0.23516287561264163
1000,tokres+posres,wikitext,tldr17,across,0.6787318601671841,0.2540870382497583
1000,tokres+posres,wikitext,codeparrot,across,0.5077117072158582,0.480099331853249
1000,tokres+posres,bookcorpus,wikitext,across,0.7410854583557114,0.23709320024674074
1000,tokres+posres,bookcorpus,bookcorpus,within,0.9658815697688456,0.0
1000,tokres+posres,bookcorpus,agnews,across,0.66773959793477,0.334047638912224
1000,tokres+posres,bookcorpus,tldr17,across,0.7056694496385174,0.21859726616124162
1000,tokres+posres,bookcorpus,codeparrot,across,0.46032866357850366,0.5177827974621306
1000,tokres+posres,agnews,wikitext,across,0.7397095812730412,0.23516287561264163
1000,tokres+posres,agnews,bookcorpus,across,0.6704505470749987,0.334047638912224
1000,tokres+posres,agnews,agnews,within,0.967448441165168,0.0
1000,tokres+posres,agnews,tldr17,across,0.7267938075616807,0.23885635937196095
1000,tokres+posres,agnews,codeparrot,across,0.5575717729543739,0.4301138262760509
1000,tokres+posres,tldr17,wikitext,across,0.6756733624493305,0.2540870382497583
1000,tokres+posres,tldr17,bookcorpus,across,0.702582363082905,0.21859726616124162
1000,tokres+posres,tldr17,agnews,across,0.7182357013311792,0.23885635937196095
1000,tokres+posres,tldr17,tldr17,within,0.9424428689298584,0.0
1000,tokres+posres,tldr17,codeparrot,across,0.5351132469905825,0.42692376538723775
1000,tokres+posres,codeparrot,wikitext,across,0.4421357616762059,0.480099331853249
1000,tokres+posres,codeparrot,bookcorpus,across,0.40000079226856244,0.5177827974621306
1000,tokres+posres,codeparrot,agnews,across,0.48106950912958324,0.4301138262760509
1000,tokres+posres,codeparrot,tldr17,across,0.4563644431677915,0.42692376538723775
1000,tokres+posres,codeparrot,codeparrot,within,0.6470139796795099,0.0
1000,ctxres,wikitext,wikitext,within,0.9866972697264096,0.0
1000,ctxres,wikitext,bookcorpus,across,0.9116570385429397,0.23709320024674074
1000,ctxres,wikitext,agnews,across,0.7980698075245365,0.23516287561264163
1000,ctxres,wikitext,tldr17,across,0.7588570372828847,0.2540870382497583
1000,ctxres,wikitext,codeparrot,across,0.6656076711145243,0.480099331853249
1000,ctxres,bookcorpus,wikitext,across,0.9088522114255242,0.23709320024674074
1000,ctxres,bookcorpus,bookcorpus,within,0.9922908000016558,0.0
1000,ctxres,bookcorpus,agnews,across,0.746524891931646,0.334047638912224
1000,ctxres,bookcorpus,tldr17,across,0.7172907529757397,0.21859726616124162
1000,ctxres,bookcorpus,codeparrot,across,0.614967714237659,0.5177827974621306
1000,ctxres,agnews,wikitext,across,0.8115009614154259,0.23516287561264163
1000,ctxres,agnews,bookcorpus,across,0.7543530641006655,0.334047638912224
1000,ctxres,agnews,agnews,within,0.9920379245487632,0.0
1000,ctxres,agnews,tldr17,across,0.9057697391706157,0.23885635937196095
1000,ctxres,agnews,codeparrot,across,0.841372231239816,0.4301138262760509
1000,ctxres,tldr17,wikitext,across,0.7654809482430349,0.2540870382497583
1000,ctxres,tldr17,bookcorpus,across,0.7175110340944914,0.21859726616124162
1000,ctxres,tldr17,agnews,across,0.9000629819730768,0.23885635937196095
1000,ctxres,tldr17,tldr17,within,0.9864112436304535,0.0
1000,ctxres,tldr17,codeparrot,across,0.840792066907058,0.42692376538723775
1000,ctxres,codeparrot,wikitext,across,0.6237920510917159,0.480099331853249
1000,ctxres,codeparrot,bookcorpus,across,0.5642474720236521,0.5177827974621306
1000,ctxres,codeparrot,agnews,across,0.7727019641143265,0.4301138262760509
1000,ctxres,codeparrot,tldr17,across,0.7800719679848257,0.42692376538723775
1000,ctxres,codeparrot,codeparrot,within,0.8609239165287318,0.0
1000,ctxres+posres,wikitext,wikitext,within,0.9383383367286539,0.0
1000,ctxres+posres,wikitext,bookcorpus,across,0.730586622744284,0.23709320024674074
1000,ctxres+posres,wikitext,agnews,across,0.7271917229782408,0.23516287561264163
1000,ctxres+posres,wikitext,tldr17,across,0.6799174573418896,0.2540870382497583
1000,ctxres+posres,wikitext,codeparrot,across,0.5118043260492445,0.480099331853249
1000,ctxres+posres,bookcorpus,wikitext,across,0.7423626371263525,0.23709320024674074
1000,ctxres+posres,bookcorpus,bookcorpus,within,0.9615407632094538,0.0
1000,ctxres+posres,bookcorpus,agnews,across,0.6735349112504735,0.334047638912224
1000,ctxres+posres,bookcorpus,tldr17,across,0.6898352678653914,0.21859726616124162
1000,ctxres+posres,bookcorpus,codeparrot,across,0.46188306644086197,0.5177827974621306
1000,ctxres+posres,agnews,wikitext,across,0.7411581295758465,0.23516287561264163
1000,ctxres+posres,agnews,bookcorpus,across,0.6797558992194811,0.334047638912224
1000,ctxres+posres,agnews,agnews,within,0.9619903857116943,0.0
1000,ctxres+posres,agnews,tldr17,across,0.7351353727488726,0.23885635937196095
1000,ctxres+posres,agnews,codeparrot,across,0.5597894222013463,0.4301138262760509
1000,ctxres+posres,tldr17,wikitext,across,0.6809944277180043,0.2540870382497583
1000,ctxres+posres,tldr17,bookcorpus,across,0.6899527166957012,0.21859726616124162
1000,ctxres+posres,tldr17,agnews,across,0.7270178709330255,0.23885635937196095
1000,ctxres+posres,tldr17,tldr17,within,0.937039848997003,0.0
1000,ctxres+posres,tldr17,codeparrot,across,0.538002840500661,0.42692376538723775
1000,ctxres+posres,codeparrot,wikitext,across,0.44322428916704804,0.480099331853249
1000,ctxres+posres,codeparrot,bookcorpus,across,0.4017058063801854,0.5177827974621306
1000,ctxres+posres,codeparrot,agnews,across,0.47503084969210724,0.4301138262760509
1000,ctxres+posres,codeparrot,tldr17,across,0.454411349673588,0.42692376538723775
1000,ctxres+posres,codeparrot,codeparrot,within,0.6402902441259405,0.0
1000,tokres+freqmatch,wikitext,wikitext,within,0.9605685039281915,0.0
1000,tokres+freqmatch,wikitext,bookcorpus,across,0.8002908299834572,0.23709320024674074
1000,tokres+freqmatch,wikitext,agnews,across,0.8348379969365619,0.23516287561264163
1000,tokres+freqmatch,wikitext,tldr17,across,0.8260669852371645,0.2540870382497583
1000,tokres+freqmatch,wikitext,codeparrot,across,0.6663863250652998,0.480099331853249
1000,tokres+freqmatch,bookcorpus,wikitext,across,0.80453347399413,0.23709320024674074
1000,tokres+freqmatch,bookcorpus,bookcorpus,within,0.968378633813416,0.0
1000,tokres+freqmatch,bookcorpus,agnews,across,0.8275019189057238,0.334047638912224
1000,tokres+freqmatch,bookcorpus,tldr17,across,0.8360431284107345,0.21859726616124162
1000,tokres+freqmatch,bookcorpus,codeparrot,across,0.7008024223633592,0.5177827974621306
1000,tokres+freqmatch,agnews,wikitext,across,0.8418137459262978,0.23516287561264163
1000,tokres+freqmatch,agnews,bookcorpus,across,0.8316584397861807,0.334047638912224
1000,tokres+freqmatch,agnews,agnews,within,0.9744025962039892,0.0
1000,tokres+freqmatch,agnews,tldr17,across,0.8752655784276111,0.23885635937196095
1000,tokres+freqmatch,agnews,codeparrot,across,0.7206230578254311,0.4301138262760509
1000,tokres+freqmatch,tldr17,wikitext,across,0.827617839635892,0.2540870382497583
1000,tokres+freqmatch,tldr17,bookcorpus,across,0.8330782536886138,0.21859726616124162
1000,tokres+freqmatch,tldr17,agnews,across,0.8670756626238925,0.23885635937196095
1000,tokres+freqmatch,tldr17,tldr17,within,0.9623145015777088,0.0
1000,tokres+freqmatch,tldr17,codeparrot,across,0.714067075392521,0.42692376538723775
1000,tokres+freqmatch,codeparrot,wikitext,across,0.625914264705389,0.480099331853249
1000,tokres+freqmatch,codeparrot,bookcorpus,across,0.6454359900156061,0.5177827974621306
1000,tokres+freqmatch,codeparrot,agnews,across,0.6578611247735034,0.4301138262760509
1000,tokres+freqmatch,codeparrot,tldr17,across,0.659931782571847,0.42692376538723775
1000,tokres+freqmatch,codeparrot,codeparrot,within,0.7777169620868938,0.0
1000,tokres+posres+freqmatch,wikitext,wikitext,within,0.9127055347543187,0.0
1000,tokres+posres+freqmatch,wikitext,bookcorpus,across,0.6400096230089193,0.23709320024674074
1000,tokres+posres+freqmatch,wikitext,agnews,across,0.7055889513888294,0.23516287561264163
1000,tokres+posres+freqmatch,wikitext,tldr17,across,0.676035652788344,0.2540870382497583
1000,tokres+posres+freqmatch,wikitext,codeparrot,across,0.45465000397280286,0.480099331853249
1000,tokres+posres+freqmatch,bookcorpus,wikitext,across,0.6501144649590236,0.23709320024674074
1000,tokres+posres+freqmatch,bookcorpus,bookcorpus,within,0.9220348584711524,0.0
1000,tokres+posres+freqmatch,bookcorpus,agnews,across,0.6778164007589648,0.334047638912224
1000,tokres+posres+freqmatch,bookcorpus,tldr17,across,0.7191429842941551,0.21859726616124162
1000,tokres+posres+freqmatch,bookcorpus,codeparrot,across,0.45859084035680653,0.5177827974621306
1000,tokres+posres+freqmatch,agnews,wikitext,across,0.7199500817007314,0.23516287561264163
1000,tokres+posres+freqmatch,agnews,bookcorpus,across,0.6849406878152144,0.334047638912224
1000,tokres+posres+freqmatch,agnews,agnews,within,0.9320012322482141,0.0
1000,tokres+posres+freqmatch,agnews,tldr17,across,0.7575613756798191,0.23885635937196095
1000,tokres+posres+freqmatch,agnews,codeparrot,across,0.49328023318517766,0.4301138262760509
1000,tokres+posres+freqmatch,tldr17,wikitext,across,0.6769690679479651,0.2540870382497583
1000,tokres+posres+freqmatch,tldr17,bookcorpus,across,0.7147250558439123,0.21859726616124162
1000,tokres+posres+freqmatch,tldr17,agnews,across,0.7439487280783502,0.23885635937196095
1000,tokres+posres+freqmatch,tldr17,tldr17,within,0.9107024094412655,0.0
1000,tokres+posres+freqmatch,tldr17,codeparrot,across,0.5031513664742318,0.42692376538723775
1000,tokres+posres+freqmatch,codeparrot,wikitext,across,0.3976909106933011,0.480099331853249
1000,tokres+posres+freqmatch,codeparrot,bookcorpus,across,0.3872808522189387,0.5177827974621306
1000,tokres+posres+freqmatch,codeparrot,agnews,across,0.4119536776417466,0.4301138262760509
1000,tokres+posres+freqmatch,codeparrot,tldr17,across,0.42091494969027743,0.42692376538723775
1000,tokres+posres+freqmatch,codeparrot,codeparrot,within,0.5325548381680953,0.0
1000,ctxres+freqmatch,wikitext,wikitext,within,0.9534602358130673,0.0
1000,ctxres+freqmatch,wikitext,bookcorpus,across,0.8092984753714991,0.23709320024674074
1000,ctxres+freqmatch,wikitext,agnews,across,0.8371748145654386,0.23516287561264163
1000,ctxres+freqmatch,wikitext,tldr17,across,0.8259814134013495,0.2540870382497583
1000,ctxres+freqmatch,wikitext,codeparrot,across,0.6751998080351144,0.480099331853249
1000,ctxres+freqmatch,bookcorpus,wikitext,across,0.8200581779505127,0.23709320024674074
1000,ctxres+freqmatch,bookcorpus,bookcorpus,within,0.9652680657415419,0.0
1000,ctxres+freqmatch,bookcorpus,agnews,across,0.8337912625970247,0.334047638912224
1000,ctxres+freqmatch,bookcorpus,tldr17,across,0.8473384573423296,0.21859726616124162
1000,ctxres+freqmatch,bookcorpus,codeparrot,across,0.7007061962086492,0.5177827974621306
1000,ctxres+freqmatch,agnews,wikitext,across,0.8450554248177624,0.23516287561264163
1000,ctxres+freqmatch,agnews,bookcorpus,across,0.833567510936996,0.334047638912224
1000,ctxres+freqmatch,agnews,agnews,within,0.9697122540165438,0.0
1000,ctxres+freqmatch,agnews,tldr17,across,0.8667319892754052,0.23885635937196095
1000,ctxres+freqmatch,agnews,codeparrot,across,0.7164474389908662,0.4301138262760509
1000,ctxres+freqmatch,tldr17,wikitext,across,0.8316191534282645,0.2540870382497583
1000,ctxres+freqmatch,tldr17,bookcorpus,across,0.8439765821082782,0.21859726616124162
1000,ctxres+freqmatch,tldr17,agnews,across,0.8605768659462183,0.23885635937196095
1000,ctxres+freqmatch,tldr17,tldr17,within,0.9611360443808141,0.0
1000,ctxres+freqmatch,tldr17,codeparrot,across,0.7210360382845316,0.42692376538723775
1000,ctxres+freqmatch,codeparrot,wikitext,across,0.622353276354743,0.480099331853249
1000,ctxres+freqmatch,codeparrot,bookcorpus,across,0.6308380452561039,0.5177827974621306
1000,ctxres+freqmatch,codeparrot,agnews,across,0.6385468596249515,0.4301138262760509
1000,ctxres+freqmatch,codeparrot,tldr17,across,0.6556007867536497,0.42692376538723775
1000,ctxres+freqmatch,codeparrot,codeparrot,within,0.7436889941142356,0.0
1000,tokres+rank,wikitext,wikitext,within,0.9890448772063349,0.0
1000,tokres+rank,wikitext,bookcorpus,across,0.9581261940039048,0.23709320024674074
1000,tokres+rank,wikitext,agnews,across,0.958120544670314,0.23516287561264163
1000,tokres+rank,wikitext,tldr17,across,0.9434713507930206,0.2540870382497583
1000,tokres+rank,wikitext,codeparrot,across,0.9175430886167841,0.480099331853249
1000,tokres+rank,bookcorpus,wikitext,across,0.95765688179483,0.23709320024674074
1000,tokres+rank,bookcorpus,bookcorpus,within,0.9920289391073512,0.0
1000,tokres+rank,bookcorpus,agnews,across,0.94082143587218,0.334047638912224
1000,tokres+rank,bookcorpus,tldr17,across,0.9369938675931837,0.21859726616124162
1000,tokres+rank,bookcorpus,codeparrot,across,0.9049296891879944,0.5177827974621306
1000,tokres+rank,agnews,wikitext,across,0.9570766575317734,0.23516287561264163
1000,tokres+rank,agnews,bookcorpus,across,0.9404127979803351,0.334047638912224
1000,tokres+rank,agnews,agnews,within,0.9923558564846477,0.0
1000,tokres+rank,agnews,tldr17,across,0.9617061454980331,0.23885635937196095
1000,tokres+rank,agnews,codeparrot,across,0.9375088703163131,0.4301138262760509
1000,tokres+rank,tldr17,wikitext,across,0.9421752848726487,0.2540870382497583
1000,tokres+rank,tldr17,bookcorpus,across,0.9365005278203304,0.21859726616124162
1000,tokres+rank,tldr17,agnews,across,0.9626713756032317,0.23885635937196095
1000,tokres+rank,tldr17,tldr17,within,0.9848407651859238,0.0
1000,tokres+rank,tldr17,codeparrot,across,0.9275727925453228,0.42692376538723775
1000,tokres+rank,codeparrot,wikitext,across,0.9128909653815689,0.480099331853249
1000,tokres+rank,codeparrot,bookcorpus,across,0.9020587585217417,0.5177827974621306
1000,tokres+rank,codeparrot,agnews,across,0.9339043182982535,0.4301138262760509
1000,tokres+rank,codeparrot,tldr17,across,0.9241885980489986,0.42692376538723775
1000,tokres+rank,codeparrot,codeparrot,within,0.9449141546741848,0.0
1000,cm:tokres+rank,wikitext,wikitext,within,0.9813216891428463,0.0
1000,cm:tokres+rank,wikitext,bookcorpus,across,0.8183144082029838,0.23709320024674074
1000,cm:tokres+rank,wikitext,agnews,across,0.6491974583026671,0.23516287561264163
1000,cm:tokres+rank,wikitext,tldr17,across,0.5942041024569497,0.2540870382497583
1000,cm:tokres+rank,wikitext,codeparrot,across,0.5065768541168566,0.480099331853249
1000,cm:tokres+rank,bookcorpus,wikitext,across,0.8148551929689637,0.23709320024674074
1000,cm:tokres+rank,bookcorpus,bookcorpus,within,0.9884500756849721,0.0
1000,cm:tokres+rank,bookcorpus,agnews,across,0.5771273573866033,0.334047638912224
1000,cm:tokres+rank,bookcorpus,tldr17,across,0.5708066982892317,0.21859726616124162
1000,cm:tokres+rank,bookcorpus,codeparrot,across,0.46531545520425976,0.5177827974621306
1000,cm:tokres+rank,agnews,wikitext,across,0.6565006540635707,0.23516287561264163
1000,cm:tokres+rank,agnews,bookcorpus,across,0.5818744497709231,0.334047638912224
1000,cm:tokres+rank,agnews,agnews,within,0.9878179055939212,0.0
1000,cm:tokres+rank,agnews,tldr17,across,0.8221202571815385,0.23885635937196095
1000,cm:tokres+rank,agnews,codeparrot,across,0.7188947907907406,0.4301138262760509
1000,cm:tokres+rank,tldr17,wikitext,across,0.5943584654363192,0.2540870382497583
1000,cm:tokres+rank,tldr17,bookcorpus,across,0.5700254255951824,0.21859726616124162
1000,cm:tokres+rank,tldr17,agnews,across,0.8199394563640139,0.23885635937196095
1000,cm:tokres+rank,tldr17,tldr17,within,0.9748477863403138,0.0
1000,cm:tokres+rank,tldr17,codeparrot,across,0.7040584506135465,0.42692376538723775
1000,cm:tokres+rank,codeparrot,wikitext,across,0.4492051678637147,0.480099331853249
1000,cm:tokres+rank,codeparrot,bookcorpus,across,0.4160837255706728,0.5177827974621306
1000,cm:tokres+rank,codeparrot,agnews,across,0.6258533270415304,0.4301138262760509
1000,cm:tokres+rank,codeparrot,tldr17,across,0.621864512203167,0.42692376538723775
1000,cm:tokres+rank,codeparrot,codeparrot,within,0.8203469831023881,0.0
1000,cm:base,wikitext,wikitext,within,0.9774831087314255,0.0
1000,cm:base,wikitext,bookcorpus,across,0.5766614760486085,0.23709320024674074
1000,cm:base,wikitext,agnews,across,0.5701704506464692,0.23516287561264163
1000,cm:base,wikitext,tldr17,across,0.44463688726282447,0.2540870382497583
1000,cm:base,wikitext,codeparrot,across,0.1923547201282025,0.480099331853249
1000,cm:base,bookcorpus,wikitext,across,0.5770232287989847,0.23709320024674074
1000,cm:base,bookcorpus,bookcorpus,within,0.9911821680057553,0.0
1000,cm:base,bookcorpus,agnews,across,0.35725960177079624,0.334047638912224
1000,cm:base,bookcorpus,tldr17,across,0.4688243973482807,0.21859726616124162
1000,cm:base,bookcorpus,codeparrot,across,0.1356669236610833,0.5177827974621306
1000,cm:base,agnews,wikitext,across,0.5768849805053085,0.23516287561264163
1000,cm:base,agnews,bookcorpus,across,0.364842883326697,0.334047638912224
1000,cm:base,agnews,agnews,within,0.9799828987982022,0.0
1000,cm:base,agnews,tldr17,across,0.537713816039156,0.23885635937196095
1000,cm:base,agnews,codeparrot,across,0.22898267525874325,0.4301138262760509
1000,cm:base,tldr17,wikitext,across,0.4388190137619797,0.2540870382497583
1000,cm:base,tldr17,bookcorpus,across,0.47519854449394805,0.21859726616124162
1000,cm:base,tldr17,agnews,across,0.5186639129828995,0.23885635937196095
1000,cm:base,tldr17,tldr17,within,0.9666266852564266,0.0
1000,cm:base,tldr17,codeparrot,across,0.17908776730321863,0.42692376538723775
1000,cm:base,codeparrot,wikitext,across,0.1580118306653684,0.480099331853249
1000,cm:base,codeparrot,bookcorpus,across,0.10930199107431562,0.5177827974621306
1000,cm:base,codeparrot,agnews,across,0.21462154304636932,0.4301138262760509
1000,cm:base,codeparrot,tldr17,across,0.14749800885751138,0.42692376538723775
1000,cm:base,codeparrot,codeparrot,within,0.573329262366142,0.0
1000,cm:tokres,wikitext,wikitext,within,0.9870897420696714,0.0
1000,cm:tokres,wikitext,bookcorpus,across,0.9072601245866413,0.23709320024674074
1000,cm:tokres,wikitext,agnews,across,0.7584214487853445,0.23516287561264163
1000,cm:tokres,wikitext,tldr17,across,0.7284710955841465,0.2540870382497583
1000,cm:tokres,wikitext,codeparrot,across,0.633124414261076,0.480099331853249
1000,cm:tokres,bookcorpus,wikitext,across,0.9043300068592631,0.23709320024674074
1000,cm:tokres,bookcorpus,bookcorpus,within,0.9924920878623879,0.0
1000,cm:tokres,bookcorpus,agnews,across,0.7135441716042081,0.334047638912224
1000,cm:tokres,bookcorpus,tldr17,across,0.6941977921577946,0.21859726616124162
1000,cm:tokres,bookcorpus,codeparrot,across,0.5967493720067045,0.5177827974621306
1000,cm:tokres,agnews,wikitext,across,0.7673558042798065,0.23516287561264163
1000,cm:tokres,agnews,bookcorpus,across,0.7171972555940991,0.334047638912224
1000,cm:tokres,agnews,agnews,within,0.9926306215525339,0.0
1000,cm:tokres,agnews,tldr17,across,0.897767224474048,0.23885635937196095
1000,cm:tokres,agnews,codeparrot,across,0.8352685779241107,0.4301138262760509
1000,cm:tokres,tldr17,wikitext,across,0.7346470220913726,0.2540870382497583
1000,cm:tokres,tldr17,bookcorpus,across,0.6940367902112313,0.21859726616124162
1000,cm:tokres,tldr17,agnews,across,0.893274454747641,0.23885635937196095
1000,cm:tokres,tldr17,tldr17,within,0.9863206864964491,0.0
1000,cm:tokres,tldr17,codeparrot,across,0.8331750442558359,0.42692376538723775
1000,cm:tokres,codeparrot,wikitext,across,0.5819608880795127,0.480099331853249
1000,cm:tokres,codeparrot,bookcorpus,across,0.5370949672153187,0.5177827974621306
1000,cm:tokres,codeparrot,agnews,across,0.7620902331991961,0.4301138262760509
1000,cm:tokres,codeparrot,tldr17,across,0.7711247966992252,0.42692376538723775
1000,cm:tokres,codeparrot,codeparrot,within,0.8636526868707683,0.0
1000,cm:tokres+posres,wikitext,wikitext,within,0.946038738809704,0.0
1000,cm:tokres+posres,wikitext,bookcorpus,across,0.7230274499456857,0.23709320024674074
1000,cm:tokres+posres,wikitext,agnews,across,0.7244404638292318,0.23516287561264163
1000,cm:tokres+posres,wikitext,tldr17,across,0.6706134947071045,0.2540870382497583
1000,cm:tokres+posres,wikitext,codeparrot,across,0.49171144768465375,0.480099331853249
1000,cm:tokres+posres,bookcorpus,wikitext,across,0.7335421764850144,0.23709320024674074
1000,cm:tokres+posres,bookcorpus,bookcorpus,within,0.965055283485891,0.0
1000,cm:tokres+posres,bookcorpus,agnews,across,0.6579003676333591,0.334047638912224
1000,cm:tokres+posres,bookcorpus,tldr17,across,0.7006789444307037,0.21859726616124162
1000,cm:tokres+posres,bookcorpus,codeparrot,across,0.4467717776316049,0.5177827974621306
1000,cm:tokres+posres,agnews,wikitext,across,0.733126658923977,0.23516287561264163
1000,cm:tokres+posres,agnews,bookcorpus,across,0.660827569533148,0.334047638912224
1000,cm:tokres+posres,agnews,agnews,within,0.9665033868695695,0.0
1000,cm:tokres+posres,agnews,tldr17,across,0.71702336769149,0.23885635937196095
1000,cm:tokres+posres,agnews,codeparrot,across,0.5409768065977366,0.4301138262760509
1000,cm:tokres+posres,tldr17,wikitext,across,0.6680669896742499,0.2540870382497583
1000,cm:tokres+posres,tldr17,bookcorpus,across,0.6978926346895961,0.21859726616124162
1000,cm:tokres+posres,tldr17,agnews,across,0.7092774137612016,0.23885635937196095
1000,cm:tokres+posres,tldr17,tldr17,within,0.9412114133432533,0.0
1000,cm:tokres+posres,tldr17,codeparrot,across,0.5199700554078694,0.42692376538723775
1000,cm:tokres+posres,codeparrot,wikitext,across,0.43200272646954024,0.480099331853249
1000,cm:tokres+posres,codeparrot,bookcorpus,across,0.3919670812200947,0.5177827974621306
1000,cm:tokres+posres,codeparrot,agnews,across,0.4706077137336829,0.4301138262760509
1000,cm:tokres+posres,codeparrot,tldr17,across,0.44668374637637576,0.42692376538723775
1000,cm:tokres+posres,codeparrot,codeparrot,within,0.6466047613109807,0.0
1000,cm:ctxres+posres,wikitext,wikitext,within,0.9362420708486933,0.0
1000,cm:ctxres+posres,wikitext,bookcorpus,across,0.72154480659438,0.23709320024674074
1000,cm:ctxres+posres,wikitext,agnews,across,0.7176540749323409,0.23516287561264163
1000,cm:ctxres+posres,wikitext,tldr17,across,0.6695437395917369,0.2540870382497583
1000,cm:ctxres+posres,wikitext,codeparrot,across,0.49219358370158023,0.480099331853249
1000,cm:ctxres+posres,bookcorpus,wikitext,across,0.7337975459009424,0.23709320024674074
1000,cm:ctxres+posres,bookcorpus,bookcorpus,within,0.9602819333423646,0.0
1000,cm:ctxres+posres,bookcorpus,agnews,across,0.6627190510970001,0.334047638912224
1000,cm:ctxres+posres,bookcorpus,tldr17,across,0.6822581535072271,0.21859726616124162
1000,cm:ctxres+posres,bookcorpus,codeparrot,across,0.4464258575659435,0.5177827974621306
1000,cm:ctxres+posres,agnews,wikitext,across,0.731651727098374,0.23516287561264163
1000,cm:ctxres+posres,agnews,bookcorpus,across,0.6689866230547966,0.334047638912224
1000,cm:ctxres+posres,agnews,agnews,within,0.9605530541326918,0.0
1000,cm:ctxres+posres,agnews,tldr17,across,0.7245425118678007,0.23885635937196095
1000,cm:ctxres+posres,agnews,codeparrot,across,0.5402838253041624,0.4301138262760509
1000,cm:ctxres+posres,tldr17,wikitext,across,0.6713999826714566,0.2540870382497583
1000,cm:ctxres+posres,tldr17,bookcorpus,across,0.6827493255364468,0.21859726616124162
1000,cm:ctxres+posres,tldr17,agnews,across,0.7173217161925336,0.23885635937196095
1000,cm:ctxres+posres,tldr17,tldr17,within,0.9352345378428818,0.0
1000,cm:ctxres+posres,tldr17,codeparrot,across,0.5203913309758956,0.42692376538723775
1000,cm:ctxres+posres,codeparrot,wikitext,across,0.4297531865202186,0.480099331853249
1000,cm:ctxres+posres,codeparrot,bookcorpus,across,0.3915957822925508,0.5177827974621306
1000,cm:ctxres+posres,codeparrot,agnews,across,0.46170985381042345,0.4301138262760509
1000,cm:ctxres+posres,codeparrot,tldr17,across,0.44216663198782546,0.42692376538723775
1000,cm:ctxres+posres,codeparrot,codeparrot,within,0.6398859810662821,0.0
16000,base,wikitext,wikitext,within,0.9680745413855537,0.0
16000,base,wikitext,bookcorpus,across,0.5090618638410933,0.23709320024674074
16000,base,wikitext,agnews,across,0.5972431063596225,0.23516287561264163
16000,base,wikitext,tldr17,across,0.4796865447304184,0.2540870382497583
16000,base,wikitext,codeparrot,across,0.24490589194551754,0.480099331853249
16000,base,bookcorpus,wikitext,across,0.5063979030146136,0.23709320024674074
16000,base,bookcorpus,bookcorpus,within,0.985205617328746,0.0
16000,base,bookcorpus,agnews,across,0.36596231600993917,0.334047638912224
16000,base,bookcorpus,tldr17,across,0.5293297222217679,0.21859726616124162
16000,base,bookcorpus,codeparrot,across,0.18624800258908875,0.5177827974621306
16000,base,agnews,wikitext,across,0.6042281791168596,0.23516287561264163
16000,base,agnews,bookcorpus,across,0.3768722962763085,0.334047638912224
16000,base,agnews,agnews,within,0.9738189053871539,0.0
16000,base,agnews,tldr17,across,0.49745806921894375,0.23885635937196095
16000,base,agnews,codeparrot,across,0.24647222871400357,0.4301138262760509
16000,base,tldr17,wikitext,across,0.47464676996349253,0.2540870382497583
16000,base,tldr17,bookcorpus,across,0.5435226028791525,0.21859726616124162
16000,base,tldr17,agnews,across,0.48008514218398224,0.23885635937196095
16000,base,tldr17,tldr17,within,0.9525183642959792,0.0
16000,base,tldr17,codeparrot,across,0.20948002267680166,0.42692376538723775
16000,base,codeparrot,wikitext,across,0.2600748050951052,0.480099331853249
16000,base,codeparrot,bookcorpus,across,0.1956987687299635,0.5177827974621306
16000,base,codeparrot,agnews,across,0.2853230699574826,0.4301138262760509
16000,base,codeparrot,tldr17,across,0.2216873562131602,0.42692376538723775
16000,base,codeparrot,codeparrot,within,0.6270322015336905,0.0
16000,tokmean,wikitext,wikitext,within,0.9835214413291129,0.0
16000,tokmean,wikitext,bookcorpus,across,0.6536063100007345,0.23709320024674074
16000,tokmean,wikitext,agnews,across,0.5681336951532818,0.23516287561264163
16000,tokmean,wikitext,tldr17,across,0.48161234894491667,0.2540870382497583
16000,tokmean,wikitext,codeparrot,across,0.25129702005237176,0.480099331853249
16000,tokmean,bookcorpus,wikitext,across,0.6571709988617521,0.23709320024674074
16000,tokmean,bookcorpus,bookcorpus,within,0.9930241088503768,0.0
16000,tokmean,bookcorpus,agnews,across,0.3965793315795269,0.334047638912224
16000,tokmean,bookcorpus,tldr17,across,0.5542210627828796,0.21859726616124162
16000,tokmean,bookcorpus,codeparrot,across,0.19236010649304477,0.5177827974621306
16000,tokmean,agnews,wikitext,across,0.5791024228370922,0.23516287561264163
16000,tokmean,agnews,bookcorpus,across,0.4057351675355963,0.334047638912224
16000,tokmean,agnews,agnews,within,0.9839053982981792,0.0
16000,tokmean,agnews,tldr17,across,0.5260188237812211,0.23885635937196095
16000,tokmean,agnews,codeparrot,across,0.268043045040526,0.4301138262760509
16000,tokmean,tldr17,wikitext,across,0.4841199406093812,0.2540870382497583
16000,tokmean,tldr17,bookcorpus,across,0.5618992448267889,0.21859726616124162
16000,tokmean,tldr17,agnews,across,0.5129523565933694,0.23885635937196095
16000,tokmean,tldr17,tldr17,within,0.9735574923726983,0.0
16000,tokmean,tldr17,codeparrot,across,0.22467910533640054,0.42692376538723775
16000,tokmean,codeparrot,wikitext,across,0.22308617385224333,0.480099331853249
16000,tokmean,codeparrot,bookcorpus,across,0.1637596444578126,0.5177827974621306
16000,tokmean,codeparrot,agnews,across,0.27088876219439145,0.4301138262760509
16000,tokmean,codeparrot,tldr17,across,0.19013642237842668,0.42692376538723775
16000,tokmean,codeparrot,codeparrot,within,0.7054857149520654,0.0
16000,freqmatch,wikitext,wikitext,within,0.9410809793945931,0.0
16000,freqmatch,wikitext,bookcorpus,across,0.5539633287234124,0.23709320024674074
16000,freqmatch,wikitext,agnews,across,0.6914621425755942,0.23516287561264163
16000,freqmatch,wikitext,tldr17,across,0.63756100855073,0.2540870382497583
16000,freqmatch,wikitext,codeparrot,across,0.3133414041192406,0.480099331853249
16000,freqmatch,bookcorpus,wikitext,across,0.5485613354390931,0.23709320024674074
16000,freqmatch,bookcorpus,bookcorpus,within,0.9767199183607629,0.0
16000,freqmatch,bookcorpus,agnews,across,0.4440322076418716,0.334047638912224
16000,freqmatch,bookcorpus,tldr17,across,0.5512041081997167,0.21859726616124162
16000,freqmatch,bookcorpus,codeparrot,across,0.2352403062399626,0.5177827974621306
16000,freqmatch,agnews,wikitext,across,0.6910059243346562,0.23516287561264163
16000,freqmatch,agnews,bookcorpus,across,0.4588257727819403,0.334047638912224
16000,freqmatch,agnews,agnews,within,0.947433720709575,0.0
16000,freqmatch,agnews,tldr17,across,0.6804245948331715,0.23885635937196095
16000,freqmatch,agnews,codeparrot,across,0.3287605878663509,0.4301138262760509
16000,freqmatch,tldr17,wikitext,across,0.6403517683627049,0.2540870382497583
16000,freqmatch,tldr17,bookcorpus,across,0.5800825253838541,0.21859726616124162
16000,freqmatch,tldr17,agnews,across,0.6632361042015865,0.23885635937196095
16000,freqmatch,tldr17,tldr17,within,0.928545358169293,0.0
16000,freqmatch,tldr17,codeparrot,across,0.35206285628443773,0.42692376538723775
16000,freqmatch,codeparrot,wikitext,across,0.31389498778547087,0.480099331853249
16000,freqmatch,codeparrot,bookcorpus,across,0.24147466496293152,0.5177827974621306
16000,freqmatch,codeparrot,agnews,across,0.2954933137556577,0.4301138262760509
16000,freqmatch,codeparrot,tldr17,across,0.33478723193260923,0.42692376538723775
16000,freqmatch,codeparrot,codeparrot,within,0.5384346359047646,0.0
16000,tokres,wikitext,wikitext,within,0.9918988245494007,0.0
16000,tokres,wikitext,bookcorpus,across,0.9303268015266114,0.23709320024674074
16000,tokres,wikitext,agnews,across,0.72848025947576,0.23516287561264163
16000,tokres,wikitext,tldr17,across,0.7153274642690642,0.2540870382497583
16000,tokres,wikitext,codeparrot,across,0.6337975118783866,0.480099331853249
16000,tokres,bookcorpus,wikitext,across,0.9270392193895739,0.23709320024674074
16000,tokres,bookcorpus,bookcorpus,within,0.994992484960871,0.0
16000,tokres,bookcorpus,agnews,across,0.6867832646353048,0.334047638912224
16000,tokres,bookcorpus,tldr17,across,0.6908253433152297,0.21859726616124162
16000,tokres,bookcorpus,codeparrot,across,0.600821608902908,0.5177827974621306
16000,tokres,agnews,wikitext,across,0.7314427148732233,0.23516287561264163
16000,tokres,agnews,bookcorpus,across,0.6912936343301833,0.334047638912224
16000,tokres,agnews,agnews,within,0.994040629881175,0.0
16000,tokres,agnews,tldr17,across,0.9313448448908547,0.23885635937196095
16000,tokres,agnews,codeparrot,across,0.8593743281289357,0.4301138262760509
16000,tokres,tldr17,wikitext,across,0.7280086964201404,0.2540870382497583
16000,tokres,tldr17,bookcorpus,across,0.7035677139141264,0.21859726616124162
16000,tokres,tldr17,agnews,across,0.9309926606631564,0.23885635937196095
16000,tokres,tldr17,tldr17,within,0.9890466816543312,0.0
16000,tokres,tldr17,codeparrot,across,0.8494334569841665,0.42692376538723775
16000,tokres,codeparrot,wikitext,across,0.6177321473442795,0.480099331853249
16000,tokres,codeparrot,bookcorpus,across,0.5870354422752848,0.5177827974621306
16000,tokres,codeparrot,agnews,across,0.7510618155797543,0.4301138262760509
16000,tokres,codeparrot,tldr17,across,0.7586740084531068,0.42692376538723775
16000,tokres,codeparrot,codeparrot,within,0.8349645239449041,0.0
16000,tokres20,wikitext,wikitext,within,0.9907756283222641,0.0
16000,tokres20,wikitext,bookcorpus,across,0.923842620517614,0.23709320024674074
16000,tokres20,wikitext,agnews,across,0.7190463411162249,0.23516287561264163
16000,tokres20,wikitext,tldr17,across,0.7072985640477386,0.2540870382497583
16000,tokres20,wikitext,codeparrot,across,0.6217934906826221,0.480099331853249
16000,tokres20,bookcorpus,wikitext,across,0.9205712616216525,0.23709320024674074
16000,tokres20,bookcorpus,bookcorpus,within,0.9945690528703142,0.0
16000,tokres20,bookcorpus,agnews,across,0.6799870795582647,0.334047638912224
16000,tokres20,bookcorpus,tldr17,across,0.685575046464856,0.21859726616124162
16000,tokres20,bookcorpus,codeparrot,across,0.5927602761661058,0.5177827974621306
16000,tokres20,agnews,wikitext,across,0.7219908973415944,0.23516287561264163
16000,tokres20,agnews,bookcorpus,across,0.6847034683401857,0.334047638912224
16000,tokres20,agnews,agnews,within,0.9932073769337311,0.0
16000,tokres20,agnews,tldr17,across,0.924759915634446,0.23885635937196095
16000,tokres20,agnews,codeparrot,across,0.8488448853328429,0.4301138262760509
16000,tokres20,tldr17,wikitext,across,0.7193095087281183,0.2540870382497583
16000,tokres20,tldr17,bookcorpus,across,0.6980351999875893,0.21859726616124162
16000,tokres20,tldr17,agnews,across,0.9237572942749607,0.23885635937196095
16000,tokres20,tldr17,tldr17,within,0.9883014193286175,0.0
16000,tokres20,tldr17,codeparrot,across,0.8399461585664696,0.42692376538723775
16000,tokres20,codeparrot,wikitext,across,0.6033044082003207,0.480099331853249
16000,tokres20,codeparrot,bookcorpus,across,0.5752460917122776,0.5177827974621306
16000,tokres20,codeparrot,agnews,across,0.738316061143679,0.4301138262760509
16000,tokres20,codeparrot,tldr17,across,0.7472667827134926,0.42692376538723775
16000,tokres20,codeparrot,codeparrot,within,0.822153355112387,0.0
16000,tokres+posres,wikitext,wikitext,within,0.9544844992479223,0.0
16000,tokres+posres,wikitext,bookcorpus,across,0.7426679400411473,0.23709320024674074
16000,tokres+posres,wikitext,agnews,across,0.7672440274658694,0.23516287561264163
16000,tokres+posres,wikitext,tldr17,across,0.7346194569109962,0.2540870382497583
16000,tokres+posres,wikitext,codeparrot,across,0.5565485771989709,0.480099331853249
16000,tokres+posres,bookcorpus,wikitext,across,0.7433084386204873,0.23709320024674074
16000,tokres+posres,bookcorpus,bookcorpus,within,0.9708488412429835,0.0
16000,tokres+posres,bookcorpus,agnews,across,0.6984147164765272,0.334047638912224
16000,tokres+posres,bookcorpus,tldr17,across,0.7906580876228356,0.21859726616124162
16000,tokres+posres,bookcorpus,codeparrot,across,0.5256594529481171,0.5177827974621306
16000,tokres+posres,agnews,wikitext,across,0.7700174378907597,0.23516287561264163
16000,tokres+posres,agnews,bookcorpus,across,0.7063216332555834,0.334047638912224
16000,tokres+posres,agnews,agnews,within,0.9690657635453042,0.0
16000,tokres+posres,agnews,tldr17,across,0.7377693183554768,0.23885635937196095
16000,tokres+posres,agnews,codeparrot,across,0.5710978309217906,0.4301138262760509
16000,tokres+posres,tldr17,wikitext,across,0.7328077088603893,0.2540870382497583
16000,tokres+posres,tldr17,bookcorpus,across,0.8025129472274265,0.21859726616124162
16000,tokres+posres,tldr17,agnews,across,0.731408161775922,0.23885635937196095
16000,tokres+posres,tldr17,tldr17,within,0.949151344793839,0.0
16000,tokres+posres,tldr17,codeparrot,across,0.550906204525629,0.42692376538723775
16000,tokres+posres,codeparrot,wikitext,across,0.5070209345983042,0.480099331853249
16000,tokres+posres,codeparrot,bookcorpus,across,0.4802747727335048,0.5177827974621306
16000,tokres+posres,codeparrot,agnews,across,0.5278577609730212,0.4301138262760509
16000,tokres+posres,codeparrot,tldr17,across,0.5027321628234231,0.42692376538723775
16000,tokres+posres,codeparrot,codeparrot,within,0.6719314022814249,0.0
16000,ctxres,wikitext,wikitext,within,0.9917518789135608,0.0
16000,ctxres,wikitext,bookcorpus,across,0.937194905833091,0.23709320024674074
16000,ctxres,wikitext,agnews,across,0.7966745912376434,0.23516287561264163
16000,ctxres,wikitext,tldr17,across,0.7775024413075934,0.2540870382497583
16000,ctxres,wikitext,codeparrot,across,0.6915082515184338,0.480099331853249
16000,ctxres,bookcorpus,wikitext,across,0.9338436778395851,0.23709320024674074
16000,ctxres,bookcorpus,bookcorpus,within,0.9947342178565752,0.0
16000,ctxres,bookcorpus,agnews,across,0.7523508391626493,0.334047638912224
16000,ctxres,bookcorpus,tldr17,across,0.7477943188744612,0.21859726616124162
16000,ctxres,bookcorpus,codeparrot,across,0.652727595015686,0.5177827974621306
16000,ctxres,agnews,wikitext,across,0.8023505878762347,0.23516287561264163
16000,ctxres,agnews,bookcorpus,across,0.7590407987309556,0.334047638912224
16000,ctxres,agnews,agnews,within,0.9940386520327398,0.0
16000,ctxres,agnews,tldr17,across,0.9365150657616897,0.23885635937196095
16000,ctxres,agnews,codeparrot,across,0.8642539362159541,0.4301138262760509
16000,ctxres,tldr17,wikitext,across,0.7846188464865315,0.2540870382497583
16000,ctxres,tldr17,bookcorpus,across,0.7554362353332438,0.21859726616124162
16000,ctxres,tldr17,agnews,across,0.9361069020122036,0.23885635937196095
16000,ctxres,tldr17,tldr17,within,0.9902605558259057,0.0
16000,ctxres,tldr17,codeparrot,across,0.8605016074880937,0.42692376538723775
16000,ctxres,codeparrot,wikitext,across,0.6733605989716189,0.480099331853249
16000,ctxres,codeparrot,bookcorpus,across,0.6382582858075307,0.5177827974621306
16000,ctxres,codeparrot,agnews,across,0.7776295555185307,0.4301138262760509
16000,ctxres,codeparrot,tldr17,across,0.7823271048707381,0.42692376538723775
16000,ctxres,codeparrot,codeparrot,within,0.8486151811817403,0.0
16000,ctxres+posres,wikitext,wikitext,within,0.9503372407598306,0.0
16000,ctxres+posres,wikitext,bookcorpus,across,0.7800920397213923,0.23709320024674074
16000,ctxres+posres,wikitext,agnews,across,0.7928167983820154,0.23516287561264163
16000,ctxres+posres,wikitext,tldr17,across,0.7679727420145898,0.2540870382497583
16000,ctxres+posres,wikitext,codeparrot,across,0.5857464884204764,0.480099331853249
16000,ctxres+posres,bookcorpus,wikitext,across,0.7803060895513423,0.23709320024674074
16000,ctxres+posres,bookcorpus,bookcorpus,within,0.9659359306958701,0.0
16000,ctxres+posres,bookcorpus,agnews,across,0.7392094189119193,0.334047638912224
16000,ctxres+posres,bookcorpus,tldr17,across,0.8005027100152113,0.21859726616124162
16000,ctxres+posres,bookcorpus,codeparrot,across,0.5551744721317595,0.5177827974621306
16000,ctxres+posres,agnews,wikitext,across,0.7973815956847262,0.23516287561264163
16000,ctxres+posres,agnews,bookcorpus,across,0.7499523125062335,0.334047638912224
16000,ctxres+posres,agnews,agnews,within,0.9657622948654673,0.0
16000,ctxres+posres,agnews,tldr17,across,0.7768708068214544,0.23885635937196095
16000,ctxres+posres,agnews,codeparrot,across,0.6000464091418075,0.4301138262760509
16000,ctxres+posres,tldr17,wikitext,across,0.766989057020385,0.2540870382497583
16000,ctxres+posres,tldr17,bookcorpus,across,0.812848447122836,0.21859726616124162
16000,ctxres+posres,tldr17,agnews,across,0.7708578963766293,0.23885635937196095
16000,ctxres+posres,tldr17,tldr17,within,0.9473768144322915,0.0
16000,ctxres+posres,tldr17,codeparrot,across,0.5808886079065263,0.42692376538723775
16000,ctxres+posres,codeparrot,wikitext,across,0.5249804636887506,0.480099331853249
16000,ctxres+posres,codeparrot,bookcorpus,across,0.4989660539354743,0.5177827974621306
16000,ctxres+posres,codeparrot,agnews,across,0.5401342953418067,0.4301138262760509
16000,ctxres+posres,codeparrot,tldr17,across,0.5209707672622185,0.42692376538723775
16000,ctxres+posres,codeparrot,codeparrot,within,0.6708200327509847,0.0
16000,tokres+freqmatch,wikitext,wikitext,within,0.88909757281523,0.0
16000,tokres+freqmatch,wikitext,bookcorpus,across,0.5061408954895833,0.23709320024674074
16000,tokres+freqmatch,wikitext,agnews,across,0.6521457008116949,0.23516287561264163
16000,tokres+freqmatch,wikitext,tldr17,across,0.6259782542376089,0.2540870382497583
16000,tokres+freqmatch,wikitext,codeparrot,across,0.31763771746307173,0.480099331853249
16000,tokres+freqmatch,bookcorpus,wikitext,across,0.5038383077115247,0.23709320024674074
16000,tokres+freqmatch,bookcorpus,bookcorpus,within,0.9665662985598592,0.0
16000,tokres+freqmatch,bookcorpus,agnews,across,0.4301214651788651,0.334047638912224
16000,tokres+freqmatch,bookcorpus,tldr17,across,0.4785703835654673,0.21859726616124162
16000,tokres+freqmatch,bookcorpus,codeparrot,across,0.2219540292949814,0.5177827974621306
16000,tokres+freqmatch,agnews,wikitext,across,0.6530675359712019,0.23516287561264163
16000,tokres+freqmatch,agnews,bookcorpus,across,0.4387159319215232,0.334047638912224
16000,tokres+freqmatch,agnews,agnews,within,0.9072557910368257,0.0
16000,tokres+freqmatch,agnews,tldr17,across,0.6520555848931308,0.23885635937196095
16000,tokres+freqmatch,agnews,codeparrot,across,0.3425803811106324,0.4301138262760509
16000,tokres+freqmatch,tldr17,wikitext,across,0.621089837497167,0.2540870382497583
16000,tokres+freqmatch,tldr17,bookcorpus,across,0.4976165795565315,0.21859726616124162
16000,tokres+freqmatch,tldr17,agnews,across,0.6357791597848619,0.23885635937196095
16000,tokres+freqmatch,tldr17,tldr17,within,0.8802712857908779,0.0
16000,tokres+freqmatch,tldr17,codeparrot,across,0.3576667754376943,0.42692376538723775
16000,tokres+freqmatch,codeparrot,wikitext,across,0.27930218861035433,0.480099331853249
16000,tokres+freqmatch,codeparrot,bookcorpus,across,0.1859496237173913,0.5177827974621306
16000,tokres+freqmatch,codeparrot,agnews,across,0.27492514710382304,0.4301138262760509
16000,tokres+freqmatch,codeparrot,tldr17,across,0.30722169102450864,0.42692376538723775
16000,tokres+freqmatch,codeparrot,codeparrot,within,0.5328550922210782,0.0
16000,tokres+posres+freqmatch,wikitext,wikitext,within,0.9053843189122179,0.0
16000,tokres+posres+freqmatch,wikitext,bookcorpus,across,0.5754110474423342,0.23709320024674074
16000,tokres+posres+freqmatch,wikitext,agnews,across,0.7504686275651836,0.23516287561264163
16000,tokres+posres+freqmatch,wikitext,tldr17,across,0.7288820268320494,0.2540870382497583
16000,tokres+posres+freqmatch,wikitext,codeparrot,across,0.47135213293348005,0.480099331853249
16000,tokres+posres+freqmatch,bookcorpus,wikitext,across,0.5689889859544621,0.23709320024674074
16000,tokres+posres+freqmatch,bookcorpus,bookcorpus,within,0.9658558549689793,0.0
16000,tokres+posres+freqmatch,bookcorpus,agnews,across,0.5228062344973263,0.334047638912224
16000,tokres+posres+freqmatch,bookcorpus,tldr17,across,0.5612477879287702,0.21859726616124162
16000,tokres+posres+freqmatch,bookcorpus,codeparrot,across,0.33321734679679405,0.5177827974621306
16000,tokres+posres+freqmatch,agnews,wikitext,across,0.7546474391379888,0.23516287561264163
16000,tokres+posres+freqmatch,agnews,bookcorpus,across,0.5341289692664505,0.334047638912224
16000,tokres+posres+freqmatch,agnews,agnews,within,0.921843050822942,0.0
16000,tokres+posres+freqmatch,agnews,tldr17,across,0.7530910557213841,0.23885635937196095
16000,tokres+posres+freqmatch,agnews,codeparrot,across,0.48777387955531254,0.4301138262760509
16000,tokres+posres+freqmatch,tldr17,wikitext,across,0.7244052508990102,0.2540870382497583
16000,tokres+posres+freqmatch,tldr17,bookcorpus,across,0.5738163831885358,0.21859726616124162
16000,tokres+posres+freqmatch,tldr17,agnews,across,0.7409030901753223,0.23885635937196095
16000,tokres+posres+freqmatch,tldr17,tldr17,within,0.905419133810715,0.0
16000,tokres+posres+freqmatch,tldr17,codeparrot,across,0.5017088772322995,0.42692376538723775
16000,tokres+posres+freqmatch,codeparrot,wikitext,across,0.4183885086795587,0.480099331853249
16000,tokres+posres+freqmatch,codeparrot,bookcorpus,across,0.2980603420890106,0.5177827974621306
16000,tokres+posres+freqmatch,codeparrot,agnews,across,0.41925217178991375,0.4301138262760509
16000,tokres+posres+freqmatch,codeparrot,tldr17,across,0.4421518761396388,0.42692376538723775
16000,tokres+posres+freqmatch,codeparrot,codeparrot,within,0.5634802022802474,0.0
16000,ctxres+freqmatch,wikitext,wikitext,within,0.8651774799429264,0.0
16000,ctxres+freqmatch,wikitext,bookcorpus,across,0.4996104380417252,0.23709320024674074
16000,ctxres+freqmatch,wikitext,agnews,across,0.6328032989811,0.23516287561264163
16000,ctxres+freqmatch,wikitext,tldr17,across,0.6066163788043971,0.2540870382497583
16000,ctxres+freqmatch,wikitext,codeparrot,across,0.3106439570326547,0.480099331853249
16000,ctxres+freqmatch,bookcorpus,wikitext,across,0.5278755756021193,0.23709320024674074
16000,ctxres+freqmatch,bookcorpus,bookcorpus,within,0.9553024224683085,0.0
16000,ctxres+freqmatch,bookcorpus,agnews,across,0.45954562959070727,0.334047638912224
16000,ctxres+freqmatch,bookcorpus,tldr17,across,0.5018185770876499,0.21859726616124162
16000,ctxres+freqmatch,bookcorpus,codeparrot,across,0.2181523583655171,0.5177827974621306
16000,ctxres+freqmatch,agnews,wikitext,across,0.6341727595745912,0.23516287561264163
16000,ctxres+freqmatch,agnews,bookcorpus,across,0.43765975669453355,0.334047638912224
16000,ctxres+freqmatch,agnews,agnews,within,0.8866316720052907,0.0
16000,ctxres+freqmatch,agnews,tldr17,across,0.6356448709424767,0.23885635937196095
16000,ctxres+freqmatch,agnews,codeparrot,across,0.3409070112545026,0.4301138262760509
16000,ctxres+freqmatch,tldr17,wikitext,across,0.6060667849946647,0.2540870382497583
16000,ctxres+freqmatch,tldr17,bookcorpus,across,0.4867965909445985,0.21859726616124162
16000,ctxres+freqmatch,tldr17,agnews,across,0.6233232116413966,0.23885635937196095
16000,ctxres+freqmatch,tldr17,tldr17,within,0.8587702471739993,0.0
16000,ctxres+freqmatch,tldr17,codeparrot,across,0.35773986646872,0.42692376538723775
16000,ctxres+freqmatch,codeparrot,wikitext,across,0.2619373888507462,0.480099331853249
16000,ctxres+freqmatch,codeparrot,bookcorpus,across,0.16641797231921318,0.5177827974621306
16000,ctxres+freqmatch,codeparrot,agnews,across,0.2583829083555043,0.4301138262760509
16000,ctxres+freqmatch,codeparrot,tldr17,across,0.29698173610119327,0.42692376538723775
16000,ctxres+freqmatch,codeparrot,codeparrot,within,0.45303975752927816,0.0
16000,tokres+rank,wikitext,wikitext,within,0.995566183600979,0.0
16000,tokres+rank,wikitext,bookcorpus,across,0.9693989328028083,0.23709320024674074
16000,tokres+rank,wikitext,agnews,across,0.9655979769049874,0.23516287561264163
16000,tokres+rank,wikitext,tldr17,across,0.95701550497019,0.2540870382497583
16000,tokres+rank,wikitext,codeparrot,across,0.939773935488437,0.480099331853249
16000,tokres+rank,bookcorpus,wikitext,across,0.9690273276171992,0.23709320024674074
16000,tokres+rank,bookcorpus,bookcorpus,within,0.9969099243398415,0.0
16000,tokres+rank,bookcorpus,agnews,across,0.9521603407373195,0.334047638912224
16000,tokres+rank,bookcorpus,tldr17,across,0.9522105618417591,0.21859726616124162
16000,tokres+rank,bookcorpus,codeparrot,across,0.9308713935707467,0.5177827974621306
16000,tokres+rank,agnews,wikitext,across,0.9654581253344752,0.23516287561264163
16000,tokres+rank,agnews,bookcorpus,across,0.9524443052174666,0.334047638912224
16000,tokres+rank,agnews,agnews,within,0.9971887067590942,0.0
16000,tokres+rank,agnews,tldr17,across,0.9758445615820593,0.23885635937196095
16000,tokres+rank,agnews,codeparrot,across,0.9589619920732533,0.4301138262760509
16000,tokres+rank,tldr17,wikitext,across,0.9552171260537351,0.2540870382497583
16000,tokres+rank,tldr17,bookcorpus,across,0.9511651504594267,0.21859726616124162
16000,tokres+rank,tldr17,agnews,across,0.974616675165089,0.23885635937196095
16000,tokres+rank,tldr17,tldr17,within,0.9945770901761736,0.0
16000,tokres+rank,tldr17,codeparrot,across,0.9530524151106161,0.42692376538723775
16000,tokres+rank,codeparrot,wikitext,across,0.9301053115341129,0.480099331853249
16000,tokres+rank,codeparrot,bookcorpus,across,0.9217723569322108,0.5177827974621306
16000,tokres+rank,codeparrot,agnews,across,0.9499984995024049,0.4301138262760509
16000,tokres+rank,codeparrot,tldr17,across,0.9447192789581461,0.42692376538723775
16000,tokres+rank,codeparrot,codeparrot,within,0.9637866023397986,0.0
16000,cm:tokres+rank,wikitext,wikitext,within,0.9903036938931642,0.0
16000,cm:tokres+rank,wikitext,bookcorpus,across,0.833392491571824,0.23709320024674074
16000,cm:tokres+rank,wikitext,agnews,across,0.6638065291677675,0.23516287561264163
16000,cm:tokres+rank,wikitext,tldr17,across,0.615651848943399,0.2540870382497583
16000,cm:tokres+rank,wikitext,codeparrot,across,0.5416930024163789,0.480099331853249
16000,cm:tokres+rank,bookcorpus,wikitext,across,0.8284582109157153,0.23709320024674074
16000,cm:tokres+rank,bookcorpus,bookcorpus,within,0.9927254449171844,0.0
16000,cm:tokres+rank,bookcorpus,agnews,across,0.5968880308282708,0.334047638912224
16000,cm:tokres+rank,bookcorpus,tldr17,across,0.6045757459837598,0.21859726616124162
16000,cm:tokres+rank,bookcorpus,codeparrot,across,0.5132928850398698,0.5177827974621306
16000,cm:tokres+rank,agnews,wikitext,across,0.6693785678860115,0.23516287561264163
16000,cm:tokres+rank,agnews,bookcorpus,across,0.6018885511755244,0.334047638912224
16000,cm:tokres+rank,agnews,agnews,within,0.9923874728424623,0.0
16000,cm:tokres+rank,agnews,tldr17,across,0.8522607891363134,0.23885635937196095
16000,cm:tokres+rank,agnews,codeparrot,across,0.7235300922579987,0.4301138262760509
16000,cm:tokres+rank,tldr17,wikitext,across,0.6176420399132838,0.2540870382497583
16000,cm:tokres+rank,tldr17,bookcorpus,across,0.6074466093843307,0.21859726616124162
16000,cm:tokres+rank,tldr17,agnews,across,0.8541591331720637,0.23885635937196095
16000,cm:tokres+rank,tldr17,tldr17,within,0.9863771264947855,0.0
16000,cm:tokres+rank,tldr17,codeparrot,across,0.7160680712980888,0.42692376538723775
16000,cm:tokres+rank,codeparrot,wikitext,across,0.4747589821155969,0.480099331853249
16000,cm:tokres+rank,codeparrot,bookcorpus,across,0.45454445241905256,0.5177827974621306
16000,cm:tokres+rank,codeparrot,agnews,across,0.613560375668111,0.4301138262760509
16000,cm:tokres+rank,codeparrot,tldr17,across,0.6157626823560759,0.42692376538723775
16000,cm:tokres+rank,codeparrot,codeparrot,within,0.8297819521185725,0.0
16000,cm:base,wikitext,wikitext,within,0.959179559696237,0.0
16000,cm:base,wikitext,bookcorpus,across,0.4454140427845822,0.23709320024674074
16000,cm:base,wikitext,agnews,across,0.513171417654391,0.23516287561264163
16000,cm:base,wikitext,tldr17,across,0.401512238567087,0.2540870382497583
16000,cm:base,wikitext,codeparrot,across,0.15338162042873676,0.480099331853249
16000,cm:base,bookcorpus,wikitext,across,0.4427347635170216,0.23709320024674074
16000,cm:base,bookcorpus,bookcorpus,within,0.9831074509563342,0.0
16000,cm:base,bookcorpus,agnews,across,0.2796116224327204,0.334047638912224
16000,cm:base,bookcorpus,tldr17,across,0.47012040738331967,0.21859726616124162
16000,cm:base,bookcorpus,codeparrot,across,0.11996730721411228,0.5177827974621306
16000,cm:base,agnews,wikitext,across,0.5214878019333712,0.23516287561264163
16000,cm:base,agnews,bookcorpus,across,0.2906971142604403,0.334047638912224
16000,cm:base,agnews,agnews,within,0.965697196796083,0.0
16000,cm:base,agnews,tldr17,across,0.4159732187015972,0.23885635937196095
16000,cm:base,agnews,codeparrot,across,0.1538319772968028,0.4301138262760509
16000,cm:base,tldr17,wikitext,across,0.39702224546637876,0.2540870382497583
16000,cm:base,tldr17,bookcorpus,across,0.48598987091292567,0.21859726616124162
16000,cm:base,tldr17,agnews,across,0.39767858111644694,0.23885635937196095
16000,cm:base,tldr17,tldr17,within,0.9434553746737032,0.0
16000,cm:base,tldr17,codeparrot,across,0.1369673449672888,0.42692376538723775
16000,cm:base,codeparrot,wikitext,across,0.15110324918498935,0.480099331853249
16000,cm:base,codeparrot,bookcorpus,across,0.1184553574270099,0.5177827974621306
16000,cm:base,codeparrot,agnews,across,0.1703524071217096,0.4301138262760509
16000,cm:base,codeparrot,tldr17,across,0.13556606832901555,0.42692376538723775
16000,cm:base,codeparrot,codeparrot,within,0.579439044240893,0.0
16000,cm:tokres,wikitext,wikitext,within,0.9923294987072697,0.0
16000,cm:tokres,wikitext,bookcorpus,across,0.9316636218509569,0.23709320024674074
16000,cm:tokres,wikitext,agnews,across,0.7353470743729649,0.23516287561264163
16000,cm:tokres,wikitext,tldr17,across,0.7221995838813546,0.2540870382497583
16000,cm:tokres,wikitext,codeparrot,across,0.642109658386252,0.480099331853249
16000,cm:tokres,bookcorpus,wikitext,across,0.9286845728176091,0.23709320024674074
16000,cm:tokres,bookcorpus,bookcorpus,within,0.9951250037513543,0.0
16000,cm:tokres,bookcorpus,agnews,across,0.6974313741769299,0.334047638912224
16000,cm:tokres,bookcorpus,tldr17,across,0.7000571900405722,0.21859726616124162
16000,cm:tokres,bookcorpus,codeparrot,across,0.6145463901223536,0.5177827974621306
16000,cm:tokres,agnews,wikitext,across,0.7388074820120981,0.23516287561264163
16000,cm:tokres,agnews,bookcorpus,across,0.7004876423658574,0.334047638912224
16000,cm:tokres,agnews,agnews,within,0.9941760582262575,0.0
16000,cm:tokres,agnews,tldr17,across,0.9322957360937663,0.23885635937196095
16000,cm:tokres,agnews,codeparrot,across,0.8534645705343641,0.4301138262760509
16000,cm:tokres,tldr17,wikitext,across,0.7330912036425411,0.2540870382497583
16000,cm:tokres,tldr17,bookcorpus,across,0.7093359212827047,0.21859726616124162
16000,cm:tokres,tldr17,agnews,across,0.9319065765902088,0.23885635937196095
16000,cm:tokres,tldr17,tldr17,within,0.9892202207953207,0.0
16000,cm:tokres,tldr17,codeparrot,across,0.8449475959953342,0.42692376538723775
16000,cm:tokres,codeparrot,wikitext,across,0.6191538488508662,0.480099331853249
16000,cm:tokres,codeparrot,bookcorpus,across,0.5931644638799983,0.5177827974621306
16000,cm:tokres,codeparrot,agnews,across,0.7422841053553415,0.4301138262760509
16000,cm:tokres,codeparrot,tldr17,across,0.7517708546868845,0.42692376538723775
16000,cm:tokres,codeparrot,codeparrot,within,0.8350832296173271,0.0
16000,cm:tokres+posres,wikitext,wikitext,within,0.937810318139575,0.0
16000,cm:tokres+posres,wikitext,bookcorpus,across,0.6453035344267808,0.23709320024674074
16000,cm:tokres+posres,wikitext,agnews,across,0.680832036984109,0.23516287561264163
16000,cm:tokres+posres,wikitext,tldr17,across,0.6358903700235411,0.2540870382497583
16000,cm:tokres+posres,wikitext,codeparrot,across,0.4406367911382508,0.480099331853249
16000,cm:tokres+posres,bookcorpus,wikitext,across,0.6464971249576765,0.23709320024674074
16000,cm:tokres+posres,bookcorpus,bookcorpus,within,0.959876338938063,0.0
16000,cm:tokres+posres,bookcorpus,agnews,across,0.5808432618753145,0.334047638912224
16000,cm:tokres+posres,bookcorpus,tldr17,across,0.7116791461032052,0.21859726616124162
16000,cm:tokres+posres,bookcorpus,codeparrot,across,0.40233438786434733,0.5177827974621306
16000,cm:tokres+posres,agnews,wikitext,across,0.6834997140399203,0.23516287561264163
16000,cm:tokres+posres,agnews,bookcorpus,across,0.5899412940333184,0.334047638912224
16000,cm:tokres+posres,agnews,agnews,within,0.9571157488645882,0.0
16000,cm:tokres+posres,agnews,tldr17,across,0.630936493826698,0.23885635937196095
16000,cm:tokres+posres,agnews,codeparrot,across,0.45412612179895295,0.4301138262760509
16000,cm:tokres+posres,tldr17,wikitext,across,0.6343994336031684,0.2540870382497583
16000,cm:tokres+posres,tldr17,bookcorpus,across,0.7287408407530716,0.21859726616124162
16000,cm:tokres+posres,tldr17,agnews,across,0.6241675252464302,0.23885635937196095
16000,cm:tokres+posres,tldr17,tldr17,within,0.9283865587314873,0.0
16000,cm:tokres+posres,tldr17,codeparrot,across,0.43070905215707084,0.42692376538723775
16000,cm:tokres+posres,codeparrot,wikitext,across,0.40001901536090606,0.480099331853249
16000,cm:tokres+posres,codeparrot,bookcorpus,across,0.3666884388881572,0.5177827974621306
16000,cm:tokres+posres,codeparrot,agnews,across,0.42113614886362916,0.4301138262760509
16000,cm:tokres+posres,codeparrot,tldr17,across,0.3919632835033224,0.42692376538723775
16000,cm:tokres+posres,codeparrot,codeparrot,within,0.6350105403423234,0.0
16000,cm:ctxres+posres,wikitext,wikitext,within,0.9280553982526238,0.0
16000,cm:ctxres+posres,wikitext,bookcorpus,across,0.6769731785809646,0.23709320024674074
16000,cm:ctxres+posres,wikitext,agnews,across,0.6998772589942993,0.23516287561264163
16000,cm:ctxres+posres,wikitext,tldr17,across,0.6625445520194856,0.2540870382497583
16000,cm:ctxres+posres,wikitext,codeparrot,across,0.46520581587490595,0.480099331853249
16000,cm:ctxres+posres,bookcorpus,wikitext,across,0.6771262509291002,0.23709320024674074
16000,cm:ctxres+posres,bookcorpus,bookcorpus,within,0.9498235384132148,0.0
16000,cm:ctxres+posres,bookcorpus,agnews,across,0.6155299424612913,0.334047638912224
16000,cm:ctxres+posres,bookcorpus,tldr17,across,0.7077128308921253,0.21859726616124162
16000,cm:ctxres+posres,bookcorpus,codeparrot,across,0.4263906578176477,0.5177827974621306
16000,cm:ctxres+posres,agnews,wikitext,across,0.7040057964343731,0.23516287561264163
16000,cm:ctxres+posres,agnews,bookcorpus,across,0.628442823873874,0.334047638912224
16000,cm:ctxres+posres,agnews,agnews,within,0.9500632678841796,0.0
16000,cm:ctxres+posres,agnews,tldr17,across,0.6668398883804584,0.23885635937196095
16000,cm:ctxres+posres,agnews,codeparrot,across,0.4798004839610096,0.4301138262760509
16000,cm:ctxres+posres,tldr17,wikitext,across,0.6621539453146784,0.2540870382497583
16000,cm:ctxres+posres,tldr17,bookcorpus,across,0.7267571953167161,0.21859726616124162
16000,cm:ctxres+posres,tldr17,agnews,across,0.6612621580447774,0.23885635937196095
16000,cm:ctxres+posres,tldr17,tldr17,within,0.9213299736849836,0.0
16000,cm:ctxres+posres,tldr17,codeparrot,across,0.45748786050612045,0.42692376538723775
16000,cm:ctxres+posres,codeparrot,wikitext,across,0.4134292285261052,0.480099331853249
16000,cm:ctxres+posres,codeparrot,bookcorpus,across,0.38099327488161105,0.5177827974621306
16000,cm:ctxres+posres,codeparrot,agnews,across,0.4296345851393819,0.4301138262760509
16000,cm:ctxres+posres,codeparrot,tldr17,across,0.4070509849173807,0.42692376538723775
16000,cm:ctxres+posres,codeparrot,codeparrot,within,0.6338826630228541,0.0
143000,base,wikitext,wikitext,within,0.9755612434775492,0.0
143000,base,wikitext,bookcorpus,across,0.5894021846147721,0.23709320024674074
143000,base,wikitext,agnews,across,0.6509366178699745,0.23516287561264163
143000,base,wikitext,tldr17,across,0.539609086654763,0.2540870382497583
143000,base,wikitext,codeparrot,across,0.27342804861327724,0.480099331853249
143000,base,bookcorpus,wikitext,across,0.5871063699339445,0.23709320024674074
143000,base,bookcorpus,bookcorpus,within,0.989225377409661,0.0
143000,base,bookcorpus,agnews,across,0.4245832262147938,0.334047638912224
143000,base,bookcorpus,tldr17,across,0.564236554991227,0.21859726616124162
143000,base,bookcorpus,codeparrot,across,0.21137488978317576,0.5177827974621306
143000,base,agnews,wikitext,across,0.6570682097003696,0.23516287561264163
143000,base,agnews,bookcorpus,across,0.43457324710398426,0.334047638912224
143000,base,agnews,agnews,within,0.9802185496549906,0.0
143000,base,agnews,tldr17,across,0.5514404484120435,0.23885635937196095
143000,base,agnews,codeparrot,across,0.2855174287088366,0.4301138262760509
143000,base,tldr17,wikitext,across,0.5300727414569034,0.2540870382497583
143000,base,tldr17,bookcorpus,across,0.574175866491427,0.21859726616124162
143000,base,tldr17,agnews,across,0.531541567699814,0.23885635937196095
143000,base,tldr17,tldr17,within,0.9606005259505407,0.0
143000,base,tldr17,codeparrot,across,0.2537941541042495,0.42692376538723775
143000,base,codeparrot,wikitext,across,0.297313234991054,0.480099331853249
143000,base,codeparrot,bookcorpus,across,0.22802197665900334,0.5177827974621306
143000,base,codeparrot,agnews,across,0.32425085430395445,0.4301138262760509
143000,base,codeparrot,tldr17,across,0.27440818218309176,0.42692376538723775
143000,base,codeparrot,codeparrot,within,0.6661676740663354,0.0
143000,tokmean,wikitext,wikitext,within,0.9883649310023672,0.0
143000,tokmean,wikitext,bookcorpus,across,0.7108559333043183,0.23709320024674074
143000,tokmean,wikitext,agnews,across,0.6284396854771275,0.23516287561264163
143000,tokmean,wikitext,tldr17,across,0.5388561932720479,0.2540870382497583
143000,tokmean,wikitext,codeparrot,across,0.30213470866837194,0.480099331853249
143000,tokmean,bookcorpus,wikitext,across,0.7127478625439637,0.23709320024674074
143000,tokmean,bookcorpus,bookcorpus,within,0.995036993188714,0.0
143000,tokmean,bookcorpus,agnews,across,0.45325657875773784,0.334047638912224
143000,tokmean,bookcorpus,tldr17,across,0.5769079592015408,0.21859726616124162
143000,tokmean,bookcorpus,codeparrot,across,0.23615826032889986,0.5177827974621306
143000,tokmean,agnews,wikitext,across,0.6381722088998352,0.23516287561264163
143000,tokmean,agnews,bookcorpus,across,0.4616571207337587,0.334047638912224
143000,tokmean,agnews,agnews,within,0.9886037560743731,0.0
143000,tokmean,agnews,tldr17,across,0.5894144253891932,0.23885635937196095
143000,tokmean,agnews,codeparrot,across,0.3417192780066751,0.4301138262760509
143000,tokmean,tldr17,wikitext,across,0.5379712043202524,0.2540870382497583
143000,tokmean,tldr17,bookcorpus,across,0.5827326405625678,0.21859726616124162
143000,tokmean,tldr17,agnews,across,0.5751148511924807,0.23885635937196095
143000,tokmean,tldr17,tldr17,within,0.979240150169779,0.0
143000,tokmean,tldr17,codeparrot,across,0.29006980741482025,0.42692376538723775
143000,tokmean,codeparrot,wikitext,across,0.2806398677093538,0.480099331853249
143000,tokmean,codeparrot,bookcorpus,across,0.2127743166208045,0.5177827974621306
143000,tokmean,codeparrot,agnews,across,0.3430019789429918,0.4301138262760509
143000,tokmean,codeparrot,tldr17,across,0.25774970767564653,0.42692376538723775
143000,tokmean,codeparrot,codeparrot,within,0.7597473948952519,0.0
143000,freqmatch,wikitext,wikitext,within,0.9558964671868342,0.0
143000,freqmatch,wikitext,bookcorpus,across,0.5999459585234692,0.23709320024674074
143000,freqmatch,wikitext,agnews,across,0.7350894462072344,0.23516287561264163
143000,freqmatch,wikitext,tldr17,across,0.6889956463128898,0.2540870382497583
143000,freqmatch,wikitext,codeparrot,across,0.39300408953112687,0.480099331853249
143000,freqmatch,bookcorpus,wikitext,across,0.5779511764810783,0.23709320024674074
143000,freqmatch,bookcorpus,bookcorpus,within,0.9828406652458805,0.0
143000,freqmatch,bookcorpus,agnews,across,0.45274400365240514,0.334047638912224
143000,freqmatch,bookcorpus,tldr17,across,0.533903668446048,0.21859726616124162
143000,freqmatch,bookcorpus,codeparrot,across,0.2726368272577458,0.5177827974621306
143000,freqmatch,agnews,wikitext,across,0.7342295716192057,0.23516287561264163
143000,freqmatch,agnews,bookcorpus,across,0.4774718483853347,0.334047638912224
143000,freqmatch,agnews,agnews,within,0.9614014783477116,0.0
143000,freqmatch,agnews,tldr17,across,0.7235569566429194,0.23885635937196095
143000,freqmatch,agnews,codeparrot,across,0.4132990137797403,0.4301138262760509
143000,freqmatch,tldr17,wikitext,across,0.6887526130081,0.2540870382497583
143000,freqmatch,tldr17,bookcorpus,across,0.5762232005108665,0.21859726616124162
143000,freqmatch,tldr17,agnews,across,0.7073965905892025,0.23885635937196095
143000,freqmatch,tldr17,tldr17,within,0.9443072116863147,0.0
143000,freqmatch,tldr17,codeparrot,across,0.42299929759273286,0.42692376538723775
143000,freqmatch,codeparrot,wikitext,across,0.4050186578920902,0.480099331853249
143000,freqmatch,codeparrot,bookcorpus,across,0.2893435982959821,0.5177827974621306
143000,freqmatch,codeparrot,agnews,across,0.39235050944697986,0.4301138262760509
143000,freqmatch,codeparrot,tldr17,across,0.41917899563388505,0.42692376538723775
143000,freqmatch,codeparrot,codeparrot,within,0.6396446452349409,0.0
143000,tokres,wikitext,wikitext,within,0.9916792928497948,0.0
143000,tokres,wikitext,bookcorpus,across,0.9238280664821293,0.23709320024674074
143000,tokres,wikitext,agnews,across,0.6715626755298868,0.23516287561264163
143000,tokres,wikitext,tldr17,across,0.6543832773216399,0.2540870382497583
143000,tokres,wikitext,codeparrot,across,0.5500758941322765,0.480099331853249
143000,tokres,bookcorpus,wikitext,across,0.921239203738441,0.23709320024674074
143000,tokres,bookcorpus,bookcorpus,within,0.9948351955729289,0.0
143000,tokres,bookcorpus,agnews,across,0.6265096346584141,0.334047638912224
143000,tokres,bookcorpus,tldr17,across,0.6339018265943627,0.21859726616124162
143000,tokres,bookcorpus,codeparrot,across,0.5181728255528606,0.5177827974621306
143000,tokres,agnews,wikitext,across,0.671408429199125,0.23516287561264163
143000,tokres,agnews,bookcorpus,across,0.6286796612942807,0.334047638912224
143000,tokres,agnews,agnews,within,0.9926274073135347,0.0
143000,tokres,agnews,tldr17,across,0.9194372131059599,0.23885635937196095
143000,tokres,agnews,codeparrot,across,0.8124048199021637,0.4301138262760509
143000,tokres,tldr17,wikitext,across,0.6741686292746986,0.2540870382497583
143000,tokres,tldr17,bookcorpus,across,0.6538931962635541,0.21859726616124162
143000,tokres,tldr17,agnews,across,0.9166159079199238,0.23885635937196095
143000,tokres,tldr17,tldr17,within,0.9854674481164436,0.0
143000,tokres,tldr17,codeparrot,across,0.7996755968953988,0.42692376538723775
143000,tokres,codeparrot,wikitext,across,0.5607153331023531,0.480099331853249
143000,tokres,codeparrot,bookcorpus,across,0.5303788248287018,0.5177827974621306
143000,tokres,codeparrot,agnews,across,0.6780995107894476,0.4301138262760509
143000,tokres,codeparrot,tldr17,across,0.691020961435795,0.42692376538723775
143000,tokres,codeparrot,codeparrot,within,0.7932905539527192,0.0
143000,tokres20,wikitext,wikitext,within,0.9905267007370272,0.0
143000,tokres20,wikitext,bookcorpus,across,0.9173105926351707,0.23709320024674074
143000,tokres20,wikitext,agnews,across,0.6631990644801237,0.23516287561264163
143000,tokres20,wikitext,tldr17,across,0.6475478287439632,0.2540870382497583
143000,tokres20,wikitext,codeparrot,across,0.5378223941412247,0.480099331853249
143000,tokres20,bookcorpus,wikitext,across,0.9146955516193136,0.23709320024674074
143000,tokres20,bookcorpus,bookcorpus,within,0.9943996783597102,0.0
143000,tokres20,bookcorpus,agnews,across,0.62050103257664,0.334047638912224
143000,tokres20,bookcorpus,tldr17,across,0.6293123001505488,0.21859726616124162
143000,tokres20,bookcorpus,codeparrot,across,0.5101513946562235,0.5177827974621306
143000,tokres20,agnews,wikitext,across,0.6630368256698164,0.23516287561264163
143000,tokres20,agnews,bookcorpus,across,0.6230043136210806,0.334047638912224
143000,tokres20,agnews,agnews,within,0.9916875208976436,0.0
143000,tokres20,agnews,tldr17,across,0.9124691988361803,0.23885635937196095
143000,tokres20,agnews,codeparrot,across,0.8001626191581234,0.4301138262760509
143000,tokres20,tldr17,wikitext,across,0.6663125612258761,0.2540870382497583
143000,tokres20,tldr17,bookcorpus,across,0.6488090328870604,0.21859726616124162
143000,tokres20,tldr17,agnews,across,0.9087065331187635,0.23885635937196095
143000,tokres20,tldr17,tldr17,within,0.98455466334722,0.0
143000,tokres20,tldr17,codeparrot,across,0.7881912819820904,0.42692376538723775
143000,tokres20,codeparrot,wikitext,across,0.5462006267061159,0.480099331853249
143000,tokres20,codeparrot,bookcorpus,across,0.5183977300157956,0.5177827974621306
143000,tokres20,codeparrot,agnews,across,0.6642911687781518,0.4301138262760509
143000,tokres20,codeparrot,tldr17,across,0.6782424790580776,0.42692376538723775
143000,tokres20,codeparrot,codeparrot,within,0.7782822249006621,0.0
143000,tokres+posres,wikitext,wikitext,within,0.9625265801604858,0.0
143000,tokres+posres,wikitext,bookcorpus,across,0.754140986822524,0.23709320024674074
143000,tokres+posres,wikitext,agnews,across,0.8000014560983603,0.23516287561264163
143000,tokres+posres,wikitext,tldr17,across,0.7639006779940435,0.2540870382497583
143000,tokres+posres,wikitext,codeparrot,across,0.5775677904224422,0.480099331853249
143000,tokres+posres,bookcorpus,wikitext,across,0.7535644353439108,0.23709320024674074
143000,tokres+posres,bookcorpus,bookcorpus,within,0.976046455111063,0.0
143000,tokres+posres,bookcorpus,agnews,across,0.7145425693753158,0.334047638912224
143000,tokres+posres,bookcorpus,tldr17,across,0.8090748436155635,0.21859726616124162
143000,tokres+posres,bookcorpus,codeparrot,across,0.5366241401216743,0.5177827974621306
143000,tokres+posres,agnews,wikitext,across,0.8023675412576663,0.23516287561264163
143000,tokres+posres,agnews,bookcorpus,across,0.7228429393740448,0.334047638912224
143000,tokres+posres,agnews,agnews,within,0.9744584405092923,0.0
143000,tokres+posres,agnews,tldr17,across,0.7526425254696113,0.23885635937196095
143000,tokres+posres,agnews,codeparrot,across,0.5851396357076016,0.4301138262760509
143000,tokres+posres,tldr17,wikitext,across,0.7593271622273621,0.2540870382497583
143000,tokres+posres,tldr17,bookcorpus,across,0.8198693175345687,0.21859726616124162
143000,tokres+posres,tldr17,agnews,across,0.7425114561381776,0.23885635937196095
143000,tokres+posres,tldr17,tldr17,within,0.9548588776269341,0.0
143000,tokres+posres,tldr17,codeparrot,across,0.5620730095484815,0.42692376538723775
143000,tokres+posres,codeparrot,wikitext,across,0.5397571036695795,0.480099331853249
143000,tokres+posres,codeparrot,bookcorpus,across,0.5015773828807758,0.5177827974621306
143000,tokres+posres,codeparrot,agnews,across,0.5562847628832488,0.4301138262760509
143000,tokres+posres,codeparrot,tldr17,across,0.5274237835831598,0.42692376538723775
143000,tokres+posres,codeparrot,codeparrot,within,0.7125814990506519,0.0
143000,ctxres,wikitext,wikitext,within,0.9915066348677111,0.0
143000,ctxres,wikitext,bookcorpus,across,0.9330782657207293,0.23709320024674074
143000,ctxres,wikitext,agnews,across,0.777270642068718,0.23516287561264163
143000,ctxres,wikitext,tldr17,across,0.7550568218763879,0.2540870382497583
143000,ctxres,wikitext,codeparrot,across,0.6381940323428634,0.480099331853249
143000,ctxres,bookcorpus,wikitext,across,0.9298212697367444,0.23709320024674074
143000,ctxres,bookcorpus,bookcorpus,within,0.9946490955881353,0.0
143000,ctxres,bookcorpus,agnews,across,0.73103260946808,0.334047638912224
143000,ctxres,bookcorpus,tldr17,across,0.7282922395326099,0.21859726616124162
143000,ctxres,bookcorpus,codeparrot,across,0.600964190223582,0.5177827974621306
143000,ctxres,agnews,wikitext,across,0.7822451160639026,0.23516287561264163
143000,ctxres,agnews,bookcorpus,across,0.738398292382538,0.334047638912224
143000,ctxres,agnews,agnews,within,0.9933789317415395,0.0
143000,ctxres,agnews,tldr17,across,0.9265721488964253,0.23885635937196095
143000,ctxres,agnews,codeparrot,across,0.8210794106246826,0.4301138262760509
143000,ctxres,tldr17,wikitext,across,0.7615113154947165,0.2540870382497583
143000,ctxres,tldr17,bookcorpus,across,0.7366999550706288,0.21859726616124162
143000,ctxres,tldr17,agnews,across,0.9244659344488719,0.23885635937196095
143000,ctxres,tldr17,tldr17,within,0.9888653008840547,0.0
143000,ctxres,tldr17,codeparrot,across,0.8150812681146428,0.42692376538723775
143000,ctxres,codeparrot,wikitext,across,0.6418592412525654,0.480099331853249
143000,ctxres,codeparrot,bookcorpus,across,0.608249425591971,0.5177827974621306
143000,ctxres,codeparrot,agnews,across,0.7309600428108541,0.4301138262760509
143000,ctxres,codeparrot,tldr17,across,0.7317509659937749,0.42692376538723775
143000,ctxres,codeparrot,codeparrot,within,0.8185389390025191,0.0
143000,ctxres+posres,wikitext,wikitext,within,0.9601599903132089,0.0
143000,ctxres+posres,wikitext,bookcorpus,across,0.7899732994380853,0.23709320024674074
143000,ctxres+posres,wikitext,agnews,across,0.8251868021251336,0.23516287561264163
143000,ctxres+posres,wikitext,tldr17,across,0.7971679895543631,0.2540870382497583
143000,ctxres+posres,wikitext,codeparrot,across,0.6060074733106204,0.480099331853249
143000,ctxres+posres,bookcorpus,wikitext,across,0.786071751293829,0.23709320024674074
143000,ctxres+posres,bookcorpus,bookcorpus,within,0.9721034600633708,0.0
143000,ctxres+posres,bookcorpus,agnews,across,0.7553130034972642,0.334047638912224
143000,ctxres+posres,bookcorpus,tldr17,across,0.8218243860335585,0.21859726616124162
143000,ctxres+posres,bookcorpus,codeparrot,across,0.5676270354571028,0.5177827974621306
143000,ctxres+posres,agnews,wikitext,across,0.8268347452463899,0.23516287561264163
143000,ctxres+posres,agnews,bookcorpus,across,0.7651795611999523,0.334047638912224
143000,ctxres+posres,agnews,agnews,within,0.9723323012697053,0.0
143000,ctxres+posres,agnews,tldr17,across,0.7891280007733315,0.23885635937196095
143000,ctxres+posres,agnews,codeparrot,across,0.6136505914626481,0.4301138262760509
143000,ctxres+posres,tldr17,wikitext,across,0.79350546297936,0.2540870382497583
143000,ctxres+posres,tldr17,bookcorpus,across,0.8335844226011682,0.21859726616124162
143000,ctxres+posres,tldr17,agnews,across,0.7810504746924034,0.23885635937196095
143000,ctxres+posres,tldr17,tldr17,within,0.9547125885977247,0.0
143000,ctxres+posres,tldr17,codeparrot,across,0.5931008844754713,0.42692376538723775
143000,ctxres+posres,codeparrot,wikitext,across,0.5591236838081298,0.480099331853249
143000,ctxres+posres,codeparrot,bookcorpus,across,0.522655786129634,0.5177827974621306
143000,ctxres+posres,codeparrot,agnews,across,0.5718556496009808,0.4301138262760509
143000,ctxres+posres,codeparrot,tldr17,across,0.5466592217555161,0.42692376538723775
143000,ctxres+posres,codeparrot,codeparrot,within,0.7150987329489853,0.0
143000,tokres+freqmatch,wikitext,wikitext,within,0.8983026555879003,0.0
143000,tokres+freqmatch,wikitext,bookcorpus,across,0.5198325894818019,0.23709320024674074
143000,tokres+freqmatch,wikitext,agnews,across,0.6750312027783884,0.23516287561264163
143000,tokres+freqmatch,wikitext,tldr17,across,0.6449541968764937,0.2540870382497583
143000,tokres+freqmatch,wikitext,codeparrot,across,0.3024711299709871,0.480099331853249
143000,tokres+freqmatch,bookcorpus,wikitext,across,0.5024197138379088,0.23709320024674074
143000,tokres+freqmatch,bookcorpus,bookcorpus,within,0.9779740850521778,0.0
143000,tokres+freqmatch,bookcorpus,agnews,across,0.38052750928425133,0.334047638912224
143000,tokres+freqmatch,bookcorpus,tldr17,across,0.42275450227963146,0.21859726616124162
143000,tokres+freqmatch,bookcorpus,codeparrot,across,0.16030364774057204,0.5177827974621306
143000,tokres+freqmatch,agnews,wikitext,across,0.6748427677476164,0.23516287561264163
143000,tokres+freqmatch,agnews,bookcorpus,across,0.3982351281531221,0.334047638912224
143000,tokres+freqmatch,agnews,agnews,within,0.9140319204989348,0.0
143000,tokres+freqmatch,agnews,tldr17,across,0.6573471436132773,0.23885635937196095
143000,tokres+freqmatch,agnews,codeparrot,across,0.31736189494757155,0.4301138262760509
143000,tokres+freqmatch,tldr17,wikitext,across,0.6362670994384307,0.2540870382497583
143000,tokres+freqmatch,tldr17,bookcorpus,across,0.461185841510934,0.21859726616124162
143000,tokres+freqmatch,tldr17,agnews,across,0.6389070762352378,0.23885635937196095
143000,tokres+freqmatch,tldr17,tldr17,within,0.8858205801565521,0.0
143000,tokres+freqmatch,tldr17,codeparrot,across,0.3311536932480883,0.42692376538723775
143000,tokres+freqmatch,codeparrot,wikitext,across,0.2611956756612585,0.480099331853249
143000,tokres+freqmatch,codeparrot,bookcorpus,across,0.13697004006823216,0.5177827974621306
143000,tokres+freqmatch,codeparrot,agnews,across,0.26759688135137283,0.4301138262760509
143000,tokres+freqmatch,codeparrot,tldr17,across,0.30033791821897876,0.42692376538723775
143000,tokres+freqmatch,codeparrot,codeparrot,within,0.5356525613414888,0.0
143000,tokres+posres+freqmatch,wikitext,wikitext,within,0.9214055675414202,0.0
143000,tokres+posres+freqmatch,wikitext,bookcorpus,across,0.5820719134996399,0.23709320024674074
143000,tokres+posres+freqmatch,wikitext,agnews,across,0.778841202846048,0.23516287561264163
143000,tokres+posres+freqmatch,wikitext,tldr17,across,0.7585002162564676,0.2540870382497583
143000,tokres+posres+freqmatch,wikitext,codeparrot,across,0.5002760977797929,0.480099331853249
143000,tokres+posres+freqmatch,bookcorpus,wikitext,across,0.5545167397791025,0.23709320024674074
143000,tokres+posres+freqmatch,bookcorpus,bookcorpus,within,0.9779028561106943,0.0
143000,tokres+posres+freqmatch,bookcorpus,agnews,across,0.4723495079962201,0.334047638912224
143000,tokres+posres+freqmatch,bookcorpus,tldr17,across,0.5047582347809758,0.21859726616124162
143000,tokres+posres+freqmatch,bookcorpus,codeparrot,across,0.31336405083080354,0.5177827974621306
143000,tokres+posres+freqmatch,agnews,wikitext,across,0.7837548808674224,0.23516287561264163
143000,tokres+posres+freqmatch,agnews,bookcorpus,across,0.49651214859520754,0.334047638912224
143000,tokres+posres+freqmatch,agnews,agnews,within,0.9359654051583515,0.0
143000,tokres+posres+freqmatch,agnews,tldr17,across,0.7763095895891963,0.23885635937196095
143000,tokres+posres+freqmatch,agnews,codeparrot,across,0.5139899800897189,0.4301138262760509
143000,tokres+posres+freqmatch,tldr17,wikitext,across,0.7535164027733132,0.2540870382497583
143000,tokres+posres+freqmatch,tldr17,bookcorpus,across,0.5284686879128776,0.21859726616124162
143000,tokres+posres+freqmatch,tldr17,agnews,across,0.7632693877381242,0.23885635937196095
143000,tokres+posres+freqmatch,tldr17,tldr17,within,0.9192658095953047,0.0
143000,tokres+posres+freqmatch,tldr17,codeparrot,across,0.5276445446478134,0.42692376538723775
143000,tokres+posres+freqmatch,codeparrot,wikitext,across,0.45103445609676424,0.480099331853249
143000,tokres+posres+freqmatch,codeparrot,bookcorpus,across,0.2928957617608096,0.5177827974621306
143000,tokres+posres+freqmatch,codeparrot,agnews,across,0.45438979868339574,0.4301138262760509
143000,tokres+posres+freqmatch,codeparrot,tldr17,across,0.47870460931345743,0.42692376538723775
143000,tokres+posres+freqmatch,codeparrot,codeparrot,within,0.626479224126961,0.0
143000,ctxres+freqmatch,wikitext,wikitext,within,0.8815745683328023,0.0
143000,ctxres+freqmatch,wikitext,bookcorpus,across,0.5082538916675979,0.23709320024674074
143000,ctxres+freqmatch,wikitext,agnews,across,0.6563082648041993,0.23516287561264163
143000,ctxres+freqmatch,wikitext,tldr17,across,0.6317738100388683,0.2540870382497583
143000,ctxres+freqmatch,wikitext,codeparrot,across,0.3103195117807488,0.480099331853249
143000,ctxres+freqmatch,bookcorpus,wikitext,across,0.5172197109513,0.23709320024674074
143000,ctxres+freqmatch,bookcorpus,bookcorpus,within,0.9720262791296412,0.0
143000,ctxres+freqmatch,bookcorpus,agnews,across,0.39430623964393874,0.334047638912224
143000,ctxres+freqmatch,bookcorpus,tldr17,across,0.4310884271167278,0.21859726616124162
143000,ctxres+freqmatch,bookcorpus,codeparrot,across,0.16904158576767706,0.5177827974621306
143000,ctxres+freqmatch,agnews,wikitext,across,0.6583480884579389,0.23516287561264163
143000,ctxres+freqmatch,agnews,bookcorpus,across,0.38738762770898083,0.334047638912224
143000,ctxres+freqmatch,agnews,agnews,within,0.8978388961195669,0.0
143000,ctxres+freqmatch,agnews,tldr17,across,0.6552434635184874,0.23885635937196095
143000,ctxres+freqmatch,agnews,codeparrot,across,0.33428597060339077,0.4301138262760509
143000,ctxres+freqmatch,tldr17,wikitext,across,0.6252213621732925,0.2540870382497583
143000,ctxres+freqmatch,tldr17,bookcorpus,across,0.4256295534408943,0.21859726616124162
143000,ctxres+freqmatch,tldr17,agnews,across,0.6393678264030382,0.23885635937196095
143000,ctxres+freqmatch,tldr17,tldr17,within,0.8690394668361843,0.0
143000,ctxres+freqmatch,tldr17,codeparrot,across,0.3506253548430744,0.42692376538723775
143000,ctxres+freqmatch,codeparrot,wikitext,across,0.25638666336858296,0.480099331853249
143000,ctxres+freqmatch,codeparrot,bookcorpus,across,0.12904289893355825,0.5177827974621306
143000,ctxres+freqmatch,codeparrot,agnews,across,0.2655787195607685,0.4301138262760509
143000,ctxres+freqmatch,codeparrot,tldr17,across,0.30239473646629744,0.42692376538723775
143000,ctxres+freqmatch,codeparrot,codeparrot,within,0.47917736520297943,0.0
143000,tokres+rank,wikitext,wikitext,within,0.9946642822964752,0.0
143000,tokres+rank,wikitext,bookcorpus,across,0.9667319149825729,0.23709320024674074
143000,tokres+rank,wikitext,agnews,across,0.9633474473237722,0.23516287561264163
143000,tokres+rank,wikitext,tldr17,across,0.9534815301153055,0.2540870382497583
143000,tokres+rank,wikitext,codeparrot,across,0.9257844730078874,0.480099331853249
143000,tokres+rank,bookcorpus,wikitext,across,0.9661771519913254,0.23709320024674074
143000,tokres+rank,bookcorpus,bookcorpus,within,0.9964248148302626,0.0
143000,tokres+rank,bookcorpus,agnews,across,0.9489076276219035,0.334047638912224
143000,tokres+rank,bookcorpus,tldr17,across,0.9496147351516246,0.21859726616124162
143000,tokres+rank,bookcorpus,codeparrot,across,0.9158098323946101,0.5177827974621306
143000,tokres+rank,agnews,wikitext,across,0.9634083061243098,0.23516287561264163
143000,tokres+rank,agnews,bookcorpus,across,0.9494832686652521,0.334047638912224
143000,tokres+rank,agnews,agnews,within,0.996845574995122,0.0
143000,tokres+rank,agnews,tldr17,across,0.9706977617717353,0.23885635937196095
143000,tokres+rank,agnews,codeparrot,across,0.9437037065744428,0.4301138262760509
143000,tokres+rank,tldr17,wikitext,across,0.9518231628536978,0.2540870382497583
143000,tokres+rank,tldr17,bookcorpus,across,0.9490874730809143,0.21859726616124162
143000,tokres+rank,tldr17,agnews,across,0.9693479416675029,0.23885635937196095
143000,tokres+rank,tldr17,tldr17,within,0.9934117151423212,0.0
143000,tokres+rank,tldr17,codeparrot,across,0.9366692021479732,0.42692376538723775
143000,tokres+rank,codeparrot,wikitext,across,0.914849237865581,0.480099331853249
143000,tokres+rank,codeparrot,bookcorpus,across,0.9057952004651962,0.5177827974621306
143000,tokres+rank,codeparrot,agnews,across,0.9335124020602634,0.4301138262760509
143000,tokres+rank,codeparrot,tldr17,across,0.9274614676270369,0.42692376538723775
143000,tokres+rank,codeparrot,codeparrot,within,0.9534803997209073,0.0
143000,cm:tokres+rank,wikitext,wikitext,within,0.9889467641614558,0.0
143000,cm:tokres+rank,wikitext,bookcorpus,across,0.8372546102506035,0.23709320024674074
143000,cm:tokres+rank,wikitext,agnews,across,0.6638373298180261,0.23516287561264163
143000,cm:tokres+rank,wikitext,tldr17,across,0.6127194930612051,0.2540870382497583
143000,cm:tokres+rank,wikitext,codeparrot,across,0.5178433717570753,0.480099331853249
143000,cm:tokres+rank,bookcorpus,wikitext,across,0.8316669167091526,0.23709320024674074
143000,cm:tokres+rank,bookcorpus,bookcorpus,within,0.9923693725088651,0.0
143000,cm:tokres+rank,bookcorpus,agnews,across,0.599153484064968,0.334047638912224
143000,cm:tokres+rank,bookcorpus,tldr17,across,0.6054377055185935,0.21859726616124162
143000,cm:tokres+rank,bookcorpus,codeparrot,across,0.48756766137164276,0.5177827974621306
143000,cm:tokres+rank,agnews,wikitext,across,0.6697482118370938,0.23516287561264163
143000,cm:tokres+rank,agnews,bookcorpus,across,0.6051107778892958,0.334047638912224
143000,cm:tokres+rank,agnews,agnews,within,0.9915683477531794,0.0
143000,cm:tokres+rank,agnews,tldr17,across,0.8381660311000945,0.23885635937196095
143000,cm:tokres+rank,agnews,codeparrot,across,0.6789395697453477,0.4301138262760509
143000,cm:tokres+rank,tldr17,wikitext,across,0.6141360583672714,0.2540870382497583
143000,cm:tokres+rank,tldr17,bookcorpus,across,0.6086721145744728,0.21859726616124162
143000,cm:tokres+rank,tldr17,agnews,across,0.8382122494659766,0.23885635937196095
143000,cm:tokres+rank,tldr17,tldr17,within,0.9845975108700227,0.0
143000,cm:tokres+rank,tldr17,codeparrot,across,0.6656332309495916,0.42692376538723775
143000,cm:tokres+rank,codeparrot,wikitext,across,0.46577291540682336,0.480099331853249
143000,cm:tokres+rank,codeparrot,bookcorpus,across,0.44444503631993004,0.5177827974621306
143000,cm:tokres+rank,codeparrot,agnews,across,0.583368382307272,0.4301138262760509
143000,cm:tokres+rank,codeparrot,tldr17,across,0.5784908385781373,0.42692376538723775
143000,cm:tokres+rank,codeparrot,codeparrot,within,0.8125918557234374,0.0
143000,cm:base,wikitext,wikitext,within,0.9709488849198025,0.0
143000,cm:base,wikitext,bookcorpus,across,0.5447744622413285,0.23709320024674074
143000,cm:base,wikitext,agnews,across,0.6186661790251893,0.23516287561264163
143000,cm:base,wikitext,tldr17,across,0.4955787969183432,0.2540870382497583
143000,cm:base,wikitext,codeparrot,across,0.22877403678028854,0.480099331853249
143000,cm:base,bookcorpus,wikitext,across,0.5419362726129627,0.23709320024674074
143000,cm:base,bookcorpus,bookcorpus,within,0.9882341410933929,0.0
143000,cm:base,bookcorpus,agnews,across,0.37725141338553014,0.334047638912224
143000,cm:base,bookcorpus,tldr17,across,0.5294664741859044,0.21859726616124162
143000,cm:base,bookcorpus,codeparrot,across,0.17190848138887202,0.5177827974621306
143000,cm:base,agnews,wikitext,across,0.6258782880029377,0.23516287561264163
143000,cm:base,agnews,bookcorpus,across,0.38835938750069354,0.334047638912224
143000,cm:base,agnews,agnews,within,0.9776384996791038,0.0
143000,cm:base,agnews,tldr17,across,0.5007046540897225,0.23885635937196095
143000,cm:base,agnews,codeparrot,across,0.24368541067289695,0.4301138262760509
143000,cm:base,tldr17,wikitext,across,0.48518709203229354,0.2540870382497583
143000,cm:base,tldr17,bookcorpus,across,0.5402231321549426,0.21859726616124162
143000,cm:base,tldr17,agnews,across,0.4794635423534768,0.23885635937196095
143000,cm:base,tldr17,tldr17,within,0.9549278621101621,0.0
143000,cm:base,tldr17,codeparrot,across,0.203483034440396,0.42692376538723775
143000,cm:base,codeparrot,wikitext,across,0.23578752787360946,0.480099331853249
143000,cm:base,codeparrot,bookcorpus,across,0.17467996796555013,0.5177827974621306
143000,cm:base,codeparrot,agnews,across,0.26426870660770746,0.4301138262760509
143000,cm:base,codeparrot,tldr17,across,0.21100562298125666,0.42692376538723775
143000,cm:base,codeparrot,codeparrot,within,0.6645631526761817,0.0
143000,cm:tokres,wikitext,wikitext,within,0.9921723537286091,0.0
143000,cm:tokres,wikitext,bookcorpus,across,0.9281229739208259,0.23709320024674074
143000,cm:tokres,wikitext,agnews,across,0.669013278589265,0.23516287561264163
143000,cm:tokres,wikitext,tldr17,across,0.6578148415021835,0.2540870382497583
143000,cm:tokres,wikitext,codeparrot,across,0.5497933111629948,0.480099331853249
143000,cm:tokres,bookcorpus,wikitext,across,0.9252932405349487,0.23709320024674074
143000,cm:tokres,bookcorpus,bookcorpus,within,0.9951845164098811,0.0
143000,cm:tokres,bookcorpus,agnews,across,0.6302594248847325,0.334047638912224
143000,cm:tokres,bookcorpus,tldr17,across,0.6418901643905794,0.21859726616124162
143000,cm:tokres,bookcorpus,codeparrot,across,0.5220307491087849,0.5177827974621306
143000,cm:tokres,agnews,wikitext,across,0.6696966702693388,0.23516287561264163
143000,cm:tokres,agnews,bookcorpus,across,0.6323807445810367,0.334047638912224
143000,cm:tokres,agnews,agnews,within,0.9923932270899911,0.0
143000,cm:tokres,agnews,tldr17,across,0.9175012470072604,0.23885635937196095
143000,cm:tokres,agnews,codeparrot,across,0.7946288982539607,0.4301138262760509
143000,cm:tokres,tldr17,wikitext,across,0.6709645672559807,0.2540870382497583
143000,cm:tokres,tldr17,bookcorpus,across,0.6550336542257156,0.21859726616124162
143000,cm:tokres,tldr17,agnews,across,0.9154866063408085,0.23885635937196095
143000,cm:tokres,tldr17,tldr17,within,0.9847063649602472,0.0
143000,cm:tokres,tldr17,codeparrot,across,0.7807762635693198,0.42692376538723775
143000,cm:tokres,codeparrot,wikitext,across,0.5582347569507089,0.480099331853249
143000,cm:tokres,codeparrot,bookcorpus,across,0.5316576572126666,0.5177827974621306
143000,cm:tokres,codeparrot,agnews,across,0.6667031477396975,0.4301138262760509
143000,cm:tokres,codeparrot,tldr17,across,0.6783760876911646,0.42692376538723775
143000,cm:tokres,codeparrot,codeparrot,within,0.7938798570267549,0.0
143000,cm:tokres+posres,wikitext,wikitext,within,0.9523242101908347,0.0
143000,cm:tokres+posres,wikitext,bookcorpus,across,0.6810735015379615,0.23709320024674074
143000,cm:tokres+posres,wikitext,agnews,across,0.7445218020735458,0.23516287561264163
143000,cm:tokres+posres,wikitext,tldr17,across,0.6960906697548851,0.2540870382497583
143000,cm:tokres+posres,wikitext,codeparrot,across,0.5049159235466725,0.480099331853249
143000,cm:tokres+posres,bookcorpus,wikitext,across,0.6797650602918343,0.23709320024674074
143000,cm:tokres+posres,bookcorpus,bookcorpus,within,0.9688642688296067,0.0
143000,cm:tokres+posres,bookcorpus,agnews,across,0.629127332245648,0.334047638912224
143000,cm:tokres+posres,bookcorpus,tldr17,across,0.7511768345269924,0.21859726616124162
143000,cm:tokres+posres,bookcorpus,codeparrot,across,0.44494461959270304,0.5177827974621306
143000,cm:tokres+posres,agnews,wikitext,across,0.7467681149371542,0.23516287561264163
143000,cm:tokres+posres,agnews,bookcorpus,across,0.6383639432300454,0.334047638912224
143000,cm:tokres+posres,agnews,agnews,within,0.9671405844494735,0.0
143000,cm:tokres+posres,agnews,tldr17,across,0.676992796555375,0.23885635937196095
143000,cm:tokres+posres,agnews,codeparrot,across,0.5051854566505249,0.4301138262760509
143000,cm:tokres+posres,tldr17,wikitext,across,0.6882132711453652,0.2540870382497583
143000,cm:tokres+posres,tldr17,bookcorpus,across,0.7661219297746048,0.21859726616124162
143000,cm:tokres+posres,tldr17,agnews,across,0.6640125136658894,0.23885635937196095
143000,cm:tokres+posres,tldr17,tldr17,within,0.9399319428674362,0.0
143000,cm:tokres+posres,tldr17,codeparrot,across,0.4725980236908231,0.42692376538723775
143000,cm:tokres+posres,codeparrot,wikitext,across,0.4744082612316956,0.480099331853249
143000,cm:tokres+posres,codeparrot,bookcorpus,across,0.42040065854641234,0.5177827974621306
143000,cm:tokres+posres,codeparrot,agnews,across,0.4875618931049406,0.4301138262760509
143000,cm:tokres+posres,codeparrot,tldr17,across,0.45220448268793545,0.42692376538723775
143000,cm:tokres+posres,codeparrot,codeparrot,within,0.7110580299193128,0.0
143000,cm:ctxres+posres,wikitext,wikitext,within,0.947485470062208,0.0
143000,cm:ctxres+posres,wikitext,bookcorpus,across,0.7165633824226836,0.23709320024674074
143000,cm:ctxres+posres,wikitext,agnews,across,0.7696241328570095,0.23516287561264163
143000,cm:ctxres+posres,wikitext,tldr17,across,0.7304058374362872,0.2540870382497583
143000,cm:ctxres+posres,wikitext,codeparrot,across,0.5336993011108446,0.480099331853249
143000,cm:ctxres+posres,bookcorpus,wikitext,across,0.711942084287281,0.23709320024674074
143000,cm:ctxres+posres,bookcorpus,bookcorpus,within,0.9627953838455798,0.0
143000,cm:ctxres+posres,bookcorpus,agnews,across,0.6719698765200495,0.334047638912224
143000,cm:ctxres+posres,bookcorpus,tldr17,across,0.761021109682697,0.21859726616124162
143000,cm:ctxres+posres,bookcorpus,codeparrot,across,0.4764558081054784,0.5177827974621306
143000,cm:ctxres+posres,agnews,wikitext,across,0.7708893480828868,0.23516287561264163
143000,cm:ctxres+posres,agnews,bookcorpus,across,0.6826642449620052,0.334047638912224
143000,cm:ctxres+posres,agnews,agnews,within,0.9633402300176931,0.0
143000,cm:ctxres+posres,agnews,tldr17,across,0.7164269937655855,0.23885635937196095
143000,cm:ctxres+posres,agnews,codeparrot,across,0.5346630928467653,0.4301138262760509
143000,cm:ctxres+posres,tldr17,wikitext,across,0.7234441024583647,0.2540870382497583
143000,cm:ctxres+posres,tldr17,bookcorpus,across,0.776314229853154,0.21859726616124162
143000,cm:ctxres+posres,tldr17,agnews,across,0.7055869661970965,0.23885635937196095
143000,cm:ctxres+posres,tldr17,tldr17,within,0.9376607889045261,0.0
143000,cm:ctxres+posres,tldr17,codeparrot,across,0.5059025418140333,0.42692376538723775
143000,cm:ctxres+posres,codeparrot,wikitext,across,0.495237491625938,0.480099331853249
143000,cm:ctxres+posres,codeparrot,bookcorpus,across,0.442244629809648,0.5177827974621306
143000,cm:ctxres+posres,codeparrot,agnews,across,0.5035427505949448,0.4301138262760509
143000,cm:ctxres+posres,codeparrot,tldr17,across,0.4737221581415031,0.42692376538723775
143000,cm:ctxres+posres,codeparrot,codeparrot,within,0.7168132504109185,0.0
