model,step,tree,variant,metric,fit,eval,value
pythia-70m,0,real,(ceiling),fidelity_within,wikitext,wikitext,0.6660303290555536
pythia-70m,0,real,(ceiling),fidelity_within_r,wikitext,wikitext,0.835353523264295
pythia-70m,0,real,final,reliability_within,wikitext,wikitext,0.7632800295390189
pythia-70m,0,real,final,reliability_within_coassoc,wikitext,wikitext,0.9526986765228792
pythia-70m,0,real,final,fidelity_within,wikitext,wikitext,0.32357188645816204
pythia-70m,0,real,final,fidelity_within_r,wikitext,wikitext,0.5707508291247252
pythia-70m,0,real,final,fidelity_within_insample,wikitext,wikitext,0.3700173986332316
pythia-70m,0,real,final,reliability_ceiling,wikitext,wikitext,0.8900396422687987
pythia-70m,0,real,final,triviality_ami_layer,wikitext,wikitext,0.1765790477146934
pythia-70m,0,real,final,triviality_ami_dimension,wikitext,wikitext,-0.0241607760729294
pythia-70m,0,real,final,triviality_ami_hubness,wikitext,wikitext,0.1633355919678935
pythia-70m,0,real,final,triviality_n_effective_networks,wikitext,wikitext,100.0
pythia-70m,0,real,final,triviality_entropy_effective_networks,wikitext,wikitext,66.69274706755404
pythia-70m,0,real,final,triviality_median_max_membership,wikitext,wikitext,0.425
pythia-70m,0,real,final,triviality_frac_confident,wikitext,wikitext,0.3819173177083333
pythia-70m,0,real,(ceiling),fidelity_within,bookcorpus,bookcorpus,0.6549434101952512
pythia-70m,0,real,(ceiling),fidelity_within_r,bookcorpus,bookcorpus,0.8271947122210973
pythia-70m,0,real,final,reliability_within,bookcorpus,bookcorpus,0.7401427938524427
pythia-70m,0,real,final,reliability_within_coassoc,bookcorpus,bookcorpus,0.9383512702655394
pythia-70m,0,real,final,fidelity_within,bookcorpus,bookcorpus,0.3230362778106519
pythia-70m,0,real,final,fidelity_within_r,bookcorpus,bookcorpus,0.5684949586290138
pythia-70m,0,real,final,fidelity_within_insample,bookcorpus,bookcorpus,0.3382840108155507
pythia-70m,0,real,final,reliability_ceiling,bookcorpus,bookcorpus,0.8894441435213962
pythia-70m,0,real,final,triviality_ami_layer,bookcorpus,bookcorpus,0.19153056220258194
pythia-70m,0,real,final,triviality_ami_dimension,bookcorpus,bookcorpus,-0.025060835860686043
pythia-70m,0,real,final,triviality_ami_hubness,bookcorpus,bookcorpus,0.15728286163604147
pythia-70m,0,real,final,triviality_n_effective_networks,bookcorpus,bookcorpus,100.0
pythia-70m,0,real,final,triviality_entropy_effective_networks,bookcorpus,bookcorpus,63.74084294217657
pythia-70m,0,real,final,triviality_median_max_membership,bookcorpus,bookcorpus,0.42
pythia-70m,0,real,final,triviality_frac_confident,bookcorpus,bookcorpus,0.3856608072916667
pythia-70m,0,real,(ceiling),fidelity_within,agnews,agnews,0.6388593068113015
pythia-70m,0,real,(ceiling),fidelity_within_r,agnews,agnews,0.8174492009609136
pythia-70m,0,real,final,reliability_within,agnews,agnews,0.7303164551985092
pythia-70m,0,real,final,reliability_within_coassoc,agnews,agnews,0.9370130486376752
pythia-70m,0,real,final,fidelity_within,agnews,agnews,0.31979411041260675
pythia-70m,0,real,final,fidelity_within_r,agnews,agnews,0.5657647316553526
pythia-70m,0,real,final,fidelity_within_insample,agnews,agnews,0.3428816470969086
pythia-70m,0,real,final,reliability_ceiling,agnews,agnews,0.8960789723261321
pythia-70m,0,real,final,triviality_ami_layer,agnews,agnews,0.1975549740954851
pythia-70m,0,real,final,triviality_ami_dimension,agnews,agnews,-0.026104765316064784
pythia-70m,0,real,final,triviality_ami_hubness,agnews,agnews,0.16659780740274213
pythia-70m,0,real,final,triviality_n_effective_networks,agnews,agnews,100.0
pythia-70m,0,real,final,triviality_entropy_effective_networks,agnews,agnews,61.988104332973606
pythia-70m,0,real,final,triviality_median_max_membership,agnews,agnews,0.415
pythia-70m,0,real,final,triviality_frac_confident,agnews,agnews,0.3741048177083333
pythia-70m,0,real,(ceiling),fidelity_within,tldr17,tldr17,0.6408255537370853
pythia-70m,0,real,(ceiling),fidelity_within_r,tldr17,tldr17,0.8210632547099236
pythia-70m,0,real,final,reliability_within,tldr17,tldr17,0.7234081371338058
pythia-70m,0,real,final,reliability_within_coassoc,tldr17,tldr17,0.9403125646549895
pythia-70m,0,real,final,fidelity_within,tldr17,tldr17,0.32374772078269165
pythia-70m,0,real,final,fidelity_within_r,tldr17,tldr17,0.5695770223244973
pythia-70m,0,real,final,fidelity_within_insample,tldr17,tldr17,0.35195100115792277
pythia-70m,0,real,final,reliability_ceiling,tldr17,tldr17,0.8676811273963524
pythia-70m,0,real,final,triviality_ami_layer,tldr17,tldr17,0.17398474309321987
pythia-70m,0,real,final,triviality_ami_dimension,tldr17,tldr17,-0.023012643894166247
pythia-70m,0,real,final,triviality_ami_hubness,tldr17,tldr17,0.16266064205728115
pythia-70m,0,real,final,triviality_n_effective_networks,tldr17,tldr17,100.0
pythia-70m,0,real,final,triviality_entropy_effective_networks,tldr17,tldr17,66.51961135515575
pythia-70m,0,real,final,triviality_median_max_membership,tldr17,tldr17,0.41
pythia-70m,0,real,final,triviality_frac_confident,tldr17,tldr17,0.37158203125
pythia-70m,0,real,(ceiling),fidelity_across_halves,wikitext,bookcorpus,0.6416702920448755
pythia-70m,0,real,final,fidelity_across_halves,wikitext,bookcorpus,0.4913412369894577
pythia-70m,0,real,final,reliability_across_halves,wikitext,bookcorpus,0.7030848605331798
pythia-70m,0,real,(ceiling),fidelity_across_halves,wikitext,agnews,0.6001673750430507
pythia-70m,0,real,final,fidelity_across_halves,wikitext,agnews,0.4808632154196714
pythia-70m,0,real,final,reliability_across_halves,wikitext,agnews,0.6907486798650658
pythia-70m,0,real,(ceiling),fidelity_across_halves,wikitext,tldr17,0.5544251793321562
pythia-70m,0,real,final,fidelity_across_halves,wikitext,tldr17,0.46784782337895214
pythia-70m,0,real,final,reliability_across_halves,wikitext,tldr17,0.652500066340829
pythia-70m,0,real,(ceiling),fidelity_across_halves,bookcorpus,wikitext,0.6887946135391145
pythia-70m,0,real,final,fidelity_across_halves,bookcorpus,wikitext,0.543922802178446
pythia-70m,0,real,final,reliability_across_halves,bookcorpus,wikitext,0.7124078601669774
pythia-70m,0,real,(ceiling),fidelity_across_halves,bookcorpus,agnews,0.6350915478731521
pythia-70m,0,real,final,fidelity_across_halves,bookcorpus,agnews,0.5142782032813836
pythia-70m,0,real,final,reliability_across_halves,bookcorpus,agnews,0.6815830082491926
pythia-70m,0,real,(ceiling),fidelity_across_halves,bookcorpus,tldr17,0.6175487290912467
pythia-70m,0,real,final,fidelity_across_halves,bookcorpus,tldr17,0.5044311676138954
pythia-70m,0,real,final,reliability_across_halves,bookcorpus,tldr17,0.6412527718002266
pythia-70m,0,real,(ceiling),fidelity_across_halves,agnews,wikitext,0.6156126757048833
pythia-70m,0,real,final,fidelity_across_halves,agnews,wikitext,0.5116489146674864
pythia-70m,0,real,final,reliability_across_halves,agnews,wikitext,0.6897540067479118
pythia-70m,0,real,(ceiling),fidelity_across_halves,agnews,bookcorpus,0.6303303871175574
pythia-70m,0,real,final,fidelity_across_halves,agnews,bookcorpus,0.5077875691277289
pythia-70m,0,real,final,reliability_across_halves,agnews,bookcorpus,0.6688233565429718
pythia-70m,0,real,(ceiling),fidelity_across_halves,agnews,tldr17,0.6769931950036306
pythia-70m,0,real,final,fidelity_across_halves,agnews,tldr17,0.5333620191795928
pythia-70m,0,real,final,reliability_across_halves,agnews,tldr17,0.6479451060815135
pythia-70m,0,real,(ceiling),fidelity_across_halves,tldr17,wikitext,0.5737169573516256
pythia-70m,0,real,final,fidelity_across_halves,tldr17,wikitext,0.491428763059066
pythia-70m,0,real,final,reliability_across_halves,tldr17,wikitext,0.6702338899502341
pythia-70m,0,real,(ceiling),fidelity_across_halves,tldr17,bookcorpus,0.610279964954493
pythia-70m,0,real,final,fidelity_across_halves,tldr17,bookcorpus,0.49014223273932
pythia-70m,0,real,final,reliability_across_halves,tldr17,bookcorpus,0.6488391885427702
pythia-70m,0,real,(ceiling),fidelity_across_halves,tldr17,agnews,0.6644264508605641
pythia-70m,0,real,final,fidelity_across_halves,tldr17,agnews,0.5111843614460946
pythia-70m,0,real,final,reliability_across_halves,tldr17,agnews,0.6631805601877788
pythia-70m,0,null,(ceiling),fidelity_within,wikitext,wikitext,-0.3853430428747404
pythia-70m,0,null,(ceiling),fidelity_within_r,wikitext,wikitext,0.30833218117653344
pythia-70m,0,null,final,reliability_within,wikitext,wikitext,0.131962221906098
pythia-70m,0,null,final,reliability_within_coassoc,wikitext,wikitext,0.3778947075476389
pythia-70m,0,null,final,fidelity_within,wikitext,wikitext,0.2325777004527234
pythia-70m,0,null,final,fidelity_within_r,wikitext,wikitext,0.48259168687558957
pythia-70m,0,null,final,fidelity_within_insample,wikitext,wikitext,0.2494182575831514
pythia-70m,0,null,final,reliability_ceiling,wikitext,wikitext,0.52845755200096
pythia-70m,0,null,final,triviality_ami_layer,wikitext,wikitext,0.14231849675228822
pythia-70m,0,null,final,triviality_ami_dimension,wikitext,wikitext,-0.005434455461297966
pythia-70m,0,null,final,triviality_ami_hubness,wikitext,wikitext,0.11996523049761397
pythia-70m,0,null,final,triviality_n_effective_networks,wikitext,wikitext,100.0
pythia-70m,0,null,final,triviality_entropy_effective_networks,wikitext,wikitext,90.96753247796076
pythia-70m,0,null,final,triviality_median_max_membership,wikitext,wikitext,0.41
pythia-70m,0,null,final,triviality_frac_confident,wikitext,wikitext,0.23046875
pythia-70m,0,null,(ceiling),fidelity_within,bookcorpus,bookcorpus,-0.4044752850031055
pythia-70m,0,null,(ceiling),fidelity_within_r,bookcorpus,bookcorpus,0.2998282206700317
pythia-70m,0,null,final,reliability_within,bookcorpus,bookcorpus,0.10048753240903238
pythia-70m,0,null,final,reliability_within_coassoc,bookcorpus,bookcorpus,0.259267322793374
pythia-70m,0,null,final,fidelity_within,bookcorpus,bookcorpus,0.2097606531252929
pythia-70m,0,null,final,fidelity_within_r,bookcorpus,bookcorpus,0.4589887497936688
pythia-70m,0,null,final,fidelity_within_insample,bookcorpus,bookcorpus,0.23771136015456584
pythia-70m,0,null,final,reliability_ceiling,bookcorpus,bookcorpus,0.6823619622372942
pythia-70m,0,null,final,triviality_ami_layer,bookcorpus,bookcorpus,0.14240753953109492
pythia-70m,0,null,final,triviality_ami_dimension,bookcorpus,bookcorpus,-0.005968607287514672
pythia-70m,0,null,final,triviality_ami_hubness,bookcorpus,bookcorpus,0.11595615495803678
pythia-70m,0,null,final,triviality_n_effective_networks,bookcorpus,bookcorpus,100.0
pythia-70m,0,null,final,triviality_entropy_effective_networks,bookcorpus,bookcorpus,89.70234157470868
pythia-70m,0,null,final,triviality_median_max_membership,bookcorpus,bookcorpus,0.565
pythia-70m,0,null,final,triviality_frac_confident,bookcorpus,bookcorpus,0.6486002604166666
pythia-70m,0,null,(ceiling),fidelity_within,agnews,agnews,-0.39114010871882265
pythia-70m,0,null,(ceiling),fidelity_within_r,agnews,agnews,0.3007491951242232
pythia-70m,0,null,final,reliability_within,agnews,agnews,0.16198102685823582
pythia-70m,0,null,final,reliability_within_coassoc,agnews,agnews,0.3350269478904562
pythia-70m,0,null,final,fidelity_within,agnews,agnews,0.22082571906884096
pythia-70m,0,null,final,fidelity_within_r,agnews,agnews,0.47040749874941906
pythia-70m,0,null,final,fidelity_within_insample,agnews,agnews,0.24392335867844528
pythia-70m,0,null,final,reliability_ceiling,agnews,agnews,0.6845140918498529
pythia-70m,0,null,final,triviality_ami_layer,agnews,agnews,0.1424324162022934
pythia-70m,0,null,final,triviality_ami_dimension,agnews,agnews,-0.00631426802101106
pythia-70m,0,null,final,triviality_ami_hubness,agnews,agnews,0.12192065533813193
pythia-70m,0,null,final,triviality_n_effective_networks,agnews,agnews,100.0
pythia-70m,0,null,final,triviality_entropy_effective_networks,agnews,agnews,90.35681758766499
pythia-70m,0,null,final,triviality_median_max_membership,agnews,agnews,0.51
pythia-70m,0,null,final,triviality_frac_confident,agnews,agnews,0.5230305989583334
pythia-70m,0,null,(ceiling),fidelity_within,tldr17,tldr17,-0.41598937598154695
pythia-70m,0,null,(ceiling),fidelity_within_r,tldr17,tldr17,0.31625870277049123
pythia-70m,0,null,final,reliability_within,tldr17,tldr17,0.12679038585695587
pythia-70m,0,null,final,reliability_within_coassoc,tldr17,tldr17,0.4318017635088665
pythia-70m,0,null,final,fidelity_within,tldr17,tldr17,0.240007645848345
pythia-70m,0,null,final,fidelity_within_r,tldr17,tldr17,0.4915964913137683
pythia-70m,0,null,final,fidelity_within_insample,tldr17,tldr17,0.2540476580040798
pythia-70m,0,null,final,reliability_ceiling,tldr17,tldr17,0.6189531214933122
pythia-70m,0,null,final,triviality_ami_layer,tldr17,tldr17,0.14494488092024801
pythia-70m,0,null,final,triviality_ami_dimension,tldr17,tldr17,-0.00677264049941631
pythia-70m,0,null,final,triviality_ami_hubness,tldr17,tldr17,0.1194172783111814
pythia-70m,0,null,final,triviality_n_effective_networks,tldr17,tldr17,100.0
pythia-70m,0,null,final,triviality_entropy_effective_networks,tldr17,tldr17,80.32197808904101
pythia-70m,0,null,final,triviality_median_max_membership,tldr17,tldr17,0.325
pythia-70m,0,null,final,triviality_frac_confident,tldr17,tldr17,0.16756184895833334
pythia-70m,0,null,(ceiling),fidelity_across_halves,wikitext,bookcorpus,0.3002656390670293
pythia-70m,0,null,final,fidelity_across_halves,wikitext,bookcorpus,0.46468109772897676
pythia-70m,0,null,final,reliability_across_halves,wikitext,bookcorpus,0.09498215218155964
pythia-70m,0,null,(ceiling),fidelity_across_halves,wikitext,agnews,0.30019455457095884
pythia-70m,0,null,final,fidelity_across_halves,wikitext,agnews,0.4735804263875717
pythia-70m,0,null,final,reliability_across_halves,wikitext,agnews,0.1751478734986517
pythia-70m,0,null,(ceiling),fidelity_across_halves,wikitext,tldr17,0.3068517222228337
pythia-70m,0,null,final,fidelity_across_halves,wikitext,tldr17,0.4886102138660748
pythia-70m,0,null,final,reliability_across_halves,wikitext,tldr17,0.09566129093707046
pythia-70m,0,null,(ceiling),fidelity_across_halves,bookcorpus,wikitext,0.301154008189467
pythia-70m,0,null,final,fidelity_across_halves,bookcorpus,wikitext,0.4760940729333727
pythia-70m,0,null,final,reliability_across_halves,bookcorpus,wikitext,0.08528513368350867
pythia-70m,0,null,(ceiling),fidelity_across_halves,bookcorpus,agnews,0.2957145950144734
pythia-70m,0,null,final,fidelity_across_halves,bookcorpus,agnews,0.46724912723181505
pythia-70m,0,null,final,reliability_across_halves,bookcorpus,agnews,0.10688035726044497
pythia-70m,0,null,(ceiling),fidelity_across_halves,bookcorpus,tldr17,0.30172146754096907
pythia-70m,0,null,final,fidelity_across_halves,bookcorpus,tldr17,0.4818130444992499
pythia-70m,0,null,final,reliability_across_halves,bookcorpus,tldr17,0.08593228828713473
pythia-70m,0,null,(ceiling),fidelity_across_halves,agnews,wikitext,0.3006206537367119
pythia-70m,0,null,final,fidelity_across_halves,agnews,wikitext,0.47917260992145755
pythia-70m,0,null,final,reliability_across_halves,agnews,wikitext,0.12102461016637187
pythia-70m,0,null,(ceiling),fidelity_across_halves,agnews,bookcorpus,0.2956535136464421
pythia-70m,0,null,final,fidelity_across_halves,agnews,bookcorpus,0.46151086498870164
pythia-70m,0,null,final,reliability_across_halves,agnews,bookcorpus,0.10171094719226613
pythia-70m,0,null,(ceiling),fidelity_across_halves,agnews,tldr17,0.3051284839278644
pythia-70m,0,null,final,fidelity_across_halves,agnews,tldr17,0.4851048378623973
pythia-70m,0,null,final,reliability_across_halves,agnews,tldr17,0.09327483966616275
pythia-70m,0,null,(ceiling),fidelity_across_halves,tldr17,wikitext,0.3075416416630489
pythia-70m,0,null,final,fidelity_across_halves,tldr17,wikitext,0.48528871289286224
pythia-70m,0,null,final,reliability_across_halves,tldr17,wikitext,0.12188292732056924
pythia-70m,0,null,(ceiling),fidelity_across_halves,tldr17,bookcorpus,0.30196769793690786
pythia-70m,0,null,final,fidelity_across_halves,tldr17,bookcorpus,0.46721214131723154
pythia-70m,0,null,final,reliability_across_halves,tldr17,bookcorpus,0.12652691101462574
pythia-70m,0,null,(ceiling),fidelity_across_halves,tldr17,agnews,0.30539507621671713
pythia-70m,0,null,final,fidelity_across_halves,tldr17,agnews,0.47609078328775967
pythia-70m,0,null,final,reliability_across_halves,tldr17,agnews,0.1586399117924148
pythia-70m,0,pnull,final,reliability_within_coassoc,wikitext,wikitext,0.4491156185316389
pythia-70m,0,pnull,final,reliability_within,wikitext,wikitext,0.18724703391260406
pythia-70m,0,pnull,final,fidelity_within,wikitext,wikitext,0.2773386520393598
pythia-70m,0,pnull,final,fidelity_within_r,wikitext,wikitext,0.5267699539230343
pythia-70m,0,pnull,final,fidelity_within_insample,wikitext,wikitext,0.2774241278524575
pythia-70m,0,pnull,final,triviality_ami_layer,wikitext,wikitext,0.14231849675228822
pythia-70m,0,pnull,final,triviality_ami_dimension,wikitext,wikitext,-0.005434455461297966
pythia-70m,0,pnull,final,triviality_ami_hubness,wikitext,wikitext,0.1131704627182706
pythia-70m,0,pnull,final,triviality_n_effective_networks,wikitext,wikitext,100.0
pythia-70m,0,pnull,final,triviality_entropy_effective_networks,wikitext,wikitext,90.96753247796076
pythia-70m,0,pnull,final,triviality_median_max_membership,wikitext,wikitext,0.41
pythia-70m,0,pnull,final,triviality_frac_confident,wikitext,wikitext,0.23046875
pythia-70m,0,rand,final,reliability_within,wikitext,wikitext,-8.621116096593549e-05
pythia-70m,0,rand,final,fidelity_within,wikitext,wikitext,0.0023222791899526474
pythia-70m,0,rand,final,fidelity_within_r,wikitext,wikitext,0.04924800287879047
pythia-70m,0,rand,final,fidelity_within_insample,wikitext,wikitext,0.0025533564000649323
pythia-70m,0,rand,final,triviality_ami_layer,wikitext,wikitext,0.00011872634907386882
pythia-70m,0,rand,final,triviality_ami_dimension,wikitext,wikitext,-0.0003306058318419001
pythia-70m,0,rand,final,triviality_ami_hubness,wikitext,wikitext,-0.0001965583788892213
pythia-70m,0,rand,final,triviality_n_effective_networks,wikitext,wikitext,100.0
pythia-70m,0,rand,final,triviality_entropy_effective_networks,wikitext,wikitext,99.65527943369183
pythia-70m,0,rand,final,triviality_median_max_membership,wikitext,wikitext,1.0
pythia-70m,0,rand,final,triviality_frac_confident,wikitext,wikitext,1.0
pythia-70m,0,pnull,final,reliability_within_coassoc,bookcorpus,bookcorpus,0.4526659923207423
pythia-70m,0,pnull,final,reliability_within,bookcorpus,bookcorpus,0.21731767274939512
pythia-70m,0,pnull,final,fidelity_within,bookcorpus,bookcorpus,0.2714034457403728
pythia-70m,0,pnull,final,fidelity_within_r,bookcorpus,bookcorpus,0.5209666081115124
pythia-70m,0,pnull,final,fidelity_within_insample,bookcorpus,bookcorpus,0.2712137940383562
pythia-70m,0,pnull,final,triviality_ami_layer,bookcorpus,bookcorpus,0.14240753953109492
pythia-70m,0,pnull,final,triviality_ami_dimension,bookcorpus,bookcorpus,-0.005968607287514672
pythia-70m,0,pnull,final,triviality_ami_hubness,bookcorpus,bookcorpus,0.11302281084614459
pythia-70m,0,pnull,final,triviality_n_effective_networks,bookcorpus,bookcorpus,100.0
pythia-70m,0,pnull,final,triviality_entropy_effective_networks,bookcorpus,bookcorpus,89.70234157470868
pythia-70m,0,pnull,final,triviality_median_max_membership,bookcorpus,bookcorpus,0.565
pythia-70m,0,pnull,final,triviality_frac_confident,bookcorpus,bookcorpus,0.6486002604166666
pythia-70m,0,rand,final,reliability_within,bookcorpus,bookcorpus,-5.429306748775326e-05
pythia-70m,0,rand,final,fidelity_within,bookcorpus,bookcorpus,0.002334516184257285
pythia-70m,0,rand,final,fidelity_within_r,bookcorpus,bookcorpus,0.048336123669231644
pythia-70m,0,rand,final,fidelity_within_insample,bookcorpus,bookcorpus,0.002305764635936347
pythia-70m,0,rand,final,triviality_ami_layer,bookcorpus,bookcorpus,-0.0001546005848497963
pythia-70m,0,rand,final,triviality_ami_dimension,bookcorpus,bookcorpus,-0.00035047632744764214
pythia-70m,0,rand,final,triviality_ami_hubness,bookcorpus,bookcorpus,8.370876367208555e-05
pythia-70m,0,rand,final,triviality_n_effective_networks,bookcorpus,bookcorpus,100.0
pythia-70m,0,rand,final,triviality_entropy_effective_networks,bookcorpus,bookcorpus,99.49391230693601
pythia-70m,0,rand,final,triviality_median_max_membership,bookcorpus,bookcorpus,1.0
pythia-70m,0,rand,final,triviality_frac_confident,bookcorpus,bookcorpus,1.0
pythia-70m,0,pnull,final,reliability_within_coassoc,agnews,agnews,0.41736622365789994
pythia-70m,0,pnull,final,reliability_within,agnews,agnews,0.2003577236712002
pythia-70m,0,pnull,final,fidelity_within,agnews,agnews,0.2731574172893554
pythia-70m,0,pnull,final,fidelity_within_r,agnews,agnews,0.522813513143175
pythia-70m,0,pnull,final,fidelity_within_insample,agnews,agnews,0.2722001866928616
pythia-70m,0,pnull,final,triviality_ami_layer,agnews,agnews,0.1424324162022934
pythia-70m,0,pnull,final,triviality_ami_dimension,agnews,agnews,-0.00631426802101106
pythia-70m,0,pnull,final,triviality_ami_hubness,agnews,agnews,0.11349792845878333
pythia-70m,0,pnull,final,triviality_n_effective_networks,agnews,agnews,100.0
pythia-70m,0,pnull,final,triviality_entropy_effective_networks,agnews,agnews,90.35681758766499
pythia-70m,0,pnull,final,triviality_median_max_membership,agnews,agnews,0.51
pythia-70m,0,pnull,final,triviality_frac_confident,agnews,agnews,0.5230305989583334
pythia-70m,0,rand,final,reliability_within,agnews,agnews,6.622538296086979e-05
pythia-70m,0,rand,final,fidelity_within,agnews,agnews,0.0019260907626037493
pythia-70m,0,rand,final,fidelity_within_r,agnews,agnews,0.04530935346671407
pythia-70m,0,rand,final,fidelity_within_insample,agnews,agnews,0.0021920214432659124
pythia-70m,0,rand,final,triviality_ami_layer,agnews,agnews,-1.0400218675097702e-05
pythia-70m,0,rand,final,triviality_ami_dimension,agnews,agnews,-0.0006017366849156746
pythia-70m,0,rand,final,triviality_ami_hubness,agnews,agnews,-3.8570441330188355e-05
pythia-70m,0,rand,final,triviality_n_effective_networks,agnews,agnews,100.0
pythia-70m,0,rand,final,triviality_entropy_effective_networks,agnews,agnews,99.58778207722416
pythia-70m,0,rand,final,triviality_median_max_membership,agnews,agnews,1.0
pythia-70m,0,rand,final,triviality_frac_confident,agnews,agnews,1.0
pythia-70m,0,pnull,final,reliability_within_coassoc,tldr17,tldr17,0.5198081906759828
pythia-70m,0,pnull,final,reliability_within,tldr17,tldr17,0.22128230376056385
pythia-70m,0,pnull,final,fidelity_within,tldr17,tldr17,0.27074995264076573
pythia-70m,0,pnull,final,fidelity_within_r,tldr17,tldr17,0.5203640967880419
pythia-70m,0,pnull,final,fidelity_within_insample,tldr17,tldr17,0.27398646785175984
pythia-70m,0,pnull,final,triviality_ami_layer,tldr17,tldr17,0.14494488092024801
pythia-70m,0,pnull,final,triviality_ami_dimension,tldr17,tldr17,-0.00677264049941631
pythia-70m,0,pnull,final,triviality_ami_hubness,tldr17,tldr17,0.11794837278813822
pythia-70m,0,pnull,final,triviality_n_effective_networks,tldr17,tldr17,100.0
pythia-70m,0,pnull,final,triviality_entropy_effective_networks,tldr17,tldr17,80.32197808904101
pythia-70m,0,pnull,final,triviality_median_max_membership,tldr17,tldr17,0.325
pythia-70m,0,pnull,final,triviality_frac_confident,tldr17,tldr17,0.16756184895833334
pythia-70m,0,rand,final,reliability_within,tldr17,tldr17,-3.1583817971307616e-06
pythia-70m,0,rand,final,fidelity_within,tldr17,tldr17,0.0021733152130010147
pythia-70m,0,rand,final,fidelity_within_r,tldr17,tldr17,0.04666627724721177
pythia-70m,0,rand,final,fidelity_within_insample,tldr17,tldr17,0.0021336737447522625
pythia-70m,0,rand,final,triviality_ami_layer,tldr17,tldr17,0.000474331363252503
pythia-70m,0,rand,final,triviality_ami_dimension,tldr17,tldr17,2.566747306591322e-05
pythia-70m,0,rand,final,triviality_ami_hubness,tldr17,tldr17,-0.000708019942041772
pythia-70m,0,rand,final,triviality_n_effective_networks,tldr17,tldr17,100.0
pythia-70m,0,rand,final,triviality_entropy_effective_networks,tldr17,tldr17,99.68282162958437
pythia-70m,0,rand,final,triviality_median_max_membership,tldr17,tldr17,1.0
pythia-70m,0,rand,final,triviality_frac_confident,tldr17,tldr17,1.0
pythia-70m,0,pnull,final,fidelity_across_halves,wikitext,bookcorpus,0.5204775432472709
pythia-70m,0,pnull,final,reliability_across_halves,wikitext,bookcorpus,0.21772030054507785
pythia-70m,0,rand,final,fidelity_across_halves,wikitext,bookcorpus,0.04635065317366483
pythia-70m,0,rand,final,reliability_across_halves,wikitext,bookcorpus,-0.0001224550224788548
pythia-70m,0,pnull,final,fidelity_across_halves,wikitext,agnews,0.5222769493998743
pythia-70m,0,pnull,final,reliability_across_halves,wikitext,agnews,0.20476606423695615
pythia-70m,0,rand,final,fidelity_across_halves,wikitext,agnews,0.0479378565169334
pythia-70m,0,rand,final,reliability_across_halves,wikitext,agnews,7.347292533421278e-05
pythia-70m,0,pnull,final,fidelity_across_halves,wikitext,tldr17,0.5188340626071882
pythia-70m,0,pnull,final,reliability_across_halves,wikitext,tldr17,0.18873984713221342
pythia-70m,0,rand,final,fidelity_across_halves,wikitext,tldr17,0.0464443462730275
pythia-70m,0,rand,final,reliability_across_halves,wikitext,tldr17,4.087553319476596e-05
pythia-70m,0,pnull,final,fidelity_across_halves,bookcorpus,wikitext,0.5267153153866521
pythia-70m,0,pnull,final,reliability_across_halves,bookcorpus,wikitext,0.18809891732597545
pythia-70m,0,rand,final,fidelity_across_halves,bookcorpus,wikitext,0.04864583084937593
pythia-70m,0,rand,final,reliability_across_halves,bookcorpus,wikitext,-6.529813404456334e-05
pythia-70m,0,pnull,final,fidelity_across_halves,bookcorpus,agnews,0.5226113611040314
pythia-70m,0,pnull,final,reliability_across_halves,bookcorpus,agnews,0.20515144678091923
pythia-70m,0,rand,final,fidelity_across_halves,bookcorpus,agnews,0.04550082670354975
pythia-70m,0,rand,final,reliability_across_halves,bookcorpus,agnews,-7.68857585472776e-06
pythia-70m,0,pnull,final,fidelity_across_halves,bookcorpus,tldr17,0.5190905125032068
pythia-70m,0,pnull,final,reliability_across_halves,bookcorpus,tldr17,0.1911242192532117
pythia-70m,0,rand,final,fidelity_across_halves,bookcorpus,tldr17,0.04582325737378769
pythia-70m,0,rand,final,reliability_across_halves,bookcorpus,tldr17,3.6452588690434205e-05
pythia-70m,0,pnull,final,fidelity_across_halves,agnews,wikitext,0.5263963516889941
pythia-70m,0,pnull,final,reliability_across_halves,agnews,wikitext,0.18264986857054913
pythia-70m,0,rand,final,fidelity_across_halves,agnews,wikitext,0.043632775691351856
pythia-70m,0,rand,final,reliability_across_halves,agnews,wikitext,9.105930904540026e-05
pythia-70m,0,pnull,final,fidelity_across_halves,agnews,bookcorpus,0.5206551513676652
pythia-70m,0,pnull,final,reliability_across_halves,agnews,bookcorpus,0.21143565615636012
pythia-70m,0,rand,final,fidelity_across_halves,agnews,bookcorpus,0.0439678479497126
pythia-70m,0,rand,final,reliability_across_halves,agnews,bookcorpus,-5.404670534419909e-05
pythia-70m,0,pnull,final,fidelity_across_halves,agnews,tldr17,0.5192320598821765
pythia-70m,0,pnull,final,reliability_across_halves,agnews,tldr17,0.1851545901891678
pythia-70m,0,rand,final,fidelity_across_halves,agnews,tldr17,0.04404817407059217
pythia-70m,0,rand,final,reliability_across_halves,agnews,tldr17,0.00012995110441653477
pythia-70m,0,pnull,final,fidelity_across_halves,tldr17,wikitext,0.5250377350889585
pythia-70m,0,pnull,final,reliability_across_halves,tldr17,wikitext,0.21338756222640753
pythia-70m,0,rand,final,fidelity_across_halves,tldr17,wikitext,0.0411964806997618
pythia-70m,0,rand,final,reliability_across_halves,tldr17,wikitext,-3.900702710825106e-05
pythia-70m,0,pnull,final,fidelity_across_halves,tldr17,bookcorpus,0.5192010862935915
pythia-70m,0,pnull,final,reliability_across_halves,tldr17,bookcorpus,0.24096773435997332
pythia-70m,0,rand,final,fidelity_across_halves,tldr17,bookcorpus,0.04299392796444368
pythia-70m,0,rand,final,reliability_across_halves,tldr17,bookcorpus,-0.0001420022919838791
pythia-70m,0,pnull,final,fidelity_across_halves,tldr17,agnews,0.5212794155454539
pythia-70m,0,pnull,final,reliability_across_halves,tldr17,agnews,0.227726344996329
pythia-70m,0,rand,final,fidelity_across_halves,tldr17,agnews,0.04442415750092039
pythia-70m,0,rand,final,reliability_across_halves,tldr17,agnews,1.1087200623965404e-05
pythia-70m,1,real,(ceiling),fidelity_within,wikitext,wikitext,0.6660303290555536
pythia-70m,1,real,(ceiling),fidelity_within_r,wikitext,wikitext,0.835353523264295
pythia-70m,1,real,final,reliability_within,wikitext,wikitext,0.7621258862457299
pythia-70m,1,real,final,reliability_within_coassoc,wikitext,wikitext,0.9529289259786186
pythia-70m,1,real,final,fidelity_within,wikitext,wikitext,0.32324376119054243
pythia-70m,1,real,final,fidelity_within_r,wikitext,wikitext,0.5704542617841428
pythia-70m,1,real,final,fidelity_within_insample,wikitext,wikitext,0.3695257114901952
pythia-70m,1,real,final,reliability_ceiling,wikitext,wikitext,0.8878567529711408
pythia-70m,1,real,final,triviality_ami_layer,wikitext,wikitext,0.17649604534095012
pythia-70m,1,real,final,triviality_ami_dimension,wikitext,wikitext,-0.02419852341645802
pythia-70m,1,real,final,triviality_ami_hubness,wikitext,wikitext,0.16152746753819058
pythia-70m,1,real,final,triviality_n_effective_networks,wikitext,wikitext,100.0
pythia-70m,1,real,final,triviality_entropy_effective_networks,wikitext,wikitext,66.86742493476434
pythia-70m,1,real,final,triviality_median_max_membership,wikitext,wikitext,0.425
pythia-70m,1,real,final,triviality_frac_confident,wikitext,wikitext,0.3779296875
pythia-70m,1,real,(ceiling),fidelity_within,bookcorpus,bookcorpus,0.6549434101952512
pythia-70m,1,real,(ceiling),fidelity_within_r,bookcorpus,bookcorpus,0.8271947122210973
pythia-70m,1,real,final,reliability_within,bookcorpus,bookcorpus,0.7415322881743014
pythia-70m,1,real,final,reliability_within_coassoc,bookcorpus,bookcorpus,0.938677171744833
pythia-70m,1,real,final,fidelity_within,bookcorpus,bookcorpus,0.32277330966282736
pythia-70m,1,real,final,fidelity_within_r,bookcorpus,bookcorpus,0.5682604619693631
pythia-70m,1,real,final,fidelity_within_insample,bookcorpus,bookcorpus,0.3378379376470749
pythia-70m,1,real,final,reliability_ceiling,bookcorpus,bookcorpus,0.889790070000909
pythia-70m,1,real,final,triviality_ami_layer,bookcorpus,bookcorpus,0.19221558013743556
pythia-70m,1,real,final,triviality_ami_dimension,bookcorpus,bookcorpus,-0.0251519025696278
pythia-70m,1,real,final,triviality_ami_hubness,bookcorpus,bookcorpus,0.1576346381021927
pythia-70m,1,real,final,triviality_n_effective_networks,bookcorpus,bookcorpus,100.0
pythia-70m,1,real,final,triviality_entropy_effective_networks,bookcorpus,bookcorpus,63.55616425577778
pythia-70m,1,real,final,triviality_median_max_membership,bookcorpus,bookcorpus,0.415
pythia-70m,1,real,final,triviality_frac_confident,bookcorpus,bookcorpus,0.3846028645833333
pythia-70m,1,real,(ceiling),fidelity_within,agnews,agnews,0.6388593068113015
pythia-70m,1,real,(ceiling),fidelity_within_r,agnews,agnews,0.8174492009609136
pythia-70m,1,real,final,reliability_within,agnews,agnews,0.7315972579171077
pythia-70m,1,real,final,reliability_within_coassoc,agnews,agnews,0.9366970343300622
pythia-70m,1,real,final,fidelity_within,agnews,agnews,0.3197750986080754
pythia-70m,1,real,final,fidelity_within_r,agnews,agnews,0.565745135345626
pythia-70m,1,real,final,fidelity_within_insample,agnews,agnews,0.3427140018453587
pythia-70m,1,real,final,reliability_ceiling,agnews,agnews,0.8943634551189596
pythia-70m,1,real,final,triviality_ami_layer,agnews,agnews,0.19716522107523407
pythia-70m,1,real,final,triviality_ami_dimension,agnews,agnews,-0.025808748603540408
pythia-70m,1,real,final,triviality_ami_hubness,agnews,agnews,0.16615823820023307
pythia-70m,1,real,final,triviality_n_effective_networks,agnews,agnews,100.0
pythia-70m,1,real,final,triviality_entropy_effective_networks,agnews,agnews,61.81622148580612
pythia-70m,1,real,final,triviality_median_max_membership,agnews,agnews,0.41
pythia-70m,1,real,final,triviality_frac_confident,agnews,agnews,0.37158203125
pythia-70m,1,real,(ceiling),fidelity_within,tldr17,tldr17,0.6408255537370853
pythia-70m,1,real,(ceiling),fidelity_within_r,tldr17,tldr17,0.8210632547099236
pythia-70m,1,real,final,reliability_within,tldr17,tldr17,0.7231252592536725
pythia-70m,1,real,final,reliability_within_coassoc,tldr17,tldr17,0.9403689006723635
pythia-70m,1,real,final,fidelity_within,tldr17,tldr17,0.3241365376136801
pythia-70m,1,real,final,fidelity_within_r,tldr17,tldr17,0.5698999094470143
pythia-70m,1,real,final,fidelity_within_insample,tldr17,tldr17,0.3518503020942336
pythia-70m,1,real,final,reliability_ceiling,tldr17,tldr17,0.8730142023478487
pythia-70m,1,real,final,triviality_ami_layer,tldr17,tldr17,0.17483995528885252
pythia-70m,1,real,final,triviality_ami_dimension,tldr17,tldr17,-0.023188011986438474
pythia-70m,1,real,final,triviality_ami_hubness,tldr17,tldr17,0.16312099702761496
pythia-70m,1,real,final,triviality_n_effective_networks,tldr17,tldr17,100.0
pythia-70m,1,real,final,triviality_entropy_effective_networks,tldr17,tldr17,66.61104039332606
pythia-70m,1,real,final,triviality_median_max_membership,tldr17,tldr17,0.415
pythia-70m,1,real,final,triviality_frac_confident,tldr17,tldr17,0.3680013020833333
pythia-70m,1,real,(ceiling),fidelity_across_halves,wikitext,bookcorpus,0.6416702920448755
pythia-70m,1,real,final,fidelity_across_halves,wikitext,bookcorpus,0.4911497075602831
pythia-70m,1,real,final,reliability_across_halves,wikitext,bookcorpus,0.7037662632141376
pythia-70m,1,real,(ceiling),fidelity_across_halves,wikitext,agnews,0.6001673750430507
pythia-70m,1,real,final,fidelity_across_halves,wikitext,agnews,0.48133925318844495
pythia-70m,1,real,final,reliability_across_halves,wikitext,agnews,0.693520085876189
pythia-70m,1,real,(ceiling),fidelity_across_halves,wikitext,tldr17,0.5544251793321562
pythia-70m,1,real,final,fidelity_across_halves,wikitext,tldr17,0.46819775866661884
pythia-70m,1,real,final,reliability_across_halves,wikitext,tldr17,0.6533080927580704
pythia-70m,1,real,(ceiling),fidelity_across_halves,bookcorpus,wikitext,0.6887946135391145
pythia-70m,1,real,final,fidelity_across_halves,bookcorpus,wikitext,0.5439317883474926
pythia-70m,1,real,final,reliability_across_halves,bookcorpus,wikitext,0.7115217955102755
pythia-70m,1,real,(ceiling),fidelity_across_halves,bookcorpus,agnews,0.6350915478731521
pythia-70m,1,real,final,fidelity_across_halves,bookcorpus,agnews,0.5145686606659413
pythia-70m,1,real,final,reliability_across_halves,bookcorpus,agnews,0.6826038971232367
pythia-70m,1,real,(ceiling),fidelity_across_halves,bookcorpus,tldr17,0.6175487290912467
pythia-70m,1,real,final,fidelity_across_halves,bookcorpus,tldr17,0.5051639912048976
pythia-70m,1,real,final,reliability_across_halves,bookcorpus,tldr17,0.6402828712810095
pythia-70m,1,real,(ceiling),fidelity_across_halves,agnews,wikitext,0.6156126757048833
pythia-70m,1,real,final,fidelity_across_halves,agnews,wikitext,0.5124148571272306
pythia-70m,1,real,final,reliability_across_halves,agnews,wikitext,0.6880759419242536
pythia-70m,1,real,(ceiling),fidelity_across_halves,agnews,bookcorpus,0.6303303871175574
pythia-70m,1,real,final,fidelity_across_halves,agnews,bookcorpus,0.5086157755783073
pythia-70m,1,real,final,reliability_across_halves,agnews,bookcorpus,0.6677644101715486
pythia-70m,1,real,(ceiling),fidelity_across_halves,agnews,tldr17,0.6769931950036306
pythia-70m,1,real,final,fidelity_across_halves,agnews,tldr17,0.5334221015457874
pythia-70m,1,real,final,reliability_across_halves,agnews,tldr17,0.64685968627783
pythia-70m,1,real,(ceiling),fidelity_across_halves,tldr17,wikitext,0.5737169573516256
pythia-70m,1,real,final,fidelity_across_halves,tldr17,wikitext,0.4915262676364443
pythia-70m,1,real,final,reliability_across_halves,tldr17,wikitext,0.6695356137983888
pythia-70m,1,real,(ceiling),fidelity_across_halves,tldr17,bookcorpus,0.610279964954493
pythia-70m,1,real,final,fidelity_across_halves,tldr17,bookcorpus,0.49028596618181003
pythia-70m,1,real,final,reliability_across_halves,tldr17,bookcorpus,0.6483896408089221
pythia-70m,1,real,(ceiling),fidelity_across_halves,tldr17,agnews,0.6644264508605641
pythia-70m,1,real,final,fidelity_across_halves,tldr17,agnews,0.510977166840203
pythia-70m,1,real,final,reliability_across_halves,tldr17,agnews,0.6644072073670065
pythia-70m,1,null,(ceiling),fidelity_within,wikitext,wikitext,-0.3853430428747404
pythia-70m,1,null,(ceiling),fidelity_within_r,wikitext,wikitext,0.30833218117653344
pythia-70m,1,null,final,reliability_within,wikitext,wikitext,0.12590830848968396
pythia-70m,1,null,final,reliability_within_coassoc,wikitext,wikitext,0.3791332581348562
pythia-70m,1,null,final,fidelity_within,wikitext,wikitext,0.23263711703699197
pythia-70m,1,null,final,fidelity_within_r,wikitext,wikitext,0.4826533259110854
pythia-70m,1,null,final,fidelity_within_insample,wikitext,wikitext,0.24948201906631995
pythia-70m,1,null,final,reliability_ceiling,wikitext,wikitext,0.5199104189658516
pythia-70m,1,null,final,triviality_ami_layer,wikitext,wikitext,0.1419881114349485
pythia-70m,1,null,final,triviality_ami_dimension,wikitext,wikitext,-0.005003282586959049
pythia-70m,1,null,final,triviality_ami_hubness,wikitext,wikitext,0.11909327091818595
pythia-70m,1,null,final,triviality_n_effective_networks,wikitext,wikitext,100.0
pythia-70m,1,null,final,triviality_entropy_effective_networks,wikitext,wikitext,90.12382889043825
pythia-70m,1,null,final,triviality_median_max_membership,wikitext,wikitext,0.405
pythia-70m,1,null,final,triviality_frac_confident,wikitext,wikitext,0.22127278645833334
pythia-70m,1,null,(ceiling),fidelity_within,bookcorpus,bookcorpus,-0.4044752850031055
pythia-70m,1,null,(ceiling),fidelity_within_r,bookcorpus,bookcorpus,0.2998282206700317
pythia-70m,1,null,final,reliability_within,bookcorpus,bookcorpus,0.10509707696780284
pythia-70m,1,null,final,reliability_within_coassoc,bookcorpus,bookcorpus,0.2601945854019251
pythia-70m,1,null,final,fidelity_within,bookcorpus,bookcorpus,0.20961188052461022
pythia-70m,1,null,final,fidelity_within_r,bookcorpus,bookcorpus,0.4588312037624451
pythia-70m,1,null,final,fidelity_within_insample,bookcorpus,bookcorpus,0.23762574676502113
pythia-70m,1,null,final,reliability_ceiling,bookcorpus,bookcorpus,0.7037899127144512
pythia-70m,1,null,final,triviality_ami_layer,bookcorpus,bookcorpus,0.1431352961344779
pythia-70m,1,null,final,triviality_ami_dimension,bookcorpus,bookcorpus,-0.005744105284868423
pythia-70m,1,null,final,triviality_ami_hubness,bookcorpus,bookcorpus,0.11672690853918648
pythia-70m,1,null,final,triviality_n_effective_networks,bookcorpus,bookcorpus,99.0
pythia-70m,1,null,final,triviality_entropy_effective_networks,bookcorpus,bookcorpus,88.6529732248132
pythia-70m,1,null,final,triviality_median_max_membership,bookcorpus,bookcorpus,0.565
pythia-70m,1,null,final,triviality_frac_confident,bookcorpus,bookcorpus,0.6503092447916666
pythia-70m,1,null,(ceiling),fidelity_within,agnews,agnews,-0.39114010871882265
pythia-70m,1,null,(ceiling),fidelity_within_r,agnews,agnews,0.3007491951242232
pythia-70m,1,null,final,reliability_within,agnews,agnews,0.1664049066563583
pythia-70m,1,null,final,reliability_within_coassoc,agnews,agnews,0.33497116343370964
pythia-70m,1,null,final,fidelity_within,agnews,agnews,0.22080834730423504
pythia-70m,1,null,final,fidelity_within_r,agnews,agnews,0.4703915312650512
pythia-70m,1,null,final,fidelity_within_insample,agnews,agnews,0.24396335161384586
pythia-70m,1,null,final,reliability_ceiling,agnews,agnews,0.6478684897915642
pythia-70m,1,null,final,triviality_ami_layer,agnews,agnews,0.1425818828131007
pythia-70m,1,null,final,triviality_ami_dimension,agnews,agnews,-0.005987142867878885
pythia-70m,1,null,final,triviality_ami_hubness,agnews,agnews,0.12168014758159183
pythia-70m,1,null,final,triviality_n_effective_networks,agnews,agnews,100.0
pythia-70m,1,null,final,triviality_entropy_effective_networks,agnews,agnews,90.43661397565344
pythia-70m,1,null,final,triviality_median_max_membership,agnews,agnews,0.51
pythia-70m,1,null,final,triviality_frac_confident,agnews,agnews,0.5189615885416666
pythia-70m,1,null,(ceiling),fidelity_within,tldr17,tldr17,-0.41598937598154695
pythia-70m,1,null,(ceiling),fidelity_within_r,tldr17,tldr17,0.31625870277049123
pythia-70m,1,null,final,reliability_within,tldr17,tldr17,0.1292862607848275
pythia-70m,1,null,final,reliability_within_coassoc,tldr17,tldr17,0.43265332428789527
pythia-70m,1,null,final,fidelity_within,tldr17,tldr17,0.2399178585545898
pythia-70m,1,null,final,fidelity_within_r,tldr17,tldr17,0.4915016252870944
pythia-70m,1,null,final,fidelity_within_insample,tldr17,tldr17,0.25389790737986273
pythia-70m,1,null,final,reliability_ceiling,tldr17,tldr17,0.6054418191273749
pythia-70m,1,null,final,triviality_ami_layer,tldr17,tldr17,0.1448363350167549
pythia-70m,1,null,final,triviality_ami_dimension,tldr17,tldr17,-0.007207868375477719
pythia-70m,1,null,final,triviality_ami_hubness,tldr17,tldr17,0.12002594949949368
pythia-70m,1,null,final,triviality_n_effective_networks,tldr17,tldr17,99.0
pythia-70m,1,null,final,triviality_entropy_effective_networks,tldr17,tldr17,80.92721297589253
pythia-70m,1,null,final,triviality_median_max_membership,tldr17,tldr17,0.325
pythia-70m,1,null,final,triviality_frac_confident,tldr17,tldr17,0.16105143229166666
pythia-70m,1,null,(ceiling),fidelity_across_halves,wikitext,bookcorpus,0.3002656390670293
pythia-70m,1,null,final,fidelity_across_halves,wikitext,bookcorpus,0.4646919918622904
pythia-70m,1,null,final,reliability_across_halves,wikitext,bookcorpus,0.09393914139037766
pythia-70m,1,null,(ceiling),fidelity_across_halves,wikitext,agnews,0.30019455457095884
pythia-70m,1,null,final,fidelity_across_halves,wikitext,agnews,0.4736541495805829
pythia-70m,1,null,final,reliability_across_halves,wikitext,agnews,0.17846992296653635
pythia-70m,1,null,(ceiling),fidelity_across_halves,wikitext,tldr17,0.3068517222228337
pythia-70m,1,null,final,fidelity_across_halves,wikitext,tldr17,0.488634720903552
pythia-70m,1,null,final,reliability_across_halves,wikitext,tldr17,0.0936781289062427
pythia-70m,1,null,(ceiling),fidelity_across_halves,bookcorpus,wikitext,0.301154008189467
pythia-70m,1,null,final,fidelity_across_halves,bookcorpus,wikitext,0.47600906526577447
pythia-70m,1,null,final,reliability_across_halves,bookcorpus,wikitext,0.08709409211772019
pythia-70m,1,null,(ceiling),fidelity_across_halves,bookcorpus,agnews,0.2957145950144734
pythia-70m,1,null,final,fidelity_across_halves,bookcorpus,agnews,0.4671690903868866
pythia-70m,1,null,final,reliability_across_halves,bookcorpus,agnews,0.11083775382523169
pythia-70m,1,null,(ceiling),fidelity_across_halves,bookcorpus,tldr17,0.30172146754096907
pythia-70m,1,null,final,fidelity_across_halves,bookcorpus,tldr17,0.4817843432228093
pythia-70m,1,null,final,reliability_across_halves,bookcorpus,tldr17,0.0884497490790244
pythia-70m,1,null,(ceiling),fidelity_across_halves,agnews,wikitext,0.3006206537367119
pythia-70m,1,null,final,fidelity_across_halves,agnews,wikitext,0.47913294741093065
pythia-70m,1,null,final,reliability_across_halves,agnews,wikitext,0.11993935264010268
pythia-70m,1,null,(ceiling),fidelity_across_halves,agnews,bookcorpus,0.2956535136464421
pythia-70m,1,null,final,fidelity_across_halves,agnews,bookcorpus,0.461555578949774
pythia-70m,1,null,final,reliability_across_halves,agnews,bookcorpus,0.10206128970292556
pythia-70m,1,null,(ceiling),fidelity_across_halves,agnews,tldr17,0.3051284839278644
pythia-70m,1,null,final,fidelity_across_halves,agnews,tldr17,0.4850966412712772
pythia-70m,1,null,final,reliability_across_halves,agnews,tldr17,0.09400306443575362
pythia-70m,1,null,(ceiling),fidelity_across_halves,tldr17,wikitext,0.3075416416630489
pythia-70m,1,null,final,fidelity_across_halves,tldr17,wikitext,0.48518765719076284
pythia-70m,1,null,final,reliability_across_halves,tldr17,wikitext,0.12823795555495038
pythia-70m,1,null,(ceiling),fidelity_across_halves,tldr17,bookcorpus,0.30196769793690786
pythia-70m,1,null,final,fidelity_across_halves,tldr17,bookcorpus,0.46709015158253697
pythia-70m,1,null,final,reliability_across_halves,tldr17,bookcorpus,0.12926679019257087
pythia-70m,1,null,(ceiling),fidelity_across_halves,tldr17,agnews,0.30539507621671713
pythia-70m,1,null,final,fidelity_across_halves,tldr17,agnews,0.4759544318630097
pythia-70m,1,null,final,reliability_across_halves,tldr17,agnews,0.16901766011274158
pythia-70m,1,pnull,final,reliability_within_coassoc,wikitext,wikitext,0.4504534555295039
pythia-70m,1,pnull,final,reliability_within,wikitext,wikitext,0.1865785017809711
pythia-70m,1,pnull,final,fidelity_within,wikitext,wikitext,0.27732753976016733
pythia-70m,1,pnull,final,fidelity_within_r,wikitext,wikitext,0.5267603425550567
pythia-70m,1,pnull,final,fidelity_within_insample,wikitext,wikitext,0.27748725642243677
pythia-70m,1,pnull,final,triviality_ami_layer,wikitext,wikitext,0.1419881114349485
pythia-70m,1,pnull,final,triviality_ami_dimension,wikitext,wikitext,-0.005003282586959049
pythia-70m,1,pnull,final,triviality_ami_hubness,wikitext,wikitext,0.11288670767924212
pythia-70m,1,pnull,final,triviality_n_effective_networks,wikitext,wikitext,100.0
pythia-70m,1,pnull,final,triviality_entropy_effective_networks,wikitext,wikitext,90.12382889043825
pythia-70m,1,pnull,final,triviality_median_max_membership,wikitext,wikitext,0.405
pythia-70m,1,pnull,final,triviality_frac_confident,wikitext,wikitext,0.22127278645833334
pythia-70m,1,rand,final,reliability_within,wikitext,wikitext,-0.00010270133695401464
pythia-70m,1,rand,final,fidelity_within,wikitext,wikitext,0.0023222791899526474
pythia-70m,1,rand,final,fidelity_within_r,wikitext,wikitext,0.04924800287879047
pythia-70m,1,rand,final,fidelity_within_insample,wikitext,wikitext,0.0025533564000649323
pythia-70m,1,rand,final,triviality_ami_layer,wikitext,wikitext,0.00011872634907386882
pythia-70m,1,rand,final,triviality_ami_dimension,wikitext,wikitext,-0.0003306058318419001
pythia-70m,1,rand,final,triviality_ami_hubness,wikitext,wikitext,-0.0001965583788892213
pythia-70m,1,rand,final,triviality_n_effective_networks,wikitext,wikitext,100.0
pythia-70m,1,rand,final,triviality_entropy_effective_networks,wikitext,wikitext,99.65527943369183
pythia-70m,1,rand,final,triviality_median_max_membership,wikitext,wikitext,1.0
pythia-70m,1,rand,final,triviality_frac_confident,wikitext,wikitext,1.0
pythia-70m,1,pnull,final,reliability_within_coassoc,bookcorpus,bookcorpus,0.45403417671423163
pythia-70m,1,pnull,final,reliability_within,bookcorpus,bookcorpus,0.2195424824620073
pythia-70m,1,pnull,final,fidelity_within,bookcorpus,bookcorpus,0.2712755695478005
pythia-70m,1,pnull,final,fidelity_within_r,bookcorpus,bookcorpus,0.5208438492212071
pythia-70m,1,pnull,final,fidelity_within_insample,bookcorpus,bookcorpus,0.2710935480865102
pythia-70m,1,pnull,final,triviality_ami_layer,bookcorpus,bookcorpus,0.1431352961344779
pythia-70m,1,pnull,final,triviality_ami_dimension,bookcorpus,bookcorpus,-0.005744105284868423
pythia-70m,1,pnull,final,triviality_ami_hubness,bookcorpus,bookcorpus,0.11321105063497774
pythia-70m,1,pnull,final,triviality_n_effective_networks,bookcorpus,bookcorpus,99.0
pythia-70m,1,pnull,final,triviality_entropy_effective_networks,bookcorpus,bookcorpus,88.6529732248132
pythia-70m,1,pnull,final,triviality_median_max_membership,bookcorpus,bookcorpus,0.565
pythia-70m,1,pnull,final,triviality_frac_confident,bookcorpus,bookcorpus,0.6503092447916666
pythia-70m,1,rand,final,reliability_within,bookcorpus,bookcorpus,-3.832709874650434e-05
pythia-70m,1,rand,final,fidelity_within,bookcorpus,bookcorpus,0.002334516184257285
pythia-70m,1,rand,final,fidelity_within_r,bookcorpus,bookcorpus,0.048336123669231644
pythia-70m,1,rand,final,fidelity_within_insample,bookcorpus,bookcorpus,0.002305764635936347
pythia-70m,1,rand,final,triviality_ami_layer,bookcorpus,bookcorpus,-0.0001546005848497963
pythia-70m,1,rand,final,triviality_ami_dimension,bookcorpus,bookcorpus,-0.00035047632744764214
pythia-70m,1,rand,final,triviality_ami_hubness,bookcorpus,bookcorpus,8.370876367208555e-05
pythia-70m,1,rand,final,triviality_n_effective_networks,bookcorpus,bookcorpus,100.0
pythia-70m,1,rand,final,triviality_entropy_effective_networks,bookcorpus,bookcorpus,99.49391230693601
pythia-70m,1,rand,final,triviality_median_max_membership,bookcorpus,bookcorpus,1.0
pythia-70m,1,rand,final,triviality_frac_confident,bookcorpus,bookcorpus,1.0
pythia-70m,1,pnull,final,reliability_within_coassoc,agnews,agnews,0.4176532646914312
pythia-70m,1,pnull,final,reliability_within,agnews,agnews,0.20380056158114893
pythia-70m,1,pnull,final,fidelity_within,agnews,agnews,0.2731610637784251
pythia-70m,1,pnull,final,fidelity_within_r,agnews,agnews,0.5228174646028494
pythia-70m,1,pnull,final,fidelity_within_insample,agnews,agnews,0.27216845131097456
pythia-70m,1,pnull,final,triviality_ami_layer,agnews,agnews,0.1425818828131007
pythia-70m,1,pnull,final,triviality_ami_dimension,agnews,agnews,-0.005987142867878885
pythia-70m,1,pnull,final,triviality_ami_hubness,agnews,agnews,0.11349008236938596
pythia-70m,1,pnull,final,triviality_n_effective_networks,agnews,agnews,100.0
pythia-70m,1,pnull,final,triviality_entropy_effective_networks,agnews,agnews,90.43661397565344
pythia-70m,1,pnull,final,triviality_median_max_membership,agnews,agnews,0.51
pythia-70m,1,pnull,final,triviality_frac_confident,agnews,agnews,0.5189615885416666
pythia-70m,1,rand,final,reliability_within,agnews,agnews,4.117096594065946e-05
pythia-70m,1,rand,final,fidelity_within,agnews,agnews,0.0019260907626037493
pythia-70m,1,rand,final,fidelity_within_r,agnews,agnews,0.04530935346671407
pythia-70m,1,rand,final,fidelity_within_insample,agnews,agnews,0.0021920214432659124
pythia-70m,1,rand,final,triviality_ami_layer,agnews,agnews,-1.0400218675097702e-05
pythia-70m,1,rand,final,triviality_ami_dimension,agnews,agnews,-0.0006017366849156746
pythia-70m,1,rand,final,triviality_ami_hubness,agnews,agnews,-3.8570441330188355e-05
pythia-70m,1,rand,final,triviality_n_effective_networks,agnews,agnews,100.0
pythia-70m,1,rand,final,triviality_entropy_effective_networks,agnews,agnews,99.58778207722416
pythia-70m,1,rand,final,triviality_median_max_membership,agnews,agnews,1.0
pythia-70m,1,rand,final,triviality_frac_confident,agnews,agnews,1.0
pythia-70m,1,pnull,final,reliability_within_coassoc,tldr17,tldr17,0.5201000966287507
pythia-70m,1,pnull,final,reliability_within,tldr17,tldr17,0.223728203097243
pythia-70m,1,pnull,final,fidelity_within,tldr17,tldr17,0.2706811090861373
pythia-70m,1,pnull,final,fidelity_within_r,tldr17,tldr17,0.5202983847558582
pythia-70m,1,pnull,final,fidelity_within_insample,tldr17,tldr17,0.27396610685945877
pythia-70m,1,pnull,final,triviality_ami_layer,tldr17,tldr17,0.1448363350167549
pythia-70m,1,pnull,final,triviality_ami_dimension,tldr17,tldr17,-0.007207868375477719
pythia-70m,1,pnull,final,triviality_ami_hubness,tldr17,tldr17,0.11825469751898253
pythia-70m,1,pnull,final,triviality_n_effective_networks,tldr17,tldr17,99.0
pythia-70m,1,pnull,final,triviality_entropy_effective_networks,tldr17,tldr17,80.92721297589253
pythia-70m,1,pnull,final,triviality_median_max_membership,tldr17,tldr17,0.325
pythia-70m,1,pnull,final,triviality_frac_confident,tldr17,tldr17,0.16105143229166666
pythia-70m,1,rand,final,reliability_within,tldr17,tldr17,1.2785693650921214e-05
pythia-70m,1,rand,final,fidelity_within,tldr17,tldr17,0.0021733152130010147
pythia-70m,1,rand,final,fidelity_within_r,tldr17,tldr17,0.04666627724721177
pythia-70m,1,rand,final,fidelity_within_insample,tldr17,tldr17,0.0021336737447522625
pythia-70m,1,rand,final,triviality_ami_layer,tldr17,tldr17,0.000474331363252503
pythia-70m,1,rand,final,triviality_ami_dimension,tldr17,tldr17,2.566747306591322e-05
pythia-70m,1,rand,final,triviality_ami_hubness,tldr17,tldr17,-0.000708019942041772
pythia-70m,1,rand,final,triviality_n_effective_networks,tldr17,tldr17,100.0
pythia-70m,1,rand,final,triviality_entropy_effective_networks,tldr17,tldr17,99.68282162958437
pythia-70m,1,rand,final,triviality_median_max_membership,tldr17,tldr17,1.0
pythia-70m,1,rand,final,triviality_frac_confident,tldr17,tldr17,1.0
pythia-70m,1,pnull,final,fidelity_across_halves,wikitext,bookcorpus,0.5203720687835774
pythia-70m,1,pnull,final,reliability_across_halves,wikitext,bookcorpus,0.21757858387768386
pythia-70m,1,rand,final,fidelity_across_halves,wikitext,bookcorpus,0.04635065317366483
pythia-70m,1,rand,final,reliability_across_halves,wikitext,bookcorpus,-0.0001008171924950973
pythia-70m,1,pnull,final,fidelity_across_halves,wikitext,agnews,0.5223823460783482
pythia-70m,1,pnull,final,reliability_across_halves,wikitext,agnews,0.2087306055159509
pythia-70m,1,rand,final,fidelity_across_halves,wikitext,agnews,0.0479378565169334
pythia-70m,1,rand,final,reliability_across_halves,wikitext,agnews,5.2642050969973585e-05
pythia-70m,1,pnull,final,fidelity_across_halves,wikitext,tldr17,0.5188591822804124
pythia-70m,1,pnull,final,reliability_across_halves,wikitext,tldr17,0.18865050925026444
pythia-70m,1,rand,final,fidelity_across_halves,wikitext,tldr17,0.0464443462730275
pythia-70m,1,rand,final,reliability_across_halves,wikitext,tldr17,5.815383614371172e-05
pythia-70m,1,pnull,final,fidelity_across_halves,bookcorpus,wikitext,0.5266229870353486
pythia-70m,1,pnull,final,reliability_across_halves,bookcorpus,wikitext,0.1901426381329857
pythia-70m,1,rand,final,fidelity_across_halves,bookcorpus,wikitext,0.04864583084937593
pythia-70m,1,rand,final,reliability_across_halves,bookcorpus,wikitext,-5.6165144078140994e-05
pythia-70m,1,pnull,final,fidelity_across_halves,bookcorpus,agnews,0.5224584951587481
pythia-70m,1,pnull,final,reliability_across_halves,bookcorpus,agnews,0.21134431652918478
pythia-70m,1,rand,final,fidelity_across_halves,bookcorpus,agnews,0.04550082670354975
pythia-70m,1,rand,final,reliability_across_halves,bookcorpus,agnews,-2.5023389751625916e-05
pythia-70m,1,pnull,final,fidelity_across_halves,bookcorpus,tldr17,0.5188965726213851
pythia-70m,1,pnull,final,reliability_across_halves,bookcorpus,tldr17,0.19328244543972184
pythia-70m,1,rand,final,fidelity_across_halves,bookcorpus,tldr17,0.04582325737378769
pythia-70m,1,rand,final,reliability_across_halves,bookcorpus,tldr17,7.061595370397879e-05
pythia-70m,1,pnull,final,fidelity_across_halves,agnews,wikitext,0.5264186402527444
pythia-70m,1,pnull,final,reliability_across_halves,agnews,wikitext,0.18196606449835817
pythia-70m,1,rand,final,fidelity_across_halves,agnews,wikitext,0.043632775691351856
pythia-70m,1,rand,final,reliability_across_halves,agnews,wikitext,8.136414056301182e-05
pythia-70m,1,pnull,final,fidelity_across_halves,agnews,bookcorpus,0.5206562715321997
pythia-70m,1,pnull,final,reliability_across_halves,agnews,bookcorpus,0.21126105852334193
pythia-70m,1,rand,final,fidelity_across_halves,agnews,bookcorpus,0.0439678479497126
pythia-70m,1,rand,final,reliability_across_halves,agnews,bookcorpus,-0.00010217474593022122
pythia-70m,1,pnull,final,fidelity_across_halves,agnews,tldr17,0.5192051248687548
pythia-70m,1,pnull,final,reliability_across_halves,agnews,tldr17,0.18504620911195063
pythia-70m,1,rand,final,fidelity_across_halves,agnews,tldr17,0.04404817407059217
pythia-70m,1,rand,final,reliability_across_halves,agnews,tldr17,0.00013809117175534136
pythia-70m,1,pnull,final,fidelity_across_halves,tldr17,wikitext,0.5249376373627492
pythia-70m,1,pnull,final,reliability_across_halves,tldr17,wikitext,0.215417236639046
pythia-70m,1,rand,final,fidelity_across_halves,tldr17,wikitext,0.0411964806997618
pythia-70m,1,rand,final,reliability_across_halves,tldr17,wikitext,1.0859252695461153e-07
pythia-70m,1,pnull,final,fidelity_across_halves,tldr17,bookcorpus,0.5191583038104928
pythia-70m,1,pnull,final,reliability_across_halves,tldr17,bookcorpus,0.2431724352916791
pythia-70m,1,rand,final,fidelity_across_halves,tldr17,bookcorpus,0.04299392796444368
pythia-70m,1,rand,final,reliability_across_halves,tldr17,bookcorpus,-0.0001330643987929404
pythia-70m,1,pnull,final,fidelity_across_halves,tldr17,agnews,0.5212136521935421
pythia-70m,1,pnull,final,reliability_across_halves,tldr17,agnews,0.23373514074978768
pythia-70m,1,rand,final,fidelity_across_halves,tldr17,agnews,0.04442415750092039
pythia-70m,1,rand,final,reliability_across_halves,tldr17,agnews,2.5785121169398315e-05
pythia-70m,4,real,(ceiling),fidelity_within,wikitext,wikitext,0.6679390604335403
pythia-70m,4,real,(ceiling),fidelity_within_r,wikitext,wikitext,0.8362795236888486
pythia-70m,4,real,final,reliability_within,wikitext,wikitext,0.7751924774519409
pythia-70m,4,real,final,reliability_within_coassoc,wikitext,wikitext,0.957827620641265
pythia-70m,4,real,final,fidelity_within,wikitext,wikitext,0.32788675282915214
pythia-70m,4,real,final,fidelity_within_r,wikitext,wikitext,0.5744840269853062
pythia-70m,4,real,final,fidelity_within_insample,wikitext,wikitext,0.37403740037950184
pythia-70m,4,real,final,reliability_ceiling,wikitext,wikitext,0.897448687997433
pythia-70m,4,real,final,triviality_ami_layer,wikitext,wikitext,0.1778348753684432
pythia-70m,4,real,final,triviality_ami_dimension,wikitext,wikitext,-0.026072873202298518
pythia-70m,4,real,final,triviality_ami_hubness,wikitext,wikitext,0.1621771313923315
pythia-70m,4,real,final,triviality_n_effective_networks,wikitext,wikitext,100.0
pythia-70m,4,real,final,triviality_entropy_effective_networks,wikitext,wikitext,65.34228796993185
pythia-70m,4,real,final,triviality_median_max_membership,wikitext,wikitext,0.43
pythia-70m,4,real,final,triviality_frac_confident,wikitext,wikitext,0.3846842447916667
pythia-70m,4,real,(ceiling),fidelity_within,bookcorpus,bookcorpus,0.6572674029016592
pythia-70m,4,real,(ceiling),fidelity_within_r,bookcorpus,bookcorpus,0.8283501055716378
pythia-70m,4,real,final,reliability_within,bookcorpus,bookcorpus,0.7550079529306116
pythia-70m,4,real,final,reliability_within_coassoc,bookcorpus,bookcorpus,0.9458249705324394
pythia-70m,4,real,final,fidelity_within,bookcorpus,bookcorpus,0.3296446956405724
pythia-70m,4,real,final,fidelity_within_r,bookcorpus,bookcorpus,0.5742634953213251
pythia-70m,4,real,final,fidelity_within_insample,bookcorpus,bookcorpus,0.3442703088758312
pythia-70m,4,real,final,reliability_ceiling,bookcorpus,bookcorpus,0.897192606325285
pythia-70m,4,real,final,triviality_ami_layer,bookcorpus,bookcorpus,0.19120236552202496
pythia-70m,4,real,final,triviality_ami_dimension,bookcorpus,bookcorpus,-0.026092126502674836
pythia-70m,4,real,final,triviality_ami_hubness,bookcorpus,bookcorpus,0.15690772338098197
pythia-70m,4,real,final,triviality_n_effective_networks,bookcorpus,bookcorpus,100.0
pythia-70m,4,real,final,triviality_entropy_effective_networks,bookcorpus,bookcorpus,63.106598597576394
pythia-70m,4,real,final,triviality_median_max_membership,bookcorpus,bookcorpus,0.42
pythia-70m,4,real,final,triviality_frac_confident,bookcorpus,bookcorpus,0.3876139322916667
pythia-70m,4,real,(ceiling),fidelity_within,agnews,agnews,0.6408805471039345
pythia-70m,4,real,(ceiling),fidelity_within_r,agnews,agnews,0.8184785950560199
pythia-70m,4,real,final,reliability_within,agnews,agnews,0.7320992993349621
pythia-70m,4,real,final,reliability_within_coassoc,agnews,agnews,0.9425579990325847
pythia-70m,4,real,final,fidelity_within,agnews,agnews,0.32360120657239066
pythia-70m,4,real,final,fidelity_within_r,agnews,agnews,0.5691143266986894
pythia-70m,4,real,final,fidelity_within_insample,agnews,agnews,0.34659667241336845
pythia-70m,4,real,final,reliability_ceiling,agnews,agnews,0.8992552726318542
pythia-70m,4,real,final,triviality_ami_layer,agnews,agnews,0.19830996957632954
pythia-70m,4,real,final,triviality_ami_dimension,agnews,agnews,-0.026953485151285032
pythia-70m,4,real,final,triviality_ami_hubness,agnews,agnews,0.16523170301828677
pythia-70m,4,real,final,triviality_n_effective_networks,agnews,agnews,100.0
pythia-70m,4,real,final,triviality_entropy_effective_networks,agnews,agnews,61.39092723174698
pythia-70m,4,real,final,triviality_median_max_membership,agnews,agnews,0.41
pythia-70m,4,real,final,triviality_frac_confident,agnews,agnews,0.3739420572916667
pythia-70m,4,real,(ceiling),fidelity_within,tldr17,tldr17,0.6435071033298321
pythia-70m,4,real,(ceiling),fidelity_within_r,tldr17,tldr17,0.8223606815552253
pythia-70m,4,real,final,reliability_within,tldr17,tldr17,0.7621055044531674
pythia-70m,4,real,final,reliability_within_coassoc,tldr17,tldr17,0.9493617356585518
pythia-70m,4,real,final,fidelity_within,tldr17,tldr17,0.32858353565386544
pythia-70m,4,real,final,fidelity_within_r,tldr17,tldr17,0.5737636102146884
pythia-70m,4,real,final,fidelity_within_insample,tldr17,tldr17,0.35588045126483425
pythia-70m,4,real,final,reliability_ceiling,tldr17,tldr17,0.8965775744506896
pythia-70m,4,real,final,triviality_ami_layer,tldr17,tldr17,0.17662468868144673
pythia-70m,4,real,final,triviality_ami_dimension,tldr17,tldr17,-0.026327991502763933
pythia-70m,4,real,final,triviality_ami_hubness,tldr17,tldr17,0.15988482574851645
pythia-70m,4,real,final,triviality_n_effective_networks,tldr17,tldr17,100.0
pythia-70m,4,real,final,triviality_entropy_effective_networks,tldr17,tldr17,64.28759727632557
pythia-70m,4,real,final,triviality_median_max_membership,tldr17,tldr17,0.415
pythia-70m,4,real,final,triviality_frac_confident,tldr17,tldr17,0.373046875
pythia-70m,4,real,(ceiling),fidelity_across_halves,wikitext,bookcorpus,0.6445128853934471
pythia-70m,4,real,final,fidelity_across_halves,wikitext,bookcorpus,0.4969518239691125
pythia-70m,4,real,final,reliability_across_halves,wikitext,bookcorpus,0.7161537388425169
pythia-70m,4,real,(ceiling),fidelity_across_halves,wikitext,agnews,0.6029484942406904
pythia-70m,4,real,final,fidelity_across_halves,wikitext,agnews,0.4867382977277254
pythia-70m,4,real,final,reliability_across_halves,wikitext,agnews,0.6960160094328516
pythia-70m,4,real,(ceiling),fidelity_across_halves,wikitext,tldr17,0.5580127058108648
pythia-70m,4,real,final,fidelity_across_halves,wikitext,tldr17,0.47513874472465234
pythia-70m,4,real,final,reliability_across_halves,wikitext,tldr17,0.717671312683863
pythia-70m,4,real,(ceiling),fidelity_across_halves,bookcorpus,wikitext,0.6913483027317194
pythia-70m,4,real,final,fidelity_across_halves,bookcorpus,wikitext,0.5490078914533657
pythia-70m,4,real,final,reliability_across_halves,bookcorpus,wikitext,0.7264726125423416
pythia-70m,4,real,(ceiling),fidelity_across_halves,bookcorpus,agnews,0.6380671326509622
pythia-70m,4,real,final,fidelity_across_halves,bookcorpus,agnews,0.519815971297579
pythia-70m,4,real,final,reliability_across_halves,bookcorpus,agnews,0.688897567360521
pythia-70m,4,real,(ceiling),fidelity_across_halves,bookcorpus,tldr17,0.6211049183604754
pythia-70m,4,real,final,fidelity_across_halves,bookcorpus,tldr17,0.5113581363868794
pythia-70m,4,real,final,reliability_across_halves,bookcorpus,tldr17,0.704776922802106
pythia-70m,4,real,(ceiling),fidelity_across_halves,agnews,wikitext,0.6183788653898095
pythia-70m,4,real,final,fidelity_across_halves,agnews,wikitext,0.5167347256851186
pythia-70m,4,real,final,reliability_across_halves,agnews,wikitext,0.7071935358758782
pythia-70m,4,real,(ceiling),fidelity_across_halves,agnews,bookcorpus,0.6333848031657399
pythia-70m,4,real,final,fidelity_across_halves,agnews,bookcorpus,0.5140756594523709
pythia-70m,4,real,final,reliability_across_halves,agnews,bookcorpus,0.6909972358851741
pythia-70m,4,real,(ceiling),fidelity_across_halves,agnews,tldr17,0.6797738875828069
pythia-70m,4,real,final,fidelity_across_halves,agnews,tldr17,0.5389593866654828
pythia-70m,4,real,final,reliability_across_halves,agnews,tldr17,0.7087526606598186
pythia-70m,4,real,(ceiling),fidelity_across_halves,tldr17,wikitext,0.5770706571815507
pythia-70m,4,real,final,fidelity_across_halves,tldr17,wikitext,0.4967804376711522
pythia-70m,4,real,final,reliability_across_halves,tldr17,wikitext,0.7266919072363289
pythia-70m,4,real,(ceiling),fidelity_across_halves,tldr17,bookcorpus,0.6137584012799386
pythia-70m,4,real,final,fidelity_across_halves,tldr17,bookcorpus,0.4966364217923771
pythia-70m,4,real,final,reliability_across_halves,tldr17,bookcorpus,0.7039246939296785
pythia-70m,4,real,(ceiling),fidelity_across_halves,tldr17,agnews,0.6671095184593325
pythia-70m,4,real,final,fidelity_across_halves,tldr17,agnews,0.5164066404968224
pythia-70m,4,real,final,reliability_across_halves,tldr17,agnews,0.700755096144231
pythia-70m,4,null,(ceiling),fidelity_within,wikitext,wikitext,-0.3856373202752328
pythia-70m,4,null,(ceiling),fidelity_within_r,wikitext,wikitext,0.30817854557029956
pythia-70m,4,null,final,reliability_within,wikitext,wikitext,0.2065523930387033
pythia-70m,4,null,final,reliability_within_coassoc,wikitext,wikitext,0.4263985102447991
pythia-70m,4,null,final,fidelity_within,wikitext,wikitext,0.23246795159423084
pythia-70m,4,null,final,fidelity_within_r,wikitext,wikitext,0.48247304426393023
pythia-70m,4,null,final,fidelity_within_insample,wikitext,wikitext,0.2491666729920945
pythia-70m,4,null,final,reliability_ceiling,wikitext,wikitext,0.6247826337743455
pythia-70m,4,null,final,triviality_ami_layer,wikitext,wikitext,0.1424398266212947
pythia-70m,4,null,final,triviality_ami_dimension,wikitext,wikitext,-0.00540978566471139
pythia-70m,4,null,final,triviality_ami_hubness,wikitext,wikitext,0.12468239665737797
pythia-70m,4,null,final,triviality_n_effective_networks,wikitext,wikitext,100.0
pythia-70m,4,null,final,triviality_entropy_effective_networks,wikitext,wikitext,87.95048222756904
pythia-70m,4,null,final,triviality_median_max_membership,wikitext,wikitext,0.425
pythia-70m,4,null,final,triviality_frac_confident,wikitext,wikitext,0.2725423177083333
pythia-70m,4,null,(ceiling),fidelity_within,bookcorpus,bookcorpus,-0.40565459126724135
pythia-70m,4,null,(ceiling),fidelity_within_r,bookcorpus,bookcorpus,0.29918258997520586
pythia-70m,4,null,final,reliability_within,bookcorpus,bookcorpus,0.09251317662507458
pythia-70m,4,null,final,reliability_within_coassoc,bookcorpus,bookcorpus,0.22261239244225814
pythia-70m,4,null,final,fidelity_within,bookcorpus,bookcorpus,0.20909212126264276
pythia-70m,4,null,final,fidelity_within_r,bookcorpus,bookcorpus,0.458246745375794
pythia-70m,4,null,final,fidelity_within_insample,bookcorpus,bookcorpus,0.2368257591971491
pythia-70m,4,null,final,reliability_ceiling,bookcorpus,bookcorpus,0.6436591013902364
pythia-70m,4,null,final,triviality_ami_layer,bookcorpus,bookcorpus,0.14177935894148588
pythia-70m,4,null,final,triviality_ami_dimension,bookcorpus,bookcorpus,-0.004717836233950556
pythia-70m,4,null,final,triviality_ami_hubness,bookcorpus,bookcorpus,0.11837072478195661
pythia-70m,4,null,final,triviality_n_effective_networks,bookcorpus,bookcorpus,99.0
pythia-70m,4,null,final,triviality_entropy_effective_networks,bookcorpus,bookcorpus,91.3383477844863
pythia-70m,4,null,final,triviality_median_max_membership,bookcorpus,bookcorpus,0.56
pythia-70m,4,null,final,triviality_frac_confident,bookcorpus,bookcorpus,0.6355794270833334
pythia-70m,4,null,(ceiling),fidelity_within,agnews,agnews,-0.3919068918615749
pythia-70m,4,null,(ceiling),fidelity_within_r,agnews,agnews,0.3003749242707494
pythia-70m,4,null,final,reliability_within,agnews,agnews,0.16874567534584278
pythia-70m,4,null,final,reliability_within_coassoc,agnews,agnews,0.31582582995466885
pythia-70m,4,null,final,fidelity_within,agnews,agnews,0.2203013952755868
pythia-70m,4,null,final,fidelity_within_r,agnews,agnews,0.46984627371580673
pythia-70m,4,null,final,fidelity_within_insample,agnews,agnews,0.24327739218922861
pythia-70m,4,null,final,reliability_ceiling,agnews,agnews,0.6736876867906209
pythia-70m,4,null,final,triviality_ami_layer,agnews,agnews,0.14206028702274265
pythia-70m,4,null,final,triviality_ami_dimension,agnews,agnews,-0.004761394682138443
pythia-70m,4,null,final,triviality_ami_hubness,agnews,agnews,0.12294998247198156
pythia-70m,4,null,final,triviality_n_effective_networks,agnews,agnews,100.0
pythia-70m,4,null,final,triviality_entropy_effective_networks,agnews,agnews,90.96631751304794
pythia-70m,4,null,final,triviality_median_max_membership,agnews,agnews,0.515
pythia-70m,4,null,final,triviality_frac_confident,agnews,agnews,0.5352376302083334
pythia-70m,4,null,(ceiling),fidelity_within,tldr17,tldr17,-0.41594839301010933
pythia-70m,4,null,(ceiling),fidelity_within_r,tldr17,tldr17,0.31628576699241506
pythia-70m,4,null,final,reliability_within,tldr17,tldr17,0.19969959031421325
pythia-70m,4,null,final,reliability_within_coassoc,tldr17,tldr17,0.48917006624891224
pythia-70m,4,null,final,fidelity_within,tldr17,tldr17,0.24030801142947722
pythia-70m,4,null,final,fidelity_within_r,tldr17,tldr17,0.4918972112513767
pythia-70m,4,null,final,fidelity_within_insample,tldr17,tldr17,0.25429268658714
pythia-70m,4,null,final,reliability_ceiling,tldr17,tldr17,0.5494916773071612
pythia-70m,4,null,final,triviality_ami_layer,tldr17,tldr17,0.14264099615522038
pythia-70m,4,null,final,triviality_ami_dimension,tldr17,tldr17,-0.005311285473567104
pythia-70m,4,null,final,triviality_ami_hubness,tldr17,tldr17,0.12505275753247583
pythia-70m,4,null,final,triviality_n_effective_networks,tldr17,tldr17,100.0
pythia-70m,4,null,final,triviality_entropy_effective_networks,tldr17,tldr17,84.86545950862711
pythia-70m,4,null,final,triviality_median_max_membership,tldr17,tldr17,0.34
pythia-70m,4,null,final,triviality_frac_confident,tldr17,tldr17,0.15755208333333334
pythia-70m,4,null,(ceiling),fidelity_across_halves,wikitext,bookcorpus,0.29983911715871947
pythia-70m,4,null,final,fidelity_across_halves,wikitext,bookcorpus,0.4639858283565421
pythia-70m,4,null,final,reliability_across_halves,wikitext,bookcorpus,0.12244141776353858
pythia-70m,4,null,(ceiling),fidelity_across_halves,wikitext,agnews,0.29991570896014147
pythia-70m,4,null,final,fidelity_across_halves,wikitext,agnews,0.47316353807284095
pythia-70m,4,null,final,reliability_across_halves,wikitext,agnews,0.20431990391116966
pythia-70m,4,null,(ceiling),fidelity_across_halves,wikitext,tldr17,0.3067748044903724
pythia-70m,4,null,final,fidelity_across_halves,wikitext,tldr17,0.48862179481220885
pythia-70m,4,null,final,reliability_across_halves,wikitext,tldr17,0.21658853312369433
pythia-70m,4,null,(ceiling),fidelity_across_halves,bookcorpus,wikitext,0.30070968249227387
pythia-70m,4,null,final,fidelity_across_halves,bookcorpus,wikitext,0.47593501288166473
pythia-70m,4,null,final,reliability_across_halves,bookcorpus,wikitext,0.11048689739124272
pythia-70m,4,null,(ceiling),fidelity_across_halves,bookcorpus,agnews,0.29516328346359977
pythia-70m,4,null,final,fidelity_across_halves,bookcorpus,agnews,0.4668211631476379
pythia-70m,4,null,final,reliability_across_halves,bookcorpus,agnews,0.11270649938382998
pythia-70m,4,null,(ceiling),fidelity_across_halves,bookcorpus,tldr17,0.30133698985223367
pythia-70m,4,null,final,fidelity_across_halves,bookcorpus,tldr17,0.481806364727792
pythia-70m,4,null,final,reliability_across_halves,bookcorpus,tldr17,0.12292160822378263
pythia-70m,4,null,(ceiling),fidelity_across_halves,agnews,wikitext,0.30035867284292006
pythia-70m,4,null,final,fidelity_across_halves,agnews,wikitext,0.47890677208645177
pythia-70m,4,null,final,reliability_across_halves,agnews,wikitext,0.17139120353823586
pythia-70m,4,null,(ceiling),fidelity_across_halves,agnews,bookcorpus,0.295152405429039
pythia-70m,4,null,final,fidelity_across_halves,agnews,bookcorpus,0.4606799673811131
pythia-70m,4,null,final,reliability_across_halves,agnews,bookcorpus,0.10368979595716642
pythia-70m,4,null,(ceiling),fidelity_across_halves,agnews,tldr17,0.30493768755173145
pythia-70m,4,null,final,fidelity_across_halves,agnews,tldr17,0.4849672852103528
pythia-70m,4,null,final,reliability_across_halves,agnews,tldr17,0.1743967459681306
pythia-70m,4,null,(ceiling),fidelity_across_halves,tldr17,wikitext,0.3074953377351344
pythia-70m,4,null,final,fidelity_across_halves,tldr17,wikitext,0.48539319820980253
pythia-70m,4,null,final,reliability_across_halves,tldr17,wikitext,0.19856693874260659
pythia-70m,4,null,(ceiling),fidelity_across_halves,tldr17,bookcorpus,0.3016387015424165
pythia-70m,4,null,final,fidelity_across_halves,tldr17,bookcorpus,0.4667591643643449
pythia-70m,4,null,final,reliability_across_halves,tldr17,bookcorpus,0.11346607469372952
pythia-70m,4,null,(ceiling),fidelity_across_halves,tldr17,agnews,0.30521320732548324
pythia-70m,4,null,final,fidelity_across_halves,tldr17,agnews,0.475939431698509
pythia-70m,4,null,final,reliability_across_halves,tldr17,agnews,0.19277729380548214
pythia-70m,4,pnull,final,reliability_within_coassoc,wikitext,wikitext,0.3658897467556004
pythia-70m,4,pnull,final,reliability_within,wikitext,wikitext,0.18078547923633337
pythia-70m,4,pnull,final,fidelity_within,wikitext,wikitext,0.28210144384012714
pythia-70m,4,pnull,final,fidelity_within_r,wikitext,wikitext,0.5312709181642036
pythia-70m,4,pnull,final,fidelity_within_insample,wikitext,wikitext,0.28201117604177195
pythia-70m,4,pnull,final,triviality_ami_layer,wikitext,wikitext,0.1424398266212947
pythia-70m,4,pnull,final,triviality_ami_dimension,wikitext,wikitext,-0.00540978566471139
pythia-70m,4,pnull,final,triviality_ami_hubness,wikitext,wikitext,0.11217867943053098
pythia-70m,4,pnull,final,triviality_n_effective_networks,wikitext,wikitext,100.0
pythia-70m,4,pnull,final,triviality_entropy_effective_networks,wikitext,wikitext,87.95048222756904
pythia-70m,4,pnull,final,triviality_median_max_membership,wikitext,wikitext,0.425
pythia-70m,4,pnull,final,triviality_frac_confident,wikitext,wikitext,0.2725423177083333
pythia-70m,4,rand,final,reliability_within,wikitext,wikitext,-2.790421011708315e-05
pythia-70m,4,rand,final,fidelity_within,wikitext,wikitext,0.0023467503908329856
pythia-70m,4,rand,final,fidelity_within_r,wikitext,wikitext,0.04950914057670001
pythia-70m,4,rand,final,fidelity_within_insample,wikitext,wikitext,0.0025732395203399427
pythia-70m,4,rand,final,triviality_ami_layer,wikitext,wikitext,0.00011872634907386882
pythia-70m,4,rand,final,triviality_ami_dimension,wikitext,wikitext,-0.0003306058318419001
pythia-70m,4,rand,final,triviality_ami_hubness,wikitext,wikitext,-8.643427382500615e-05
pythia-70m,4,rand,final,triviality_n_effective_networks,wikitext,wikitext,100.0
pythia-70m,4,rand,final,triviality_entropy_effective_networks,wikitext,wikitext,99.65527943369183
pythia-70m,4,rand,final,triviality_median_max_membership,wikitext,wikitext,1.0
pythia-70m,4,rand,final,triviality_frac_confident,wikitext,wikitext,1.0
pythia-70m,4,pnull,final,reliability_within_coassoc,bookcorpus,bookcorpus,0.39676588554705194
pythia-70m,4,pnull,final,reliability_within,bookcorpus,bookcorpus,0.17913226678094304
pythia-70m,4,pnull,final,fidelity_within,bookcorpus,bookcorpus,0.2774184374335006
pythia-70m,4,pnull,final,fidelity_within_r,bookcorpus,bookcorpus,0.5267078644974008
pythia-70m,4,pnull,final,fidelity_within_insample,bookcorpus,bookcorpus,0.2771697927705239
pythia-70m,4,pnull,final,triviality_ami_layer,bookcorpus,bookcorpus,0.14177935894148588
pythia-70m,4,pnull,final,triviality_ami_dimension,bookcorpus,bookcorpus,-0.004717836233950556
pythia-70m,4,pnull,final,triviality_ami_hubness,bookcorpus,bookcorpus,0.11262539163114961
pythia-70m,4,pnull,final,triviality_n_effective_networks,bookcorpus,bookcorpus,99.0
pythia-70m,4,pnull,final,triviality_entropy_effective_networks,bookcorpus,bookcorpus,91.3383477844863
pythia-70m,4,pnull,final,triviality_median_max_membership,bookcorpus,bookcorpus,0.56
pythia-70m,4,pnull,final,triviality_frac_confident,bookcorpus,bookcorpus,0.6355794270833334
pythia-70m,4,rand,final,reliability_within,bookcorpus,bookcorpus,-6.786228314343652e-05
pythia-70m,4,rand,final,fidelity_within,bookcorpus,bookcorpus,0.00240099696939422
pythia-70m,4,rand,final,fidelity_within_r,bookcorpus,bookcorpus,0.0490169051306985
pythia-70m,4,rand,final,fidelity_within_insample,bookcorpus,bookcorpus,0.002370735646102018
pythia-70m,4,rand,final,triviality_ami_layer,bookcorpus,bookcorpus,-0.0001546005848497963
pythia-70m,4,rand,final,triviality_ami_dimension,bookcorpus,bookcorpus,-0.00035047632744764214
pythia-70m,4,rand,final,triviality_ami_hubness,bookcorpus,bookcorpus,0.0005049302531555751
pythia-70m,4,rand,final,triviality_n_effective_networks,bookcorpus,bookcorpus,100.0
pythia-70m,4,rand,final,triviality_entropy_effective_networks,bookcorpus,bookcorpus,99.49391230693601
pythia-70m,4,rand,final,triviality_median_max_membership,bookcorpus,bookcorpus,1.0
pythia-70m,4,rand,final,triviality_frac_confident,bookcorpus,bookcorpus,1.0
pythia-70m,4,pnull,final,reliability_within_coassoc,agnews,agnews,0.3347468957070135
pythia-70m,4,pnull,final,reliability_within,agnews,agnews,0.16781578427916072
pythia-70m,4,pnull,final,fidelity_within,agnews,agnews,0.27778210065186526
pythia-70m,4,pnull,final,fidelity_within_r,agnews,agnews,0.5272170224043042
pythia-70m,4,pnull,final,fidelity_within_insample,agnews,agnews,0.2768648028246129
pythia-70m,4,pnull,final,triviality_ami_layer,agnews,agnews,0.14206028702274265
pythia-70m,4,pnull,final,triviality_ami_dimension,agnews,agnews,-0.004761394682138443
pythia-70m,4,pnull,final,triviality_ami_hubness,agnews,agnews,0.11299809069759864
pythia-70m,4,pnull,final,triviality_n_effective_networks,agnews,agnews,100.0
pythia-70m,4,pnull,final,triviality_entropy_effective_networks,agnews,agnews,90.96631751304794
pythia-70m,4,pnull,final,triviality_median_max_membership,agnews,agnews,0.515
pythia-70m,4,pnull,final,triviality_frac_confident,agnews,agnews,0.5352376302083334
pythia-70m,4,rand,final,reliability_within,agnews,agnews,6.723657659827036e-05
pythia-70m,4,rand,final,fidelity_within,agnews,agnews,0.001955253084729547
pythia-70m,4,rand,final,fidelity_within_r,agnews,agnews,0.045622490443361086
pythia-70m,4,rand,final,fidelity_within_insample,agnews,agnews,0.002217134271379706
pythia-70m,4,rand,final,triviality_ami_layer,agnews,agnews,-1.0400218675097702e-05
pythia-70m,4,rand,final,triviality_ami_dimension,agnews,agnews,-0.0006017366849156746
pythia-70m,4,rand,final,triviality_ami_hubness,agnews,agnews,-0.00027864879811263847
pythia-70m,4,rand,final,triviality_n_effective_networks,agnews,agnews,100.0
pythia-70m,4,rand,final,triviality_entropy_effective_networks,agnews,agnews,99.58778207722416
pythia-70m,4,rand,final,triviality_median_max_membership,agnews,agnews,1.0
pythia-70m,4,rand,final,triviality_frac_confident,agnews,agnews,1.0
pythia-70m,4,pnull,final,reliability_within_coassoc,tldr17,tldr17,0.40871423770318976
pythia-70m,4,pnull,final,reliability_within,tldr17,tldr17,0.18643619577185816
pythia-70m,4,pnull,final,fidelity_within,tldr17,tldr17,0.2771982179208853
pythia-70m,4,pnull,final,fidelity_within_r,tldr17,tldr17,0.526519061681256
pythia-70m,4,pnull,final,fidelity_within_insample,tldr17,tldr17,0.2798403308932147
pythia-70m,4,pnull,final,triviality_ami_layer,tldr17,tldr17,0.14264099615522038
pythia-70m,4,pnull,final,triviality_ami_dimension,tldr17,tldr17,-0.005311285473567104
pythia-70m,4,pnull,final,triviality_ami_hubness,tldr17,tldr17,0.1160398161088332
pythia-70m,4,pnull,final,triviality_n_effective_networks,tldr17,tldr17,100.0
pythia-70m,4,pnull,final,triviality_entropy_effective_networks,tldr17,tldr17,84.86545950862711
pythia-70m,4,pnull,final,triviality_median_max_membership,tldr17,tldr17,0.34
pythia-70m,4,pnull,final,triviality_frac_confident,tldr17,tldr17,0.15755208333333334
pythia-70m,4,rand,final,reliability_within,tldr17,tldr17,3.3758794964368813e-06
pythia-70m,4,rand,final,fidelity_within,tldr17,tldr17,0.0021973558637038426
pythia-70m,4,rand,final,fidelity_within_r,tldr17,tldr17,0.04694091006692302
pythia-70m,4,rand,final,fidelity_within_insample,tldr17,tldr17,0.0021517385195877203
pythia-70m,4,rand,final,triviality_ami_layer,tldr17,tldr17,0.000474331363252503
pythia-70m,4,rand,final,triviality_ami_dimension,tldr17,tldr17,2.566747306591322e-05
pythia-70m,4,rand,final,triviality_ami_hubness,tldr17,tldr17,-0.0006972910530242893
pythia-70m,4,rand,final,triviality_n_effective_networks,tldr17,tldr17,100.0
pythia-70m,4,rand,final,triviality_entropy_effective_networks,tldr17,tldr17,99.68282162958437
pythia-70m,4,rand,final,triviality_median_max_membership,tldr17,tldr17,1.0
pythia-70m,4,rand,final,triviality_frac_confident,tldr17,tldr17,1.0
pythia-70m,4,pnull,final,fidelity_across_halves,wikitext,bookcorpus,0.5262854099162826
pythia-70m,4,pnull,final,reliability_across_halves,wikitext,bookcorpus,0.19190760530300477
pythia-70m,4,rand,final,fidelity_across_halves,wikitext,bookcorpus,0.04656006286496278
pythia-70m,4,rand,final,reliability_across_halves,wikitext,bookcorpus,-0.00013843043316355002
pythia-70m,4,pnull,final,fidelity_across_halves,wikitext,agnews,0.526793650129946
pythia-70m,4,pnull,final,reliability_across_halves,wikitext,agnews,0.1785732250702303
pythia-70m,4,rand,final,fidelity_across_halves,wikitext,agnews,0.048262692041955026
pythia-70m,4,rand,final,reliability_across_halves,wikitext,agnews,4.791453411970757e-05
pythia-70m,4,pnull,final,fidelity_across_halves,wikitext,tldr17,0.5251607044579798
pythia-70m,4,pnull,final,reliability_across_halves,wikitext,tldr17,0.19082398062488373
pythia-70m,4,rand,final,fidelity_across_halves,wikitext,tldr17,0.046482969733866876
pythia-70m,4,rand,final,reliability_across_halves,wikitext,tldr17,4.4903999254248316e-05
pythia-70m,4,pnull,final,fidelity_across_halves,bookcorpus,wikitext,0.5312597496027206
pythia-70m,4,pnull,final,reliability_across_halves,bookcorpus,wikitext,0.16784027231744275
pythia-70m,4,rand,final,fidelity_across_halves,bookcorpus,wikitext,0.049202614055156565
pythia-70m,4,rand,final,reliability_across_halves,bookcorpus,wikitext,-5.625626569016505e-05
pythia-70m,4,pnull,final,fidelity_across_halves,bookcorpus,agnews,0.5270801785478945
pythia-70m,4,pnull,final,reliability_across_halves,bookcorpus,agnews,0.16619630293943266
pythia-70m,4,rand,final,fidelity_across_halves,bookcorpus,agnews,0.0462063969379719
pythia-70m,4,rand,final,reliability_across_halves,bookcorpus,agnews,3.928965159538624e-05
pythia-70m,4,pnull,final,fidelity_across_halves,bookcorpus,tldr17,0.5252814179575188
pythia-70m,4,pnull,final,reliability_across_halves,bookcorpus,tldr17,0.17765900584255886
pythia-70m,4,rand,final,fidelity_across_halves,bookcorpus,tldr17,0.04640782852389734
pythia-70m,4,rand,final,reliability_across_halves,bookcorpus,tldr17,0.0001138579123394156
pythia-70m,4,pnull,final,fidelity_across_halves,agnews,wikitext,0.5309195914434185
pythia-70m,4,pnull,final,reliability_across_halves,agnews,wikitext,0.16988212628045615
pythia-70m,4,rand,final,fidelity_across_halves,agnews,wikitext,0.04400661187437582
pythia-70m,4,rand,final,reliability_across_halves,agnews,wikitext,6.729897938913944e-05
pythia-70m,4,pnull,final,fidelity_across_halves,agnews,bookcorpus,0.5265385572825236
pythia-70m,4,pnull,final,reliability_across_halves,agnews,bookcorpus,0.18034322656448082
pythia-70m,4,rand,final,fidelity_across_halves,agnews,bookcorpus,0.044266225724154555
pythia-70m,4,rand,final,reliability_across_halves,agnews,bookcorpus,-5.4784531911953484e-05
pythia-70m,4,pnull,final,fidelity_across_halves,agnews,tldr17,0.5253032499763255
pythia-70m,4,pnull,final,reliability_across_halves,agnews,tldr17,0.17967650881633848
pythia-70m,4,rand,final,fidelity_across_halves,agnews,tldr17,0.044129976393331785
pythia-70m,4,rand,final,reliability_across_halves,agnews,tldr17,9.444062904357236e-05
pythia-70m,4,pnull,final,fidelity_across_halves,tldr17,wikitext,0.530152326755166
pythia-70m,4,pnull,final,reliability_across_halves,tldr17,wikitext,0.1764015775160811
pythia-70m,4,rand,final,fidelity_across_halves,tldr17,wikitext,0.04162570721351766
pythia-70m,4,rand,final,reliability_across_halves,tldr17,wikitext,-4.802963345435321e-05
pythia-70m,4,pnull,final,fidelity_across_halves,tldr17,bookcorpus,0.5255783976953254
pythia-70m,4,pnull,final,reliability_across_halves,tldr17,bookcorpus,0.18758471899860302
pythia-70m,4,rand,final,fidelity_across_halves,tldr17,bookcorpus,0.04336802729324845
pythia-70m,4,rand,final,reliability_across_halves,tldr17,bookcorpus,-0.00011187652618169859
pythia-70m,4,pnull,final,fidelity_across_halves,tldr17,agnews,0.526093719414213
pythia-70m,4,pnull,final,reliability_across_halves,tldr17,agnews,0.17419133864044462
pythia-70m,4,rand,final,fidelity_across_halves,tldr17,agnews,0.044554450850140474
pythia-70m,4,rand,final,reliability_across_halves,tldr17,agnews,-2.0308504262868323e-06
pythia-70m,16,real,(ceiling),fidelity_within,wikitext,wikitext,0.6714462943058797
pythia-70m,16,real,(ceiling),fidelity_within_r,wikitext,wikitext,0.8381340095559566
pythia-70m,16,real,final,reliability_within,wikitext,wikitext,0.7684151718681578
pythia-70m,16,real,final,reliability_within_coassoc,wikitext,wikitext,0.9568410315277656
pythia-70m,16,real,final,fidelity_within,wikitext,wikitext,0.3228780276460922
pythia-70m,16,real,final,fidelity_within_r,wikitext,wikitext,0.5701097481731017
pythia-70m,16,real,final,fidelity_within_insample,wikitext,wikitext,0.3682009041549692
pythia-70m,16,real,final,reliability_ceiling,wikitext,wikitext,0.900121990047118
pythia-70m,16,real,final,triviality_ami_layer,wikitext,wikitext,0.17438792915479256
pythia-70m,16,real,final,triviality_ami_dimension,wikitext,wikitext,-0.026203023702227806
pythia-70m,16,real,final,triviality_ami_hubness,wikitext,wikitext,0.160919089008862
pythia-70m,16,real,final,triviality_n_effective_networks,wikitext,wikitext,100.0
pythia-70m,16,real,final,triviality_entropy_effective_networks,wikitext,wikitext,65.60831207009323
pythia-70m,16,real,final,triviality_median_max_membership,wikitext,wikitext,0.43
pythia-70m,16,real,final,triviality_frac_confident,wikitext,wikitext,0.3868815104166667
pythia-70m,16,real,(ceiling),fidelity_within,bookcorpus,bookcorpus,0.6635553831429458
pythia-70m,16,real,(ceiling),fidelity_within_r,bookcorpus,bookcorpus,0.8316261131680999
pythia-70m,16,real,final,reliability_within,bookcorpus,bookcorpus,0.7586311969029358
pythia-70m,16,real,final,reliability_within_coassoc,bookcorpus,bookcorpus,0.949282198115565
pythia-70m,16,real,final,fidelity_within,bookcorpus,bookcorpus,0.3277751386708253
pythia-70m,16,real,final,fidelity_within_r,bookcorpus,bookcorpus,0.5726503039177014
pythia-70m,16,real,final,fidelity_within_insample,bookcorpus,bookcorpus,0.34284324687787027
pythia-70m,16,real,final,reliability_ceiling,bookcorpus,bookcorpus,0.8980604216565719
pythia-70m,16,real,final,triviality_ami_layer,bookcorpus,bookcorpus,0.1866799579732666
pythia-70m,16,real,final,triviality_ami_dimension,bookcorpus,bookcorpus,-0.025932579301964943
pythia-70m,16,real,final,triviality_ami_hubness,bookcorpus,bookcorpus,0.1568173775391524
pythia-70m,16,real,final,triviality_n_effective_networks,bookcorpus,bookcorpus,100.0
pythia-70m,16,real,final,triviality_entropy_effective_networks,bookcorpus,bookcorpus,63.711080321489895
pythia-70m,16,real,final,triviality_median_max_membership,bookcorpus,bookcorpus,0.42
pythia-70m,16,real,final,triviality_frac_confident,bookcorpus,bookcorpus,0.3824055989583333
pythia-70m,16,real,(ceiling),fidelity_within,agnews,agnews,0.6487796228592448
pythia-70m,16,real,(ceiling),fidelity_within_r,agnews,agnews,0.822502857675923
pythia-70m,16,real,final,reliability_within,agnews,agnews,0.7434007186792033
pythia-70m,16,real,final,reliability_within_coassoc,agnews,agnews,0.9453494867476995
pythia-70m,16,real,final,fidelity_within,agnews,agnews,0.320008002133085
pythia-70m,16,real,final,fidelity_within_r,agnews,agnews,0.5659401540899529
pythia-70m,16,real,final,fidelity_within_insample,agnews,agnews,0.34250470100207453
pythia-70m,16,real,final,reliability_ceiling,agnews,agnews,0.8964455464859598
pythia-70m,16,real,final,triviality_ami_layer,agnews,agnews,0.19126855965471032
pythia-70m,16,real,final,triviality_ami_dimension,agnews,agnews,-0.026554539228112094
pythia-70m,16,real,final,triviality_ami_hubness,agnews,agnews,0.16378678202129687
pythia-70m,16,real,final,triviality_n_effective_networks,agnews,agnews,100.0
pythia-70m,16,real,final,triviality_entropy_effective_networks,agnews,agnews,61.47582574750966
pythia-70m,16,real,final,triviality_median_max_membership,agnews,agnews,0.405
pythia-70m,16,real,final,triviality_frac_confident,agnews,agnews,0.3662109375
pythia-70m,16,real,(ceiling),fidelity_within,tldr17,tldr17,0.6515047029430645
pythia-70m,16,real,(ceiling),fidelity_within_r,tldr17,tldr17,0.826263586159225
pythia-70m,16,real,final,reliability_within,tldr17,tldr17,0.7600488486441039
pythia-70m,16,real,final,reliability_within_coassoc,tldr17,tldr17,0.950884167746049
pythia-70m,16,real,final,fidelity_within,tldr17,tldr17,0.3251636836455224
pythia-70m,16,real,final,fidelity_within_r,tldr17,tldr17,0.5707437766710209
pythia-70m,16,real,final,fidelity_within_insample,tldr17,tldr17,0.3517874865977646
pythia-70m,16,real,final,reliability_ceiling,tldr17,tldr17,0.8991167599547917
pythia-70m,16,real,final,triviality_ami_layer,tldr17,tldr17,0.1715735606694954
pythia-70m,16,real,final,triviality_ami_dimension,tldr17,tldr17,-0.025732675052630175
pythia-70m,16,real,final,triviality_ami_hubness,tldr17,tldr17,0.16030586307398756
pythia-70m,16,real,final,triviality_n_effective_networks,tldr17,tldr17,100.0
pythia-70m,16,real,final,triviality_entropy_effective_networks,tldr17,tldr17,64.061701836508
pythia-70m,16,real,final,triviality_median_max_membership,tldr17,tldr17,0.415
pythia-70m,16,real,final,triviality_frac_confident,tldr17,tldr17,0.376220703125
pythia-70m,16,real,(ceiling),fidelity_across_halves,wikitext,bookcorpus,0.650709649417974
pythia-70m,16,real,final,fidelity_across_halves,wikitext,bookcorpus,0.49555790608293365
pythia-70m,16,real,final,reliability_across_halves,wikitext,bookcorpus,0.7209203787589034
pythia-70m,16,real,(ceiling),fidelity_across_halves,wikitext,agnews,0.6094553720467295
pythia-70m,16,real,final,fidelity_across_halves,wikitext,agnews,0.48403572363162445
pythia-70m,16,real,final,reliability_across_halves,wikitext,agnews,0.7090691564423728
pythia-70m,16,real,(ceiling),fidelity_across_halves,wikitext,tldr17,0.565337488984085
pythia-70m,16,real,final,fidelity_across_halves,wikitext,tldr17,0.47215215876284533
pythia-70m,16,real,final,reliability_across_halves,wikitext,tldr17,0.7172669590035754
pythia-70m,16,real,(ceiling),fidelity_across_halves,bookcorpus,wikitext,0.6978831022581921
pythia-70m,16,real,final,fidelity_across_halves,bookcorpus,wikitext,0.545445123594438
pythia-70m,16,real,final,reliability_across_halves,bookcorpus,wikitext,0.727616348615292
pythia-70m,16,real,(ceiling),fidelity_across_halves,bookcorpus,agnews,0.6434909317588388
pythia-70m,16,real,final,fidelity_across_halves,bookcorpus,agnews,0.5146185736163142
pythia-70m,16,real,final,reliability_across_halves,bookcorpus,agnews,0.7005843214126131
pythia-70m,16,real,(ceiling),fidelity_across_halves,bookcorpus,tldr17,0.6280075694055192
pythia-70m,16,real,final,fidelity_across_halves,bookcorpus,tldr17,0.50681980847192
pythia-70m,16,real,final,reliability_across_halves,bookcorpus,tldr17,0.7080028950405854
pythia-70m,16,real,(ceiling),fidelity_across_halves,agnews,wikitext,0.6256046912383036
pythia-70m,16,real,final,fidelity_across_halves,agnews,wikitext,0.5132083312728803
pythia-70m,16,real,final,reliability_across_halves,agnews,wikitext,0.7081389285668684
pythia-70m,16,real,(ceiling),fidelity_across_halves,agnews,bookcorpus,0.6390694017444924
pythia-70m,16,real,final,fidelity_across_halves,agnews,bookcorpus,0.5100081861755621
pythia-70m,16,real,final,reliability_across_halves,agnews,bookcorpus,0.6935059110524662
pythia-70m,16,real,(ceiling),fidelity_across_halves,agnews,tldr17,0.6871107760607681
pythia-70m,16,real,final,fidelity_across_halves,agnews,tldr17,0.5353094599409364
pythia-70m,16,real,final,reliability_across_halves,agnews,tldr17,0.7092503842778943
pythia-70m,16,real,(ceiling),fidelity_across_halves,tldr17,wikitext,0.5852756165455663
pythia-70m,16,real,final,fidelity_across_halves,tldr17,wikitext,0.49424110118844283
pythia-70m,16,real,final,reliability_across_halves,tldr17,wikitext,0.7204323916265607
pythia-70m,16,real,(ceiling),fidelity_across_halves,tldr17,bookcorpus,0.6207506397564378
pythia-70m,16,real,final,fidelity_across_halves,tldr17,bookcorpus,0.49414862047127317
pythia-70m,16,real,final,reliability_across_halves,tldr17,bookcorpus,0.7048833600312544
pythia-70m,16,real,(ceiling),fidelity_across_halves,tldr17,agnews,0.6738038052098361
pythia-70m,16,real,final,fidelity_across_halves,tldr17,agnews,0.513923564382498
pythia-70m,16,real,final,reliability_across_halves,tldr17,agnews,0.7111435379673352
pythia-70m,16,null,(ceiling),fidelity_within,wikitext,wikitext,-0.3636127810213794
pythia-70m,16,null,(ceiling),fidelity_within_r,wikitext,wikitext,0.3190389205456469
pythia-70m,16,null,final,reliability_within,wikitext,wikitext,0.2373797887743142
pythia-70m,16,null,final,reliability_within_coassoc,wikitext,wikitext,0.4198855318351098
pythia-70m,16,null,final,fidelity_within,wikitext,wikitext,0.22435252130014116
pythia-70m,16,null,final,fidelity_within_r,wikitext,wikitext,0.4739915700037951
pythia-70m,16,null,final,fidelity_within_insample,wikitext,wikitext,0.24100280475073488
pythia-70m,16,null,final,reliability_ceiling,wikitext,wikitext,0.6581563094256456
pythia-70m,16,null,final,triviality_ami_layer,wikitext,wikitext,0.1423901208246299
pythia-70m,16,null,final,triviality_ami_dimension,wikitext,wikitext,-0.006435176282033077
pythia-70m,16,null,final,triviality_ami_hubness,wikitext,wikitext,0.1238146610760439
pythia-70m,16,null,final,triviality_n_effective_networks,wikitext,wikitext,99.0
pythia-70m,16,null,final,triviality_entropy_effective_networks,wikitext,wikitext,87.1871956315515
pythia-70m,16,null,final,triviality_median_max_membership,wikitext,wikitext,0.425
pythia-70m,16,null,final,triviality_frac_confident,wikitext,wikitext,0.2906087239583333
pythia-70m,16,null,(ceiling),fidelity_within,bookcorpus,bookcorpus,-0.3842401887955369
pythia-70m,16,null,(ceiling),fidelity_within_r,bookcorpus,bookcorpus,0.31003198551555294
pythia-70m,16,null,final,reliability_within,bookcorpus,bookcorpus,0.11915073581938654
pythia-70m,16,null,final,reliability_within_coassoc,bookcorpus,bookcorpus,0.258709135784571
pythia-70m,16,null,final,fidelity_within,bookcorpus,bookcorpus,0.2015397136225009
pythia-70m,16,null,final,fidelity_within_r,bookcorpus,bookcorpus,0.4499491866335966
pythia-70m,16,null,final,fidelity_within_insample,bookcorpus,bookcorpus,0.22900120963988835
pythia-70m,16,null,final,reliability_ceiling,bookcorpus,bookcorpus,0.6937292173399754
pythia-70m,16,null,final,triviality_ami_layer,bookcorpus,bookcorpus,0.14219716106915548
pythia-70m,16,null,final,triviality_ami_dimension,bookcorpus,bookcorpus,-0.004790330455813837
pythia-70m,16,null,final,triviality_ami_hubness,bookcorpus,bookcorpus,0.11758634281901584
pythia-70m,16,null,final,triviality_n_effective_networks,bookcorpus,bookcorpus,99.0
pythia-70m,16,null,final,triviality_entropy_effective_networks,bookcorpus,bookcorpus,91.47376475666793
pythia-70m,16,null,final,triviality_median_max_membership,bookcorpus,bookcorpus,0.575
pythia-70m,16,null,final,triviality_frac_confident,bookcorpus,bookcorpus,0.663818359375
pythia-70m,16,null,(ceiling),fidelity_within,agnews,agnews,-0.3702793425823452
pythia-70m,16,null,(ceiling),fidelity_within_r,agnews,agnews,0.31185266256405697
pythia-70m,16,null,final,reliability_within,agnews,agnews,0.1907688948141314
pythia-70m,16,null,final,reliability_within_coassoc,agnews,agnews,0.31918357744026443
pythia-70m,16,null,final,fidelity_within,agnews,agnews,0.2119426326394408
pythia-70m,16,null,final,fidelity_within_r,agnews,agnews,0.46089397655295633
pythia-70m,16,null,final,fidelity_within_insample,agnews,agnews,0.23480848383547326
pythia-70m,16,null,final,reliability_ceiling,agnews,agnews,0.6609418882250805
pythia-70m,16,null,final,triviality_ami_layer,agnews,agnews,0.14278165952049643
pythia-70m,16,null,final,triviality_ami_dimension,agnews,agnews,-0.006395996273165234
pythia-70m,16,null,final,triviality_ami_hubness,agnews,agnews,0.12266424029167176
pythia-70m,16,null,final,triviality_n_effective_networks,agnews,agnews,100.0
pythia-70m,16,null,final,triviality_entropy_effective_networks,agnews,agnews,89.62374284795924
pythia-70m,16,null,final,triviality_median_max_membership,agnews,agnews,0.515
pythia-70m,16,null,final,triviality_frac_confident,agnews,agnews,0.533935546875
pythia-70m,16,null,(ceiling),fidelity_within,tldr17,tldr17,-0.39193655393413906
pythia-70m,16,null,(ceiling),fidelity_within_r,tldr17,tldr17,0.32767799891810795
pythia-70m,16,null,final,reliability_within,tldr17,tldr17,0.15042066109190244
pythia-70m,16,null,final,reliability_within_coassoc,tldr17,tldr17,0.42108407902349493
pythia-70m,16,null,final,fidelity_within,tldr17,tldr17,0.23141621651552657
pythia-70m,16,null,final,fidelity_within_r,tldr17,tldr17,0.4827120788467937
pythia-70m,16,null,final,fidelity_within_insample,tldr17,tldr17,0.24517399296213893
pythia-70m,16,null,final,reliability_ceiling,tldr17,tldr17,0.5902165225953184
pythia-70m,16,null,final,triviality_ami_layer,tldr17,tldr17,0.14429569316305965
pythia-70m,16,null,final,triviality_ami_dimension,tldr17,tldr17,-0.0064578030437665605
pythia-70m,16,null,final,triviality_ami_hubness,tldr17,tldr17,0.12456777301695493
pythia-70m,16,null,final,triviality_n_effective_networks,tldr17,tldr17,100.0
pythia-70m,16,null,final,triviality_entropy_effective_networks,tldr17,tldr17,83.99217802350653
pythia-70m,16,null,final,triviality_median_max_membership,tldr17,tldr17,0.34
pythia-70m,16,null,final,triviality_frac_confident,tldr17,tldr17,0.16642252604166666
pythia-70m,16,null,(ceiling),fidelity_across_halves,wikitext,bookcorpus,0.310855134969142
pythia-70m,16,null,final,fidelity_across_halves,wikitext,bookcorpus,0.4557416119912706
pythia-70m,16,null,final,reliability_across_halves,wikitext,bookcorpus,0.17129628419075754
pythia-70m,16,null,(ceiling),fidelity_across_halves,wikitext,agnews,0.3113009347715742
pythia-70m,16,null,final,fidelity_across_halves,wikitext,agnews,0.4641616075391157
pythia-70m,16,null,final,reliability_across_halves,wikitext,agnews,0.23895075131895682
pythia-70m,16,null,(ceiling),fidelity_across_halves,wikitext,tldr17,0.31814487032524613
pythia-70m,16,null,final,fidelity_across_halves,wikitext,tldr17,0.47967814304885764
pythia-70m,16,null,final,reliability_across_halves,wikitext,tldr17,0.16545652380077833
pythia-70m,16,null,(ceiling),fidelity_across_halves,bookcorpus,wikitext,0.3118167472506554
pythia-70m,16,null,final,fidelity_across_halves,bookcorpus,wikitext,0.46722843264153113
pythia-70m,16,null,final,reliability_across_halves,bookcorpus,wikitext,0.09707093927951596
pythia-70m,16,null,(ceiling),fidelity_across_halves,bookcorpus,agnews,0.306540522839157
pythia-70m,16,null,final,fidelity_across_halves,bookcorpus,agnews,0.4577224144936791
pythia-70m,16,null,final,reliability_across_halves,bookcorpus,agnews,0.09789502070620401
pythia-70m,16,null,(ceiling),fidelity_across_halves,bookcorpus,tldr17,0.31291192843095894
pythia-70m,16,null,final,fidelity_across_halves,bookcorpus,tldr17,0.472663429893377
pythia-70m,16,null,final,reliability_across_halves,bookcorpus,tldr17,0.08064356469999491
pythia-70m,16,null,(ceiling),fidelity_across_halves,agnews,wikitext,0.31161744607719266
pythia-70m,16,null,final,fidelity_across_halves,agnews,wikitext,0.4704159628773636
pythia-70m,16,null,final,reliability_across_halves,agnews,wikitext,0.191184313082161
pythia-70m,16,null,(ceiling),fidelity_across_halves,agnews,bookcorpus,0.30645700395482495
pythia-70m,16,null,final,fidelity_across_halves,agnews,bookcorpus,0.45245957752783855
pythia-70m,16,null,final,reliability_across_halves,agnews,bookcorpus,0.14907395083613958
pythia-70m,16,null,(ceiling),fidelity_across_halves,agnews,tldr17,0.3165438732996398
pythia-70m,16,null,final,fidelity_across_halves,agnews,tldr17,0.4759118276073882
pythia-70m,16,null,final,reliability_across_halves,agnews,tldr17,0.13636245885483722
pythia-70m,16,null,(ceiling),fidelity_across_halves,tldr17,wikitext,0.3187119653236577
pythia-70m,16,null,final,fidelity_across_halves,tldr17,wikitext,0.4767956976364848
pythia-70m,16,null,final,reliability_across_halves,tldr17,wikitext,0.20511028144517948
pythia-70m,16,null,(ceiling),fidelity_across_halves,tldr17,bookcorpus,0.31289266446060493
pythia-70m,16,null,final,fidelity_across_halves,tldr17,bookcorpus,0.45835184122702927
pythia-70m,16,null,final,reliability_across_halves,tldr17,bookcorpus,0.15464012787663511
pythia-70m,16,null,(ceiling),fidelity_across_halves,tldr17,agnews,0.31672293581364447
pythia-70m,16,null,final,fidelity_across_halves,tldr17,agnews,0.4668423518172689
pythia-70m,16,null,final,reliability_across_halves,tldr17,agnews,0.20835992184837515
pythia-70m,16,pnull,final,reliability_within_coassoc,wikitext,wikitext,0.4044766920198774
pythia-70m,16,pnull,final,reliability_within,wikitext,wikitext,0.21768983377745604
pythia-70m,16,pnull,final,fidelity_within,wikitext,wikitext,0.2759125752399132
pythia-70m,16,pnull,final,fidelity_within_r,wikitext,wikitext,0.5254218645038258
pythia-70m,16,pnull,final,fidelity_within_insample,wikitext,wikitext,0.2756112205609522
pythia-70m,16,pnull,final,triviality_ami_layer,wikitext,wikitext,0.1423901208246299
pythia-70m,16,pnull,final,triviality_ami_dimension,wikitext,wikitext,-0.006435176282033077
pythia-70m,16,pnull,final,triviality_ami_hubness,wikitext,wikitext,0.11334892702778147
pythia-70m,16,pnull,final,triviality_n_effective_networks,wikitext,wikitext,99.0
pythia-70m,16,pnull,final,triviality_entropy_effective_networks,wikitext,wikitext,87.1871956315515
pythia-70m,16,pnull,final,triviality_median_max_membership,wikitext,wikitext,0.425
pythia-70m,16,pnull,final,triviality_frac_confident,wikitext,wikitext,0.2906087239583333
pythia-70m,16,rand,final,reliability_within,wikitext,wikitext,-8.513351928656068e-05
pythia-70m,16,rand,final,fidelity_within,wikitext,wikitext,0.0022210862256720754
pythia-70m,16,rand,final,fidelity_within_r,wikitext,wikitext,0.04828248686007104
pythia-70m,16,rand,final,fidelity_within_insample,wikitext,wikitext,0.002404482576841893
pythia-70m,16,rand,final,triviality_ami_layer,wikitext,wikitext,0.00011872634907386882
pythia-70m,16,rand,final,triviality_ami_dimension,wikitext,wikitext,-0.0003306058318419001
pythia-70m,16,rand,final,triviality_ami_hubness,wikitext,wikitext,-0.00037398551094524024
pythia-70m,16,rand,final,triviality_n_effective_networks,wikitext,wikitext,100.0
pythia-70m,16,rand,final,triviality_entropy_effective_networks,wikitext,wikitext,99.65527943369183
pythia-70m,16,rand,final,triviality_median_max_membership,wikitext,wikitext,1.0
pythia-70m,16,rand,final,triviality_frac_confident,wikitext,wikitext,1.0
pythia-70m,16,pnull,final,reliability_within_coassoc,bookcorpus,bookcorpus,0.4576643657553761
pythia-70m,16,pnull,final,reliability_within,bookcorpus,bookcorpus,0.24794459485574738
pythia-70m,16,pnull,final,fidelity_within,bookcorpus,bookcorpus,0.27215465773801484
pythia-70m,16,pnull,final,fidelity_within_r,bookcorpus,bookcorpus,0.5216858895097355
pythia-70m,16,pnull,final,fidelity_within_insample,bookcorpus,bookcorpus,0.27174431825021605
pythia-70m,16,pnull,final,triviality_ami_layer,bookcorpus,bookcorpus,0.14219716106915548
pythia-70m,16,pnull,final,triviality_ami_dimension,bookcorpus,bookcorpus,-0.004790330455813837
pythia-70m,16,pnull,final,triviality_ami_hubness,bookcorpus,bookcorpus,0.1123753803289451
pythia-70m,16,pnull,final,triviality_n_effective_networks,bookcorpus,bookcorpus,99.0
pythia-70m,16,pnull,final,triviality_entropy_effective_networks,bookcorpus,bookcorpus,91.47376475666793
pythia-70m,16,pnull,final,triviality_median_max_membership,bookcorpus,bookcorpus,0.575
pythia-70m,16,pnull,final,triviality_frac_confident,bookcorpus,bookcorpus,0.663818359375
pythia-70m,16,rand,final,reliability_within,bookcorpus,bookcorpus,-8.091089239086246e-05
pythia-70m,16,rand,final,fidelity_within,bookcorpus,bookcorpus,0.00254612630040163
pythia-70m,16,rand,final,fidelity_within_r,bookcorpus,bookcorpus,0.050467376579155065
pythia-70m,16,rand,final,fidelity_within_insample,bookcorpus,bookcorpus,0.00252465439493621
pythia-70m,16,rand,final,triviality_ami_layer,bookcorpus,bookcorpus,-0.0001546005848497963
pythia-70m,16,rand,final,triviality_ami_dimension,bookcorpus,bookcorpus,-0.00035047632744764214
pythia-70m,16,rand,final,triviality_ami_hubness,bookcorpus,bookcorpus,0.00046299824256191966
pythia-70m,16,rand,final,triviality_n_effective_networks,bookcorpus,bookcorpus,100.0
pythia-70m,16,rand,final,triviality_entropy_effective_networks,bookcorpus,bookcorpus,99.49391230693601
pythia-70m,16,rand,final,triviality_median_max_membership,bookcorpus,bookcorpus,1.0
pythia-70m,16,rand,final,triviality_frac_confident,bookcorpus,bookcorpus,1.0
pythia-70m,16,pnull,final,reliability_within_coassoc,agnews,agnews,0.37819107712976807
pythia-70m,16,pnull,final,reliability_within,agnews,agnews,0.19626259267749302
pythia-70m,16,pnull,final,fidelity_within,agnews,agnews,0.2710567157348517
pythia-70m,16,pnull,final,fidelity_within_r,agnews,agnews,0.5207926764686348
pythia-70m,16,pnull,final,fidelity_within_insample,agnews,agnews,0.27010386774351736
pythia-70m,16,pnull,final,triviality_ami_layer,agnews,agnews,0.14278165952049643
pythia-70m,16,pnull,final,triviality_ami_dimension,agnews,agnews,-0.006395996273165234
pythia-70m,16,pnull,final,triviality_ami_hubness,agnews,agnews,0.11337670984325017
pythia-70m,16,pnull,final,triviality_n_effective_networks,agnews,agnews,100.0
pythia-70m,16,pnull,final,triviality_entropy_effective_networks,agnews,agnews,89.62374284795924
pythia-70m,16,pnull,final,triviality_median_max_membership,agnews,agnews,0.515
pythia-70m,16,pnull,final,triviality_frac_confident,agnews,agnews,0.533935546875
pythia-70m,16,rand,final,reliability_within,agnews,agnews,8.785669112196774e-05
pythia-70m,16,rand,final,fidelity_within,agnews,agnews,0.0019965548628216867
pythia-70m,16,rand,final,fidelity_within_r,agnews,agnews,0.04601302976667279
pythia-70m,16,rand,final,fidelity_within_insample,agnews,agnews,0.0022547322437949102
pythia-70m,16,rand,final,triviality_ami_layer,agnews,agnews,-1.0400218675097702e-05
pythia-70m,16,rand,final,triviality_ami_dimension,agnews,agnews,-0.0006017366849156746
pythia-70m,16,rand,final,triviality_ami_hubness,agnews,agnews,0.0005561436721681928
pythia-70m,16,rand,final,triviality_n_effective_networks,agnews,agnews,100.0
pythia-70m,16,rand,final,triviality_entropy_effective_networks,agnews,agnews,99.58778207722416
pythia-70m,16,rand,final,triviality_median_max_membership,agnews,agnews,1.0
pythia-70m,16,rand,final,triviality_frac_confident,agnews,agnews,1.0
pythia-70m,16,pnull,final,reliability_within_coassoc,tldr17,tldr17,0.44432998861837614
pythia-70m,16,pnull,final,reliability_within,tldr17,tldr17,0.1937408930807924
pythia-70m,16,pnull,final,fidelity_within,tldr17,tldr17,0.2704548928795286
pythia-70m,16,pnull,final,fidelity_within_r,tldr17,tldr17,0.5200738908554615
pythia-70m,16,pnull,final,fidelity_within_insample,tldr17,tldr17,0.27329722719707017
pythia-70m,16,pnull,final,triviality_ami_layer,tldr17,tldr17,0.14429569316305965
pythia-70m,16,pnull,final,triviality_ami_dimension,tldr17,tldr17,-0.0064578030437665605
pythia-70m,16,pnull,final,triviality_ami_hubness,tldr17,tldr17,0.11563623526415787
pythia-70m,16,pnull,final,triviality_n_effective_networks,tldr17,tldr17,100.0
pythia-70m,16,pnull,final,triviality_entropy_effective_networks,tldr17,tldr17,83.99217802350653
pythia-70m,16,pnull,final,triviality_median_max_membership,tldr17,tldr17,0.34
pythia-70m,16,pnull,final,triviality_frac_confident,tldr17,tldr17,0.16642252604166666
pythia-70m,16,rand,final,reliability_within,tldr17,tldr17,4.2803916651676144e-05
pythia-70m,16,rand,final,fidelity_within,tldr17,tldr17,0.0020934083145754956
pythia-70m,16,rand,final,fidelity_within_r,tldr17,tldr17,0.045799079664924476
pythia-70m,16,rand,final,fidelity_within_insample,tldr17,tldr17,0.002069767552731472
pythia-70m,16,rand,final,triviality_ami_layer,tldr17,tldr17,0.000474331363252503
pythia-70m,16,rand,final,triviality_ami_dimension,tldr17,tldr17,2.566747306591322e-05
pythia-70m,16,rand,final,triviality_ami_hubness,tldr17,tldr17,-3.491571796080562e-05
pythia-70m,16,rand,final,triviality_n_effective_networks,tldr17,tldr17,100.0
pythia-70m,16,rand,final,triviality_entropy_effective_networks,tldr17,tldr17,99.68282162958437
pythia-70m,16,rand,final,triviality_median_max_membership,tldr17,tldr17,1.0
pythia-70m,16,rand,final,triviality_frac_confident,tldr17,tldr17,1.0
pythia-70m,16,pnull,final,fidelity_across_halves,wikitext,bookcorpus,0.5213670637430433
pythia-70m,16,pnull,final,reliability_across_halves,wikitext,bookcorpus,0.27833000034843575
pythia-70m,16,rand,final,fidelity_across_halves,wikitext,bookcorpus,0.045622241275165225
pythia-70m,16,rand,final,reliability_across_halves,wikitext,bookcorpus,-0.00016867247346456324
pythia-70m,16,pnull,final,fidelity_across_halves,wikitext,agnews,0.5204505754147952
pythia-70m,16,pnull,final,reliability_across_halves,wikitext,agnews,0.21235192828819957
pythia-70m,16,rand,final,fidelity_across_halves,wikitext,agnews,0.04749455039165768
pythia-70m,16,rand,final,reliability_across_halves,wikitext,agnews,5.127939354065523e-05
pythia-70m,16,pnull,final,fidelity_across_halves,wikitext,tldr17,0.5188585230916836
pythia-70m,16,pnull,final,reliability_across_halves,wikitext,tldr17,0.20288330571218552
pythia-70m,16,rand,final,fidelity_across_halves,wikitext,tldr17,0.04590800182577778
pythia-70m,16,rand,final,reliability_across_halves,wikitext,tldr17,0.00011178103255272915
pythia-70m,16,pnull,final,fidelity_across_halves,bookcorpus,wikitext,0.5253715862398811
pythia-70m,16,pnull,final,reliability_across_halves,bookcorpus,wikitext,0.18787157897384038
pythia-70m,16,rand,final,fidelity_across_halves,bookcorpus,wikitext,0.05001130770938158
pythia-70m,16,rand,final,reliability_across_halves,bookcorpus,wikitext,-2.7441054110716386e-06
pythia-70m,16,pnull,final,fidelity_across_halves,bookcorpus,agnews,0.5207996089339592
pythia-70m,16,pnull,final,reliability_across_halves,bookcorpus,agnews,0.18363605089111545
pythia-70m,16,rand,final,fidelity_across_halves,bookcorpus,agnews,0.0471792079666697
pythia-70m,16,rand,final,reliability_across_halves,bookcorpus,agnews,3.2484959401010686e-05
pythia-70m,16,pnull,final,fidelity_across_halves,bookcorpus,tldr17,0.5188805581792035
pythia-70m,16,pnull,final,reliability_across_halves,bookcorpus,tldr17,0.1741945894857097
pythia-70m,16,rand,final,fidelity_across_halves,bookcorpus,tldr17,0.04680377378450171
pythia-70m,16,rand,final,reliability_across_halves,bookcorpus,tldr17,0.00012128971499296147
pythia-70m,16,pnull,final,fidelity_across_halves,agnews,wikitext,0.5250189219996246
pythia-70m,16,pnull,final,reliability_across_halves,agnews,wikitext,0.20106932794317006
pythia-70m,16,rand,final,fidelity_across_halves,agnews,wikitext,0.04368610772342149
pythia-70m,16,rand,final,reliability_across_halves,agnews,wikitext,5.459113081674656e-05
pythia-70m,16,pnull,final,fidelity_across_halves,agnews,bookcorpus,0.5214257416310513
pythia-70m,16,pnull,final,reliability_across_halves,agnews,bookcorpus,0.2593819596391159
pythia-70m,16,rand,final,fidelity_across_halves,agnews,bookcorpus,0.04365626066725796
pythia-70m,16,rand,final,reliability_across_halves,agnews,bookcorpus,-4.848697660282971e-05
pythia-70m,16,pnull,final,fidelity_across_halves,agnews,tldr17,0.5189769109471053
pythia-70m,16,pnull,final,reliability_across_halves,agnews,tldr17,0.18726050376870934
pythia-70m,16,rand,final,fidelity_across_halves,agnews,tldr17,0.04398902451794631
pythia-70m,16,rand,final,reliability_across_halves,agnews,tldr17,8.429514085448859e-05
pythia-70m,16,pnull,final,fidelity_across_halves,tldr17,wikitext,0.5243020302724932
pythia-70m,16,pnull,final,reliability_across_halves,tldr17,wikitext,0.2083032145385913
pythia-70m,16,rand,final,fidelity_across_halves,tldr17,wikitext,0.04235364755049955
pythia-70m,16,rand,final,reliability_across_halves,tldr17,wikitext,6.544137865709237e-06
pythia-70m,16,pnull,final,fidelity_across_halves,tldr17,bookcorpus,0.5202674032480631
pythia-70m,16,pnull,final,reliability_across_halves,tldr17,bookcorpus,0.26813442814575
pythia-70m,16,rand,final,fidelity_across_halves,tldr17,bookcorpus,0.043827298218271554
pythia-70m,16,rand,final,reliability_across_halves,tldr17,bookcorpus,-0.00014450385063530905
pythia-70m,16,pnull,final,fidelity_across_halves,tldr17,agnews,0.5199026704618486
pythia-70m,16,pnull,final,reliability_across_halves,tldr17,agnews,0.20363674921615865
pythia-70m,16,rand,final,fidelity_across_halves,tldr17,agnews,0.043598364147192314
pythia-70m,16,rand,final,reliability_across_halves,tldr17,agnews,3.455678084288738e-05
pythia-70m,64,real,(ceiling),fidelity_within,wikitext,wikitext,0.8756814083640316
pythia-70m,64,real,(ceiling),fidelity_within_r,wikitext,wikitext,0.9365520059725138
pythia-70m,64,real,final,reliability_within,wikitext,wikitext,0.8099948604101371
pythia-70m,64,real,final,reliability_within_coassoc,wikitext,wikitext,0.9664922224367053
pythia-70m,64,real,final,fidelity_within,wikitext,wikitext,0.5648893505409243
pythia-70m,64,real,final,fidelity_within_r,wikitext,wikitext,0.7519844241920979
pythia-70m,64,real,final,fidelity_within_insample,wikitext,wikitext,0.5852908323097334
pythia-70m,64,real,final,reliability_ceiling,wikitext,wikitext,0.9010553702584233
pythia-70m,64,real,final,triviality_ami_layer,wikitext,wikitext,0.1747872283574498
pythia-70m,64,real,final,triviality_ami_dimension,wikitext,wikitext,-0.025580204515291038
pythia-70m,64,real,final,triviality_ami_hubness,wikitext,wikitext,0.2508378256770604
pythia-70m,64,real,final,triviality_n_effective_networks,wikitext,wikitext,100.0
pythia-70m,64,real,final,triviality_entropy_effective_networks,wikitext,wikitext,67.3034835378407
pythia-70m,64,real,final,triviality_median_max_membership,wikitext,wikitext,0.495
pythia-70m,64,real,final,triviality_frac_confident,wikitext,wikitext,0.488037109375
pythia-70m,64,real,(ceiling),fidelity_within,bookcorpus,bookcorpus,0.8547200545017726
pythia-70m,64,real,(ceiling),fidelity_within_r,bookcorpus,bookcorpus,0.9300804507398507
pythia-70m,64,real,final,reliability_within,bookcorpus,bookcorpus,0.7934134744436054
pythia-70m,64,real,final,reliability_within_coassoc,bookcorpus,bookcorpus,0.9675633660995557
pythia-70m,64,real,final,fidelity_within,bookcorpus,bookcorpus,0.5375158343633395
pythia-70m,64,real,final,fidelity_within_r,bookcorpus,bookcorpus,0.7351240092261753
pythia-70m,64,real,final,fidelity_within_insample,bookcorpus,bookcorpus,0.5809303635296933
pythia-70m,64,real,final,reliability_ceiling,bookcorpus,bookcorpus,0.8880584801552812
pythia-70m,64,real,final,triviality_ami_layer,bookcorpus,bookcorpus,0.18658149180254174
pythia-70m,64,real,final,triviality_ami_dimension,bookcorpus,bookcorpus,-0.02470581654054648
pythia-70m,64,real,final,triviality_ami_hubness,bookcorpus,bookcorpus,0.2609789557918989
pythia-70m,64,real,final,triviality_n_effective_networks,bookcorpus,bookcorpus,100.0
pythia-70m,64,real,final,triviality_entropy_effective_networks,bookcorpus,bookcorpus,66.54068026681513
pythia-70m,64,real,final,triviality_median_max_membership,bookcorpus,bookcorpus,0.47
pythia-70m,64,real,final,triviality_frac_confident,bookcorpus,bookcorpus,0.454345703125
pythia-70m,64,real,(ceiling),fidelity_within,agnews,agnews,0.901252141194872
pythia-70m,64,real,(ceiling),fidelity_within_r,agnews,agnews,0.9509801030269782
pythia-70m,64,real,final,reliability_within,agnews,agnews,0.807976584029476
pythia-70m,64,real,final,reliability_within_coassoc,agnews,agnews,0.9659823434916386
pythia-70m,64,real,final,fidelity_within,agnews,agnews,0.5868399927619827
pythia-70m,64,real,final,fidelity_within_r,agnews,agnews,0.7663847050293174
pythia-70m,64,real,final,fidelity_within_insample,agnews,agnews,0.6138575828182864
pythia-70m,64,real,final,reliability_ceiling,agnews,agnews,0.8999815715125538
pythia-70m,64,real,final,triviality_ami_layer,agnews,agnews,0.1743918451762652
pythia-70m,64,real,final,triviality_ami_dimension,agnews,agnews,-0.025010607844459687
pythia-70m,64,real,final,triviality_ami_hubness,agnews,agnews,0.2607289370841902
pythia-70m,64,real,final,triviality_n_effective_networks,agnews,agnews,100.0
pythia-70m,64,real,final,triviality_entropy_effective_networks,agnews,agnews,66.31357413985347
pythia-70m,64,real,final,triviality_median_max_membership,agnews,agnews,0.53
pythia-70m,64,real,final,triviality_frac_confident,agnews,agnews,0.5484212239583334
pythia-70m,64,real,(ceiling),fidelity_within,tldr17,tldr17,0.7983504021774099
pythia-70m,64,real,(ceiling),fidelity_within_r,tldr17,tldr17,0.9241396150953853
pythia-70m,64,real,final,reliability_within,tldr17,tldr17,0.795787185970792
pythia-70m,64,real,final,reliability_within_coassoc,tldr17,tldr17,0.9526767160504283
pythia-70m,64,real,final,fidelity_within,tldr17,tldr17,0.47945251336695693
pythia-70m,64,real,final,fidelity_within_r,tldr17,tldr17,0.7220658560601912
pythia-70m,64,real,final,fidelity_within_insample,tldr17,tldr17,0.6287188270747404
pythia-70m,64,real,final,reliability_ceiling,tldr17,tldr17,0.9009426371681996
pythia-70m,64,real,final,triviality_ami_layer,tldr17,tldr17,0.17587892075179334
pythia-70m,64,real,final,triviality_ami_dimension,tldr17,tldr17,-0.02502033549205167
pythia-70m,64,real,final,triviality_ami_hubness,tldr17,tldr17,0.2585639152726143
pythia-70m,64,real,final,triviality_n_effective_networks,tldr17,tldr17,100.0
pythia-70m,64,real,final,triviality_entropy_effective_networks,tldr17,tldr17,66.98066459152541
pythia-70m,64,real,final,triviality_median_max_membership,tldr17,tldr17,0.515
pythia-70m,64,real,final,triviality_frac_confident,tldr17,tldr17,0.523681640625
pythia-70m,64,real,(ceiling),fidelity_across_halves,wikitext,bookcorpus,0.81533748242874
pythia-70m,64,real,final,fidelity_across_halves,wikitext,bookcorpus,0.6647371778076835
pythia-70m,64,real,final,reliability_across_halves,wikitext,bookcorpus,0.7535061432439085
pythia-70m,64,real,(ceiling),fidelity_across_halves,wikitext,agnews,0.7680462960221144
pythia-70m,64,real,final,fidelity_across_halves,wikitext,agnews,0.6557560092552377
pythia-70m,64,real,final,reliability_across_halves,wikitext,agnews,0.7440563978395547
pythia-70m,64,real,(ceiling),fidelity_across_halves,wikitext,tldr17,0.7478669064222696
pythia-70m,64,real,final,fidelity_across_halves,wikitext,tldr17,0.6363051762187734
pythia-70m,64,real,final,reliability_across_halves,wikitext,tldr17,0.7503661760410791
pythia-70m,64,real,(ceiling),fidelity_across_halves,bookcorpus,wikitext,0.8520335764412126
pythia-70m,64,real,final,fidelity_across_halves,bookcorpus,wikitext,0.72619561302065
pythia-70m,64,real,final,reliability_across_halves,bookcorpus,wikitext,0.753152396637358
pythia-70m,64,real,(ceiling),fidelity_across_halves,bookcorpus,agnews,0.784032724054065
pythia-70m,64,real,final,fidelity_across_halves,bookcorpus,agnews,0.6824822573669249
pythia-70m,64,real,final,reliability_across_halves,bookcorpus,agnews,0.7399479628769372
pythia-70m,64,real,(ceiling),fidelity_across_halves,bookcorpus,tldr17,0.7744962042279893
pythia-70m,64,real,final,fidelity_across_halves,bookcorpus,tldr17,0.6645031380933807
pythia-70m,64,real,final,reliability_across_halves,bookcorpus,tldr17,0.7340746627118835
pythia-70m,64,real,(ceiling),fidelity_across_halves,agnews,wikitext,0.7827646871518538
pythia-70m,64,real,final,fidelity_across_halves,agnews,wikitext,0.6602765582551302
pythia-70m,64,real,final,reliability_across_halves,agnews,wikitext,0.7410214049975767
pythia-70m,64,real,(ceiling),fidelity_across_halves,agnews,bookcorpus,0.7824609403081185
pythia-70m,64,real,final,fidelity_across_halves,agnews,bookcorpus,0.6400992028479142
pythia-70m,64,real,final,reliability_across_halves,agnews,bookcorpus,0.736051166147147
pythia-70m,64,real,(ceiling),fidelity_across_halves,agnews,tldr17,0.8536684224929876
pythia-70m,64,real,final,fidelity_across_halves,agnews,tldr17,0.7022545633189967
pythia-70m,64,real,final,reliability_across_halves,agnews,tldr17,0.7721302714247966
pythia-70m,64,real,(ceiling),fidelity_across_halves,tldr17,wikitext,0.7576268129870789
pythia-70m,64,real,final,fidelity_across_halves,tldr17,wikitext,0.6369739060141022
pythia-70m,64,real,final,reliability_across_halves,tldr17,wikitext,0.7575779444797145
pythia-70m,64,real,(ceiling),fidelity_across_halves,tldr17,bookcorpus,0.7707963909138347
pythia-70m,64,real,final,fidelity_across_halves,tldr17,bookcorpus,0.6282711244854423
pythia-70m,64,real,final,reliability_across_halves,tldr17,bookcorpus,0.7402401339003706
pythia-70m,64,real,(ceiling),fidelity_across_halves,tldr17,agnews,0.8228808760280707
pythia-70m,64,real,final,fidelity_across_halves,tldr17,agnews,0.6712477784989357
pythia-70m,64,real,final,reliability_across_halves,tldr17,agnews,0.763245542932746
pythia-70m,64,null,(ceiling),fidelity_within,wikitext,wikitext,-0.299528434085111
pythia-70m,64,null,(ceiling),fidelity_within_r,wikitext,wikitext,0.3334881975475974
pythia-70m,64,null,final,reliability_within,wikitext,wikitext,0.22869335718787448
pythia-70m,64,null,final,reliability_within_coassoc,wikitext,wikitext,0.39760009373433264
pythia-70m,64,null,final,fidelity_within,wikitext,wikitext,0.2116443597381379
pythia-70m,64,null,final,fidelity_within_r,wikitext,wikitext,0.46045503158972834
pythia-70m,64,null,final,fidelity_within_insample,wikitext,wikitext,0.2302051360146733
pythia-70m,64,null,final,reliability_ceiling,wikitext,wikitext,0.7014845457257003
pythia-70m,64,null,final,triviality_ami_layer,wikitext,wikitext,0.15170529601125582
pythia-70m,64,null,final,triviality_ami_dimension,wikitext,wikitext,-0.007702831041214293
pythia-70m,64,null,final,triviality_ami_hubness,wikitext,wikitext,0.13518614869338635
pythia-70m,64,null,final,triviality_n_effective_networks,wikitext,wikitext,100.0
pythia-70m,64,null,final,triviality_entropy_effective_networks,wikitext,wikitext,71.03290790030096
pythia-70m,64,null,final,triviality_median_max_membership,wikitext,wikitext,0.53
pythia-70m,64,null,final,triviality_frac_confident,wikitext,wikitext,0.5586751302083334
pythia-70m,64,null,(ceiling),fidelity_within,bookcorpus,bookcorpus,-0.3567457710109385
pythia-70m,64,null,(ceiling),fidelity_within_r,bookcorpus,bookcorpus,0.32363023564141025
pythia-70m,64,null,final,reliability_within,bookcorpus,bookcorpus,0.20997736288377714
pythia-70m,64,null,final,reliability_within_coassoc,bookcorpus,bookcorpus,0.35989974369503425
pythia-70m,64,null,final,fidelity_within,bookcorpus,bookcorpus,0.19117586848899037
pythia-70m,64,null,final,fidelity_within_r,bookcorpus,bookcorpus,0.4383001939309221
pythia-70m,64,null,final,fidelity_within_insample,bookcorpus,bookcorpus,0.21840125631359975
pythia-70m,64,null,final,reliability_ceiling,bookcorpus,bookcorpus,0.7942455862360495
pythia-70m,64,null,final,triviality_ami_layer,bookcorpus,bookcorpus,0.149418046474637
pythia-70m,64,null,final,triviality_ami_dimension,bookcorpus,bookcorpus,-0.009396835887389822
pythia-70m,64,null,final,triviality_ami_hubness,bookcorpus,bookcorpus,0.12406087929924862
pythia-70m,64,null,final,triviality_n_effective_networks,bookcorpus,bookcorpus,98.0
pythia-70m,64,null,final,triviality_entropy_effective_networks,bookcorpus,bookcorpus,75.65526956177868
pythia-70m,64,null,final,triviality_median_max_membership,bookcorpus,bookcorpus,0.605
pythia-70m,64,null,final,triviality_frac_confident,bookcorpus,bookcorpus,0.697998046875
pythia-70m,64,null,(ceiling),fidelity_within,agnews,agnews,-0.36163164860261077
pythia-70m,64,null,(ceiling),fidelity_within_r,agnews,agnews,0.3261659237268971
pythia-70m,64,null,final,reliability_within,agnews,agnews,0.23094329993069138
pythia-70m,64,null,final,reliability_within_coassoc,agnews,agnews,0.3840406695706295
pythia-70m,64,null,final,fidelity_within,agnews,agnews,0.20021631881796764
pythia-70m,64,null,final,fidelity_within_r,agnews,agnews,0.4487029485049113
pythia-70m,64,null,final,fidelity_within_insample,agnews,agnews,0.22711187195930416
pythia-70m,64,null,final,reliability_ceiling,agnews,agnews,0.7385445317545287
pythia-70m,64,null,final,triviality_ami_layer,agnews,agnews,0.15803309605849405
pythia-70m,64,null,final,triviality_ami_dimension,agnews,agnews,-0.01037162676843434
pythia-70m,64,null,final,triviality_ami_hubness,agnews,agnews,0.13507646281767047
pythia-70m,64,null,final,triviality_n_effective_networks,agnews,agnews,100.0
pythia-70m,64,null,final,triviality_entropy_effective_networks,agnews,agnews,65.01287447683849
pythia-70m,64,null,final,triviality_median_max_membership,agnews,agnews,0.6
pythia-70m,64,null,final,triviality_frac_confident,agnews,agnews,0.6895345052083334
pythia-70m,64,null,(ceiling),fidelity_within,tldr17,tldr17,-0.4571242028755249
pythia-70m,64,null,(ceiling),fidelity_within_r,tldr17,tldr17,0.33942619180665423
pythia-70m,64,null,final,reliability_within,tldr17,tldr17,0.41006409311864817
pythia-70m,64,null,final,reliability_within_coassoc,tldr17,tldr17,0.6470405507625655
pythia-70m,64,null,final,fidelity_within,tldr17,tldr17,0.18802553334303274
pythia-70m,64,null,final,fidelity_within_r,tldr17,tldr17,0.4500562000504824
pythia-70m,64,null,final,fidelity_within_insample,tldr17,tldr17,0.2556903768019293
pythia-70m,64,null,final,reliability_ceiling,tldr17,tldr17,0.8799089453668857
pythia-70m,64,null,final,triviality_ami_layer,tldr17,tldr17,0.17448918523720117
pythia-70m,64,null,final,triviality_ami_dimension,tldr17,tldr17,-0.025189829036009657
pythia-70m,64,null,final,triviality_ami_hubness,tldr17,tldr17,0.1533100131542497
pythia-70m,64,null,final,triviality_n_effective_networks,tldr17,tldr17,99.0
pythia-70m,64,null,final,triviality_entropy_effective_networks,tldr17,tldr17,45.4803693673763
pythia-70m,64,null,final,triviality_median_max_membership,tldr17,tldr17,0.72
pythia-70m,64,null,final,triviality_frac_confident,tldr17,tldr17,0.798095703125
pythia-70m,64,null,(ceiling),fidelity_across_halves,wikitext,bookcorpus,0.32514867287520743
pythia-70m,64,null,final,fidelity_across_halves,wikitext,bookcorpus,0.4438949395468292
pythia-70m,64,null,final,reliability_across_halves,wikitext,bookcorpus,0.19346408569894372
pythia-70m,64,null,(ceiling),fidelity_across_halves,wikitext,agnews,0.3234851762271393
pythia-70m,64,null,final,fidelity_across_halves,wikitext,agnews,0.4487920184428846
pythia-70m,64,null,final,reliability_across_halves,wikitext,agnews,0.2555649536296635
pythia-70m,64,null,(ceiling),fidelity_across_halves,wikitext,tldr17,0.33084710412787754
pythia-70m,64,null,final,fidelity_across_halves,wikitext,tldr17,0.4642206481908053
pythia-70m,64,null,final,reliability_across_halves,wikitext,tldr17,0.17466726246912867
pythia-70m,64,null,(ceiling),fidelity_across_halves,bookcorpus,wikitext,0.3267116054429411
pythia-70m,64,null,final,fidelity_across_halves,bookcorpus,wikitext,0.453359382743692
pythia-70m,64,null,final,reliability_across_halves,bookcorpus,wikitext,0.15117141493288275
pythia-70m,64,null,(ceiling),fidelity_across_halves,bookcorpus,agnews,0.31848027163295395
pythia-70m,64,null,final,fidelity_across_halves,bookcorpus,agnews,0.4427451328043934
pythia-70m,64,null,final,reliability_across_halves,bookcorpus,agnews,0.22567940334148162
pythia-70m,64,null,(ceiling),fidelity_across_halves,bookcorpus,tldr17,0.3252865846144123
pythia-70m,64,null,final,fidelity_across_halves,bookcorpus,tldr17,0.45737144830268983
pythia-70m,64,null,final,reliability_across_halves,bookcorpus,tldr17,0.20400737250345002
pythia-70m,64,null,(ceiling),fidelity_across_halves,agnews,wikitext,0.32480057803823803
pythia-70m,64,null,final,fidelity_across_halves,agnews,wikitext,0.45755525962797433
pythia-70m,64,null,final,reliability_across_halves,agnews,wikitext,0.16503029212450976
pythia-70m,64,null,(ceiling),fidelity_across_halves,agnews,bookcorpus,0.318324180558923
pythia-70m,64,null,final,fidelity_across_halves,agnews,bookcorpus,0.4419721028474956
pythia-70m,64,null,final,reliability_across_halves,agnews,bookcorpus,0.21091886649337485
pythia-70m,64,null,(ceiling),fidelity_across_halves,agnews,tldr17,0.330080567715148
pythia-70m,64,null,final,fidelity_across_halves,agnews,tldr17,0.4633622325771463
pythia-70m,64,null,final,reliability_across_halves,agnews,tldr17,0.21613370193958212
pythia-70m,64,null,(ceiling),fidelity_across_halves,tldr17,wikitext,0.3292972748846087
pythia-70m,64,null,final,fidelity_across_halves,tldr17,wikitext,0.4443717088112648
pythia-70m,64,null,final,reliability_across_halves,tldr17,wikitext,0.1903733630888914
pythia-70m,64,null,(ceiling),fidelity_across_halves,tldr17,bookcorpus,0.3224979555933974
pythia-70m,64,null,final,fidelity_across_halves,tldr17,bookcorpus,0.42816776687662317
pythia-70m,64,null,final,reliability_across_halves,tldr17,bookcorpus,0.323268799605676
pythia-70m,64,null,(ceiling),fidelity_across_halves,tldr17,agnews,0.3273464721533153
pythia-70m,64,null,final,fidelity_across_halves,tldr17,agnews,0.4346600197358427
pythia-70m,64,null,final,reliability_across_halves,tldr17,agnews,0.323730752082843
pythia-70m,64,pnull,final,reliability_within_coassoc,wikitext,wikitext,0.40237914405937136
pythia-70m,64,pnull,final,reliability_within,wikitext,wikitext,0.24656469523533647
pythia-70m,64,pnull,final,fidelity_within,wikitext,wikitext,0.2990403788702021
pythia-70m,64,pnull,final,fidelity_within_r,wikitext,wikitext,0.5474835542565848
pythia-70m,64,pnull,final,fidelity_within_insample,wikitext,wikitext,0.3021416329580371
pythia-70m,64,pnull,final,triviality_ami_layer,wikitext,wikitext,0.15170529601125582
pythia-70m,64,pnull,final,triviality_ami_dimension,wikitext,wikitext,-0.007702831041214293
pythia-70m,64,pnull,final,triviality_ami_hubness,wikitext,wikitext,0.13799721127537315
pythia-70m,64,pnull,final,triviality_n_effective_networks,wikitext,wikitext,100.0
pythia-70m,64,pnull,final,triviality_entropy_effective_networks,wikitext,wikitext,71.03290790030096
pythia-70m,64,pnull,final,triviality_median_max_membership,wikitext,wikitext,0.53
pythia-70m,64,pnull,final,triviality_frac_confident,wikitext,wikitext,0.5586751302083334
pythia-70m,64,rand,final,reliability_within,wikitext,wikitext,-0.0001372689932130326
pythia-70m,64,rand,final,fidelity_within,wikitext,wikitext,0.0030325297828807107
pythia-70m,64,rand,final,fidelity_within_r,wikitext,wikitext,0.05916491611388859
pythia-70m,64,rand,final,fidelity_within_insample,wikitext,wikitext,0.003397313558674342
pythia-70m,64,rand,final,triviality_ami_layer,wikitext,wikitext,0.00011872634907386882
pythia-70m,64,rand,final,triviality_ami_dimension,wikitext,wikitext,-0.0003306058318419001
pythia-70m,64,rand,final,triviality_ami_hubness,wikitext,wikitext,-0.0013343401585779984
pythia-70m,64,rand,final,triviality_n_effective_networks,wikitext,wikitext,100.0
pythia-70m,64,rand,final,triviality_entropy_effective_networks,wikitext,wikitext,99.65527943369183
pythia-70m,64,rand,final,triviality_median_max_membership,wikitext,wikitext,1.0
pythia-70m,64,rand,final,triviality_frac_confident,wikitext,wikitext,1.0
pythia-70m,64,pnull,final,reliability_within_coassoc,bookcorpus,bookcorpus,0.5495619301222401
pythia-70m,64,pnull,final,reliability_within,bookcorpus,bookcorpus,0.35350675090423667
pythia-70m,64,pnull,final,fidelity_within,bookcorpus,bookcorpus,0.2634852121018786
pythia-70m,64,pnull,final,fidelity_within_r,bookcorpus,bookcorpus,0.5140514666447711
pythia-70m,64,pnull,final,fidelity_within_insample,bookcorpus,bookcorpus,0.2672925258119986
pythia-70m,64,pnull,final,triviality_ami_layer,bookcorpus,bookcorpus,0.149418046474637
pythia-70m,64,pnull,final,triviality_ami_dimension,bookcorpus,bookcorpus,-0.009396835887389822
pythia-70m,64,pnull,final,triviality_ami_hubness,bookcorpus,bookcorpus,0.12648534138845252
pythia-70m,64,pnull,final,triviality_n_effective_networks,bookcorpus,bookcorpus,98.0
pythia-70m,64,pnull,final,triviality_entropy_effective_networks,bookcorpus,bookcorpus,75.65526956177868
pythia-70m,64,pnull,final,triviality_median_max_membership,bookcorpus,bookcorpus,0.605
pythia-70m,64,pnull,final,triviality_frac_confident,bookcorpus,bookcorpus,0.697998046875
pythia-70m,64,rand,final,reliability_within,bookcorpus,bookcorpus,-4.566323289809315e-05
pythia-70m,64,rand,final,fidelity_within,bookcorpus,bookcorpus,0.0030447845163030784
pythia-70m,64,rand,final,fidelity_within_r,bookcorpus,bookcorpus,0.05908141829028046
pythia-70m,64,rand,final,fidelity_within_insample,bookcorpus,bookcorpus,0.0037367333856213047
pythia-70m,64,rand,final,triviality_ami_layer,bookcorpus,bookcorpus,-0.0001546005848497963
pythia-70m,64,rand,final,triviality_ami_dimension,bookcorpus,bookcorpus,-0.00035047632744764214
pythia-70m,64,rand,final,triviality_ami_hubness,bookcorpus,bookcorpus,0.00010472953639739537
pythia-70m,64,rand,final,triviality_n_effective_networks,bookcorpus,bookcorpus,100.0
pythia-70m,64,rand,final,triviality_entropy_effective_networks,bookcorpus,bookcorpus,99.49391230693601
pythia-70m,64,rand,final,triviality_median_max_membership,bookcorpus,bookcorpus,1.0
pythia-70m,64,rand,final,triviality_frac_confident,bookcorpus,bookcorpus,1.0
pythia-70m,64,pnull,final,reliability_within_coassoc,agnews,agnews,0.5233463887448
pythia-70m,64,pnull,final,reliability_within,agnews,agnews,0.35385949519518684
pythia-70m,64,pnull,final,fidelity_within,agnews,agnews,0.319767468010845
pythia-70m,64,pnull,final,fidelity_within_r,agnews,agnews,0.5655254362431793
pythia-70m,64,pnull,final,fidelity_within_insample,agnews,agnews,0.3231895062308917
pythia-70m,64,pnull,final,triviality_ami_layer,agnews,agnews,0.15803309605849405
pythia-70m,64,pnull,final,triviality_ami_dimension,agnews,agnews,-0.01037162676843434
pythia-70m,64,pnull,final,triviality_ami_hubness,agnews,agnews,0.14793044109479042
pythia-70m,64,pnull,final,triviality_n_effective_networks,agnews,agnews,100.0
pythia-70m,64,pnull,final,triviality_entropy_effective_networks,agnews,agnews,65.01287447683849
pythia-70m,64,pnull,final,triviality_median_max_membership,agnews,agnews,0.6
pythia-70m,64,pnull,final,triviality_frac_confident,agnews,agnews,0.6895345052083334
pythia-70m,64,rand,final,reliability_within,agnews,agnews,9.965381177688164e-05
pythia-70m,64,rand,final,fidelity_within,agnews,agnews,0.003552395398015218
pythia-70m,64,rand,final,fidelity_within_r,agnews,agnews,0.05968579890041625
pythia-70m,64,rand,final,fidelity_within_insample,agnews,agnews,0.003768993015321409
pythia-70m,64,rand,final,triviality_ami_layer,agnews,agnews,-1.0400218675097702e-05
pythia-70m,64,rand,final,triviality_ami_dimension,agnews,agnews,-0.0006017366849156746
pythia-70m,64,rand,final,triviality_ami_hubness,agnews,agnews,-0.0008059523950334113
pythia-70m,64,rand,final,triviality_n_effective_networks,agnews,agnews,100.0
pythia-70m,64,rand,final,triviality_entropy_effective_networks,agnews,agnews,99.58778207722416
pythia-70m,64,rand,final,triviality_median_max_membership,agnews,agnews,1.0
pythia-70m,64,rand,final,triviality_frac_confident,agnews,agnews,1.0
pythia-70m,64,pnull,final,reliability_within_coassoc,tldr17,tldr17,0.7367215711950799
pythia-70m,64,pnull,final,reliability_within,tldr17,tldr17,0.5428972139620393
pythia-70m,64,pnull,final,fidelity_within,tldr17,tldr17,0.299602814182125
pythia-70m,64,pnull,final,fidelity_within_r,tldr17,tldr17,0.5765470363551451
pythia-70m,64,pnull,final,fidelity_within_insample,tldr17,tldr17,0.41204743292932267
pythia-70m,64,pnull,final,triviality_ami_layer,tldr17,tldr17,0.17448918523720117
pythia-70m,64,pnull,final,triviality_ami_dimension,tldr17,tldr17,-0.025189829036009657
pythia-70m,64,pnull,final,triviality_ami_hubness,tldr17,tldr17,0.19895400981283118
pythia-70m,64,pnull,final,triviality_n_effective_networks,tldr17,tldr17,99.0
pythia-70m,64,pnull,final,triviality_entropy_effective_networks,tldr17,tldr17,45.4803693673763
pythia-70m,64,pnull,final,triviality_median_max_membership,tldr17,tldr17,0.72
pythia-70m,64,pnull,final,triviality_frac_confident,tldr17,tldr17,0.798095703125
pythia-70m,64,rand,final,reliability_within,tldr17,tldr17,2.9892770911971966e-05
pythia-70m,64,rand,final,fidelity_within,tldr17,tldr17,-0.005322735751955632
pythia-70m,64,rand,final,fidelity_within_r,tldr17,tldr17,0.05666844507291081
pythia-70m,64,rand,final,fidelity_within_insample,tldr17,tldr17,0.003654835620996
pythia-70m,64,rand,final,triviality_ami_layer,tldr17,tldr17,0.000474331363252503
pythia-70m,64,rand,final,triviality_ami_dimension,tldr17,tldr17,2.566747306591322e-05
pythia-70m,64,rand,final,triviality_ami_hubness,tldr17,tldr17,0.00012025765714112828
pythia-70m,64,rand,final,triviality_n_effective_networks,tldr17,tldr17,100.0
pythia-70m,64,rand,final,triviality_entropy_effective_networks,tldr17,tldr17,99.68282162958437
pythia-70m,64,rand,final,triviality_median_max_membership,tldr17,tldr17,1.0
pythia-70m,64,rand,final,triviality_frac_confident,tldr17,tldr17,1.0
pythia-70m,64,pnull,final,fidelity_across_halves,wikitext,bookcorpus,0.528185617217988
pythia-70m,64,pnull,final,reliability_across_halves,wikitext,bookcorpus,0.3264081272919476
pythia-70m,64,rand,final,fidelity_across_halves,wikitext,bookcorpus,0.056882244981467156
pythia-70m,64,rand,final,reliability_across_halves,wikitext,bookcorpus,-3.513849623541344e-05
pythia-70m,64,pnull,final,fidelity_across_halves,wikitext,agnews,0.5234603514203894
pythia-70m,64,pnull,final,reliability_across_halves,wikitext,agnews,0.322986572468585
pythia-70m,64,rand,final,fidelity_across_halves,wikitext,agnews,0.05613857500410694
pythia-70m,64,rand,final,reliability_across_halves,wikitext,agnews,-1.263146316924247e-05
pythia-70m,64,pnull,final,fidelity_across_halves,wikitext,tldr17,0.52105237879747
pythia-70m,64,pnull,final,reliability_across_halves,wikitext,tldr17,0.3602176958013813
pythia-70m,64,rand,final,fidelity_across_halves,wikitext,tldr17,0.05284208861179077
pythia-70m,64,rand,final,reliability_across_halves,wikitext,tldr17,1.0760964118316451e-05
pythia-70m,64,pnull,final,fidelity_across_halves,bookcorpus,wikitext,0.5198054420039516
pythia-70m,64,pnull,final,reliability_across_halves,bookcorpus,wikitext,0.2762991304869353
pythia-70m,64,rand,final,fidelity_across_halves,bookcorpus,wikitext,0.06387388168693166
pythia-70m,64,rand,final,reliability_across_halves,bookcorpus,wikitext,9.640139155227013e-06
pythia-70m,64,pnull,final,fidelity_across_halves,bookcorpus,agnews,0.511274153867302
pythia-70m,64,pnull,final,reliability_across_halves,bookcorpus,agnews,0.3495248447587136
pythia-70m,64,rand,final,fidelity_across_halves,bookcorpus,agnews,0.05986135780545652
pythia-70m,64,rand,final,reliability_across_halves,bookcorpus,agnews,8.25704018050549e-05
pythia-70m,64,pnull,final,fidelity_across_halves,bookcorpus,tldr17,0.5092176402146659
pythia-70m,64,pnull,final,reliability_across_halves,bookcorpus,tldr17,0.3852000962277156
pythia-70m,64,rand,final,fidelity_across_halves,bookcorpus,tldr17,0.05988965181733213
pythia-70m,64,rand,final,reliability_across_halves,bookcorpus,tldr17,9.46360185629304e-05
pythia-70m,64,pnull,final,fidelity_across_halves,agnews,wikitext,0.5442691953407581
pythia-70m,64,pnull,final,reliability_across_halves,agnews,wikitext,0.28169408512573607
pythia-70m,64,rand,final,fidelity_across_halves,agnews,wikitext,0.056606576549955136
pythia-70m,64,rand,final,reliability_across_halves,agnews,wikitext,-3.5171718045346644e-05
pythia-70m,64,pnull,final,fidelity_across_halves,agnews,bookcorpus,0.5329713458319881
pythia-70m,64,pnull,final,reliability_across_halves,agnews,bookcorpus,0.3586644314913777
pythia-70m,64,rand,final,fidelity_across_halves,agnews,bookcorpus,0.055070363149885844
pythia-70m,64,rand,final,reliability_across_halves,agnews,bookcorpus,-5.153625390668389e-05
pythia-70m,64,pnull,final,fidelity_across_halves,agnews,tldr17,0.5443324516630942
pythia-70m,64,pnull,final,reliability_across_halves,agnews,tldr17,0.3901150854572244
pythia-70m,64,rand,final,fidelity_across_halves,agnews,tldr17,0.06103238021351817
pythia-70m,64,rand,final,reliability_across_halves,agnews,tldr17,5.656625443560877e-05
pythia-70m,64,pnull,final,fidelity_across_halves,tldr17,wikitext,0.5440689976432145
pythia-70m,64,pnull,final,reliability_across_halves,tldr17,wikitext,0.434402159719107
pythia-70m,64,rand,final,fidelity_across_halves,tldr17,wikitext,0.052757942917487456
pythia-70m,64,rand,final,reliability_across_halves,tldr17,wikitext,-7.441277723828365e-05
pythia-70m,64,pnull,final,fidelity_across_halves,tldr17,bookcorpus,0.5346050747984267
pythia-70m,64,pnull,final,reliability_across_halves,tldr17,bookcorpus,0.5086035352461229
pythia-70m,64,rand,final,fidelity_across_halves,tldr17,bookcorpus,0.05126396859732916
pythia-70m,64,rand,final,reliability_across_halves,tldr17,bookcorpus,-0.00012009511851880024
pythia-70m,64,pnull,final,fidelity_across_halves,tldr17,agnews,0.5487080466963665
pythia-70m,64,pnull,final,reliability_across_halves,tldr17,agnews,0.5044545431952558
pythia-70m,64,rand,final,fidelity_across_halves,tldr17,agnews,0.052649050693807334
pythia-70m,64,rand,final,reliability_across_halves,tldr17,agnews,7.411270435009502e-05
pythia-70m,256,real,(ceiling),fidelity_within,wikitext,wikitext,0.9676370764492151
pythia-70m,256,real,(ceiling),fidelity_within_r,wikitext,wikitext,0.9840833920006559
pythia-70m,256,real,final,reliability_within,wikitext,wikitext,0.8798104270498345
pythia-70m,256,real,final,reliability_within_coassoc,wikitext,wikitext,0.9900855887883362
pythia-70m,256,real,final,fidelity_within,wikitext,wikitext,0.5261179394659072
pythia-70m,256,real,final,fidelity_within_r,wikitext,wikitext,0.7255302821759058
pythia-70m,256,real,final,fidelity_within_insample,wikitext,wikitext,0.5348292890720363
pythia-70m,256,real,final,reliability_ceiling,wikitext,wikitext,0.915616672057191
pythia-70m,256,real,final,triviality_ami_layer,wikitext,wikitext,0.30117941906306633
pythia-70m,256,real,final,triviality_ami_dimension,wikitext,wikitext,-0.027003674867049784
pythia-70m,256,real,final,triviality_ami_hubness,wikitext,wikitext,0.23151096781292352
pythia-70m,256,real,final,triviality_n_effective_networks,wikitext,wikitext,100.0
pythia-70m,256,real,final,triviality_entropy_effective_networks,wikitext,wikitext,69.99316550094343
pythia-70m,256,real,final,triviality_median_max_membership,wikitext,wikitext,0.53
pythia-70m,256,real,final,triviality_frac_confident,wikitext,wikitext,0.546630859375
pythia-70m,256,real,(ceiling),fidelity_within,bookcorpus,bookcorpus,0.9683929509116962
pythia-70m,256,real,(ceiling),fidelity_within_r,bookcorpus,bookcorpus,0.9841941948639318
pythia-70m,256,real,final,reliability_within,bookcorpus,bookcorpus,0.8729964768520183
pythia-70m,256,real,final,reliability_within_coassoc,bookcorpus,bookcorpus,0.9858077791519773
pythia-70m,256,real,final,fidelity_within,bookcorpus,bookcorpus,0.5078436692314476
pythia-70m,256,real,final,fidelity_within_r,bookcorpus,bookcorpus,0.7126397197303788
pythia-70m,256,real,final,fidelity_within_insample,bookcorpus,bookcorpus,0.5126925298131537
pythia-70m,256,real,final,reliability_ceiling,bookcorpus,bookcorpus,0.9213521751358804
pythia-70m,256,real,final,triviality_ami_layer,bookcorpus,bookcorpus,0.29387463868579994
pythia-70m,256,real,final,triviality_ami_dimension,bookcorpus,bookcorpus,-0.02540450030724607
pythia-70m,256,real,final,triviality_ami_hubness,bookcorpus,bookcorpus,0.23174465369296782
pythia-70m,256,real,final,triviality_n_effective_networks,bookcorpus,bookcorpus,100.0
pythia-70m,256,real,final,triviality_entropy_effective_networks,bookcorpus,bookcorpus,70.6634065956052
pythia-70m,256,real,final,triviality_median_max_membership,bookcorpus,bookcorpus,0.57
pythia-70m,256,real,final,triviality_frac_confident,bookcorpus,bookcorpus,0.6001790364583334
pythia-70m,256,real,(ceiling),fidelity_within,agnews,agnews,0.9708200870579649
pythia-70m,256,real,(ceiling),fidelity_within_r,agnews,agnews,0.9853634375511291
pythia-70m,256,real,final,reliability_within,agnews,agnews,0.8799029120196907
pythia-70m,256,real,final,reliability_within_coassoc,agnews,agnews,0.9873525337745309
pythia-70m,256,real,final,fidelity_within,agnews,agnews,0.4972756227997489
pythia-70m,256,real,final,fidelity_within_r,agnews,agnews,0.7051851568512895
pythia-70m,256,real,final,fidelity_within_insample,agnews,agnews,0.4973115003026628
pythia-70m,256,real,final,reliability_ceiling,agnews,agnews,0.9283309078823246
pythia-70m,256,real,final,triviality_ami_layer,agnews,agnews,0.3219670640980274
pythia-70m,256,real,final,triviality_ami_dimension,agnews,agnews,-0.02690579153611732
pythia-70m,256,real,final,triviality_ami_hubness,agnews,agnews,0.23762702141786
pythia-70m,256,real,final,triviality_n_effective_networks,agnews,agnews,100.0
pythia-70m,256,real,final,triviality_entropy_effective_networks,agnews,agnews,68.2507677848171
pythia-70m,256,real,final,triviality_median_max_membership,agnews,agnews,0.565
pythia-70m,256,real,final,triviality_frac_confident,agnews,agnews,0.5956217447916666
pythia-70m,256,real,(ceiling),fidelity_within,tldr17,tldr17,0.9569303761519261
pythia-70m,256,real,(ceiling),fidelity_within_r,tldr17,tldr17,0.97880800404216
pythia-70m,256,real,final,reliability_within,tldr17,tldr17,0.8458074054668385
pythia-70m,256,real,final,reliability_within_coassoc,tldr17,tldr17,0.9786032990933617
pythia-70m,256,real,final,fidelity_within,tldr17,tldr17,0.5434291376899973
pythia-70m,256,real,final,fidelity_within_r,tldr17,tldr17,0.7374722054773215
pythia-70m,256,real,final,fidelity_within_insample,tldr17,tldr17,0.55963783313285
pythia-70m,256,real,final,reliability_ceiling,tldr17,tldr17,0.9087103626022076
pythia-70m,256,real,final,triviality_ami_layer,tldr17,tldr17,0.2802297269115751
pythia-70m,256,real,final,triviality_ami_dimension,tldr17,tldr17,-0.027159910390388557
pythia-70m,256,real,final,triviality_ami_hubness,tldr17,tldr17,0.2506220553923159
pythia-70m,256,real,final,triviality_n_effective_networks,tldr17,tldr17,100.0
pythia-70m,256,real,final,triviality_entropy_effective_networks,tldr17,tldr17,68.32773100124508
pythia-70m,256,real,final,triviality_median_max_membership,tldr17,tldr17,0.535
pythia-70m,256,real,final,triviality_frac_confident,tldr17,tldr17,0.5590006510416666
pythia-70m,256,real,(ceiling),fidelity_across_halves,wikitext,bookcorpus,0.6889508516418633
pythia-70m,256,real,final,fidelity_across_halves,wikitext,bookcorpus,0.5639352654453729
pythia-70m,256,real,final,reliability_across_halves,wikitext,bookcorpus,0.7357858898232467
pythia-70m,256,real,(ceiling),fidelity_across_halves,wikitext,agnews,0.6748509722255183
pythia-70m,256,real,final,fidelity_across_halves,wikitext,agnews,0.56856673821581
pythia-70m,256,real,final,reliability_across_halves,wikitext,agnews,0.7569802297792676
pythia-70m,256,real,(ceiling),fidelity_across_halves,wikitext,tldr17,0.6680503252003355
pythia-70m,256,real,final,fidelity_across_halves,wikitext,tldr17,0.5674905426994769
pythia-70m,256,real,final,reliability_across_halves,wikitext,tldr17,0.7463849012210149
pythia-70m,256,real,(ceiling),fidelity_across_halves,bookcorpus,wikitext,0.7172150925195843
pythia-70m,256,real,final,fidelity_across_halves,bookcorpus,wikitext,0.6037327867412323
pythia-70m,256,real,final,reliability_across_halves,bookcorpus,wikitext,0.7389898403473737
pythia-70m,256,real,(ceiling),fidelity_across_halves,bookcorpus,agnews,0.726054199753127
pythia-70m,256,real,final,fidelity_across_halves,bookcorpus,agnews,0.6008294976976504
pythia-70m,256,real,final,reliability_across_halves,bookcorpus,agnews,0.7098510673673755
pythia-70m,256,real,(ceiling),fidelity_across_halves,bookcorpus,tldr17,0.789447764573486
pythia-70m,256,real,final,fidelity_across_halves,bookcorpus,tldr17,0.6546111261775709
pythia-70m,256,real,final,reliability_across_halves,bookcorpus,tldr17,0.7127855762194848
pythia-70m,256,real,(ceiling),fidelity_across_halves,agnews,wikitext,0.6886509319819326
pythia-70m,256,real,final,fidelity_across_halves,agnews,wikitext,0.6081747618087672
pythia-70m,256,real,final,reliability_across_halves,agnews,wikitext,0.7569097560782131
pythia-70m,256,real,(ceiling),fidelity_across_halves,agnews,bookcorpus,0.7114792060430367
pythia-70m,256,real,final,fidelity_across_halves,agnews,bookcorpus,0.6059453505180471
pythia-70m,256,real,final,reliability_across_halves,agnews,bookcorpus,0.707554701256738
pythia-70m,256,real,(ceiling),fidelity_across_halves,agnews,tldr17,0.7278081096229322
pythia-70m,256,real,final,fidelity_across_halves,agnews,tldr17,0.6131211514355098
pythia-70m,256,real,final,reliability_across_halves,agnews,tldr17,0.7607701769421003
pythia-70m,256,real,(ceiling),fidelity_across_halves,tldr17,wikitext,0.683581831395631
pythia-70m,256,real,final,fidelity_across_halves,tldr17,wikitext,0.5782330471059878
pythia-70m,256,real,final,reliability_across_halves,tldr17,wikitext,0.7607009500629438
pythia-70m,256,real,(ceiling),fidelity_across_halves,tldr17,bookcorpus,0.7788199491716403
pythia-70m,256,real,final,fidelity_across_halves,tldr17,bookcorpus,0.6281555846922633
pythia-70m,256,real,final,reliability_across_halves,tldr17,bookcorpus,0.7193615487200816
pythia-70m,256,real,(ceiling),fidelity_across_halves,tldr17,agnews,0.7300753943692948
pythia-70m,256,real,final,fidelity_across_halves,tldr17,agnews,0.5828084819338392
pythia-70m,256,real,final,reliability_across_halves,tldr17,agnews,0.768234909210372
pythia-70m,256,null,(ceiling),fidelity_within,wikitext,wikitext,-0.48765211305587286
pythia-70m,256,null,(ceiling),fidelity_within_r,wikitext,wikitext,0.25620720478948505
pythia-70m,256,null,final,reliability_within,wikitext,wikitext,0.1511493149986745
pythia-70m,256,null,final,reliability_within_coassoc,wikitext,wikitext,0.3547004119278606
pythia-70m,256,null,final,fidelity_within,wikitext,wikitext,0.17419425475364558
pythia-70m,256,null,final,fidelity_within_r,wikitext,wikitext,0.41751064252344633
pythia-70m,256,null,final,fidelity_within_insample,wikitext,wikitext,0.18296313175937695
pythia-70m,256,null,final,reliability_ceiling,wikitext,wikitext,0.6905044781549022
pythia-70m,256,null,final,triviality_ami_layer,wikitext,wikitext,0.16494941655566245
pythia-70m,256,null,final,triviality_ami_dimension,wikitext,wikitext,-0.0069126743468379956
pythia-70m,256,null,final,triviality_ami_hubness,wikitext,wikitext,0.13781608432566375
pythia-70m,256,null,final,triviality_n_effective_networks,wikitext,wikitext,100.0
pythia-70m,256,null,final,triviality_entropy_effective_networks,wikitext,wikitext,68.29323406042681
pythia-70m,256,null,final,triviality_median_max_membership,wikitext,wikitext,0.535
pythia-70m,256,null,final,triviality_frac_confident,wikitext,wikitext,0.5537923177083334
pythia-70m,256,null,(ceiling),fidelity_within,bookcorpus,bookcorpus,-0.5159906345589498
pythia-70m,256,null,(ceiling),fidelity_within_r,bookcorpus,bookcorpus,0.23418998822043072
pythia-70m,256,null,final,reliability_within,bookcorpus,bookcorpus,0.0848394781725697
pythia-70m,256,null,final,reliability_within_coassoc,bookcorpus,bookcorpus,0.17678067183369484
pythia-70m,256,null,final,fidelity_within,bookcorpus,bookcorpus,0.15154207629975747
pythia-70m,256,null,final,fidelity_within_r,bookcorpus,bookcorpus,0.38957626629876335
pythia-70m,256,null,final,fidelity_within_insample,bookcorpus,bookcorpus,0.1648254071751859
pythia-70m,256,null,final,reliability_ceiling,bookcorpus,bookcorpus,0.6020898980321544
pythia-70m,256,null,final,triviality_ami_layer,bookcorpus,bookcorpus,0.1514268197244299
pythia-70m,256,null,final,triviality_ami_dimension,bookcorpus,bookcorpus,-0.003913220439229864
pythia-70m,256,null,final,triviality_ami_hubness,bookcorpus,bookcorpus,0.14113686278543877
pythia-70m,256,null,final,triviality_n_effective_networks,bookcorpus,bookcorpus,100.0
pythia-70m,256,null,final,triviality_entropy_effective_networks,bookcorpus,bookcorpus,89.4304791145162
pythia-70m,256,null,final,triviality_median_max_membership,bookcorpus,bookcorpus,0.485
pythia-70m,256,null,final,triviality_frac_confident,bookcorpus,bookcorpus,0.4608561197916667
pythia-70m,256,null,(ceiling),fidelity_within,agnews,agnews,-0.5564740660170155
pythia-70m,256,null,(ceiling),fidelity_within_r,agnews,agnews,0.2211725751320398
pythia-70m,256,null,final,reliability_within,agnews,agnews,0.10545104077613636
pythia-70m,256,null,final,reliability_within_coassoc,agnews,agnews,0.33862762670131663
pythia-70m,256,null,final,fidelity_within,agnews,agnews,0.16608111039921913
pythia-70m,256,null,final,fidelity_within_r,agnews,agnews,0.4076076431752792
pythia-70m,256,null,final,fidelity_within_insample,agnews,agnews,0.17291517106929688
pythia-70m,256,null,final,reliability_ceiling,agnews,agnews,0.5125085503869985
pythia-70m,256,null,final,triviality_ami_layer,agnews,agnews,0.21920364777315252
pythia-70m,256,null,final,triviality_ami_dimension,agnews,agnews,-0.0057704475258271055
pythia-70m,256,null,final,triviality_ami_hubness,agnews,agnews,0.17480743855340902
pythia-70m,256,null,final,triviality_n_effective_networks,agnews,agnews,100.0
pythia-70m,256,null,final,triviality_entropy_effective_networks,agnews,agnews,90.40703603030958
pythia-70m,256,null,final,triviality_median_max_membership,agnews,agnews,0.315
pythia-70m,256,null,final,triviality_frac_confident,agnews,agnews,0.21883138020833334
pythia-70m,256,null,(ceiling),fidelity_within,tldr17,tldr17,-0.5247503798074662
pythia-70m,256,null,(ceiling),fidelity_within_r,tldr17,tldr17,0.28813625164588363
pythia-70m,256,null,final,reliability_within,tldr17,tldr17,0.23673079582826342
pythia-70m,256,null,final,reliability_within_coassoc,tldr17,tldr17,0.5390409268350541
pythia-70m,256,null,final,fidelity_within,tldr17,tldr17,0.17512440721674782
pythia-70m,256,null,final,fidelity_within_r,tldr17,tldr17,0.4257933614710497
pythia-70m,256,null,final,fidelity_within_insample,tldr17,tldr17,0.21097520443585593
pythia-70m,256,null,final,reliability_ceiling,tldr17,tldr17,0.6580813131563268
pythia-70m,256,null,final,triviality_ami_layer,tldr17,tldr17,0.15707825188544883
pythia-70m,256,null,final,triviality_ami_dimension,tldr17,tldr17,-0.017105663602128996
pythia-70m,256,null,final,triviality_ami_hubness,tldr17,tldr17,0.13898566264855589
pythia-70m,256,null,final,triviality_n_effective_networks,tldr17,tldr17,100.0
pythia-70m,256,null,final,triviality_entropy_effective_networks,tldr17,tldr17,55.88710205399376
pythia-70m,256,null,final,triviality_median_max_membership,tldr17,tldr17,0.58
pythia-70m,256,null,final,triviality_frac_confident,tldr17,tldr17,0.5809733072916666
pythia-70m,256,null,(ceiling),fidelity_across_halves,wikitext,bookcorpus,0.22376833924470768
pythia-70m,256,null,final,fidelity_across_halves,wikitext,bookcorpus,0.3705959030084309
pythia-70m,256,null,final,reliability_across_halves,wikitext,bookcorpus,0.12262847264485813
pythia-70m,256,null,(ceiling),fidelity_across_halves,wikitext,agnews,0.22419024877643398
pythia-70m,256,null,final,fidelity_across_halves,wikitext,agnews,0.375168305195401
pythia-70m,256,null,final,reliability_across_halves,wikitext,agnews,0.10492224778064532
pythia-70m,256,null,(ceiling),fidelity_across_halves,wikitext,tldr17,0.24157586881605272
pythia-70m,256,null,final,fidelity_across_halves,wikitext,tldr17,0.4340271842792851
pythia-70m,256,null,final,reliability_across_halves,wikitext,tldr17,0.11334827388557513
pythia-70m,256,null,(ceiling),fidelity_across_halves,bookcorpus,wikitext,0.22648339231524603
pythia-70m,256,null,final,fidelity_across_halves,bookcorpus,wikitext,0.4136132964514438
pythia-70m,256,null,final,reliability_across_halves,bookcorpus,wikitext,0.0744615645006289
pythia-70m,256,null,(ceiling),fidelity_across_halves,bookcorpus,agnews,0.20952669255565917
pythia-70m,256,null,final,fidelity_across_halves,bookcorpus,agnews,0.3768812921835722
pythia-70m,256,null,final,reliability_across_halves,bookcorpus,agnews,0.05654967497715511
pythia-70m,256,null,(ceiling),fidelity_across_halves,bookcorpus,tldr17,0.23769859706695765
pythia-70m,256,null,final,fidelity_across_halves,bookcorpus,tldr17,0.4387782358723134
pythia-70m,256,null,final,reliability_across_halves,bookcorpus,tldr17,0.06226265943768934
pythia-70m,256,null,(ceiling),fidelity_across_halves,agnews,wikitext,0.22299256951139484
pythia-70m,256,null,final,fidelity_across_halves,agnews,wikitext,0.43548211470857134
pythia-70m,256,null,final,reliability_across_halves,agnews,wikitext,0.11183495188227355
pythia-70m,256,null,(ceiling),fidelity_across_halves,agnews,bookcorpus,0.20597152865207607
pythia-70m,256,null,final,fidelity_across_halves,agnews,bookcorpus,0.39290536614849203
pythia-70m,256,null,final,reliability_across_halves,agnews,bookcorpus,0.0957597555437813
pythia-70m,256,null,(ceiling),fidelity_across_halves,agnews,tldr17,0.21712416823821631
pythia-70m,256,null,final,fidelity_across_halves,agnews,tldr17,0.43412539125621674
pythia-70m,256,null,final,reliability_across_halves,agnews,tldr17,0.07394419103147058
pythia-70m,256,null,(ceiling),fidelity_across_halves,tldr17,wikitext,0.24326887918331772
pythia-70m,256,null,final,fidelity_across_halves,tldr17,wikitext,0.3916700666279533
pythia-70m,256,null,final,reliability_across_halves,tldr17,wikitext,0.17768848851189098
pythia-70m,256,null,(ceiling),fidelity_across_halves,tldr17,bookcorpus,0.2370293688156306
pythia-70m,256,null,final,fidelity_across_halves,tldr17,bookcorpus,0.3475975516983592
pythia-70m,256,null,final,reliability_across_halves,tldr17,bookcorpus,0.16695631586838452
pythia-70m,256,null,(ceiling),fidelity_across_halves,tldr17,agnews,0.2207808567564132
pythia-70m,256,null,final,fidelity_across_halves,tldr17,agnews,0.351042354271173
pythia-70m,256,null,final,reliability_across_halves,tldr17,agnews,0.10488828980114205
pythia-70m,256,pnull,final,reliability_within_coassoc,wikitext,wikitext,0.36636884577470036
pythia-70m,256,pnull,final,reliability_within,wikitext,wikitext,0.20908812945455224
pythia-70m,256,pnull,final,fidelity_within,wikitext,wikitext,0.28647091179980566
pythia-70m,256,pnull,final,fidelity_within_r,wikitext,wikitext,0.5353718752496002
pythia-70m,256,pnull,final,fidelity_within_insample,wikitext,wikitext,0.28844603801807844
pythia-70m,256,pnull,final,triviality_ami_layer,wikitext,wikitext,0.16494941655566245
pythia-70m,256,pnull,final,triviality_ami_dimension,wikitext,wikitext,-0.0069126743468379956
pythia-70m,256,pnull,final,triviality_ami_hubness,wikitext,wikitext,0.14046164046537168
pythia-70m,256,pnull,final,triviality_n_effective_networks,wikitext,wikitext,100.0
pythia-70m,256,pnull,final,triviality_entropy_effective_networks,wikitext,wikitext,68.29323406042681
pythia-70m,256,pnull,final,triviality_median_max_membership,wikitext,wikitext,0.535
pythia-70m,256,pnull,final,triviality_frac_confident,wikitext,wikitext,0.5537923177083334
pythia-70m,256,rand,final,reliability_within,wikitext,wikitext,-5.5343064408663565e-05
pythia-70m,256,rand,final,fidelity_within,wikitext,wikitext,0.003161591424818644
pythia-70m,256,rand,final,fidelity_within_r,wikitext,wikitext,0.05714132880604587
pythia-70m,256,rand,final,fidelity_within_insample,wikitext,wikitext,0.003396135052492366
pythia-70m,256,rand,final,triviality_ami_layer,wikitext,wikitext,0.00011872634907386882
pythia-70m,256,rand,final,triviality_ami_dimension,wikitext,wikitext,-0.0003306058318419001
pythia-70m,256,rand,final,triviality_ami_hubness,wikitext,wikitext,0.000846536212697529
pythia-70m,256,rand,final,triviality_n_effective_networks,wikitext,wikitext,100.0
pythia-70m,256,rand,final,triviality_entropy_effective_networks,wikitext,wikitext,99.65527943369183
pythia-70m,256,rand,final,triviality_median_max_membership,wikitext,wikitext,1.0
pythia-70m,256,rand,final,triviality_frac_confident,wikitext,wikitext,1.0
pythia-70m,256,pnull,final,reliability_within_coassoc,bookcorpus,bookcorpus,0.30678731666490516
pythia-70m,256,pnull,final,reliability_within,bookcorpus,bookcorpus,0.16524324931092838
pythia-70m,256,pnull,final,fidelity_within,bookcorpus,bookcorpus,0.2549692708655016
pythia-70m,256,pnull,final,fidelity_within_r,bookcorpus,bookcorpus,0.504947032052925
pythia-70m,256,pnull,final,fidelity_within_insample,bookcorpus,bookcorpus,0.25398509634565425
pythia-70m,256,pnull,final,triviality_ami_layer,bookcorpus,bookcorpus,0.1514268197244299
pythia-70m,256,pnull,final,triviality_ami_dimension,bookcorpus,bookcorpus,-0.003913220439229864
pythia-70m,256,pnull,final,triviality_ami_hubness,bookcorpus,bookcorpus,0.12069056050887496
pythia-70m,256,pnull,final,triviality_n_effective_networks,bookcorpus,bookcorpus,100.0
pythia-70m,256,pnull,final,triviality_entropy_effective_networks,bookcorpus,bookcorpus,89.4304791145162
pythia-70m,256,pnull,final,triviality_median_max_membership,bookcorpus,bookcorpus,0.485
pythia-70m,256,pnull,final,triviality_frac_confident,bookcorpus,bookcorpus,0.4608561197916667
pythia-70m,256,rand,final,reliability_within,bookcorpus,bookcorpus,-1.5632997606488895e-05
pythia-70m,256,rand,final,fidelity_within,bookcorpus,bookcorpus,0.003434421890999406
pythia-70m,256,rand,final,fidelity_within_r,bookcorpus,bookcorpus,0.058615512069437964
pythia-70m,256,rand,final,fidelity_within_insample,bookcorpus,bookcorpus,0.00349746792358796
pythia-70m,256,rand,final,triviality_ami_layer,bookcorpus,bookcorpus,-0.0001546005848497963
pythia-70m,256,rand,final,triviality_ami_dimension,bookcorpus,bookcorpus,-0.00035047632744764214
pythia-70m,256,rand,final,triviality_ami_hubness,bookcorpus,bookcorpus,8.304196485077743e-05
pythia-70m,256,rand,final,triviality_n_effective_networks,bookcorpus,bookcorpus,100.0
pythia-70m,256,rand,final,triviality_entropy_effective_networks,bookcorpus,bookcorpus,99.49391230693601
pythia-70m,256,rand,final,triviality_median_max_membership,bookcorpus,bookcorpus,1.0
pythia-70m,256,rand,final,triviality_frac_confident,bookcorpus,bookcorpus,1.0
pythia-70m,256,pnull,final,reliability_within_coassoc,agnews,agnews,0.323374107824857
pythia-70m,256,pnull,final,reliability_within,agnews,agnews,0.12726173882641803
pythia-70m,256,pnull,final,fidelity_within,agnews,agnews,0.28216973851945504
pythia-70m,256,pnull,final,fidelity_within_r,agnews,agnews,0.5312022630775841
pythia-70m,256,pnull,final,fidelity_within_insample,agnews,agnews,0.2825785216226284
pythia-70m,256,pnull,final,triviality_ami_layer,agnews,agnews,0.21920364777315252
pythia-70m,256,pnull,final,triviality_ami_dimension,agnews,agnews,-0.0057704475258271055
pythia-70m,256,pnull,final,triviality_ami_hubness,agnews,agnews,0.13812449564830523
pythia-70m,256,pnull,final,triviality_n_effective_networks,agnews,agnews,100.0
pythia-70m,256,pnull,final,triviality_entropy_effective_networks,agnews,agnews,90.40703603030958
pythia-70m,256,pnull,final,triviality_median_max_membership,agnews,agnews,0.315
pythia-70m,256,pnull,final,triviality_frac_confident,agnews,agnews,0.21883138020833334
pythia-70m,256,rand,final,reliability_within,agnews,agnews,1.2499711932925376e-05
pythia-70m,256,rand,final,fidelity_within,agnews,agnews,0.0026833966190177305
pythia-70m,256,rand,final,fidelity_within_r,agnews,agnews,0.05183518281003346
pythia-70m,256,rand,final,fidelity_within_insample,agnews,agnews,0.0026809904221940517
pythia-70m,256,rand,final,triviality_ami_layer,agnews,agnews,-1.0400218675097702e-05
pythia-70m,256,rand,final,triviality_ami_dimension,agnews,agnews,-0.0006017366849156746
pythia-70m,256,rand,final,triviality_ami_hubness,agnews,agnews,-0.0002818276939936053
pythia-70m,256,rand,final,triviality_n_effective_networks,agnews,agnews,100.0
pythia-70m,256,rand,final,triviality_entropy_effective_networks,agnews,agnews,99.58778207722416
pythia-70m,256,rand,final,triviality_median_max_membership,agnews,agnews,1.0
pythia-70m,256,rand,final,triviality_frac_confident,agnews,agnews,1.0
pythia-70m,256,pnull,final,reliability_within_coassoc,tldr17,tldr17,0.6144745117457705
pythia-70m,256,pnull,final,reliability_within,tldr17,tldr17,0.37945361769046004
pythia-70m,256,pnull,final,fidelity_within,tldr17,tldr17,0.3085876061253664
pythia-70m,256,pnull,final,fidelity_within_r,tldr17,tldr17,0.5558411503820525
pythia-70m,256,pnull,final,fidelity_within_insample,tldr17,tldr17,0.3212447640064032
pythia-70m,256,pnull,final,triviality_ami_layer,tldr17,tldr17,0.15707825188544883
pythia-70m,256,pnull,final,triviality_ami_dimension,tldr17,tldr17,-0.017105663602128996
pythia-70m,256,pnull,final,triviality_ami_hubness,tldr17,tldr17,0.15357614525550634
pythia-70m,256,pnull,final,triviality_n_effective_networks,tldr17,tldr17,100.0
pythia-70m,256,pnull,final,triviality_entropy_effective_networks,tldr17,tldr17,55.88710205399376
pythia-70m,256,pnull,final,triviality_median_max_membership,tldr17,tldr17,0.58
pythia-70m,256,pnull,final,triviality_frac_confident,tldr17,tldr17,0.5809733072916666
pythia-70m,256,rand,final,reliability_within,tldr17,tldr17,0.00012022786022937608
pythia-70m,256,rand,final,fidelity_within,tldr17,tldr17,0.0028657271945254914
pythia-70m,256,rand,final,fidelity_within_r,tldr17,tldr17,0.05416290957077643
pythia-70m,256,rand,final,fidelity_within_insample,tldr17,tldr17,0.002951564763514658
pythia-70m,256,rand,final,triviality_ami_layer,tldr17,tldr17,0.000474331363252503
pythia-70m,256,rand,final,triviality_ami_dimension,tldr17,tldr17,2.566747306591322e-05
pythia-70m,256,rand,final,triviality_ami_hubness,tldr17,tldr17,-0.00044967919702556695
pythia-70m,256,rand,final,triviality_n_effective_networks,tldr17,tldr17,100.0
pythia-70m,256,rand,final,triviality_entropy_effective_networks,tldr17,tldr17,99.68282162958437
pythia-70m,256,rand,final,triviality_median_max_membership,tldr17,tldr17,1.0
pythia-70m,256,rand,final,triviality_frac_confident,tldr17,tldr17,1.0
pythia-70m,256,pnull,final,fidelity_across_halves,wikitext,bookcorpus,0.5081335413776744
pythia-70m,256,pnull,final,reliability_across_halves,wikitext,bookcorpus,0.20599084741753748
pythia-70m,256,rand,final,fidelity_across_halves,wikitext,bookcorpus,0.04790602198475219
pythia-70m,256,rand,final,reliability_across_halves,wikitext,bookcorpus,-0.00010991952742403769
pythia-70m,256,pnull,final,fidelity_across_halves,wikitext,agnews,0.5030128507501771
pythia-70m,256,pnull,final,reliability_across_halves,wikitext,agnews,0.16147653723744249
pythia-70m,256,rand,final,fidelity_across_halves,wikitext,agnews,0.050050959776220254
pythia-70m,256,rand,final,reliability_across_halves,wikitext,agnews,1.644640371279497e-05
pythia-70m,256,pnull,final,fidelity_across_halves,wikitext,tldr17,0.5221137395351616
pythia-70m,256,pnull,final,reliability_across_halves,wikitext,tldr17,0.2512230239857426
pythia-70m,256,rand,final,fidelity_across_halves,wikitext,tldr17,0.053044707231306575
pythia-70m,256,rand,final,reliability_across_halves,wikitext,tldr17,8.372894828233255e-05
pythia-70m,256,pnull,final,fidelity_across_halves,bookcorpus,wikitext,0.5076336138838582
pythia-70m,256,pnull,final,reliability_across_halves,bookcorpus,wikitext,0.16185035562905287
pythia-70m,256,rand,final,fidelity_across_halves,bookcorpus,wikitext,0.05403199978489499
pythia-70m,256,rand,final,reliability_across_halves,bookcorpus,wikitext,-3.0779902789811e-05
pythia-70m,256,pnull,final,fidelity_across_halves,bookcorpus,agnews,0.4965237034900447
pythia-70m,256,pnull,final,reliability_across_halves,bookcorpus,agnews,0.12052862974486231
pythia-70m,256,rand,final,fidelity_across_halves,bookcorpus,agnews,0.056002361399238115
pythia-70m,256,rand,final,reliability_across_halves,bookcorpus,agnews,7.913427887065708e-05
pythia-70m,256,pnull,final,fidelity_across_halves,bookcorpus,tldr17,0.5136846019715964
pythia-70m,256,pnull,final,reliability_across_halves,bookcorpus,tldr17,0.20377705545596259
pythia-70m,256,rand,final,fidelity_across_halves,bookcorpus,tldr17,0.058873035285579065
pythia-70m,256,rand,final,reliability_across_halves,bookcorpus,tldr17,7.912996220121914e-05
pythia-70m,256,pnull,final,fidelity_across_halves,agnews,wikitext,0.5364967149940667
pythia-70m,256,pnull,final,reliability_across_halves,agnews,wikitext,0.17249798515031367
pythia-70m,256,rand,final,fidelity_across_halves,agnews,wikitext,0.051151538581081187
pythia-70m,256,rand,final,reliability_across_halves,agnews,wikitext,1.604254045032776e-05
pythia-70m,256,pnull,final,fidelity_across_halves,agnews,bookcorpus,0.5247189126453511
pythia-70m,256,pnull,final,reliability_across_halves,agnews,bookcorpus,0.17165432838949907
pythia-70m,256,rand,final,fidelity_across_halves,agnews,bookcorpus,0.0490033740771594
pythia-70m,256,rand,final,reliability_across_halves,agnews,bookcorpus,-6.288681257429708e-05
pythia-70m,256,pnull,final,fidelity_across_halves,agnews,tldr17,0.5245329051440324
pythia-70m,256,pnull,final,reliability_across_halves,agnews,tldr17,0.21487951935479474
pythia-70m,256,rand,final,fidelity_across_halves,agnews,tldr17,0.051299950964677994
pythia-70m,256,rand,final,reliability_across_halves,agnews,tldr17,6.291071044733812e-05
pythia-70m,256,pnull,final,fidelity_across_halves,tldr17,wikitext,0.5010171113291383
pythia-70m,256,pnull,final,reliability_across_halves,tldr17,wikitext,0.34379301344278507
pythia-70m,256,rand,final,fidelity_across_halves,tldr17,wikitext,0.04858324948327464
pythia-70m,256,rand,final,reliability_across_halves,tldr17,wikitext,-1.6122082830950614e-05
pythia-70m,256,pnull,final,fidelity_across_halves,tldr17,bookcorpus,0.5017860285154463
pythia-70m,256,pnull,final,reliability_across_halves,tldr17,bookcorpus,0.32983376391713437
pythia-70m,256,rand,final,fidelity_across_halves,tldr17,bookcorpus,0.049737771413008114
pythia-70m,256,rand,final,reliability_across_halves,tldr17,bookcorpus,-7.003201101813425e-05
pythia-70m,256,pnull,final,fidelity_across_halves,tldr17,agnews,0.48750044272017645
pythia-70m,256,pnull,final,reliability_across_halves,tldr17,agnews,0.2921145829564723
pythia-70m,256,rand,final,fidelity_across_halves,tldr17,agnews,0.049169940313065354
pythia-70m,256,rand,final,reliability_across_halves,tldr17,agnews,4.954653429514995e-05
pythia-70m,1000,real,(ceiling),fidelity_within,wikitext,wikitext,0.9703743799524212
pythia-70m,1000,real,(ceiling),fidelity_within_r,wikitext,wikitext,0.9852111187777509
pythia-70m,1000,real,final,reliability_within,wikitext,wikitext,0.8007174429251612
pythia-70m,1000,real,final,reliability_within_coassoc,wikitext,wikitext,0.9706136125009538
pythia-70m,1000,real,final,fidelity_within,wikitext,wikitext,0.36588047515607847
pythia-70m,1000,real,final,fidelity_within_r,wikitext,wikitext,0.6048882936647819
pythia-70m,1000,real,final,fidelity_within_insample,wikitext,wikitext,0.3659362728602227
pythia-70m,1000,real,final,reliability_ceiling,wikitext,wikitext,0.8967059266107092
pythia-70m,1000,real,final,triviality_ami_layer,wikitext,wikitext,0.39656846904159604
pythia-70m,1000,real,final,triviality_ami_dimension,wikitext,wikitext,-0.018902206354803906
pythia-70m,1000,real,final,triviality_ami_hubness,wikitext,wikitext,0.19251175081805286
pythia-70m,1000,real,final,triviality_n_effective_networks,wikitext,wikitext,100.0
pythia-70m,1000,real,final,triviality_entropy_effective_networks,wikitext,wikitext,74.74533431340527
pythia-70m,1000,real,final,triviality_median_max_membership,wikitext,wikitext,0.6
pythia-70m,1000,real,final,triviality_frac_confident,wikitext,wikitext,0.636962890625
pythia-70m,1000,real,(ceiling),fidelity_within,bookcorpus,bookcorpus,0.978975570561355
pythia-70m,1000,real,(ceiling),fidelity_within_r,bookcorpus,bookcorpus,0.9895082204036342
pythia-70m,1000,real,final,reliability_within,bookcorpus,bookcorpus,0.852788393405169
pythia-70m,1000,real,final,reliability_within_coassoc,bookcorpus,bookcorpus,0.9793827520334348
pythia-70m,1000,real,final,fidelity_within,bookcorpus,bookcorpus,0.3536361946028741
pythia-70m,1000,real,final,fidelity_within_r,bookcorpus,bookcorpus,0.594678968693546
pythia-70m,1000,real,final,fidelity_within_insample,bookcorpus,bookcorpus,0.3548888302066865
pythia-70m,1000,real,final,reliability_ceiling,bookcorpus,bookcorpus,0.8901135555942449
pythia-70m,1000,real,final,triviality_ami_layer,bookcorpus,bookcorpus,0.38271326404770056
pythia-70m,1000,real,final,triviality_ami_dimension,bookcorpus,bookcorpus,-0.015914414747247717
pythia-70m,1000,real,final,triviality_ami_hubness,bookcorpus,bookcorpus,0.1829563908337594
pythia-70m,1000,real,final,triviality_n_effective_networks,bookcorpus,bookcorpus,100.0
pythia-70m,1000,real,final,triviality_entropy_effective_networks,bookcorpus,bookcorpus,78.57422284506104
pythia-70m,1000,real,final,triviality_median_max_membership,bookcorpus,bookcorpus,0.61
pythia-70m,1000,real,final,triviality_frac_confident,bookcorpus,bookcorpus,0.6476236979166666
pythia-70m,1000,real,(ceiling),fidelity_within,agnews,agnews,0.9796535190925709
pythia-70m,1000,real,(ceiling),fidelity_within_r,agnews,agnews,0.9898369738414071
pythia-70m,1000,real,final,reliability_within,agnews,agnews,0.8435568804650025
pythia-70m,1000,real,final,reliability_within_coassoc,agnews,agnews,0.9794835166993194
pythia-70m,1000,real,final,fidelity_within,agnews,agnews,0.37578627451592894
pythia-70m,1000,real,final,fidelity_within_r,agnews,agnews,0.6130157041055406
pythia-70m,1000,real,final,fidelity_within_insample,agnews,agnews,0.3762099792155923
pythia-70m,1000,real,final,reliability_ceiling,agnews,agnews,0.8778746505765992
pythia-70m,1000,real,final,triviality_ami_layer,agnews,agnews,0.3911042605860234
pythia-70m,1000,real,final,triviality_ami_dimension,agnews,agnews,-0.01814938738200121
pythia-70m,1000,real,final,triviality_ami_hubness,agnews,agnews,0.191629379869996
pythia-70m,1000,real,final,triviality_n_effective_networks,agnews,agnews,100.0
pythia-70m,1000,real,final,triviality_entropy_effective_networks,agnews,agnews,75.79941392615797
pythia-70m,1000,real,final,triviality_median_max_membership,agnews,agnews,0.605
pythia-70m,1000,real,final,triviality_frac_confident,agnews,agnews,0.6437174479166666
pythia-70m,1000,real,(ceiling),fidelity_within,tldr17,tldr17,0.964423715253184
pythia-70m,1000,real,(ceiling),fidelity_within_r,tldr17,tldr17,0.9823826517221227
pythia-70m,1000,real,final,reliability_within,tldr17,tldr17,0.800634030300506
pythia-70m,1000,real,final,reliability_within_coassoc,tldr17,tldr17,0.9665902155779781
pythia-70m,1000,real,final,fidelity_within,tldr17,tldr17,0.36645290788465623
pythia-70m,1000,real,final,fidelity_within_r,tldr17,tldr17,0.6054620143012948
pythia-70m,1000,real,final,fidelity_within_insample,tldr17,tldr17,0.3712626527920494
pythia-70m,1000,real,final,reliability_ceiling,tldr17,tldr17,0.8552263275446252
pythia-70m,1000,real,final,triviality_ami_layer,tldr17,tldr17,0.3845194193405939
pythia-70m,1000,real,final,triviality_ami_dimension,tldr17,tldr17,-0.01632472458741792
pythia-70m,1000,real,final,triviality_ami_hubness,tldr17,tldr17,0.1862128918864698
pythia-70m,1000,real,final,triviality_n_effective_networks,tldr17,tldr17,100.0
pythia-70m,1000,real,final,triviality_entropy_effective_networks,tldr17,tldr17,78.02622885756087
pythia-70m,1000,real,final,triviality_median_max_membership,tldr17,tldr17,0.595
pythia-70m,1000,real,final,triviality_frac_confident,tldr17,tldr17,0.6463216145833334
pythia-70m,1000,real,(ceiling),fidelity_across_halves,wikitext,bookcorpus,0.7459920573117089
pythia-70m,1000,real,final,fidelity_across_halves,wikitext,bookcorpus,0.5416556649346486
pythia-70m,1000,real,final,reliability_across_halves,wikitext,bookcorpus,0.5043025279676421
pythia-70m,1000,real,(ceiling),fidelity_across_halves,wikitext,agnews,0.7581452901202934
pythia-70m,1000,real,final,fidelity_across_halves,wikitext,agnews,0.5454628281856226
pythia-70m,1000,real,final,reliability_across_halves,wikitext,agnews,0.500648012726774
pythia-70m,1000,real,(ceiling),fidelity_across_halves,wikitext,tldr17,0.7186487155255016
pythia-70m,1000,real,final,fidelity_across_halves,wikitext,tldr17,0.5229282783774367
pythia-70m,1000,real,final,reliability_across_halves,wikitext,tldr17,0.45791065371508155
pythia-70m,1000,real,(ceiling),fidelity_across_halves,bookcorpus,wikitext,0.7582089687100142
pythia-70m,1000,real,final,fidelity_across_halves,bookcorpus,wikitext,0.5488404481245622
pythia-70m,1000,real,final,reliability_across_halves,bookcorpus,wikitext,0.5123185757165231
pythia-70m,1000,real,(ceiling),fidelity_across_halves,bookcorpus,agnews,0.6924214611321385
pythia-70m,1000,real,final,fidelity_across_halves,bookcorpus,agnews,0.5161026493159724
pythia-70m,1000,real,final,reliability_across_halves,bookcorpus,agnews,0.4373625044698873
pythia-70m,1000,real,(ceiling),fidelity_across_halves,bookcorpus,tldr17,0.745922082341543
pythia-70m,1000,real,final,fidelity_across_halves,bookcorpus,tldr17,0.5269633702745271
pythia-70m,1000,real,final,reliability_across_halves,bookcorpus,tldr17,0.45119828573755005
pythia-70m,1000,real,(ceiling),fidelity_across_halves,agnews,wikitext,0.7561034853011553
pythia-70m,1000,real,final,fidelity_across_halves,agnews,wikitext,0.5405560440019038
pythia-70m,1000,real,final,reliability_across_halves,agnews,wikitext,0.48297511769642365
pythia-70m,1000,real,(ceiling),fidelity_across_halves,agnews,bookcorpus,0.6820407176385458
pythia-70m,1000,real,final,fidelity_across_halves,agnews,bookcorpus,0.5020645770770914
pythia-70m,1000,real,final,reliability_across_halves,agnews,bookcorpus,0.43367685976056636
pythia-70m,1000,real,(ceiling),fidelity_across_halves,agnews,tldr17,0.7706474458767559
pythia-70m,1000,real,final,fidelity_across_halves,agnews,tldr17,0.5489264158298885
pythia-70m,1000,real,final,reliability_across_halves,agnews,tldr17,0.5197519093963325
pythia-70m,1000,real,(ceiling),fidelity_across_halves,tldr17,wikitext,0.7271217895096997
pythia-70m,1000,real,final,fidelity_across_halves,tldr17,wikitext,0.5284041015482757
pythia-70m,1000,real,final,reliability_across_halves,tldr17,wikitext,0.4558123517921401
pythia-70m,1000,real,(ceiling),fidelity_across_halves,tldr17,bookcorpus,0.7429957877039793
pythia-70m,1000,real,final,fidelity_across_halves,tldr17,bookcorpus,0.5221911953485079
pythia-70m,1000,real,final,reliability_across_halves,tldr17,bookcorpus,0.45323930707223986
pythia-70m,1000,real,(ceiling),fidelity_across_halves,tldr17,agnews,0.7710660407426415
pythia-70m,1000,real,final,fidelity_across_halves,tldr17,agnews,0.5562223342470761
pythia-70m,1000,real,final,reliability_across_halves,tldr17,agnews,0.5321262434228652
pythia-70m,1000,null,(ceiling),fidelity_within,wikitext,wikitext,-0.6990422445337039
pythia-70m,1000,null,(ceiling),fidelity_within_r,wikitext,wikitext,0.15998133194157488
pythia-70m,1000,null,final,reliability_within,wikitext,wikitext,0.1346882253170322
pythia-70m,1000,null,final,reliability_within_coassoc,wikitext,wikitext,0.5793552763835746
pythia-70m,1000,null,final,fidelity_within,wikitext,wikitext,0.1349129092914736
pythia-70m,1000,null,final,fidelity_within_r,wikitext,wikitext,0.36764526608035925
pythia-70m,1000,null,final,fidelity_within_insample,wikitext,wikitext,0.14139994237087217
pythia-70m,1000,null,final,reliability_ceiling,wikitext,wikitext,0.3682007581069581
pythia-70m,1000,null,final,triviality_ami_layer,wikitext,wikitext,0.27881061273468905
pythia-70m,1000,null,final,triviality_ami_dimension,wikitext,wikitext,-0.007347131020027832
pythia-70m,1000,null,final,triviality_ami_hubness,wikitext,wikitext,0.3718577877802582
pythia-70m,1000,null,final,triviality_n_effective_networks,wikitext,wikitext,100.0
pythia-70m,1000,null,final,triviality_entropy_effective_networks,wikitext,wikitext,83.44862331229065
pythia-70m,1000,null,final,triviality_median_max_membership,wikitext,wikitext,0.185
pythia-70m,1000,null,final,triviality_frac_confident,wikitext,wikitext,0.103271484375
pythia-70m,1000,null,(ceiling),fidelity_within,bookcorpus,bookcorpus,-0.8141769250294464
pythia-70m,1000,null,(ceiling),fidelity_within_r,bookcorpus,bookcorpus,0.09407052583042866
pythia-70m,1000,null,final,reliability_within,bookcorpus,bookcorpus,0.20051554983461461
pythia-70m,1000,null,final,reliability_within_coassoc,bookcorpus,bookcorpus,0.5607805647787645
pythia-70m,1000,null,final,fidelity_within,bookcorpus,bookcorpus,0.08030871595711964
pythia-70m,1000,null,final,fidelity_within_r,bookcorpus,bookcorpus,0.28366533361198754
pythia-70m,1000,null,final,fidelity_within_insample,bookcorpus,bookcorpus,0.0875135016131382
pythia-70m,1000,null,final,reliability_ceiling,bookcorpus,bookcorpus,0.4721765804537981
pythia-70m,1000,null,final,triviality_ami_layer,bookcorpus,bookcorpus,0.301359417812901
pythia-70m,1000,null,final,triviality_ami_dimension,bookcorpus,bookcorpus,-0.006732296406373469
pythia-70m,1000,null,final,triviality_ami_hubness,bookcorpus,bookcorpus,0.362131835112095
pythia-70m,1000,null,final,triviality_n_effective_networks,bookcorpus,bookcorpus,100.0
pythia-70m,1000,null,final,triviality_entropy_effective_networks,bookcorpus,bookcorpus,80.00716979594839
pythia-70m,1000,null,final,triviality_median_max_membership,bookcorpus,bookcorpus,0.23
pythia-70m,1000,null,final,triviality_frac_confident,bookcorpus,bookcorpus,0.223876953125
pythia-70m,1000,null,(ceiling),fidelity_within,agnews,agnews,-0.8333895737326502
pythia-70m,1000,null,(ceiling),fidelity_within_r,agnews,agnews,0.07587883489568663
pythia-70m,1000,null,final,reliability_within,agnews,agnews,0.13463537656349706
pythia-70m,1000,null,final,reliability_within_coassoc,agnews,agnews,0.5376886046239554
pythia-70m,1000,null,final,fidelity_within,agnews,agnews,0.0688105080677961
pythia-70m,1000,null,final,fidelity_within_r,agnews,agnews,0.2623944818124442
pythia-70m,1000,null,final,fidelity_within_insample,agnews,agnews,0.06811027969016614
pythia-70m,1000,null,final,reliability_ceiling,agnews,agnews,0.32609060517220345
pythia-70m,1000,null,final,triviality_ami_layer,agnews,agnews,0.3017259395940606
pythia-70m,1000,null,final,triviality_ami_dimension,agnews,agnews,-0.006323735774016755
pythia-70m,1000,null,final,triviality_ami_hubness,agnews,agnews,0.3830789506858543
pythia-70m,1000,null,final,triviality_n_effective_networks,agnews,agnews,100.0
pythia-70m,1000,null,final,triviality_entropy_effective_networks,agnews,agnews,83.05789661283035
pythia-70m,1000,null,final,triviality_median_max_membership,agnews,agnews,0.185
pythia-70m,1000,null,final,triviality_frac_confident,agnews,agnews,0.11344401041666667
pythia-70m,1000,null,(ceiling),fidelity_within,tldr17,tldr17,-0.752298371047271
pythia-70m,1000,null,(ceiling),fidelity_within_r,tldr17,tldr17,0.18782998093335873
pythia-70m,1000,null,final,reliability_within,tldr17,tldr17,0.17493856143028627
pythia-70m,1000,null,final,reliability_within_coassoc,tldr17,tldr17,0.485385155093512
pythia-70m,1000,null,final,fidelity_within,tldr17,tldr17,0.09580852700820597
pythia-70m,1000,null,final,fidelity_within_r,tldr17,tldr17,0.31961946621555665
pythia-70m,1000,null,final,fidelity_within_insample,tldr17,tldr17,0.1283797557562376
pythia-70m,1000,null,final,reliability_ceiling,tldr17,tldr17,0.5890603493502518
pythia-70m,1000,null,final,triviality_ami_layer,tldr17,tldr17,0.19458945415919415
pythia-70m,1000,null,final,triviality_ami_dimension,tldr17,tldr17,-0.008294252332992148
pythia-70m,1000,null,final,triviality_ami_hubness,tldr17,tldr17,0.2775923845641243
pythia-70m,1000,null,final,triviality_n_effective_networks,tldr17,tldr17,100.0
pythia-70m,1000,null,final,triviality_entropy_effective_networks,tldr17,tldr17,69.75209807699093
pythia-70m,1000,null,final,triviality_median_max_membership,tldr17,tldr17,0.495
pythia-70m,1000,null,final,triviality_frac_confident,tldr17,tldr17,0.4893391927083333
pythia-70m,1000,null,(ceiling),fidelity_across_halves,wikitext,bookcorpus,0.1009051725897726
pythia-70m,1000,null,final,fidelity_across_halves,wikitext,bookcorpus,0.2332586536453299
pythia-70m,1000,null,final,reliability_across_halves,wikitext,bookcorpus,0.08257406979187448
pythia-70m,1000,null,(ceiling),fidelity_across_halves,wikitext,agnews,0.10087774070477817
pythia-70m,1000,null,final,fidelity_across_halves,wikitext,agnews,0.2375825455359905
pythia-70m,1000,null,final,reliability_across_halves,wikitext,agnews,0.09113741302610395
pythia-70m,1000,null,(ceiling),fidelity_across_halves,wikitext,tldr17,0.14737089751312002
pythia-70m,1000,null,final,fidelity_across_halves,wikitext,tldr17,0.35486983165053604
pythia-70m,1000,null,final,reliability_across_halves,wikitext,tldr17,0.10981738293362073
pythia-70m,1000,null,(ceiling),fidelity_across_halves,bookcorpus,wikitext,0.10370891143765489
pythia-70m,1000,null,final,fidelity_across_halves,bookcorpus,wikitext,0.32834055754706515
pythia-70m,1000,null,final,reliability_across_halves,bookcorpus,wikitext,0.0846602132463762
pythia-70m,1000,null,(ceiling),fidelity_across_halves,bookcorpus,agnews,0.07402134398474064
pythia-70m,1000,null,final,fidelity_across_halves,bookcorpus,agnews,0.23552225080166847
pythia-70m,1000,null,final,reliability_across_halves,bookcorpus,agnews,0.07844812010248318
pythia-70m,1000,null,(ceiling),fidelity_across_halves,bookcorpus,tldr17,0.10669247553164134
pythia-70m,1000,null,final,fidelity_across_halves,bookcorpus,tldr17,0.33834983413453135
pythia-70m,1000,null,final,reliability_across_halves,bookcorpus,tldr17,0.10579459373789914
pythia-70m,1000,null,(ceiling),fidelity_across_halves,agnews,wikitext,0.09701977176593649
pythia-70m,1000,null,final,fidelity_across_halves,agnews,wikitext,0.347848510457474
pythia-70m,1000,null,final,reliability_across_halves,agnews,wikitext,0.09324247215923512
pythia-70m,1000,null,(ceiling),fidelity_across_halves,agnews,bookcorpus,0.06977582063936286
pythia-70m,1000,null,final,fidelity_across_halves,agnews,bookcorpus,0.2504950662848627
pythia-70m,1000,null,final,reliability_across_halves,agnews,bookcorpus,0.07594242794140454
pythia-70m,1000,null,(ceiling),fidelity_across_halves,agnews,tldr17,0.09726809550341058
pythia-70m,1000,null,final,fidelity_across_halves,agnews,tldr17,0.35117786425008446
pythia-70m,1000,null,final,reliability_across_halves,agnews,tldr17,0.09772131488688146
pythia-70m,1000,null,(ceiling),fidelity_across_halves,tldr17,wikitext,0.15543917860836406
pythia-70m,1000,null,final,fidelity_across_halves,tldr17,wikitext,0.27211634826371967
pythia-70m,1000,null,final,reliability_across_halves,tldr17,wikitext,0.11869017750475619
pythia-70m,1000,null,(ceiling),fidelity_across_halves,tldr17,bookcorpus,0.10955864753611402
pythia-70m,1000,null,final,fidelity_across_halves,tldr17,bookcorpus,0.16086035656906664
pythia-70m,1000,null,final,reliability_across_halves,tldr17,bookcorpus,0.107297873212106
pythia-70m,1000,null,(ceiling),fidelity_across_halves,tldr17,agnews,0.10598309707758168
pythia-70m,1000,null,final,fidelity_across_halves,tldr17,agnews,0.17106287171453888
pythia-70m,1000,null,final,reliability_across_halves,tldr17,agnews,0.10366471898221387
pythia-70m,1000,pnull,final,reliability_within_coassoc,wikitext,wikitext,0.3338440379259281
pythia-70m,1000,pnull,final,reliability_within,wikitext,wikitext,0.1199772453084128
pythia-70m,1000,pnull,final,fidelity_within,wikitext,wikitext,0.2484753732143049
pythia-70m,1000,pnull,final,fidelity_within_r,wikitext,wikitext,0.49848684942212523
pythia-70m,1000,pnull,final,fidelity_within_insample,wikitext,wikitext,0.25009795464715423
pythia-70m,1000,pnull,final,triviality_ami_layer,wikitext,wikitext,0.27881061273468905
pythia-70m,1000,pnull,final,triviality_ami_dimension,wikitext,wikitext,-0.007347131020027832
pythia-70m,1000,pnull,final,triviality_ami_hubness,wikitext,wikitext,0.13535015682162707
pythia-70m,1000,pnull,final,triviality_n_effective_networks,wikitext,wikitext,100.0
pythia-70m,1000,pnull,final,triviality_entropy_effective_networks,wikitext,wikitext,83.44862331229065
pythia-70m,1000,pnull,final,triviality_median_max_membership,wikitext,wikitext,0.185
pythia-70m,1000,pnull,final,triviality_frac_confident,wikitext,wikitext,0.103271484375
pythia-70m,1000,rand,final,reliability_within,wikitext,wikitext,-2.9173641530529153e-05
pythia-70m,1000,rand,final,fidelity_within,wikitext,wikitext,0.001519694149409223
pythia-70m,1000,rand,final,fidelity_within_r,wikitext,wikitext,0.039094979983932895
pythia-70m,1000,rand,final,fidelity_within_insample,wikitext,wikitext,0.0015241920679957
pythia-70m,1000,rand,final,triviality_ami_layer,wikitext,wikitext,0.00011872634907386882
pythia-70m,1000,rand,final,triviality_ami_dimension,wikitext,wikitext,-0.0003306058318419001
pythia-70m,1000,rand,final,triviality_ami_hubness,wikitext,wikitext,-0.0007390408663759739
pythia-70m,1000,rand,final,triviality_n_effective_networks,wikitext,wikitext,100.0
pythia-70m,1000,rand,final,triviality_entropy_effective_networks,wikitext,wikitext,99.65527943369183
pythia-70m,1000,rand,final,triviality_median_max_membership,wikitext,wikitext,1.0
pythia-70m,1000,rand,final,triviality_frac_confident,wikitext,wikitext,1.0
pythia-70m,1000,pnull,final,reliability_within_coassoc,bookcorpus,bookcorpus,0.23881574405624784
pythia-70m,1000,pnull,final,reliability_within,bookcorpus,bookcorpus,0.09968768698856709
pythia-70m,1000,pnull,final,fidelity_within,bookcorpus,bookcorpus,0.24360062616935352
pythia-70m,1000,pnull,final,fidelity_within_r,bookcorpus,bookcorpus,0.49356780677022266
pythia-70m,1000,pnull,final,fidelity_within_insample,bookcorpus,bookcorpus,0.24518100426680967
pythia-70m,1000,pnull,final,triviality_ami_layer,bookcorpus,bookcorpus,0.301359417812901
pythia-70m,1000,pnull,final,triviality_ami_dimension,bookcorpus,bookcorpus,-0.006732296406373469
pythia-70m,1000,pnull,final,triviality_ami_hubness,bookcorpus,bookcorpus,0.1436325844022848
pythia-70m,1000,pnull,final,triviality_n_effective_networks,bookcorpus,bookcorpus,100.0
pythia-70m,1000,pnull,final,triviality_entropy_effective_networks,bookcorpus,bookcorpus,80.00716979594839
pythia-70m,1000,pnull,final,triviality_median_max_membership,bookcorpus,bookcorpus,0.23
pythia-70m,1000,pnull,final,triviality_frac_confident,bookcorpus,bookcorpus,0.223876953125
pythia-70m,1000,rand,final,reliability_within,bookcorpus,bookcorpus,-0.00010894730770947926
pythia-70m,1000,rand,final,fidelity_within,bookcorpus,bookcorpus,0.0021124792812686755
pythia-70m,1000,rand,final,fidelity_within_r,bookcorpus,bookcorpus,0.04599149704826874
pythia-70m,1000,rand,final,fidelity_within_insample,bookcorpus,bookcorpus,0.002130736293255664
pythia-70m,1000,rand,final,triviality_ami_layer,bookcorpus,bookcorpus,-0.0001546005848497963
pythia-70m,1000,rand,final,triviality_ami_dimension,bookcorpus,bookcorpus,-0.00035047632744764214
pythia-70m,1000,rand,final,triviality_ami_hubness,bookcorpus,bookcorpus,0.0003646440739816604
pythia-70m,1000,rand,final,triviality_n_effective_networks,bookcorpus,bookcorpus,100.0
pythia-70m,1000,rand,final,triviality_entropy_effective_networks,bookcorpus,bookcorpus,99.49391230693601
pythia-70m,1000,rand,final,triviality_median_max_membership,bookcorpus,bookcorpus,1.0
pythia-70m,1000,rand,final,triviality_frac_confident,bookcorpus,bookcorpus,1.0
pythia-70m,1000,pnull,final,reliability_within_coassoc,agnews,agnews,0.2706752256492975
pythia-70m,1000,pnull,final,reliability_within,agnews,agnews,0.09400978914044562
pythia-70m,1000,pnull,final,fidelity_within,agnews,agnews,0.2548657389798964
pythia-70m,1000,pnull,final,fidelity_within_r,agnews,agnews,0.5048440843989134
pythia-70m,1000,pnull,final,fidelity_within_insample,agnews,agnews,0.25359887447566276
pythia-70m,1000,pnull,final,triviality_ami_layer,agnews,agnews,0.3017259395940606
pythia-70m,1000,pnull,final,triviality_ami_dimension,agnews,agnews,-0.006323735774016755
pythia-70m,1000,pnull,final,triviality_ami_hubness,agnews,agnews,0.1399383276676626
pythia-70m,1000,pnull,final,triviality_n_effective_networks,agnews,agnews,100.0
pythia-70m,1000,pnull,final,triviality_entropy_effective_networks,agnews,agnews,83.05789661283035
pythia-70m,1000,pnull,final,triviality_median_max_membership,agnews,agnews,0.185
pythia-70m,1000,pnull,final,triviality_frac_confident,agnews,agnews,0.11344401041666667
pythia-70m,1000,rand,final,reliability_within,agnews,agnews,-8.295660422964804e-05
pythia-70m,1000,rand,final,fidelity_within,agnews,agnews,0.001851984783844185
pythia-70m,1000,rand,final,fidelity_within_r,agnews,agnews,0.04304848210376938
pythia-70m,1000,rand,final,fidelity_within_insample,agnews,agnews,0.0018381429701508356
pythia-70m,1000,rand,final,triviality_ami_layer,agnews,agnews,-1.0400218675097702e-05
pythia-70m,1000,rand,final,triviality_ami_dimension,agnews,agnews,-0.0006017366849156746
pythia-70m,1000,rand,final,triviality_ami_hubness,agnews,agnews,0.00012109695359571095
pythia-70m,1000,rand,final,triviality_n_effective_networks,agnews,agnews,100.0
pythia-70m,1000,rand,final,triviality_entropy_effective_networks,agnews,agnews,99.58778207722416
pythia-70m,1000,rand,final,triviality_median_max_membership,agnews,agnews,1.0
pythia-70m,1000,rand,final,triviality_frac_confident,agnews,agnews,1.0
pythia-70m,1000,pnull,final,reliability_within_coassoc,tldr17,tldr17,0.3322353540995382
pythia-70m,1000,pnull,final,reliability_within,tldr17,tldr17,0.16131137571147242
pythia-70m,1000,pnull,final,fidelity_within,tldr17,tldr17,0.20518794176866895
pythia-70m,1000,pnull,final,fidelity_within_r,tldr17,tldr17,0.45319149899265976
pythia-70m,1000,pnull,final,fidelity_within_insample,tldr17,tldr17,0.21283516759076948
pythia-70m,1000,pnull,final,triviality_ami_layer,tldr17,tldr17,0.19458945415919415
pythia-70m,1000,pnull,final,triviality_ami_dimension,tldr17,tldr17,-0.008294252332992148
pythia-70m,1000,pnull,final,triviality_ami_hubness,tldr17,tldr17,0.13410202302922392
pythia-70m,1000,pnull,final,triviality_n_effective_networks,tldr17,tldr17,100.0
pythia-70m,1000,pnull,final,triviality_entropy_effective_networks,tldr17,tldr17,69.75209807699093
pythia-70m,1000,pnull,final,triviality_median_max_membership,tldr17,tldr17,0.495
pythia-70m,1000,pnull,final,triviality_frac_confident,tldr17,tldr17,0.4893391927083333
pythia-70m,1000,rand,final,reliability_within,tldr17,tldr17,4.4279866647629035e-05
pythia-70m,1000,rand,final,fidelity_within,tldr17,tldr17,0.0015991149260093929
pythia-70m,1000,rand,final,fidelity_within_r,tldr17,tldr17,0.040874641309715964
pythia-70m,1000,rand,final,fidelity_within_insample,tldr17,tldr17,0.0017425537811570635
pythia-70m,1000,rand,final,triviality_ami_layer,tldr17,tldr17,0.000474331363252503
pythia-70m,1000,rand,final,triviality_ami_dimension,tldr17,tldr17,2.566747306591322e-05
pythia-70m,1000,rand,final,triviality_ami_hubness,tldr17,tldr17,0.00020221825931331655
pythia-70m,1000,rand,final,triviality_n_effective_networks,tldr17,tldr17,100.0
pythia-70m,1000,rand,final,triviality_entropy_effective_networks,tldr17,tldr17,99.68282162958437
pythia-70m,1000,rand,final,triviality_median_max_membership,tldr17,tldr17,1.0
pythia-70m,1000,rand,final,triviality_frac_confident,tldr17,tldr17,1.0
pythia-70m,1000,pnull,final,fidelity_across_halves,wikitext,bookcorpus,0.4703561133194845
pythia-70m,1000,pnull,final,reliability_across_halves,wikitext,bookcorpus,0.1052472880803651
pythia-70m,1000,rand,final,fidelity_across_halves,wikitext,bookcorpus,0.035353694714175384
pythia-70m,1000,rand,final,reliability_across_halves,wikitext,bookcorpus,7.915778606028787e-06
pythia-70m,1000,pnull,final,fidelity_across_halves,wikitext,agnews,0.4911244842882333
pythia-70m,1000,pnull,final,reliability_across_halves,wikitext,agnews,0.1032143777882929
pythia-70m,1000,rand,final,fidelity_across_halves,wikitext,agnews,0.03852752106818138
pythia-70m,1000,rand,final,reliability_across_halves,wikitext,agnews,-2.0445378358451467e-05
pythia-70m,1000,pnull,final,fidelity_across_halves,wikitext,tldr17,0.48909041178418355
pythia-70m,1000,pnull,final,reliability_across_halves,wikitext,tldr17,0.1316196500348068
pythia-70m,1000,rand,final,fidelity_across_halves,wikitext,tldr17,0.034278402902109546
pythia-70m,1000,rand,final,reliability_across_halves,wikitext,tldr17,0.00014237887349745327
pythia-70m,1000,pnull,final,fidelity_across_halves,bookcorpus,wikitext,0.5026039469601804
pythia-70m,1000,pnull,final,reliability_across_halves,bookcorpus,wikitext,0.10591585272531215
pythia-70m,1000,rand,final,fidelity_across_halves,bookcorpus,wikitext,0.04645289020123896
pythia-70m,1000,rand,final,reliability_across_halves,bookcorpus,wikitext,9.435324583023821e-06
pythia-70m,1000,pnull,final,fidelity_across_halves,bookcorpus,agnews,0.4968843963276267
pythia-70m,1000,pnull,final,reliability_across_halves,bookcorpus,agnews,0.09332525882444341
pythia-70m,1000,rand,final,fidelity_across_halves,bookcorpus,agnews,0.04370107760212092
pythia-70m,1000,rand,final,reliability_across_halves,bookcorpus,agnews,2.525406225977159e-05
pythia-70m,1000,pnull,final,fidelity_across_halves,bookcorpus,tldr17,0.5001664774561991
pythia-70m,1000,pnull,final,reliability_across_halves,bookcorpus,tldr17,0.12094831005898773
pythia-70m,1000,rand,final,fidelity_across_halves,bookcorpus,tldr17,0.04305968676130153
pythia-70m,1000,rand,final,reliability_across_halves,bookcorpus,tldr17,8.569430345259208e-05
pythia-70m,1000,pnull,final,fidelity_across_halves,agnews,wikitext,0.5053210602170125
pythia-70m,1000,pnull,final,reliability_across_halves,agnews,wikitext,0.10625536687294798
pythia-70m,1000,rand,final,fidelity_across_halves,agnews,wikitext,0.03948455223036459
pythia-70m,1000,rand,final,reliability_across_halves,agnews,wikitext,-4.9363417117774736e-05
pythia-70m,1000,pnull,final,fidelity_across_halves,agnews,bookcorpus,0.4808966076773237
pythia-70m,1000,pnull,final,reliability_across_halves,agnews,bookcorpus,0.09482192023925624
pythia-70m,1000,rand,final,fidelity_across_halves,agnews,bookcorpus,0.036785415777943656
pythia-70m,1000,rand,final,reliability_across_halves,agnews,bookcorpus,-8.746924543840709e-05
pythia-70m,1000,pnull,final,fidelity_across_halves,agnews,tldr17,0.4984885210536149
pythia-70m,1000,pnull,final,reliability_across_halves,agnews,tldr17,0.12261390446820448
pythia-70m,1000,rand,final,fidelity_across_halves,agnews,tldr17,0.03752153865415651
pythia-70m,1000,rand,final,reliability_across_halves,agnews,tldr17,4.138245208537809e-05
pythia-70m,1000,pnull,final,fidelity_across_halves,tldr17,wikitext,0.44484351165072905
pythia-70m,1000,pnull,final,reliability_across_halves,tldr17,wikitext,0.13901496283683507
pythia-70m,1000,rand,final,fidelity_across_halves,tldr17,wikitext,0.037568250219967236
pythia-70m,1000,rand,final,reliability_across_halves,tldr17,wikitext,-8.374423304693862e-05
pythia-70m,1000,pnull,final,fidelity_across_halves,tldr17,bookcorpus,0.42500545922733857
pythia-70m,1000,pnull,final,reliability_across_halves,tldr17,bookcorpus,0.12691278749195775
pythia-70m,1000,rand,final,fidelity_across_halves,tldr17,bookcorpus,0.03609863899612189
pythia-70m,1000,rand,final,reliability_across_halves,tldr17,bookcorpus,-1.883572857924186e-05
pythia-70m,1000,pnull,final,fidelity_across_halves,tldr17,agnews,0.4387476156152341
pythia-70m,1000,pnull,final,reliability_across_halves,tldr17,agnews,0.12849270119964
pythia-70m,1000,rand,final,fidelity_across_halves,tldr17,agnews,0.03844742291490624
pythia-70m,1000,rand,final,reliability_across_halves,tldr17,agnews,1.835613063330494e-08
pythia-70m,4000,real,(ceiling),fidelity_within,wikitext,wikitext,0.9691857558371061
pythia-70m,4000,real,(ceiling),fidelity_within_r,wikitext,wikitext,0.9846139873752437
pythia-70m,4000,real,final,reliability_within,wikitext,wikitext,0.8801045749510288
pythia-70m,4000,real,final,reliability_within_coassoc,wikitext,wikitext,0.9804253982205753
pythia-70m,4000,real,final,fidelity_within,wikitext,wikitext,0.3240127995779828
pythia-70m,4000,real,final,fidelity_within_r,wikitext,wikitext,0.5692287725297708
pythia-70m,4000,real,final,fidelity_within_insample,wikitext,wikitext,0.3262418305341871
pythia-70m,4000,real,final,reliability_ceiling,wikitext,wikitext,0.9461393743013896
pythia-70m,4000,real,final,triviality_ami_layer,wikitext,wikitext,0.36481977670051197
pythia-70m,4000,real,final,triviality_ami_dimension,wikitext,wikitext,-0.02380872767806485
pythia-70m,4000,real,final,triviality_ami_hubness,wikitext,wikitext,0.16841067409654545
pythia-70m,4000,real,final,triviality_n_effective_networks,wikitext,wikitext,100.0
pythia-70m,4000,real,final,triviality_entropy_effective_networks,wikitext,wikitext,70.32220603327698
pythia-70m,4000,real,final,triviality_median_max_membership,wikitext,wikitext,0.72
pythia-70m,4000,real,final,triviality_frac_confident,wikitext,wikitext,0.7631022135416666
pythia-70m,4000,real,(ceiling),fidelity_within,bookcorpus,bookcorpus,0.9792648690461568
pythia-70m,4000,real,(ceiling),fidelity_within_r,bookcorpus,bookcorpus,0.989666463869625
pythia-70m,4000,real,final,reliability_within,bookcorpus,bookcorpus,0.9089867014110993
pythia-70m,4000,real,final,reliability_within_coassoc,bookcorpus,bookcorpus,0.9887532280477388
pythia-70m,4000,real,final,fidelity_within,bookcorpus,bookcorpus,0.3147888945058207
pythia-70m,4000,real,final,fidelity_within_r,bookcorpus,bookcorpus,0.5610690198380263
pythia-70m,4000,real,final,fidelity_within_insample,bookcorpus,bookcorpus,0.3160760784315808
pythia-70m,4000,real,final,reliability_ceiling,bookcorpus,bookcorpus,0.9454645528421359
pythia-70m,4000,real,final,triviality_ami_layer,bookcorpus,bookcorpus,0.3673340901014403
pythia-70m,4000,real,final,triviality_ami_dimension,bookcorpus,bookcorpus,-0.021359409806101137
pythia-70m,4000,real,final,triviality_ami_hubness,bookcorpus,bookcorpus,0.16389498288962467
pythia-70m,4000,real,final,triviality_n_effective_networks,bookcorpus,bookcorpus,100.0
pythia-70m,4000,real,final,triviality_entropy_effective_networks,bookcorpus,bookcorpus,71.66322729981715
pythia-70m,4000,real,final,triviality_median_max_membership,bookcorpus,bookcorpus,0.725
pythia-70m,4000,real,final,triviality_frac_confident,bookcorpus,bookcorpus,0.7794596354166666
pythia-70m,4000,real,(ceiling),fidelity_within,agnews,agnews,0.9736790458094662
pythia-70m,4000,real,(ceiling),fidelity_within_r,agnews,agnews,0.9869533507814434
pythia-70m,4000,real,final,reliability_within,agnews,agnews,0.8886198579678024
pythia-70m,4000,real,final,reliability_within_coassoc,agnews,agnews,0.9824398252867793
pythia-70m,4000,real,final,fidelity_within,agnews,agnews,0.31042223230714083
pythia-70m,4000,real,final,fidelity_within_r,agnews,agnews,0.5572303981951973
pythia-70m,4000,real,final,fidelity_within_insample,agnews,agnews,0.3151809439838241
pythia-70m,4000,real,final,reliability_ceiling,agnews,agnews,0.9406479237999226
pythia-70m,4000,real,final,triviality_ami_layer,agnews,agnews,0.3660843062525916
pythia-70m,4000,real,final,triviality_ami_dimension,agnews,agnews,-0.022293661003176788
pythia-70m,4000,real,final,triviality_ami_hubness,agnews,agnews,0.16759123521414254
pythia-70m,4000,real,final,triviality_n_effective_networks,agnews,agnews,100.0
pythia-70m,4000,real,final,triviality_entropy_effective_networks,agnews,agnews,70.66624471305825
pythia-70m,4000,real,final,triviality_median_max_membership,agnews,agnews,0.71
pythia-70m,4000,real,final,triviality_frac_confident,agnews,agnews,0.7593587239583334
pythia-70m,4000,real,(ceiling),fidelity_within,tldr17,tldr17,0.961704222751129
pythia-70m,4000,real,(ceiling),fidelity_within_r,tldr17,tldr17,0.9809744963770141
pythia-70m,4000,real,final,reliability_within,tldr17,tldr17,0.8839330059097412
pythia-70m,4000,real,final,reliability_within_coassoc,tldr17,tldr17,0.9798270793891306
pythia-70m,4000,real,final,fidelity_within,tldr17,tldr17,0.30972659052951534
pythia-70m,4000,real,final,fidelity_within_r,tldr17,tldr17,0.5565783396358776
pythia-70m,4000,real,final,fidelity_within_insample,tldr17,tldr17,0.31166381483631445
pythia-70m,4000,real,final,reliability_ceiling,tldr17,tldr17,0.9387993213092344
pythia-70m,4000,real,final,triviality_ami_layer,tldr17,tldr17,0.3752768603807698
pythia-70m,4000,real,final,triviality_ami_dimension,tldr17,tldr17,-0.024608598011923437
pythia-70m,4000,real,final,triviality_ami_hubness,tldr17,tldr17,0.16632240142192659
pythia-70m,4000,real,final,triviality_n_effective_networks,tldr17,tldr17,100.0
pythia-70m,4000,real,final,triviality_entropy_effective_networks,tldr17,tldr17,68.83517830459806
pythia-70m,4000,real,final,triviality_median_max_membership,tldr17,tldr17,0.725
pythia-70m,4000,real,final,triviality_frac_confident,tldr17,tldr17,0.7530924479166666
pythia-70m,4000,real,(ceiling),fidelity_across_halves,wikitext,bookcorpus,0.6709877150700252
pythia-70m,4000,real,final,fidelity_across_halves,wikitext,bookcorpus,0.48263827365849366
pythia-70m,4000,real,final,reliability_across_halves,wikitext,bookcorpus,0.6452523582686968
pythia-70m,4000,real,(ceiling),fidelity_across_halves,wikitext,agnews,0.6896463992586321
pythia-70m,4000,real,final,fidelity_across_halves,wikitext,agnews,0.46751673902263596
pythia-70m,4000,real,final,reliability_across_halves,wikitext,agnews,0.6034374462550073
pythia-70m,4000,real,(ceiling),fidelity_across_halves,wikitext,tldr17,0.6561241812440197
pythia-70m,4000,real,final,fidelity_across_halves,wikitext,tldr17,0.45309707371554586
pythia-70m,4000,real,final,reliability_across_halves,wikitext,tldr17,0.5935600178896976
pythia-70m,4000,real,(ceiling),fidelity_across_halves,bookcorpus,wikitext,0.6798728793612998
pythia-70m,4000,real,final,fidelity_across_halves,bookcorpus,wikitext,0.49507863077369374
pythia-70m,4000,real,final,reliability_across_halves,bookcorpus,wikitext,0.6362223357246454
pythia-70m,4000,real,(ceiling),fidelity_across_halves,bookcorpus,agnews,0.5959589441806072
pythia-70m,4000,real,final,fidelity_across_halves,bookcorpus,agnews,0.4425862835764642
pythia-70m,4000,real,final,reliability_across_halves,bookcorpus,agnews,0.5624234000253197
pythia-70m,4000,real,(ceiling),fidelity_across_halves,bookcorpus,tldr17,0.7217131540174426
pythia-70m,4000,real,final,fidelity_across_halves,bookcorpus,tldr17,0.4754225621420813
pythia-70m,4000,real,final,reliability_across_halves,bookcorpus,tldr17,0.5862070595227569
pythia-70m,4000,real,(ceiling),fidelity_across_halves,agnews,wikitext,0.690043128623788
pythia-70m,4000,real,final,fidelity_across_halves,agnews,wikitext,0.48109498710464066
pythia-70m,4000,real,final,reliability_across_halves,agnews,wikitext,0.591263565429969
pythia-70m,4000,real,(ceiling),fidelity_across_halves,agnews,bookcorpus,0.5885944957148345
pythia-70m,4000,real,final,fidelity_across_halves,agnews,bookcorpus,0.4391978748045219
pythia-70m,4000,real,final,reliability_across_halves,agnews,bookcorpus,0.5623214542221441
pythia-70m,4000,real,(ceiling),fidelity_across_halves,agnews,tldr17,0.6740632715117031
pythia-70m,4000,real,final,fidelity_across_halves,agnews,tldr17,0.4781731198375673
pythia-70m,4000,real,final,reliability_across_halves,agnews,tldr17,0.639943352816338
pythia-70m,4000,real,(ceiling),fidelity_across_halves,tldr17,wikitext,0.6637429676905334
pythia-70m,4000,real,final,fidelity_across_halves,tldr17,wikitext,0.47423511544915753
pythia-70m,4000,real,final,reliability_across_halves,tldr17,wikitext,0.5889223374613444
pythia-70m,4000,real,(ceiling),fidelity_across_halves,tldr17,bookcorpus,0.7195261699160103
pythia-70m,4000,real,final,fidelity_across_halves,tldr17,bookcorpus,0.48390987439692684
pythia-70m,4000,real,final,reliability_across_halves,tldr17,bookcorpus,0.5973817179987025
pythia-70m,4000,real,(ceiling),fidelity_across_halves,tldr17,agnews,0.678334643545112
pythia-70m,4000,real,final,fidelity_across_halves,tldr17,agnews,0.4859580093687417
pythia-70m,4000,real,final,reliability_across_halves,tldr17,agnews,0.6332159093572343
pythia-70m,4000,null,(ceiling),fidelity_within,wikitext,wikitext,-0.9023187983145684
pythia-70m,4000,null,(ceiling),fidelity_within_r,wikitext,wikitext,0.053835572747826514
pythia-70m,4000,null,final,reliability_within,wikitext,wikitext,0.10697090674554248
pythia-70m,4000,null,final,reliability_within_coassoc,wikitext,wikitext,0.40258913285491904
pythia-70m,4000,null,final,fidelity_within,wikitext,wikitext,0.04265517687105602
pythia-70m,4000,null,final,fidelity_within_r,wikitext,wikitext,0.20680447476806343
pythia-70m,4000,null,final,fidelity_within_insample,wikitext,wikitext,0.04625836771048408
pythia-70m,4000,null,final,reliability_ceiling,wikitext,wikitext,0.6335195635005313
pythia-70m,4000,null,final,triviality_ami_layer,wikitext,wikitext,0.17126546106046042
pythia-70m,4000,null,final,triviality_ami_dimension,wikitext,wikitext,-0.004086118848356972
pythia-70m,4000,null,final,triviality_ami_hubness,wikitext,wikitext,0.31660189648007125
pythia-70m,4000,null,final,triviality_n_effective_networks,wikitext,wikitext,100.0
pythia-70m,4000,null,final,triviality_entropy_effective_networks,wikitext,wikitext,81.61226808184414
pythia-70m,4000,null,final,triviality_median_max_membership,wikitext,wikitext,0.35
pythia-70m,4000,null,final,triviality_frac_confident,wikitext,wikitext,0.2618001302083333
pythia-70m,4000,null,(ceiling),fidelity_within,bookcorpus,bookcorpus,-0.9506458378040421
pythia-70m,4000,null,(ceiling),fidelity_within_r,bookcorpus,bookcorpus,0.01988252742402409
pythia-70m,4000,null,final,reliability_within,bookcorpus,bookcorpus,0.04121263739447939
pythia-70m,4000,null,final,reliability_within_coassoc,bookcorpus,bookcorpus,0.37686854367777456
pythia-70m,4000,null,final,fidelity_within,bookcorpus,bookcorpus,0.01816790950553615
pythia-70m,4000,null,final,fidelity_within_r,bookcorpus,bookcorpus,0.13499743553406926
pythia-70m,4000,null,final,fidelity_within_insample,bookcorpus,bookcorpus,0.016584109533428038
pythia-70m,4000,null,final,reliability_ceiling,bookcorpus,bookcorpus,0.16201597040145566
pythia-70m,4000,null,final,triviality_ami_layer,bookcorpus,bookcorpus,0.17758256378861959
pythia-70m,4000,null,final,triviality_ami_dimension,bookcorpus,bookcorpus,-0.0023063583261957654
pythia-70m,4000,null,final,triviality_ami_hubness,bookcorpus,bookcorpus,0.22842128007479343
pythia-70m,4000,null,final,triviality_n_effective_networks,bookcorpus,bookcorpus,100.0
pythia-70m,4000,null,final,triviality_entropy_effective_networks,bookcorpus,bookcorpus,90.31444378777333
pythia-70m,4000,null,final,triviality_median_max_membership,bookcorpus,bookcorpus,0.145
pythia-70m,4000,null,final,triviality_frac_confident,bookcorpus,bookcorpus,0.06640625
pythia-70m,4000,null,(ceiling),fidelity_within,agnews,agnews,-0.9762141371655695
pythia-70m,4000,null,(ceiling),fidelity_within_r,agnews,agnews,0.013337236011352144
pythia-70m,4000,null,final,reliability_within,agnews,agnews,0.03787112747616507
pythia-70m,4000,null,final,reliability_within_coassoc,agnews,agnews,0.29838174736364315
pythia-70m,4000,null,final,fidelity_within,agnews,agnews,0.010169678037029395
pythia-70m,4000,null,final,fidelity_within_r,agnews,agnews,0.10108166200350442
pythia-70m,4000,null,final,fidelity_within_insample,agnews,agnews,0.01159530168317946
pythia-70m,4000,null,final,reliability_ceiling,agnews,agnews,0.3575529816365463
pythia-70m,4000,null,final,triviality_ami_layer,agnews,agnews,0.16227594654269045
pythia-70m,4000,null,final,triviality_ami_dimension,agnews,agnews,-0.00230295164723476
pythia-70m,4000,null,final,triviality_ami_hubness,agnews,agnews,0.19239966835185565
pythia-70m,4000,null,final,triviality_n_effective_networks,agnews,agnews,100.0
pythia-70m,4000,null,final,triviality_entropy_effective_networks,agnews,agnews,86.0783452406969
pythia-70m,4000,null,final,triviality_median_max_membership,agnews,agnews,0.18
pythia-70m,4000,null,final,triviality_frac_confident,agnews,agnews,0.08382161458333333
pythia-70m,4000,null,(ceiling),fidelity_within,tldr17,tldr17,-0.9100063170430701
pythia-70m,4000,null,(ceiling),fidelity_within_r,tldr17,tldr17,0.07501067502497076
pythia-70m,4000,null,final,reliability_within,tldr17,tldr17,0.14001419290263686
pythia-70m,4000,null,final,reliability_within_coassoc,tldr17,tldr17,0.45659767545648
pythia-70m,4000,null,final,fidelity_within,tldr17,tldr17,0.04435478809119031
pythia-70m,4000,null,final,fidelity_within_r,tldr17,tldr17,0.21607561169650963
pythia-70m,4000,null,final,fidelity_within_insample,tldr17,tldr17,0.06318252418616577
pythia-70m,4000,null,final,reliability_ceiling,tldr17,tldr17,0.6515328434222091
pythia-70m,4000,null,final,triviality_ami_layer,tldr17,tldr17,0.18555062135411443
pythia-70m,4000,null,final,triviality_ami_dimension,tldr17,tldr17,-0.007120732158546558
pythia-70m,4000,null,final,triviality_ami_hubness,tldr17,tldr17,0.33885845741804416
pythia-70m,4000,null,final,triviality_n_effective_networks,tldr17,tldr17,100.0
pythia-70m,4000,null,final,triviality_entropy_effective_networks,tldr17,tldr17,72.5556216911392
pythia-70m,4000,null,final,triviality_median_max_membership,tldr17,tldr17,0.42
pythia-70m,4000,null,final,triviality_frac_confident,tldr17,tldr17,0.3881022135416667
pythia-70m,4000,null,(ceiling),fidelity_across_halves,wikitext,bookcorpus,0.015155006878983628
pythia-70m,4000,null,final,fidelity_across_halves,wikitext,bookcorpus,0.05822869697261935
pythia-70m,4000,null,final,reliability_across_halves,wikitext,bookcorpus,0.02139679384235107
pythia-70m,4000,null,(ceiling),fidelity_across_halves,wikitext,agnews,0.019421288395784542
pythia-70m,4000,null,final,fidelity_across_halves,wikitext,agnews,0.07451821726806213
pythia-70m,4000,null,final,reliability_across_halves,wikitext,agnews,0.03668501099650053
pythia-70m,4000,null,(ceiling),fidelity_across_halves,wikitext,tldr17,0.046972619078641566
pythia-70m,4000,null,final,fidelity_across_halves,wikitext,tldr17,0.1831358884223842
pythia-70m,4000,null,final,reliability_across_halves,wikitext,tldr17,0.07372086578979553
pythia-70m,4000,null,(ceiling),fidelity_across_halves,bookcorpus,wikitext,0.01610889725828129
pythia-70m,4000,null,final,fidelity_across_halves,bookcorpus,wikitext,0.10810491784980883
pythia-70m,4000,null,final,reliability_across_halves,bookcorpus,wikitext,0.024153800711430896
pythia-70m,4000,null,(ceiling),fidelity_across_halves,bookcorpus,agnews,0.009340931412280287
pythia-70m,4000,null,final,fidelity_across_halves,bookcorpus,agnews,0.06310522912365261
pythia-70m,4000,null,final,reliability_across_halves,bookcorpus,agnews,0.016173200880456127
pythia-70m,4000,null,(ceiling),fidelity_across_halves,bookcorpus,tldr17,0.01995259487234445
pythia-70m,4000,null,final,fidelity_across_halves,bookcorpus,tldr17,0.1362731672122531
pythia-70m,4000,null,final,reliability_across_halves,bookcorpus,tldr17,0.03020720805516846
pythia-70m,4000,null,(ceiling),fidelity_across_halves,agnews,wikitext,0.0194302435188759
pythia-70m,4000,null,final,fidelity_across_halves,agnews,wikitext,0.15294572094324038
pythia-70m,4000,null,final,reliability_across_halves,agnews,wikitext,0.03951613388532332
pythia-70m,4000,null,(ceiling),fidelity_across_halves,agnews,bookcorpus,0.009761723794274525
pythia-70m,4000,null,final,fidelity_across_halves,agnews,bookcorpus,0.078042662731923
pythia-70m,4000,null,final,reliability_across_halves,agnews,bookcorpus,0.014981532741889535
pythia-70m,4000,null,(ceiling),fidelity_across_halves,agnews,tldr17,0.01972468880955091
pythia-70m,4000,null,final,fidelity_across_halves,agnews,tldr17,0.15582656478833184
pythia-70m,4000,null,final,reliability_across_halves,agnews,tldr17,0.038096291462951286
pythia-70m,4000,null,(ceiling),fidelity_across_halves,tldr17,wikitext,0.050394980185899996
pythia-70m,4000,null,final,fidelity_across_halves,tldr17,wikitext,0.15472947937414963
pythia-70m,4000,null,final,reliability_across_halves,tldr17,wikitext,0.08306652264609694
pythia-70m,4000,null,(ceiling),fidelity_across_halves,tldr17,bookcorpus,0.02086728684757099
pythia-70m,4000,null,final,fidelity_across_halves,tldr17,bookcorpus,0.06244526814431993
pythia-70m,4000,null,final,reliability_across_halves,tldr17,bookcorpus,0.02899099927483125
pythia-70m,4000,null,(ceiling),fidelity_across_halves,tldr17,agnews,0.021032402504792175
pythia-70m,4000,null,final,fidelity_across_halves,tldr17,agnews,0.06198776911321713
pythia-70m,4000,null,final,reliability_across_halves,tldr17,agnews,0.03875961985094219
pythia-70m,4000,pnull,final,reliability_within_coassoc,wikitext,wikitext,0.298368736055483
pythia-70m,4000,pnull,final,reliability_within,wikitext,wikitext,0.09723877572490676
pythia-70m,4000,pnull,final,fidelity_within,wikitext,wikitext,0.1980581194716463
pythia-70m,4000,pnull,final,fidelity_within_r,wikitext,wikitext,0.44504052099102487
pythia-70m,4000,pnull,final,fidelity_within_insample,wikitext,wikitext,0.1986465662735225
pythia-70m,4000,pnull,final,triviality_ami_layer,wikitext,wikitext,0.17126546106046042
pythia-70m,4000,pnull,final,triviality_ami_dimension,wikitext,wikitext,-0.004086118848356972
pythia-70m,4000,pnull,final,triviality_ami_hubness,wikitext,wikitext,0.14005150001422628
pythia-70m,4000,pnull,final,triviality_n_effective_networks,wikitext,wikitext,100.0
pythia-70m,4000,pnull,final,triviality_entropy_effective_networks,wikitext,wikitext,81.61226808184414
pythia-70m,4000,pnull,final,triviality_median_max_membership,wikitext,wikitext,0.35
pythia-70m,4000,pnull,final,triviality_frac_confident,wikitext,wikitext,0.2618001302083333
pythia-70m,4000,rand,final,reliability_within,wikitext,wikitext,-2.1891009210671208e-05
pythia-70m,4000,rand,final,fidelity_within,wikitext,wikitext,0.0014107909661238427
pythia-70m,4000,rand,final,fidelity_within_r,wikitext,wikitext,0.03757992225252048
pythia-70m,4000,rand,final,fidelity_within_insample,wikitext,wikitext,0.0014001538111763079
pythia-70m,4000,rand,final,triviality_ami_layer,wikitext,wikitext,0.00011872634907386882
pythia-70m,4000,rand,final,triviality_ami_dimension,wikitext,wikitext,-0.0003306058318419001
pythia-70m,4000,rand,final,triviality_ami_hubness,wikitext,wikitext,-0.0001418775593690935
pythia-70m,4000,rand,final,triviality_n_effective_networks,wikitext,wikitext,100.0
pythia-70m,4000,rand,final,triviality_entropy_effective_networks,wikitext,wikitext,99.65527943369183
pythia-70m,4000,rand,final,triviality_median_max_membership,wikitext,wikitext,1.0
pythia-70m,4000,rand,final,triviality_frac_confident,wikitext,wikitext,1.0
pythia-70m,4000,pnull,final,reliability_within_coassoc,bookcorpus,bookcorpus,0.1484080659277485
pythia-70m,4000,pnull,final,reliability_within,bookcorpus,bookcorpus,0.03334071106413687
pythia-70m,4000,pnull,final,fidelity_within,bookcorpus,bookcorpus,0.18339854400192368
pythia-70m,4000,pnull,final,fidelity_within_r,bookcorpus,bookcorpus,0.4282612337971707
pythia-70m,4000,pnull,final,fidelity_within_insample,bookcorpus,bookcorpus,0.18463689493433144
pythia-70m,4000,pnull,final,triviality_ami_layer,bookcorpus,bookcorpus,0.17758256378861959
pythia-70m,4000,pnull,final,triviality_ami_dimension,bookcorpus,bookcorpus,-0.0023063583261957654
pythia-70m,4000,pnull,final,triviality_ami_hubness,bookcorpus,bookcorpus,0.1303170355500723
pythia-70m,4000,pnull,final,triviality_n_effective_networks,bookcorpus,bookcorpus,100.0
pythia-70m,4000,pnull,final,triviality_entropy_effective_networks,bookcorpus,bookcorpus,90.31444378777333
pythia-70m,4000,pnull,final,triviality_median_max_membership,bookcorpus,bookcorpus,0.145
pythia-70m,4000,pnull,final,triviality_frac_confident,bookcorpus,bookcorpus,0.06640625
pythia-70m,4000,rand,final,reliability_within,bookcorpus,bookcorpus,-2.471259607831372e-05
pythia-70m,4000,rand,final,fidelity_within,bookcorpus,bookcorpus,0.0017820122937420857
pythia-70m,4000,rand,final,fidelity_within_r,bookcorpus,bookcorpus,0.04223998700101051
pythia-70m,4000,rand,final,fidelity_within_insample,bookcorpus,bookcorpus,0.001787961091478052
pythia-70m,4000,rand,final,triviality_ami_layer,bookcorpus,bookcorpus,-0.0001546005848497963
pythia-70m,4000,rand,final,triviality_ami_dimension,bookcorpus,bookcorpus,-0.00035047632744764214
pythia-70m,4000,rand,final,triviality_ami_hubness,bookcorpus,bookcorpus,0.0004649350548724551
pythia-70m,4000,rand,final,triviality_n_effective_networks,bookcorpus,bookcorpus,100.0
pythia-70m,4000,rand,final,triviality_entropy_effective_networks,bookcorpus,bookcorpus,99.49391230693601
pythia-70m,4000,rand,final,triviality_median_max_membership,bookcorpus,bookcorpus,1.0
pythia-70m,4000,rand,final,triviality_frac_confident,bookcorpus,bookcorpus,1.0
pythia-70m,4000,pnull,final,reliability_within_coassoc,agnews,agnews,0.19483940099007918
pythia-70m,4000,pnull,final,reliability_within,agnews,agnews,0.04063312712922635
pythia-70m,4000,pnull,final,fidelity_within,agnews,agnews,0.18129686509199283
pythia-70m,4000,pnull,final,fidelity_within_r,agnews,agnews,0.42582984278229197
pythia-70m,4000,pnull,final,fidelity_within_insample,agnews,agnews,0.18176033947224368
pythia-70m,4000,pnull,final,triviality_ami_layer,agnews,agnews,0.16227594654269045
pythia-70m,4000,pnull,final,triviality_ami_dimension,agnews,agnews,-0.00230295164723476
pythia-70m,4000,pnull,final,triviality_ami_hubness,agnews,agnews,0.12682057960639426
pythia-70m,4000,pnull,final,triviality_n_effective_networks,agnews,agnews,100.0
pythia-70m,4000,pnull,final,triviality_entropy_effective_networks,agnews,agnews,86.0783452406969
pythia-70m,4000,pnull,final,triviality_median_max_membership,agnews,agnews,0.18
pythia-70m,4000,pnull,final,triviality_frac_confident,agnews,agnews,0.08382161458333333
pythia-70m,4000,rand,final,reliability_within,agnews,agnews,5.118249624913454e-05
pythia-70m,4000,rand,final,fidelity_within,agnews,agnews,0.0014638738557170017
pythia-70m,4000,rand,final,fidelity_within_r,agnews,agnews,0.03858452206317703
pythia-70m,4000,rand,final,fidelity_within_insample,agnews,agnews,0.0015409957751579828
pythia-70m,4000,rand,final,triviality_ami_layer,agnews,agnews,-1.0400218675097702e-05
pythia-70m,4000,rand,final,triviality_ami_dimension,agnews,agnews,-0.0006017366849156746
pythia-70m,4000,rand,final,triviality_ami_hubness,agnews,agnews,0.00020497103994778556
pythia-70m,4000,rand,final,triviality_n_effective_networks,agnews,agnews,100.0
pythia-70m,4000,rand,final,triviality_entropy_effective_networks,agnews,agnews,99.58778207722416
pythia-70m,4000,rand,final,triviality_median_max_membership,agnews,agnews,1.0
pythia-70m,4000,rand,final,triviality_frac_confident,agnews,agnews,1.0
pythia-70m,4000,pnull,final,reliability_within_coassoc,tldr17,tldr17,0.3457649604936134
pythia-70m,4000,pnull,final,reliability_within,tldr17,tldr17,0.13416295410512286
pythia-70m,4000,pnull,final,fidelity_within,tldr17,tldr17,0.18848028968354236
pythia-70m,4000,pnull,final,fidelity_within_r,tldr17,tldr17,0.43426898206325354
pythia-70m,4000,pnull,final,fidelity_within_insample,tldr17,tldr17,0.1943243061515454
pythia-70m,4000,pnull,final,triviality_ami_layer,tldr17,tldr17,0.18555062135411443
pythia-70m,4000,pnull,final,triviality_ami_dimension,tldr17,tldr17,-0.007120732158546558
pythia-70m,4000,pnull,final,triviality_ami_hubness,tldr17,tldr17,0.13700589126300217
pythia-70m,4000,pnull,final,triviality_n_effective_networks,tldr17,tldr17,100.0
pythia-70m,4000,pnull,final,triviality_entropy_effective_networks,tldr17,tldr17,72.5556216911392
pythia-70m,4000,pnull,final,triviality_median_max_membership,tldr17,tldr17,0.42
pythia-70m,4000,pnull,final,triviality_frac_confident,tldr17,tldr17,0.3881022135416667
pythia-70m,4000,rand,final,reliability_within,tldr17,tldr17,-3.669445500069851e-05
pythia-70m,4000,rand,final,fidelity_within,tldr17,tldr17,0.001619660052215588
pythia-70m,4000,rand,final,fidelity_within_r,tldr17,tldr17,0.04066156990460807
pythia-70m,4000,rand,final,fidelity_within_insample,tldr17,tldr17,0.0016976232326730845
pythia-70m,4000,rand,final,triviality_ami_layer,tldr17,tldr17,0.000474331363252503
pythia-70m,4000,rand,final,triviality_ami_dimension,tldr17,tldr17,2.566747306591322e-05
pythia-70m,4000,rand,final,triviality_ami_hubness,tldr17,tldr17,6.916789242291757e-05
pythia-70m,4000,rand,final,triviality_n_effective_networks,tldr17,tldr17,100.0
pythia-70m,4000,rand,final,triviality_entropy_effective_networks,tldr17,tldr17,99.68282162958437
pythia-70m,4000,rand,final,triviality_median_max_membership,tldr17,tldr17,1.0
pythia-70m,4000,rand,final,triviality_frac_confident,tldr17,tldr17,1.0
pythia-70m,4000,pnull,final,fidelity_across_halves,wikitext,bookcorpus,0.4062667101092614
pythia-70m,4000,pnull,final,reliability_across_halves,wikitext,bookcorpus,0.06000858648668577
pythia-70m,4000,rand,final,fidelity_across_halves,wikitext,bookcorpus,0.03384426883504984
pythia-70m,4000,rand,final,reliability_across_halves,wikitext,bookcorpus,-6.969477837941714e-05
pythia-70m,4000,pnull,final,fidelity_across_halves,wikitext,agnews,0.42230656391174864
pythia-70m,4000,pnull,final,reliability_across_halves,wikitext,agnews,0.06656412602738901
pythia-70m,4000,rand,final,fidelity_across_halves,wikitext,agnews,0.031762042158308204
pythia-70m,4000,rand,final,reliability_across_halves,wikitext,agnews,5.395972176512261e-05
pythia-70m,4000,pnull,final,fidelity_across_halves,wikitext,tldr17,0.4120037492568721
pythia-70m,4000,pnull,final,reliability_across_halves,wikitext,tldr17,0.11003206349079453
pythia-70m,4000,rand,final,fidelity_across_halves,wikitext,tldr17,0.02828577735076507
pythia-70m,4000,rand,final,reliability_across_halves,wikitext,tldr17,-4.701345844246012e-05
pythia-70m,4000,pnull,final,fidelity_across_halves,bookcorpus,wikitext,0.43277018174877924
pythia-70m,4000,pnull,final,reliability_across_halves,bookcorpus,wikitext,0.06315017284729539
pythia-70m,4000,rand,final,fidelity_across_halves,bookcorpus,wikitext,0.038365460411694245
pythia-70m,4000,rand,final,reliability_across_halves,bookcorpus,wikitext,4.857832166038731e-05
pythia-70m,4000,pnull,final,fidelity_across_halves,bookcorpus,agnews,0.41151212747890054
pythia-70m,4000,pnull,final,reliability_across_halves,bookcorpus,agnews,0.03591984217646074
pythia-70m,4000,rand,final,fidelity_across_halves,bookcorpus,agnews,0.036607182244882824
pythia-70m,4000,rand,final,reliability_across_halves,bookcorpus,agnews,2.722490308711685e-05
pythia-70m,4000,pnull,final,fidelity_across_halves,bookcorpus,tldr17,0.4213418043847884
pythia-70m,4000,pnull,final,reliability_across_halves,bookcorpus,tldr17,0.07586066774311295
pythia-70m,4000,rand,final,fidelity_across_halves,bookcorpus,tldr17,0.03644114816944193
pythia-70m,4000,rand,final,reliability_across_halves,bookcorpus,tldr17,-5.1892490758818455e-05
pythia-70m,4000,pnull,final,fidelity_across_halves,agnews,wikitext,0.4174795799500745
pythia-70m,4000,pnull,final,reliability_across_halves,agnews,wikitext,0.06801795500703382
pythia-70m,4000,rand,final,fidelity_across_halves,agnews,wikitext,0.03546046221080432
pythia-70m,4000,rand,final,reliability_across_halves,agnews,wikitext,1.4954398887127402e-05
pythia-70m,4000,pnull,final,fidelity_across_halves,agnews,bookcorpus,0.3873252398481284
pythia-70m,4000,pnull,final,reliability_across_halves,agnews,bookcorpus,0.034165259553890694
pythia-70m,4000,rand,final,fidelity_across_halves,agnews,bookcorpus,0.03258985737937359
pythia-70m,4000,rand,final,reliability_across_halves,agnews,bookcorpus,1.1763948792920406e-05
pythia-70m,4000,pnull,final,fidelity_across_halves,agnews,tldr17,0.4006735249841812
pythia-70m,4000,pnull,final,reliability_across_halves,agnews,tldr17,0.08050139420125746
pythia-70m,4000,rand,final,fidelity_across_halves,agnews,tldr17,0.03197483750943972
pythia-70m,4000,rand,final,reliability_across_halves,agnews,tldr17,4.570992998004229e-05
pythia-70m,4000,pnull,final,fidelity_across_halves,tldr17,wikitext,0.431277937504568
pythia-70m,4000,pnull,final,reliability_across_halves,tldr17,wikitext,0.11762911957766253
pythia-70m,4000,rand,final,fidelity_across_halves,tldr17,wikitext,0.034195319226921456
pythia-70m,4000,rand,final,reliability_across_halves,tldr17,wikitext,-2.5003639162736428e-05
pythia-70m,4000,pnull,final,fidelity_across_halves,tldr17,bookcorpus,0.4148947851098817
pythia-70m,4000,pnull,final,reliability_across_halves,tldr17,bookcorpus,0.08088780319694758
pythia-70m,4000,rand,final,fidelity_across_halves,tldr17,bookcorpus,0.033546652727343654
pythia-70m,4000,rand,final,reliability_across_halves,tldr17,bookcorpus,-3.596463238761069e-05
pythia-70m,4000,pnull,final,fidelity_across_halves,tldr17,agnews,0.41969041244969135
pythia-70m,4000,pnull,final,reliability_across_halves,tldr17,agnews,0.08642152408148703
pythia-70m,4000,rand,final,fidelity_across_halves,tldr17,agnews,0.03832954844387825
pythia-70m,4000,rand,final,reliability_across_halves,tldr17,agnews,-2.860300605818537e-05
pythia-70m,16000,real,(ceiling),fidelity_within,wikitext,wikitext,0.9676984659331037
pythia-70m,16000,real,(ceiling),fidelity_within_r,wikitext,wikitext,0.9838623424089088
pythia-70m,16000,real,final,reliability_within,wikitext,wikitext,0.9141454680088882
pythia-70m,16000,real,final,reliability_within_coassoc,wikitext,wikitext,0.9866836710756038
pythia-70m,16000,real,final,fidelity_within,wikitext,wikitext,0.31320314864677357
pythia-70m,16000,real,final,fidelity_within_r,wikitext,wikitext,0.5596512095653117
pythia-70m,16000,real,final,fidelity_within_insample,wikitext,wikitext,0.3152986775156079
pythia-70m,16000,real,final,reliability_ceiling,wikitext,wikitext,0.9521758294415097
pythia-70m,16000,real,final,triviality_ami_layer,wikitext,wikitext,0.34548495045196537
pythia-70m,16000,real,final,triviality_ami_dimension,wikitext,wikitext,-0.027148415057942448
pythia-70m,16000,real,final,triviality_ami_hubness,wikitext,wikitext,0.1719943152616627
pythia-70m,16000,real,final,triviality_n_effective_networks,wikitext,wikitext,100.0
pythia-70m,16000,real,final,triviality_entropy_effective_networks,wikitext,wikitext,66.03710063074244
pythia-70m,16000,real,final,triviality_median_max_membership,wikitext,wikitext,0.765
pythia-70m,16000,real,final,triviality_frac_confident,wikitext,wikitext,0.7845052083333334
pythia-70m,16000,real,(ceiling),fidelity_within,bookcorpus,bookcorpus,0.9798309598640155
pythia-70m,16000,real,(ceiling),fidelity_within_r,bookcorpus,bookcorpus,0.9899338677333848
pythia-70m,16000,real,final,reliability_within,bookcorpus,bookcorpus,0.9367749852552001
pythia-70m,16000,real,final,reliability_within_coassoc,bookcorpus,bookcorpus,0.9930328779380323
pythia-70m,16000,real,final,fidelity_within,bookcorpus,bookcorpus,0.31935705792614066
pythia-70m,16000,real,final,fidelity_within_r,bookcorpus,bookcorpus,0.5651203760917705
pythia-70m,16000,real,final,fidelity_within_insample,bookcorpus,bookcorpus,0.3204804280183202
pythia-70m,16000,real,final,reliability_ceiling,bookcorpus,bookcorpus,0.9557875696609135
pythia-70m,16000,real,final,triviality_ami_layer,bookcorpus,bookcorpus,0.34265158082893526
pythia-70m,16000,real,final,triviality_ami_dimension,bookcorpus,bookcorpus,-0.026050963803399135
pythia-70m,16000,real,final,triviality_ami_hubness,bookcorpus,bookcorpus,0.16184269427083428
pythia-70m,16000,real,final,triviality_n_effective_networks,bookcorpus,bookcorpus,100.0
pythia-70m,16000,real,final,triviality_entropy_effective_networks,bookcorpus,bookcorpus,67.47780049872573
pythia-70m,16000,real,final,triviality_median_max_membership,bookcorpus,bookcorpus,0.76
pythia-70m,16000,real,final,triviality_frac_confident,bookcorpus,bookcorpus,0.8001302083333334
pythia-70m,16000,real,(ceiling),fidelity_within,agnews,agnews,0.974021976106239
pythia-70m,16000,real,(ceiling),fidelity_within_r,agnews,agnews,0.9870857188102624
pythia-70m,16000,real,final,reliability_within,agnews,agnews,0.9326058372326801
pythia-70m,16000,real,final,reliability_within_coassoc,agnews,agnews,0.9894016540796713
pythia-70m,16000,real,final,fidelity_within,agnews,agnews,0.31427188327078226
pythia-70m,16000,real,final,fidelity_within_r,agnews,agnews,0.5606386647990232
pythia-70m,16000,real,final,fidelity_within_insample,agnews,agnews,0.3178808050621771
pythia-70m,16000,real,final,reliability_ceiling,agnews,agnews,0.9568430227527557
pythia-70m,16000,real,final,triviality_ami_layer,agnews,agnews,0.3442264830039992
pythia-70m,16000,real,final,triviality_ami_dimension,agnews,agnews,-0.028032842566605206
pythia-70m,16000,real,final,triviality_ami_hubness,agnews,agnews,0.17393535662418
pythia-70m,16000,real,final,triviality_n_effective_networks,agnews,agnews,100.0
pythia-70m,16000,real,final,triviality_entropy_effective_networks,agnews,agnews,66.26889474074913
pythia-70m,16000,real,final,triviality_median_max_membership,agnews,agnews,0.75
pythia-70m,16000,real,final,triviality_frac_confident,agnews,agnews,0.7940266927083334
pythia-70m,16000,real,(ceiling),fidelity_within,tldr17,tldr17,0.9627039514226747
pythia-70m,16000,real,(ceiling),fidelity_within_r,tldr17,tldr17,0.9814215575215061
pythia-70m,16000,real,final,reliability_within,tldr17,tldr17,0.9205686862540656
pythia-70m,16000,real,final,reliability_within_coassoc,tldr17,tldr17,0.9876178494944654
pythia-70m,16000,real,final,fidelity_within,tldr17,tldr17,0.3046841281579563
pythia-70m,16000,real,final,fidelity_within_r,tldr17,tldr17,0.5520018145657778
pythia-70m,16000,real,final,fidelity_within_insample,tldr17,tldr17,0.30573571789331244
pythia-70m,16000,real,final,reliability_ceiling,tldr17,tldr17,0.9610901031418082
pythia-70m,16000,real,final,triviality_ami_layer,tldr17,tldr17,0.35709838665273796
pythia-70m,16000,real,final,triviality_ami_dimension,tldr17,tldr17,-0.028381381467629124
pythia-70m,16000,real,final,triviality_ami_hubness,tldr17,tldr17,0.16542630648742856
pythia-70m,16000,real,final,triviality_n_effective_networks,tldr17,tldr17,100.0
pythia-70m,16000,real,final,triviality_entropy_effective_networks,tldr17,tldr17,64.63811967198906
pythia-70m,16000,real,final,triviality_median_max_membership,tldr17,tldr17,0.765
pythia-70m,16000,real,final,triviality_frac_confident,tldr17,tldr17,0.7909342447916666
pythia-70m,16000,real,(ceiling),fidelity_across_halves,wikitext,bookcorpus,0.668256097735937
pythia-70m,16000,real,final,fidelity_across_halves,wikitext,bookcorpus,0.48283214429453164
pythia-70m,16000,real,final,reliability_across_halves,wikitext,bookcorpus,0.7528031080600984
pythia-70m,16000,real,(ceiling),fidelity_across_halves,wikitext,agnews,0.7151060680663327
pythia-70m,16000,real,final,fidelity_across_halves,wikitext,agnews,0.4841749470358258
pythia-70m,16000,real,final,reliability_across_halves,wikitext,agnews,0.7370787611456789
pythia-70m,16000,real,(ceiling),fidelity_across_halves,wikitext,tldr17,0.6614508183559248
pythia-70m,16000,real,final,fidelity_across_halves,wikitext,tldr17,0.459403466587212
pythia-70m,16000,real,final,reliability_across_halves,wikitext,tldr17,0.7107878003689974
pythia-70m,16000,real,(ceiling),fidelity_across_halves,bookcorpus,wikitext,0.6742412656521605
pythia-70m,16000,real,final,fidelity_across_halves,bookcorpus,wikitext,0.47333699621993375
pythia-70m,16000,real,final,reliability_across_halves,bookcorpus,wikitext,0.7571823307997426
pythia-70m,16000,real,(ceiling),fidelity_across_halves,bookcorpus,agnews,0.6120807086755623
pythia-70m,16000,real,final,fidelity_across_halves,bookcorpus,agnews,0.44727705692848047
pythia-70m,16000,real,final,reliability_across_halves,bookcorpus,agnews,0.7166514089063499
pythia-70m,16000,real,(ceiling),fidelity_across_halves,bookcorpus,tldr17,0.7532355955172717
pythia-70m,16000,real,final,fidelity_across_halves,bookcorpus,tldr17,0.4819987206207545
pythia-70m,16000,real,final,reliability_across_halves,bookcorpus,tldr17,0.727759574732669
pythia-70m,16000,real,(ceiling),fidelity_across_halves,agnews,wikitext,0.7137651763040975
pythia-70m,16000,real,final,fidelity_across_halves,agnews,wikitext,0.48628877761396005
pythia-70m,16000,real,final,reliability_across_halves,agnews,wikitext,0.7343461700355053
pythia-70m,16000,real,(ceiling),fidelity_across_halves,agnews,bookcorpus,0.6056087415386872
pythia-70m,16000,real,final,fidelity_across_halves,agnews,bookcorpus,0.44965581913030905
pythia-70m,16000,real,final,reliability_across_halves,agnews,bookcorpus,0.7127875618822521
pythia-70m,16000,real,(ceiling),fidelity_across_halves,agnews,tldr17,0.6694930637371896
pythia-70m,16000,real,final,fidelity_across_halves,agnews,tldr17,0.4745200525256213
pythia-70m,16000,real,final,reliability_across_halves,agnews,tldr17,0.7617159052278778
pythia-70m,16000,real,(ceiling),fidelity_across_halves,tldr17,wikitext,0.6683379709332197
pythia-70m,16000,real,final,fidelity_across_halves,tldr17,wikitext,0.4630125621021298
pythia-70m,16000,real,final,reliability_across_halves,tldr17,wikitext,0.7128909669552874
pythia-70m,16000,real,(ceiling),fidelity_across_halves,tldr17,bookcorpus,0.7498712919101836
pythia-70m,16000,real,final,fidelity_across_halves,tldr17,bookcorpus,0.49161774404661324
pythia-70m,16000,real,final,reliability_across_halves,tldr17,bookcorpus,0.7256052853504558
pythia-70m,16000,real,(ceiling),fidelity_across_halves,tldr17,agnews,0.6742877358575025
pythia-70m,16000,real,final,fidelity_across_halves,tldr17,agnews,0.47856564920395545
pythia-70m,16000,real,final,reliability_across_halves,tldr17,agnews,0.7601329610308506
pythia-70m,16000,null,(ceiling),fidelity_within,wikitext,wikitext,-0.8993613439031158
pythia-70m,16000,null,(ceiling),fidelity_within_r,wikitext,wikitext,0.05138065017213507
pythia-70m,16000,null,final,reliability_within,wikitext,wikitext,0.17181139328480824
pythia-70m,16000,null,final,reliability_within_coassoc,wikitext,wikitext,0.4443684361474308
pythia-70m,16000,null,final,fidelity_within,wikitext,wikitext,0.04250821643257163
pythia-70m,16000,null,final,fidelity_within_r,wikitext,wikitext,0.20627924206785697
pythia-70m,16000,null,final,fidelity_within_insample,wikitext,wikitext,0.045073911165210645
pythia-70m,16000,null,final,reliability_ceiling,wikitext,wikitext,0.698892914037626
pythia-70m,16000,null,final,triviality_ami_layer,wikitext,wikitext,0.17406568929421395
pythia-70m,16000,null,final,triviality_ami_dimension,wikitext,wikitext,-0.004747862853459383
pythia-70m,16000,null,final,triviality_ami_hubness,wikitext,wikitext,0.3011919501008575
pythia-70m,16000,null,final,triviality_n_effective_networks,wikitext,wikitext,100.0
pythia-70m,16000,null,final,triviality_entropy_effective_networks,wikitext,wikitext,78.58844942726196
pythia-70m,16000,null,final,triviality_median_max_membership,wikitext,wikitext,0.375
pythia-70m,16000,null,final,triviality_frac_confident,wikitext,wikitext,0.3013509114583333
pythia-70m,16000,null,(ceiling),fidelity_within,bookcorpus,bookcorpus,-0.940111762235502
pythia-70m,16000,null,(ceiling),fidelity_within_r,bookcorpus,bookcorpus,0.023529334635997576
pythia-70m,16000,null,final,reliability_within,bookcorpus,bookcorpus,0.037001811665966715
pythia-70m,16000,null,final,reliability_within_coassoc,bookcorpus,bookcorpus,0.3685750545409183
pythia-70m,16000,null,final,fidelity_within,bookcorpus,bookcorpus,0.021755407226751067
pythia-70m,16000,null,final,fidelity_within_r,bookcorpus,bookcorpus,0.1478841495267474
pythia-70m,16000,null,final,fidelity_within_insample,bookcorpus,bookcorpus,0.019253187426249263
pythia-70m,16000,null,final,reliability_ceiling,bookcorpus,bookcorpus,0.18265020234921073
pythia-70m,16000,null,final,triviality_ami_layer,bookcorpus,bookcorpus,0.18029455440252048
pythia-70m,16000,null,final,triviality_ami_dimension,bookcorpus,bookcorpus,-0.002466129802118316
pythia-70m,16000,null,final,triviality_ami_hubness,bookcorpus,bookcorpus,0.2417501873227158
pythia-70m,16000,null,final,triviality_n_effective_networks,bookcorpus,bookcorpus,100.0
pythia-70m,16000,null,final,triviality_entropy_effective_networks,bookcorpus,bookcorpus,79.23396423936232
pythia-70m,16000,null,final,triviality_median_max_membership,bookcorpus,bookcorpus,0.16
pythia-70m,16000,null,final,triviality_frac_confident,bookcorpus,bookcorpus,0.07796223958333333
pythia-70m,16000,null,(ceiling),fidelity_within,agnews,agnews,-0.976083947356212
pythia-70m,16000,null,(ceiling),fidelity_within_r,agnews,agnews,0.013171299963984058
pythia-70m,16000,null,final,reliability_within,agnews,agnews,0.031905230035709935
pythia-70m,16000,null,final,reliability_within_coassoc,agnews,agnews,0.2648774681325551
pythia-70m,16000,null,final,fidelity_within,agnews,agnews,0.009997469743178056
pythia-70m,16000,null,final,fidelity_within_r,agnews,agnews,0.10044177087014704
pythia-70m,16000,null,final,fidelity_within_insample,agnews,agnews,0.012054239328852301
pythia-70m,16000,null,final,reliability_ceiling,agnews,agnews,0.3060976093591916
pythia-70m,16000,null,final,triviality_ami_layer,agnews,agnews,0.16712446447427184
pythia-70m,16000,null,final,triviality_ami_dimension,agnews,agnews,-0.001819466024090945
pythia-70m,16000,null,final,triviality_ami_hubness,agnews,agnews,0.18487690003725196
pythia-70m,16000,null,final,triviality_n_effective_networks,agnews,agnews,100.0
pythia-70m,16000,null,final,triviality_entropy_effective_networks,agnews,agnews,84.9469354066906
pythia-70m,16000,null,final,triviality_median_max_membership,agnews,agnews,0.18
pythia-70m,16000,null,final,triviality_frac_confident,agnews,agnews,0.092529296875
pythia-70m,16000,null,(ceiling),fidelity_within,tldr17,tldr17,-0.9185872784863456
pythia-70m,16000,null,(ceiling),fidelity_within_r,tldr17,tldr17,0.06303166239375503
pythia-70m,16000,null,final,reliability_within,tldr17,tldr17,0.17536393068431722
pythia-70m,16000,null,final,reliability_within_coassoc,tldr17,tldr17,0.4504267676951903
pythia-70m,16000,null,final,fidelity_within,tldr17,tldr17,0.04153234184936416
pythia-70m,16000,null,final,fidelity_within_r,tldr17,tldr17,0.20776473824988373
pythia-70m,16000,null,final,fidelity_within_insample,tldr17,tldr17,0.05738917286203449
pythia-70m,16000,null,final,reliability_ceiling,tldr17,tldr17,0.7200648989238406
pythia-70m,16000,null,final,triviality_ami_layer,tldr17,tldr17,0.1779640262949138
pythia-70m,16000,null,final,triviality_ami_dimension,tldr17,tldr17,-0.005149989833141827
pythia-70m,16000,null,final,triviality_ami_hubness,tldr17,tldr17,0.30479762485370065
pythia-70m,16000,null,final,triviality_n_effective_networks,tldr17,tldr17,100.0
pythia-70m,16000,null,final,triviality_entropy_effective_networks,tldr17,tldr17,74.31059000567586
pythia-70m,16000,null,final,triviality_median_max_membership,tldr17,tldr17,0.4
pythia-70m,16000,null,final,triviality_frac_confident,tldr17,tldr17,0.358642578125
pythia-70m,16000,null,(ceiling),fidelity_across_halves,wikitext,bookcorpus,0.015097972037999072
pythia-70m,16000,null,final,fidelity_across_halves,wikitext,bookcorpus,0.06058181084728463
pythia-70m,16000,null,final,reliability_across_halves,wikitext,bookcorpus,0.023413618547170924
pythia-70m,16000,null,(ceiling),fidelity_across_halves,wikitext,agnews,0.01795293794547284
pythia-70m,16000,null,final,fidelity_across_halves,wikitext,agnews,0.07129245704925684
pythia-70m,16000,null,final,reliability_across_halves,wikitext,agnews,0.04055136273190765
pythia-70m,16000,null,(ceiling),fidelity_across_halves,wikitext,tldr17,0.041859688883925
pythia-70m,16000,null,final,fidelity_across_halves,wikitext,tldr17,0.17062538955312562
pythia-70m,16000,null,final,reliability_across_halves,wikitext,tldr17,0.10661200149791741
pythia-70m,16000,null,(ceiling),fidelity_across_halves,bookcorpus,wikitext,0.01602291950405496
pythia-70m,16000,null,final,fidelity_across_halves,bookcorpus,wikitext,0.09712134386423292
pythia-70m,16000,null,final,reliability_across_halves,bookcorpus,wikitext,0.027915139029657088
pythia-70m,16000,null,(ceiling),fidelity_across_halves,bookcorpus,agnews,0.011512569970412364
pythia-70m,16000,null,final,fidelity_across_halves,bookcorpus,agnews,0.07085784514970073
pythia-70m,16000,null,final,reliability_across_halves,bookcorpus,agnews,0.01626223023556449
pythia-70m,16000,null,(ceiling),fidelity_across_halves,bookcorpus,tldr17,0.017780850929410768
pythia-70m,16000,null,final,fidelity_across_halves,bookcorpus,tldr17,0.11111859878208703
pythia-70m,16000,null,final,reliability_across_halves,bookcorpus,tldr17,0.03194619165408003
pythia-70m,16000,null,(ceiling),fidelity_across_halves,agnews,wikitext,0.01839318827645871
pythia-70m,16000,null,final,fidelity_across_halves,agnews,wikitext,0.1418385538145455
pythia-70m,16000,null,final,reliability_across_halves,agnews,wikitext,0.043827487514427416
pythia-70m,16000,null,(ceiling),fidelity_across_halves,agnews,bookcorpus,0.013012686023588143
pythia-70m,16000,null,final,fidelity_across_halves,agnews,bookcorpus,0.10000899525222938
pythia-70m,16000,null,final,reliability_across_halves,agnews,bookcorpus,0.015352179642585994
pythia-70m,16000,null,(ceiling),fidelity_across_halves,agnews,tldr17,0.017689101333212023
pythia-70m,16000,null,final,fidelity_across_halves,agnews,tldr17,0.13800163343186633
pythia-70m,16000,null,final,reliability_across_halves,agnews,tldr17,0.03596728985687076
pythia-70m,16000,null,(ceiling),fidelity_across_halves,tldr17,wikitext,0.04552263523655926
pythia-70m,16000,null,final,fidelity_across_halves,tldr17,wikitext,0.15509302817082116
pythia-70m,16000,null,final,reliability_across_halves,tldr17,wikitext,0.1290178446067962
pythia-70m,16000,null,(ceiling),fidelity_across_halves,tldr17,bookcorpus,0.01967513782655662
pythia-70m,16000,null,final,fidelity_across_halves,tldr17,bookcorpus,0.06613648388607336
pythia-70m,16000,null,final,reliability_across_halves,tldr17,bookcorpus,0.0283514048661915
pythia-70m,16000,null,(ceiling),fidelity_across_halves,tldr17,agnews,0.018915244502319035
pythia-70m,16000,null,final,fidelity_across_halves,tldr17,agnews,0.06222709263329364
pythia-70m,16000,null,final,reliability_across_halves,tldr17,agnews,0.03815733971880129
pythia-70m,16000,pnull,final,reliability_within_coassoc,wikitext,wikitext,0.28331588351968173
pythia-70m,16000,pnull,final,reliability_within,wikitext,wikitext,0.12655479824433427
pythia-70m,16000,pnull,final,fidelity_within,wikitext,wikitext,0.20183149358175245
pythia-70m,16000,pnull,final,fidelity_within_r,wikitext,wikitext,0.44925827423358755
pythia-70m,16000,pnull,final,fidelity_within_insample,wikitext,wikitext,0.20211006206111104
pythia-70m,16000,pnull,final,triviality_ami_layer,wikitext,wikitext,0.17406568929421395
pythia-70m,16000,pnull,final,triviality_ami_dimension,wikitext,wikitext,-0.004747862853459383
pythia-70m,16000,pnull,final,triviality_ami_hubness,wikitext,wikitext,0.14531522146257553
pythia-70m,16000,pnull,final,triviality_n_effective_networks,wikitext,wikitext,100.0
pythia-70m,16000,pnull,final,triviality_entropy_effective_networks,wikitext,wikitext,78.58844942726196
pythia-70m,16000,pnull,final,triviality_median_max_membership,wikitext,wikitext,0.375
pythia-70m,16000,pnull,final,triviality_frac_confident,wikitext,wikitext,0.3013509114583333
pythia-70m,16000,rand,final,reliability_within,wikitext,wikitext,-4.188493085804255e-05
pythia-70m,16000,rand,final,fidelity_within,wikitext,wikitext,0.0015264098237238732
pythia-70m,16000,rand,final,fidelity_within_r,wikitext,wikitext,0.03908482763026769
pythia-70m,16000,rand,final,fidelity_within_insample,wikitext,wikitext,0.0015539515407315685
pythia-70m,16000,rand,final,triviality_ami_layer,wikitext,wikitext,0.00011872634907386882
pythia-70m,16000,rand,final,triviality_ami_dimension,wikitext,wikitext,-0.0003306058318419001
pythia-70m,16000,rand,final,triviality_ami_hubness,wikitext,wikitext,0.0010061152338695506
pythia-70m,16000,rand,final,triviality_n_effective_networks,wikitext,wikitext,100.0
pythia-70m,16000,rand,final,triviality_entropy_effective_networks,wikitext,wikitext,99.65527943369183
pythia-70m,16000,rand,final,triviality_median_max_membership,wikitext,wikitext,1.0
pythia-70m,16000,rand,final,triviality_frac_confident,wikitext,wikitext,1.0
pythia-70m,16000,pnull,final,reliability_within_coassoc,bookcorpus,bookcorpus,0.11719350246868904
pythia-70m,16000,pnull,final,reliability_within,bookcorpus,bookcorpus,0.02637188369606108
pythia-70m,16000,pnull,final,fidelity_within,bookcorpus,bookcorpus,0.18811057050196445
pythia-70m,16000,pnull,final,fidelity_within_r,bookcorpus,bookcorpus,0.43371872695986974
pythia-70m,16000,pnull,final,fidelity_within_insample,bookcorpus,bookcorpus,0.18840686095186543
pythia-70m,16000,pnull,final,triviality_ami_layer,bookcorpus,bookcorpus,0.18029455440252048
pythia-70m,16000,pnull,final,triviality_ami_dimension,bookcorpus,bookcorpus,-0.002466129802118316
pythia-70m,16000,pnull,final,triviality_ami_hubness,bookcorpus,bookcorpus,0.13522606070865037
pythia-70m,16000,pnull,final,triviality_n_effective_networks,bookcorpus,bookcorpus,100.0
pythia-70m,16000,pnull,final,triviality_entropy_effective_networks,bookcorpus,bookcorpus,79.23396423936232
pythia-70m,16000,pnull,final,triviality_median_max_membership,bookcorpus,bookcorpus,0.16
pythia-70m,16000,pnull,final,triviality_frac_confident,bookcorpus,bookcorpus,0.07796223958333333
pythia-70m,16000,rand,final,reliability_within,bookcorpus,bookcorpus,2.825338861389492e-05
pythia-70m,16000,rand,final,fidelity_within,bookcorpus,bookcorpus,0.0016146269780273892
pythia-70m,16000,rand,final,fidelity_within_r,bookcorpus,bookcorpus,0.04018570866460819
pythia-70m,16000,rand,final,fidelity_within_insample,bookcorpus,bookcorpus,0.0016255200791281954
pythia-70m,16000,rand,final,triviality_ami_layer,bookcorpus,bookcorpus,-0.0001546005848497963
pythia-70m,16000,rand,final,triviality_ami_dimension,bookcorpus,bookcorpus,-0.00035047632744764214
pythia-70m,16000,rand,final,triviality_ami_hubness,bookcorpus,bookcorpus,0.0003756002441760865
pythia-70m,16000,rand,final,triviality_n_effective_networks,bookcorpus,bookcorpus,100.0
pythia-70m,16000,rand,final,triviality_entropy_effective_networks,bookcorpus,bookcorpus,99.49391230693601
pythia-70m,16000,rand,final,triviality_median_max_membership,bookcorpus,bookcorpus,1.0
pythia-70m,16000,rand,final,triviality_frac_confident,bookcorpus,bookcorpus,1.0
pythia-70m,16000,pnull,final,reliability_within_coassoc,agnews,agnews,0.17183100349622757
pythia-70m,16000,pnull,final,reliability_within,agnews,agnews,0.04085908081561723
pythia-70m,16000,pnull,final,fidelity_within,agnews,agnews,0.19132074128287901
pythia-70m,16000,pnull,final,fidelity_within_r,agnews,agnews,0.4374233014146826
pythia-70m,16000,pnull,final,fidelity_within_insample,agnews,agnews,0.1919943574445686
pythia-70m,16000,pnull,final,triviality_ami_layer,agnews,agnews,0.16712446447427184
pythia-70m,16000,pnull,final,triviality_ami_dimension,agnews,agnews,-0.001819466024090945
pythia-70m,16000,pnull,final,triviality_ami_hubness,agnews,agnews,0.1346765812504737
pythia-70m,16000,pnull,final,triviality_n_effective_networks,agnews,agnews,100.0
pythia-70m,16000,pnull,final,triviality_entropy_effective_networks,agnews,agnews,84.9469354066906
pythia-70m,16000,pnull,final,triviality_median_max_membership,agnews,agnews,0.18
pythia-70m,16000,pnull,final,triviality_frac_confident,agnews,agnews,0.092529296875
pythia-70m,16000,rand,final,reliability_within,agnews,agnews,7.458835934234272e-05
pythia-70m,16000,rand,final,fidelity_within,agnews,agnews,0.001461944785130842
pythia-70m,16000,rand,final,fidelity_within_r,agnews,agnews,0.038378943583994365
pythia-70m,16000,rand,final,fidelity_within_insample,agnews,agnews,0.0014881834332135524
pythia-70m,16000,rand,final,triviality_ami_layer,agnews,agnews,-1.0400218675097702e-05
pythia-70m,16000,rand,final,triviality_ami_dimension,agnews,agnews,-0.0006017366849156746
pythia-70m,16000,rand,final,triviality_ami_hubness,agnews,agnews,-0.0007163524635609069
pythia-70m,16000,rand,final,triviality_n_effective_networks,agnews,agnews,100.0
pythia-70m,16000,rand,final,triviality_entropy_effective_networks,agnews,agnews,99.58778207722416
pythia-70m,16000,rand,final,triviality_median_max_membership,agnews,agnews,1.0
pythia-70m,16000,rand,final,triviality_frac_confident,agnews,agnews,1.0
pythia-70m,16000,pnull,final,reliability_within_coassoc,tldr17,tldr17,0.31367229200631996
pythia-70m,16000,pnull,final,reliability_within,tldr17,tldr17,0.13770420690981647
pythia-70m,16000,pnull,final,fidelity_within,tldr17,tldr17,0.1887054957058243
pythia-70m,16000,pnull,final,fidelity_within_r,tldr17,tldr17,0.43445079885949445
pythia-70m,16000,pnull,final,fidelity_within_insample,tldr17,tldr17,0.1921090071599013
pythia-70m,16000,pnull,final,triviality_ami_layer,tldr17,tldr17,0.1779640262949138
pythia-70m,16000,pnull,final,triviality_ami_dimension,tldr17,tldr17,-0.005149989833141827
pythia-70m,16000,pnull,final,triviality_ami_hubness,tldr17,tldr17,0.13476053212790642
pythia-70m,16000,pnull,final,triviality_n_effective_networks,tldr17,tldr17,100.0
pythia-70m,16000,pnull,final,triviality_entropy_effective_networks,tldr17,tldr17,74.31059000567586
pythia-70m,16000,pnull,final,triviality_median_max_membership,tldr17,tldr17,0.4
pythia-70m,16000,pnull,final,triviality_frac_confident,tldr17,tldr17,0.358642578125
pythia-70m,16000,rand,final,reliability_within,tldr17,tldr17,5.2775882703489406e-05
pythia-70m,16000,rand,final,fidelity_within,tldr17,tldr17,0.001298698030502865
pythia-70m,16000,rand,final,fidelity_within_r,tldr17,tldr17,0.03624864306787664
pythia-70m,16000,rand,final,fidelity_within_insample,tldr17,tldr17,0.0013492172945483993
pythia-70m,16000,rand,final,triviality_ami_layer,tldr17,tldr17,0.000474331363252503
pythia-70m,16000,rand,final,triviality_ami_dimension,tldr17,tldr17,2.566747306591322e-05
pythia-70m,16000,rand,final,triviality_ami_hubness,tldr17,tldr17,0.0003908663446466233
pythia-70m,16000,rand,final,triviality_n_effective_networks,tldr17,tldr17,100.0
pythia-70m,16000,rand,final,triviality_entropy_effective_networks,tldr17,tldr17,99.68282162958437
pythia-70m,16000,rand,final,triviality_median_max_membership,tldr17,tldr17,1.0
pythia-70m,16000,rand,final,triviality_frac_confident,tldr17,tldr17,1.0
pythia-70m,16000,pnull,final,fidelity_across_halves,wikitext,bookcorpus,0.41494937743539717
pythia-70m,16000,pnull,final,reliability_across_halves,wikitext,bookcorpus,0.07542483128631648
pythia-70m,16000,rand,final,fidelity_across_halves,wikitext,bookcorpus,0.0333869573282683
pythia-70m,16000,rand,final,reliability_across_halves,wikitext,bookcorpus,-7.98681842109078e-05
pythia-70m,16000,pnull,final,fidelity_across_halves,wikitext,agnews,0.4282831069597615
pythia-70m,16000,pnull,final,reliability_across_halves,wikitext,agnews,0.08546180793760175
pythia-70m,16000,rand,final,fidelity_across_halves,wikitext,agnews,0.03286927571820544
pythia-70m,16000,rand,final,reliability_across_halves,wikitext,agnews,0.00010042336361023747
pythia-70m,16000,pnull,final,fidelity_across_halves,wikitext,tldr17,0.4167543342909932
pythia-70m,16000,pnull,final,reliability_across_halves,wikitext,tldr17,0.12978486737685505
pythia-70m,16000,rand,final,fidelity_across_halves,wikitext,tldr17,0.029930555118804252
pythia-70m,16000,rand,final,reliability_across_halves,wikitext,tldr17,1.3400772669098703e-05
pythia-70m,16000,pnull,final,fidelity_across_halves,bookcorpus,wikitext,0.43007741701144014
pythia-70m,16000,pnull,final,reliability_across_halves,bookcorpus,wikitext,0.07469307865949601
pythia-70m,16000,rand,final,fidelity_across_halves,bookcorpus,wikitext,0.03706442812960395
pythia-70m,16000,rand,final,reliability_across_halves,bookcorpus,wikitext,-6.355342953037464e-05
pythia-70m,16000,pnull,final,fidelity_across_halves,bookcorpus,agnews,0.4137131631456926
pythia-70m,16000,pnull,final,reliability_across_halves,bookcorpus,agnews,0.03262023644647309
pythia-70m,16000,rand,final,fidelity_across_halves,bookcorpus,agnews,0.03753578168611106
pythia-70m,16000,rand,final,reliability_across_halves,bookcorpus,agnews,8.665765235455069e-05
pythia-70m,16000,pnull,final,fidelity_across_halves,bookcorpus,tldr17,0.42448869791698507
pythia-70m,16000,pnull,final,reliability_across_halves,bookcorpus,tldr17,0.07808442030446389
pythia-70m,16000,rand,final,fidelity_across_halves,bookcorpus,tldr17,0.03734749285693453
pythia-70m,16000,rand,final,reliability_across_halves,bookcorpus,tldr17,5.144151688952203e-05
pythia-70m,16000,pnull,final,fidelity_across_halves,agnews,wikitext,0.42806667422278843
pythia-70m,16000,pnull,final,reliability_across_halves,agnews,wikitext,0.0842315072380922
pythia-70m,16000,rand,final,fidelity_across_halves,agnews,wikitext,0.03653016325157353
pythia-70m,16000,rand,final,reliability_across_halves,agnews,wikitext,-1.2721822014431057e-05
pythia-70m,16000,pnull,final,fidelity_across_halves,agnews,bookcorpus,0.40238804123166316
pythia-70m,16000,pnull,final,reliability_across_halves,agnews,bookcorpus,0.031362834647599466
pythia-70m,16000,rand,final,fidelity_across_halves,agnews,bookcorpus,0.03308816949234255
pythia-70m,16000,rand,final,reliability_across_halves,agnews,bookcorpus,1.4632532155890675e-05
pythia-70m,16000,pnull,final,fidelity_across_halves,agnews,tldr17,0.41061574305816534
pythia-70m,16000,pnull,final,reliability_across_halves,agnews,tldr17,0.08664196432406468
pythia-70m,16000,rand,final,fidelity_across_halves,agnews,tldr17,0.03375921056433407
pythia-70m,16000,rand,final,reliability_across_halves,agnews,tldr17,0.00010012437418123376
pythia-70m,16000,pnull,final,fidelity_across_halves,tldr17,wikitext,0.43118409737691615
pythia-70m,16000,pnull,final,reliability_across_halves,tldr17,wikitext,0.13135406475321054
pythia-70m,16000,rand,final,fidelity_across_halves,tldr17,wikitext,0.03283052365699759
pythia-70m,16000,rand,final,reliability_across_halves,tldr17,wikitext,-3.2278405532261185e-05
pythia-70m,16000,pnull,final,fidelity_across_halves,tldr17,bookcorpus,0.42227901910603977
pythia-70m,16000,pnull,final,reliability_across_halves,tldr17,bookcorpus,0.07949678039766403
pythia-70m,16000,rand,final,fidelity_across_halves,tldr17,bookcorpus,0.030939728098966942
pythia-70m,16000,rand,final,reliability_across_halves,tldr17,bookcorpus,-0.00010206687817800294
pythia-70m,16000,pnull,final,fidelity_across_halves,tldr17,agnews,0.4207245405755327
pythia-70m,16000,pnull,final,reliability_across_halves,tldr17,agnews,0.08972312137554024
pythia-70m,16000,rand,final,fidelity_across_halves,tldr17,agnews,0.03540269950829116
pythia-70m,16000,rand,final,reliability_across_halves,tldr17,agnews,5.9907577934500415e-05
pythia-70m,64000,real,(ceiling),fidelity_within,wikitext,wikitext,0.966409715415873
pythia-70m,64000,real,(ceiling),fidelity_within_r,wikitext,wikitext,0.9832589218172101
pythia-70m,64000,real,final,reliability_within,wikitext,wikitext,0.9193664205966889
pythia-70m,64000,real,final,reliability_within_coassoc,wikitext,wikitext,0.9871788566117026
pythia-70m,64000,real,final,fidelity_within,wikitext,wikitext,0.3171473587592192
pythia-70m,64000,real,final,fidelity_within_r,wikitext,wikitext,0.5631822327364445
pythia-70m,64000,real,final,fidelity_within_insample,wikitext,wikitext,0.3205778028544658
pythia-70m,64000,real,final,reliability_ceiling,wikitext,wikitext,0.9621399249042917
pythia-70m,64000,real,final,triviality_ami_layer,wikitext,wikitext,0.3259527999324958
pythia-70m,64000,real,final,triviality_ami_dimension,wikitext,wikitext,-0.027464136013671515
pythia-70m,64000,real,final,triviality_ami_hubness,wikitext,wikitext,0.18200983803602813
pythia-70m,64000,real,final,triviality_n_effective_networks,wikitext,wikitext,100.0
pythia-70m,64000,real,final,triviality_entropy_effective_networks,wikitext,wikitext,67.70318622883086
pythia-70m,64000,real,final,triviality_median_max_membership,wikitext,wikitext,0.765
pythia-70m,64000,real,final,triviality_frac_confident,wikitext,wikitext,0.8079427083333334
pythia-70m,64000,real,(ceiling),fidelity_within,bookcorpus,bookcorpus,0.976692436508884
pythia-70m,64000,real,(ceiling),fidelity_within_r,bookcorpus,bookcorpus,0.9883467465813489
pythia-70m,64000,real,final,reliability_within,bookcorpus,bookcorpus,0.9332023628195555
pythia-70m,64000,real,final,reliability_within_coassoc,bookcorpus,bookcorpus,0.9924291691688553
pythia-70m,64000,real,final,fidelity_within,bookcorpus,bookcorpus,0.31811003591512577
pythia-70m,64000,real,final,fidelity_within_r,bookcorpus,bookcorpus,0.5640170134104572
pythia-70m,64000,real,final,fidelity_within_insample,bookcorpus,bookcorpus,0.31704944868245133
pythia-70m,64000,real,final,reliability_ceiling,bookcorpus,bookcorpus,0.9559568513538902
pythia-70m,64000,real,final,triviality_ami_layer,bookcorpus,bookcorpus,0.33359204099043976
pythia-70m,64000,real,final,triviality_ami_dimension,bookcorpus,bookcorpus,-0.026544217472452246
pythia-70m,64000,real,final,triviality_ami_hubness,bookcorpus,bookcorpus,0.1692588969036497
pythia-70m,64000,real,final,triviality_n_effective_networks,bookcorpus,bookcorpus,100.0
pythia-70m,64000,real,final,triviality_entropy_effective_networks,bookcorpus,bookcorpus,67.45230447211208
pythia-70m,64000,real,final,triviality_median_max_membership,bookcorpus,bookcorpus,0.745
pythia-70m,64000,real,final,triviality_frac_confident,bookcorpus,bookcorpus,0.7666015625
pythia-70m,64000,real,(ceiling),fidelity_within,agnews,agnews,0.974058811024355
pythia-70m,64000,real,(ceiling),fidelity_within_r,agnews,agnews,0.9870847082129033
pythia-70m,64000,real,final,reliability_within,agnews,agnews,0.9323788463045368
pythia-70m,64000,real,final,reliability_within_coassoc,agnews,agnews,0.9904665952708093
pythia-70m,64000,real,final,fidelity_within,agnews,agnews,0.3192931375189729
pythia-70m,64000,real,final,fidelity_within_r,agnews,agnews,0.5650864140421376
pythia-70m,64000,real,final,fidelity_within_insample,agnews,agnews,0.3225568045810211
pythia-70m,64000,real,final,reliability_ceiling,agnews,agnews,0.9601634866133044
pythia-70m,64000,real,final,triviality_ami_layer,agnews,agnews,0.332050911314651
pythia-70m,64000,real,final,triviality_ami_dimension,agnews,agnews,-0.028057312883344298
pythia-70m,64000,real,final,triviality_ami_hubness,agnews,agnews,0.17854703458695081
pythia-70m,64000,real,final,triviality_n_effective_networks,agnews,agnews,100.0
pythia-70m,64000,real,final,triviality_entropy_effective_networks,agnews,agnews,66.09270225703733
pythia-70m,64000,real,final,triviality_median_max_membership,agnews,agnews,0.77
pythia-70m,64000,real,final,triviality_frac_confident,agnews,agnews,0.7976888020833334
pythia-70m,64000,real,(ceiling),fidelity_within,tldr17,tldr17,0.9618076603932723
pythia-70m,64000,real,(ceiling),fidelity_within_r,tldr17,tldr17,0.9810619256495603
pythia-70m,64000,real,final,reliability_within,tldr17,tldr17,0.9243827206178914
pythia-70m,64000,real,final,reliability_within_coassoc,tldr17,tldr17,0.9872465865072745
pythia-70m,64000,real,final,fidelity_within,tldr17,tldr17,0.3041227525198431
pythia-70m,64000,real,final,fidelity_within_r,tldr17,tldr17,0.5515300379070247
pythia-70m,64000,real,final,fidelity_within_insample,tldr17,tldr17,0.3068202162475243
pythia-70m,64000,real,final,reliability_ceiling,tldr17,tldr17,0.9555657741840597
pythia-70m,64000,real,final,triviality_ami_layer,tldr17,tldr17,0.33529624156893445
pythia-70m,64000,real,final,triviality_ami_dimension,tldr17,tldr17,-0.028928737851479452
pythia-70m,64000,real,final,triviality_ami_hubness,tldr17,tldr17,0.17656953339435236
pythia-70m,64000,real,final,triviality_n_effective_networks,tldr17,tldr17,100.0
pythia-70m,64000,real,final,triviality_entropy_effective_networks,tldr17,tldr17,65.34413174676745
pythia-70m,64000,real,final,triviality_median_max_membership,tldr17,tldr17,0.76
pythia-70m,64000,real,final,triviality_frac_confident,tldr17,tldr17,0.7845052083333334
pythia-70m,64000,real,(ceiling),fidelity_across_halves,wikitext,bookcorpus,0.6758027318027153
pythia-70m,64000,real,final,fidelity_across_halves,wikitext,bookcorpus,0.4852977019518767
pythia-70m,64000,real,final,reliability_across_halves,wikitext,bookcorpus,0.7631529246623803
pythia-70m,64000,real,(ceiling),fidelity_across_halves,wikitext,agnews,0.7329116447930872
pythia-70m,64000,real,final,fidelity_across_halves,wikitext,agnews,0.5044861829337769
pythia-70m,64000,real,final,reliability_across_halves,wikitext,agnews,0.7622047763749686
pythia-70m,64000,real,(ceiling),fidelity_across_halves,wikitext,tldr17,0.6827792747901061
pythia-70m,64000,real,final,fidelity_across_halves,wikitext,tldr17,0.47136295829143005
pythia-70m,64000,real,final,reliability_across_halves,wikitext,tldr17,0.7454083974436555
pythia-70m,64000,real,(ceiling),fidelity_across_halves,bookcorpus,wikitext,0.6813440535063796
pythia-70m,64000,real,final,fidelity_across_halves,bookcorpus,wikitext,0.47840332551403086
pythia-70m,64000,real,final,reliability_across_halves,bookcorpus,wikitext,0.7664698906782693
pythia-70m,64000,real,(ceiling),fidelity_across_halves,bookcorpus,agnews,0.6228626376054947
pythia-70m,64000,real,final,fidelity_across_halves,bookcorpus,agnews,0.4599707323613148
pythia-70m,64000,real,final,reliability_across_halves,bookcorpus,agnews,0.7355024646551764
pythia-70m,64000,real,(ceiling),fidelity_across_halves,bookcorpus,tldr17,0.7709319301859698
pythia-70m,64000,real,final,fidelity_across_halves,bookcorpus,tldr17,0.49249024508417605
pythia-70m,64000,real,final,reliability_across_halves,bookcorpus,tldr17,0.7604271160130797
pythia-70m,64000,real,(ceiling),fidelity_across_halves,agnews,wikitext,0.7338342975346446
pythia-70m,64000,real,final,fidelity_across_halves,agnews,wikitext,0.49720590223976685
pythia-70m,64000,real,final,reliability_across_halves,agnews,wikitext,0.7615644301561783
pythia-70m,64000,real,(ceiling),fidelity_across_halves,agnews,bookcorpus,0.6191633898445233
pythia-70m,64000,real,final,fidelity_across_halves,agnews,bookcorpus,0.4559065442800153
pythia-70m,64000,real,final,reliability_across_halves,agnews,bookcorpus,0.7333536598274014
pythia-70m,64000,real,(ceiling),fidelity_across_halves,agnews,tldr17,0.6749686070493588
pythia-70m,64000,real,final,fidelity_across_halves,agnews,tldr17,0.47335839809847735
pythia-70m,64000,real,final,reliability_across_halves,agnews,tldr17,0.7722800510735663
pythia-70m,64000,real,(ceiling),fidelity_across_halves,tldr17,wikitext,0.6895316847165349
pythia-70m,64000,real,final,fidelity_across_halves,tldr17,wikitext,0.47700563612030444
pythia-70m,64000,real,final,reliability_across_halves,tldr17,wikitext,0.7447236097794981
pythia-70m,64000,real,(ceiling),fidelity_across_halves,tldr17,bookcorpus,0.7658830978475647
pythia-70m,64000,real,final,fidelity_across_halves,tldr17,bookcorpus,0.502987287750644
pythia-70m,64000,real,final,reliability_across_halves,tldr17,bookcorpus,0.7564700362203727
pythia-70m,64000,real,(ceiling),fidelity_across_halves,tldr17,agnews,0.6783407810375524
pythia-70m,64000,real,final,fidelity_across_halves,tldr17,agnews,0.48441185908857326
pythia-70m,64000,real,final,reliability_across_halves,tldr17,agnews,0.7707304536746805
pythia-70m,64000,null,(ceiling),fidelity_within,wikitext,wikitext,-0.8812087139501392
pythia-70m,64000,null,(ceiling),fidelity_within_r,wikitext,wikitext,0.060166964796058924
pythia-70m,64000,null,final,reliability_within,wikitext,wikitext,0.20296608555480422
pythia-70m,64000,null,final,reliability_within_coassoc,wikitext,wikitext,0.5158847400484838
pythia-70m,64000,null,final,fidelity_within,wikitext,wikitext,0.049893889551765214
pythia-70m,64000,null,final,fidelity_within_r,wikitext,wikitext,0.22345216962169628
pythia-70m,64000,null,final,fidelity_within_insample,wikitext,wikitext,0.052512460915074
pythia-70m,64000,null,final,reliability_ceiling,wikitext,wikitext,0.6547164484696871
pythia-70m,64000,null,final,triviality_ami_layer,wikitext,wikitext,0.18568329550094712
pythia-70m,64000,null,final,triviality_ami_dimension,wikitext,wikitext,-0.005388328234303946
pythia-70m,64000,null,final,triviality_ami_hubness,wikitext,wikitext,0.3200655940455348
pythia-70m,64000,null,final,triviality_n_effective_networks,wikitext,wikitext,100.0
pythia-70m,64000,null,final,triviality_entropy_effective_networks,wikitext,wikitext,76.33103773564746
pythia-70m,64000,null,final,triviality_median_max_membership,wikitext,wikitext,0.355
pythia-70m,64000,null,final,triviality_frac_confident,wikitext,wikitext,0.2674967447916667
pythia-70m,64000,null,(ceiling),fidelity_within,bookcorpus,bookcorpus,-0.8963560579063159
pythia-70m,64000,null,(ceiling),fidelity_within_r,bookcorpus,bookcorpus,0.03604547973873367
pythia-70m,64000,null,final,reliability_within,bookcorpus,bookcorpus,0.04199416078157758
pythia-70m,64000,null,final,reliability_within_coassoc,bookcorpus,bookcorpus,0.1694788183909882
pythia-70m,64000,null,final,fidelity_within,bookcorpus,bookcorpus,0.0303421720666619
pythia-70m,64000,null,final,fidelity_within_r,bookcorpus,bookcorpus,0.17531488327657332
pythia-70m,64000,null,final,fidelity_within_insample,bookcorpus,bookcorpus,0.025524244318781086
pythia-70m,64000,null,final,reliability_ceiling,bookcorpus,bookcorpus,0.5675798002554185
pythia-70m,64000,null,final,triviality_ami_layer,bookcorpus,bookcorpus,0.1918371590116475
pythia-70m,64000,null,final,triviality_ami_dimension,bookcorpus,bookcorpus,-0.0029653815612891194
pythia-70m,64000,null,final,triviality_ami_hubness,bookcorpus,bookcorpus,0.22060745396804995
pythia-70m,64000,null,final,triviality_n_effective_networks,bookcorpus,bookcorpus,100.0
pythia-70m,64000,null,final,triviality_entropy_effective_networks,bookcorpus,bookcorpus,71.653078336126
pythia-70m,64000,null,final,triviality_median_max_membership,bookcorpus,bookcorpus,0.435
pythia-70m,64000,null,final,triviality_frac_confident,bookcorpus,bookcorpus,0.39111328125
pythia-70m,64000,null,(ceiling),fidelity_within,agnews,agnews,-0.9707823244008136
pythia-70m,64000,null,(ceiling),fidelity_within_r,agnews,agnews,0.015189509642967204
pythia-70m,64000,null,final,reliability_within,agnews,agnews,0.034408981475992605
pythia-70m,64000,null,final,reliability_within_coassoc,agnews,agnews,0.3271263932451116
pythia-70m,64000,null,final,fidelity_within,agnews,agnews,0.01197940874727399
pythia-70m,64000,null,final,fidelity_within_r,agnews,agnews,0.10974090197482393
pythia-70m,64000,null,final,fidelity_within_insample,agnews,agnews,0.013840327929401375
pythia-70m,64000,null,final,reliability_ceiling,agnews,agnews,0.2760604052732575
pythia-70m,64000,null,final,triviality_ami_layer,agnews,agnews,0.17827635547807194
pythia-70m,64000,null,final,triviality_ami_dimension,agnews,agnews,-0.0029587740333836834
pythia-70m,64000,null,final,triviality_ami_hubness,agnews,agnews,0.21650356386994102
pythia-70m,64000,null,final,triviality_n_effective_networks,agnews,agnews,100.0
pythia-70m,64000,null,final,triviality_entropy_effective_networks,agnews,agnews,84.77626950960996
pythia-70m,64000,null,final,triviality_median_max_membership,agnews,agnews,0.17
pythia-70m,64000,null,final,triviality_frac_confident,agnews,agnews,0.082763671875
pythia-70m,64000,null,(ceiling),fidelity_within,tldr17,tldr17,-0.8834649607187794
pythia-70m,64000,null,(ceiling),fidelity_within_r,tldr17,tldr17,0.07615431911251122
pythia-70m,64000,null,final,reliability_within,tldr17,tldr17,0.21192177429706463
pythia-70m,64000,null,final,reliability_within_coassoc,tldr17,tldr17,0.5116594439108161
pythia-70m,64000,null,final,fidelity_within,tldr17,tldr17,0.05415850247338161
pythia-70m,64000,null,final,fidelity_within_r,tldr17,tldr17,0.23513238557654573
pythia-70m,64000,null,final,fidelity_within_insample,tldr17,tldr17,0.06851599253307727
pythia-70m,64000,null,final,reliability_ceiling,tldr17,tldr17,0.6732550854611893
pythia-70m,64000,null,final,triviality_ami_layer,tldr17,tldr17,0.18745378506431407
pythia-70m,64000,null,final,triviality_ami_dimension,tldr17,tldr17,-0.007452165233355683
pythia-70m,64000,null,final,triviality_ami_hubness,tldr17,tldr17,0.3258074184406044
pythia-70m,64000,null,final,triviality_n_effective_networks,tldr17,tldr17,100.0
pythia-70m,64000,null,final,triviality_entropy_effective_networks,tldr17,tldr17,69.9655822759446
pythia-70m,64000,null,final,triviality_median_max_membership,tldr17,tldr17,0.39
pythia-70m,64000,null,final,triviality_frac_confident,tldr17,tldr17,0.3392740885416667
pythia-70m,64000,null,(ceiling),fidelity_across_halves,wikitext,bookcorpus,0.023599004979911263
pythia-70m,64000,null,final,fidelity_across_halves,wikitext,bookcorpus,0.08848865629977545
pythia-70m,64000,null,final,reliability_across_halves,wikitext,bookcorpus,0.049563671049490415
pythia-70m,64000,null,(ceiling),fidelity_across_halves,wikitext,agnews,0.02223691492858503
pythia-70m,64000,null,final,fidelity_across_halves,wikitext,agnews,0.08232230084788479
pythia-70m,64000,null,final,reliability_across_halves,wikitext,agnews,0.04726525862472012
pythia-70m,64000,null,(ceiling),fidelity_across_halves,wikitext,tldr17,0.05323652840488974
pythia-70m,64000,null,final,fidelity_across_halves,wikitext,tldr17,0.20038997975884731
pythia-70m,64000,null,final,reliability_across_halves,wikitext,tldr17,0.1450804897266488
pythia-70m,64000,null,(ceiling),fidelity_across_halves,bookcorpus,wikitext,0.02330506419866437
pythia-70m,64000,null,final,fidelity_across_halves,bookcorpus,wikitext,0.11708055657342858
pythia-70m,64000,null,final,reliability_across_halves,bookcorpus,wikitext,0.03798636533550089
pythia-70m,64000,null,(ceiling),fidelity_across_halves,bookcorpus,agnews,0.013873639316704605
pythia-70m,64000,null,final,fidelity_across_halves,bookcorpus,agnews,0.07062958375757629
pythia-70m,64000,null,final,reliability_across_halves,bookcorpus,agnews,0.019370440859217283
pythia-70m,64000,null,(ceiling),fidelity_across_halves,bookcorpus,tldr17,0.026367190590723514
pythia-70m,64000,null,final,fidelity_across_halves,bookcorpus,tldr17,0.1349673549943521
pythia-70m,64000,null,final,reliability_across_halves,bookcorpus,tldr17,0.04635676330539559
pythia-70m,64000,null,(ceiling),fidelity_across_halves,agnews,wikitext,0.02272219980002457
pythia-70m,64000,null,final,fidelity_across_halves,agnews,wikitext,0.16816342537903575
pythia-70m,64000,null,final,reliability_across_halves,agnews,wikitext,0.045607904235205464
pythia-70m,64000,null,(ceiling),fidelity_across_halves,agnews,bookcorpus,0.0161629343184786
pythia-70m,64000,null,final,fidelity_across_halves,agnews,bookcorpus,0.11732798923152284
pythia-70m,64000,null,final,reliability_across_halves,agnews,bookcorpus,0.021961407616003212
pythia-70m,64000,null,(ceiling),fidelity_across_halves,agnews,tldr17,0.022831277758450116
pythia-70m,64000,null,final,fidelity_across_halves,agnews,tldr17,0.16918077055918665
pythia-70m,64000,null,final,reliability_across_halves,agnews,tldr17,0.045183445546101375
pythia-70m,64000,null,(ceiling),fidelity_across_halves,tldr17,wikitext,0.056049437123141026
pythia-70m,64000,null,final,fidelity_across_halves,tldr17,wikitext,0.1797893954014856
pythia-70m,64000,null,final,reliability_across_halves,tldr17,wikitext,0.14588307729436287
pythia-70m,64000,null,(ceiling),fidelity_across_halves,tldr17,bookcorpus,0.029426193882084138
pythia-70m,64000,null,final,fidelity_across_halves,tldr17,bookcorpus,0.09268474636779733
pythia-70m,64000,null,final,reliability_across_halves,tldr17,bookcorpus,0.061871812028771865
pythia-70m,64000,null,(ceiling),fidelity_across_halves,tldr17,agnews,0.023896377397536344
pythia-70m,64000,null,final,fidelity_across_halves,tldr17,agnews,0.07421298175294681
pythia-70m,64000,null,final,reliability_across_halves,tldr17,agnews,0.050428617557412896
pythia-70m,64000,pnull,final,reliability_within_coassoc,wikitext,wikitext,0.32081643641680024
pythia-70m,64000,pnull,final,reliability_within,wikitext,wikitext,0.13007771644710892
pythia-70m,64000,pnull,final,fidelity_within,wikitext,wikitext,0.2061665460427422
pythia-70m,64000,pnull,final,fidelity_within_r,wikitext,wikitext,0.4540636785369261
pythia-70m,64000,pnull,final,fidelity_within_insample,wikitext,wikitext,0.20618870710788229
pythia-70m,64000,pnull,final,triviality_ami_layer,wikitext,wikitext,0.18568329550094712
pythia-70m,64000,pnull,final,triviality_ami_dimension,wikitext,wikitext,-0.005388328234303946
pythia-70m,64000,pnull,final,triviality_ami_hubness,wikitext,wikitext,0.15037903324166355
pythia-70m,64000,pnull,final,triviality_n_effective_networks,wikitext,wikitext,100.0
pythia-70m,64000,pnull,final,triviality_entropy_effective_networks,wikitext,wikitext,76.33103773564746
pythia-70m,64000,pnull,final,triviality_median_max_membership,wikitext,wikitext,0.355
pythia-70m,64000,pnull,final,triviality_frac_confident,wikitext,wikitext,0.2674967447916667
pythia-70m,64000,rand,final,reliability_within,wikitext,wikitext,-6.166085247505553e-05
pythia-70m,64000,rand,final,fidelity_within,wikitext,wikitext,0.0016753853064505053
pythia-70m,64000,rand,final,fidelity_within_r,wikitext,wikitext,0.04099995319577558
pythia-70m,64000,rand,final,fidelity_within_insample,wikitext,wikitext,0.001682986129120656
pythia-70m,64000,rand,final,triviality_ami_layer,wikitext,wikitext,0.00011872634907386882
pythia-70m,64000,rand,final,triviality_ami_dimension,wikitext,wikitext,-0.0003306058318419001
pythia-70m,64000,rand,final,triviality_ami_hubness,wikitext,wikitext,-0.0006531656531837602
pythia-70m,64000,rand,final,triviality_n_effective_networks,wikitext,wikitext,100.0
pythia-70m,64000,rand,final,triviality_entropy_effective_networks,wikitext,wikitext,99.65527943369183
pythia-70m,64000,rand,final,triviality_median_max_membership,wikitext,wikitext,1.0
pythia-70m,64000,rand,final,triviality_frac_confident,wikitext,wikitext,1.0
pythia-70m,64000,pnull,final,reliability_within_coassoc,bookcorpus,bookcorpus,0.11638888776397341
pythia-70m,64000,pnull,final,reliability_within,bookcorpus,bookcorpus,0.04806967577683968
pythia-70m,64000,pnull,final,fidelity_within,bookcorpus,bookcorpus,0.19630065076662195
pythia-70m,64000,pnull,final,fidelity_within_r,bookcorpus,bookcorpus,0.443067189305571
pythia-70m,64000,pnull,final,fidelity_within_insample,bookcorpus,bookcorpus,0.1946435408690389
pythia-70m,64000,pnull,final,triviality_ami_layer,bookcorpus,bookcorpus,0.1918371590116475
pythia-70m,64000,pnull,final,triviality_ami_dimension,bookcorpus,bookcorpus,-0.0029653815612891194
pythia-70m,64000,pnull,final,triviality_ami_hubness,bookcorpus,bookcorpus,0.1465274137146819
pythia-70m,64000,pnull,final,triviality_n_effective_networks,bookcorpus,bookcorpus,100.0
pythia-70m,64000,pnull,final,triviality_entropy_effective_networks,bookcorpus,bookcorpus,71.653078336126
pythia-70m,64000,pnull,final,triviality_median_max_membership,bookcorpus,bookcorpus,0.435
pythia-70m,64000,pnull,final,triviality_frac_confident,bookcorpus,bookcorpus,0.39111328125
pythia-70m,64000,rand,final,reliability_within,bookcorpus,bookcorpus,-2.9560770735570446e-05
pythia-70m,64000,rand,final,fidelity_within,bookcorpus,bookcorpus,0.0016013568776583886
pythia-70m,64000,rand,final,fidelity_within_r,bookcorpus,bookcorpus,0.04006907436911396
pythia-70m,64000,rand,final,fidelity_within_insample,bookcorpus,bookcorpus,0.0016254033600803242
pythia-70m,64000,rand,final,triviality_ami_layer,bookcorpus,bookcorpus,-0.0001546005848497963
pythia-70m,64000,rand,final,triviality_ami_dimension,bookcorpus,bookcorpus,-0.00035047632744764214
pythia-70m,64000,rand,final,triviality_ami_hubness,bookcorpus,bookcorpus,0.0003734990442718973
pythia-70m,64000,rand,final,triviality_n_effective_networks,bookcorpus,bookcorpus,100.0
pythia-70m,64000,rand,final,triviality_entropy_effective_networks,bookcorpus,bookcorpus,99.49391230693601
pythia-70m,64000,rand,final,triviality_median_max_membership,bookcorpus,bookcorpus,1.0
pythia-70m,64000,rand,final,triviality_frac_confident,bookcorpus,bookcorpus,1.0
pythia-70m,64000,pnull,final,reliability_within_coassoc,agnews,agnews,0.20021696180689708
pythia-70m,64000,pnull,final,reliability_within,agnews,agnews,0.04565645850817149
pythia-70m,64000,pnull,final,fidelity_within,agnews,agnews,0.19950602471682233
pythia-70m,64000,pnull,final,fidelity_within_r,agnews,agnews,0.4466737368919021
pythia-70m,64000,pnull,final,fidelity_within_insample,agnews,agnews,0.20022635705709735
pythia-70m,64000,pnull,final,triviality_ami_layer,agnews,agnews,0.17827635547807194
pythia-70m,64000,pnull,final,triviality_ami_dimension,agnews,agnews,-0.0029587740333836834
pythia-70m,64000,pnull,final,triviality_ami_hubness,agnews,agnews,0.14215066114604688
pythia-70m,64000,pnull,final,triviality_n_effective_networks,agnews,agnews,100.0
pythia-70m,64000,pnull,final,triviality_entropy_effective_networks,agnews,agnews,84.77626950960996
pythia-70m,64000,pnull,final,triviality_median_max_membership,agnews,agnews,0.17
pythia-70m,64000,pnull,final,triviality_frac_confident,agnews,agnews,0.082763671875
pythia-70m,64000,rand,final,reliability_within,agnews,agnews,9.183261492457706e-05
pythia-70m,64000,rand,final,fidelity_within,agnews,agnews,0.0015828906240601404
pythia-70m,64000,rand,final,fidelity_within_r,agnews,agnews,0.03985779828688128
pythia-70m,64000,rand,final,fidelity_within_insample,agnews,agnews,0.0015970626062191684
pythia-70m,64000,rand,final,triviality_ami_layer,agnews,agnews,-1.0400218675097702e-05
pythia-70m,64000,rand,final,triviality_ami_dimension,agnews,agnews,-0.0006017366849156746
pythia-70m,64000,rand,final,triviality_ami_hubness,agnews,agnews,-0.00010788813802822556
pythia-70m,64000,rand,final,triviality_n_effective_networks,agnews,agnews,100.0
pythia-70m,64000,rand,final,triviality_entropy_effective_networks,agnews,agnews,99.58778207722416
pythia-70m,64000,rand,final,triviality_median_max_membership,agnews,agnews,1.0
pythia-70m,64000,rand,final,triviality_frac_confident,agnews,agnews,1.0
pythia-70m,64000,pnull,final,reliability_within_coassoc,tldr17,tldr17,0.36897722788574416
pythia-70m,64000,pnull,final,reliability_within,tldr17,tldr17,0.1691220205640787
pythia-70m,64000,pnull,final,fidelity_within,tldr17,tldr17,0.19660175654877532
pythia-70m,64000,pnull,final,fidelity_within_r,tldr17,tldr17,0.44346484961714944
pythia-70m,64000,pnull,final,fidelity_within_insample,tldr17,tldr17,0.19915446511761337
pythia-70m,64000,pnull,final,triviality_ami_layer,tldr17,tldr17,0.18745378506431407
pythia-70m,64000,pnull,final,triviality_ami_dimension,tldr17,tldr17,-0.007452165233355683
pythia-70m,64000,pnull,final,triviality_ami_hubness,tldr17,tldr17,0.14732650288737095
pythia-70m,64000,pnull,final,triviality_n_effective_networks,tldr17,tldr17,100.0
pythia-70m,64000,pnull,final,triviality_entropy_effective_networks,tldr17,tldr17,69.9655822759446
pythia-70m,64000,pnull,final,triviality_median_max_membership,tldr17,tldr17,0.39
pythia-70m,64000,pnull,final,triviality_frac_confident,tldr17,tldr17,0.3392740885416667
pythia-70m,64000,rand,final,reliability_within,tldr17,tldr17,0.00010362035985834594
pythia-70m,64000,rand,final,fidelity_within,tldr17,tldr17,0.0012569654498454375
pythia-70m,64000,rand,final,fidelity_within_r,tldr17,tldr17,0.03583800702304216
pythia-70m,64000,rand,final,fidelity_within_insample,tldr17,tldr17,0.0013282257563193012
pythia-70m,64000,rand,final,triviality_ami_layer,tldr17,tldr17,0.000474331363252503
pythia-70m,64000,rand,final,triviality_ami_dimension,tldr17,tldr17,2.566747306591322e-05
pythia-70m,64000,rand,final,triviality_ami_hubness,tldr17,tldr17,0.0001706333624704994
pythia-70m,64000,rand,final,triviality_n_effective_networks,tldr17,tldr17,100.0
pythia-70m,64000,rand,final,triviality_entropy_effective_networks,tldr17,tldr17,99.68282162958437
pythia-70m,64000,rand,final,triviality_median_max_membership,tldr17,tldr17,1.0
pythia-70m,64000,rand,final,triviality_frac_confident,tldr17,tldr17,1.0
pythia-70m,64000,pnull,final,fidelity_across_halves,wikitext,bookcorpus,0.4259000195051457
pythia-70m,64000,pnull,final,reliability_across_halves,wikitext,bookcorpus,0.09631517241033877
pythia-70m,64000,rand,final,fidelity_across_halves,wikitext,bookcorpus,0.03426362824925367
pythia-70m,64000,rand,final,reliability_across_halves,wikitext,bookcorpus,-3.228237529381457e-05
pythia-70m,64000,pnull,final,fidelity_across_halves,wikitext,agnews,0.4382489039734629
pythia-70m,64000,pnull,final,reliability_across_halves,wikitext,agnews,0.09594511542140488
pythia-70m,64000,rand,final,fidelity_across_halves,wikitext,agnews,0.03432931566062353
pythia-70m,64000,rand,final,reliability_across_halves,wikitext,agnews,8.64029600030044e-06
pythia-70m,64000,pnull,final,fidelity_across_halves,wikitext,tldr17,0.4288903700116004
pythia-70m,64000,pnull,final,reliability_across_halves,wikitext,tldr17,0.1529076509521745
pythia-70m,64000,rand,final,fidelity_across_halves,wikitext,tldr17,0.03126367885040561
pythia-70m,64000,rand,final,reliability_across_halves,wikitext,tldr17,8.314611112943208e-05
pythia-70m,64000,pnull,final,fidelity_across_halves,bookcorpus,wikitext,0.4321310648589456
pythia-70m,64000,pnull,final,reliability_across_halves,bookcorpus,wikitext,0.07834578013972418
pythia-70m,64000,rand,final,fidelity_across_halves,bookcorpus,wikitext,0.03677191744022295
pythia-70m,64000,rand,final,reliability_across_halves,bookcorpus,wikitext,-9.862151339561209e-05
pythia-70m,64000,pnull,final,fidelity_across_halves,bookcorpus,agnews,0.4168895670462456
pythia-70m,64000,pnull,final,reliability_across_halves,bookcorpus,agnews,0.04332626623838001
pythia-70m,64000,rand,final,fidelity_across_halves,bookcorpus,agnews,0.03941499305417183
pythia-70m,64000,rand,final,reliability_across_halves,bookcorpus,agnews,2.3803341182509462e-05
pythia-70m,64000,pnull,final,fidelity_across_halves,bookcorpus,tldr17,0.42741506224250386
pythia-70m,64000,pnull,final,reliability_across_halves,bookcorpus,tldr17,0.10028177665816672
pythia-70m,64000,rand,final,fidelity_across_halves,bookcorpus,tldr17,0.0387400583185795
pythia-70m,64000,rand,final,reliability_across_halves,bookcorpus,tldr17,0.00010037512853702238
pythia-70m,64000,pnull,final,fidelity_across_halves,agnews,wikitext,0.434542578682791
pythia-70m,64000,pnull,final,reliability_across_halves,agnews,wikitext,0.08101974284903557
pythia-70m,64000,rand,final,fidelity_across_halves,agnews,wikitext,0.03811556614501191
pythia-70m,64000,rand,final,reliability_across_halves,agnews,wikitext,-5.3398301267135126e-05
pythia-70m,64000,pnull,final,fidelity_across_halves,agnews,bookcorpus,0.4122154251927981
pythia-70m,64000,pnull,final,reliability_across_halves,agnews,bookcorpus,0.04769974828996887
pythia-70m,64000,rand,final,fidelity_across_halves,agnews,bookcorpus,0.03570111425037935
pythia-70m,64000,rand,final,reliability_across_halves,agnews,bookcorpus,1.93095798075387e-05
pythia-70m,64000,pnull,final,fidelity_across_halves,agnews,tldr17,0.4191404957660371
pythia-70m,64000,pnull,final,reliability_across_halves,agnews,tldr17,0.10307100880979428
pythia-70m,64000,rand,final,fidelity_across_halves,agnews,tldr17,0.034448616118303216
pythia-70m,64000,rand,final,reliability_across_halves,agnews,tldr17,0.00011607611830305207
pythia-70m,64000,pnull,final,fidelity_across_halves,tldr17,wikitext,0.4352888355131415
pythia-70m,64000,pnull,final,reliability_across_halves,tldr17,wikitext,0.1435941838036363
pythia-70m,64000,rand,final,fidelity_across_halves,tldr17,wikitext,0.03148721297495803
pythia-70m,64000,rand,final,reliability_across_halves,tldr17,wikitext,-9.376763057503926e-05
pythia-70m,64000,pnull,final,fidelity_across_halves,tldr17,bookcorpus,0.4314171877509925
pythia-70m,64000,pnull,final,reliability_across_halves,tldr17,bookcorpus,0.11055535666673333
pythia-70m,64000,rand,final,fidelity_across_halves,tldr17,bookcorpus,0.030250841189148107
pythia-70m,64000,rand,final,reliability_across_halves,tldr17,bookcorpus,-6.407168891009698e-06
pythia-70m,64000,pnull,final,fidelity_across_halves,tldr17,agnews,0.42814841531355324
pythia-70m,64000,pnull,final,reliability_across_halves,tldr17,agnews,0.10912990526719915
pythia-70m,64000,rand,final,fidelity_across_halves,tldr17,agnews,0.033814321836199604
pythia-70m,64000,rand,final,reliability_across_halves,tldr17,agnews,6.113704016600685e-05
pythia-70m,143000,real,(ceiling),fidelity_within,wikitext,wikitext,0.9755475423120125
pythia-70m,143000,real,(ceiling),fidelity_within_r,wikitext,wikitext,0.9878031475360846
pythia-70m,143000,real,final,reliability_within,wikitext,wikitext,0.9291666043610282
pythia-70m,143000,real,final,reliability_within_coassoc,wikitext,wikitext,0.9903145788369916
pythia-70m,143000,real,final,fidelity_within,wikitext,wikitext,0.36263820502169775
pythia-70m,143000,real,final,fidelity_within_r,wikitext,wikitext,0.6022119636373814
pythia-70m,143000,real,final,fidelity_within_insample,wikitext,wikitext,0.3662438802312735
pythia-70m,143000,real,final,reliability_ceiling,wikitext,wikitext,0.9558178345749294
pythia-70m,143000,real,final,triviality_ami_layer,wikitext,wikitext,0.3254971517620785
pythia-70m,143000,real,final,triviality_ami_dimension,wikitext,wikitext,-0.027821050102767766
pythia-70m,143000,real,final,triviality_ami_hubness,wikitext,wikitext,0.1962561513401297
pythia-70m,143000,real,final,triviality_n_effective_networks,wikitext,wikitext,99.0
pythia-70m,143000,real,final,triviality_entropy_effective_networks,wikitext,wikitext,66.27252614269182
pythia-70m,143000,real,final,triviality_median_max_membership,wikitext,wikitext,0.745
pythia-70m,143000,real,final,triviality_frac_confident,wikitext,wikitext,0.7805989583333334
pythia-70m,143000,real,(ceiling),fidelity_within,bookcorpus,bookcorpus,0.9844324507897363
pythia-70m,143000,real,(ceiling),fidelity_within_r,bookcorpus,bookcorpus,0.9922444954329217
pythia-70m,143000,real,final,reliability_within,bookcorpus,bookcorpus,0.9461746576341122
pythia-70m,143000,real,final,reliability_within_coassoc,bookcorpus,bookcorpus,0.9945975065553883
pythia-70m,143000,real,final,fidelity_within,bookcorpus,bookcorpus,0.34115306538037793
pythia-70m,143000,real,final,fidelity_within_r,bookcorpus,bookcorpus,0.5840925147908
pythia-70m,143000,real,final,fidelity_within_insample,bookcorpus,bookcorpus,0.34258395267219777
pythia-70m,143000,real,final,reliability_ceiling,bookcorpus,bookcorpus,0.9634446153540122
pythia-70m,143000,real,final,triviality_ami_layer,bookcorpus,bookcorpus,0.33383729143201113
pythia-70m,143000,real,final,triviality_ami_dimension,bookcorpus,bookcorpus,-0.027170895744514794
pythia-70m,143000,real,final,triviality_ami_hubness,bookcorpus,bookcorpus,0.18183939714745143
pythia-70m,143000,real,final,triviality_n_effective_networks,bookcorpus,bookcorpus,100.0
pythia-70m,143000,real,final,triviality_entropy_effective_networks,bookcorpus,bookcorpus,67.86848873203998
pythia-70m,143000,real,final,triviality_median_max_membership,bookcorpus,bookcorpus,0.775
pythia-70m,143000,real,final,triviality_frac_confident,bookcorpus,bookcorpus,0.7930501302083334
pythia-70m,143000,real,(ceiling),fidelity_within,agnews,agnews,0.9808631454089375
pythia-70m,143000,real,(ceiling),fidelity_within_r,agnews,agnews,0.9904829128833993
pythia-70m,143000,real,final,reliability_within,agnews,agnews,0.9359334375241947
pythia-70m,143000,real,final,reliability_within_coassoc,agnews,agnews,0.9924873494942649
pythia-70m,143000,real,final,fidelity_within,agnews,agnews,0.360904411626189
pythia-70m,143000,real,final,fidelity_within_r,agnews,agnews,0.600779696850099
pythia-70m,143000,real,final,fidelity_within_insample,agnews,agnews,0.36360163879118834
pythia-70m,143000,real,final,reliability_ceiling,agnews,agnews,0.9596795702812387
pythia-70m,143000,real,final,triviality_ami_layer,agnews,agnews,0.3273854867120138
pythia-70m,143000,real,final,triviality_ami_dimension,agnews,agnews,-0.028785635397623344
pythia-70m,143000,real,final,triviality_ami_hubness,agnews,agnews,0.19314694617670042
pythia-70m,143000,real,final,triviality_n_effective_networks,agnews,agnews,100.0
pythia-70m,143000,real,final,triviality_entropy_effective_networks,agnews,agnews,66.13654370445798
pythia-70m,143000,real,final,triviality_median_max_membership,agnews,agnews,0.755
pythia-70m,143000,real,final,triviality_frac_confident,agnews,agnews,0.7862141927083334
pythia-70m,143000,real,(ceiling),fidelity_within,tldr17,tldr17,0.9695879140342177
pythia-70m,143000,real,(ceiling),fidelity_within_r,tldr17,tldr17,0.9849314014421885
pythia-70m,143000,real,final,reliability_within,tldr17,tldr17,0.9375567423410069
pythia-70m,143000,real,final,reliability_within_coassoc,tldr17,tldr17,0.9890822330507094
pythia-70m,143000,real,final,fidelity_within,tldr17,tldr17,0.34231932613403593
pythia-70m,143000,real,final,fidelity_within_r,tldr17,tldr17,0.5851304502945157
pythia-70m,143000,real,final,fidelity_within_insample,tldr17,tldr17,0.34480893777906607
pythia-70m,143000,real,final,reliability_ceiling,tldr17,tldr17,0.9617805215963623
pythia-70m,143000,real,final,triviality_ami_layer,tldr17,tldr17,0.33466333993236225
pythia-70m,143000,real,final,triviality_ami_dimension,tldr17,tldr17,-0.02917740500705614
pythia-70m,143000,real,final,triviality_ami_hubness,tldr17,tldr17,0.1918838433139659
pythia-70m,143000,real,final,triviality_n_effective_networks,tldr17,tldr17,100.0
pythia-70m,143000,real,final,triviality_entropy_effective_networks,tldr17,tldr17,65.69198913333115
pythia-70m,143000,real,final,triviality_median_max_membership,tldr17,tldr17,0.78
pythia-70m,143000,real,final,triviality_frac_confident,tldr17,tldr17,0.8199869791666666
pythia-70m,143000,real,(ceiling),fidelity_across_halves,wikitext,bookcorpus,0.7005683171745248
pythia-70m,143000,real,final,fidelity_across_halves,wikitext,bookcorpus,0.5096336430407429
pythia-70m,143000,real,final,reliability_across_halves,wikitext,bookcorpus,0.7599103379443984
pythia-70m,143000,real,(ceiling),fidelity_across_halves,wikitext,agnews,0.7754609557490421
pythia-70m,143000,real,final,fidelity_across_halves,wikitext,agnews,0.5580704419994358
pythia-70m,143000,real,final,reliability_across_halves,wikitext,agnews,0.8062107586359283
pythia-70m,143000,real,(ceiling),fidelity_across_halves,wikitext,tldr17,0.7244372484286516
pythia-70m,143000,real,final,fidelity_across_halves,wikitext,tldr17,0.5194261731320564
pythia-70m,143000,real,final,reliability_across_halves,wikitext,tldr17,0.782380203012523
pythia-70m,143000,real,(ceiling),fidelity_across_halves,bookcorpus,wikitext,0.7069334286070416
pythia-70m,143000,real,final,fidelity_across_halves,bookcorpus,wikitext,0.5230475298220647
pythia-70m,143000,real,final,reliability_across_halves,bookcorpus,wikitext,0.7612155746949134
pythia-70m,143000,real,(ceiling),fidelity_across_halves,bookcorpus,agnews,0.6599018255003889
pythia-70m,143000,real,final,fidelity_across_halves,bookcorpus,agnews,0.509049234489868
pythia-70m,143000,real,final,reliability_across_halves,bookcorpus,agnews,0.7532092768946158
pythia-70m,143000,real,(ceiling),fidelity_across_halves,bookcorpus,tldr17,0.7961927679180759
pythia-70m,143000,real,final,fidelity_across_halves,bookcorpus,tldr17,0.5352546366014826
pythia-70m,143000,real,final,reliability_across_halves,bookcorpus,tldr17,0.7740826217583023
pythia-70m,143000,real,(ceiling),fidelity_across_halves,agnews,wikitext,0.7753257916390381
pythia-70m,143000,real,final,fidelity_across_halves,agnews,wikitext,0.5555077011566911
pythia-70m,143000,real,final,reliability_across_halves,agnews,wikitext,0.8029277741911571
pythia-70m,143000,real,(ceiling),fidelity_across_halves,agnews,bookcorpus,0.6553198874972583
pythia-70m,143000,real,final,fidelity_across_halves,agnews,bookcorpus,0.494744014178629
pythia-70m,143000,real,final,reliability_across_halves,agnews,bookcorpus,0.7509241927502607
pythia-70m,143000,real,(ceiling),fidelity_across_halves,agnews,tldr17,0.7077587030793281
pythia-70m,143000,real,final,fidelity_across_halves,agnews,tldr17,0.5148717630598244
pythia-70m,143000,real,final,reliability_across_halves,agnews,tldr17,0.785034578455049
pythia-70m,143000,real,(ceiling),fidelity_across_halves,tldr17,wikitext,0.7313828037447684
pythia-70m,143000,real,final,fidelity_across_halves,tldr17,wikitext,0.5346781732148926
pythia-70m,143000,real,final,reliability_across_halves,tldr17,wikitext,0.7842097980951241
pythia-70m,143000,real,(ceiling),fidelity_across_halves,tldr17,bookcorpus,0.7921903214741407
pythia-70m,143000,real,final,fidelity_across_halves,tldr17,bookcorpus,0.5368080047410623
pythia-70m,143000,real,final,reliability_across_halves,tldr17,bookcorpus,0.7743967603824724
pythia-70m,143000,real,(ceiling),fidelity_across_halves,tldr17,agnews,0.7103167965583308
pythia-70m,143000,real,final,fidelity_across_halves,tldr17,agnews,0.5289789617606859
pythia-70m,143000,real,final,reliability_across_halves,tldr17,agnews,0.7872470946542398
pythia-70m,143000,null,(ceiling),fidelity_within,wikitext,wikitext,-0.8866044244546982
pythia-70m,143000,null,(ceiling),fidelity_within_r,wikitext,wikitext,0.05972980021943159
pythia-70m,143000,null,final,reliability_within,wikitext,wikitext,0.19615554238296481
pythia-70m,143000,null,final,reliability_within_coassoc,wikitext,wikitext,0.5305260656122673
pythia-70m,143000,null,final,fidelity_within,wikitext,wikitext,0.04946588244547756
pythia-70m,143000,null,final,fidelity_within_r,wikitext,wikitext,0.22259977883686446
pythia-70m,143000,null,final,fidelity_within_insample,wikitext,wikitext,0.05320003311091792
pythia-70m,143000,null,final,reliability_ceiling,wikitext,wikitext,0.6287072896510841
pythia-70m,143000,null,final,triviality_ami_layer,wikitext,wikitext,0.17822378116246468
pythia-70m,143000,null,final,triviality_ami_dimension,wikitext,wikitext,-0.0040564755495568795
pythia-70m,143000,null,final,triviality_ami_hubness,wikitext,wikitext,0.32162613059384193
pythia-70m,143000,null,final,triviality_n_effective_networks,wikitext,wikitext,100.0
pythia-70m,143000,null,final,triviality_entropy_effective_networks,wikitext,wikitext,79.97295958234582
pythia-70m,143000,null,final,triviality_median_max_membership,wikitext,wikitext,0.32
pythia-70m,143000,null,final,triviality_frac_confident,wikitext,wikitext,0.23030598958333334
pythia-70m,143000,null,(ceiling),fidelity_within,bookcorpus,bookcorpus,-0.9251564335163822
pythia-70m,143000,null,(ceiling),fidelity_within_r,bookcorpus,bookcorpus,0.029219157859930258
pythia-70m,143000,null,final,reliability_within,bookcorpus,bookcorpus,0.039483621368004644
pythia-70m,143000,null,final,reliability_within_coassoc,bookcorpus,bookcorpus,0.35719897135664763
pythia-70m,143000,null,final,fidelity_within,bookcorpus,bookcorpus,0.0264831832388418
pythia-70m,143000,null,final,fidelity_within_r,bookcorpus,bookcorpus,0.16311483014027578
pythia-70m,143000,null,final,fidelity_within_insample,bookcorpus,bookcorpus,0.023820555335747562
pythia-70m,143000,null,final,reliability_ceiling,bookcorpus,bookcorpus,0.20679085584730814
pythia-70m,143000,null,final,triviality_ami_layer,bookcorpus,bookcorpus,0.17961182434863324
pythia-70m,143000,null,final,triviality_ami_dimension,bookcorpus,bookcorpus,-0.0026778393440298615
pythia-70m,143000,null,final,triviality_ami_hubness,bookcorpus,bookcorpus,0.26167993147210594
pythia-70m,143000,null,final,triviality_n_effective_networks,bookcorpus,bookcorpus,100.0
pythia-70m,143000,null,final,triviality_entropy_effective_networks,bookcorpus,bookcorpus,75.74289662102562
pythia-70m,143000,null,final,triviality_median_max_membership,bookcorpus,bookcorpus,0.19
pythia-70m,143000,null,final,triviality_frac_confident,bookcorpus,bookcorpus,0.09798177083333333
pythia-70m,143000,null,(ceiling),fidelity_within,agnews,agnews,-0.962975631173892
pythia-70m,143000,null,(ceiling),fidelity_within_r,agnews,agnews,0.01900859832715537
pythia-70m,143000,null,final,reliability_within,agnews,agnews,0.03618890334594227
pythia-70m,143000,null,final,reliability_within_coassoc,agnews,agnews,0.28756982340881226
pythia-70m,143000,null,final,fidelity_within,agnews,agnews,0.014913363070572117
pythia-70m,143000,null,final,fidelity_within_r,agnews,agnews,0.12247189536738005
pythia-70m,143000,null,final,fidelity_within_insample,agnews,agnews,0.01733571049241922
pythia-70m,143000,null,final,reliability_ceiling,agnews,agnews,0.30700373193775676
pythia-70m,143000,null,final,triviality_ami_layer,agnews,agnews,0.17860925386877832
pythia-70m,143000,null,final,triviality_ami_dimension,agnews,agnews,-0.0017763315917413006
pythia-70m,143000,null,final,triviality_ami_hubness,agnews,agnews,0.23814023681017948
pythia-70m,143000,null,final,triviality_n_effective_networks,agnews,agnews,100.0
pythia-70m,143000,null,final,triviality_entropy_effective_networks,agnews,agnews,78.30554262117123
pythia-70m,143000,null,final,triviality_median_max_membership,agnews,agnews,0.2
pythia-70m,143000,null,final,triviality_frac_confident,agnews,agnews,0.13956705729166666
pythia-70m,143000,null,(ceiling),fidelity_within,tldr17,tldr17,-0.8702375505337603
pythia-70m,143000,null,(ceiling),fidelity_within_r,tldr17,tldr17,0.08583934878673574
pythia-70m,143000,null,final,reliability_within,tldr17,tldr17,0.21814896897365096
pythia-70m,143000,null,final,reliability_within_coassoc,tldr17,tldr17,0.5049024081744855
pythia-70m,143000,null,final,fidelity_within,tldr17,tldr17,0.05888430864277794
pythia-70m,143000,null,final,fidelity_within_r,tldr17,tldr17,0.24548784354894837
pythia-70m,143000,null,final,fidelity_within_insample,tldr17,tldr17,0.07517196613680877
pythia-70m,143000,null,final,reliability_ceiling,tldr17,tldr17,0.7444737877128254
pythia-70m,143000,null,final,triviality_ami_layer,tldr17,tldr17,0.18212542748723942
pythia-70m,143000,null,final,triviality_ami_dimension,tldr17,tldr17,-0.005650148988469047
pythia-70m,143000,null,final,triviality_ami_hubness,tldr17,tldr17,0.3389108256202022
pythia-70m,143000,null,final,triviality_n_effective_networks,tldr17,tldr17,100.0
pythia-70m,143000,null,final,triviality_entropy_effective_networks,tldr17,tldr17,73.8623389053986
pythia-70m,143000,null,final,triviality_median_max_membership,tldr17,tldr17,0.39
pythia-70m,143000,null,final,triviality_frac_confident,tldr17,tldr17,0.34521484375
pythia-70m,143000,null,(ceiling),fidelity_across_halves,wikitext,bookcorpus,0.020641775778204238
pythia-70m,143000,null,final,fidelity_across_halves,wikitext,bookcorpus,0.07574420244563836
pythia-70m,143000,null,final,reliability_across_halves,wikitext,bookcorpus,0.032125283667100706
pythia-70m,143000,null,(ceiling),fidelity_across_halves,wikitext,agnews,0.024966755565361032
pythia-70m,143000,null,final,fidelity_across_halves,wikitext,agnews,0.09337096689001104
pythia-70m,143000,null,final,reliability_across_halves,wikitext,agnews,0.04644019280931961
pythia-70m,143000,null,(ceiling),fidelity_across_halves,wikitext,tldr17,0.057520372901656076
pythia-70m,143000,null,final,fidelity_across_halves,wikitext,tldr17,0.2176684554856325
pythia-70m,143000,null,final,reliability_across_halves,wikitext,tldr17,0.14571245589278062
pythia-70m,143000,null,(ceiling),fidelity_across_halves,bookcorpus,wikitext,0.021572902922444667
pythia-70m,143000,null,final,fidelity_across_halves,bookcorpus,wikitext,0.11572615557526159
pythia-70m,143000,null,final,reliability_across_halves,bookcorpus,wikitext,0.03147169681538403
pythia-70m,143000,null,(ceiling),fidelity_across_halves,bookcorpus,agnews,0.0167885913080915
pythia-70m,143000,null,final,fidelity_across_halves,bookcorpus,agnews,0.09072684077068222
pythia-70m,143000,null,final,reliability_across_halves,bookcorpus,agnews,0.019433825516306315
pythia-70m,143000,null,(ceiling),fidelity_across_halves,bookcorpus,tldr17,0.02488439578774625
pythia-70m,143000,null,final,fidelity_across_halves,bookcorpus,tldr17,0.13528678262756738
pythia-70m,143000,null,final,reliability_across_halves,bookcorpus,tldr17,0.03718145017221768
pythia-70m,143000,null,(ceiling),fidelity_across_halves,agnews,wikitext,0.02519973095371577
pythia-70m,143000,null,final,fidelity_across_halves,agnews,wikitext,0.16707806330179506
pythia-70m,143000,null,final,reliability_across_halves,agnews,wikitext,0.04950878465528147
pythia-70m,143000,null,(ceiling),fidelity_across_halves,agnews,bookcorpus,0.018171898464482604
pythia-70m,143000,null,final,fidelity_across_halves,agnews,bookcorpus,0.11823075480004211
pythia-70m,143000,null,final,reliability_across_halves,agnews,bookcorpus,0.018919086926553103
pythia-70m,143000,null,(ceiling),fidelity_across_halves,agnews,tldr17,0.02702273166740385
pythia-70m,143000,null,final,fidelity_across_halves,agnews,tldr17,0.17767396367736019
pythia-70m,143000,null,final,reliability_across_halves,agnews,tldr17,0.04719913918001002
pythia-70m,143000,null,(ceiling),fidelity_across_halves,tldr17,wikitext,0.06074716101457512
pythia-70m,143000,null,final,fidelity_across_halves,tldr17,wikitext,0.1813104191394196
pythia-70m,143000,null,final,reliability_across_halves,tldr17,wikitext,0.14960137214026953
pythia-70m,143000,null,(ceiling),fidelity_across_halves,tldr17,bookcorpus,0.026600552751563564
pythia-70m,143000,null,final,fidelity_across_halves,tldr17,bookcorpus,0.07719713073138802
pythia-70m,143000,null,final,reliability_across_halves,tldr17,bookcorpus,0.037760549957369625
pythia-70m,143000,null,(ceiling),fidelity_across_halves,tldr17,agnews,0.02868327531305618
pythia-70m,143000,null,final,fidelity_across_halves,tldr17,agnews,0.08270614997316604
pythia-70m,143000,null,final,reliability_across_halves,tldr17,agnews,0.046051028510395324
pythia-70m,143000,pnull,final,reliability_within_coassoc,wikitext,wikitext,0.2620598496567397
pythia-70m,143000,pnull,final,reliability_within,wikitext,wikitext,0.09589738333045476
pythia-70m,143000,pnull,final,fidelity_within,wikitext,wikitext,0.21474015589903828
pythia-70m,143000,pnull,final,fidelity_within_r,wikitext,wikitext,0.46340714883200484
pythia-70m,143000,pnull,final,fidelity_within_insample,wikitext,wikitext,0.21544018949979515
pythia-70m,143000,pnull,final,triviality_ami_layer,wikitext,wikitext,0.17822378116246468
pythia-70m,143000,pnull,final,triviality_ami_dimension,wikitext,wikitext,-0.0040564755495568795
pythia-70m,143000,pnull,final,triviality_ami_hubness,wikitext,wikitext,0.15301836618593684
pythia-70m,143000,pnull,final,triviality_n_effective_networks,wikitext,wikitext,100.0
pythia-70m,143000,pnull,final,triviality_entropy_effective_networks,wikitext,wikitext,79.97295958234582
pythia-70m,143000,pnull,final,triviality_median_max_membership,wikitext,wikitext,0.32
pythia-70m,143000,pnull,final,triviality_frac_confident,wikitext,wikitext,0.23030598958333334
pythia-70m,143000,rand,final,reliability_within,wikitext,wikitext,-8.400174313018187e-05
pythia-70m,143000,rand,final,fidelity_within,wikitext,wikitext,0.0015204428663302405
pythia-70m,143000,rand,final,fidelity_within_r,wikitext,wikitext,0.039033043884567374
pythia-70m,143000,rand,final,fidelity_within_insample,wikitext,wikitext,0.0015389383335628892
pythia-70m,143000,rand,final,triviality_ami_layer,wikitext,wikitext,0.00011872634907386882
pythia-70m,143000,rand,final,triviality_ami_dimension,wikitext,wikitext,-0.0003306058318419001
pythia-70m,143000,rand,final,triviality_ami_hubness,wikitext,wikitext,0.000278987205484259
pythia-70m,143000,rand,final,triviality_n_effective_networks,wikitext,wikitext,100.0
pythia-70m,143000,rand,final,triviality_entropy_effective_networks,wikitext,wikitext,99.65527943369183
pythia-70m,143000,rand,final,triviality_median_max_membership,wikitext,wikitext,1.0
pythia-70m,143000,rand,final,triviality_frac_confident,wikitext,wikitext,1.0
pythia-70m,143000,pnull,final,reliability_within_coassoc,bookcorpus,bookcorpus,0.09190639931074052
pythia-70m,143000,pnull,final,reliability_within,bookcorpus,bookcorpus,0.022522640251159173
pythia-70m,143000,pnull,final,fidelity_within,bookcorpus,bookcorpus,0.21706282083800843
pythia-70m,143000,pnull,final,fidelity_within_r,bookcorpus,bookcorpus,0.4659052348679664
pythia-70m,143000,pnull,final,fidelity_within_insample,bookcorpus,bookcorpus,0.21725548882528845
pythia-70m,143000,pnull,final,triviality_ami_layer,bookcorpus,bookcorpus,0.17961182434863324
pythia-70m,143000,pnull,final,triviality_ami_dimension,bookcorpus,bookcorpus,-0.0026778393440298615
pythia-70m,143000,pnull,final,triviality_ami_hubness,bookcorpus,bookcorpus,0.15415595079229444
pythia-70m,143000,pnull,final,triviality_n_effective_networks,bookcorpus,bookcorpus,100.0
pythia-70m,143000,pnull,final,triviality_entropy_effective_networks,bookcorpus,bookcorpus,75.74289662102562
pythia-70m,143000,pnull,final,triviality_median_max_membership,bookcorpus,bookcorpus,0.19
pythia-70m,143000,pnull,final,triviality_frac_confident,bookcorpus,bookcorpus,0.09798177083333333
pythia-70m,143000,rand,final,reliability_within,bookcorpus,bookcorpus,-3.587485258391124e-05
pythia-70m,143000,rand,final,fidelity_within,bookcorpus,bookcorpus,0.0014707170141348147
pythia-70m,143000,rand,final,fidelity_within_r,bookcorpus,bookcorpus,0.03838280093689866
pythia-70m,143000,rand,final,fidelity_within_insample,bookcorpus,bookcorpus,0.0014910265189663763
pythia-70m,143000,rand,final,triviality_ami_layer,bookcorpus,bookcorpus,-0.0001546005848497963
pythia-70m,143000,rand,final,triviality_ami_dimension,bookcorpus,bookcorpus,-0.00035047632744764214
pythia-70m,143000,rand,final,triviality_ami_hubness,bookcorpus,bookcorpus,0.0004372625024874914
pythia-70m,143000,rand,final,triviality_n_effective_networks,bookcorpus,bookcorpus,100.0
pythia-70m,143000,rand,final,triviality_entropy_effective_networks,bookcorpus,bookcorpus,99.49391230693601
pythia-70m,143000,rand,final,triviality_median_max_membership,bookcorpus,bookcorpus,1.0
pythia-70m,143000,rand,final,triviality_frac_confident,bookcorpus,bookcorpus,1.0
pythia-70m,143000,pnull,final,reliability_within_coassoc,agnews,agnews,0.1380882398189414
pythia-70m,143000,pnull,final,reliability_within,agnews,agnews,0.03593963703514927
pythia-70m,143000,pnull,final,fidelity_within,agnews,agnews,0.21332102001379283
pythia-70m,143000,pnull,final,fidelity_within_r,agnews,agnews,0.4618857527146606
pythia-70m,143000,pnull,final,fidelity_within_insample,agnews,agnews,0.2140759327112962
pythia-70m,143000,pnull,final,triviality_ami_layer,agnews,agnews,0.17860925386877832
pythia-70m,143000,pnull,final,triviality_ami_dimension,agnews,agnews,-0.0017763315917413006
pythia-70m,143000,pnull,final,triviality_ami_hubness,agnews,agnews,0.14657334243009876
pythia-70m,143000,pnull,final,triviality_n_effective_networks,agnews,agnews,100.0
pythia-70m,143000,pnull,final,triviality_entropy_effective_networks,agnews,agnews,78.30554262117123
pythia-70m,143000,pnull,final,triviality_median_max_membership,agnews,agnews,0.2
pythia-70m,143000,pnull,final,triviality_frac_confident,agnews,agnews,0.13956705729166666
pythia-70m,143000,rand,final,reliability_within,agnews,agnews,0.00012233863283898948
pythia-70m,143000,rand,final,fidelity_within,agnews,agnews,0.0016847497529554056
pythia-70m,143000,rand,final,fidelity_within_r,agnews,agnews,0.041174267509643016
pythia-70m,143000,rand,final,fidelity_within_insample,agnews,agnews,0.0017155542239550847
pythia-70m,143000,rand,final,triviality_ami_layer,agnews,agnews,-1.0400218675097702e-05
pythia-70m,143000,rand,final,triviality_ami_dimension,agnews,agnews,-0.0006017366849156746
pythia-70m,143000,rand,final,triviality_ami_hubness,agnews,agnews,0.0006676380788055022
pythia-70m,143000,rand,final,triviality_n_effective_networks,agnews,agnews,100.0
pythia-70m,143000,rand,final,triviality_entropy_effective_networks,agnews,agnews,99.58778207722416
pythia-70m,143000,rand,final,triviality_median_max_membership,agnews,agnews,1.0
pythia-70m,143000,rand,final,triviality_frac_confident,agnews,agnews,1.0
pythia-70m,143000,pnull,final,reliability_within_coassoc,tldr17,tldr17,0.28853458143626304
pythia-70m,143000,pnull,final,reliability_within,tldr17,tldr17,0.13812237027900143
pythia-70m,143000,pnull,final,fidelity_within,tldr17,tldr17,0.21272284072384307
pythia-70m,143000,pnull,final,fidelity_within_r,tldr17,tldr17,0.46128585712921527
pythia-70m,143000,pnull,final,fidelity_within_insample,tldr17,tldr17,0.21574232441558328
pythia-70m,143000,pnull,final,triviality_ami_layer,tldr17,tldr17,0.18212542748723942
pythia-70m,143000,pnull,final,triviality_ami_dimension,tldr17,tldr17,-0.005650148988469047
pythia-70m,143000,pnull,final,triviality_ami_hubness,tldr17,tldr17,0.15675827869769016
pythia-70m,143000,pnull,final,triviality_n_effective_networks,tldr17,tldr17,100.0
pythia-70m,143000,pnull,final,triviality_entropy_effective_networks,tldr17,tldr17,73.8623389053986
pythia-70m,143000,pnull,final,triviality_median_max_membership,tldr17,tldr17,0.39
pythia-70m,143000,pnull,final,triviality_frac_confident,tldr17,tldr17,0.34521484375
pythia-70m,143000,rand,final,reliability_within,tldr17,tldr17,0.00013655252431662326
pythia-70m,143000,rand,final,fidelity_within,tldr17,tldr17,0.0014370799030433146
pythia-70m,143000,rand,final,fidelity_within_r,tldr17,tldr17,0.038196610843434876
pythia-70m,143000,rand,final,fidelity_within_insample,tldr17,tldr17,0.001508231736768062
pythia-70m,143000,rand,final,triviality_ami_layer,tldr17,tldr17,0.000474331363252503
pythia-70m,143000,rand,final,triviality_ami_dimension,tldr17,tldr17,2.566747306591322e-05
pythia-70m,143000,rand,final,triviality_ami_hubness,tldr17,tldr17,0.000224168315983784
pythia-70m,143000,rand,final,triviality_n_effective_networks,tldr17,tldr17,100.0
pythia-70m,143000,rand,final,triviality_entropy_effective_networks,tldr17,tldr17,99.68282162958437
pythia-70m,143000,rand,final,triviality_median_max_membership,tldr17,tldr17,1.0
pythia-70m,143000,rand,final,triviality_frac_confident,tldr17,tldr17,1.0
pythia-70m,143000,pnull,final,fidelity_across_halves,wikitext,bookcorpus,0.4519475578531323
pythia-70m,143000,pnull,final,reliability_across_halves,wikitext,bookcorpus,0.06097875396908904
pythia-70m,143000,rand,final,fidelity_across_halves,wikitext,bookcorpus,0.03246944676306783
pythia-70m,143000,rand,final,reliability_across_halves,wikitext,bookcorpus,-9.115028975031899e-05
pythia-70m,143000,pnull,final,fidelity_across_halves,wikitext,agnews,0.4544080424507374
pythia-70m,143000,pnull,final,reliability_across_halves,wikitext,agnews,0.06934879243960182
pythia-70m,143000,rand,final,fidelity_across_halves,wikitext,agnews,0.03531789698332304
pythia-70m,143000,rand,final,reliability_across_halves,wikitext,agnews,9.136936811493078e-05
pythia-70m,143000,pnull,final,fidelity_across_halves,wikitext,tldr17,0.4471698468442761
pythia-70m,143000,pnull,final,reliability_across_halves,wikitext,tldr17,0.12424447489501572
pythia-70m,143000,rand,final,fidelity_across_halves,wikitext,tldr17,0.03281553241849531
pythia-70m,143000,rand,final,reliability_across_halves,wikitext,tldr17,7.56407893533867e-05
pythia-70m,143000,pnull,final,fidelity_across_halves,bookcorpus,wikitext,0.44487098105107187
pythia-70m,143000,pnull,final,reliability_across_halves,bookcorpus,wikitext,0.05269448287026797
pythia-70m,143000,rand,final,fidelity_across_halves,bookcorpus,wikitext,0.0360445164626333
pythia-70m,143000,rand,final,reliability_across_halves,bookcorpus,wikitext,-0.00010210812299398137
pythia-70m,143000,pnull,final,fidelity_across_halves,bookcorpus,agnews,0.4397980042662497
pythia-70m,143000,pnull,final,reliability_across_halves,bookcorpus,agnews,0.027418561949196923
pythia-70m,143000,rand,final,fidelity_across_halves,bookcorpus,agnews,0.039223050815628616
pythia-70m,143000,rand,final,reliability_across_halves,bookcorpus,agnews,5.628015947683472e-05
pythia-70m,143000,pnull,final,fidelity_across_halves,bookcorpus,tldr17,0.45240341057350003
pythia-70m,143000,pnull,final,reliability_across_halves,bookcorpus,tldr17,0.0812530068323343
pythia-70m,143000,rand,final,fidelity_across_halves,bookcorpus,tldr17,0.037268965603100064
pythia-70m,143000,rand,final,reliability_across_halves,bookcorpus,tldr17,3.7351994456157763e-05
pythia-70m,143000,pnull,final,fidelity_across_halves,agnews,wikitext,0.45007709416018804
pythia-70m,143000,pnull,final,reliability_across_halves,agnews,wikitext,0.06178198791121629
pythia-70m,143000,rand,final,fidelity_across_halves,agnews,wikitext,0.04114051019098944
pythia-70m,143000,rand,final,reliability_across_halves,agnews,wikitext,-3.498318730290686e-05
pythia-70m,143000,pnull,final,fidelity_across_halves,agnews,bookcorpus,0.4400646156007015
pythia-70m,143000,pnull,final,reliability_across_halves,agnews,bookcorpus,0.02807579869865099
pythia-70m,143000,rand,final,fidelity_across_halves,agnews,bookcorpus,0.03642525084289615
pythia-70m,143000,rand,final,reliability_across_halves,agnews,bookcorpus,-5.4553970805644056e-05
pythia-70m,143000,pnull,final,fidelity_across_halves,agnews,tldr17,0.44097121750509005
pythia-70m,143000,pnull,final,reliability_across_halves,agnews,tldr17,0.09090602254831422
pythia-70m,143000,rand,final,fidelity_across_halves,agnews,tldr17,0.03583214000048055
pythia-70m,143000,rand,final,reliability_across_halves,agnews,tldr17,7.257233631450918e-05
pythia-70m,143000,pnull,final,fidelity_across_halves,tldr17,wikitext,0.44763820510073427
pythia-70m,143000,pnull,final,reliability_across_halves,tldr17,wikitext,0.10754902984910983
pythia-70m,143000,rand,final,fidelity_across_halves,tldr17,wikitext,0.03636987885750551
pythia-70m,143000,rand,final,reliability_across_halves,tldr17,wikitext,-9.856990645460807e-05
pythia-70m,143000,pnull,final,fidelity_across_halves,tldr17,bookcorpus,0.4573911685309644
pythia-70m,143000,pnull,final,reliability_across_halves,tldr17,bookcorpus,0.07339756861524377
pythia-70m,143000,rand,final,fidelity_across_halves,tldr17,bookcorpus,0.03605588817008835
pythia-70m,143000,rand,final,reliability_across_halves,tldr17,bookcorpus,-5.014128067825926e-05
pythia-70m,143000,pnull,final,fidelity_across_halves,tldr17,agnews,0.44565857602311887
pythia-70m,143000,pnull,final,reliability_across_halves,tldr17,agnews,0.0819640514079208
pythia-70m,143000,rand,final,fidelity_across_halves,tldr17,agnews,0.038432229899719506
pythia-70m,143000,rand,final,reliability_across_halves,tldr17,agnews,4.099001829454325e-05
