tree,variant,metric,fit,eval,value
real,(ceiling),fidelity_within,wikitext,wikitext,0.9747874897582266
real,(ceiling),fidelity_within_r,wikitext,wikitext,0.9873717009599972
real,vmf_pca100_lloyd100,reliability_within,wikitext,wikitext,0.6021268615104063
real,vmf_pca100_lloyd100,reliability_within_coassoc,wikitext,wikitext,0.9105308483221011
real,vmf_pca100_lloyd100,fidelity_within,wikitext,wikitext,0.21680547756762092
real,vmf_pca100_lloyd100,fidelity_within_r,wikitext,wikitext,0.4656251087496628
real,vmf_pca100_lloyd100,fidelity_within_insample,wikitext,wikitext,0.21658782589449832
real,vmf_pca100_lloyd100,reliability_ceiling,wikitext,wikitext,0.6621551216846191
real,vmf_pca100_lloyd100,triviality_ami_layer,wikitext,wikitext,0.1417464367449989
real,vmf_pca100_lloyd100,triviality_ami_dimension,wikitext,wikitext,-0.0015126283242027666
real,vmf_pca100_lloyd100,triviality_ami_hubness,wikitext,wikitext,0.07886596148053698
real,vmf_pca100_lloyd100,triviality_n_effective_networks,wikitext,wikitext,100.0
real,vmf_pca100_lloyd100,triviality_entropy_effective_networks,wikitext,wikitext,90.67090059738585
real,vmf_pca100_lloyd100,triviality_median_max_membership,wikitext,wikitext,0.625
real,vmf_pca100_lloyd100,triviality_frac_confident,wikitext,wikitext,0.667167467948718
real,vmf_pca100_lloyd100_bm_degree,reliability_within,wikitext,wikitext,0.3894705392912987
real,vmf_pca100_lloyd100_bm_degree,reliability_within_coassoc,wikitext,wikitext,0.9105308483221011
real,vmf_pca100_lloyd100_bm_degree,fidelity_within,wikitext,wikitext,0.31478090572154616
real,vmf_pca100_lloyd100_bm_degree,fidelity_within_r,wikitext,wikitext,0.5610584356352577
real,vmf_pca100_lloyd100_bm_degree,fidelity_within_insample,wikitext,wikitext,0.3133094380107898
real,vmf_pca100_lloyd100_bm_degree,reliability_ceiling,wikitext,wikitext,0.5368006278000772
real,vmf_pca100_lloyd100_bm_degree,triviality_ami_layer,wikitext,wikitext,0.14748831004858434
real,vmf_pca100_lloyd100_bm_degree,triviality_ami_dimension,wikitext,wikitext,-5.043390904261424e-05
real,vmf_pca100_lloyd100_bm_degree,triviality_ami_hubness,wikitext,wikitext,0.1406359530797887
real,vmf_pca100_lloyd100_bm_degree,triviality_n_effective_networks,wikitext,wikitext,100.0
real,vmf_pca100_lloyd100_bm_degree,triviality_entropy_effective_networks,wikitext,wikitext,72.8558502170829
real,vmf_pca100_lloyd100_bm_degree,triviality_median_max_membership,wikitext,wikitext,1.0
real,vmf_pca100_lloyd100_bm_degree,triviality_frac_confident,wikitext,wikitext,1.0
real,vmf_pca100_lloyd100_bm_double,reliability_within,wikitext,wikitext,0.5542866016359814
real,vmf_pca100_lloyd100_bm_double,reliability_within_coassoc,wikitext,wikitext,0.9105308483221011
real,vmf_pca100_lloyd100_bm_double,fidelity_within,wikitext,wikitext,0.3425413009649282
real,vmf_pca100_lloyd100_bm_double,fidelity_within_r,wikitext,wikitext,0.585275249004545
real,vmf_pca100_lloyd100_bm_double,fidelity_within_insample,wikitext,wikitext,0.34102203902533035
real,vmf_pca100_lloyd100_bm_double,reliability_ceiling,wikitext,wikitext,0.5482563763617672
real,vmf_pca100_lloyd100_bm_double,triviality_ami_layer,wikitext,wikitext,0.14508832916583647
real,vmf_pca100_lloyd100_bm_double,triviality_ami_dimension,wikitext,wikitext,0.0008377853900992171
real,vmf_pca100_lloyd100_bm_double,triviality_ami_hubness,wikitext,wikitext,0.1880867505782669
real,vmf_pca100_lloyd100_bm_double,triviality_n_effective_networks,wikitext,wikitext,100.0
real,vmf_pca100_lloyd100_bm_double,triviality_entropy_effective_networks,wikitext,wikitext,73.8205196894537
real,vmf_pca100_lloyd100_bm_double,triviality_median_max_membership,wikitext,wikitext,1.0
real,vmf_pca100_lloyd100_bm_double,triviality_frac_confident,wikitext,wikitext,1.0
real,vmf_pca100_lloyd100_bm_raw,reliability_within,wikitext,wikitext,0.43127971701093215
real,vmf_pca100_lloyd100_bm_raw,reliability_within_coassoc,wikitext,wikitext,0.9105308483221011
real,vmf_pca100_lloyd100_bm_raw,fidelity_within,wikitext,wikitext,0.36984039794263457
real,vmf_pca100_lloyd100_bm_raw,fidelity_within_r,wikitext,wikitext,0.6081486461596617
real,vmf_pca100_lloyd100_bm_raw,fidelity_within_insample,wikitext,wikitext,0.3687018932627375
real,vmf_pca100_lloyd100_bm_raw,reliability_ceiling,wikitext,wikitext,0.4723118574438347
real,vmf_pca100_lloyd100_bm_raw,triviality_ami_layer,wikitext,wikitext,0.13642864831800633
real,vmf_pca100_lloyd100_bm_raw,triviality_ami_dimension,wikitext,wikitext,-0.00015953551679909943
real,vmf_pca100_lloyd100_bm_raw,triviality_ami_hubness,wikitext,wikitext,0.3633539582426825
real,vmf_pca100_lloyd100_bm_raw,triviality_n_effective_networks,wikitext,wikitext,100.0
real,vmf_pca100_lloyd100_bm_raw,triviality_entropy_effective_networks,wikitext,wikitext,75.86664439048272
real,vmf_pca100_lloyd100_bm_raw,triviality_median_max_membership,wikitext,wikitext,1.0
real,vmf_pca100_lloyd100_bm_raw,triviality_frac_confident,wikitext,wikitext,1.0
real,vmf_pca100_lloyd100_coassoc,reliability_within,wikitext,wikitext,0.6094394732148206
real,vmf_pca100_lloyd100_coassoc,reliability_within_coassoc,wikitext,wikitext,0.9105308483221011
real,vmf_pca100_lloyd100_coassoc,fidelity_within,wikitext,wikitext,0.20911528612969277
real,vmf_pca100_lloyd100_coassoc,fidelity_within_r,wikitext,wikitext,0.45729211795412555
real,vmf_pca100_lloyd100_coassoc,fidelity_within_insample,wikitext,wikitext,0.20910254395661476
real,vmf_pca100_lloyd100_coassoc,reliability_ceiling,wikitext,wikitext,0.6732584574973061
real,vmf_pca100_lloyd100_coassoc,triviality_ami_layer,wikitext,wikitext,0.13965569211916262
real,vmf_pca100_lloyd100_coassoc,triviality_ami_dimension,wikitext,wikitext,-0.0010016140743289688
real,vmf_pca100_lloyd100_coassoc,triviality_ami_hubness,wikitext,wikitext,0.07767116526812892
real,vmf_pca100_lloyd100_coassoc,triviality_n_effective_networks,wikitext,wikitext,100.0
real,vmf_pca100_lloyd100_coassoc,triviality_entropy_effective_networks,wikitext,wikitext,81.31243880462551
real,vmf_pca100_lloyd100_coassoc,triviality_median_max_membership,wikitext,wikitext,1.0
real,vmf_pca100_lloyd100_coassoc,triviality_frac_confident,wikitext,wikitext,1.0
real,vmf_pca100_lloyd100_coassoc_bm_degree,reliability_within,wikitext,wikitext,0.42849338963469513
real,vmf_pca100_lloyd100_coassoc_bm_degree,reliability_within_coassoc,wikitext,wikitext,0.9105308483221011
real,vmf_pca100_lloyd100_coassoc_bm_degree,fidelity_within,wikitext,wikitext,0.3134558499868709
real,vmf_pca100_lloyd100_coassoc_bm_degree,fidelity_within_r,wikitext,wikitext,0.5598770694790068
real,vmf_pca100_lloyd100_coassoc_bm_degree,fidelity_within_insample,wikitext,wikitext,0.3117990501944591
real,vmf_pca100_lloyd100_coassoc_bm_degree,reliability_ceiling,wikitext,wikitext,0.426311379570648
real,vmf_pca100_lloyd100_coassoc_bm_degree,triviality_ami_layer,wikitext,wikitext,0.14777473829142346
real,vmf_pca100_lloyd100_coassoc_bm_degree,triviality_ami_dimension,wikitext,wikitext,0.0002606815490748351
real,vmf_pca100_lloyd100_coassoc_bm_degree,triviality_ami_hubness,wikitext,wikitext,0.13726397745573504
real,vmf_pca100_lloyd100_coassoc_bm_degree,triviality_n_effective_networks,wikitext,wikitext,100.0
real,vmf_pca100_lloyd100_coassoc_bm_degree,triviality_entropy_effective_networks,wikitext,wikitext,74.50277597462426
real,vmf_pca100_lloyd100_coassoc_bm_degree,triviality_median_max_membership,wikitext,wikitext,1.0
real,vmf_pca100_lloyd100_coassoc_bm_degree,triviality_frac_confident,wikitext,wikitext,1.0
real,vmf_pca100_lloyd100_n200,reliability_within,wikitext,wikitext,0.6468728670448705
real,vmf_pca100_lloyd100_n200,reliability_within_coassoc,wikitext,wikitext,0.9383891690819879
real,vmf_pca100_lloyd100_n200,fidelity_within,wikitext,wikitext,0.2180726151513035
real,vmf_pca100_lloyd100_n200,fidelity_within_r,wikitext,wikitext,0.4669835553178942
real,vmf_pca100_lloyd100_n200,fidelity_within_insample,wikitext,wikitext,0.21796201172609675
real,vmf_pca100_lloyd100_n200,reliability_ceiling,wikitext,wikitext,0.7642164464537902
real,vmf_pca100_lloyd100_n200,triviality_ami_layer,wikitext,wikitext,0.1415000184787547
real,vmf_pca100_lloyd100_n200,triviality_ami_dimension,wikitext,wikitext,-0.0015893844543692145
real,vmf_pca100_lloyd100_n200,triviality_ami_hubness,wikitext,wikitext,0.07844249906831056
real,vmf_pca100_lloyd100_n200,triviality_n_effective_networks,wikitext,wikitext,100.0
real,vmf_pca100_lloyd100_n200,triviality_entropy_effective_networks,wikitext,wikitext,91.56092084766057
real,vmf_pca100_lloyd100_n200,triviality_median_max_membership,wikitext,wikitext,0.62
real,vmf_pca100_lloyd100_n200,triviality_frac_confident,wikitext,wikitext,0.6732772435897436
real,vmf_pca100_lloyd100_n200_coassoc,reliability_within,wikitext,wikitext,0.629316415812885
real,vmf_pca100_lloyd100_n200_coassoc,reliability_within_coassoc,wikitext,wikitext,0.9383891690819879
real,vmf_pca100_lloyd100_n200_coassoc,fidelity_within,wikitext,wikitext,0.2053563594518636
real,vmf_pca100_lloyd100_n200_coassoc,fidelity_within_r,wikitext,wikitext,0.453163213703687
real,vmf_pca100_lloyd100_n200_coassoc,fidelity_within_insample,wikitext,wikitext,0.20548225527711783
real,vmf_pca100_lloyd100_n200_coassoc,reliability_ceiling,wikitext,wikitext,0.7605016341766418
real,vmf_pca100_lloyd100_n200_coassoc,triviality_ami_layer,wikitext,wikitext,0.14060706876787793
real,vmf_pca100_lloyd100_n200_coassoc,triviality_ami_dimension,wikitext,wikitext,-0.0007982840955158586
real,vmf_pca100_lloyd100_n200_coassoc,triviality_ami_hubness,wikitext,wikitext,0.07675212078415812
real,vmf_pca100_lloyd100_n200_coassoc,triviality_n_effective_networks,wikitext,wikitext,100.0
real,vmf_pca100_lloyd100_n200_coassoc,triviality_entropy_effective_networks,wikitext,wikitext,81.1863828512074
real,vmf_pca100_lloyd100_n200_coassoc,triviality_median_max_membership,wikitext,wikitext,1.0
real,vmf_pca100_lloyd100_n200_coassoc,triviality_frac_confident,wikitext,wikitext,1.0
real,vmf_pca100_lloyd200,reliability_within,wikitext,wikitext,0.5179882666815632
real,vmf_pca100_lloyd200,reliability_within_coassoc,wikitext,wikitext,0.9060099056007123
real,vmf_pca100_lloyd200,fidelity_within,wikitext,wikitext,0.2520333039838927
real,vmf_pca100_lloyd200,fidelity_within_r,wikitext,wikitext,0.5020298348508546
real,vmf_pca100_lloyd200,fidelity_within_insample,wikitext,wikitext,0.25219077310333626
real,vmf_pca100_lloyd200,reliability_ceiling,wikitext,wikitext,0.5580987187875727
real,vmf_pca100_lloyd200,triviality_ami_layer,wikitext,wikitext,0.14256325664649758
real,vmf_pca100_lloyd200,triviality_ami_dimension,wikitext,wikitext,-0.00011218005750033685
real,vmf_pca100_lloyd200,triviality_ami_hubness,wikitext,wikitext,0.08318401361950002
real,vmf_pca100_lloyd200,triviality_n_effective_networks,wikitext,wikitext,200.0
real,vmf_pca100_lloyd200,triviality_entropy_effective_networks,wikitext,wikitext,182.66569915223292
real,vmf_pca100_lloyd200,triviality_median_max_membership,wikitext,wikitext,0.525
real,vmf_pca100_lloyd200,triviality_frac_confident,wikitext,wikitext,0.5253405448717948
real,vmf_pca100_lloyd200_bm_degree,reliability_within,wikitext,wikitext,0.3875821010718321
real,vmf_pca100_lloyd200_bm_degree,reliability_within_coassoc,wikitext,wikitext,0.9060099056007123
real,vmf_pca100_lloyd200_bm_degree,fidelity_within,wikitext,wikitext,0.3489049274274002
real,vmf_pca100_lloyd200_bm_degree,fidelity_within_r,wikitext,wikitext,0.5906853136913447
real,vmf_pca100_lloyd200_bm_degree,fidelity_within_insample,wikitext,wikitext,0.3478074660960675
real,vmf_pca100_lloyd200_bm_degree,reliability_ceiling,wikitext,wikitext,0.43479024596557897
real,vmf_pca100_lloyd200_bm_degree,triviality_ami_layer,wikitext,wikitext,0.1448501510785668
real,vmf_pca100_lloyd200_bm_degree,triviality_ami_dimension,wikitext,wikitext,2.4301318006748728e-05
real,vmf_pca100_lloyd200_bm_degree,triviality_ami_hubness,wikitext,wikitext,0.1387954036995022
real,vmf_pca100_lloyd200_bm_degree,triviality_n_effective_networks,wikitext,wikitext,200.0
real,vmf_pca100_lloyd200_bm_degree,triviality_entropy_effective_networks,wikitext,wikitext,161.2655300577974
real,vmf_pca100_lloyd200_bm_degree,triviality_median_max_membership,wikitext,wikitext,1.0
real,vmf_pca100_lloyd200_bm_degree,triviality_frac_confident,wikitext,wikitext,1.0
real,vmf_pca100_lloyd50,reliability_within,wikitext,wikitext,0.6600240281876701
real,vmf_pca100_lloyd50,reliability_within_coassoc,wikitext,wikitext,0.9185299413791629
real,vmf_pca100_lloyd50,fidelity_within,wikitext,wikitext,0.18121007038833936
real,vmf_pca100_lloyd50,fidelity_within_r,wikitext,wikitext,0.4256886159163348
real,vmf_pca100_lloyd50,fidelity_within_insample,wikitext,wikitext,0.1811809440634945
real,vmf_pca100_lloyd50,reliability_ceiling,wikitext,wikitext,0.6987894352731554
real,vmf_pca100_lloyd50,triviality_ami_layer,wikitext,wikitext,0.1444237489498125
real,vmf_pca100_lloyd50,triviality_ami_dimension,wikitext,wikitext,-0.002146031300591092
real,vmf_pca100_lloyd50,triviality_ami_hubness,wikitext,wikitext,0.07603686516571748
real,vmf_pca100_lloyd50,triviality_n_effective_networks,wikitext,wikitext,50.0
real,vmf_pca100_lloyd50,triviality_entropy_effective_networks,wikitext,wikitext,44.88731895883839
real,vmf_pca100_lloyd50,triviality_median_max_membership,wikitext,wikitext,0.725
real,vmf_pca100_lloyd50,triviality_frac_confident,wikitext,wikitext,0.7919671474358975
real,vmf_pca100_lloyd50_bm_degree,reliability_within,wikitext,wikitext,0.530206862521196
real,vmf_pca100_lloyd50_bm_degree,reliability_within_coassoc,wikitext,wikitext,0.9185299413791629
real,vmf_pca100_lloyd50_bm_degree,fidelity_within,wikitext,wikitext,0.27144413957331515
real,vmf_pca100_lloyd50_bm_degree,fidelity_within_r,wikitext,wikitext,0.5210103723705847
real,vmf_pca100_lloyd50_bm_degree,fidelity_within_insample,wikitext,wikitext,0.26959525945184315
real,vmf_pca100_lloyd50_bm_degree,reliability_ceiling,wikitext,wikitext,0.43396440563470506
real,vmf_pca100_lloyd50_bm_degree,triviality_ami_layer,wikitext,wikitext,0.15542496948701248
real,vmf_pca100_lloyd50_bm_degree,triviality_ami_dimension,wikitext,wikitext,-0.001056215220352378
real,vmf_pca100_lloyd50_bm_degree,triviality_ami_hubness,wikitext,wikitext,0.13001374089241974
real,vmf_pca100_lloyd50_bm_degree,triviality_n_effective_networks,wikitext,wikitext,50.0
real,vmf_pca100_lloyd50_bm_degree,triviality_entropy_effective_networks,wikitext,wikitext,36.28793810034893
real,vmf_pca100_lloyd50_bm_degree,triviality_median_max_membership,wikitext,wikitext,1.0
real,vmf_pca100_lloyd50_bm_degree,triviality_frac_confident,wikitext,wikitext,1.0
real,vmf_sparse_pca100_lloyd100,reliability_within,wikitext,wikitext,0.6279814514511584
real,vmf_sparse_pca100_lloyd100,reliability_within_coassoc,wikitext,wikitext,0.910214195923306
real,vmf_sparse_pca100_lloyd100,fidelity_within,wikitext,wikitext,0.20977579411480574
real,vmf_sparse_pca100_lloyd100,fidelity_within_r,wikitext,wikitext,0.4580135851894514
real,vmf_sparse_pca100_lloyd100,fidelity_within_insample,wikitext,wikitext,0.20984381855464418
real,vmf_sparse_pca100_lloyd100,reliability_ceiling,wikitext,wikitext,0.6876582391419507
real,vmf_sparse_pca100_lloyd100,triviality_ami_layer,wikitext,wikitext,0.13704093609395007
real,vmf_sparse_pca100_lloyd100,triviality_ami_dimension,wikitext,wikitext,-0.0009893573253244234
real,vmf_sparse_pca100_lloyd100,triviality_ami_hubness,wikitext,wikitext,0.07583028246294286
real,vmf_sparse_pca100_lloyd100,triviality_n_effective_networks,wikitext,wikitext,100.0
real,vmf_sparse_pca100_lloyd100,triviality_entropy_effective_networks,wikitext,wikitext,90.8763359219588
real,vmf_sparse_pca100_lloyd100,triviality_median_max_membership,wikitext,wikitext,0.675
real,vmf_sparse_pca100_lloyd100,triviality_frac_confident,wikitext,wikitext,0.7014222756410257
real,vmf_sparse_pca100_lloyd100_bm_degree,reliability_within,wikitext,wikitext,0.41001239323533806
real,vmf_sparse_pca100_lloyd100_bm_degree,reliability_within_coassoc,wikitext,wikitext,0.910214195923306
real,vmf_sparse_pca100_lloyd100_bm_degree,fidelity_within,wikitext,wikitext,0.3143147170555738
real,vmf_sparse_pca100_lloyd100_bm_degree,fidelity_within_r,wikitext,wikitext,0.5606435059296576
real,vmf_sparse_pca100_lloyd100_bm_degree,fidelity_within_insample,wikitext,wikitext,0.31267029134270974
real,vmf_sparse_pca100_lloyd100_bm_degree,reliability_ceiling,wikitext,wikitext,0.44967113555333527
real,vmf_sparse_pca100_lloyd100_bm_degree,triviality_ami_layer,wikitext,wikitext,0.14862268239026127
real,vmf_sparse_pca100_lloyd100_bm_degree,triviality_ami_dimension,wikitext,wikitext,-0.00035154900302212166
real,vmf_sparse_pca100_lloyd100_bm_degree,triviality_ami_hubness,wikitext,wikitext,0.1358199670773956
real,vmf_sparse_pca100_lloyd100_bm_degree,triviality_n_effective_networks,wikitext,wikitext,100.0
real,vmf_sparse_pca100_lloyd100_bm_degree,triviality_entropy_effective_networks,wikitext,wikitext,77.65127334169871
real,vmf_sparse_pca100_lloyd100_bm_degree,triviality_median_max_membership,wikitext,wikitext,1.0
real,vmf_sparse_pca100_lloyd100_bm_degree,triviality_frac_confident,wikitext,wikitext,1.0
real,(ceiling),fidelity_within,bookcorpus,bookcorpus,0.9888274536436901
real,(ceiling),fidelity_within_r,bookcorpus,bookcorpus,0.9944086938872909
real,vmf_pca100_lloyd100,reliability_within,bookcorpus,bookcorpus,0.6257630234152263
real,vmf_pca100_lloyd100,reliability_within_coassoc,bookcorpus,bookcorpus,0.9415710835882157
real,vmf_pca100_lloyd100,fidelity_within,bookcorpus,bookcorpus,0.23299607406481604
real,vmf_pca100_lloyd100,fidelity_within_r,bookcorpus,bookcorpus,0.4826981777960555
real,vmf_pca100_lloyd100,fidelity_within_insample,bookcorpus,bookcorpus,0.23303139211375745
real,vmf_pca100_lloyd100,reliability_ceiling,bookcorpus,bookcorpus,0.6149799832875421
real,vmf_pca100_lloyd100,triviality_ami_layer,bookcorpus,bookcorpus,0.123715924481548
real,vmf_pca100_lloyd100,triviality_ami_dimension,bookcorpus,bookcorpus,-0.0012144643175137997
real,vmf_pca100_lloyd100,triviality_ami_hubness,bookcorpus,bookcorpus,0.0775460815336046
real,vmf_pca100_lloyd100,triviality_n_effective_networks,bookcorpus,bookcorpus,100.0
real,vmf_pca100_lloyd100,triviality_entropy_effective_networks,bookcorpus,bookcorpus,91.29029992366186
real,vmf_pca100_lloyd100,triviality_median_max_membership,bookcorpus,bookcorpus,0.575
real,vmf_pca100_lloyd100,triviality_frac_confident,bookcorpus,bookcorpus,0.5910456730769231
real,vmf_pca100_lloyd100_bm_degree,reliability_within,bookcorpus,bookcorpus,0.40869624069007515
real,vmf_pca100_lloyd100_bm_degree,reliability_within_coassoc,bookcorpus,bookcorpus,0.9415710835882157
real,vmf_pca100_lloyd100_bm_degree,fidelity_within,bookcorpus,bookcorpus,0.3655131914506815
real,vmf_pca100_lloyd100_bm_degree,fidelity_within_r,bookcorpus,bookcorpus,0.6045782231126987
real,vmf_pca100_lloyd100_bm_degree,fidelity_within_insample,bookcorpus,bookcorpus,0.365535791627991
real,vmf_pca100_lloyd100_bm_degree,reliability_ceiling,bookcorpus,bookcorpus,0.39384865190718454
real,vmf_pca100_lloyd100_bm_degree,triviality_ami_layer,bookcorpus,bookcorpus,0.11533326230298421
real,vmf_pca100_lloyd100_bm_degree,triviality_ami_dimension,bookcorpus,bookcorpus,-0.0006546859618866728
real,vmf_pca100_lloyd100_bm_degree,triviality_ami_hubness,bookcorpus,bookcorpus,0.15435982912892254
real,vmf_pca100_lloyd100_bm_degree,triviality_n_effective_networks,bookcorpus,bookcorpus,100.0
real,vmf_pca100_lloyd100_bm_degree,triviality_entropy_effective_networks,bookcorpus,bookcorpus,76.31951300076528
real,vmf_pca100_lloyd100_bm_degree,triviality_median_max_membership,bookcorpus,bookcorpus,1.0
real,vmf_pca100_lloyd100_bm_degree,triviality_frac_confident,bookcorpus,bookcorpus,1.0
real,vmf_pca100_lloyd100_bm_double,reliability_within,bookcorpus,bookcorpus,0.4781503466184012
real,vmf_pca100_lloyd100_bm_double,reliability_within_coassoc,bookcorpus,bookcorpus,0.9415710835882157
real,vmf_pca100_lloyd100_bm_double,fidelity_within,bookcorpus,bookcorpus,0.394372695353965
real,vmf_pca100_lloyd100_bm_double,fidelity_within_r,bookcorpus,bookcorpus,0.6279924431891909
real,vmf_pca100_lloyd100_bm_double,fidelity_within_insample,bookcorpus,bookcorpus,0.3942749616300968
real,vmf_pca100_lloyd100_bm_double,reliability_ceiling,bookcorpus,bookcorpus,0.4332250669804599
real,vmf_pca100_lloyd100_bm_double,triviality_ami_layer,bookcorpus,bookcorpus,0.11304589095813224
real,vmf_pca100_lloyd100_bm_double,triviality_ami_dimension,bookcorpus,bookcorpus,-0.0011972812355043917
real,vmf_pca100_lloyd100_bm_double,triviality_ami_hubness,bookcorpus,bookcorpus,0.20471276698144938
real,vmf_pca100_lloyd100_bm_double,triviality_n_effective_networks,bookcorpus,bookcorpus,100.0
real,vmf_pca100_lloyd100_bm_double,triviality_entropy_effective_networks,bookcorpus,bookcorpus,77.4149662541272
real,vmf_pca100_lloyd100_bm_double,triviality_median_max_membership,bookcorpus,bookcorpus,1.0
real,vmf_pca100_lloyd100_bm_double,triviality_frac_confident,bookcorpus,bookcorpus,1.0
real,vmf_pca100_lloyd100_bm_raw,reliability_within,bookcorpus,bookcorpus,0.45800044119291994
real,vmf_pca100_lloyd100_bm_raw,reliability_within_coassoc,bookcorpus,bookcorpus,0.9415710835882157
real,vmf_pca100_lloyd100_bm_raw,fidelity_within,bookcorpus,bookcorpus,0.42081584385483806
real,vmf_pca100_lloyd100_bm_raw,fidelity_within_r,bookcorpus,bookcorpus,0.6487046497493415
real,vmf_pca100_lloyd100_bm_raw,fidelity_within_insample,bookcorpus,bookcorpus,0.42069210157057835
real,vmf_pca100_lloyd100_bm_raw,reliability_ceiling,bookcorpus,bookcorpus,0.5158253652183855
real,vmf_pca100_lloyd100_bm_raw,triviality_ami_layer,bookcorpus,bookcorpus,0.1057568466231887
real,vmf_pca100_lloyd100_bm_raw,triviality_ami_dimension,bookcorpus,bookcorpus,-0.00037304931272596744
real,vmf_pca100_lloyd100_bm_raw,triviality_ami_hubness,bookcorpus,bookcorpus,0.38011553774317325
real,vmf_pca100_lloyd100_bm_raw,triviality_n_effective_networks,bookcorpus,bookcorpus,100.0
real,vmf_pca100_lloyd100_bm_raw,triviality_entropy_effective_networks,bookcorpus,bookcorpus,76.55445435959092
real,vmf_pca100_lloyd100_bm_raw,triviality_median_max_membership,bookcorpus,bookcorpus,1.0
real,vmf_pca100_lloyd100_bm_raw,triviality_frac_confident,bookcorpus,bookcorpus,1.0
real,vmf_pca100_lloyd100_coassoc,reliability_within,bookcorpus,bookcorpus,0.6153450789848447
real,vmf_pca100_lloyd100_coassoc,reliability_within_coassoc,bookcorpus,bookcorpus,0.9415710835882157
real,vmf_pca100_lloyd100_coassoc,fidelity_within,bookcorpus,bookcorpus,0.22379877942135196
real,vmf_pca100_lloyd100_coassoc,fidelity_within_r,bookcorpus,bookcorpus,0.47307533985405614
real,vmf_pca100_lloyd100_coassoc,fidelity_within_insample,bookcorpus,bookcorpus,0.22378628995641436
real,vmf_pca100_lloyd100_coassoc,reliability_ceiling,bookcorpus,bookcorpus,0.6174991159172316
real,vmf_pca100_lloyd100_coassoc,triviality_ami_layer,bookcorpus,bookcorpus,0.12118058833131808
real,vmf_pca100_lloyd100_coassoc,triviality_ami_dimension,bookcorpus,bookcorpus,-0.0013163147001223384
real,vmf_pca100_lloyd100_coassoc,triviality_ami_hubness,bookcorpus,bookcorpus,0.07553778798237513
real,vmf_pca100_lloyd100_coassoc,triviality_n_effective_networks,bookcorpus,bookcorpus,100.0
real,vmf_pca100_lloyd100_coassoc,triviality_entropy_effective_networks,bookcorpus,bookcorpus,82.57618058126468
real,vmf_pca100_lloyd100_coassoc,triviality_median_max_membership,bookcorpus,bookcorpus,1.0
real,vmf_pca100_lloyd100_coassoc,triviality_frac_confident,bookcorpus,bookcorpus,1.0
real,vmf_pca100_lloyd100_coassoc_bm_degree,reliability_within,bookcorpus,bookcorpus,0.4280157579000296
real,vmf_pca100_lloyd100_coassoc_bm_degree,reliability_within_coassoc,bookcorpus,bookcorpus,0.9415710835882157
real,vmf_pca100_lloyd100_coassoc_bm_degree,fidelity_within,bookcorpus,bookcorpus,0.3658652235851425
real,vmf_pca100_lloyd100_coassoc_bm_degree,fidelity_within_r,bookcorpus,bookcorpus,0.6048695313024536
real,vmf_pca100_lloyd100_coassoc_bm_degree,fidelity_within_insample,bookcorpus,bookcorpus,0.36565619882026257
real,vmf_pca100_lloyd100_coassoc_bm_degree,reliability_ceiling,bookcorpus,bookcorpus,0.4290129228060164
real,vmf_pca100_lloyd100_coassoc_bm_degree,triviality_ami_layer,bookcorpus,bookcorpus,0.11242151914200199
real,vmf_pca100_lloyd100_coassoc_bm_degree,triviality_ami_dimension,bookcorpus,bookcorpus,-0.0013373802327265364
real,vmf_pca100_lloyd100_coassoc_bm_degree,triviality_ami_hubness,bookcorpus,bookcorpus,0.1538022016818445
real,vmf_pca100_lloyd100_coassoc_bm_degree,triviality_n_effective_networks,bookcorpus,bookcorpus,100.0
real,vmf_pca100_lloyd100_coassoc_bm_degree,triviality_entropy_effective_networks,bookcorpus,bookcorpus,76.3148386708971
real,vmf_pca100_lloyd100_coassoc_bm_degree,triviality_median_max_membership,bookcorpus,bookcorpus,1.0
real,vmf_pca100_lloyd100_coassoc_bm_degree,triviality_frac_confident,bookcorpus,bookcorpus,1.0
real,vmf_pca100_lloyd100_n200,reliability_within,bookcorpus,bookcorpus,0.7296168547438235
real,vmf_pca100_lloyd100_n200,reliability_within_coassoc,bookcorpus,bookcorpus,0.9728980871859668
real,vmf_pca100_lloyd100_n200,fidelity_within,bookcorpus,bookcorpus,0.23158467251789783
real,vmf_pca100_lloyd100_n200,fidelity_within_r,bookcorpus,bookcorpus,0.4812339469477703
real,vmf_pca100_lloyd100_n200,fidelity_within_insample,bookcorpus,bookcorpus,0.23163537328105643
real,vmf_pca100_lloyd100_n200,reliability_ceiling,bookcorpus,bookcorpus,0.7354564955412889
real,vmf_pca100_lloyd100_n200,triviality_ami_layer,bookcorpus,bookcorpus,0.12486716458240615
real,vmf_pca100_lloyd100_n200,triviality_ami_dimension,bookcorpus,bookcorpus,-0.0008780140173601427
real,vmf_pca100_lloyd100_n200,triviality_ami_hubness,bookcorpus,bookcorpus,0.07657175465654384
real,vmf_pca100_lloyd100_n200,triviality_n_effective_networks,bookcorpus,bookcorpus,100.0
real,vmf_pca100_lloyd100_n200,triviality_entropy_effective_networks,bookcorpus,bookcorpus,92.61661431446043
real,vmf_pca100_lloyd100_n200,triviality_median_max_membership,bookcorpus,bookcorpus,0.565
real,vmf_pca100_lloyd100_n200,triviality_frac_confident,bookcorpus,bookcorpus,0.6045673076923077
real,vmf_pca100_lloyd100_n200_coassoc,reliability_within,bookcorpus,bookcorpus,0.6788935267221302
real,vmf_pca100_lloyd100_n200_coassoc,reliability_within_coassoc,bookcorpus,bookcorpus,0.9728980871859668
real,vmf_pca100_lloyd100_n200_coassoc,fidelity_within,bookcorpus,bookcorpus,0.2232647518011983
real,vmf_pca100_lloyd100_n200_coassoc,fidelity_within_r,bookcorpus,bookcorpus,0.47251055920192025
real,vmf_pca100_lloyd100_n200_coassoc,fidelity_within_insample,bookcorpus,bookcorpus,0.2232702406264817
real,vmf_pca100_lloyd100_n200_coassoc,reliability_ceiling,bookcorpus,bookcorpus,0.694625499090761
real,vmf_pca100_lloyd100_n200_coassoc,triviality_ami_layer,bookcorpus,bookcorpus,0.120953039889968
real,vmf_pca100_lloyd100_n200_coassoc,triviality_ami_dimension,bookcorpus,bookcorpus,-0.0010472337317635864
real,vmf_pca100_lloyd100_n200_coassoc,triviality_ami_hubness,bookcorpus,bookcorpus,0.07635434888728862
real,vmf_pca100_lloyd100_n200_coassoc,triviality_n_effective_networks,bookcorpus,bookcorpus,100.0
real,vmf_pca100_lloyd100_n200_coassoc,triviality_entropy_effective_networks,bookcorpus,bookcorpus,81.64070792255981
real,vmf_pca100_lloyd100_n200_coassoc,triviality_median_max_membership,bookcorpus,bookcorpus,1.0
real,vmf_pca100_lloyd100_n200_coassoc,triviality_frac_confident,bookcorpus,bookcorpus,1.0
real,vmf_pca100_lloyd200,reliability_within,bookcorpus,bookcorpus,0.5500980441773273
real,vmf_pca100_lloyd200,reliability_within_coassoc,bookcorpus,bookcorpus,0.9261778161251452
real,vmf_pca100_lloyd200,fidelity_within,bookcorpus,bookcorpus,0.2700292048198327
real,vmf_pca100_lloyd200,fidelity_within_r,bookcorpus,bookcorpus,0.519644539359528
real,vmf_pca100_lloyd200,fidelity_within_insample,bookcorpus,bookcorpus,0.27042491915129185
real,vmf_pca100_lloyd200,reliability_ceiling,bookcorpus,bookcorpus,0.4981902129037803
real,vmf_pca100_lloyd200,triviality_ami_layer,bookcorpus,bookcorpus,0.12491448620187785
real,vmf_pca100_lloyd200,triviality_ami_dimension,bookcorpus,bookcorpus,-0.0015078976051459071
real,vmf_pca100_lloyd200,triviality_ami_hubness,bookcorpus,bookcorpus,0.08142825332034581
real,vmf_pca100_lloyd200,triviality_n_effective_networks,bookcorpus,bookcorpus,200.0
real,vmf_pca100_lloyd200,triviality_entropy_effective_networks,bookcorpus,bookcorpus,184.3997380936896
real,vmf_pca100_lloyd200,triviality_median_max_membership,bookcorpus,bookcorpus,0.475
real,vmf_pca100_lloyd200,triviality_frac_confident,bookcorpus,bookcorpus,0.4541266025641026
real,vmf_pca100_lloyd200_bm_degree,reliability_within,bookcorpus,bookcorpus,0.4067372055962106
real,vmf_pca100_lloyd200_bm_degree,reliability_within_coassoc,bookcorpus,bookcorpus,0.9261778161251452
real,vmf_pca100_lloyd200_bm_degree,fidelity_within,bookcorpus,bookcorpus,0.400925534979122
real,vmf_pca100_lloyd200_bm_degree,fidelity_within_r,bookcorpus,bookcorpus,0.6331879584527733
real,vmf_pca100_lloyd200_bm_degree,fidelity_within_insample,bookcorpus,bookcorpus,0.40118636774379723
real,vmf_pca100_lloyd200_bm_degree,reliability_ceiling,bookcorpus,bookcorpus,0.38428222915078447
real,vmf_pca100_lloyd200_bm_degree,triviality_ami_layer,bookcorpus,bookcorpus,0.11885696122474293
real,vmf_pca100_lloyd200_bm_degree,triviality_ami_dimension,bookcorpus,bookcorpus,-0.0012865785799795163
real,vmf_pca100_lloyd200_bm_degree,triviality_ami_hubness,bookcorpus,bookcorpus,0.15692076870820396
real,vmf_pca100_lloyd200_bm_degree,triviality_n_effective_networks,bookcorpus,bookcorpus,200.0
real,vmf_pca100_lloyd200_bm_degree,triviality_entropy_effective_networks,bookcorpus,bookcorpus,161.9839572084599
real,vmf_pca100_lloyd200_bm_degree,triviality_median_max_membership,bookcorpus,bookcorpus,1.0
real,vmf_pca100_lloyd200_bm_degree,triviality_frac_confident,bookcorpus,bookcorpus,1.0
real,vmf_pca100_lloyd50,reliability_within,bookcorpus,bookcorpus,0.7267097277841651
real,vmf_pca100_lloyd50,reliability_within_coassoc,bookcorpus,bookcorpus,0.9532887689130588
real,vmf_pca100_lloyd50,fidelity_within,bookcorpus,bookcorpus,0.19904762953896915
real,vmf_pca100_lloyd50,fidelity_within_r,bookcorpus,bookcorpus,0.4461492297748092
real,vmf_pca100_lloyd50,fidelity_within_insample,bookcorpus,bookcorpus,0.19900255015573198
real,vmf_pca100_lloyd50,reliability_ceiling,bookcorpus,bookcorpus,0.6874158703285376
real,vmf_pca100_lloyd50,triviality_ami_layer,bookcorpus,bookcorpus,0.11752347973727205
real,vmf_pca100_lloyd50,triviality_ami_dimension,bookcorpus,bookcorpus,-0.0008629021192724624
real,vmf_pca100_lloyd50,triviality_ami_hubness,bookcorpus,bookcorpus,0.0723639030866952
real,vmf_pca100_lloyd50,triviality_n_effective_networks,bookcorpus,bookcorpus,50.0
real,vmf_pca100_lloyd50,triviality_entropy_effective_networks,bookcorpus,bookcorpus,46.19616177223782
real,vmf_pca100_lloyd50,triviality_median_max_membership,bookcorpus,bookcorpus,0.675
real,vmf_pca100_lloyd50,triviality_frac_confident,bookcorpus,bookcorpus,0.746895032051282
real,vmf_pca100_lloyd50_bm_degree,reliability_within,bookcorpus,bookcorpus,0.639333994872928
real,vmf_pca100_lloyd50_bm_degree,reliability_within_coassoc,bookcorpus,bookcorpus,0.9532887689130588
real,vmf_pca100_lloyd50_bm_degree,fidelity_within,bookcorpus,bookcorpus,0.3277827400840626
real,vmf_pca100_lloyd50_bm_degree,fidelity_within_r,bookcorpus,bookcorpus,0.5725245670680132
real,vmf_pca100_lloyd50_bm_degree,fidelity_within_insample,bookcorpus,bookcorpus,0.3277601415343677
real,vmf_pca100_lloyd50_bm_degree,reliability_ceiling,bookcorpus,bookcorpus,0.4459871205657176
real,vmf_pca100_lloyd50_bm_degree,triviality_ami_layer,bookcorpus,bookcorpus,0.11448511355477421
real,vmf_pca100_lloyd50_bm_degree,triviality_ami_dimension,bookcorpus,bookcorpus,-0.00012294694570224622
real,vmf_pca100_lloyd50_bm_degree,triviality_ami_hubness,bookcorpus,bookcorpus,0.15125819835524257
real,vmf_pca100_lloyd50_bm_degree,triviality_n_effective_networks,bookcorpus,bookcorpus,50.0
real,vmf_pca100_lloyd50_bm_degree,triviality_entropy_effective_networks,bookcorpus,bookcorpus,36.93048043467575
real,vmf_pca100_lloyd50_bm_degree,triviality_median_max_membership,bookcorpus,bookcorpus,1.0
real,vmf_pca100_lloyd50_bm_degree,triviality_frac_confident,bookcorpus,bookcorpus,1.0
real,vmf_sparse_pca100_lloyd100,reliability_within,bookcorpus,bookcorpus,0.6677821093432229
real,vmf_sparse_pca100_lloyd100,reliability_within_coassoc,bookcorpus,bookcorpus,0.9407251637452986
real,vmf_sparse_pca100_lloyd100,fidelity_within,bookcorpus,bookcorpus,0.22497200553782815
real,vmf_sparse_pca100_lloyd100,fidelity_within_r,bookcorpus,bookcorpus,0.47431389741066426
real,vmf_sparse_pca100_lloyd100,fidelity_within_insample,bookcorpus,bookcorpus,0.224829467022723
real,vmf_sparse_pca100_lloyd100,reliability_ceiling,bookcorpus,bookcorpus,0.650899955576897
real,vmf_sparse_pca100_lloyd100,triviality_ami_layer,bookcorpus,bookcorpus,0.12008778984627802
real,vmf_sparse_pca100_lloyd100,triviality_ami_dimension,bookcorpus,bookcorpus,-0.0014709229195029665
real,vmf_sparse_pca100_lloyd100,triviality_ami_hubness,bookcorpus,bookcorpus,0.07845028065037433
real,vmf_sparse_pca100_lloyd100,triviality_n_effective_networks,bookcorpus,bookcorpus,100.0
real,vmf_sparse_pca100_lloyd100,triviality_entropy_effective_networks,bookcorpus,bookcorpus,89.6014777601562
real,vmf_sparse_pca100_lloyd100,triviality_median_max_membership,bookcorpus,bookcorpus,0.625
real,vmf_sparse_pca100_lloyd100,triviality_frac_confident,bookcorpus,bookcorpus,0.6550480769230769
real,vmf_sparse_pca100_lloyd100_bm_degree,reliability_within,bookcorpus,bookcorpus,0.5239011305936039
real,vmf_sparse_pca100_lloyd100_bm_degree,reliability_within_coassoc,bookcorpus,bookcorpus,0.9407251637452986
real,vmf_sparse_pca100_lloyd100_bm_degree,fidelity_within,bookcorpus,bookcorpus,0.36566689965048327
real,vmf_sparse_pca100_lloyd100_bm_degree,fidelity_within_r,bookcorpus,bookcorpus,0.604705430035371
real,vmf_sparse_pca100_lloyd100_bm_degree,fidelity_within_insample,bookcorpus,bookcorpus,0.3655855113169659
real,vmf_sparse_pca100_lloyd100_bm_degree,reliability_ceiling,bookcorpus,bookcorpus,0.392317909083685
real,vmf_sparse_pca100_lloyd100_bm_degree,triviality_ami_layer,bookcorpus,bookcorpus,0.1117049603094589
real,vmf_sparse_pca100_lloyd100_bm_degree,triviality_ami_dimension,bookcorpus,bookcorpus,-0.0002957489919245691
real,vmf_sparse_pca100_lloyd100_bm_degree,triviality_ami_hubness,bookcorpus,bookcorpus,0.15486955914836262
real,vmf_sparse_pca100_lloyd100_bm_degree,triviality_n_effective_networks,bookcorpus,bookcorpus,100.0
real,vmf_sparse_pca100_lloyd100_bm_degree,triviality_entropy_effective_networks,bookcorpus,bookcorpus,76.73097154142454
real,vmf_sparse_pca100_lloyd100_bm_degree,triviality_median_max_membership,bookcorpus,bookcorpus,1.0
real,vmf_sparse_pca100_lloyd100_bm_degree,triviality_frac_confident,bookcorpus,bookcorpus,1.0
real,(ceiling),fidelity_within,agnews,agnews,0.9784710625110252
real,(ceiling),fidelity_within_r,agnews,agnews,0.9892610602960447
real,vmf_pca100_lloyd100,reliability_within,agnews,agnews,0.6269940482242482
real,vmf_pca100_lloyd100,reliability_within_coassoc,agnews,agnews,0.9243214120829949
real,vmf_pca100_lloyd100,fidelity_within,agnews,agnews,0.2129732107163037
real,vmf_pca100_lloyd100,fidelity_within_r,agnews,agnews,0.46150274658219353
real,vmf_pca100_lloyd100,fidelity_within_insample,agnews,agnews,0.21455370062199175
real,vmf_pca100_lloyd100,reliability_ceiling,agnews,agnews,0.6917932812353124
real,vmf_pca100_lloyd100,triviality_ami_layer,agnews,agnews,0.1417894509963841
real,vmf_pca100_lloyd100,triviality_ami_dimension,agnews,agnews,-0.0004078533185266978
real,vmf_pca100_lloyd100,triviality_ami_hubness,agnews,agnews,0.08964135980104974
real,vmf_pca100_lloyd100,triviality_n_effective_networks,agnews,agnews,100.0
real,vmf_pca100_lloyd100,triviality_entropy_effective_networks,agnews,agnews,91.24527240784676
real,vmf_pca100_lloyd100,triviality_median_max_membership,agnews,agnews,0.65
real,vmf_pca100_lloyd100,triviality_frac_confident,agnews,agnews,0.6848958333333334
real,vmf_pca100_lloyd100_bm_degree,reliability_within,agnews,agnews,0.4083722098141324
real,vmf_pca100_lloyd100_bm_degree,reliability_within_coassoc,agnews,agnews,0.9243214120829949
real,vmf_pca100_lloyd100_bm_degree,fidelity_within,agnews,agnews,0.28373151937452246
real,vmf_pca100_lloyd100_bm_degree,fidelity_within_r,agnews,agnews,0.532674024932256
real,vmf_pca100_lloyd100_bm_degree,fidelity_within_insample,agnews,agnews,0.2850823150640909
real,vmf_pca100_lloyd100_bm_degree,reliability_ceiling,agnews,agnews,0.48347007077703036
real,vmf_pca100_lloyd100_bm_degree,triviality_ami_layer,agnews,agnews,0.14954935776014427
real,vmf_pca100_lloyd100_bm_degree,triviality_ami_dimension,agnews,agnews,-0.0004219504451587066
real,vmf_pca100_lloyd100_bm_degree,triviality_ami_hubness,agnews,agnews,0.1368112176429361
real,vmf_pca100_lloyd100_bm_degree,triviality_n_effective_networks,agnews,agnews,100.0
real,vmf_pca100_lloyd100_bm_degree,triviality_entropy_effective_networks,agnews,agnews,74.52897350667615
real,vmf_pca100_lloyd100_bm_degree,triviality_median_max_membership,agnews,agnews,1.0
real,vmf_pca100_lloyd100_bm_degree,triviality_frac_confident,agnews,agnews,1.0
real,vmf_pca100_lloyd100_bm_double,reliability_within,agnews,agnews,0.48816574518977746
real,vmf_pca100_lloyd100_bm_double,reliability_within_coassoc,agnews,agnews,0.9243214120829949
real,vmf_pca100_lloyd100_bm_double,fidelity_within,agnews,agnews,0.30886070408361155
real,vmf_pca100_lloyd100_bm_double,fidelity_within_r,agnews,agnews,0.5557618561976244
real,vmf_pca100_lloyd100_bm_double,fidelity_within_insample,agnews,agnews,0.3103228748311626
real,vmf_pca100_lloyd100_bm_double,reliability_ceiling,agnews,agnews,0.5652224927759835
real,vmf_pca100_lloyd100_bm_double,triviality_ami_layer,agnews,agnews,0.15401436921382022
real,vmf_pca100_lloyd100_bm_double,triviality_ami_dimension,agnews,agnews,-0.0008911684386655659
real,vmf_pca100_lloyd100_bm_double,triviality_ami_hubness,agnews,agnews,0.18421054658230052
real,vmf_pca100_lloyd100_bm_double,triviality_n_effective_networks,agnews,agnews,100.0
real,vmf_pca100_lloyd100_bm_double,triviality_entropy_effective_networks,agnews,agnews,75.11594300734191
real,vmf_pca100_lloyd100_bm_double,triviality_median_max_membership,agnews,agnews,1.0
real,vmf_pca100_lloyd100_bm_double,triviality_frac_confident,agnews,agnews,1.0
real,vmf_pca100_lloyd100_bm_raw,reliability_within,agnews,agnews,0.5728629379303374
real,vmf_pca100_lloyd100_bm_raw,reliability_within_coassoc,agnews,agnews,0.9243214120829949
real,vmf_pca100_lloyd100_bm_raw,fidelity_within,agnews,agnews,0.33617217087426554
real,vmf_pca100_lloyd100_bm_raw,fidelity_within_r,agnews,agnews,0.579813231787782
real,vmf_pca100_lloyd100_bm_raw,fidelity_within_insample,agnews,agnews,0.3378012913658327
real,vmf_pca100_lloyd100_bm_raw,reliability_ceiling,agnews,agnews,0.6238040445046977
real,vmf_pca100_lloyd100_bm_raw,triviality_ami_layer,agnews,agnews,0.1415810500091203
real,vmf_pca100_lloyd100_bm_raw,triviality_ami_dimension,agnews,agnews,-0.0016670149602360327
real,vmf_pca100_lloyd100_bm_raw,triviality_ami_hubness,agnews,agnews,0.3599803938891252
real,vmf_pca100_lloyd100_bm_raw,triviality_n_effective_networks,agnews,agnews,100.0
real,vmf_pca100_lloyd100_bm_raw,triviality_entropy_effective_networks,agnews,agnews,76.72057463761668
real,vmf_pca100_lloyd100_bm_raw,triviality_median_max_membership,agnews,agnews,1.0
real,vmf_pca100_lloyd100_bm_raw,triviality_frac_confident,agnews,agnews,1.0
real,vmf_pca100_lloyd100_coassoc,reliability_within,agnews,agnews,0.6192935885438821
real,vmf_pca100_lloyd100_coassoc,reliability_within_coassoc,agnews,agnews,0.9243214120829949
real,vmf_pca100_lloyd100_coassoc,fidelity_within,agnews,agnews,0.20265615692000882
real,vmf_pca100_lloyd100_coassoc,fidelity_within_r,agnews,agnews,0.4501862204481291
real,vmf_pca100_lloyd100_coassoc,fidelity_within_insample,agnews,agnews,0.2042012735425771
real,vmf_pca100_lloyd100_coassoc,reliability_ceiling,agnews,agnews,0.6367823540326544
real,vmf_pca100_lloyd100_coassoc,triviality_ami_layer,agnews,agnews,0.1400985931291978
real,vmf_pca100_lloyd100_coassoc,triviality_ami_dimension,agnews,agnews,-0.0009544369521896362
real,vmf_pca100_lloyd100_coassoc,triviality_ami_hubness,agnews,agnews,0.08143723955196132
real,vmf_pca100_lloyd100_coassoc,triviality_n_effective_networks,agnews,agnews,100.0
real,vmf_pca100_lloyd100_coassoc,triviality_entropy_effective_networks,agnews,agnews,84.07648893219826
real,vmf_pca100_lloyd100_coassoc,triviality_median_max_membership,agnews,agnews,1.0
real,vmf_pca100_lloyd100_coassoc,triviality_frac_confident,agnews,agnews,1.0
real,vmf_pca100_lloyd100_coassoc_bm_degree,reliability_within,agnews,agnews,0.42765538678908466
real,vmf_pca100_lloyd100_coassoc_bm_degree,reliability_within_coassoc,agnews,agnews,0.9243214120829949
real,vmf_pca100_lloyd100_coassoc_bm_degree,fidelity_within,agnews,agnews,0.28183639025623286
real,vmf_pca100_lloyd100_coassoc_bm_degree,fidelity_within_r,agnews,agnews,0.5308933982870361
real,vmf_pca100_lloyd100_coassoc_bm_degree,fidelity_within_insample,agnews,agnews,0.28347292054358175
real,vmf_pca100_lloyd100_coassoc_bm_degree,reliability_ceiling,agnews,agnews,0.5876836202747853
real,vmf_pca100_lloyd100_coassoc_bm_degree,triviality_ami_layer,agnews,agnews,0.15306290116137344
real,vmf_pca100_lloyd100_coassoc_bm_degree,triviality_ami_dimension,agnews,agnews,-0.0004810075098464693
real,vmf_pca100_lloyd100_coassoc_bm_degree,triviality_ami_hubness,agnews,agnews,0.13634031273656977
real,vmf_pca100_lloyd100_coassoc_bm_degree,triviality_n_effective_networks,agnews,agnews,100.0
real,vmf_pca100_lloyd100_coassoc_bm_degree,triviality_entropy_effective_networks,agnews,agnews,72.73594291881611
real,vmf_pca100_lloyd100_coassoc_bm_degree,triviality_median_max_membership,agnews,agnews,1.0
real,vmf_pca100_lloyd100_coassoc_bm_degree,triviality_frac_confident,agnews,agnews,1.0
real,vmf_pca100_lloyd100_n200,reliability_within,agnews,agnews,0.702277402349907
real,vmf_pca100_lloyd100_n200,reliability_within_coassoc,agnews,agnews,0.9474088237121899
real,vmf_pca100_lloyd100_n200,fidelity_within,agnews,agnews,0.21170023016314987
real,vmf_pca100_lloyd100_n200,fidelity_within_r,agnews,agnews,0.460120979436274
real,vmf_pca100_lloyd100_n200,fidelity_within_insample,agnews,agnews,0.21319017543950292
real,vmf_pca100_lloyd100_n200,reliability_ceiling,agnews,agnews,0.8069160345009112
real,vmf_pca100_lloyd100_n200,triviality_ami_layer,agnews,agnews,0.14147530420290816
real,vmf_pca100_lloyd100_n200,triviality_ami_dimension,agnews,agnews,-0.0005835095693503572
real,vmf_pca100_lloyd100_n200,triviality_ami_hubness,agnews,agnews,0.08655830507526215
real,vmf_pca100_lloyd100_n200,triviality_n_effective_networks,agnews,agnews,100.0
real,vmf_pca100_lloyd100_n200,triviality_entropy_effective_networks,agnews,agnews,91.69282737701347
real,vmf_pca100_lloyd100_n200,triviality_median_max_membership,agnews,agnews,0.645
real,vmf_pca100_lloyd100_n200,triviality_frac_confident,agnews,agnews,0.6993189102564102
real,vmf_pca100_lloyd100_n200_coassoc,reliability_within,agnews,agnews,0.6239158329226772
real,vmf_pca100_lloyd100_n200_coassoc,reliability_within_coassoc,agnews,agnews,0.9474088237121899
real,vmf_pca100_lloyd100_n200_coassoc,fidelity_within,agnews,agnews,0.19976150541155135
real,vmf_pca100_lloyd100_n200_coassoc,fidelity_within_r,agnews,agnews,0.44695918557909387
real,vmf_pca100_lloyd100_n200_coassoc,fidelity_within_insample,agnews,agnews,0.20121859650700402
real,vmf_pca100_lloyd100_n200_coassoc,reliability_ceiling,agnews,agnews,0.788179195772948
real,vmf_pca100_lloyd100_n200_coassoc,triviality_ami_layer,agnews,agnews,0.1414800324005565
real,vmf_pca100_lloyd100_n200_coassoc,triviality_ami_dimension,agnews,agnews,-0.0008956957973352077
real,vmf_pca100_lloyd100_n200_coassoc,triviality_ami_hubness,agnews,agnews,0.07976604285889594
real,vmf_pca100_lloyd100_n200_coassoc,triviality_n_effective_networks,agnews,agnews,100.0
real,vmf_pca100_lloyd100_n200_coassoc,triviality_entropy_effective_networks,agnews,agnews,82.37268068289488
real,vmf_pca100_lloyd100_n200_coassoc,triviality_median_max_membership,agnews,agnews,1.0
real,vmf_pca100_lloyd100_n200_coassoc,triviality_frac_confident,agnews,agnews,1.0
real,vmf_pca100_lloyd200,reliability_within,agnews,agnews,0.5792143559274436
real,vmf_pca100_lloyd200,reliability_within_coassoc,agnews,agnews,0.9198703171838655
real,vmf_pca100_lloyd200,fidelity_within,agnews,agnews,0.24220257863342798
real,vmf_pca100_lloyd200,fidelity_within_r,agnews,agnews,0.4921541336445256
real,vmf_pca100_lloyd200,fidelity_within_insample,agnews,agnews,0.24410461215444867
real,vmf_pca100_lloyd200,reliability_ceiling,agnews,agnews,0.5673548298317121
real,vmf_pca100_lloyd200,triviality_ami_layer,agnews,agnews,0.14373178181956164
real,vmf_pca100_lloyd200,triviality_ami_dimension,agnews,agnews,-0.00016126358385672347
real,vmf_pca100_lloyd200,triviality_ami_hubness,agnews,agnews,0.08766904596137823
real,vmf_pca100_lloyd200,triviality_n_effective_networks,agnews,agnews,200.0
real,vmf_pca100_lloyd200,triviality_entropy_effective_networks,agnews,agnews,182.7052681859213
real,vmf_pca100_lloyd200,triviality_median_max_membership,agnews,agnews,0.525
real,vmf_pca100_lloyd200,triviality_frac_confident,agnews,agnews,0.5326522435897436
real,vmf_pca100_lloyd200_bm_degree,reliability_within,agnews,agnews,0.478247158065652
real,vmf_pca100_lloyd200_bm_degree,reliability_within_coassoc,agnews,agnews,0.9198703171838655
real,vmf_pca100_lloyd200_bm_degree,fidelity_within,agnews,agnews,0.31629196443456087
real,vmf_pca100_lloyd200_bm_degree,fidelity_within_r,agnews,agnews,0.5624097285165706
real,vmf_pca100_lloyd200_bm_degree,fidelity_within_insample,agnews,agnews,0.3182327765847499
real,vmf_pca100_lloyd200_bm_degree,reliability_ceiling,agnews,agnews,0.45874448388295047
real,vmf_pca100_lloyd200_bm_degree,triviality_ami_layer,agnews,agnews,0.15088551899719888
real,vmf_pca100_lloyd200_bm_degree,triviality_ami_dimension,agnews,agnews,1.2374559270057585e-05
real,vmf_pca100_lloyd200_bm_degree,triviality_ami_hubness,agnews,agnews,0.1382802733341398
real,vmf_pca100_lloyd200_bm_degree,triviality_n_effective_networks,agnews,agnews,200.0
real,vmf_pca100_lloyd200_bm_degree,triviality_entropy_effective_networks,agnews,agnews,159.28882081304656
real,vmf_pca100_lloyd200_bm_degree,triviality_median_max_membership,agnews,agnews,1.0
real,vmf_pca100_lloyd200_bm_degree,triviality_frac_confident,agnews,agnews,1.0
real,vmf_pca100_lloyd50,reliability_within,agnews,agnews,0.7180147925292026
real,vmf_pca100_lloyd50,reliability_within_coassoc,agnews,agnews,0.9275885696791348
real,vmf_pca100_lloyd50,fidelity_within,agnews,agnews,0.17545411872603023
real,vmf_pca100_lloyd50,fidelity_within_r,agnews,agnews,0.418883930172382
real,vmf_pca100_lloyd50,fidelity_within_insample,agnews,agnews,0.17661970907056734
real,vmf_pca100_lloyd50,reliability_ceiling,agnews,agnews,0.7259852226922433
real,vmf_pca100_lloyd50,triviality_ami_layer,agnews,agnews,0.14445091564252213
real,vmf_pca100_lloyd50,triviality_ami_dimension,agnews,agnews,-0.00042957953885034545
real,vmf_pca100_lloyd50,triviality_ami_hubness,agnews,agnews,0.07864231985840825
real,vmf_pca100_lloyd50,triviality_n_effective_networks,agnews,agnews,50.0
real,vmf_pca100_lloyd50,triviality_entropy_effective_networks,agnews,agnews,44.9409627930089
real,vmf_pca100_lloyd50,triviality_median_max_membership,agnews,agnews,0.725
real,vmf_pca100_lloyd50,triviality_frac_confident,agnews,agnews,0.7880608974358975
real,vmf_pca100_lloyd50_bm_degree,reliability_within,agnews,agnews,0.44563647989318333
real,vmf_pca100_lloyd50_bm_degree,reliability_within_coassoc,agnews,agnews,0.9275885696791348
real,vmf_pca100_lloyd50_bm_degree,fidelity_within,agnews,agnews,0.24156449867876206
real,vmf_pca100_lloyd50_bm_degree,fidelity_within_r,agnews,agnews,0.49150225820848276
real,vmf_pca100_lloyd50_bm_degree,fidelity_within_insample,agnews,agnews,0.2428645776250773
real,vmf_pca100_lloyd50_bm_degree,reliability_ceiling,agnews,agnews,0.5887280825589262
real,vmf_pca100_lloyd50_bm_degree,triviality_ami_layer,agnews,agnews,0.1566679838843431
real,vmf_pca100_lloyd50_bm_degree,triviality_ami_dimension,agnews,agnews,-0.0008313356206497469
real,vmf_pca100_lloyd50_bm_degree,triviality_ami_hubness,agnews,agnews,0.12350936490359064
real,vmf_pca100_lloyd50_bm_degree,triviality_n_effective_networks,agnews,agnews,50.0
real,vmf_pca100_lloyd50_bm_degree,triviality_entropy_effective_networks,agnews,agnews,36.476288431293376
real,vmf_pca100_lloyd50_bm_degree,triviality_median_max_membership,agnews,agnews,1.0
real,vmf_pca100_lloyd50_bm_degree,triviality_frac_confident,agnews,agnews,1.0
real,vmf_sparse_pca100_lloyd100,reliability_within,agnews,agnews,0.6508310963799626
real,vmf_sparse_pca100_lloyd100,reliability_within_coassoc,agnews,agnews,0.919165614580652
real,vmf_sparse_pca100_lloyd100,fidelity_within,agnews,agnews,0.20544407795534936
real,vmf_sparse_pca100_lloyd100,fidelity_within_r,agnews,agnews,0.45327231862459855
real,vmf_sparse_pca100_lloyd100,fidelity_within_insample,agnews,agnews,0.20703619062661027
real,vmf_sparse_pca100_lloyd100,reliability_ceiling,agnews,agnews,0.6920457559619431
real,vmf_sparse_pca100_lloyd100,triviality_ami_layer,agnews,agnews,0.1376596204692286
real,vmf_sparse_pca100_lloyd100,triviality_ami_dimension,agnews,agnews,0.00039630239636280533
real,vmf_sparse_pca100_lloyd100,triviality_ami_hubness,agnews,agnews,0.08136944797649534
real,vmf_sparse_pca100_lloyd100,triviality_n_effective_networks,agnews,agnews,100.0
real,vmf_sparse_pca100_lloyd100,triviality_entropy_effective_networks,agnews,agnews,90.20420190052198
real,vmf_sparse_pca100_lloyd100,triviality_median_max_membership,agnews,agnews,0.7
real,vmf_sparse_pca100_lloyd100,triviality_frac_confident,agnews,agnews,0.7411858974358975
real,vmf_sparse_pca100_lloyd100_bm_degree,reliability_within,agnews,agnews,0.5114582026197447
real,vmf_sparse_pca100_lloyd100_bm_degree,reliability_within_coassoc,agnews,agnews,0.919165614580652
real,vmf_sparse_pca100_lloyd100_bm_degree,fidelity_within,agnews,agnews,0.2832101891388896
real,vmf_sparse_pca100_lloyd100_bm_degree,fidelity_within_r,agnews,agnews,0.5321848748118893
real,vmf_sparse_pca100_lloyd100_bm_degree,fidelity_within_insample,agnews,agnews,0.28466378140589765
real,vmf_sparse_pca100_lloyd100_bm_degree,reliability_ceiling,agnews,agnews,0.5042092469856257
real,vmf_sparse_pca100_lloyd100_bm_degree,triviality_ami_layer,agnews,agnews,0.15275690806820164
real,vmf_sparse_pca100_lloyd100_bm_degree,triviality_ami_dimension,agnews,agnews,-5.244209141648193e-05
real,vmf_sparse_pca100_lloyd100_bm_degree,triviality_ami_hubness,agnews,agnews,0.13642667912839182
real,vmf_sparse_pca100_lloyd100_bm_degree,triviality_n_effective_networks,agnews,agnews,100.0
real,vmf_sparse_pca100_lloyd100_bm_degree,triviality_entropy_effective_networks,agnews,agnews,72.51218490215487
real,vmf_sparse_pca100_lloyd100_bm_degree,triviality_median_max_membership,agnews,agnews,1.0
real,vmf_sparse_pca100_lloyd100_bm_degree,triviality_frac_confident,agnews,agnews,1.0
real,(ceiling),fidelity_within,tldr17,tldr17,0.9689455331062399
real,(ceiling),fidelity_within_r,tldr17,tldr17,0.9844730379099202
real,vmf_pca100_lloyd100,reliability_within,tldr17,tldr17,0.6120576567999904
real,vmf_pca100_lloyd100,reliability_within_coassoc,tldr17,tldr17,0.9058487188273286
real,vmf_pca100_lloyd100,fidelity_within,tldr17,tldr17,0.19834787001759746
real,vmf_pca100_lloyd100,fidelity_within_r,tldr17,tldr17,0.44537266747529675
real,vmf_pca100_lloyd100,fidelity_within_insample,tldr17,tldr17,0.20065103677247675
real,vmf_pca100_lloyd100,reliability_ceiling,tldr17,tldr17,0.619164001910178
real,vmf_pca100_lloyd100,triviality_ami_layer,tldr17,tldr17,0.13658954684502264
real,vmf_pca100_lloyd100,triviality_ami_dimension,tldr17,tldr17,-0.0004916517929506466
real,vmf_pca100_lloyd100,triviality_ami_hubness,tldr17,tldr17,0.06757185536109835
real,vmf_pca100_lloyd100,triviality_n_effective_networks,tldr17,tldr17,100.0
real,vmf_pca100_lloyd100,triviality_entropy_effective_networks,tldr17,tldr17,92.61522978640201
real,vmf_pca100_lloyd100,triviality_median_max_membership,tldr17,tldr17,0.6
real,vmf_pca100_lloyd100,triviality_frac_confident,tldr17,tldr17,0.6206931089743589
real,vmf_pca100_lloyd100_bm_degree,reliability_within,tldr17,tldr17,0.39524683103211555
real,vmf_pca100_lloyd100_bm_degree,reliability_within_coassoc,tldr17,tldr17,0.9058487188273286
real,vmf_pca100_lloyd100_bm_degree,fidelity_within,tldr17,tldr17,0.28561789796622383
real,vmf_pca100_lloyd100_bm_degree,fidelity_within_r,tldr17,tldr17,0.5344448101341674
real,vmf_pca100_lloyd100_bm_degree,fidelity_within_insample,tldr17,tldr17,0.28920194338171135
real,vmf_pca100_lloyd100_bm_degree,reliability_ceiling,tldr17,tldr17,0.3813121310202382
real,vmf_pca100_lloyd100_bm_degree,triviality_ami_layer,tldr17,tldr17,0.1406995745000337
real,vmf_pca100_lloyd100_bm_degree,triviality_ami_dimension,tldr17,tldr17,-0.0016380269399430874
real,vmf_pca100_lloyd100_bm_degree,triviality_ami_hubness,tldr17,tldr17,0.1256308144131832
real,vmf_pca100_lloyd100_bm_degree,triviality_n_effective_networks,tldr17,tldr17,100.0
real,vmf_pca100_lloyd100_bm_degree,triviality_entropy_effective_networks,tldr17,tldr17,77.37460675619856
real,vmf_pca100_lloyd100_bm_degree,triviality_median_max_membership,tldr17,tldr17,1.0
real,vmf_pca100_lloyd100_bm_degree,triviality_frac_confident,tldr17,tldr17,1.0
real,vmf_pca100_lloyd100_bm_double,reliability_within,tldr17,tldr17,0.4055453513664514
real,vmf_pca100_lloyd100_bm_double,reliability_within_coassoc,tldr17,tldr17,0.9058487188273286
real,vmf_pca100_lloyd100_bm_double,fidelity_within,tldr17,tldr17,0.31982542976828854
real,vmf_pca100_lloyd100_bm_double,fidelity_within_r,tldr17,tldr17,0.5655429188678474
real,vmf_pca100_lloyd100_bm_double,fidelity_within_insample,tldr17,tldr17,0.3236199005768605
real,vmf_pca100_lloyd100_bm_double,reliability_ceiling,tldr17,tldr17,0.4111864360042002
real,vmf_pca100_lloyd100_bm_double,triviality_ami_layer,tldr17,tldr17,0.14056324362011205
real,vmf_pca100_lloyd100_bm_double,triviality_ami_dimension,tldr17,tldr17,-0.0011338938316329222
real,vmf_pca100_lloyd100_bm_double,triviality_ami_hubness,tldr17,tldr17,0.1810333448992027
real,vmf_pca100_lloyd100_bm_double,triviality_n_effective_networks,tldr17,tldr17,100.0
real,vmf_pca100_lloyd100_bm_double,triviality_entropy_effective_networks,tldr17,tldr17,76.08021620041025
real,vmf_pca100_lloyd100_bm_double,triviality_median_max_membership,tldr17,tldr17,1.0
real,vmf_pca100_lloyd100_bm_double,triviality_frac_confident,tldr17,tldr17,1.0
real,vmf_pca100_lloyd100_bm_raw,reliability_within,tldr17,tldr17,0.4968096376504539
real,vmf_pca100_lloyd100_bm_raw,reliability_within_coassoc,tldr17,tldr17,0.9058487188273286
real,vmf_pca100_lloyd100_bm_raw,fidelity_within,tldr17,tldr17,0.35112530756220595
real,vmf_pca100_lloyd100_bm_raw,fidelity_within_r,tldr17,tldr17,0.5925682892423921
real,vmf_pca100_lloyd100_bm_raw,fidelity_within_insample,tldr17,tldr17,0.35482063336372416
real,vmf_pca100_lloyd100_bm_raw,reliability_ceiling,tldr17,tldr17,0.4714169471841582
real,vmf_pca100_lloyd100_bm_raw,triviality_ami_layer,tldr17,tldr17,0.12526018096056477
real,vmf_pca100_lloyd100_bm_raw,triviality_ami_dimension,tldr17,tldr17,-0.0009390869427005439
real,vmf_pca100_lloyd100_bm_raw,triviality_ami_hubness,tldr17,tldr17,0.3802071308467103
real,vmf_pca100_lloyd100_bm_raw,triviality_n_effective_networks,tldr17,tldr17,100.0
real,vmf_pca100_lloyd100_bm_raw,triviality_entropy_effective_networks,tldr17,tldr17,76.79257061653257
real,vmf_pca100_lloyd100_bm_raw,triviality_median_max_membership,tldr17,tldr17,1.0
real,vmf_pca100_lloyd100_bm_raw,triviality_frac_confident,tldr17,tldr17,1.0
real,vmf_pca100_lloyd100_coassoc,reliability_within,tldr17,tldr17,0.5985527170549391
real,vmf_pca100_lloyd100_coassoc,reliability_within_coassoc,tldr17,tldr17,0.9058487188273286
real,vmf_pca100_lloyd100_coassoc,fidelity_within,tldr17,tldr17,0.1898920746213283
real,vmf_pca100_lloyd100_coassoc,fidelity_within_r,tldr17,tldr17,0.4357756038653627
real,vmf_pca100_lloyd100_coassoc,fidelity_within_insample,tldr17,tldr17,0.19203134509374442
real,vmf_pca100_lloyd100_coassoc,reliability_ceiling,tldr17,tldr17,0.6065327252170968
real,vmf_pca100_lloyd100_coassoc,triviality_ami_layer,tldr17,tldr17,0.13989016918037045
real,vmf_pca100_lloyd100_coassoc,triviality_ami_dimension,tldr17,tldr17,-0.0004768313181504881
real,vmf_pca100_lloyd100_coassoc,triviality_ami_hubness,tldr17,tldr17,0.0645877952282089
real,vmf_pca100_lloyd100_coassoc,triviality_n_effective_networks,tldr17,tldr17,100.0
real,vmf_pca100_lloyd100_coassoc,triviality_entropy_effective_networks,tldr17,tldr17,83.78801107458257
real,vmf_pca100_lloyd100_coassoc,triviality_median_max_membership,tldr17,tldr17,1.0
real,vmf_pca100_lloyd100_coassoc,triviality_frac_confident,tldr17,tldr17,1.0
real,vmf_pca100_lloyd100_coassoc_bm_degree,reliability_within,tldr17,tldr17,0.4240810095855861
real,vmf_pca100_lloyd100_coassoc_bm_degree,reliability_within_coassoc,tldr17,tldr17,0.9058487188273286
real,vmf_pca100_lloyd100_coassoc_bm_degree,fidelity_within,tldr17,tldr17,0.2919337179258321
real,vmf_pca100_lloyd100_coassoc_bm_degree,fidelity_within_r,tldr17,tldr17,0.5403204547563194
real,vmf_pca100_lloyd100_coassoc_bm_degree,fidelity_within_insample,tldr17,tldr17,0.29540802187334725
real,vmf_pca100_lloyd100_coassoc_bm_degree,reliability_ceiling,tldr17,tldr17,0.39513553847552396
real,vmf_pca100_lloyd100_coassoc_bm_degree,triviality_ami_layer,tldr17,tldr17,0.1385400834027239
real,vmf_pca100_lloyd100_coassoc_bm_degree,triviality_ami_dimension,tldr17,tldr17,-0.0012830740441048217
real,vmf_pca100_lloyd100_coassoc_bm_degree,triviality_ami_hubness,tldr17,tldr17,0.12915811289628276
real,vmf_pca100_lloyd100_coassoc_bm_degree,triviality_n_effective_networks,tldr17,tldr17,100.0
real,vmf_pca100_lloyd100_coassoc_bm_degree,triviality_entropy_effective_networks,tldr17,tldr17,76.12860518654306
real,vmf_pca100_lloyd100_coassoc_bm_degree,triviality_median_max_membership,tldr17,tldr17,1.0
real,vmf_pca100_lloyd100_coassoc_bm_degree,triviality_frac_confident,tldr17,tldr17,1.0
real,vmf_pca100_lloyd100_n200,reliability_within,tldr17,tldr17,0.6451336839674278
real,vmf_pca100_lloyd100_n200,reliability_within_coassoc,tldr17,tldr17,0.9311918609384625
real,vmf_pca100_lloyd100_n200,fidelity_within,tldr17,tldr17,0.19751599516699236
real,vmf_pca100_lloyd100_n200,fidelity_within_r,tldr17,tldr17,0.44444061971329496
real,vmf_pca100_lloyd100_n200,fidelity_within_insample,tldr17,tldr17,0.20022503779184386
real,vmf_pca100_lloyd100_n200,reliability_ceiling,tldr17,tldr17,0.755393848960731
real,vmf_pca100_lloyd100_n200,triviality_ami_layer,tldr17,tldr17,0.14062010055100282
real,vmf_pca100_lloyd100_n200,triviality_ami_dimension,tldr17,tldr17,-0.0006502344738775116
real,vmf_pca100_lloyd100_n200,triviality_ami_hubness,tldr17,tldr17,0.06795116975668411
real,vmf_pca100_lloyd100_n200,triviality_n_effective_networks,tldr17,tldr17,100.0
real,vmf_pca100_lloyd100_n200,triviality_entropy_effective_networks,tldr17,tldr17,91.91395053764415
real,vmf_pca100_lloyd100_n200,triviality_median_max_membership,tldr17,tldr17,0.605
real,vmf_pca100_lloyd100_n200,triviality_frac_confident,tldr17,tldr17,0.65234375
real,vmf_pca100_lloyd100_n200_coassoc,reliability_within,tldr17,tldr17,0.6174610844620481
real,vmf_pca100_lloyd100_n200_coassoc,reliability_within_coassoc,tldr17,tldr17,0.9311918609384625
real,vmf_pca100_lloyd100_n200_coassoc,fidelity_within,tldr17,tldr17,0.19428649895315186
real,vmf_pca100_lloyd100_n200_coassoc,fidelity_within_r,tldr17,tldr17,0.4407890051293248
real,vmf_pca100_lloyd100_n200_coassoc,fidelity_within_insample,tldr17,tldr17,0.19647728319308744
real,vmf_pca100_lloyd100_n200_coassoc,reliability_ceiling,tldr17,tldr17,0.7369735587381159
real,vmf_pca100_lloyd100_n200_coassoc,triviality_ami_layer,tldr17,tldr17,0.1390347185857959
real,vmf_pca100_lloyd100_n200_coassoc,triviality_ami_dimension,tldr17,tldr17,-0.0005697337699033751
real,vmf_pca100_lloyd100_n200_coassoc,triviality_ami_hubness,tldr17,tldr17,0.06706117419743479
real,vmf_pca100_lloyd100_n200_coassoc,triviality_n_effective_networks,tldr17,tldr17,100.0
real,vmf_pca100_lloyd100_n200_coassoc,triviality_entropy_effective_networks,tldr17,tldr17,85.95072809571228
real,vmf_pca100_lloyd100_n200_coassoc,triviality_median_max_membership,tldr17,tldr17,1.0
real,vmf_pca100_lloyd100_n200_coassoc,triviality_frac_confident,tldr17,tldr17,1.0
real,vmf_pca100_lloyd200,reliability_within,tldr17,tldr17,0.5624761251709913
real,vmf_pca100_lloyd200,reliability_within_coassoc,tldr17,tldr17,0.8978016754741914
real,vmf_pca100_lloyd200,fidelity_within,tldr17,tldr17,0.2365734459079576
real,vmf_pca100_lloyd200,fidelity_within_r,tldr17,tldr17,0.4864006402519666
real,vmf_pca100_lloyd200,fidelity_within_insample,tldr17,tldr17,0.23964667162992792
real,vmf_pca100_lloyd200,reliability_ceiling,tldr17,tldr17,0.581943046586473
real,vmf_pca100_lloyd200,triviality_ami_layer,tldr17,tldr17,0.13664850133802367
real,vmf_pca100_lloyd200,triviality_ami_dimension,tldr17,tldr17,-0.0010721186105521253
real,vmf_pca100_lloyd200,triviality_ami_hubness,tldr17,tldr17,0.0758712640941591
real,vmf_pca100_lloyd200,triviality_n_effective_networks,tldr17,tldr17,200.0
real,vmf_pca100_lloyd200,triviality_entropy_effective_networks,tldr17,tldr17,186.16623017131016
real,vmf_pca100_lloyd200,triviality_median_max_membership,tldr17,tldr17,0.525
real,vmf_pca100_lloyd200,triviality_frac_confident,tldr17,tldr17,0.5204326923076923
real,vmf_pca100_lloyd200_bm_degree,reliability_within,tldr17,tldr17,0.3881097637168489
real,vmf_pca100_lloyd200_bm_degree,reliability_within_coassoc,tldr17,tldr17,0.8978016754741914
real,vmf_pca100_lloyd200_bm_degree,fidelity_within,tldr17,tldr17,0.32272685727315253
real,vmf_pca100_lloyd200_bm_degree,fidelity_within_r,tldr17,tldr17,0.5681039873211677
real,vmf_pca100_lloyd200_bm_degree,fidelity_within_insample,tldr17,tldr17,0.32685979694629896
real,vmf_pca100_lloyd200_bm_degree,reliability_ceiling,tldr17,tldr17,0.42552107064229344
real,vmf_pca100_lloyd200_bm_degree,triviality_ami_layer,tldr17,tldr17,0.1397277076243425
real,vmf_pca100_lloyd200_bm_degree,triviality_ami_dimension,tldr17,tldr17,-0.0007754365214699071
real,vmf_pca100_lloyd200_bm_degree,triviality_ami_hubness,tldr17,tldr17,0.12820045106192923
real,vmf_pca100_lloyd200_bm_degree,triviality_n_effective_networks,tldr17,tldr17,200.0
real,vmf_pca100_lloyd200_bm_degree,triviality_entropy_effective_networks,tldr17,tldr17,165.70260904574374
real,vmf_pca100_lloyd200_bm_degree,triviality_median_max_membership,tldr17,tldr17,1.0
real,vmf_pca100_lloyd200_bm_degree,triviality_frac_confident,tldr17,tldr17,1.0
real,vmf_pca100_lloyd50,reliability_within,tldr17,tldr17,0.6241185905839046
real,vmf_pca100_lloyd50,reliability_within_coassoc,tldr17,tldr17,0.9062680768593472
real,vmf_pca100_lloyd50,fidelity_within,tldr17,tldr17,0.16366824862649665
real,vmf_pca100_lloyd50,fidelity_within_r,tldr17,tldr17,0.4045733730962837
real,vmf_pca100_lloyd50,fidelity_within_insample,tldr17,tldr17,0.1661198401741414
real,vmf_pca100_lloyd50,reliability_ceiling,tldr17,tldr17,0.6887885546683725
real,vmf_pca100_lloyd50,triviality_ami_layer,tldr17,tldr17,0.1393051415645686
real,vmf_pca100_lloyd50,triviality_ami_dimension,tldr17,tldr17,-0.0007199606149804898
real,vmf_pca100_lloyd50,triviality_ami_hubness,tldr17,tldr17,0.062011486713647264
real,vmf_pca100_lloyd50,triviality_n_effective_networks,tldr17,tldr17,50.0
real,vmf_pca100_lloyd50,triviality_entropy_effective_networks,tldr17,tldr17,45.01295573079365
real,vmf_pca100_lloyd50,triviality_median_max_membership,tldr17,tldr17,0.675
real,vmf_pca100_lloyd50,triviality_frac_confident,tldr17,tldr17,0.7438902243589743
real,vmf_pca100_lloyd50_bm_degree,reliability_within,tldr17,tldr17,0.38452933035635384
real,vmf_pca100_lloyd50_bm_degree,reliability_within_coassoc,tldr17,tldr17,0.9062680768593472
real,vmf_pca100_lloyd50_bm_degree,fidelity_within,tldr17,tldr17,0.2527585466643779
real,vmf_pca100_lloyd50_bm_degree,fidelity_within_r,tldr17,tldr17,0.5027617540571454
real,vmf_pca100_lloyd50_bm_degree,fidelity_within_insample,tldr17,tldr17,0.25571436891089405
real,vmf_pca100_lloyd50_bm_degree,reliability_ceiling,tldr17,tldr17,0.42884987755068843
real,vmf_pca100_lloyd50_bm_degree,triviality_ami_layer,tldr17,tldr17,0.14091456688295234
real,vmf_pca100_lloyd50_bm_degree,triviality_ami_dimension,tldr17,tldr17,-0.00040809262537507544
real,vmf_pca100_lloyd50_bm_degree,triviality_ami_hubness,tldr17,tldr17,0.11751369311855746
real,vmf_pca100_lloyd50_bm_degree,triviality_n_effective_networks,tldr17,tldr17,50.0
real,vmf_pca100_lloyd50_bm_degree,triviality_entropy_effective_networks,tldr17,tldr17,33.97686422806177
real,vmf_pca100_lloyd50_bm_degree,triviality_median_max_membership,tldr17,tldr17,1.0
real,vmf_pca100_lloyd50_bm_degree,triviality_frac_confident,tldr17,tldr17,1.0
real,vmf_sparse_pca100_lloyd100,reliability_within,tldr17,tldr17,0.6493257696444374
real,vmf_sparse_pca100_lloyd100,reliability_within_coassoc,tldr17,tldr17,0.8973816276681507
real,vmf_sparse_pca100_lloyd100,fidelity_within,tldr17,tldr17,0.1994268807529792
real,vmf_sparse_pca100_lloyd100,fidelity_within_r,tldr17,tldr17,0.4465823172088106
real,vmf_sparse_pca100_lloyd100,fidelity_within_insample,tldr17,tldr17,0.20172605831569024
real,vmf_sparse_pca100_lloyd100,reliability_ceiling,tldr17,tldr17,0.697512228378693
real,vmf_sparse_pca100_lloyd100,triviality_ami_layer,tldr17,tldr17,0.13483980196305342
real,vmf_sparse_pca100_lloyd100,triviality_ami_dimension,tldr17,tldr17,-0.00023796889501058214
real,vmf_sparse_pca100_lloyd100,triviality_ami_hubness,tldr17,tldr17,0.06988519603299229
real,vmf_sparse_pca100_lloyd100,triviality_n_effective_networks,tldr17,tldr17,100.0
real,vmf_sparse_pca100_lloyd100,triviality_entropy_effective_networks,tldr17,tldr17,92.06292991531913
real,vmf_sparse_pca100_lloyd100,triviality_median_max_membership,tldr17,tldr17,0.65
real,vmf_sparse_pca100_lloyd100,triviality_frac_confident,tldr17,tldr17,0.7119391025641025
real,vmf_sparse_pca100_lloyd100_bm_degree,reliability_within,tldr17,tldr17,0.3643801497861806
real,vmf_sparse_pca100_lloyd100_bm_degree,reliability_within_coassoc,tldr17,tldr17,0.8973816276681507
real,vmf_sparse_pca100_lloyd100_bm_degree,fidelity_within,tldr17,tldr17,0.28757664480569134
real,vmf_sparse_pca100_lloyd100_bm_degree,fidelity_within_r,tldr17,tldr17,0.5362726087774276
real,vmf_sparse_pca100_lloyd100_bm_degree,fidelity_within_insample,tldr17,tldr17,0.2908828428417022
real,vmf_sparse_pca100_lloyd100_bm_degree,reliability_ceiling,tldr17,tldr17,0.4396728085823533
real,vmf_sparse_pca100_lloyd100_bm_degree,triviality_ami_layer,tldr17,tldr17,0.14248040149528687
real,vmf_sparse_pca100_lloyd100_bm_degree,triviality_ami_dimension,tldr17,tldr17,-0.0011703243274802612
real,vmf_sparse_pca100_lloyd100_bm_degree,triviality_ami_hubness,tldr17,tldr17,0.12342185855889162
real,vmf_sparse_pca100_lloyd100_bm_degree,triviality_n_effective_networks,tldr17,tldr17,100.0
real,vmf_sparse_pca100_lloyd100_bm_degree,triviality_entropy_effective_networks,tldr17,tldr17,76.69510341097424
real,vmf_sparse_pca100_lloyd100_bm_degree,triviality_median_max_membership,tldr17,tldr17,1.0
real,vmf_sparse_pca100_lloyd100_bm_degree,triviality_frac_confident,tldr17,tldr17,1.0
real,(ceiling),fidelity_across,wikitext,bookcorpus,0.5146824247143202
real,vmf_pca100_lloyd100,fidelity_across,wikitext,bookcorpus,0.2939033909057514
real,vmf_pca100_lloyd100,reliability_across,wikitext,bookcorpus,0.09214348557989765
real,vmf_pca100_lloyd100_bm_degree,fidelity_across,wikitext,bookcorpus,0.36918334229800626
real,vmf_pca100_lloyd100_bm_degree,reliability_across,wikitext,bookcorpus,0.06419434755179344
real,vmf_pca100_lloyd100_bm_double,fidelity_across,wikitext,bookcorpus,0.3871882863890942
real,vmf_pca100_lloyd100_bm_double,reliability_across,wikitext,bookcorpus,0.07367196331600707
real,vmf_pca100_lloyd100_bm_raw,fidelity_across,wikitext,bookcorpus,0.41398113193016994
real,vmf_pca100_lloyd100_bm_raw,reliability_across,wikitext,bookcorpus,0.07140095392181645
real,vmf_pca100_lloyd100_coassoc,fidelity_across,wikitext,bookcorpus,0.28723557327467575
real,vmf_pca100_lloyd100_coassoc,reliability_across,wikitext,bookcorpus,0.09079872464814225
real,vmf_pca100_lloyd100_coassoc_bm_degree,fidelity_across,wikitext,bookcorpus,0.3678419119691198
real,vmf_pca100_lloyd100_coassoc_bm_degree,reliability_across,wikitext,bookcorpus,0.06403153819155906
real,vmf_pca100_lloyd100_n200,fidelity_across,wikitext,bookcorpus,0.29083705518521386
real,vmf_pca100_lloyd100_n200,reliability_across,wikitext,bookcorpus,0.09330421830953003
real,vmf_pca100_lloyd100_n200_coassoc,fidelity_across,wikitext,bookcorpus,0.2897463531265925
real,vmf_pca100_lloyd100_n200_coassoc,reliability_across,wikitext,bookcorpus,0.09620204550570995
real,vmf_pca100_lloyd200,fidelity_across,wikitext,bookcorpus,0.3104097385630588
real,vmf_pca100_lloyd200,reliability_across,wikitext,bookcorpus,0.07869396074139476
real,vmf_pca100_lloyd200_bm_degree,fidelity_across,wikitext,bookcorpus,0.3802998542191987
real,vmf_pca100_lloyd200_bm_degree,reliability_across,wikitext,bookcorpus,0.05416606942520626
real,vmf_pca100_lloyd50,fidelity_across,wikitext,bookcorpus,0.2662897238272171
real,vmf_pca100_lloyd50,reliability_across,wikitext,bookcorpus,0.0988176247401154
real,vmf_pca100_lloyd50_bm_degree,fidelity_across,wikitext,bookcorpus,0.34231392133122734
real,vmf_pca100_lloyd50_bm_degree,reliability_across,wikitext,bookcorpus,0.07716139029657125
real,vmf_sparse_pca100_lloyd100,fidelity_across,wikitext,bookcorpus,0.28861608466609895
real,vmf_sparse_pca100_lloyd100,reliability_across,wikitext,bookcorpus,0.10340086619607926
real,vmf_sparse_pca100_lloyd100_bm_degree,fidelity_across,wikitext,bookcorpus,0.36743807828443653
real,vmf_sparse_pca100_lloyd100_bm_degree,reliability_across,wikitext,bookcorpus,0.06234910000990383
real,(ceiling),fidelity_across,wikitext,agnews,0.6028882879939187
real,vmf_pca100_lloyd100,fidelity_across,wikitext,agnews,0.312856513207722
real,vmf_pca100_lloyd100,reliability_across,wikitext,agnews,0.13125764062919165
real,vmf_pca100_lloyd100_bm_degree,fidelity_across,wikitext,agnews,0.37854586121729106
real,vmf_pca100_lloyd100_bm_degree,reliability_across,wikitext,agnews,0.10690991488310875
real,vmf_pca100_lloyd100_bm_double,fidelity_across,wikitext,agnews,0.3985428630411494
real,vmf_pca100_lloyd100_bm_double,reliability_across,wikitext,agnews,0.11495333458895984
real,vmf_pca100_lloyd100_bm_raw,fidelity_across,wikitext,agnews,0.43000201984424624
real,vmf_pca100_lloyd100_bm_raw,reliability_across,wikitext,agnews,0.11951054134198114
real,vmf_pca100_lloyd100_coassoc,fidelity_across,wikitext,agnews,0.30673766419316983
real,vmf_pca100_lloyd100_coassoc,reliability_across,wikitext,agnews,0.14161879666697527
real,vmf_pca100_lloyd100_coassoc_bm_degree,fidelity_across,wikitext,agnews,0.3798740618675618
real,vmf_pca100_lloyd100_coassoc_bm_degree,reliability_across,wikitext,agnews,0.10324008516918902
real,vmf_pca100_lloyd100_n200,fidelity_across,wikitext,agnews,0.3115336951997352
real,vmf_pca100_lloyd100_n200,reliability_across,wikitext,agnews,0.1327188532320666
real,vmf_pca100_lloyd100_n200_coassoc,fidelity_across,wikitext,agnews,0.30877492957529906
real,vmf_pca100_lloyd100_n200_coassoc,reliability_across,wikitext,agnews,0.1360478404992521
real,vmf_pca100_lloyd200,fidelity_across,wikitext,agnews,0.3356183523439197
real,vmf_pca100_lloyd200,reliability_across,wikitext,agnews,0.1164045470193546
real,vmf_pca100_lloyd200_bm_degree,fidelity_across,wikitext,agnews,0.39715787857722884
real,vmf_pca100_lloyd200_bm_degree,reliability_across,wikitext,agnews,0.08776364715925937
real,vmf_pca100_lloyd50,fidelity_across,wikitext,agnews,0.29022599950139144
real,vmf_pca100_lloyd50,reliability_across,wikitext,agnews,0.16594566088478518
real,vmf_pca100_lloyd50_bm_degree,fidelity_across,wikitext,agnews,0.3536507720999685
real,vmf_pca100_lloyd50_bm_degree,reliability_across,wikitext,agnews,0.12724599460165242
real,vmf_sparse_pca100_lloyd100,fidelity_across,wikitext,agnews,0.30958846474942664
real,vmf_sparse_pca100_lloyd100,reliability_across,wikitext,agnews,0.14773150693632253
real,vmf_sparse_pca100_lloyd100_bm_degree,fidelity_across,wikitext,agnews,0.37644928504082337
real,vmf_sparse_pca100_lloyd100_bm_degree,reliability_across,wikitext,agnews,0.11148382489195052
real,(ceiling),fidelity_across,wikitext,tldr17,0.5347199290001461
real,vmf_pca100_lloyd100,fidelity_across,wikitext,tldr17,0.27653094762738784
real,vmf_pca100_lloyd100,reliability_across,wikitext,tldr17,0.09321485297690137
real,vmf_pca100_lloyd100_bm_degree,fidelity_across,wikitext,tldr17,0.3386193202796126
real,vmf_pca100_lloyd100_bm_degree,reliability_across,wikitext,tldr17,0.06109128134471975
real,vmf_pca100_lloyd100_bm_double,fidelity_across,wikitext,tldr17,0.35826859696607194
real,vmf_pca100_lloyd100_bm_double,reliability_across,wikitext,tldr17,0.0720747272858712
real,vmf_pca100_lloyd100_bm_raw,fidelity_across,wikitext,tldr17,0.390371853416992
real,vmf_pca100_lloyd100_bm_raw,reliability_across,wikitext,tldr17,0.07541221368668993
real,vmf_pca100_lloyd100_coassoc,fidelity_across,wikitext,tldr17,0.2733745104992657
real,vmf_pca100_lloyd100_coassoc,reliability_across,wikitext,tldr17,0.09942245262615633
real,vmf_pca100_lloyd100_coassoc_bm_degree,fidelity_across,wikitext,tldr17,0.3418048118594571
real,vmf_pca100_lloyd100_coassoc_bm_degree,reliability_across,wikitext,tldr17,0.06578175545822666
real,vmf_pca100_lloyd100_n200,fidelity_across,wikitext,tldr17,0.2754363991948151
real,vmf_pca100_lloyd100_n200,reliability_across,wikitext,tldr17,0.09360407207069761
real,vmf_pca100_lloyd100_n200_coassoc,fidelity_across,wikitext,tldr17,0.27570786904949146
real,vmf_pca100_lloyd100_n200_coassoc,reliability_across,wikitext,tldr17,0.09423501707218437
real,vmf_pca100_lloyd200,fidelity_across,wikitext,tldr17,0.2978449503280665
real,vmf_pca100_lloyd200,reliability_across,wikitext,tldr17,0.08541523714368557
real,vmf_pca100_lloyd200_bm_degree,fidelity_across,wikitext,tldr17,0.3530837034538308
real,vmf_pca100_lloyd200_bm_degree,reliability_across,wikitext,tldr17,0.06016252655206428
real,vmf_pca100_lloyd50,fidelity_across,wikitext,tldr17,0.2585053031792238
real,vmf_pca100_lloyd50,reliability_across,wikitext,tldr17,0.10351191525583955
real,vmf_pca100_lloyd50_bm_degree,fidelity_across,wikitext,tldr17,0.3138397651520284
real,vmf_pca100_lloyd50_bm_degree,reliability_across,wikitext,tldr17,0.09048162705532461
real,vmf_sparse_pca100_lloyd100,fidelity_across,wikitext,tldr17,0.27523834460997876
real,vmf_sparse_pca100_lloyd100,reliability_across,wikitext,tldr17,0.1030611976803724
real,vmf_sparse_pca100_lloyd100_bm_degree,fidelity_across,wikitext,tldr17,0.33858093287366076
real,vmf_sparse_pca100_lloyd100_bm_degree,reliability_across,wikitext,tldr17,0.06263337881822599
real,(ceiling),fidelity_across,bookcorpus,wikitext,0.5146824247143202
real,vmf_pca100_lloyd100,fidelity_across,bookcorpus,wikitext,0.275293370262569
real,vmf_pca100_lloyd100,reliability_across,bookcorpus,wikitext,0.09214348557989765
real,vmf_pca100_lloyd100_bm_degree,fidelity_across,bookcorpus,wikitext,0.34768676416912575
real,vmf_pca100_lloyd100_bm_degree,reliability_across,bookcorpus,wikitext,0.06419434755179344
real,vmf_pca100_lloyd100_bm_double,fidelity_across,bookcorpus,wikitext,0.36338166701429
real,vmf_pca100_lloyd100_bm_double,reliability_across,bookcorpus,wikitext,0.07367196331600707
real,vmf_pca100_lloyd100_bm_raw,fidelity_across,bookcorpus,wikitext,0.39002421353872024
real,vmf_pca100_lloyd100_bm_raw,reliability_across,bookcorpus,wikitext,0.07140095392181645
real,vmf_pca100_lloyd100_coassoc,fidelity_across,bookcorpus,wikitext,0.2730888573843846
real,vmf_pca100_lloyd100_coassoc,reliability_across,bookcorpus,wikitext,0.09079872464814225
real,vmf_pca100_lloyd100_coassoc_bm_degree,fidelity_across,bookcorpus,wikitext,0.3459103246310037
real,vmf_pca100_lloyd100_coassoc_bm_degree,reliability_across,bookcorpus,wikitext,0.06403153819155906
real,vmf_pca100_lloyd100_n200,fidelity_across,bookcorpus,wikitext,0.27594596853000924
real,vmf_pca100_lloyd100_n200,reliability_across,bookcorpus,wikitext,0.09330421830953003
real,vmf_pca100_lloyd100_n200_coassoc,fidelity_across,bookcorpus,wikitext,0.2672720986200521
real,vmf_pca100_lloyd100_n200_coassoc,reliability_across,bookcorpus,wikitext,0.09620204550570995
real,vmf_pca100_lloyd200,fidelity_across,bookcorpus,wikitext,0.296448149794587
real,vmf_pca100_lloyd200,reliability_across,bookcorpus,wikitext,0.07869396074139476
real,vmf_pca100_lloyd200_bm_degree,fidelity_across,bookcorpus,wikitext,0.3633042765705923
real,vmf_pca100_lloyd200_bm_degree,reliability_across,bookcorpus,wikitext,0.05416606942520626
real,vmf_pca100_lloyd50,fidelity_across,bookcorpus,wikitext,0.25600455622881685
real,vmf_pca100_lloyd50,reliability_across,bookcorpus,wikitext,0.0988176247401154
real,vmf_pca100_lloyd50_bm_degree,fidelity_across,bookcorpus,wikitext,0.32876827351948823
real,vmf_pca100_lloyd50_bm_degree,reliability_across,bookcorpus,wikitext,0.07716139029657125
real,vmf_sparse_pca100_lloyd100,fidelity_across,bookcorpus,wikitext,0.2775624514978317
real,vmf_sparse_pca100_lloyd100,reliability_across,bookcorpus,wikitext,0.10340086619607926
real,vmf_sparse_pca100_lloyd100_bm_degree,fidelity_across,bookcorpus,wikitext,0.347782630631894
real,vmf_sparse_pca100_lloyd100_bm_degree,reliability_across,bookcorpus,wikitext,0.06234910000990383
real,(ceiling),fidelity_across,bookcorpus,agnews,0.389288831614382
real,vmf_pca100_lloyd100,fidelity_across,bookcorpus,agnews,0.2021031807454427
real,vmf_pca100_lloyd100,reliability_across,bookcorpus,agnews,0.06944071274466335
real,vmf_pca100_lloyd100_bm_degree,fidelity_across,bookcorpus,agnews,0.25463594138643364
real,vmf_pca100_lloyd100_bm_degree,reliability_across,bookcorpus,agnews,0.04798213259724438
real,vmf_pca100_lloyd100_bm_double,fidelity_across,bookcorpus,agnews,0.26612691851062703
real,vmf_pca100_lloyd100_bm_double,reliability_across,bookcorpus,agnews,0.05288625230288725
real,vmf_pca100_lloyd100_bm_raw,fidelity_across,bookcorpus,agnews,0.2951313952168906
real,vmf_pca100_lloyd100_bm_raw,reliability_across,bookcorpus,agnews,0.05037391945908913
real,vmf_pca100_lloyd100_coassoc,fidelity_across,bookcorpus,agnews,0.19993955515270576
real,vmf_pca100_lloyd100_coassoc,reliability_across,bookcorpus,agnews,0.07771306553098381
real,vmf_pca100_lloyd100_coassoc_bm_degree,fidelity_across,bookcorpus,agnews,0.25232662271136713
real,vmf_pca100_lloyd100_coassoc_bm_degree,reliability_across,bookcorpus,agnews,0.049779592025535925
real,vmf_pca100_lloyd100_n200,fidelity_across,bookcorpus,agnews,0.20055811869546777
real,vmf_pca100_lloyd100_n200,reliability_across,bookcorpus,agnews,0.06860810677481732
real,vmf_pca100_lloyd100_n200_coassoc,fidelity_across,bookcorpus,agnews,0.19725425511807804
real,vmf_pca100_lloyd100_n200_coassoc,reliability_across,bookcorpus,agnews,0.08725518897065258
real,vmf_pca100_lloyd200,fidelity_across,bookcorpus,agnews,0.2165365255054702
real,vmf_pca100_lloyd200,reliability_across,bookcorpus,agnews,0.05796599758752851
real,vmf_pca100_lloyd200_bm_degree,fidelity_across,bookcorpus,agnews,0.2662305420156416
real,vmf_pca100_lloyd200_bm_degree,reliability_across,bookcorpus,agnews,0.03773913364670544
real,vmf_pca100_lloyd50,fidelity_across,bookcorpus,agnews,0.18665902089247677
real,vmf_pca100_lloyd50,reliability_across,bookcorpus,agnews,0.07397227344439897
real,vmf_pca100_lloyd50_bm_degree,fidelity_across,bookcorpus,agnews,0.2367071634865463
real,vmf_pca100_lloyd50_bm_degree,reliability_across,bookcorpus,agnews,0.05240388485783477
real,vmf_sparse_pca100_lloyd100,fidelity_across,bookcorpus,agnews,0.2084220644148007
real,vmf_sparse_pca100_lloyd100,reliability_across,bookcorpus,agnews,0.07176792339086206
real,vmf_sparse_pca100_lloyd100_bm_degree,fidelity_across,bookcorpus,agnews,0.25339156755317155
real,vmf_sparse_pca100_lloyd100_bm_degree,reliability_across,bookcorpus,agnews,0.04687224539720047
real,(ceiling),fidelity_across,bookcorpus,tldr17,0.5805991218137924
real,vmf_pca100_lloyd100,fidelity_across,bookcorpus,tldr17,0.2621424082131897
real,vmf_pca100_lloyd100,reliability_across,bookcorpus,tldr17,0.1269226537652286
real,vmf_pca100_lloyd100_bm_degree,fidelity_across,bookcorpus,tldr17,0.3301049985748719
real,vmf_pca100_lloyd100_bm_degree,reliability_across,bookcorpus,tldr17,0.07014927595814154
real,vmf_pca100_lloyd100_bm_double,fidelity_across,bookcorpus,tldr17,0.346418347592421
real,vmf_pca100_lloyd100_bm_double,reliability_across,bookcorpus,tldr17,0.08069270041041535
real,vmf_pca100_lloyd100_bm_raw,fidelity_across,bookcorpus,tldr17,0.38163704997005976
real,vmf_pca100_lloyd100_bm_raw,reliability_across,bookcorpus,tldr17,0.08358586623746476
real,vmf_pca100_lloyd100_coassoc,fidelity_across,bookcorpus,tldr17,0.2600706205442373
real,vmf_pca100_lloyd100_coassoc,reliability_across,bookcorpus,tldr17,0.11870477740745311
real,vmf_pca100_lloyd100_coassoc_bm_degree,fidelity_across,bookcorpus,tldr17,0.3283373157643418
real,vmf_pca100_lloyd100_coassoc_bm_degree,reliability_across,bookcorpus,tldr17,0.07081207031352388
real,vmf_pca100_lloyd100_n200,fidelity_across,bookcorpus,tldr17,0.26171146866975026
real,vmf_pca100_lloyd100_n200,reliability_across,bookcorpus,tldr17,0.12345653807894427
real,vmf_pca100_lloyd100_n200_coassoc,fidelity_across,bookcorpus,tldr17,0.25435120577910775
real,vmf_pca100_lloyd100_n200_coassoc,reliability_across,bookcorpus,tldr17,0.11682911528764271
real,vmf_pca100_lloyd200,fidelity_across,bookcorpus,tldr17,0.28447676289484775
real,vmf_pca100_lloyd200,reliability_across,bookcorpus,tldr17,0.10474169770704553
real,vmf_pca100_lloyd200_bm_degree,fidelity_across,bookcorpus,tldr17,0.34874635898403195
real,vmf_pca100_lloyd200_bm_degree,reliability_across,bookcorpus,tldr17,0.06389255829863778
real,vmf_pca100_lloyd50,fidelity_across,bookcorpus,tldr17,0.2393217059803382
real,vmf_pca100_lloyd50,reliability_across,bookcorpus,tldr17,0.12154974611271954
real,vmf_pca100_lloyd50_bm_degree,fidelity_across,bookcorpus,tldr17,0.30658884579601475
real,vmf_pca100_lloyd50_bm_degree,reliability_across,bookcorpus,tldr17,0.08709903139995005
real,vmf_sparse_pca100_lloyd100,fidelity_across,bookcorpus,tldr17,0.26773135963128025
real,vmf_sparse_pca100_lloyd100,reliability_across,bookcorpus,tldr17,0.12890595417402376
real,vmf_sparse_pca100_lloyd100_bm_degree,fidelity_across,bookcorpus,tldr17,0.33013196157976205
real,vmf_sparse_pca100_lloyd100_bm_degree,reliability_across,bookcorpus,tldr17,0.06883866763191875
real,(ceiling),fidelity_across,agnews,wikitext,0.6028882879939186
real,vmf_pca100_lloyd100,fidelity_across,agnews,wikitext,0.3492526939249705
real,vmf_pca100_lloyd100,reliability_across,agnews,wikitext,0.13125764062919165
real,vmf_pca100_lloyd100_bm_degree,fidelity_across,agnews,wikitext,0.39991979424769847
real,vmf_pca100_lloyd100_bm_degree,reliability_across,agnews,wikitext,0.10690991488310875
real,vmf_pca100_lloyd100_bm_double,fidelity_across,agnews,wikitext,0.4242323742328566
real,vmf_pca100_lloyd100_bm_double,reliability_across,agnews,wikitext,0.11495333458895984
real,vmf_pca100_lloyd100_bm_raw,fidelity_across,agnews,wikitext,0.4547941326052692
real,vmf_pca100_lloyd100_bm_raw,reliability_across,agnews,wikitext,0.11951054134198114
real,vmf_pca100_lloyd100_coassoc,fidelity_across,agnews,wikitext,0.33528242705901384
real,vmf_pca100_lloyd100_coassoc,reliability_across,agnews,wikitext,0.14161879666697527
real,vmf_pca100_lloyd100_coassoc_bm_degree,fidelity_across,agnews,wikitext,0.4010366243344425
real,vmf_pca100_lloyd100_coassoc_bm_degree,reliability_across,agnews,wikitext,0.10324008516918902
real,vmf_pca100_lloyd100_n200,fidelity_across,agnews,wikitext,0.3498235706933585
real,vmf_pca100_lloyd100_n200,reliability_across,agnews,wikitext,0.1327188532320666
real,vmf_pca100_lloyd100_n200_coassoc,fidelity_across,agnews,wikitext,0.3336928795344464
real,vmf_pca100_lloyd100_n200_coassoc,reliability_across,agnews,wikitext,0.1360478404992521
real,vmf_pca100_lloyd200,fidelity_across,agnews,wikitext,0.3693358332596716
real,vmf_pca100_lloyd200,reliability_across,agnews,wikitext,0.1164045470193546
real,vmf_pca100_lloyd200_bm_degree,fidelity_across,agnews,wikitext,0.4200445829340936
real,vmf_pca100_lloyd200_bm_degree,reliability_across,agnews,wikitext,0.08776364715925937
real,vmf_pca100_lloyd50,fidelity_across,agnews,wikitext,0.32313744078906237
real,vmf_pca100_lloyd50,reliability_across,agnews,wikitext,0.16594566088478518
real,vmf_pca100_lloyd50_bm_degree,fidelity_across,agnews,wikitext,0.3805490800189192
real,vmf_pca100_lloyd50_bm_degree,reliability_across,agnews,wikitext,0.12724599460165242
real,vmf_sparse_pca100_lloyd100,fidelity_across,agnews,wikitext,0.34919813260284577
real,vmf_sparse_pca100_lloyd100,reliability_across,agnews,wikitext,0.14773150693632253
real,vmf_sparse_pca100_lloyd100_bm_degree,fidelity_across,agnews,wikitext,0.40334179759664096
real,vmf_sparse_pca100_lloyd100_bm_degree,reliability_across,agnews,wikitext,0.11148382489195052
real,(ceiling),fidelity_across,agnews,bookcorpus,0.389288831614382
real,vmf_pca100_lloyd100,fidelity_across,agnews,bookcorpus,0.23941076623029375
real,vmf_pca100_lloyd100,reliability_across,agnews,bookcorpus,0.06944071274466335
real,vmf_pca100_lloyd100_bm_degree,fidelity_across,agnews,bookcorpus,0.27556498241503474
real,vmf_pca100_lloyd100_bm_degree,reliability_across,agnews,bookcorpus,0.04798213259724438
real,vmf_pca100_lloyd100_bm_double,fidelity_across,agnews,bookcorpus,0.2966522668199279
real,vmf_pca100_lloyd100_bm_double,reliability_across,agnews,bookcorpus,0.05288625230288725
real,vmf_pca100_lloyd100_bm_raw,fidelity_across,agnews,bookcorpus,0.3298758996075957
real,vmf_pca100_lloyd100_bm_raw,reliability_across,agnews,bookcorpus,0.05037391945908913
real,vmf_pca100_lloyd100_coassoc,fidelity_across,agnews,bookcorpus,0.22924621685283758
real,vmf_pca100_lloyd100_coassoc,reliability_across,agnews,bookcorpus,0.07771306553098381
real,vmf_pca100_lloyd100_coassoc_bm_degree,fidelity_across,agnews,bookcorpus,0.2745072208464248
real,vmf_pca100_lloyd100_coassoc_bm_degree,reliability_across,agnews,bookcorpus,0.049779592025535925
real,vmf_pca100_lloyd100_n200,fidelity_across,agnews,bookcorpus,0.23866425605671093
real,vmf_pca100_lloyd100_n200,reliability_across,agnews,bookcorpus,0.06860810677481732
real,vmf_pca100_lloyd100_n200_coassoc,fidelity_across,agnews,bookcorpus,0.2280793474989227
real,vmf_pca100_lloyd100_n200_coassoc,reliability_across,agnews,bookcorpus,0.08725518897065258
real,vmf_pca100_lloyd200,fidelity_across,agnews,bookcorpus,0.25143370147402033
real,vmf_pca100_lloyd200,reliability_across,agnews,bookcorpus,0.05796599758752851
real,vmf_pca100_lloyd200_bm_degree,fidelity_across,agnews,bookcorpus,0.2867845208381987
real,vmf_pca100_lloyd200_bm_degree,reliability_across,agnews,bookcorpus,0.03773913364670544
real,vmf_pca100_lloyd50,fidelity_across,agnews,bookcorpus,0.22142703088408022
real,vmf_pca100_lloyd50,reliability_across,agnews,bookcorpus,0.07397227344439897
real,vmf_pca100_lloyd50_bm_degree,fidelity_across,agnews,bookcorpus,0.2609599218907888
real,vmf_pca100_lloyd50_bm_degree,reliability_across,agnews,bookcorpus,0.05240388485783477
real,vmf_sparse_pca100_lloyd100,fidelity_across,agnews,bookcorpus,0.23754248183555352
real,vmf_sparse_pca100_lloyd100,reliability_across,agnews,bookcorpus,0.07176792339086206
real,vmf_sparse_pca100_lloyd100_bm_degree,fidelity_across,agnews,bookcorpus,0.2788156902223799
real,vmf_sparse_pca100_lloyd100_bm_degree,reliability_across,agnews,bookcorpus,0.04687224539720047
real,(ceiling),fidelity_across,agnews,tldr17,0.4654182392943762
real,vmf_pca100_lloyd100,fidelity_across,agnews,tldr17,0.2653578034204567
real,vmf_pca100_lloyd100,reliability_across,agnews,tldr17,0.08334367523475808
real,vmf_pca100_lloyd100_bm_degree,fidelity_across,agnews,tldr17,0.3126741705930008
real,vmf_pca100_lloyd100_bm_degree,reliability_across,agnews,tldr17,0.06357698725731571
real,vmf_pca100_lloyd100_bm_double,fidelity_across,agnews,tldr17,0.3295189988250951
real,vmf_pca100_lloyd100_bm_double,reliability_across,agnews,tldr17,0.06750884740612936
real,vmf_pca100_lloyd100_bm_raw,fidelity_across,agnews,tldr17,0.35725843745733754
real,vmf_pca100_lloyd100_bm_raw,reliability_across,agnews,tldr17,0.0644329500875322
real,vmf_pca100_lloyd100_coassoc,fidelity_across,agnews,tldr17,0.25617251782457495
real,vmf_pca100_lloyd100_coassoc,reliability_across,agnews,tldr17,0.09265579885560216
real,vmf_pca100_lloyd100_coassoc_bm_degree,fidelity_across,agnews,tldr17,0.3096043105845816
real,vmf_pca100_lloyd100_coassoc_bm_degree,reliability_across,agnews,tldr17,0.06068470338724297
real,vmf_pca100_lloyd100_n200,fidelity_across,agnews,tldr17,0.26461177417264176
real,vmf_pca100_lloyd100_n200,reliability_across,agnews,tldr17,0.08348440309694866
real,vmf_pca100_lloyd100_n200_coassoc,fidelity_across,agnews,tldr17,0.2541593374128386
real,vmf_pca100_lloyd100_n200_coassoc,reliability_across,agnews,tldr17,0.09057912745344562
real,vmf_pca100_lloyd200,fidelity_across,agnews,tldr17,0.2815484788952616
real,vmf_pca100_lloyd200,reliability_across,agnews,tldr17,0.07892239350836217
real,vmf_pca100_lloyd200_bm_degree,fidelity_across,agnews,tldr17,0.32350046759160694
real,vmf_pca100_lloyd200_bm_degree,reliability_across,agnews,tldr17,0.052746171696473367
real,vmf_pca100_lloyd50,fidelity_across,agnews,tldr17,0.2507820152073471
real,vmf_pca100_lloyd50,reliability_across,agnews,tldr17,0.09869330418791013
real,vmf_pca100_lloyd50_bm_degree,fidelity_across,agnews,tldr17,0.29444895657992737
real,vmf_pca100_lloyd50_bm_degree,reliability_across,agnews,tldr17,0.07322140471180238
real,vmf_sparse_pca100_lloyd100,fidelity_across,agnews,tldr17,0.26599346445341865
real,vmf_sparse_pca100_lloyd100,reliability_across,agnews,tldr17,0.09063350820620487
real,vmf_sparse_pca100_lloyd100_bm_degree,fidelity_across,agnews,tldr17,0.31435912966759066
real,vmf_sparse_pca100_lloyd100_bm_degree,reliability_across,agnews,tldr17,0.0617819557238796
real,(ceiling),fidelity_across,tldr17,wikitext,0.5347199290001461
real,vmf_pca100_lloyd100,fidelity_across,tldr17,wikitext,0.2863879454507347
real,vmf_pca100_lloyd100,reliability_across,tldr17,wikitext,0.09321485297690137
real,vmf_pca100_lloyd100_bm_degree,fidelity_across,tldr17,wikitext,0.34566273505282313
real,vmf_pca100_lloyd100_bm_degree,reliability_across,tldr17,wikitext,0.06109128134471975
real,vmf_pca100_lloyd100_bm_double,fidelity_across,tldr17,wikitext,0.36987080831741675
real,vmf_pca100_lloyd100_bm_double,reliability_across,tldr17,wikitext,0.0720747272858712
real,vmf_pca100_lloyd100_bm_raw,fidelity_across,tldr17,wikitext,0.4042732988752374
real,vmf_pca100_lloyd100_bm_raw,reliability_across,tldr17,wikitext,0.07541221368668993
real,vmf_pca100_lloyd100_coassoc,fidelity_across,tldr17,wikitext,0.28410504953067084
real,vmf_pca100_lloyd100_coassoc,reliability_across,tldr17,wikitext,0.09942245262615633
real,vmf_pca100_lloyd100_coassoc_bm_degree,fidelity_across,tldr17,wikitext,0.3484965396354213
real,vmf_pca100_lloyd100_coassoc_bm_degree,reliability_across,tldr17,wikitext,0.06578175545822666
real,vmf_pca100_lloyd100_n200,fidelity_across,tldr17,wikitext,0.28648592187930383
real,vmf_pca100_lloyd100_n200,reliability_across,tldr17,wikitext,0.09360407207069761
real,vmf_pca100_lloyd100_n200_coassoc,fidelity_across,tldr17,wikitext,0.28195827809688645
real,vmf_pca100_lloyd100_n200_coassoc,reliability_across,tldr17,wikitext,0.09423501707218437
real,vmf_pca100_lloyd200,fidelity_across,tldr17,wikitext,0.3081192132831865
real,vmf_pca100_lloyd200,reliability_across,tldr17,wikitext,0.08541523714368557
real,vmf_pca100_lloyd200_bm_degree,fidelity_across,tldr17,wikitext,0.36423270571198263
real,vmf_pca100_lloyd200_bm_degree,reliability_across,tldr17,wikitext,0.06016252655206428
real,vmf_pca100_lloyd50,fidelity_across,tldr17,wikitext,0.2653496008159067
real,vmf_pca100_lloyd50,reliability_across,tldr17,wikitext,0.10351191525583955
real,vmf_pca100_lloyd50_bm_degree,fidelity_across,tldr17,wikitext,0.3299529711795854
real,vmf_pca100_lloyd50_bm_degree,reliability_across,tldr17,wikitext,0.09048162705532461
real,vmf_sparse_pca100_lloyd100,fidelity_across,tldr17,wikitext,0.2859143758288712
real,vmf_sparse_pca100_lloyd100,reliability_across,tldr17,wikitext,0.1030611976803724
real,vmf_sparse_pca100_lloyd100_bm_degree,fidelity_across,tldr17,wikitext,0.3436192456447104
real,vmf_sparse_pca100_lloyd100_bm_degree,reliability_across,tldr17,wikitext,0.06263337881822599
real,(ceiling),fidelity_across,tldr17,bookcorpus,0.5805991218137924
real,vmf_pca100_lloyd100,fidelity_across,tldr17,bookcorpus,0.30109769276861803
real,vmf_pca100_lloyd100,reliability_across,tldr17,bookcorpus,0.1269226537652286
real,vmf_pca100_lloyd100_bm_degree,fidelity_across,tldr17,bookcorpus,0.3574203692399601
real,vmf_pca100_lloyd100_bm_degree,reliability_across,tldr17,bookcorpus,0.07014927595814154
real,vmf_pca100_lloyd100_bm_double,fidelity_across,tldr17,bookcorpus,0.38509935017380315
real,vmf_pca100_lloyd100_bm_double,reliability_across,tldr17,bookcorpus,0.08069270041041535
real,vmf_pca100_lloyd100_bm_raw,fidelity_across,tldr17,bookcorpus,0.42187336040247286
real,vmf_pca100_lloyd100_bm_raw,reliability_across,tldr17,bookcorpus,0.08358586623746476
real,vmf_pca100_lloyd100_coassoc,fidelity_across,tldr17,bookcorpus,0.29729500572611356
real,vmf_pca100_lloyd100_coassoc,reliability_across,tldr17,bookcorpus,0.11870477740745311
real,vmf_pca100_lloyd100_coassoc_bm_degree,fidelity_across,tldr17,bookcorpus,0.3584945684153681
real,vmf_pca100_lloyd100_coassoc_bm_degree,reliability_across,tldr17,bookcorpus,0.07081207031352388
real,vmf_pca100_lloyd100_n200,fidelity_across,tldr17,bookcorpus,0.29964855389156264
real,vmf_pca100_lloyd100_n200,reliability_across,tldr17,bookcorpus,0.12345653807894427
real,vmf_pca100_lloyd100_n200_coassoc,fidelity_across,tldr17,bookcorpus,0.29410798505014185
real,vmf_pca100_lloyd100_n200_coassoc,reliability_across,tldr17,bookcorpus,0.11682911528764271
real,vmf_pca100_lloyd200,fidelity_across,tldr17,bookcorpus,0.3224939717696723
real,vmf_pca100_lloyd200,reliability_across,tldr17,bookcorpus,0.10474169770704553
real,vmf_pca100_lloyd200_bm_degree,fidelity_across,tldr17,bookcorpus,0.37874344737129895
real,vmf_pca100_lloyd200_bm_degree,reliability_across,tldr17,bookcorpus,0.06389255829863778
real,vmf_pca100_lloyd50,fidelity_across,tldr17,bookcorpus,0.27478566426033646
real,vmf_pca100_lloyd50,reliability_across,tldr17,bookcorpus,0.12154974611271954
real,vmf_pca100_lloyd50_bm_degree,fidelity_across,tldr17,bookcorpus,0.3407963425810022
real,vmf_pca100_lloyd50_bm_degree,reliability_across,tldr17,bookcorpus,0.08709903139995005
real,vmf_sparse_pca100_lloyd100,fidelity_across,tldr17,bookcorpus,0.29697841405091907
real,vmf_sparse_pca100_lloyd100,reliability_across,tldr17,bookcorpus,0.12890595417402376
real,vmf_sparse_pca100_lloyd100_bm_degree,fidelity_across,tldr17,bookcorpus,0.35943920233657545
real,vmf_sparse_pca100_lloyd100_bm_degree,reliability_across,tldr17,bookcorpus,0.06883866763191875
real,(ceiling),fidelity_across,tldr17,agnews,0.4654182392943762
real,vmf_pca100_lloyd100,fidelity_across,tldr17,agnews,0.24838215349151857
real,vmf_pca100_lloyd100,reliability_across,tldr17,agnews,0.08334367523475808
real,vmf_pca100_lloyd100_bm_degree,fidelity_across,tldr17,agnews,0.30050379182390774
real,vmf_pca100_lloyd100_bm_degree,reliability_across,tldr17,agnews,0.06357698725731571
real,vmf_pca100_lloyd100_bm_double,fidelity_across,tldr17,agnews,0.3222991371677678
real,vmf_pca100_lloyd100_bm_double,reliability_across,tldr17,agnews,0.06750884740612936
real,vmf_pca100_lloyd100_bm_raw,fidelity_across,tldr17,agnews,0.3541269636240761
real,vmf_pca100_lloyd100_bm_raw,reliability_across,tldr17,agnews,0.0644329500875322
real,vmf_pca100_lloyd100_coassoc,fidelity_across,tldr17,agnews,0.24621730965149183
real,vmf_pca100_lloyd100_coassoc,reliability_across,tldr17,agnews,0.09265579885560216
real,vmf_pca100_lloyd100_coassoc_bm_degree,fidelity_across,tldr17,agnews,0.30028393044843854
real,vmf_pca100_lloyd100_coassoc_bm_degree,reliability_across,tldr17,agnews,0.06068470338724297
real,vmf_pca100_lloyd100_n200,fidelity_across,tldr17,agnews,0.24985048175254387
real,vmf_pca100_lloyd100_n200,reliability_across,tldr17,agnews,0.08348440309694866
real,vmf_pca100_lloyd100_n200_coassoc,fidelity_across,tldr17,agnews,0.2450930293730357
real,vmf_pca100_lloyd100_n200_coassoc,reliability_across,tldr17,agnews,0.09057912745344562
real,vmf_pca100_lloyd200,fidelity_across,tldr17,agnews,0.2690502406004687
real,vmf_pca100_lloyd200,reliability_across,tldr17,agnews,0.07892239350836217
real,vmf_pca100_lloyd200_bm_degree,fidelity_across,tldr17,agnews,0.31647159413539955
real,vmf_pca100_lloyd200_bm_degree,reliability_across,tldr17,agnews,0.052746171696473367
real,vmf_pca100_lloyd50,fidelity_across,tldr17,agnews,0.22973677370679302
real,vmf_pca100_lloyd50,reliability_across,tldr17,agnews,0.09869330418791013
real,vmf_pca100_lloyd50_bm_degree,fidelity_across,tldr17,agnews,0.28410482925988906
real,vmf_pca100_lloyd50_bm_degree,reliability_across,tldr17,agnews,0.07322140471180238
real,vmf_sparse_pca100_lloyd100,fidelity_across,tldr17,agnews,0.24942727534570294
real,vmf_sparse_pca100_lloyd100,reliability_across,tldr17,agnews,0.09063350820620487
real,vmf_sparse_pca100_lloyd100_bm_degree,fidelity_across,tldr17,agnews,0.2992148896070346
real,vmf_sparse_pca100_lloyd100_bm_degree,reliability_across,tldr17,agnews,0.0617819557238796
real,(ceiling),fidelity_across_halves,wikitext,bookcorpus,0.5091561909013693
real,vmf_pca100_lloyd100,fidelity_across_halves,wikitext,bookcorpus,0.29038216008353646
real,vmf_pca100_lloyd100,reliability_across_halves,wikitext,bookcorpus,0.09260762639605237
real,vmf_pca100_lloyd100_bm_degree,fidelity_across_halves,wikitext,bookcorpus,0.364041619127951
real,vmf_pca100_lloyd100_bm_degree,reliability_across_halves,wikitext,bookcorpus,0.07298895716046978
real,vmf_pca100_lloyd100_bm_double,fidelity_across_halves,wikitext,bookcorpus,0.38194746358149984
real,vmf_pca100_lloyd100_bm_double,reliability_across_halves,wikitext,bookcorpus,0.07087626127769954
real,vmf_pca100_lloyd100_bm_raw,fidelity_across_halves,wikitext,bookcorpus,0.4094830475432551
real,vmf_pca100_lloyd100_bm_raw,reliability_across_halves,wikitext,bookcorpus,0.0759990641696719
real,vmf_pca100_lloyd100_coassoc,fidelity_across_halves,wikitext,bookcorpus,0.2845803285692635
real,vmf_pca100_lloyd100_coassoc,reliability_across_halves,wikitext,bookcorpus,0.09773523883911114
real,vmf_pca100_lloyd100_coassoc_bm_degree,fidelity_across_halves,wikitext,bookcorpus,0.3635988695291497
real,vmf_pca100_lloyd100_coassoc_bm_degree,reliability_across_halves,wikitext,bookcorpus,0.06482766797428055
real,vmf_pca100_lloyd100_n200,fidelity_across_halves,wikitext,bookcorpus,0.28956748544464395
real,vmf_pca100_lloyd100_n200,reliability_across_halves,wikitext,bookcorpus,0.09032344268784652
real,vmf_pca100_lloyd100_n200_coassoc,fidelity_across_halves,wikitext,bookcorpus,0.2823827055585246
real,vmf_pca100_lloyd100_n200_coassoc,reliability_across_halves,wikitext,bookcorpus,0.09338616081944548
real,vmf_pca100_lloyd200,fidelity_across_halves,wikitext,bookcorpus,0.3077827402641973
real,vmf_pca100_lloyd200,reliability_across_halves,wikitext,bookcorpus,0.07870447707794684
real,vmf_pca100_lloyd200_bm_degree,fidelity_across_halves,wikitext,bookcorpus,0.3744109952501818
real,vmf_pca100_lloyd200_bm_degree,reliability_across_halves,wikitext,bookcorpus,0.0567678394608489
real,vmf_pca100_lloyd50,fidelity_across_halves,wikitext,bookcorpus,0.26207474394903923
real,vmf_pca100_lloyd50,reliability_across_halves,wikitext,bookcorpus,0.0946944468075154
real,vmf_pca100_lloyd50_bm_degree,fidelity_across_halves,wikitext,bookcorpus,0.3417181829395041
real,vmf_pca100_lloyd50_bm_degree,reliability_across_halves,wikitext,bookcorpus,0.07829483968668528
real,vmf_sparse_pca100_lloyd100,fidelity_across_halves,wikitext,bookcorpus,0.28370568137591173
real,vmf_sparse_pca100_lloyd100,reliability_across_halves,wikitext,bookcorpus,0.09691733939852418
real,vmf_sparse_pca100_lloyd100_bm_degree,fidelity_across_halves,wikitext,bookcorpus,0.36464844466645346
real,vmf_sparse_pca100_lloyd100_bm_degree,reliability_across_halves,wikitext,bookcorpus,0.05868050914822264
real,(ceiling),fidelity_across_halves,wikitext,agnews,0.6005729889696456
real,vmf_pca100_lloyd100,fidelity_across_halves,wikitext,agnews,0.31342099920986666
real,vmf_pca100_lloyd100,reliability_across_halves,wikitext,agnews,0.13376934714174146
real,vmf_pca100_lloyd100_bm_degree,fidelity_across_halves,wikitext,agnews,0.3807984705834744
real,vmf_pca100_lloyd100_bm_degree,reliability_across_halves,wikitext,agnews,0.10536257406923442
real,vmf_pca100_lloyd100_bm_double,fidelity_across_halves,wikitext,agnews,0.3997150785067159
real,vmf_pca100_lloyd100_bm_double,reliability_across_halves,wikitext,agnews,0.11798424885478195
real,vmf_pca100_lloyd100_bm_raw,fidelity_across_halves,wikitext,agnews,0.4285758052744678
real,vmf_pca100_lloyd100_bm_raw,reliability_across_halves,wikitext,agnews,0.12208440434125813
real,vmf_pca100_lloyd100_coassoc,fidelity_across_halves,wikitext,agnews,0.3080453833723306
real,vmf_pca100_lloyd100_coassoc,reliability_across_halves,wikitext,agnews,0.13571597293143606
real,vmf_pca100_lloyd100_coassoc_bm_degree,fidelity_across_halves,wikitext,agnews,0.37721859671370633
real,vmf_pca100_lloyd100_coassoc_bm_degree,reliability_across_halves,wikitext,agnews,0.11446479494912315
real,vmf_pca100_lloyd100_n200,fidelity_across_halves,wikitext,agnews,0.3130110549101469
real,vmf_pca100_lloyd100_n200,reliability_across_halves,wikitext,agnews,0.13217684732460902
real,vmf_pca100_lloyd100_n200_coassoc,fidelity_across_halves,wikitext,agnews,0.3055328598893202
real,vmf_pca100_lloyd100_n200_coassoc,reliability_across_halves,wikitext,agnews,0.1338798667636849
real,vmf_pca100_lloyd200,fidelity_across_halves,wikitext,agnews,0.3353852851186068
real,vmf_pca100_lloyd200,reliability_across_halves,wikitext,agnews,0.11441752743091067
real,vmf_pca100_lloyd200_bm_degree,fidelity_across_halves,wikitext,agnews,0.3970730817274469
real,vmf_pca100_lloyd200_bm_degree,reliability_across_halves,wikitext,agnews,0.08928314192875728
real,vmf_pca100_lloyd50,fidelity_across_halves,wikitext,agnews,0.2920774707906685
real,vmf_pca100_lloyd50,reliability_across_halves,wikitext,agnews,0.15901242773464153
real,vmf_pca100_lloyd50_bm_degree,fidelity_across_halves,wikitext,agnews,0.3532051330441737
real,vmf_pca100_lloyd50_bm_degree,reliability_across_halves,wikitext,agnews,0.15444351408319426
real,vmf_sparse_pca100_lloyd100,fidelity_across_halves,wikitext,agnews,0.3096206283527549
real,vmf_sparse_pca100_lloyd100,reliability_across_halves,wikitext,agnews,0.14083605360872578
real,vmf_sparse_pca100_lloyd100_bm_degree,fidelity_across_halves,wikitext,agnews,0.37957400812112696
real,vmf_sparse_pca100_lloyd100_bm_degree,reliability_across_halves,wikitext,agnews,0.10964006371038604
real,(ceiling),fidelity_across_halves,wikitext,tldr17,0.527888420655906
real,vmf_pca100_lloyd100,fidelity_across_halves,wikitext,tldr17,0.27525337699006003
real,vmf_pca100_lloyd100,reliability_across_halves,wikitext,tldr17,0.09326318573527359
real,vmf_pca100_lloyd100_bm_degree,fidelity_across_halves,wikitext,tldr17,0.33573425278661084
real,vmf_pca100_lloyd100_bm_degree,reliability_across_halves,wikitext,tldr17,0.06534039080202207
real,vmf_pca100_lloyd100_bm_double,fidelity_across_halves,wikitext,tldr17,0.35392092388300156
real,vmf_pca100_lloyd100_bm_double,reliability_across_halves,wikitext,tldr17,0.07492002170140918
real,vmf_pca100_lloyd100_bm_raw,fidelity_across_halves,wikitext,tldr17,0.38537036378179385
real,vmf_pca100_lloyd100_bm_raw,reliability_across_halves,wikitext,tldr17,0.07734214743384372
real,vmf_pca100_lloyd100_coassoc,fidelity_across_halves,wikitext,tldr17,0.26956911816385304
real,vmf_pca100_lloyd100_coassoc,reliability_across_halves,wikitext,tldr17,0.09777031777988683
real,vmf_pca100_lloyd100_coassoc_bm_degree,fidelity_across_halves,wikitext,tldr17,0.33486758060164595
real,vmf_pca100_lloyd100_coassoc_bm_degree,reliability_across_halves,wikitext,tldr17,0.06676088005844952
real,vmf_pca100_lloyd100_n200,fidelity_across_halves,wikitext,tldr17,0.27426380008538115
real,vmf_pca100_lloyd100_n200,reliability_across_halves,wikitext,tldr17,0.09185007689325425
real,vmf_pca100_lloyd100_n200_coassoc,fidelity_across_halves,wikitext,tldr17,0.2684898151430266
real,vmf_pca100_lloyd100_n200_coassoc,reliability_across_halves,wikitext,tldr17,0.09368154869852843
real,vmf_pca100_lloyd200,fidelity_across_halves,wikitext,tldr17,0.2931783345363241
real,vmf_pca100_lloyd200,reliability_across_halves,wikitext,tldr17,0.08681048043181004
real,vmf_pca100_lloyd200_bm_degree,fidelity_across_halves,wikitext,tldr17,0.34936926798246465
real,vmf_pca100_lloyd200_bm_degree,reliability_across_halves,wikitext,tldr17,0.06236257168693277
real,vmf_pca100_lloyd50,fidelity_across_halves,wikitext,tldr17,0.25755481654260604
real,vmf_pca100_lloyd50,reliability_across_halves,wikitext,tldr17,0.10052660571125425
real,vmf_pca100_lloyd50_bm_degree,fidelity_across_halves,wikitext,tldr17,0.3135004058459965
real,vmf_pca100_lloyd50_bm_degree,reliability_across_halves,wikitext,tldr17,0.0919190496261119
real,vmf_sparse_pca100_lloyd100,fidelity_across_halves,wikitext,tldr17,0.2734275511133173
real,vmf_sparse_pca100_lloyd100,reliability_across_halves,wikitext,tldr17,0.10345986127133826
real,vmf_sparse_pca100_lloyd100_bm_degree,fidelity_across_halves,wikitext,tldr17,0.3371023758130464
real,vmf_sparse_pca100_lloyd100_bm_degree,reliability_across_halves,wikitext,tldr17,0.06289599564932202
real,(ceiling),fidelity_across_halves,bookcorpus,wikitext,0.5166976980352462
real,vmf_pca100_lloyd100,fidelity_across_halves,bookcorpus,wikitext,0.27816772285101415
real,vmf_pca100_lloyd100,reliability_across_halves,bookcorpus,wikitext,0.09632079801071917
real,vmf_pca100_lloyd100_bm_degree,fidelity_across_halves,bookcorpus,wikitext,0.34805821649858965
real,vmf_pca100_lloyd100_bm_degree,reliability_across_halves,bookcorpus,wikitext,0.06371792318701676
real,vmf_pca100_lloyd100_bm_double,fidelity_across_halves,bookcorpus,wikitext,0.36805663798627475
real,vmf_pca100_lloyd100_bm_double,reliability_across_halves,bookcorpus,wikitext,0.07639009929336134
real,vmf_pca100_lloyd100_bm_raw,fidelity_across_halves,bookcorpus,wikitext,0.39114029783222076
real,vmf_pca100_lloyd100_bm_raw,reliability_across_halves,bookcorpus,wikitext,0.07941552643651151
real,vmf_pca100_lloyd100_coassoc,fidelity_across_halves,bookcorpus,wikitext,0.274370713625987
real,vmf_pca100_lloyd100_coassoc,reliability_across_halves,bookcorpus,wikitext,0.09378025260658018
real,vmf_pca100_lloyd100_coassoc_bm_degree,fidelity_across_halves,bookcorpus,wikitext,0.34663206241266603
real,vmf_pca100_lloyd100_coassoc_bm_degree,reliability_across_halves,bookcorpus,wikitext,0.06239920595185428
real,vmf_pca100_lloyd100_n200,fidelity_across_halves,bookcorpus,wikitext,0.2773715411318932
real,vmf_pca100_lloyd100_n200,reliability_across_halves,bookcorpus,wikitext,0.09404727267686891
real,vmf_pca100_lloyd100_n200_coassoc,fidelity_across_halves,bookcorpus,wikitext,0.273699138287799
real,vmf_pca100_lloyd100_n200_coassoc,reliability_across_halves,bookcorpus,wikitext,0.09285180637084654
real,vmf_pca100_lloyd200,fidelity_across_halves,bookcorpus,wikitext,0.3007090348940083
real,vmf_pca100_lloyd200,reliability_across_halves,bookcorpus,wikitext,0.08212945885110831
real,vmf_pca100_lloyd200_bm_degree,fidelity_across_halves,bookcorpus,wikitext,0.36614527112150036
real,vmf_pca100_lloyd200_bm_degree,reliability_across_halves,bookcorpus,wikitext,0.05619456844487086
real,vmf_pca100_lloyd50,fidelity_across_halves,bookcorpus,wikitext,0.25687210473300226
real,vmf_pca100_lloyd50,reliability_across_halves,bookcorpus,wikitext,0.09988002473754756
real,vmf_pca100_lloyd50_bm_degree,fidelity_across_halves,bookcorpus,wikitext,0.3307632959600322
real,vmf_pca100_lloyd50_bm_degree,reliability_across_halves,bookcorpus,wikitext,0.07704482614908748
real,vmf_sparse_pca100_lloyd100,fidelity_across_halves,bookcorpus,wikitext,0.2785206265299896
real,vmf_sparse_pca100_lloyd100,reliability_across_halves,bookcorpus,wikitext,0.10195792391249421
real,vmf_sparse_pca100_lloyd100_bm_degree,fidelity_across_halves,bookcorpus,wikitext,0.35038278099103387
real,vmf_sparse_pca100_lloyd100_bm_degree,reliability_across_halves,bookcorpus,wikitext,0.06146971893901297
real,(ceiling),fidelity_across_halves,bookcorpus,agnews,0.39021431724848005
real,vmf_pca100_lloyd100,fidelity_across_halves,bookcorpus,agnews,0.20083023286144938
real,vmf_pca100_lloyd100,reliability_across_halves,bookcorpus,agnews,0.07247206159455671
real,vmf_pca100_lloyd100_bm_degree,fidelity_across_halves,bookcorpus,agnews,0.25404531501649885
real,vmf_pca100_lloyd100_bm_degree,reliability_across_halves,bookcorpus,agnews,0.04736979714875881
real,vmf_pca100_lloyd100_bm_double,fidelity_across_halves,bookcorpus,agnews,0.26869846364240574
real,vmf_pca100_lloyd100_bm_double,reliability_across_halves,bookcorpus,agnews,0.05455216639473774
real,vmf_pca100_lloyd100_bm_raw,fidelity_across_halves,bookcorpus,agnews,0.2948059587690883
real,vmf_pca100_lloyd100_bm_raw,reliability_across_halves,bookcorpus,agnews,0.059138604580549405
real,vmf_pca100_lloyd100_coassoc,fidelity_across_halves,bookcorpus,agnews,0.19749225665032752
real,vmf_pca100_lloyd100_coassoc,reliability_across_halves,bookcorpus,agnews,0.07129349819673482
real,vmf_pca100_lloyd100_coassoc_bm_degree,fidelity_across_halves,bookcorpus,agnews,0.25090709193700744
real,vmf_pca100_lloyd100_coassoc_bm_degree,reliability_across_halves,bookcorpus,agnews,0.04793389450263009
real,vmf_pca100_lloyd100_n200,fidelity_across_halves,bookcorpus,agnews,0.20133947116188403
real,vmf_pca100_lloyd100_n200,reliability_across_halves,bookcorpus,agnews,0.07193381901941334
real,vmf_pca100_lloyd100_n200_coassoc,fidelity_across_halves,bookcorpus,agnews,0.1988327880018628
real,vmf_pca100_lloyd100_n200_coassoc,reliability_across_halves,bookcorpus,agnews,0.07145347513517253
real,vmf_pca100_lloyd200,fidelity_across_halves,bookcorpus,agnews,0.2194222528509927
real,vmf_pca100_lloyd200,reliability_across_halves,bookcorpus,agnews,0.059466394214798636
real,vmf_pca100_lloyd200_bm_degree,fidelity_across_halves,bookcorpus,agnews,0.2666966861189466
real,vmf_pca100_lloyd200_bm_degree,reliability_across_halves,bookcorpus,agnews,0.039151096988482584
real,vmf_pca100_lloyd50,fidelity_across_halves,bookcorpus,agnews,0.18661820819922062
real,vmf_pca100_lloyd50,reliability_across_halves,bookcorpus,agnews,0.07294298196902148
real,vmf_pca100_lloyd50_bm_degree,fidelity_across_halves,bookcorpus,agnews,0.23611577208154266
real,vmf_pca100_lloyd50_bm_degree,reliability_across_halves,bookcorpus,agnews,0.05645581106718576
real,vmf_sparse_pca100_lloyd100,fidelity_across_halves,bookcorpus,agnews,0.2082289633270815
real,vmf_sparse_pca100_lloyd100,reliability_across_halves,bookcorpus,agnews,0.07664850596781644
real,vmf_sparse_pca100_lloyd100_bm_degree,fidelity_across_halves,bookcorpus,agnews,0.25308085312114154
real,vmf_sparse_pca100_lloyd100_bm_degree,reliability_across_halves,bookcorpus,agnews,0.047724232722852054
real,(ceiling),fidelity_across_halves,bookcorpus,tldr17,0.5795205448879742
real,vmf_pca100_lloyd100,fidelity_across_halves,bookcorpus,tldr17,0.2623473625726809
real,vmf_pca100_lloyd100,reliability_across_halves,bookcorpus,tldr17,0.12574845445249297
real,vmf_pca100_lloyd100_bm_degree,fidelity_across_halves,bookcorpus,tldr17,0.3295165461782963
real,vmf_pca100_lloyd100_bm_degree,reliability_across_halves,bookcorpus,tldr17,0.0736963727720125
real,vmf_pca100_lloyd100_bm_double,fidelity_across_halves,bookcorpus,tldr17,0.34712703377286797
real,vmf_pca100_lloyd100_bm_double,reliability_across_halves,bookcorpus,tldr17,0.08752568143342372
real,vmf_pca100_lloyd100_bm_raw,fidelity_across_halves,bookcorpus,tldr17,0.3782750445999003
real,vmf_pca100_lloyd100_bm_raw,reliability_across_halves,bookcorpus,tldr17,0.09841955195953202
real,vmf_pca100_lloyd100_coassoc,fidelity_across_halves,bookcorpus,tldr17,0.25569944857311516
real,vmf_pca100_lloyd100_coassoc,reliability_across_halves,bookcorpus,tldr17,0.12019486487817153
real,vmf_pca100_lloyd100_coassoc_bm_degree,fidelity_across_halves,bookcorpus,tldr17,0.32639905725909923
real,vmf_pca100_lloyd100_coassoc_bm_degree,reliability_across_halves,bookcorpus,tldr17,0.07287692138084136
real,vmf_pca100_lloyd100_n200,fidelity_across_halves,bookcorpus,tldr17,0.26098660686894104
real,vmf_pca100_lloyd100_n200,reliability_across_halves,bookcorpus,tldr17,0.1271994182211177
real,vmf_pca100_lloyd100_n200_coassoc,fidelity_across_halves,bookcorpus,tldr17,0.2564957528649112
real,vmf_pca100_lloyd100_n200_coassoc,reliability_across_halves,bookcorpus,tldr17,0.12324927808134936
real,vmf_pca100_lloyd200,fidelity_across_halves,bookcorpus,tldr17,0.28420639049155516
real,vmf_pca100_lloyd200,reliability_across_halves,bookcorpus,tldr17,0.1059135340917417
real,vmf_pca100_lloyd200_bm_degree,fidelity_across_halves,bookcorpus,tldr17,0.3503249871706213
real,vmf_pca100_lloyd200_bm_degree,reliability_across_halves,bookcorpus,tldr17,0.06526737543622213
real,vmf_pca100_lloyd50,fidelity_across_halves,bookcorpus,tldr17,0.23930908204269663
real,vmf_pca100_lloyd50,reliability_across_halves,bookcorpus,tldr17,0.12950234612269085
real,vmf_pca100_lloyd50_bm_degree,fidelity_across_halves,bookcorpus,tldr17,0.30418636987759406
real,vmf_pca100_lloyd50_bm_degree,reliability_across_halves,bookcorpus,tldr17,0.09430289497335116
real,vmf_sparse_pca100_lloyd100,fidelity_across_halves,bookcorpus,tldr17,0.26377498849678016
real,vmf_sparse_pca100_lloyd100,reliability_across_halves,bookcorpus,tldr17,0.13546044597498377
real,vmf_sparse_pca100_lloyd100_bm_degree,fidelity_across_halves,bookcorpus,tldr17,0.3281628355889926
real,vmf_sparse_pca100_lloyd100_bm_degree,reliability_across_halves,bookcorpus,tldr17,0.07494446368829136
real,(ceiling),fidelity_across_halves,agnews,wikitext,0.5996057900076163
real,vmf_pca100_lloyd100,fidelity_across_halves,agnews,wikitext,0.34859869405043725
real,vmf_pca100_lloyd100,reliability_across_halves,agnews,wikitext,0.12947694405377194
real,vmf_pca100_lloyd100_bm_degree,fidelity_across_halves,agnews,wikitext,0.40064386683813946
real,vmf_pca100_lloyd100_bm_degree,reliability_across_halves,agnews,wikitext,0.10787719191220757
real,vmf_pca100_lloyd100_bm_double,fidelity_across_halves,agnews,wikitext,0.4217570069642497
real,vmf_pca100_lloyd100_bm_double,reliability_across_halves,agnews,wikitext,0.11660626460175011
real,vmf_pca100_lloyd100_bm_raw,fidelity_across_halves,agnews,wikitext,0.4520925279304249
real,vmf_pca100_lloyd100_bm_raw,reliability_across_halves,agnews,wikitext,0.1114106791399351
real,vmf_pca100_lloyd100_coassoc,fidelity_across_halves,agnews,wikitext,0.33831436465751913
real,vmf_pca100_lloyd100_coassoc,reliability_across_halves,agnews,wikitext,0.13128211901094117
real,vmf_pca100_lloyd100_coassoc_bm_degree,fidelity_across_halves,agnews,wikitext,0.40047554661088364
real,vmf_pca100_lloyd100_coassoc_bm_degree,reliability_across_halves,agnews,wikitext,0.11296626617323874
real,vmf_pca100_lloyd100_n200,fidelity_across_halves,agnews,wikitext,0.3469944515567201
real,vmf_pca100_lloyd100_n200,reliability_across_halves,agnews,wikitext,0.12987295084245445
real,vmf_pca100_lloyd100_n200_coassoc,fidelity_across_halves,agnews,wikitext,0.3361036215460009
real,vmf_pca100_lloyd100_n200_coassoc,reliability_across_halves,agnews,wikitext,0.12579895881713707
real,vmf_pca100_lloyd200,fidelity_across_halves,agnews,wikitext,0.3677383299232878
real,vmf_pca100_lloyd200,reliability_across_halves,agnews,wikitext,0.1231373599591874
real,vmf_pca100_lloyd200_bm_degree,fidelity_across_halves,agnews,wikitext,0.41776736876187953
real,vmf_pca100_lloyd200_bm_degree,reliability_across_halves,agnews,wikitext,0.08775628801778736
real,vmf_pca100_lloyd50,fidelity_across_halves,agnews,wikitext,0.32193891183516493
real,vmf_pca100_lloyd50,reliability_across_halves,agnews,wikitext,0.16358326761297784
real,vmf_pca100_lloyd50_bm_degree,fidelity_across_halves,agnews,wikitext,0.37857653174447764
real,vmf_pca100_lloyd50_bm_degree,reliability_across_halves,agnews,wikitext,0.13197740664913044
real,vmf_sparse_pca100_lloyd100,fidelity_across_halves,agnews,wikitext,0.3452502173268836
real,vmf_sparse_pca100_lloyd100,reliability_across_halves,agnews,wikitext,0.14057830532892363
real,vmf_sparse_pca100_lloyd100_bm_degree,fidelity_across_halves,agnews,wikitext,0.4010126670026957
real,vmf_sparse_pca100_lloyd100_bm_degree,reliability_across_halves,agnews,wikitext,0.10743599847882744
real,(ceiling),fidelity_across_halves,agnews,bookcorpus,0.3859237992978306
real,vmf_pca100_lloyd100,fidelity_across_halves,agnews,bookcorpus,0.2380734956792281
real,vmf_pca100_lloyd100,reliability_across_halves,agnews,bookcorpus,0.06599979859740605
real,vmf_pca100_lloyd100_bm_degree,fidelity_across_halves,agnews,bookcorpus,0.2740459938516964
real,vmf_pca100_lloyd100_bm_degree,reliability_across_halves,agnews,bookcorpus,0.051185272114847406
real,vmf_pca100_lloyd100_bm_double,fidelity_across_halves,agnews,bookcorpus,0.2930091329109706
real,vmf_pca100_lloyd100_bm_double,reliability_across_halves,agnews,bookcorpus,0.05130313196625633
real,vmf_pca100_lloyd100_bm_raw,fidelity_across_halves,agnews,bookcorpus,0.3285797928228652
real,vmf_pca100_lloyd100_bm_raw,reliability_across_halves,agnews,bookcorpus,0.05447265292700807
real,vmf_pca100_lloyd100_coassoc,fidelity_across_halves,agnews,bookcorpus,0.23035650235837501
real,vmf_pca100_lloyd100_coassoc,reliability_across_halves,agnews,bookcorpus,0.068643601768162
real,vmf_pca100_lloyd100_coassoc_bm_degree,fidelity_across_halves,agnews,bookcorpus,0.2705423320650442
real,vmf_pca100_lloyd100_coassoc_bm_degree,reliability_across_halves,agnews,bookcorpus,0.04784937854571111
real,vmf_pca100_lloyd100_n200,fidelity_across_halves,agnews,bookcorpus,0.23654950684736664
real,vmf_pca100_lloyd100_n200,reliability_across_halves,agnews,bookcorpus,0.06709262731574743
real,vmf_pca100_lloyd100_n200_coassoc,fidelity_across_halves,agnews,bookcorpus,0.22661057880088534
real,vmf_pca100_lloyd100_n200_coassoc,reliability_across_halves,agnews,bookcorpus,0.06709418855954231
real,vmf_pca100_lloyd200,fidelity_across_halves,agnews,bookcorpus,0.24892629215076684
real,vmf_pca100_lloyd200,reliability_across_halves,agnews,bookcorpus,0.06048484324341419
real,vmf_pca100_lloyd200_bm_degree,fidelity_across_halves,agnews,bookcorpus,0.2878835148492753
real,vmf_pca100_lloyd200_bm_degree,reliability_across_halves,agnews,bookcorpus,0.0435911541515425
real,vmf_pca100_lloyd50,fidelity_across_halves,agnews,bookcorpus,0.22138547641422324
real,vmf_pca100_lloyd50,reliability_across_halves,agnews,bookcorpus,0.07033598828819257
real,vmf_pca100_lloyd50_bm_degree,fidelity_across_halves,agnews,bookcorpus,0.2562709027395291
real,vmf_pca100_lloyd50_bm_degree,reliability_across_halves,agnews,bookcorpus,0.04908014223975085
real,vmf_sparse_pca100_lloyd100,fidelity_across_halves,agnews,bookcorpus,0.23486433311246396
real,vmf_sparse_pca100_lloyd100,reliability_across_halves,agnews,bookcorpus,0.07181226914858707
real,vmf_sparse_pca100_lloyd100_bm_degree,fidelity_across_halves,agnews,bookcorpus,0.27458239488027103
real,vmf_sparse_pca100_lloyd100_bm_degree,reliability_across_halves,agnews,bookcorpus,0.04464331476218905
real,(ceiling),fidelity_across_halves,agnews,tldr17,0.46057339758341587
real,vmf_pca100_lloyd100,fidelity_across_halves,agnews,tldr17,0.2636902071857627
real,vmf_pca100_lloyd100,reliability_across_halves,agnews,tldr17,0.08293528414202826
real,vmf_pca100_lloyd100_bm_degree,fidelity_across_halves,agnews,tldr17,0.31016776024736603
real,vmf_pca100_lloyd100_bm_degree,reliability_across_halves,agnews,tldr17,0.06766227272054362
real,vmf_pca100_lloyd100_bm_double,fidelity_across_halves,agnews,tldr17,0.3270570523915145
real,vmf_pca100_lloyd100_bm_double,reliability_across_halves,agnews,tldr17,0.07503994543411775
real,vmf_pca100_lloyd100_bm_raw,fidelity_across_halves,agnews,tldr17,0.3554684518144132
real,vmf_pca100_lloyd100_bm_raw,reliability_across_halves,agnews,tldr17,0.0660209336756317
real,vmf_pca100_lloyd100_coassoc,fidelity_across_halves,agnews,tldr17,0.254713638245028
real,vmf_pca100_lloyd100_coassoc,reliability_across_halves,agnews,tldr17,0.08461960341848611
real,vmf_pca100_lloyd100_coassoc_bm_degree,fidelity_across_halves,agnews,tldr17,0.3070423627851025
real,vmf_pca100_lloyd100_coassoc_bm_degree,reliability_across_halves,agnews,tldr17,0.0597714970752478
real,vmf_pca100_lloyd100_n200,fidelity_across_halves,agnews,tldr17,0.262730302308306
real,vmf_pca100_lloyd100_n200,reliability_across_halves,agnews,tldr17,0.08266265839534755
real,vmf_pca100_lloyd100_n200_coassoc,fidelity_across_halves,agnews,tldr17,0.2529813010375825
real,vmf_pca100_lloyd100_n200_coassoc,reliability_across_halves,agnews,tldr17,0.08325483588376938
real,vmf_pca100_lloyd200,fidelity_across_halves,agnews,tldr17,0.2774880060796445
real,vmf_pca100_lloyd200,reliability_across_halves,agnews,tldr17,0.08150355640780056
real,vmf_pca100_lloyd200_bm_degree,fidelity_across_halves,agnews,tldr17,0.3213908405811965
real,vmf_pca100_lloyd200_bm_degree,reliability_across_halves,agnews,tldr17,0.05745701414497392
real,vmf_pca100_lloyd50,fidelity_across_halves,agnews,tldr17,0.24870117247557888
real,vmf_pca100_lloyd50,reliability_across_halves,agnews,tldr17,0.09715614085873317
real,vmf_pca100_lloyd50_bm_degree,fidelity_across_halves,agnews,tldr17,0.2921741481728367
real,vmf_pca100_lloyd50_bm_degree,reliability_across_halves,agnews,tldr17,0.07233540986588509
real,vmf_sparse_pca100_lloyd100,fidelity_across_halves,agnews,tldr17,0.260758349289421
real,vmf_sparse_pca100_lloyd100,reliability_across_halves,agnews,tldr17,0.09248904750254214
real,vmf_sparse_pca100_lloyd100_bm_degree,fidelity_across_halves,agnews,tldr17,0.3103140868251785
real,vmf_sparse_pca100_lloyd100_bm_degree,reliability_across_halves,agnews,tldr17,0.061037788900436714
real,(ceiling),fidelity_across_halves,tldr17,wikitext,0.535920713348996
real,vmf_pca100_lloyd100,fidelity_across_halves,tldr17,wikitext,0.2856140759458962
real,vmf_pca100_lloyd100,reliability_across_halves,tldr17,wikitext,0.09336794427635792
real,vmf_pca100_lloyd100_bm_degree,fidelity_across_halves,tldr17,wikitext,0.34704443414450015
real,vmf_pca100_lloyd100_bm_degree,reliability_across_halves,tldr17,wikitext,0.06387915882832233
real,vmf_pca100_lloyd100_bm_double,fidelity_across_halves,tldr17,wikitext,0.37315076142832787
real,vmf_pca100_lloyd100_bm_double,reliability_across_halves,tldr17,wikitext,0.07664141299883916
real,vmf_pca100_lloyd100_bm_raw,fidelity_across_halves,tldr17,wikitext,0.40606242677090276
real,vmf_pca100_lloyd100_bm_raw,reliability_across_halves,tldr17,wikitext,0.0771582131572331
real,vmf_pca100_lloyd100_coassoc,fidelity_across_halves,tldr17,wikitext,0.2842848598708356
real,vmf_pca100_lloyd100_coassoc,reliability_across_halves,tldr17,wikitext,0.0963800116799043
real,vmf_pca100_lloyd100_coassoc_bm_degree,fidelity_across_halves,tldr17,wikitext,0.35026481510744545
real,vmf_pca100_lloyd100_coassoc_bm_degree,reliability_across_halves,tldr17,wikitext,0.06431565817499015
real,vmf_pca100_lloyd100_n200,fidelity_across_halves,tldr17,wikitext,0.2877611521951295
real,vmf_pca100_lloyd100_n200,reliability_across_halves,tldr17,wikitext,0.09394665496980577
real,vmf_pca100_lloyd100_n200_coassoc,fidelity_across_halves,tldr17,wikitext,0.28570440258507046
real,vmf_pca100_lloyd100_n200_coassoc,reliability_across_halves,tldr17,wikitext,0.09466500017732085
real,vmf_pca100_lloyd200,fidelity_across_halves,tldr17,wikitext,0.31177189639411756
real,vmf_pca100_lloyd200,reliability_across_halves,tldr17,wikitext,0.08715973832904406
real,vmf_pca100_lloyd200_bm_degree,fidelity_across_halves,tldr17,wikitext,0.36539408667498646
real,vmf_pca100_lloyd200_bm_degree,reliability_across_halves,tldr17,wikitext,0.06017104680980402
real,vmf_pca100_lloyd50,fidelity_across_halves,tldr17,wikitext,0.262286526712886
real,vmf_pca100_lloyd50,reliability_across_halves,tldr17,wikitext,0.10797084811892073
real,vmf_pca100_lloyd50_bm_degree,fidelity_across_halves,tldr17,wikitext,0.3293103994422842
real,vmf_pca100_lloyd50_bm_degree,reliability_across_halves,tldr17,wikitext,0.08609271317568805
real,vmf_sparse_pca100_lloyd100,fidelity_across_halves,tldr17,wikitext,0.2896528313515173
real,vmf_sparse_pca100_lloyd100,reliability_across_halves,tldr17,wikitext,0.09886818836836388
real,vmf_sparse_pca100_lloyd100_bm_degree,fidelity_across_halves,tldr17,wikitext,0.3474773255517069
real,vmf_sparse_pca100_lloyd100_bm_degree,reliability_across_halves,tldr17,wikitext,0.06238809895015273
real,(ceiling),fidelity_across_halves,tldr17,bookcorpus,0.5769972694241982
real,vmf_pca100_lloyd100,fidelity_across_halves,tldr17,bookcorpus,0.2981685489431376
real,vmf_pca100_lloyd100,reliability_across_halves,tldr17,bookcorpus,0.12197361067359189
real,vmf_pca100_lloyd100_bm_degree,fidelity_across_halves,tldr17,bookcorpus,0.355777835173481
real,vmf_pca100_lloyd100_bm_degree,reliability_across_halves,tldr17,bookcorpus,0.07726425325300815
real,vmf_pca100_lloyd100_bm_double,fidelity_across_halves,tldr17,bookcorpus,0.3839200529460466
real,vmf_pca100_lloyd100_bm_double,reliability_across_halves,tldr17,bookcorpus,0.0816151610783653
real,vmf_pca100_lloyd100_bm_raw,fidelity_across_halves,tldr17,bookcorpus,0.42095325443830184
real,vmf_pca100_lloyd100_bm_raw,reliability_across_halves,tldr17,bookcorpus,0.09241427854099792
real,vmf_pca100_lloyd100_coassoc,fidelity_across_halves,tldr17,bookcorpus,0.29376953633809627
real,vmf_pca100_lloyd100_coassoc,reliability_across_halves,tldr17,bookcorpus,0.11272507460707198
real,vmf_pca100_lloyd100_coassoc_bm_degree,fidelity_across_halves,tldr17,bookcorpus,0.35760866167319344
real,vmf_pca100_lloyd100_coassoc_bm_degree,reliability_across_halves,tldr17,bookcorpus,0.0730679796407521
real,vmf_pca100_lloyd100_n200,fidelity_across_halves,tldr17,bookcorpus,0.29788317298368616
real,vmf_pca100_lloyd100_n200,reliability_across_halves,tldr17,bookcorpus,0.12396596342989799
real,vmf_pca100_lloyd100_n200_coassoc,fidelity_across_halves,tldr17,bookcorpus,0.29722342273840063
real,vmf_pca100_lloyd100_n200_coassoc,reliability_across_halves,tldr17,bookcorpus,0.11629920348650241
real,vmf_pca100_lloyd200,fidelity_across_halves,tldr17,bookcorpus,0.32293295645463477
real,vmf_pca100_lloyd200,reliability_across_halves,tldr17,bookcorpus,0.10469590965098662
real,vmf_pca100_lloyd200_bm_degree,fidelity_across_halves,tldr17,bookcorpus,0.37588968908661713
real,vmf_pca100_lloyd200_bm_degree,reliability_across_halves,tldr17,bookcorpus,0.06601481660661693
real,vmf_pca100_lloyd50,fidelity_across_halves,tldr17,bookcorpus,0.2726221854132838
real,vmf_pca100_lloyd50,reliability_across_halves,tldr17,bookcorpus,0.12334750405633066
real,vmf_pca100_lloyd50_bm_degree,fidelity_across_halves,tldr17,bookcorpus,0.3370509043558604
real,vmf_pca100_lloyd50_bm_degree,reliability_across_halves,tldr17,bookcorpus,0.09035713581799437
real,vmf_sparse_pca100_lloyd100,fidelity_across_halves,tldr17,bookcorpus,0.29937502445827024
real,vmf_sparse_pca100_lloyd100,reliability_across_halves,tldr17,bookcorpus,0.12320595742459599
real,vmf_sparse_pca100_lloyd100_bm_degree,fidelity_across_halves,tldr17,bookcorpus,0.35590561549528593
real,vmf_sparse_pca100_lloyd100_bm_degree,reliability_across_halves,tldr17,bookcorpus,0.0669199708505189
real,(ceiling),fidelity_across_halves,tldr17,agnews,0.46603723182248685
real,vmf_pca100_lloyd100,fidelity_across_halves,tldr17,agnews,0.2497295997682679
real,vmf_pca100_lloyd100,reliability_across_halves,tldr17,agnews,0.08533583106700621
real,vmf_pca100_lloyd100_bm_degree,fidelity_across_halves,tldr17,agnews,0.30026311936887673
real,vmf_pca100_lloyd100_bm_degree,reliability_across_halves,tldr17,agnews,0.06193256699859152
real,vmf_pca100_lloyd100_bm_double,fidelity_across_halves,tldr17,agnews,0.32433768377513966
real,vmf_pca100_lloyd100_bm_double,reliability_across_halves,tldr17,agnews,0.07167870566530878
real,vmf_pca100_lloyd100_bm_raw,fidelity_across_halves,tldr17,agnews,0.3558727021721267
real,vmf_pca100_lloyd100_bm_raw,reliability_across_halves,tldr17,agnews,0.06786026564926491
real,vmf_pca100_lloyd100_coassoc,fidelity_across_halves,tldr17,agnews,0.2486694191467458
real,vmf_pca100_lloyd100_coassoc,reliability_across_halves,tldr17,agnews,0.08457406072553712
real,vmf_pca100_lloyd100_coassoc_bm_degree,fidelity_across_halves,tldr17,agnews,0.304294058753938
real,vmf_pca100_lloyd100_coassoc_bm_degree,reliability_across_halves,tldr17,agnews,0.06209710527130883
real,vmf_pca100_lloyd100_n200,fidelity_across_halves,tldr17,agnews,0.25289568118228767
real,vmf_pca100_lloyd100_n200,reliability_across_halves,tldr17,agnews,0.0870196851164553
real,vmf_pca100_lloyd100_n200_coassoc,fidelity_across_halves,tldr17,agnews,0.2490272200385401
real,vmf_pca100_lloyd100_n200_coassoc,reliability_across_halves,tldr17,agnews,0.08850836353859035
real,vmf_pca100_lloyd200,fidelity_across_halves,tldr17,agnews,0.27167135523884894
real,vmf_pca100_lloyd200,reliability_across_halves,tldr17,agnews,0.0747110217056809
real,vmf_pca100_lloyd200_bm_degree,fidelity_across_halves,tldr17,agnews,0.3182772971533625
real,vmf_pca100_lloyd200_bm_degree,reliability_across_halves,tldr17,agnews,0.055591628001027585
real,vmf_pca100_lloyd50,fidelity_across_halves,tldr17,agnews,0.22604957451643398
real,vmf_pca100_lloyd50,reliability_across_halves,tldr17,agnews,0.10034583824461146
real,vmf_pca100_lloyd50_bm_degree,fidelity_across_halves,tldr17,agnews,0.2846817247604484
real,vmf_pca100_lloyd50_bm_degree,reliability_across_halves,tldr17,agnews,0.07681092938187846
real,vmf_sparse_pca100_lloyd100,fidelity_across_halves,tldr17,agnews,0.2548979095244777
real,vmf_sparse_pca100_lloyd100,reliability_across_halves,tldr17,agnews,0.09179530556831737
real,vmf_sparse_pca100_lloyd100_bm_degree,fidelity_across_halves,tldr17,agnews,0.30014333864671705
real,vmf_sparse_pca100_lloyd100_bm_degree,reliability_across_halves,tldr17,agnews,0.06030121307732011
null,(ceiling),fidelity_within,wikitext,wikitext,-0.1737097422764593
null,(ceiling),fidelity_within_r,wikitext,wikitext,0.4132720715095922
null,vmf_pca100_lloyd100,reliability_within,wikitext,wikitext,0.06589503954024399
null,vmf_pca100_lloyd100,reliability_within_coassoc,wikitext,wikitext,0.19992526436962674
null,vmf_pca100_lloyd100,fidelity_within,wikitext,wikitext,0.19336999097026375
null,vmf_pca100_lloyd100,fidelity_within_r,wikitext,wikitext,0.4422348083062048
null,vmf_pca100_lloyd100,fidelity_within_insample,wikitext,wikitext,0.23916913261507133
null,vmf_pca100_lloyd100,reliability_ceiling,wikitext,wikitext,0.40449474870055807
null,vmf_pca100_lloyd100,triviality_ami_layer,wikitext,wikitext,0.055338783498772526
null,vmf_pca100_lloyd100,triviality_ami_dimension,wikitext,wikitext,4.655500023612646e-05
null,vmf_pca100_lloyd100,triviality_ami_hubness,wikitext,wikitext,0.2902022702863476
null,vmf_pca100_lloyd100,triviality_n_effective_networks,wikitext,wikitext,100.0
null,vmf_pca100_lloyd100,triviality_entropy_effective_networks,wikitext,wikitext,64.88119771200837
null,vmf_pca100_lloyd100,triviality_median_max_membership,wikitext,wikitext,0.425
null,vmf_pca100_lloyd100,triviality_frac_confident,wikitext,wikitext,0.30408653846153844
null,vmf_pca100_lloyd100_bm_degree,reliability_within,wikitext,wikitext,0.06395399145101084
null,vmf_pca100_lloyd100_bm_degree,reliability_within_coassoc,wikitext,wikitext,0.19992526436962674
null,vmf_pca100_lloyd100_bm_degree,fidelity_within,wikitext,wikitext,0.35105805721777206
null,vmf_pca100_lloyd100_bm_degree,fidelity_within_r,wikitext,wikitext,0.5950796037461217
null,vmf_pca100_lloyd100_bm_degree,fidelity_within_insample,wikitext,wikitext,0.4228513574998606
null,vmf_pca100_lloyd100_bm_degree,reliability_ceiling,wikitext,wikitext,0.32057284521633866
null,vmf_pca100_lloyd100_bm_degree,triviality_ami_layer,wikitext,wikitext,0.06024553377370654
null,vmf_pca100_lloyd100_bm_degree,triviality_ami_dimension,wikitext,wikitext,-0.00021261824247823785
null,vmf_pca100_lloyd100_bm_degree,triviality_ami_hubness,wikitext,wikitext,0.33563376776927856
null,vmf_pca100_lloyd100_bm_degree,triviality_n_effective_networks,wikitext,wikitext,100.0
null,vmf_pca100_lloyd100_bm_degree,triviality_entropy_effective_networks,wikitext,wikitext,65.79449761508147
null,vmf_pca100_lloyd100_bm_degree,triviality_median_max_membership,wikitext,wikitext,1.0
null,vmf_pca100_lloyd100_bm_degree,triviality_frac_confident,wikitext,wikitext,1.0
null,vmf_pca100_lloyd100_bm_double,reliability_within,wikitext,wikitext,0.07611382969601985
null,vmf_pca100_lloyd100_bm_double,reliability_within_coassoc,wikitext,wikitext,0.19992526436962674
null,vmf_pca100_lloyd100_bm_double,fidelity_within,wikitext,wikitext,0.3533897148265166
null,vmf_pca100_lloyd100_bm_double,fidelity_within_r,wikitext,wikitext,0.5968407754699658
null,vmf_pca100_lloyd100_bm_double,fidelity_within_insample,wikitext,wikitext,0.42235595530791015
null,vmf_pca100_lloyd100_bm_double,reliability_ceiling,wikitext,wikitext,0.4097071854923242
null,vmf_pca100_lloyd100_bm_double,triviality_ami_layer,wikitext,wikitext,0.06213327678234528
null,vmf_pca100_lloyd100_bm_double,triviality_ami_dimension,wikitext,wikitext,0.00020474329523415485
null,vmf_pca100_lloyd100_bm_double,triviality_ami_hubness,wikitext,wikitext,0.367253686106249
null,vmf_pca100_lloyd100_bm_double,triviality_n_effective_networks,wikitext,wikitext,100.0
null,vmf_pca100_lloyd100_bm_double,triviality_entropy_effective_networks,wikitext,wikitext,66.46418483011546
null,vmf_pca100_lloyd100_bm_double,triviality_median_max_membership,wikitext,wikitext,1.0
null,vmf_pca100_lloyd100_bm_double,triviality_frac_confident,wikitext,wikitext,1.0
null,vmf_pca100_lloyd100_bm_raw,reliability_within,wikitext,wikitext,0.10784801736836704
null,vmf_pca100_lloyd100_bm_raw,reliability_within_coassoc,wikitext,wikitext,0.19992526436962674
null,vmf_pca100_lloyd100_bm_raw,fidelity_within,wikitext,wikitext,0.36042550207032353
null,vmf_pca100_lloyd100_bm_raw,fidelity_within_r,wikitext,wikitext,0.6021737735380246
null,vmf_pca100_lloyd100_bm_raw,fidelity_within_insample,wikitext,wikitext,0.4209485237710394
null,vmf_pca100_lloyd100_bm_raw,reliability_ceiling,wikitext,wikitext,0.439616024994257
null,vmf_pca100_lloyd100_bm_raw,triviality_ami_layer,wikitext,wikitext,0.06803300922536538
null,vmf_pca100_lloyd100_bm_raw,triviality_ami_dimension,wikitext,wikitext,-0.0007251963797708063
null,vmf_pca100_lloyd100_bm_raw,triviality_ami_hubness,wikitext,wikitext,0.47960725795729986
null,vmf_pca100_lloyd100_bm_raw,triviality_n_effective_networks,wikitext,wikitext,100.0
null,vmf_pca100_lloyd100_bm_raw,triviality_entropy_effective_networks,wikitext,wikitext,65.56182155790046
null,vmf_pca100_lloyd100_bm_raw,triviality_median_max_membership,wikitext,wikitext,1.0
null,vmf_pca100_lloyd100_bm_raw,triviality_frac_confident,wikitext,wikitext,1.0
null,vmf_pca100_lloyd100_coassoc,reliability_within,wikitext,wikitext,0.11017353798095897
null,vmf_pca100_lloyd100_coassoc,reliability_within_coassoc,wikitext,wikitext,0.19992526436962674
null,vmf_pca100_lloyd100_coassoc,fidelity_within,wikitext,wikitext,0.18852223202298468
null,vmf_pca100_lloyd100_coassoc,fidelity_within_r,wikitext,wikitext,0.4361415058387653
null,vmf_pca100_lloyd100_coassoc,fidelity_within_insample,wikitext,wikitext,0.227751853522546
null,vmf_pca100_lloyd100_coassoc,reliability_ceiling,wikitext,wikitext,0.5322296643842421
null,vmf_pca100_lloyd100_coassoc,triviality_ami_layer,wikitext,wikitext,0.05662661226636004
null,vmf_pca100_lloyd100_coassoc,triviality_ami_dimension,wikitext,wikitext,-0.0020421789825346157
null,vmf_pca100_lloyd100_coassoc,triviality_ami_hubness,wikitext,wikitext,0.28405026107194586
null,vmf_pca100_lloyd100_coassoc,triviality_n_effective_networks,wikitext,wikitext,100.0
null,vmf_pca100_lloyd100_coassoc,triviality_entropy_effective_networks,wikitext,wikitext,52.06724950862551
null,vmf_pca100_lloyd100_coassoc,triviality_median_max_membership,wikitext,wikitext,1.0
null,vmf_pca100_lloyd100_coassoc,triviality_frac_confident,wikitext,wikitext,1.0
null,vmf_pca100_lloyd100_coassoc_bm_degree,reliability_within,wikitext,wikitext,0.07962429090321939
null,vmf_pca100_lloyd100_coassoc_bm_degree,reliability_within_coassoc,wikitext,wikitext,0.19992526436962674
null,vmf_pca100_lloyd100_coassoc_bm_degree,fidelity_within,wikitext,wikitext,0.36413102026856947
null,vmf_pca100_lloyd100_coassoc_bm_degree,fidelity_within_r,wikitext,wikitext,0.604648825769197
null,vmf_pca100_lloyd100_coassoc_bm_degree,fidelity_within_insample,wikitext,wikitext,0.4132406816980424
null,vmf_pca100_lloyd100_coassoc_bm_degree,reliability_ceiling,wikitext,wikitext,0.3385867918172858
null,vmf_pca100_lloyd100_coassoc_bm_degree,triviality_ami_layer,wikitext,wikitext,0.0629881787050612
null,vmf_pca100_lloyd100_coassoc_bm_degree,triviality_ami_dimension,wikitext,wikitext,-0.00026731674864854986
null,vmf_pca100_lloyd100_coassoc_bm_degree,triviality_ami_hubness,wikitext,wikitext,0.3427494880922394
null,vmf_pca100_lloyd100_coassoc_bm_degree,triviality_n_effective_networks,wikitext,wikitext,100.0
null,vmf_pca100_lloyd100_coassoc_bm_degree,triviality_entropy_effective_networks,wikitext,wikitext,64.70365962296754
null,vmf_pca100_lloyd100_coassoc_bm_degree,triviality_median_max_membership,wikitext,wikitext,1.0
null,vmf_pca100_lloyd100_coassoc_bm_degree,triviality_frac_confident,wikitext,wikitext,1.0
null,vmf_pca100_lloyd100_n200,reliability_within,wikitext,wikitext,0.08017057656897132
null,vmf_pca100_lloyd100_n200,reliability_within_coassoc,wikitext,wikitext,0.21561697058032173
null,vmf_pca100_lloyd100_n200,fidelity_within,wikitext,wikitext,0.18854350552333687
null,vmf_pca100_lloyd100_n200,fidelity_within_r,wikitext,wikitext,0.4376440238036337
null,vmf_pca100_lloyd100_n200,fidelity_within_insample,wikitext,wikitext,0.24226690481401536
null,vmf_pca100_lloyd100_n200,reliability_ceiling,wikitext,wikitext,0.5675848560229011
null,vmf_pca100_lloyd100_n200,triviality_ami_layer,wikitext,wikitext,0.05718106397343366
null,vmf_pca100_lloyd100_n200,triviality_ami_dimension,wikitext,wikitext,-0.0014104997552859952
null,vmf_pca100_lloyd100_n200,triviality_ami_hubness,wikitext,wikitext,0.2922658478881981
null,vmf_pca100_lloyd100_n200,triviality_n_effective_networks,wikitext,wikitext,100.0
null,vmf_pca100_lloyd100_n200,triviality_entropy_effective_networks,wikitext,wikitext,64.24523330170737
null,vmf_pca100_lloyd100_n200,triviality_median_max_membership,wikitext,wikitext,0.4
null,vmf_pca100_lloyd100_n200,triviality_frac_confident,wikitext,wikitext,0.2825520833333333
null,vmf_pca100_lloyd100_n200_coassoc,reliability_within,wikitext,wikitext,0.12436731190140485
null,vmf_pca100_lloyd100_n200_coassoc,reliability_within_coassoc,wikitext,wikitext,0.21561697058032173
null,vmf_pca100_lloyd100_n200_coassoc,fidelity_within,wikitext,wikitext,0.1957278840206108
null,vmf_pca100_lloyd100_n200_coassoc,fidelity_within_r,wikitext,wikitext,0.4440508136488777
null,vmf_pca100_lloyd100_n200_coassoc,fidelity_within_insample,wikitext,wikitext,0.23238783448202982
null,vmf_pca100_lloyd100_n200_coassoc,reliability_ceiling,wikitext,wikitext,0.6278287377407509
null,vmf_pca100_lloyd100_n200_coassoc,triviality_ami_layer,wikitext,wikitext,0.0577934902148172
null,vmf_pca100_lloyd100_n200_coassoc,triviality_ami_dimension,wikitext,wikitext,-0.0021902590764676646
null,vmf_pca100_lloyd100_n200_coassoc,triviality_ami_hubness,wikitext,wikitext,0.2867374300299562
null,vmf_pca100_lloyd100_n200_coassoc,triviality_n_effective_networks,wikitext,wikitext,100.0
null,vmf_pca100_lloyd100_n200_coassoc,triviality_entropy_effective_networks,wikitext,wikitext,48.64987948705965
null,vmf_pca100_lloyd100_n200_coassoc,triviality_median_max_membership,wikitext,wikitext,1.0
null,vmf_pca100_lloyd100_n200_coassoc,triviality_frac_confident,wikitext,wikitext,1.0
null,vmf_pca100_lloyd200,reliability_within,wikitext,wikitext,0.03294803044106012
null,vmf_pca100_lloyd200,reliability_within_coassoc,wikitext,wikitext,0.14771673903432997
null,vmf_pca100_lloyd200,fidelity_within,wikitext,wikitext,0.20850747551513782
null,vmf_pca100_lloyd200,fidelity_within_r,wikitext,wikitext,0.46318615675284547
null,vmf_pca100_lloyd200,fidelity_within_insample,wikitext,wikitext,0.2924071196804089
null,vmf_pca100_lloyd200,reliability_ceiling,wikitext,wikitext,0.26123692953925914
null,vmf_pca100_lloyd200,triviality_ami_layer,wikitext,wikitext,0.0510856129294055
null,vmf_pca100_lloyd200,triviality_ami_dimension,wikitext,wikitext,-0.0006982217376578919
null,vmf_pca100_lloyd200,triviality_ami_hubness,wikitext,wikitext,0.25834255220830965
null,vmf_pca100_lloyd200,triviality_n_effective_networks,wikitext,wikitext,200.0
null,vmf_pca100_lloyd200,triviality_entropy_effective_networks,wikitext,wikitext,127.99858914186177
null,vmf_pca100_lloyd200,triviality_median_max_membership,wikitext,wikitext,0.325
null,vmf_pca100_lloyd200,triviality_frac_confident,wikitext,wikitext,0.14072516025641027
null,vmf_pca100_lloyd200_bm_degree,reliability_within,wikitext,wikitext,0.02926929433069016
null,vmf_pca100_lloyd200_bm_degree,reliability_within_coassoc,wikitext,wikitext,0.14771673903432997
null,vmf_pca100_lloyd200_bm_degree,fidelity_within,wikitext,wikitext,0.33901080079259316
null,vmf_pca100_lloyd200_bm_degree,fidelity_within_r,wikitext,wikitext,0.5873465536324325
null,vmf_pca100_lloyd200_bm_degree,fidelity_within_insample,wikitext,wikitext,0.44147594109673405
null,vmf_pca100_lloyd200_bm_degree,reliability_ceiling,wikitext,wikitext,0.1983449157007699
null,vmf_pca100_lloyd200_bm_degree,triviality_ami_layer,wikitext,wikitext,0.05474381944235972
null,vmf_pca100_lloyd200_bm_degree,triviality_ami_dimension,wikitext,wikitext,-0.00045915034676392136
null,vmf_pca100_lloyd200_bm_degree,triviality_ami_hubness,wikitext,wikitext,0.28685850560751314
null,vmf_pca100_lloyd200_bm_degree,triviality_n_effective_networks,wikitext,wikitext,200.0
null,vmf_pca100_lloyd200_bm_degree,triviality_entropy_effective_networks,wikitext,wikitext,127.99135485855182
null,vmf_pca100_lloyd200_bm_degree,triviality_median_max_membership,wikitext,wikitext,1.0
null,vmf_pca100_lloyd200_bm_degree,triviality_frac_confident,wikitext,wikitext,1.0
null,vmf_pca100_lloyd50,reliability_within,wikitext,wikitext,0.1534245692935132
null,vmf_pca100_lloyd50,reliability_within_coassoc,wikitext,wikitext,0.28773560273452314
null,vmf_pca100_lloyd50,fidelity_within,wikitext,wikitext,0.18008778033456618
null,vmf_pca100_lloyd50,fidelity_within_r,wikitext,wikitext,0.42593475436798905
null,vmf_pca100_lloyd50,fidelity_within_insample,wikitext,wikitext,0.21375662096745174
null,vmf_pca100_lloyd50,reliability_ceiling,wikitext,wikitext,0.602789622494842
null,vmf_pca100_lloyd50,triviality_ami_layer,wikitext,wikitext,0.06241342634157355
null,vmf_pca100_lloyd50,triviality_ami_dimension,wikitext,wikitext,-0.0035356829711695233
null,vmf_pca100_lloyd50,triviality_ami_hubness,wikitext,wikitext,0.3208946672760432
null,vmf_pca100_lloyd50,triviality_n_effective_networks,wikitext,wikitext,50.0
null,vmf_pca100_lloyd50,triviality_entropy_effective_networks,wikitext,wikitext,31.556545593331997
null,vmf_pca100_lloyd50,triviality_median_max_membership,wikitext,wikitext,0.55
null,vmf_pca100_lloyd50,triviality_frac_confident,wikitext,wikitext,0.5728165064102564
null,vmf_pca100_lloyd50_bm_degree,reliability_within,wikitext,wikitext,0.1478175851369814
null,vmf_pca100_lloyd50_bm_degree,reliability_within_coassoc,wikitext,wikitext,0.28773560273452314
null,vmf_pca100_lloyd50_bm_degree,fidelity_within,wikitext,wikitext,0.3565555686221886
null,vmf_pca100_lloyd50_bm_degree,fidelity_within_r,wikitext,wikitext,0.5986773406368227
null,vmf_pca100_lloyd50_bm_degree,fidelity_within_insample,wikitext,wikitext,0.4117186309075199
null,vmf_pca100_lloyd50_bm_degree,reliability_ceiling,wikitext,wikitext,0.4354781047709597
null,vmf_pca100_lloyd50_bm_degree,triviality_ami_layer,wikitext,wikitext,0.06865728173633591
null,vmf_pca100_lloyd50_bm_degree,triviality_ami_dimension,wikitext,wikitext,1.4962586757527451e-05
null,vmf_pca100_lloyd50_bm_degree,triviality_ami_hubness,wikitext,wikitext,0.36184531593090785
null,vmf_pca100_lloyd50_bm_degree,triviality_n_effective_networks,wikitext,wikitext,50.0
null,vmf_pca100_lloyd50_bm_degree,triviality_entropy_effective_networks,wikitext,wikitext,28.127715305071163
null,vmf_pca100_lloyd50_bm_degree,triviality_median_max_membership,wikitext,wikitext,1.0
null,vmf_pca100_lloyd50_bm_degree,triviality_frac_confident,wikitext,wikitext,1.0
null,vmf_sparse_pca100_lloyd100,reliability_within,wikitext,wikitext,0.1623949957417346
null,vmf_sparse_pca100_lloyd100,reliability_within_coassoc,wikitext,wikitext,0.2812812976079427
null,vmf_sparse_pca100_lloyd100,fidelity_within,wikitext,wikitext,0.1439343309853467
null,vmf_sparse_pca100_lloyd100,fidelity_within_r,wikitext,wikitext,0.38128249497672734
null,vmf_sparse_pca100_lloyd100,fidelity_within_insample,wikitext,wikitext,0.17569837102613917
null,vmf_sparse_pca100_lloyd100,reliability_ceiling,wikitext,wikitext,0.6681790877577002
null,vmf_sparse_pca100_lloyd100,triviality_ami_layer,wikitext,wikitext,0.0485854888586609
null,vmf_sparse_pca100_lloyd100,triviality_ami_dimension,wikitext,wikitext,-0.001627881329663724
null,vmf_sparse_pca100_lloyd100,triviality_ami_hubness,wikitext,wikitext,0.2255123165289079
null,vmf_sparse_pca100_lloyd100,triviality_n_effective_networks,wikitext,wikitext,100.0
null,vmf_sparse_pca100_lloyd100,triviality_entropy_effective_networks,wikitext,wikitext,57.83202149835608
null,vmf_sparse_pca100_lloyd100,triviality_median_max_membership,wikitext,wikitext,0.475
null,vmf_sparse_pca100_lloyd100,triviality_frac_confident,wikitext,wikitext,0.41235977564102566
null,vmf_sparse_pca100_lloyd100_bm_degree,reliability_within,wikitext,wikitext,0.08586771514022047
null,vmf_sparse_pca100_lloyd100_bm_degree,reliability_within_coassoc,wikitext,wikitext,0.2812812976079427
null,vmf_sparse_pca100_lloyd100_bm_degree,fidelity_within,wikitext,wikitext,0.36158165661972586
null,vmf_sparse_pca100_lloyd100_bm_degree,fidelity_within_r,wikitext,wikitext,0.6027651390953199
null,vmf_sparse_pca100_lloyd100_bm_degree,fidelity_within_insample,wikitext,wikitext,0.41523498973241735
null,vmf_sparse_pca100_lloyd100_bm_degree,reliability_ceiling,wikitext,wikitext,0.36969168657294926
null,vmf_sparse_pca100_lloyd100_bm_degree,triviality_ami_layer,wikitext,wikitext,0.06329185427469207
null,vmf_sparse_pca100_lloyd100_bm_degree,triviality_ami_dimension,wikitext,wikitext,0.00020361018076509065
null,vmf_sparse_pca100_lloyd100_bm_degree,triviality_ami_hubness,wikitext,wikitext,0.34097170164210555
null,vmf_sparse_pca100_lloyd100_bm_degree,triviality_n_effective_networks,wikitext,wikitext,100.0
null,vmf_sparse_pca100_lloyd100_bm_degree,triviality_entropy_effective_networks,wikitext,wikitext,60.857056615489526
null,vmf_sparse_pca100_lloyd100_bm_degree,triviality_median_max_membership,wikitext,wikitext,1.0
null,vmf_sparse_pca100_lloyd100_bm_degree,triviality_frac_confident,wikitext,wikitext,1.0
null,(ceiling),fidelity_within,bookcorpus,bookcorpus,-0.0722988156652864
null,(ceiling),fidelity_within_r,bookcorpus,bookcorpus,0.46358406201352853
null,vmf_pca100_lloyd100,reliability_within,bookcorpus,bookcorpus,0.07068323380003953
null,vmf_pca100_lloyd100,reliability_within_coassoc,bookcorpus,bookcorpus,0.23163073447829638
null,vmf_pca100_lloyd100,fidelity_within,bookcorpus,bookcorpus,0.1508445100519198
null,vmf_pca100_lloyd100,fidelity_within_r,bookcorpus,bookcorpus,0.39075792563599876
null,vmf_pca100_lloyd100,fidelity_within_insample,bookcorpus,bookcorpus,0.18830460996211051
null,vmf_pca100_lloyd100,reliability_ceiling,bookcorpus,bookcorpus,0.4800322069587626
null,vmf_pca100_lloyd100,triviality_ami_layer,bookcorpus,bookcorpus,0.03215512706402826
null,vmf_pca100_lloyd100,triviality_ami_dimension,bookcorpus,bookcorpus,0.0005282253521243183
null,vmf_pca100_lloyd100,triviality_ami_hubness,bookcorpus,bookcorpus,0.17867471740560034
null,vmf_pca100_lloyd100,triviality_n_effective_networks,bookcorpus,bookcorpus,100.0
null,vmf_pca100_lloyd100,triviality_entropy_effective_networks,bookcorpus,bookcorpus,56.125484771963684
null,vmf_pca100_lloyd100,triviality_median_max_membership,bookcorpus,bookcorpus,0.475
null,vmf_pca100_lloyd100,triviality_frac_confident,bookcorpus,bookcorpus,0.40414663461538464
null,vmf_pca100_lloyd100_bm_degree,reliability_within,bookcorpus,bookcorpus,0.0620852112187333
null,vmf_pca100_lloyd100_bm_degree,reliability_within_coassoc,bookcorpus,bookcorpus,0.23163073447829638
null,vmf_pca100_lloyd100_bm_degree,fidelity_within,bookcorpus,bookcorpus,0.4089642909846425
null,vmf_pca100_lloyd100_bm_degree,fidelity_within_r,bookcorpus,bookcorpus,0.6407974928374468
null,vmf_pca100_lloyd100_bm_degree,fidelity_within_insample,bookcorpus,bookcorpus,0.4648941267274489
null,vmf_pca100_lloyd100_bm_degree,reliability_ceiling,bookcorpus,bookcorpus,0.3935648152190137
null,vmf_pca100_lloyd100_bm_degree,triviality_ami_layer,bookcorpus,bookcorpus,0.030167704149417735
null,vmf_pca100_lloyd100_bm_degree,triviality_ami_dimension,bookcorpus,bookcorpus,-4.669056006315521e-05
null,vmf_pca100_lloyd100_bm_degree,triviality_ami_hubness,bookcorpus,bookcorpus,0.16368797132019516
null,vmf_pca100_lloyd100_bm_degree,triviality_n_effective_networks,bookcorpus,bookcorpus,100.0
null,vmf_pca100_lloyd100_bm_degree,triviality_entropy_effective_networks,bookcorpus,bookcorpus,55.11772698683567
null,vmf_pca100_lloyd100_bm_degree,triviality_median_max_membership,bookcorpus,bookcorpus,1.0
null,vmf_pca100_lloyd100_bm_degree,triviality_frac_confident,bookcorpus,bookcorpus,1.0
null,vmf_pca100_lloyd100_bm_double,reliability_within,bookcorpus,bookcorpus,0.07146303678065992
null,vmf_pca100_lloyd100_bm_double,reliability_within_coassoc,bookcorpus,bookcorpus,0.23163073447829638
null,vmf_pca100_lloyd100_bm_double,fidelity_within,bookcorpus,bookcorpus,0.40970424109666836
null,vmf_pca100_lloyd100_bm_double,fidelity_within_r,bookcorpus,bookcorpus,0.64135654993233
null,vmf_pca100_lloyd100_bm_double,fidelity_within_insample,bookcorpus,bookcorpus,0.46526746342738845
null,vmf_pca100_lloyd100_bm_double,reliability_ceiling,bookcorpus,bookcorpus,0.4711923083556397
null,vmf_pca100_lloyd100_bm_double,triviality_ami_layer,bookcorpus,bookcorpus,0.03189119339170756
null,vmf_pca100_lloyd100_bm_double,triviality_ami_dimension,bookcorpus,bookcorpus,0.001258432183281161
null,vmf_pca100_lloyd100_bm_double,triviality_ami_hubness,bookcorpus,bookcorpus,0.1915544004806497
null,vmf_pca100_lloyd100_bm_double,triviality_n_effective_networks,bookcorpus,bookcorpus,100.0
null,vmf_pca100_lloyd100_bm_double,triviality_entropy_effective_networks,bookcorpus,bookcorpus,55.02547766083819
null,vmf_pca100_lloyd100_bm_double,triviality_median_max_membership,bookcorpus,bookcorpus,1.0
null,vmf_pca100_lloyd100_bm_double,triviality_frac_confident,bookcorpus,bookcorpus,1.0
null,vmf_pca100_lloyd100_bm_raw,reliability_within,bookcorpus,bookcorpus,0.11744258661911788
null,vmf_pca100_lloyd100_bm_raw,reliability_within_coassoc,bookcorpus,bookcorpus,0.23163073447829638
null,vmf_pca100_lloyd100_bm_raw,fidelity_within,bookcorpus,bookcorpus,0.41287767743971004
null,vmf_pca100_lloyd100_bm_raw,fidelity_within_r,bookcorpus,bookcorpus,0.6436946226575306
null,vmf_pca100_lloyd100_bm_raw,fidelity_within_insample,bookcorpus,bookcorpus,0.46552851981830945
null,vmf_pca100_lloyd100_bm_raw,reliability_ceiling,bookcorpus,bookcorpus,0.4430829871284771
null,vmf_pca100_lloyd100_bm_raw,triviality_ami_layer,bookcorpus,bookcorpus,0.052852009296147674
null,vmf_pca100_lloyd100_bm_raw,triviality_ami_dimension,bookcorpus,bookcorpus,0.0008625163713875571
null,vmf_pca100_lloyd100_bm_raw,triviality_ami_hubness,bookcorpus,bookcorpus,0.34324919845025986
null,vmf_pca100_lloyd100_bm_raw,triviality_n_effective_networks,bookcorpus,bookcorpus,99.0
null,vmf_pca100_lloyd100_bm_raw,triviality_entropy_effective_networks,bookcorpus,bookcorpus,55.59376368607146
null,vmf_pca100_lloyd100_bm_raw,triviality_median_max_membership,bookcorpus,bookcorpus,1.0
null,vmf_pca100_lloyd100_bm_raw,triviality_frac_confident,bookcorpus,bookcorpus,1.0
null,vmf_pca100_lloyd100_coassoc,reliability_within,bookcorpus,bookcorpus,0.24229092289250487
null,vmf_pca100_lloyd100_coassoc,reliability_within_coassoc,bookcorpus,bookcorpus,0.23163073447829638
null,vmf_pca100_lloyd100_coassoc,fidelity_within,bookcorpus,bookcorpus,0.1523863563536474
null,vmf_pca100_lloyd100_coassoc,fidelity_within_r,bookcorpus,bookcorpus,0.39258050848389037
null,vmf_pca100_lloyd100_coassoc,fidelity_within_insample,bookcorpus,bookcorpus,0.188715606752767
null,vmf_pca100_lloyd100_coassoc,reliability_ceiling,bookcorpus,bookcorpus,0.6145849543928491
null,vmf_pca100_lloyd100_coassoc,triviality_ami_layer,bookcorpus,bookcorpus,0.03214937483926709
null,vmf_pca100_lloyd100_coassoc,triviality_ami_dimension,bookcorpus,bookcorpus,-0.00045284025917004294
null,vmf_pca100_lloyd100_coassoc,triviality_ami_hubness,bookcorpus,bookcorpus,0.17813699805633626
null,vmf_pca100_lloyd100_coassoc,triviality_n_effective_networks,bookcorpus,bookcorpus,100.0
null,vmf_pca100_lloyd100_coassoc,triviality_entropy_effective_networks,bookcorpus,bookcorpus,46.19379541250143
null,vmf_pca100_lloyd100_coassoc,triviality_median_max_membership,bookcorpus,bookcorpus,1.0
null,vmf_pca100_lloyd100_coassoc,triviality_frac_confident,bookcorpus,bookcorpus,1.0
null,vmf_pca100_lloyd100_coassoc_bm_degree,reliability_within,bookcorpus,bookcorpus,0.09612708316482903
null,vmf_pca100_lloyd100_coassoc_bm_degree,reliability_within_coassoc,bookcorpus,bookcorpus,0.23163073447829638
null,vmf_pca100_lloyd100_coassoc_bm_degree,fidelity_within,bookcorpus,bookcorpus,0.40898713200484593
null,vmf_pca100_lloyd100_coassoc_bm_degree,fidelity_within_r,bookcorpus,bookcorpus,0.6407545431327781
null,vmf_pca100_lloyd100_coassoc_bm_degree,fidelity_within_insample,bookcorpus,bookcorpus,0.46351524846024994
null,vmf_pca100_lloyd100_coassoc_bm_degree,reliability_ceiling,bookcorpus,bookcorpus,0.3824639178273402
null,vmf_pca100_lloyd100_coassoc_bm_degree,triviality_ami_layer,bookcorpus,bookcorpus,0.03054884466641214
null,vmf_pca100_lloyd100_coassoc_bm_degree,triviality_ami_dimension,bookcorpus,bookcorpus,-0.0002523612740081527
null,vmf_pca100_lloyd100_coassoc_bm_degree,triviality_ami_hubness,bookcorpus,bookcorpus,0.16983438868539835
null,vmf_pca100_lloyd100_coassoc_bm_degree,triviality_n_effective_networks,bookcorpus,bookcorpus,100.0
null,vmf_pca100_lloyd100_coassoc_bm_degree,triviality_entropy_effective_networks,bookcorpus,bookcorpus,55.153909712693185
null,vmf_pca100_lloyd100_coassoc_bm_degree,triviality_median_max_membership,bookcorpus,bookcorpus,1.0
null,vmf_pca100_lloyd100_coassoc_bm_degree,triviality_frac_confident,bookcorpus,bookcorpus,1.0
null,vmf_pca100_lloyd100_n200,reliability_within,bookcorpus,bookcorpus,0.0861244684844016
null,vmf_pca100_lloyd100_n200,reliability_within_coassoc,bookcorpus,bookcorpus,0.2537869851555343
null,vmf_pca100_lloyd100_n200,fidelity_within,bookcorpus,bookcorpus,0.16098460468551323
null,vmf_pca100_lloyd100_n200,fidelity_within_r,bookcorpus,bookcorpus,0.4033648975018675
null,vmf_pca100_lloyd100_n200,fidelity_within_insample,bookcorpus,bookcorpus,0.19805138144016032
null,vmf_pca100_lloyd100_n200,reliability_ceiling,bookcorpus,bookcorpus,0.5792503585932337
null,vmf_pca100_lloyd100_n200,triviality_ami_layer,bookcorpus,bookcorpus,0.03355387793498439
null,vmf_pca100_lloyd100_n200,triviality_ami_dimension,bookcorpus,bookcorpus,-0.0001901451877525547
null,vmf_pca100_lloyd100_n200,triviality_ami_hubness,bookcorpus,bookcorpus,0.17804465726466034
null,vmf_pca100_lloyd100_n200,triviality_n_effective_networks,bookcorpus,bookcorpus,100.0
null,vmf_pca100_lloyd100_n200,triviality_entropy_effective_networks,bookcorpus,bookcorpus,53.90832150263053
null,vmf_pca100_lloyd100_n200,triviality_median_max_membership,bookcorpus,bookcorpus,0.465
null,vmf_pca100_lloyd100_n200,triviality_frac_confident,bookcorpus,bookcorpus,0.42568108974358976
null,vmf_pca100_lloyd100_n200_coassoc,reliability_within,bookcorpus,bookcorpus,0.25804396061709667
null,vmf_pca100_lloyd100_n200_coassoc,reliability_within_coassoc,bookcorpus,bookcorpus,0.2537869851555343
null,vmf_pca100_lloyd100_n200_coassoc,fidelity_within,bookcorpus,bookcorpus,0.15768280319427141
null,vmf_pca100_lloyd100_n200_coassoc,fidelity_within_r,bookcorpus,bookcorpus,0.3987363455655736
null,vmf_pca100_lloyd100_n200_coassoc,fidelity_within_insample,bookcorpus,bookcorpus,0.18931395858983013
null,vmf_pca100_lloyd100_n200_coassoc,reliability_ceiling,bookcorpus,bookcorpus,0.7411627666242643
null,vmf_pca100_lloyd100_n200_coassoc,triviality_ami_layer,bookcorpus,bookcorpus,0.033219626395830475
null,vmf_pca100_lloyd100_n200_coassoc,triviality_ami_dimension,bookcorpus,bookcorpus,0.0003525825796102734
null,vmf_pca100_lloyd100_n200_coassoc,triviality_ami_hubness,bookcorpus,bookcorpus,0.1810852951319861
null,vmf_pca100_lloyd100_n200_coassoc,triviality_n_effective_networks,bookcorpus,bookcorpus,100.0
null,vmf_pca100_lloyd100_n200_coassoc,triviality_entropy_effective_networks,bookcorpus,bookcorpus,43.70604773281219
null,vmf_pca100_lloyd100_n200_coassoc,triviality_median_max_membership,bookcorpus,bookcorpus,1.0
null,vmf_pca100_lloyd100_n200_coassoc,triviality_frac_confident,bookcorpus,bookcorpus,1.0
null,vmf_pca100_lloyd200,reliability_within,bookcorpus,bookcorpus,0.03916625833266904
null,vmf_pca100_lloyd200,reliability_within_coassoc,bookcorpus,bookcorpus,0.16383028409479974
null,vmf_pca100_lloyd200,fidelity_within,bookcorpus,bookcorpus,0.17266904614890344
null,vmf_pca100_lloyd200,fidelity_within_r,bookcorpus,bookcorpus,0.42063357695331455
null,vmf_pca100_lloyd200,fidelity_within_insample,bookcorpus,bookcorpus,0.23635465961597013
null,vmf_pca100_lloyd200,reliability_ceiling,bookcorpus,bookcorpus,0.28587441588682366
null,vmf_pca100_lloyd200,triviality_ami_layer,bookcorpus,bookcorpus,0.02977616445431843
null,vmf_pca100_lloyd200,triviality_ami_dimension,bookcorpus,bookcorpus,-0.0004552136005955972
null,vmf_pca100_lloyd200,triviality_ami_hubness,bookcorpus,bookcorpus,0.15903044992345466
null,vmf_pca100_lloyd200,triviality_n_effective_networks,bookcorpus,bookcorpus,200.0
null,vmf_pca100_lloyd200,triviality_entropy_effective_networks,bookcorpus,bookcorpus,111.28987807996003
null,vmf_pca100_lloyd200,triviality_median_max_membership,bookcorpus,bookcorpus,0.375
null,vmf_pca100_lloyd200,triviality_frac_confident,bookcorpus,bookcorpus,0.23697916666666666
null,vmf_pca100_lloyd200_bm_degree,reliability_within,bookcorpus,bookcorpus,0.027485528158266312
null,vmf_pca100_lloyd200_bm_degree,reliability_within_coassoc,bookcorpus,bookcorpus,0.16383028409479974
null,vmf_pca100_lloyd200_bm_degree,fidelity_within,bookcorpus,bookcorpus,0.3953781572695353
null,vmf_pca100_lloyd200_bm_degree,fidelity_within_r,bookcorpus,bookcorpus,0.6318002806997911
null,vmf_pca100_lloyd200_bm_degree,fidelity_within_insample,bookcorpus,bookcorpus,0.4812581739210906
null,vmf_pca100_lloyd200_bm_degree,reliability_ceiling,bookcorpus,bookcorpus,0.24892029210167466
null,vmf_pca100_lloyd200_bm_degree,triviality_ami_layer,bookcorpus,bookcorpus,0.028979591640996453
null,vmf_pca100_lloyd200_bm_degree,triviality_ami_dimension,bookcorpus,bookcorpus,0.00129166036361094
null,vmf_pca100_lloyd200_bm_degree,triviality_ami_hubness,bookcorpus,bookcorpus,0.14730167649296677
null,vmf_pca100_lloyd200_bm_degree,triviality_n_effective_networks,bookcorpus,bookcorpus,200.0
null,vmf_pca100_lloyd200_bm_degree,triviality_entropy_effective_networks,bookcorpus,bookcorpus,109.63246092683583
null,vmf_pca100_lloyd200_bm_degree,triviality_median_max_membership,bookcorpus,bookcorpus,1.0
null,vmf_pca100_lloyd200_bm_degree,triviality_frac_confident,bookcorpus,bookcorpus,1.0
null,vmf_pca100_lloyd50,reliability_within,bookcorpus,bookcorpus,0.2157145115077128
null,vmf_pca100_lloyd50,reliability_within_coassoc,bookcorpus,bookcorpus,0.37081835683045783
null,vmf_pca100_lloyd50,fidelity_within,bookcorpus,bookcorpus,0.14748006216715792
null,vmf_pca100_lloyd50,fidelity_within_r,bookcorpus,bookcorpus,0.384732693275604
null,vmf_pca100_lloyd50,fidelity_within_insample,bookcorpus,bookcorpus,0.166572078584731
null,vmf_pca100_lloyd50,reliability_ceiling,bookcorpus,bookcorpus,0.7270774497510315
null,vmf_pca100_lloyd50,triviality_ami_layer,bookcorpus,bookcorpus,0.03758259818045886
null,vmf_pca100_lloyd50,triviality_ami_dimension,bookcorpus,bookcorpus,-0.0012548979828031846
null,vmf_pca100_lloyd50,triviality_ami_hubness,bookcorpus,bookcorpus,0.20512633917898096
null,vmf_pca100_lloyd50,triviality_n_effective_networks,bookcorpus,bookcorpus,50.0
null,vmf_pca100_lloyd50,triviality_entropy_effective_networks,bookcorpus,bookcorpus,27.21642579820687
null,vmf_pca100_lloyd50,triviality_median_max_membership,bookcorpus,bookcorpus,0.6
null,vmf_pca100_lloyd50,triviality_frac_confident,bookcorpus,bookcorpus,0.6536458333333334
null,vmf_pca100_lloyd50_bm_degree,reliability_within,bookcorpus,bookcorpus,0.11805893580629419
null,vmf_pca100_lloyd50_bm_degree,reliability_within_coassoc,bookcorpus,bookcorpus,0.37081835683045783
null,vmf_pca100_lloyd50_bm_degree,fidelity_within,bookcorpus,bookcorpus,0.4123090628140782
null,vmf_pca100_lloyd50_bm_degree,fidelity_within_r,bookcorpus,bookcorpus,0.6428581315535171
null,vmf_pca100_lloyd50_bm_degree,fidelity_within_insample,bookcorpus,bookcorpus,0.45443743043232177
null,vmf_pca100_lloyd50_bm_degree,reliability_ceiling,bookcorpus,bookcorpus,0.5055588177331392
null,vmf_pca100_lloyd50_bm_degree,triviality_ami_layer,bookcorpus,bookcorpus,0.03166888944942766
null,vmf_pca100_lloyd50_bm_degree,triviality_ami_dimension,bookcorpus,bookcorpus,-0.00018161983473396
null,vmf_pca100_lloyd50_bm_degree,triviality_ami_hubness,bookcorpus,bookcorpus,0.18796433402116966
null,vmf_pca100_lloyd50_bm_degree,triviality_n_effective_networks,bookcorpus,bookcorpus,50.0
null,vmf_pca100_lloyd50_bm_degree,triviality_entropy_effective_networks,bookcorpus,bookcorpus,28.077240145081266
null,vmf_pca100_lloyd50_bm_degree,triviality_median_max_membership,bookcorpus,bookcorpus,1.0
null,vmf_pca100_lloyd50_bm_degree,triviality_frac_confident,bookcorpus,bookcorpus,1.0
null,vmf_sparse_pca100_lloyd100,reliability_within,bookcorpus,bookcorpus,0.2676374409349017
null,vmf_sparse_pca100_lloyd100,reliability_within_coassoc,bookcorpus,bookcorpus,0.40193333479536586
null,vmf_sparse_pca100_lloyd100,fidelity_within,bookcorpus,bookcorpus,0.10084484765961332
null,vmf_sparse_pca100_lloyd100,fidelity_within_r,bookcorpus,bookcorpus,0.31899556357914094
null,vmf_sparse_pca100_lloyd100,fidelity_within_insample,bookcorpus,bookcorpus,0.12206111926941776
null,vmf_sparse_pca100_lloyd100,reliability_ceiling,bookcorpus,bookcorpus,0.7434375761119825
null,vmf_sparse_pca100_lloyd100,triviality_ami_layer,bookcorpus,bookcorpus,0.029790150975188508
null,vmf_sparse_pca100_lloyd100,triviality_ami_dimension,bookcorpus,bookcorpus,-0.0003931603442837577
null,vmf_sparse_pca100_lloyd100,triviality_ami_hubness,bookcorpus,bookcorpus,0.15548496375201773
null,vmf_sparse_pca100_lloyd100,triviality_n_effective_networks,bookcorpus,bookcorpus,100.0
null,vmf_sparse_pca100_lloyd100,triviality_entropy_effective_networks,bookcorpus,bookcorpus,48.4429220496602
null,vmf_sparse_pca100_lloyd100,triviality_median_max_membership,bookcorpus,bookcorpus,0.525
null,vmf_sparse_pca100_lloyd100,triviality_frac_confident,bookcorpus,bookcorpus,0.5124198717948718
null,vmf_sparse_pca100_lloyd100_bm_degree,reliability_within,bookcorpus,bookcorpus,0.07949414931220368
null,vmf_sparse_pca100_lloyd100_bm_degree,reliability_within_coassoc,bookcorpus,bookcorpus,0.40193333479536586
null,vmf_sparse_pca100_lloyd100_bm_degree,fidelity_within,bookcorpus,bookcorpus,0.41133108920213757
null,vmf_sparse_pca100_lloyd100_bm_degree,fidelity_within_r,bookcorpus,bookcorpus,0.6421754808964515
null,vmf_sparse_pca100_lloyd100_bm_degree,fidelity_within_insample,bookcorpus,bookcorpus,0.45565953803395987
null,vmf_sparse_pca100_lloyd100_bm_degree,reliability_ceiling,bookcorpus,bookcorpus,0.4043028870508862
null,vmf_sparse_pca100_lloyd100_bm_degree,triviality_ami_layer,bookcorpus,bookcorpus,0.036480925719811305
null,vmf_sparse_pca100_lloyd100_bm_degree,triviality_ami_dimension,bookcorpus,bookcorpus,0.0005592313675388857
null,vmf_sparse_pca100_lloyd100_bm_degree,triviality_ami_hubness,bookcorpus,bookcorpus,0.20630339980280865
null,vmf_sparse_pca100_lloyd100_bm_degree,triviality_n_effective_networks,bookcorpus,bookcorpus,100.0
null,vmf_sparse_pca100_lloyd100_bm_degree,triviality_entropy_effective_networks,bookcorpus,bookcorpus,53.495346716225185
null,vmf_sparse_pca100_lloyd100_bm_degree,triviality_median_max_membership,bookcorpus,bookcorpus,1.0
null,vmf_sparse_pca100_lloyd100_bm_degree,triviality_frac_confident,bookcorpus,bookcorpus,1.0
null,(ceiling),fidelity_within,agnews,agnews,-0.15684586630037
null,(ceiling),fidelity_within_r,agnews,agnews,0.4257148198196732
null,vmf_pca100_lloyd100,reliability_within,agnews,agnews,0.05805633813365096
null,vmf_pca100_lloyd100,reliability_within_coassoc,agnews,agnews,0.18684595145778266
null,vmf_pca100_lloyd100,fidelity_within,agnews,agnews,0.17581390564581345
null,vmf_pca100_lloyd100,fidelity_within_r,agnews,agnews,0.4234571442361654
null,vmf_pca100_lloyd100,fidelity_within_insample,agnews,agnews,0.22963640782350048
null,vmf_pca100_lloyd100,reliability_ceiling,agnews,agnews,0.3723349533409412
null,vmf_pca100_lloyd100,triviality_ami_layer,agnews,agnews,0.04612611282338482
null,vmf_pca100_lloyd100,triviality_ami_dimension,agnews,agnews,-0.00015154573352327343
null,vmf_pca100_lloyd100,triviality_ami_hubness,agnews,agnews,0.22338208655663258
null,vmf_pca100_lloyd100,triviality_n_effective_networks,agnews,agnews,100.0
null,vmf_pca100_lloyd100,triviality_entropy_effective_networks,agnews,agnews,61.25540280127234
null,vmf_pca100_lloyd100,triviality_median_max_membership,agnews,agnews,0.4
null,vmf_pca100_lloyd100,triviality_frac_confident,agnews,agnews,0.25951522435897434
null,vmf_pca100_lloyd100_bm_degree,reliability_within,agnews,agnews,0.04912936251470523
null,vmf_pca100_lloyd100_bm_degree,reliability_within_coassoc,agnews,agnews,0.18684595145778266
null,vmf_pca100_lloyd100_bm_degree,fidelity_within,agnews,agnews,0.3477814936121364
null,vmf_pca100_lloyd100_bm_degree,fidelity_within_r,agnews,agnews,0.5947082046124308
null,vmf_pca100_lloyd100_bm_degree,fidelity_within_insample,agnews,agnews,0.44451811646427775
null,vmf_pca100_lloyd100_bm_degree,reliability_ceiling,agnews,agnews,0.2872093736008154
null,vmf_pca100_lloyd100_bm_degree,triviality_ami_layer,agnews,agnews,0.048898571942850626
null,vmf_pca100_lloyd100_bm_degree,triviality_ami_dimension,agnews,agnews,-0.0010765412161084429
null,vmf_pca100_lloyd100_bm_degree,triviality_ami_hubness,agnews,agnews,0.2491126897544953
null,vmf_pca100_lloyd100_bm_degree,triviality_n_effective_networks,agnews,agnews,100.0
null,vmf_pca100_lloyd100_bm_degree,triviality_entropy_effective_networks,agnews,agnews,62.14488172332746
null,vmf_pca100_lloyd100_bm_degree,triviality_median_max_membership,agnews,agnews,1.0
null,vmf_pca100_lloyd100_bm_degree,triviality_frac_confident,agnews,agnews,1.0
null,vmf_pca100_lloyd100_bm_double,reliability_within,agnews,agnews,0.0594982837525766
null,vmf_pca100_lloyd100_bm_double,reliability_within_coassoc,agnews,agnews,0.18684595145778266
null,vmf_pca100_lloyd100_bm_double,fidelity_within,agnews,agnews,0.35385946593436324
null,vmf_pca100_lloyd100_bm_double,fidelity_within_r,agnews,agnews,0.5993303923826849
null,vmf_pca100_lloyd100_bm_double,fidelity_within_insample,agnews,agnews,0.44570032258827497
null,vmf_pca100_lloyd100_bm_double,reliability_ceiling,agnews,agnews,0.33955151381187165
null,vmf_pca100_lloyd100_bm_double,triviality_ami_layer,agnews,agnews,0.051790249683925635
null,vmf_pca100_lloyd100_bm_double,triviality_ami_dimension,agnews,agnews,0.00015680721262419282
null,vmf_pca100_lloyd100_bm_double,triviality_ami_hubness,agnews,agnews,0.28345982354140925
null,vmf_pca100_lloyd100_bm_double,triviality_n_effective_networks,agnews,agnews,100.0
null,vmf_pca100_lloyd100_bm_double,triviality_entropy_effective_networks,agnews,agnews,62.19465714864943
null,vmf_pca100_lloyd100_bm_double,triviality_median_max_membership,agnews,agnews,1.0
null,vmf_pca100_lloyd100_bm_double,triviality_frac_confident,agnews,agnews,1.0
null,vmf_pca100_lloyd100_bm_raw,reliability_within,agnews,agnews,0.10896590658550506
null,vmf_pca100_lloyd100_bm_raw,reliability_within_coassoc,agnews,agnews,0.18684595145778266
null,vmf_pca100_lloyd100_bm_raw,fidelity_within,agnews,agnews,0.3551471978546379
null,vmf_pca100_lloyd100_bm_raw,fidelity_within_r,agnews,agnews,0.6003406929287918
null,vmf_pca100_lloyd100_bm_raw,fidelity_within_insample,agnews,agnews,0.44635061913232044
null,vmf_pca100_lloyd100_bm_raw,reliability_ceiling,agnews,agnews,0.4587030793672831
null,vmf_pca100_lloyd100_bm_raw,triviality_ami_layer,agnews,agnews,0.06375505042038065
null,vmf_pca100_lloyd100_bm_raw,triviality_ami_dimension,agnews,agnews,-0.0006465935261618391
null,vmf_pca100_lloyd100_bm_raw,triviality_ami_hubness,agnews,agnews,0.40197250774733595
null,vmf_pca100_lloyd100_bm_raw,triviality_n_effective_networks,agnews,agnews,100.0
null,vmf_pca100_lloyd100_bm_raw,triviality_entropy_effective_networks,agnews,agnews,57.98509133273179
null,vmf_pca100_lloyd100_bm_raw,triviality_median_max_membership,agnews,agnews,1.0
null,vmf_pca100_lloyd100_bm_raw,triviality_frac_confident,agnews,agnews,1.0
null,vmf_pca100_lloyd100_coassoc,reliability_within,agnews,agnews,0.1618515199170678
null,vmf_pca100_lloyd100_coassoc,reliability_within_coassoc,agnews,agnews,0.18684595145778266
null,vmf_pca100_lloyd100_coassoc,fidelity_within,agnews,agnews,0.168681647360012
null,vmf_pca100_lloyd100_coassoc,fidelity_within_r,agnews,agnews,0.41381287916839804
null,vmf_pca100_lloyd100_coassoc,fidelity_within_insample,agnews,agnews,0.21261524225762618
null,vmf_pca100_lloyd100_coassoc,reliability_ceiling,agnews,agnews,0.6069731912040248
null,vmf_pca100_lloyd100_coassoc,triviality_ami_layer,agnews,agnews,0.04508876472846034
null,vmf_pca100_lloyd100_coassoc,triviality_ami_dimension,agnews,agnews,-0.0003271288350851182
null,vmf_pca100_lloyd100_coassoc,triviality_ami_hubness,agnews,agnews,0.22116210631081898
null,vmf_pca100_lloyd100_coassoc,triviality_n_effective_networks,agnews,agnews,100.0
null,vmf_pca100_lloyd100_coassoc,triviality_entropy_effective_networks,agnews,agnews,48.72114291886673
null,vmf_pca100_lloyd100_coassoc,triviality_median_max_membership,agnews,agnews,1.0
null,vmf_pca100_lloyd100_coassoc,triviality_frac_confident,agnews,agnews,1.0
null,vmf_pca100_lloyd100_coassoc_bm_degree,reliability_within,agnews,agnews,0.0634029951392174
null,vmf_pca100_lloyd100_coassoc_bm_degree,reliability_within_coassoc,agnews,agnews,0.18684595145778266
null,vmf_pca100_lloyd100_coassoc_bm_degree,fidelity_within,agnews,agnews,0.35368588210906016
null,vmf_pca100_lloyd100_coassoc_bm_degree,fidelity_within_r,agnews,agnews,0.5984540681449343
null,vmf_pca100_lloyd100_coassoc_bm_degree,fidelity_within_insample,agnews,agnews,0.4362841724432447
null,vmf_pca100_lloyd100_coassoc_bm_degree,reliability_ceiling,agnews,agnews,0.3943729962995835
null,vmf_pca100_lloyd100_coassoc_bm_degree,triviality_ami_layer,agnews,agnews,0.05204786096798571
null,vmf_pca100_lloyd100_coassoc_bm_degree,triviality_ami_dimension,agnews,agnews,-0.0007146091356821599
null,vmf_pca100_lloyd100_coassoc_bm_degree,triviality_ami_hubness,agnews,agnews,0.26251438682237965
null,vmf_pca100_lloyd100_coassoc_bm_degree,triviality_n_effective_networks,agnews,agnews,100.0
null,vmf_pca100_lloyd100_coassoc_bm_degree,triviality_entropy_effective_networks,agnews,agnews,68.38791287589511
null,vmf_pca100_lloyd100_coassoc_bm_degree,triviality_median_max_membership,agnews,agnews,1.0
null,vmf_pca100_lloyd100_coassoc_bm_degree,triviality_frac_confident,agnews,agnews,1.0
null,vmf_pca100_lloyd100_n200,reliability_within,agnews,agnews,0.05553693942172107
null,vmf_pca100_lloyd100_n200,reliability_within_coassoc,agnews,agnews,0.2049872758086261
null,vmf_pca100_lloyd100_n200,fidelity_within,agnews,agnews,0.16854227977123226
null,vmf_pca100_lloyd100_n200,fidelity_within_r,agnews,agnews,0.41452842421436015
null,vmf_pca100_lloyd100_n200,fidelity_within_insample,agnews,agnews,0.21953472663045415
null,vmf_pca100_lloyd100_n200,reliability_ceiling,agnews,agnews,0.5024012301876213
null,vmf_pca100_lloyd100_n200,triviality_ami_layer,agnews,agnews,0.047294494321104004
null,vmf_pca100_lloyd100_n200,triviality_ami_dimension,agnews,agnews,0.00013246097337079164
null,vmf_pca100_lloyd100_n200,triviality_ami_hubness,agnews,agnews,0.2272077584684349
null,vmf_pca100_lloyd100_n200,triviality_n_effective_networks,agnews,agnews,100.0
null,vmf_pca100_lloyd100_n200,triviality_entropy_effective_networks,agnews,agnews,62.2362413339156
null,vmf_pca100_lloyd100_n200,triviality_median_max_membership,agnews,agnews,0.385
null,vmf_pca100_lloyd100_n200,triviality_frac_confident,agnews,agnews,0.2591145833333333
null,vmf_pca100_lloyd100_n200_coassoc,reliability_within,agnews,agnews,0.16632175610958513
null,vmf_pca100_lloyd100_n200_coassoc,reliability_within_coassoc,agnews,agnews,0.2049872758086261
null,vmf_pca100_lloyd100_n200_coassoc,fidelity_within,agnews,agnews,0.16616203124099205
null,vmf_pca100_lloyd100_n200_coassoc,fidelity_within_r,agnews,agnews,0.4103079959293756
null,vmf_pca100_lloyd100_n200_coassoc,fidelity_within_insample,agnews,agnews,0.20599089663267434
null,vmf_pca100_lloyd100_n200_coassoc,reliability_ceiling,agnews,agnews,0.6441766056185215
null,vmf_pca100_lloyd100_n200_coassoc,triviality_ami_layer,agnews,agnews,0.04618062132000601
null,vmf_pca100_lloyd100_n200_coassoc,triviality_ami_dimension,agnews,agnews,0.00032914535103070335
null,vmf_pca100_lloyd100_n200_coassoc,triviality_ami_hubness,agnews,agnews,0.22714494087229914
null,vmf_pca100_lloyd100_n200_coassoc,triviality_n_effective_networks,agnews,agnews,100.0
null,vmf_pca100_lloyd100_n200_coassoc,triviality_entropy_effective_networks,agnews,agnews,47.15498280315202
null,vmf_pca100_lloyd100_n200_coassoc,triviality_median_max_membership,agnews,agnews,1.0
null,vmf_pca100_lloyd100_n200_coassoc,triviality_frac_confident,agnews,agnews,1.0
null,vmf_pca100_lloyd200,reliability_within,agnews,agnews,0.02975354887442538
null,vmf_pca100_lloyd200,reliability_within_coassoc,agnews,agnews,0.1393577653587967
null,vmf_pca100_lloyd200,fidelity_within,agnews,agnews,0.20573480387655185
null,vmf_pca100_lloyd200,fidelity_within_r,agnews,agnews,0.4620558676552491
null,vmf_pca100_lloyd200,fidelity_within_insample,agnews,agnews,0.2983782216340384
null,vmf_pca100_lloyd200,reliability_ceiling,agnews,agnews,0.25974480036684533
null,vmf_pca100_lloyd200,triviality_ami_layer,agnews,agnews,0.04269108436467346
null,vmf_pca100_lloyd200,triviality_ami_dimension,agnews,agnews,-0.0004427053960334207
null,vmf_pca100_lloyd200,triviality_ami_hubness,agnews,agnews,0.20232063924232715
null,vmf_pca100_lloyd200,triviality_n_effective_networks,agnews,agnews,200.0
null,vmf_pca100_lloyd200,triviality_entropy_effective_networks,agnews,agnews,118.2389373700245
null,vmf_pca100_lloyd200,triviality_median_max_membership,agnews,agnews,0.325
null,vmf_pca100_lloyd200,triviality_frac_confident,agnews,agnews,0.14743589743589744
null,vmf_pca100_lloyd200_bm_degree,reliability_within,agnews,agnews,0.022698195974143277
null,vmf_pca100_lloyd200_bm_degree,reliability_within_coassoc,agnews,agnews,0.1393577653587967
null,vmf_pca100_lloyd200_bm_degree,fidelity_within,agnews,agnews,0.3344914604577196
null,vmf_pca100_lloyd200_bm_degree,fidelity_within_r,agnews,agnews,0.586508459047795
null,vmf_pca100_lloyd200_bm_degree,fidelity_within_insample,agnews,agnews,0.4612002918509198
null,vmf_pca100_lloyd200_bm_degree,reliability_ceiling,agnews,agnews,0.21516566902325002
null,vmf_pca100_lloyd200_bm_degree,triviality_ami_layer,agnews,agnews,0.046719552059066624
null,vmf_pca100_lloyd200_bm_degree,triviality_ami_dimension,agnews,agnews,-0.000662979566152915
null,vmf_pca100_lloyd200_bm_degree,triviality_ami_hubness,agnews,agnews,0.22109017535132408
null,vmf_pca100_lloyd200_bm_degree,triviality_n_effective_networks,agnews,agnews,200.0
null,vmf_pca100_lloyd200_bm_degree,triviality_entropy_effective_networks,agnews,agnews,121.96842711217082
null,vmf_pca100_lloyd200_bm_degree,triviality_median_max_membership,agnews,agnews,1.0
null,vmf_pca100_lloyd200_bm_degree,triviality_frac_confident,agnews,agnews,1.0
null,vmf_pca100_lloyd50,reliability_within,agnews,agnews,0.12902123525277792
null,vmf_pca100_lloyd50,reliability_within_coassoc,agnews,agnews,0.27502425393261726
null,vmf_pca100_lloyd50,fidelity_within,agnews,agnews,0.1535329451819869
null,vmf_pca100_lloyd50,fidelity_within_r,agnews,agnews,0.39363617383058336
null,vmf_pca100_lloyd50,fidelity_within_insample,agnews,agnews,0.18336066222766123
null,vmf_pca100_lloyd50,reliability_ceiling,agnews,agnews,0.6113823266810655
null,vmf_pca100_lloyd50,triviality_ami_layer,agnews,agnews,0.05125548603296842
null,vmf_pca100_lloyd50,triviality_ami_dimension,agnews,agnews,0.0003225593107005078
null,vmf_pca100_lloyd50,triviality_ami_hubness,agnews,agnews,0.2509696542133461
null,vmf_pca100_lloyd50,triviality_n_effective_networks,agnews,agnews,50.0
null,vmf_pca100_lloyd50,triviality_entropy_effective_networks,agnews,agnews,32.17433226797731
null,vmf_pca100_lloyd50,triviality_median_max_membership,agnews,agnews,0.525
null,vmf_pca100_lloyd50,triviality_frac_confident,agnews,agnews,0.5267427884615384
null,vmf_pca100_lloyd50_bm_degree,reliability_within,agnews,agnews,0.09656457368760091
null,vmf_pca100_lloyd50_bm_degree,reliability_within_coassoc,agnews,agnews,0.27502425393261726
null,vmf_pca100_lloyd50_bm_degree,fidelity_within,agnews,agnews,0.3683601687495637
null,vmf_pca100_lloyd50_bm_degree,fidelity_within_r,agnews,agnews,0.6084253743994201
null,vmf_pca100_lloyd50_bm_degree,fidelity_within_insample,agnews,agnews,0.41792689336575617
null,vmf_pca100_lloyd50_bm_degree,reliability_ceiling,agnews,agnews,0.38562840029611417
null,vmf_pca100_lloyd50_bm_degree,triviality_ami_layer,agnews,agnews,0.06001164983060111
null,vmf_pca100_lloyd50_bm_degree,triviality_ami_dimension,agnews,agnews,-0.0012550364144319863
null,vmf_pca100_lloyd50_bm_degree,triviality_ami_hubness,agnews,agnews,0.30145494812030316
null,vmf_pca100_lloyd50_bm_degree,triviality_n_effective_networks,agnews,agnews,50.0
null,vmf_pca100_lloyd50_bm_degree,triviality_entropy_effective_networks,agnews,agnews,33.793165490109445
null,vmf_pca100_lloyd50_bm_degree,triviality_median_max_membership,agnews,agnews,1.0
null,vmf_pca100_lloyd50_bm_degree,triviality_frac_confident,agnews,agnews,1.0
null,vmf_sparse_pca100_lloyd100,reliability_within,agnews,agnews,0.17855663285473541
null,vmf_sparse_pca100_lloyd100,reliability_within_coassoc,agnews,agnews,0.30573366671604724
null,vmf_sparse_pca100_lloyd100,fidelity_within,agnews,agnews,0.12791636153313934
null,vmf_sparse_pca100_lloyd100,fidelity_within_r,agnews,agnews,0.3608139381520578
null,vmf_sparse_pca100_lloyd100,fidelity_within_insample,agnews,agnews,0.16447729559522595
null,vmf_sparse_pca100_lloyd100,reliability_ceiling,agnews,agnews,0.693969840507608
null,vmf_sparse_pca100_lloyd100,triviality_ami_layer,agnews,agnews,0.04160305869057832
null,vmf_sparse_pca100_lloyd100,triviality_ami_dimension,agnews,agnews,-0.002018567691923574
null,vmf_sparse_pca100_lloyd100,triviality_ami_hubness,agnews,agnews,0.17912928951293614
null,vmf_sparse_pca100_lloyd100,triviality_n_effective_networks,agnews,agnews,100.0
null,vmf_sparse_pca100_lloyd100,triviality_entropy_effective_networks,agnews,agnews,51.542123180946135
null,vmf_sparse_pca100_lloyd100,triviality_median_max_membership,agnews,agnews,0.475
null,vmf_sparse_pca100_lloyd100,triviality_frac_confident,agnews,agnews,0.4437099358974359
null,vmf_sparse_pca100_lloyd100_bm_degree,reliability_within,agnews,agnews,0.07546323335588657
null,vmf_sparse_pca100_lloyd100_bm_degree,reliability_within_coassoc,agnews,agnews,0.30573366671604724
null,vmf_sparse_pca100_lloyd100_bm_degree,fidelity_within,agnews,agnews,0.35404705061349473
null,vmf_sparse_pca100_lloyd100_bm_degree,fidelity_within_r,agnews,agnews,0.5991005991977431
null,vmf_sparse_pca100_lloyd100_bm_degree,fidelity_within_insample,agnews,agnews,0.44111165302017297
null,vmf_sparse_pca100_lloyd100_bm_degree,reliability_ceiling,agnews,agnews,0.3798915784462096
null,vmf_sparse_pca100_lloyd100_bm_degree,triviality_ami_layer,agnews,agnews,0.052247786410594764
null,vmf_sparse_pca100_lloyd100_bm_degree,triviality_ami_dimension,agnews,agnews,-0.00025413181738026736
null,vmf_sparse_pca100_lloyd100_bm_degree,triviality_ami_hubness,agnews,agnews,0.2581598080081817
null,vmf_sparse_pca100_lloyd100_bm_degree,triviality_n_effective_networks,agnews,agnews,100.0
null,vmf_sparse_pca100_lloyd100_bm_degree,triviality_entropy_effective_networks,agnews,agnews,59.47655465411277
null,vmf_sparse_pca100_lloyd100_bm_degree,triviality_median_max_membership,agnews,agnews,1.0
null,vmf_sparse_pca100_lloyd100_bm_degree,triviality_frac_confident,agnews,agnews,1.0
null,(ceiling),fidelity_within,tldr17,tldr17,-0.1801692429567292
null,(ceiling),fidelity_within_r,tldr17,tldr17,0.41554391990829437
null,vmf_pca100_lloyd100,reliability_within,tldr17,tldr17,0.06382561670281467
null,vmf_pca100_lloyd100,reliability_within_coassoc,tldr17,tldr17,0.2232467317318149
null,vmf_pca100_lloyd100,fidelity_within,tldr17,tldr17,0.18222714665567585
null,vmf_pca100_lloyd100,fidelity_within_r,tldr17,tldr17,0.43080021629171644
null,vmf_pca100_lloyd100,fidelity_within_insample,tldr17,tldr17,0.23415903129167526
null,vmf_pca100_lloyd100,reliability_ceiling,tldr17,tldr17,0.3623570487441014
null,vmf_pca100_lloyd100,triviality_ami_layer,tldr17,tldr17,0.0560834973748485
null,vmf_pca100_lloyd100,triviality_ami_dimension,tldr17,tldr17,-0.0005091775221107697
null,vmf_pca100_lloyd100,triviality_ami_hubness,tldr17,tldr17,0.31373449766995026
null,vmf_pca100_lloyd100,triviality_n_effective_networks,tldr17,tldr17,100.0
null,vmf_pca100_lloyd100,triviality_entropy_effective_networks,tldr17,tldr17,66.14536538762276
null,vmf_pca100_lloyd100,triviality_median_max_membership,tldr17,tldr17,0.4
null,vmf_pca100_lloyd100,triviality_frac_confident,tldr17,tldr17,0.254306891025641
null,vmf_pca100_lloyd100_bm_degree,reliability_within,tldr17,tldr17,0.060384697353948975
null,vmf_pca100_lloyd100_bm_degree,reliability_within_coassoc,tldr17,tldr17,0.2232467317318149
null,vmf_pca100_lloyd100_bm_degree,fidelity_within,tldr17,tldr17,0.3526631168801262
null,vmf_pca100_lloyd100_bm_degree,fidelity_within_r,tldr17,tldr17,0.5970870481903875
null,vmf_pca100_lloyd100_bm_degree,fidelity_within_insample,tldr17,tldr17,0.42597004396295113
null,vmf_pca100_lloyd100_bm_degree,reliability_ceiling,tldr17,tldr17,0.323292175576065
null,vmf_pca100_lloyd100_bm_degree,triviality_ami_layer,tldr17,tldr17,0.0585956663910694
null,vmf_pca100_lloyd100_bm_degree,triviality_ami_dimension,tldr17,tldr17,0.00015896432198418944
null,vmf_pca100_lloyd100_bm_degree,triviality_ami_hubness,tldr17,tldr17,0.34879078550024506
null,vmf_pca100_lloyd100_bm_degree,triviality_n_effective_networks,tldr17,tldr17,100.0
null,vmf_pca100_lloyd100_bm_degree,triviality_entropy_effective_networks,tldr17,tldr17,62.2783868390283
null,vmf_pca100_lloyd100_bm_degree,triviality_median_max_membership,tldr17,tldr17,1.0
null,vmf_pca100_lloyd100_bm_degree,triviality_frac_confident,tldr17,tldr17,1.0
null,vmf_pca100_lloyd100_bm_double,reliability_within,tldr17,tldr17,0.08000189885028852
null,vmf_pca100_lloyd100_bm_double,reliability_within_coassoc,tldr17,tldr17,0.2232467317318149
null,vmf_pca100_lloyd100_bm_double,fidelity_within,tldr17,tldr17,0.35523557326405697
null,vmf_pca100_lloyd100_bm_double,fidelity_within_r,tldr17,tldr17,0.5990985701001404
null,vmf_pca100_lloyd100_bm_double,fidelity_within_insample,tldr17,tldr17,0.42681210658491986
null,vmf_pca100_lloyd100_bm_double,reliability_ceiling,tldr17,tldr17,0.3602928242520496
null,vmf_pca100_lloyd100_bm_double,triviality_ami_layer,tldr17,tldr17,0.05906975709376672
null,vmf_pca100_lloyd100_bm_double,triviality_ami_dimension,tldr17,tldr17,6.251322790341072e-05
null,vmf_pca100_lloyd100_bm_double,triviality_ami_hubness,tldr17,tldr17,0.39419841680402135
null,vmf_pca100_lloyd100_bm_double,triviality_n_effective_networks,tldr17,tldr17,100.0
null,vmf_pca100_lloyd100_bm_double,triviality_entropy_effective_networks,tldr17,tldr17,63.45634773960647
null,vmf_pca100_lloyd100_bm_double,triviality_median_max_membership,tldr17,tldr17,1.0
null,vmf_pca100_lloyd100_bm_double,triviality_frac_confident,tldr17,tldr17,1.0
null,vmf_pca100_lloyd100_bm_raw,reliability_within,tldr17,tldr17,0.12471398485179995
null,vmf_pca100_lloyd100_bm_raw,reliability_within_coassoc,tldr17,tldr17,0.2232467317318149
null,vmf_pca100_lloyd100_bm_raw,fidelity_within,tldr17,tldr17,0.3583205645825759
null,vmf_pca100_lloyd100_bm_raw,fidelity_within_r,tldr17,tldr17,0.6014396009116227
null,vmf_pca100_lloyd100_bm_raw,fidelity_within_insample,tldr17,tldr17,0.4268452750069658
null,vmf_pca100_lloyd100_bm_raw,reliability_ceiling,tldr17,tldr17,0.3734730738047795
null,vmf_pca100_lloyd100_bm_raw,triviality_ami_layer,tldr17,tldr17,0.06617995285193892
null,vmf_pca100_lloyd100_bm_raw,triviality_ami_dimension,tldr17,tldr17,-0.00021506991725274378
null,vmf_pca100_lloyd100_bm_raw,triviality_ami_hubness,tldr17,tldr17,0.5084964632111404
null,vmf_pca100_lloyd100_bm_raw,triviality_n_effective_networks,tldr17,tldr17,100.0
null,vmf_pca100_lloyd100_bm_raw,triviality_entropy_effective_networks,tldr17,tldr17,62.182055788649755
null,vmf_pca100_lloyd100_bm_raw,triviality_median_max_membership,tldr17,tldr17,1.0
null,vmf_pca100_lloyd100_bm_raw,triviality_frac_confident,tldr17,tldr17,1.0
null,vmf_pca100_lloyd100_coassoc,reliability_within,tldr17,tldr17,0.15641243202313285
null,vmf_pca100_lloyd100_coassoc,reliability_within_coassoc,tldr17,tldr17,0.2232467317318149
null,vmf_pca100_lloyd100_coassoc,fidelity_within,tldr17,tldr17,0.18240495786775068
null,vmf_pca100_lloyd100_coassoc,fidelity_within_r,tldr17,tldr17,0.42924042729256356
null,vmf_pca100_lloyd100_coassoc,fidelity_within_insample,tldr17,tldr17,0.21841140902867118
null,vmf_pca100_lloyd100_coassoc,reliability_ceiling,tldr17,tldr17,0.49732960219475253
null,vmf_pca100_lloyd100_coassoc,triviality_ami_layer,tldr17,tldr17,0.05517093554631738
null,vmf_pca100_lloyd100_coassoc,triviality_ami_dimension,tldr17,tldr17,0.0005595728253172005
null,vmf_pca100_lloyd100_coassoc,triviality_ami_hubness,tldr17,tldr17,0.31293689660949225
null,vmf_pca100_lloyd100_coassoc,triviality_n_effective_networks,tldr17,tldr17,100.0
null,vmf_pca100_lloyd100_coassoc,triviality_entropy_effective_networks,tldr17,tldr17,51.064070196885005
null,vmf_pca100_lloyd100_coassoc,triviality_median_max_membership,tldr17,tldr17,1.0
null,vmf_pca100_lloyd100_coassoc,triviality_frac_confident,tldr17,tldr17,1.0
null,vmf_pca100_lloyd100_coassoc_bm_degree,reliability_within,tldr17,tldr17,0.08298964472434125
null,vmf_pca100_lloyd100_coassoc_bm_degree,reliability_within_coassoc,tldr17,tldr17,0.2232467317318149
null,vmf_pca100_lloyd100_coassoc_bm_degree,fidelity_within,tldr17,tldr17,0.35662277607861537
null,vmf_pca100_lloyd100_coassoc_bm_degree,fidelity_within_r,tldr17,tldr17,0.5998896986460138
null,vmf_pca100_lloyd100_coassoc_bm_degree,fidelity_within_insample,tldr17,tldr17,0.42299719248414513
null,vmf_pca100_lloyd100_coassoc_bm_degree,reliability_ceiling,tldr17,tldr17,0.38596992580640394
null,vmf_pca100_lloyd100_coassoc_bm_degree,triviality_ami_layer,tldr17,tldr17,0.05791331992465513
null,vmf_pca100_lloyd100_coassoc_bm_degree,triviality_ami_dimension,tldr17,tldr17,0.0002957918837117505
null,vmf_pca100_lloyd100_coassoc_bm_degree,triviality_ami_hubness,tldr17,tldr17,0.3577976694775774
null,vmf_pca100_lloyd100_coassoc_bm_degree,triviality_n_effective_networks,tldr17,tldr17,100.0
null,vmf_pca100_lloyd100_coassoc_bm_degree,triviality_entropy_effective_networks,tldr17,tldr17,64.62317108109481
null,vmf_pca100_lloyd100_coassoc_bm_degree,triviality_median_max_membership,tldr17,tldr17,1.0
null,vmf_pca100_lloyd100_coassoc_bm_degree,triviality_frac_confident,tldr17,tldr17,1.0
null,vmf_pca100_lloyd100_n200,reliability_within,tldr17,tldr17,0.07843039816597873
null,vmf_pca100_lloyd100_n200,reliability_within_coassoc,tldr17,tldr17,0.2409903750946855
null,vmf_pca100_lloyd100_n200,fidelity_within,tldr17,tldr17,0.19153520999989415
null,vmf_pca100_lloyd100_n200,fidelity_within_r,tldr17,tldr17,0.4409809735037274
null,vmf_pca100_lloyd100_n200,fidelity_within_insample,tldr17,tldr17,0.2402392028631818
null,vmf_pca100_lloyd100_n200,reliability_ceiling,tldr17,tldr17,0.5568423732677306
null,vmf_pca100_lloyd100_n200,triviality_ami_layer,tldr17,tldr17,0.056526380921003164
null,vmf_pca100_lloyd100_n200,triviality_ami_dimension,tldr17,tldr17,0.0001324988824533464
null,vmf_pca100_lloyd100_n200,triviality_ami_hubness,tldr17,tldr17,0.3182348209248422
null,vmf_pca100_lloyd100_n200,triviality_n_effective_networks,tldr17,tldr17,100.0
null,vmf_pca100_lloyd100_n200,triviality_entropy_effective_networks,tldr17,tldr17,64.69639742395083
null,vmf_pca100_lloyd100_n200,triviality_median_max_membership,tldr17,tldr17,0.385
null,vmf_pca100_lloyd100_n200,triviality_frac_confident,tldr17,tldr17,0.26111778846153844
null,vmf_pca100_lloyd100_n200_coassoc,reliability_within,tldr17,tldr17,0.14753196045296166
null,vmf_pca100_lloyd100_n200_coassoc,reliability_within_coassoc,tldr17,tldr17,0.2409903750946855
null,vmf_pca100_lloyd100_n200_coassoc,fidelity_within,tldr17,tldr17,0.1936259881323571
null,vmf_pca100_lloyd100_n200_coassoc,fidelity_within_r,tldr17,tldr17,0.4416759205340098
null,vmf_pca100_lloyd100_n200_coassoc,fidelity_within_insample,tldr17,tldr17,0.22547258538696158
null,vmf_pca100_lloyd100_n200_coassoc,reliability_ceiling,tldr17,tldr17,0.6910557710454734
null,vmf_pca100_lloyd100_n200_coassoc,triviality_ami_layer,tldr17,tldr17,0.05789179375232762
null,vmf_pca100_lloyd100_n200_coassoc,triviality_ami_dimension,tldr17,tldr17,0.0009729770383807096
null,vmf_pca100_lloyd100_n200_coassoc,triviality_ami_hubness,tldr17,tldr17,0.3177741537004573
null,vmf_pca100_lloyd100_n200_coassoc,triviality_n_effective_networks,tldr17,tldr17,100.0
null,vmf_pca100_lloyd100_n200_coassoc,triviality_entropy_effective_networks,tldr17,tldr17,52.397680836482486
null,vmf_pca100_lloyd100_n200_coassoc,triviality_median_max_membership,tldr17,tldr17,1.0
null,vmf_pca100_lloyd100_n200_coassoc,triviality_frac_confident,tldr17,tldr17,1.0
null,vmf_pca100_lloyd200,reliability_within,tldr17,tldr17,0.0380808062195645
null,vmf_pca100_lloyd200,reliability_within_coassoc,tldr17,tldr17,0.17004283655244423
null,vmf_pca100_lloyd200,fidelity_within,tldr17,tldr17,0.2105854402388997
null,vmf_pca100_lloyd200,fidelity_within_r,tldr17,tldr17,0.46605503154929856
null,vmf_pca100_lloyd200,fidelity_within_insample,tldr17,tldr17,0.2938434768350492
null,vmf_pca100_lloyd200,reliability_ceiling,tldr17,tldr17,0.22139623720582347
null,vmf_pca100_lloyd200,triviality_ami_layer,tldr17,tldr17,0.04950689077666725
null,vmf_pca100_lloyd200,triviality_ami_dimension,tldr17,tldr17,0.000496466759840351
null,vmf_pca100_lloyd200,triviality_ami_hubness,tldr17,tldr17,0.2853031371770609
null,vmf_pca100_lloyd200,triviality_n_effective_networks,tldr17,tldr17,200.0
null,vmf_pca100_lloyd200,triviality_entropy_effective_networks,tldr17,tldr17,128.28810507654197
null,vmf_pca100_lloyd200,triviality_median_max_membership,tldr17,tldr17,0.3
null,vmf_pca100_lloyd200,triviality_frac_confident,tldr17,tldr17,0.12810496794871795
null,vmf_pca100_lloyd200_bm_degree,reliability_within,tldr17,tldr17,0.02987244622592195
null,vmf_pca100_lloyd200_bm_degree,reliability_within_coassoc,tldr17,tldr17,0.17004283655244423
null,vmf_pca100_lloyd200_bm_degree,fidelity_within,tldr17,tldr17,0.33505796415933253
null,vmf_pca100_lloyd200_bm_degree,fidelity_within_r,tldr17,tldr17,0.5857261256397899
null,vmf_pca100_lloyd200_bm_degree,fidelity_within_insample,tldr17,tldr17,0.4471854404705542
null,vmf_pca100_lloyd200_bm_degree,reliability_ceiling,tldr17,tldr17,0.2290112192763486
null,vmf_pca100_lloyd200_bm_degree,triviality_ami_layer,tldr17,tldr17,0.0515853527807697
null,vmf_pca100_lloyd200_bm_degree,triviality_ami_dimension,tldr17,tldr17,-0.00021365464961216844
null,vmf_pca100_lloyd200_bm_degree,triviality_ami_hubness,tldr17,tldr17,0.30380016511039554
null,vmf_pca100_lloyd200_bm_degree,triviality_n_effective_networks,tldr17,tldr17,200.0
null,vmf_pca100_lloyd200_bm_degree,triviality_entropy_effective_networks,tldr17,tldr17,129.66979267664755
null,vmf_pca100_lloyd200_bm_degree,triviality_median_max_membership,tldr17,tldr17,1.0
null,vmf_pca100_lloyd200_bm_degree,triviality_frac_confident,tldr17,tldr17,1.0
null,vmf_pca100_lloyd50,reliability_within,tldr17,tldr17,0.16334310170412525
null,vmf_pca100_lloyd50,reliability_within_coassoc,tldr17,tldr17,0.3162805260662475
null,vmf_pca100_lloyd50,fidelity_within,tldr17,tldr17,0.18024516554867198
null,vmf_pca100_lloyd50,fidelity_within_r,tldr17,tldr17,0.4264544892167377
null,vmf_pca100_lloyd50,fidelity_within_insample,tldr17,tldr17,0.2133432381096294
null,vmf_pca100_lloyd50,reliability_ceiling,tldr17,tldr17,0.5317130063968002
null,vmf_pca100_lloyd50,triviality_ami_layer,tldr17,tldr17,0.06054603033430037
null,vmf_pca100_lloyd50,triviality_ami_dimension,tldr17,tldr17,-0.0010676642659485191
null,vmf_pca100_lloyd50,triviality_ami_hubness,tldr17,tldr17,0.35499994425308495
null,vmf_pca100_lloyd50,triviality_n_effective_networks,tldr17,tldr17,50.0
null,vmf_pca100_lloyd50,triviality_entropy_effective_networks,tldr17,tldr17,33.06604317220492
null,vmf_pca100_lloyd50,triviality_median_max_membership,tldr17,tldr17,0.525
null,vmf_pca100_lloyd50,triviality_frac_confident,tldr17,tldr17,0.5390625
null,vmf_pca100_lloyd50_bm_degree,reliability_within,tldr17,tldr17,0.14291903675107753
null,vmf_pca100_lloyd50_bm_degree,reliability_within_coassoc,tldr17,tldr17,0.3162805260662475
null,vmf_pca100_lloyd50_bm_degree,fidelity_within,tldr17,tldr17,0.36252782103068504
null,vmf_pca100_lloyd50_bm_degree,fidelity_within_r,tldr17,tldr17,0.6039709632061419
null,vmf_pca100_lloyd50_bm_degree,fidelity_within_insample,tldr17,tldr17,0.41597701033844436
null,vmf_pca100_lloyd50_bm_degree,reliability_ceiling,tldr17,tldr17,0.4081393786486943
null,vmf_pca100_lloyd50_bm_degree,triviality_ami_layer,tldr17,tldr17,0.06387596958164884
null,vmf_pca100_lloyd50_bm_degree,triviality_ami_dimension,tldr17,tldr17,0.0001782728578206007
null,vmf_pca100_lloyd50_bm_degree,triviality_ami_hubness,tldr17,tldr17,0.3882719974717552
null,vmf_pca100_lloyd50_bm_degree,triviality_n_effective_networks,tldr17,tldr17,50.0
null,vmf_pca100_lloyd50_bm_degree,triviality_entropy_effective_networks,tldr17,tldr17,31.29433572336211
null,vmf_pca100_lloyd50_bm_degree,triviality_median_max_membership,tldr17,tldr17,1.0
null,vmf_pca100_lloyd50_bm_degree,triviality_frac_confident,tldr17,tldr17,1.0
null,vmf_sparse_pca100_lloyd100,reliability_within,tldr17,tldr17,0.17740510240061427
null,vmf_sparse_pca100_lloyd100,reliability_within_coassoc,tldr17,tldr17,0.3270714033355687
null,vmf_sparse_pca100_lloyd100,fidelity_within,tldr17,tldr17,0.1505867860826735
null,vmf_sparse_pca100_lloyd100,fidelity_within_r,tldr17,tldr17,0.3904719714933721
null,vmf_sparse_pca100_lloyd100,fidelity_within_insample,tldr17,tldr17,0.18438098178793094
null,vmf_sparse_pca100_lloyd100,reliability_ceiling,tldr17,tldr17,0.6293558701703914
null,vmf_sparse_pca100_lloyd100,triviality_ami_layer,tldr17,tldr17,0.04932078493381254
null,vmf_sparse_pca100_lloyd100,triviality_ami_dimension,tldr17,tldr17,6.346837819686783e-05
null,vmf_sparse_pca100_lloyd100,triviality_ami_hubness,tldr17,tldr17,0.266288636276944
null,vmf_sparse_pca100_lloyd100,triviality_n_effective_networks,tldr17,tldr17,100.0
null,vmf_sparse_pca100_lloyd100,triviality_entropy_effective_networks,tldr17,tldr17,58.625841478206794
null,vmf_sparse_pca100_lloyd100,triviality_median_max_membership,tldr17,tldr17,0.45
null,vmf_sparse_pca100_lloyd100,triviality_frac_confident,tldr17,tldr17,0.4098557692307692
null,vmf_sparse_pca100_lloyd100_bm_degree,reliability_within,tldr17,tldr17,0.08953757100134857
null,vmf_sparse_pca100_lloyd100_bm_degree,reliability_within_coassoc,tldr17,tldr17,0.3270714033355687
null,vmf_sparse_pca100_lloyd100_bm_degree,fidelity_within,tldr17,tldr17,0.3559878989007147
null,vmf_sparse_pca100_lloyd100_bm_degree,fidelity_within_r,tldr17,tldr17,0.5994006458973306
null,vmf_sparse_pca100_lloyd100_bm_degree,fidelity_within_insample,tldr17,tldr17,0.42291461299214295
null,vmf_sparse_pca100_lloyd100_bm_degree,reliability_ceiling,tldr17,tldr17,0.37804124518367505
null,vmf_sparse_pca100_lloyd100_bm_degree,triviality_ami_layer,tldr17,tldr17,0.059765840759731494
null,vmf_sparse_pca100_lloyd100_bm_degree,triviality_ami_dimension,tldr17,tldr17,-0.00018357844926329743
null,vmf_sparse_pca100_lloyd100_bm_degree,triviality_ami_hubness,tldr17,tldr17,0.3590520817317734
null,vmf_sparse_pca100_lloyd100_bm_degree,triviality_n_effective_networks,tldr17,tldr17,100.0
null,vmf_sparse_pca100_lloyd100_bm_degree,triviality_entropy_effective_networks,tldr17,tldr17,61.99281640858083
null,vmf_sparse_pca100_lloyd100_bm_degree,triviality_median_max_membership,tldr17,tldr17,1.0
null,vmf_sparse_pca100_lloyd100_bm_degree,triviality_frac_confident,tldr17,tldr17,1.0
null,(ceiling),fidelity_across,wikitext,bookcorpus,0.4048402784590152
null,vmf_pca100_lloyd100,fidelity_across,wikitext,bookcorpus,0.4628924478000566
null,vmf_pca100_lloyd100,reliability_across,wikitext,bookcorpus,0.04266585532186628
null,vmf_pca100_lloyd100_bm_degree,fidelity_across,wikitext,bookcorpus,0.6049226110755146
null,vmf_pca100_lloyd100_bm_degree,reliability_across,wikitext,bookcorpus,0.030452341433844385
null,vmf_pca100_lloyd100_bm_double,fidelity_across,wikitext,bookcorpus,0.6058574762342803
null,vmf_pca100_lloyd100_bm_double,reliability_across,wikitext,bookcorpus,0.03805474242842091
null,vmf_pca100_lloyd100_bm_raw,fidelity_across,wikitext,bookcorpus,0.6036967189415313
null,vmf_pca100_lloyd100_bm_raw,reliability_across,wikitext,bookcorpus,0.05413341253268749
null,vmf_pca100_lloyd100_coassoc,fidelity_across,wikitext,bookcorpus,0.4653751641748022
null,vmf_pca100_lloyd100_coassoc,reliability_across,wikitext,bookcorpus,0.15144905392768196
null,vmf_pca100_lloyd100_coassoc_bm_degree,fidelity_across,wikitext,bookcorpus,0.6057524730642361
null,vmf_pca100_lloyd100_coassoc_bm_degree,reliability_across,wikitext,bookcorpus,0.0730854623820192
null,vmf_pca100_lloyd100_n200,fidelity_across,wikitext,bookcorpus,0.46051790120035807
null,vmf_pca100_lloyd100_n200,reliability_across,wikitext,bookcorpus,0.05018690563649713
null,vmf_pca100_lloyd100_n200_coassoc,fidelity_across,wikitext,bookcorpus,0.46521539880610996
null,vmf_pca100_lloyd100_n200_coassoc,reliability_across,wikitext,bookcorpus,0.16337343813323682
null,vmf_pca100_lloyd200,fidelity_across,wikitext,bookcorpus,0.48911266314889046
null,vmf_pca100_lloyd200,reliability_across,wikitext,bookcorpus,0.021313833164693232
null,vmf_pca100_lloyd200_bm_degree,fidelity_across,wikitext,bookcorpus,0.586424101141772
null,vmf_pca100_lloyd200_bm_degree,reliability_across,wikitext,bookcorpus,0.01617665206024944
null,vmf_pca100_lloyd50,fidelity_across,wikitext,bookcorpus,0.45841128887190496
null,vmf_pca100_lloyd50,reliability_across,wikitext,bookcorpus,0.09311394541824229
null,vmf_pca100_lloyd50_bm_degree,fidelity_across,wikitext,bookcorpus,0.6117318205691712
null,vmf_pca100_lloyd50_bm_degree,reliability_across,wikitext,bookcorpus,0.06763721851307145
null,vmf_sparse_pca100_lloyd100,fidelity_across,wikitext,bookcorpus,0.41697363445007235
null,vmf_sparse_pca100_lloyd100,reliability_across,wikitext,bookcorpus,0.14311027402629428
null,vmf_sparse_pca100_lloyd100_bm_degree,fidelity_across,wikitext,bookcorpus,0.6042342182144913
null,vmf_sparse_pca100_lloyd100_bm_degree,reliability_across,wikitext,bookcorpus,0.06558289283302146
null,(ceiling),fidelity_across,wikitext,agnews,0.4032087853501665
null,vmf_pca100_lloyd100,fidelity_across,wikitext,agnews,0.44226328402240894
null,vmf_pca100_lloyd100,reliability_across,wikitext,agnews,0.04873115761301333
null,vmf_pca100_lloyd100_bm_degree,fidelity_across,wikitext,agnews,0.6001667339971326
null,vmf_pca100_lloyd100_bm_degree,reliability_across,wikitext,agnews,0.03990413569672829
null,vmf_pca100_lloyd100_bm_double,fidelity_across,wikitext,agnews,0.6022990081088243
null,vmf_pca100_lloyd100_bm_double,reliability_across,wikitext,agnews,0.04418954399088873
null,vmf_pca100_lloyd100_bm_raw,fidelity_across,wikitext,agnews,0.5996483901097082
null,vmf_pca100_lloyd100_bm_raw,reliability_across,wikitext,agnews,0.06157506460616405
null,vmf_pca100_lloyd100_coassoc,fidelity_across,wikitext,agnews,0.44231229178592435
null,vmf_pca100_lloyd100_coassoc,reliability_across,wikitext,agnews,0.18855266295893894
null,vmf_pca100_lloyd100_coassoc_bm_degree,fidelity_across,wikitext,agnews,0.6005971626820058
null,vmf_pca100_lloyd100_coassoc_bm_degree,reliability_across,wikitext,agnews,0.08365812513918139
null,vmf_pca100_lloyd100_n200,fidelity_across,wikitext,agnews,0.44133649375576756
null,vmf_pca100_lloyd100_n200,reliability_across,wikitext,agnews,0.056764369686895376
null,vmf_pca100_lloyd100_n200_coassoc,fidelity_across,wikitext,agnews,0.44284346789709106
null,vmf_pca100_lloyd100_n200_coassoc,reliability_across,wikitext,agnews,0.1728114914993238
null,vmf_pca100_lloyd200,fidelity_across,wikitext,agnews,0.4665909899401342
null,vmf_pca100_lloyd200,reliability_across,wikitext,agnews,0.02421422227955824
null,vmf_pca100_lloyd200_bm_degree,fidelity_across,wikitext,agnews,0.5814779445709028
null,vmf_pca100_lloyd200_bm_degree,reliability_across,wikitext,agnews,0.020942218126285272
null,vmf_pca100_lloyd50,fidelity_across,wikitext,agnews,0.43684537675210133
null,vmf_pca100_lloyd50,reliability_across,wikitext,agnews,0.10989555691453125
null,vmf_pca100_lloyd50_bm_degree,fidelity_across,wikitext,agnews,0.6046745776157677
null,vmf_pca100_lloyd50_bm_degree,reliability_across,wikitext,agnews,0.08998929773361064
null,vmf_sparse_pca100_lloyd100,fidelity_across,wikitext,agnews,0.3986601819296682
null,vmf_sparse_pca100_lloyd100,reliability_across,wikitext,agnews,0.1651382184735365
null,vmf_sparse_pca100_lloyd100_bm_degree,fidelity_across,wikitext,agnews,0.6007338277130664
null,vmf_sparse_pca100_lloyd100_bm_degree,reliability_across,wikitext,agnews,0.07514760413778439
null,(ceiling),fidelity_across,wikitext,tldr17,0.4030856511734902
null,vmf_pca100_lloyd100,fidelity_across,wikitext,tldr17,0.4567405100741237
null,vmf_pca100_lloyd100,reliability_across,wikitext,tldr17,0.04917498544975672
null,vmf_pca100_lloyd100_bm_degree,fidelity_across,wikitext,tldr17,0.5994400818923968
null,vmf_pca100_lloyd100_bm_degree,reliability_across,wikitext,tldr17,0.03814313217973431
null,vmf_pca100_lloyd100_bm_double,fidelity_across,wikitext,tldr17,0.6004588652814072
null,vmf_pca100_lloyd100_bm_double,reliability_across,wikitext,tldr17,0.0450052300539142
null,vmf_pca100_lloyd100_bm_raw,fidelity_across,wikitext,tldr17,0.5995494027072827
null,vmf_pca100_lloyd100_bm_raw,reliability_across,wikitext,tldr17,0.057774318628988415
null,vmf_pca100_lloyd100_coassoc,fidelity_across,wikitext,tldr17,0.4620421729811167
null,vmf_pca100_lloyd100_coassoc,reliability_across,wikitext,tldr17,0.15406661857095894
null,vmf_pca100_lloyd100_coassoc_bm_degree,fidelity_across,wikitext,tldr17,0.599247653996258
null,vmf_pca100_lloyd100_coassoc_bm_degree,reliability_across,wikitext,tldr17,0.07239667345414677
null,vmf_pca100_lloyd100_n200,fidelity_across,wikitext,tldr17,0.45502483505528774
null,vmf_pca100_lloyd100_n200,reliability_across,wikitext,tldr17,0.0519965357970378
null,vmf_pca100_lloyd100_n200_coassoc,fidelity_across,wikitext,tldr17,0.46001722377598303
null,vmf_pca100_lloyd100_n200_coassoc,reliability_across,wikitext,tldr17,0.18532333869638032
null,vmf_pca100_lloyd200,fidelity_across,wikitext,tldr17,0.48105615748760455
null,vmf_pca100_lloyd200,reliability_across,wikitext,tldr17,0.02431422663058053
null,vmf_pca100_lloyd200_bm_degree,fidelity_across,wikitext,tldr17,0.5776373545377451
null,vmf_pca100_lloyd200_bm_degree,reliability_across,wikitext,tldr17,0.020807905859909763
null,vmf_pca100_lloyd50,fidelity_across,wikitext,tldr17,0.4530290692072197
null,vmf_pca100_lloyd50,reliability_across,wikitext,tldr17,0.10372416825891004
null,vmf_pca100_lloyd50_bm_degree,fidelity_across,wikitext,tldr17,0.60309757772615
null,vmf_pca100_lloyd50_bm_degree,reliability_across,wikitext,tldr17,0.0896190079466028
null,vmf_sparse_pca100_lloyd100,fidelity_across,wikitext,tldr17,0.4163849333541808
null,vmf_sparse_pca100_lloyd100,reliability_across,wikitext,tldr17,0.14218117984127582
null,vmf_sparse_pca100_lloyd100_bm_degree,fidelity_across,wikitext,tldr17,0.5989196192922943
null,vmf_sparse_pca100_lloyd100_bm_degree,reliability_across,wikitext,tldr17,0.06755092428918434
null,(ceiling),fidelity_across,bookcorpus,wikitext,0.40484027845901516
null,vmf_pca100_lloyd100,fidelity_across,bookcorpus,wikitext,0.3340429640178439
null,vmf_pca100_lloyd100,reliability_across,bookcorpus,wikitext,0.04266585532186628
null,vmf_pca100_lloyd100_bm_degree,fidelity_across,bookcorpus,wikitext,0.5682799205458479
null,vmf_pca100_lloyd100_bm_degree,reliability_across,bookcorpus,wikitext,0.030452341433844385
null,vmf_pca100_lloyd100_bm_double,fidelity_across,bookcorpus,wikitext,0.5705082790135235
null,vmf_pca100_lloyd100_bm_double,reliability_across,bookcorpus,wikitext,0.03805474242842091
null,vmf_pca100_lloyd100_bm_raw,fidelity_across,bookcorpus,wikitext,0.5729588760871239
null,vmf_pca100_lloyd100_bm_raw,reliability_across,bookcorpus,wikitext,0.05413341253268749
null,vmf_pca100_lloyd100_coassoc,fidelity_across,bookcorpus,wikitext,0.3337700101370646
null,vmf_pca100_lloyd100_coassoc,reliability_across,bookcorpus,wikitext,0.15144905392768196
null,vmf_pca100_lloyd100_coassoc_bm_degree,fidelity_across,bookcorpus,wikitext,0.5690631652367731
null,vmf_pca100_lloyd100_coassoc_bm_degree,reliability_across,bookcorpus,wikitext,0.0730854623820192
null,vmf_pca100_lloyd100_n200,fidelity_across,bookcorpus,wikitext,0.3453810603951183
null,vmf_pca100_lloyd100_n200,reliability_across,bookcorpus,wikitext,0.05018690563649713
null,vmf_pca100_lloyd100_n200_coassoc,fidelity_across,bookcorpus,wikitext,0.33920619728244505
null,vmf_pca100_lloyd100_n200_coassoc,reliability_across,bookcorpus,wikitext,0.16337343813323682
null,vmf_pca100_lloyd200,fidelity_across,bookcorpus,wikitext,0.3540193380555409
null,vmf_pca100_lloyd200,reliability_across,bookcorpus,wikitext,0.021313833164693232
null,vmf_pca100_lloyd200_bm_degree,fidelity_across,bookcorpus,wikitext,0.5569693527403425
null,vmf_pca100_lloyd200_bm_degree,reliability_across,bookcorpus,wikitext,0.01617665206024944
null,vmf_pca100_lloyd50,fidelity_across,bookcorpus,wikitext,0.343365300071236
null,vmf_pca100_lloyd50,reliability_across,bookcorpus,wikitext,0.09311394541824229
null,vmf_pca100_lloyd50_bm_degree,fidelity_across,bookcorpus,wikitext,0.5736184759106883
null,vmf_pca100_lloyd50_bm_degree,reliability_across,bookcorpus,wikitext,0.06763721851307145
null,vmf_sparse_pca100_lloyd100,fidelity_across,bookcorpus,wikitext,0.2700250143286333
null,vmf_sparse_pca100_lloyd100,reliability_across,bookcorpus,wikitext,0.14311027402629428
null,vmf_sparse_pca100_lloyd100_bm_degree,fidelity_across,bookcorpus,wikitext,0.580431930964576
null,vmf_sparse_pca100_lloyd100_bm_degree,reliability_across,bookcorpus,wikitext,0.06558289283302146
null,(ceiling),fidelity_across,bookcorpus,agnews,0.4148261316912753
null,vmf_pca100_lloyd100,fidelity_across,bookcorpus,agnews,0.33565119094341955
null,vmf_pca100_lloyd100,reliability_across,bookcorpus,agnews,0.04512551930621602
null,vmf_pca100_lloyd100_bm_degree,fidelity_across,bookcorpus,agnews,0.5841595940992683
null,vmf_pca100_lloyd100_bm_degree,reliability_across,bookcorpus,agnews,0.029000343284278012
null,vmf_pca100_lloyd100_bm_double,fidelity_across,bookcorpus,agnews,0.5865078698566936
null,vmf_pca100_lloyd100_bm_double,reliability_across,bookcorpus,agnews,0.034896044958731054
null,vmf_pca100_lloyd100_bm_raw,fidelity_across,bookcorpus,agnews,0.5896449271939934
null,vmf_pca100_lloyd100_bm_raw,reliability_across,bookcorpus,agnews,0.054831775569075716
null,vmf_pca100_lloyd100_coassoc,fidelity_across,bookcorpus,agnews,0.33527099215407025
null,vmf_pca100_lloyd100_coassoc,reliability_across,bookcorpus,agnews,0.20326281524846615
null,vmf_pca100_lloyd100_coassoc_bm_degree,fidelity_across,bookcorpus,agnews,0.5847122071177795
null,vmf_pca100_lloyd100_coassoc_bm_degree,reliability_across,bookcorpus,agnews,0.06475630139330345
null,vmf_pca100_lloyd100_n200,fidelity_across,bookcorpus,agnews,0.34561606968529796
null,vmf_pca100_lloyd100_n200,reliability_across,bookcorpus,agnews,0.04406925319149592
null,vmf_pca100_lloyd100_n200_coassoc,fidelity_across,bookcorpus,agnews,0.34018966496720265
null,vmf_pca100_lloyd100_n200_coassoc,reliability_across,bookcorpus,agnews,0.15930534258158352
null,vmf_pca100_lloyd200,fidelity_across,bookcorpus,agnews,0.3575772670427526
null,vmf_pca100_lloyd200,reliability_across,bookcorpus,agnews,0.023755252595237763
null,vmf_pca100_lloyd200_bm_degree,fidelity_across,bookcorpus,agnews,0.5717338133316633
null,vmf_pca100_lloyd200_bm_degree,reliability_across,bookcorpus,agnews,0.017203945979531673
null,vmf_pca100_lloyd50,fidelity_across,bookcorpus,agnews,0.34403735337423186
null,vmf_pca100_lloyd50,reliability_across,bookcorpus,agnews,0.0981427400640777
null,vmf_pca100_lloyd50_bm_degree,fidelity_across,bookcorpus,agnews,0.5916192834812579
null,vmf_pca100_lloyd50_bm_degree,reliability_across,bookcorpus,agnews,0.061661004753626805
null,vmf_sparse_pca100_lloyd100,fidelity_across,bookcorpus,agnews,0.26977157828746384
null,vmf_sparse_pca100_lloyd100,reliability_across,bookcorpus,agnews,0.15889543232393752
null,vmf_sparse_pca100_lloyd100_bm_degree,fidelity_across,bookcorpus,agnews,0.596193181185939
null,vmf_sparse_pca100_lloyd100_bm_degree,reliability_across,bookcorpus,agnews,0.06313855927372045
null,(ceiling),fidelity_across,bookcorpus,tldr17,0.40964920021301504
null,vmf_pca100_lloyd100,fidelity_across,bookcorpus,tldr17,0.3448354010120189
null,vmf_pca100_lloyd100,reliability_across,bookcorpus,tldr17,0.04741057604913372
null,vmf_pca100_lloyd100_bm_degree,fidelity_across,bookcorpus,tldr17,0.575841353817644
null,vmf_pca100_lloyd100_bm_degree,reliability_across,bookcorpus,tldr17,0.02862732255094878
null,vmf_pca100_lloyd100_bm_double,fidelity_across,bookcorpus,tldr17,0.5770907673353654
null,vmf_pca100_lloyd100_bm_double,reliability_across,bookcorpus,tldr17,0.035509877223615795
null,vmf_pca100_lloyd100_bm_raw,fidelity_across,bookcorpus,tldr17,0.5817930029498396
null,vmf_pca100_lloyd100_bm_raw,reliability_across,bookcorpus,tldr17,0.054777842033042284
null,vmf_pca100_lloyd100_coassoc,fidelity_across,bookcorpus,tldr17,0.3423538210002188
null,vmf_pca100_lloyd100_coassoc,reliability_across,bookcorpus,tldr17,0.15141318018644825
null,vmf_pca100_lloyd100_coassoc_bm_degree,fidelity_across,bookcorpus,tldr17,0.5738682927187511
null,vmf_pca100_lloyd100_coassoc_bm_degree,reliability_across,bookcorpus,tldr17,0.0583284059408082
null,vmf_pca100_lloyd100_n200,fidelity_across,bookcorpus,tldr17,0.3557578971327317
null,vmf_pca100_lloyd100_n200,reliability_across,bookcorpus,tldr17,0.04134527396543599
null,vmf_pca100_lloyd100_n200_coassoc,fidelity_across,bookcorpus,tldr17,0.35084727944233807
null,vmf_pca100_lloyd100_n200_coassoc,reliability_across,bookcorpus,tldr17,0.16583097070374306
null,vmf_pca100_lloyd200,fidelity_across,bookcorpus,tldr17,0.3670634823791708
null,vmf_pca100_lloyd200,reliability_across,bookcorpus,tldr17,0.02530765081571832
null,vmf_pca100_lloyd200_bm_degree,fidelity_across,bookcorpus,tldr17,0.5623023359659953
null,vmf_pca100_lloyd200_bm_degree,reliability_across,bookcorpus,tldr17,0.018045555817947045
null,vmf_pca100_lloyd50,fidelity_across,bookcorpus,tldr17,0.35148565371398477
null,vmf_pca100_lloyd50,reliability_across,bookcorpus,tldr17,0.0902673988841269
null,vmf_pca100_lloyd50_bm_degree,fidelity_across,bookcorpus,tldr17,0.5810101039328048
null,vmf_pca100_lloyd50_bm_degree,reliability_across,bookcorpus,tldr17,0.06464692664932502
null,vmf_sparse_pca100_lloyd100,fidelity_across,bookcorpus,tldr17,0.27979805605756436
null,vmf_sparse_pca100_lloyd100,reliability_across,bookcorpus,tldr17,0.145885163832204
null,vmf_sparse_pca100_lloyd100_bm_degree,fidelity_across,bookcorpus,tldr17,0.5855459942800835
null,vmf_sparse_pca100_lloyd100_bm_degree,reliability_across,bookcorpus,tldr17,0.06104996059767484
null,(ceiling),fidelity_across,agnews,wikitext,0.40320878535016647
null,vmf_pca100_lloyd100,fidelity_across,agnews,wikitext,0.43505251790176697
null,vmf_pca100_lloyd100,reliability_across,agnews,wikitext,0.04873115761301333
null,vmf_pca100_lloyd100_bm_degree,fidelity_across,agnews,wikitext,0.5819949198222325
null,vmf_pca100_lloyd100_bm_degree,reliability_across,agnews,wikitext,0.03990413569672829
null,vmf_pca100_lloyd100_bm_double,fidelity_across,agnews,wikitext,0.5832317109236234
null,vmf_pca100_lloyd100_bm_double,reliability_across,agnews,wikitext,0.04418954399088873
null,vmf_pca100_lloyd100_bm_raw,fidelity_across,agnews,wikitext,0.5864847301612957
null,vmf_pca100_lloyd100_bm_raw,reliability_across,agnews,wikitext,0.06157506460616405
null,vmf_pca100_lloyd100_coassoc,fidelity_across,agnews,wikitext,0.4255492174825604
null,vmf_pca100_lloyd100_coassoc,reliability_across,agnews,wikitext,0.18855266295893894
null,vmf_pca100_lloyd100_coassoc_bm_degree,fidelity_across,agnews,wikitext,0.5864780612087566
null,vmf_pca100_lloyd100_coassoc_bm_degree,reliability_across,agnews,wikitext,0.08365812513918139
null,vmf_pca100_lloyd100_n200,fidelity_across,agnews,wikitext,0.4265464607740847
null,vmf_pca100_lloyd100_n200,reliability_across,agnews,wikitext,0.056764369686895376
null,vmf_pca100_lloyd100_n200_coassoc,fidelity_across,agnews,wikitext,0.41699530876177016
null,vmf_pca100_lloyd100_n200_coassoc,reliability_across,agnews,wikitext,0.1728114914993238
null,vmf_pca100_lloyd200,fidelity_across,agnews,wikitext,0.44016724914964445
null,vmf_pca100_lloyd200,reliability_across,agnews,wikitext,0.02421422227955824
null,vmf_pca100_lloyd200_bm_degree,fidelity_across,agnews,wikitext,0.5634340943478191
null,vmf_pca100_lloyd200_bm_degree,reliability_across,agnews,wikitext,0.020942218126285272
null,vmf_pca100_lloyd50,fidelity_across,agnews,wikitext,0.41108174469643766
null,vmf_pca100_lloyd50,reliability_across,agnews,wikitext,0.10989555691453125
null,vmf_pca100_lloyd50_bm_degree,fidelity_across,agnews,wikitext,0.5957160116798241
null,vmf_pca100_lloyd50_bm_degree,reliability_across,agnews,wikitext,0.08998929773361064
null,vmf_sparse_pca100_lloyd100,fidelity_across,agnews,wikitext,0.3741377295278232
null,vmf_sparse_pca100_lloyd100,reliability_across,agnews,wikitext,0.1651382184735365
null,vmf_sparse_pca100_lloyd100_bm_degree,fidelity_across,agnews,wikitext,0.5895350605159042
null,vmf_sparse_pca100_lloyd100_bm_degree,reliability_across,agnews,wikitext,0.07514760413778439
null,(ceiling),fidelity_across,agnews,bookcorpus,0.4148261316912753
null,vmf_pca100_lloyd100,fidelity_across,agnews,bookcorpus,0.4625080536241508
null,vmf_pca100_lloyd100,reliability_across,agnews,bookcorpus,0.04512551930621602
null,vmf_pca100_lloyd100_bm_degree,fidelity_across,agnews,bookcorpus,0.6024007438609799
null,vmf_pca100_lloyd100_bm_degree,reliability_across,agnews,bookcorpus,0.029000343284278012
null,vmf_pca100_lloyd100_bm_double,fidelity_across,agnews,bookcorpus,0.6044637168404797
null,vmf_pca100_lloyd100_bm_double,reliability_across,agnews,bookcorpus,0.034896044958731054
null,vmf_pca100_lloyd100_bm_raw,fidelity_across,agnews,bookcorpus,0.6063648392393284
null,vmf_pca100_lloyd100_bm_raw,reliability_across,agnews,bookcorpus,0.054831775569075716
null,vmf_pca100_lloyd100_coassoc,fidelity_across,agnews,bookcorpus,0.45116331491775274
null,vmf_pca100_lloyd100_coassoc,reliability_across,agnews,bookcorpus,0.20326281524846615
null,vmf_pca100_lloyd100_coassoc_bm_degree,fidelity_across,agnews,bookcorpus,0.6081352511419891
null,vmf_pca100_lloyd100_coassoc_bm_degree,reliability_across,agnews,bookcorpus,0.06475630139330345
null,vmf_pca100_lloyd100_n200,fidelity_across,agnews,bookcorpus,0.4496395130946094
null,vmf_pca100_lloyd100_n200,reliability_across,agnews,bookcorpus,0.04406925319149592
null,vmf_pca100_lloyd100_n200_coassoc,fidelity_across,agnews,bookcorpus,0.44234166670406255
null,vmf_pca100_lloyd100_n200_coassoc,reliability_across,agnews,bookcorpus,0.15930534258158352
null,vmf_pca100_lloyd200,fidelity_across,agnews,bookcorpus,0.4721536373717064
null,vmf_pca100_lloyd200,reliability_across,agnews,bookcorpus,0.023755252595237763
null,vmf_pca100_lloyd200_bm_degree,fidelity_across,agnews,bookcorpus,0.587773620079772
null,vmf_pca100_lloyd200_bm_degree,reliability_across,agnews,bookcorpus,0.017203945979531673
null,vmf_pca100_lloyd50,fidelity_across,agnews,bookcorpus,0.4366365602067761
null,vmf_pca100_lloyd50,reliability_across,agnews,bookcorpus,0.0981427400640777
null,vmf_pca100_lloyd50_bm_degree,fidelity_across,agnews,bookcorpus,0.6167877167583055
null,vmf_pca100_lloyd50_bm_degree,reliability_across,agnews,bookcorpus,0.061661004753626805
null,vmf_sparse_pca100_lloyd100,fidelity_across,agnews,bookcorpus,0.3954830095216827
null,vmf_sparse_pca100_lloyd100,reliability_across,agnews,bookcorpus,0.15889543232393752
null,vmf_sparse_pca100_lloyd100_bm_degree,fidelity_across,agnews,bookcorpus,0.6088977385010723
null,vmf_sparse_pca100_lloyd100_bm_degree,reliability_across,agnews,bookcorpus,0.06313855927372045
null,(ceiling),fidelity_across,agnews,tldr17,0.39998701763799777
null,vmf_pca100_lloyd100,fidelity_across,agnews,tldr17,0.44074413690742364
null,vmf_pca100_lloyd100,reliability_across,agnews,tldr17,0.04312068717735477
null,vmf_pca100_lloyd100_bm_degree,fidelity_across,agnews,tldr17,0.5788973953737158
null,vmf_pca100_lloyd100_bm_degree,reliability_across,agnews,tldr17,0.030358054948673358
null,vmf_pca100_lloyd100_bm_double,fidelity_across,agnews,tldr17,0.5811648993183637
null,vmf_pca100_lloyd100_bm_double,reliability_across,agnews,tldr17,0.03404029234099508
null,vmf_pca100_lloyd100_bm_raw,fidelity_across,agnews,tldr17,0.5835340379383833
null,vmf_pca100_lloyd100_bm_raw,reliability_across,agnews,tldr17,0.049838906258599824
null,vmf_pca100_lloyd100_coassoc,fidelity_across,agnews,tldr17,0.42875352886230333
null,vmf_pca100_lloyd100_coassoc,reliability_across,agnews,tldr17,0.17049996137359558
null,vmf_pca100_lloyd100_coassoc_bm_degree,fidelity_across,agnews,tldr17,0.5836334911240242
null,vmf_pca100_lloyd100_coassoc_bm_degree,reliability_across,agnews,tldr17,0.05819974328759376
null,vmf_pca100_lloyd100_n200,fidelity_across,agnews,tldr17,0.43133903604593365
null,vmf_pca100_lloyd100_n200,reliability_across,agnews,tldr17,0.03729987814068916
null,vmf_pca100_lloyd100_n200_coassoc,fidelity_across,agnews,tldr17,0.4218434068653231
null,vmf_pca100_lloyd100_n200_coassoc,reliability_across,agnews,tldr17,0.15308570805905436
null,vmf_pca100_lloyd200,fidelity_across,agnews,tldr17,0.4468516610123406
null,vmf_pca100_lloyd200,reliability_across,agnews,tldr17,0.022001723068200845
null,vmf_pca100_lloyd200_bm_degree,fidelity_across,agnews,tldr17,0.5612513867248077
null,vmf_pca100_lloyd200_bm_degree,reliability_across,agnews,tldr17,0.01759549195216654
null,vmf_pca100_lloyd50,fidelity_across,agnews,tldr17,0.41568388823123653
null,vmf_pca100_lloyd50,reliability_across,agnews,tldr17,0.08806488373972662
null,vmf_pca100_lloyd50_bm_degree,fidelity_across,agnews,tldr17,0.5925277938434897
null,vmf_pca100_lloyd50_bm_degree,reliability_across,agnews,tldr17,0.07158525747451719
null,vmf_sparse_pca100_lloyd100,fidelity_across,agnews,tldr17,0.375952358440164
null,vmf_sparse_pca100_lloyd100,reliability_across,agnews,tldr17,0.1355440277669691
null,vmf_sparse_pca100_lloyd100_bm_degree,fidelity_across,agnews,tldr17,0.5896030444800195
null,vmf_sparse_pca100_lloyd100_bm_degree,reliability_across,agnews,tldr17,0.056513996515264925
null,(ceiling),fidelity_across,tldr17,wikitext,0.4030856511734902
null,vmf_pca100_lloyd100,fidelity_across,tldr17,wikitext,0.45369564222436765
null,vmf_pca100_lloyd100,reliability_across,tldr17,wikitext,0.04917498544975672
null,vmf_pca100_lloyd100_bm_degree,fidelity_across,tldr17,wikitext,0.5863646514081027
null,vmf_pca100_lloyd100_bm_degree,reliability_across,tldr17,wikitext,0.03814313217973431
null,vmf_pca100_lloyd100_bm_double,fidelity_across,tldr17,wikitext,0.5864100525878662
null,vmf_pca100_lloyd100_bm_double,reliability_across,tldr17,wikitext,0.0450052300539142
null,vmf_pca100_lloyd100_bm_raw,fidelity_across,tldr17,wikitext,0.589103177963827
null,vmf_pca100_lloyd100_bm_raw,reliability_across,tldr17,wikitext,0.057774318628988415
null,vmf_pca100_lloyd100_coassoc,fidelity_across,tldr17,wikitext,0.448138855490114
null,vmf_pca100_lloyd100_coassoc,reliability_across,tldr17,wikitext,0.15406661857095894
null,vmf_pca100_lloyd100_coassoc_bm_degree,fidelity_across,tldr17,wikitext,0.5911061130814226
null,vmf_pca100_lloyd100_coassoc_bm_degree,reliability_across,tldr17,wikitext,0.07239667345414677
null,vmf_pca100_lloyd100_n200,fidelity_across,tldr17,wikitext,0.43824344318021374
null,vmf_pca100_lloyd100_n200,reliability_across,tldr17,wikitext,0.0519965357970378
null,vmf_pca100_lloyd100_n200_coassoc,fidelity_across,tldr17,wikitext,0.44707277307076143
null,vmf_pca100_lloyd100_n200_coassoc,reliability_across,tldr17,wikitext,0.18532333869638032
null,vmf_pca100_lloyd200,fidelity_across,tldr17,wikitext,0.48161636078824965
null,vmf_pca100_lloyd200,reliability_across,tldr17,wikitext,0.02431422663058053
null,vmf_pca100_lloyd200_bm_degree,fidelity_across,tldr17,wikitext,0.5741955239053066
null,vmf_pca100_lloyd200_bm_degree,reliability_across,tldr17,wikitext,0.020807905859909763
null,vmf_pca100_lloyd50,fidelity_across,tldr17,wikitext,0.44183325759312275
null,vmf_pca100_lloyd50,reliability_across,tldr17,wikitext,0.10372416825891004
null,vmf_pca100_lloyd50_bm_degree,fidelity_across,tldr17,wikitext,0.5951885280277507
null,vmf_pca100_lloyd50_bm_degree,reliability_across,tldr17,wikitext,0.0896190079466028
null,vmf_sparse_pca100_lloyd100,fidelity_across,tldr17,wikitext,0.3981916567194285
null,vmf_sparse_pca100_lloyd100,reliability_across,tldr17,wikitext,0.14218117984127582
null,vmf_sparse_pca100_lloyd100_bm_degree,fidelity_across,tldr17,wikitext,0.5937121620348149
null,vmf_sparse_pca100_lloyd100_bm_degree,reliability_across,tldr17,wikitext,0.06755092428918434
null,(ceiling),fidelity_across,tldr17,bookcorpus,0.40964920021301504
null,vmf_pca100_lloyd100,fidelity_across,tldr17,bookcorpus,0.4647769389730587
null,vmf_pca100_lloyd100,reliability_across,tldr17,bookcorpus,0.04741057604913372
null,vmf_pca100_lloyd100_bm_degree,fidelity_across,tldr17,bookcorpus,0.5988111123930056
null,vmf_pca100_lloyd100_bm_degree,reliability_across,tldr17,bookcorpus,0.02862732255094878
null,vmf_pca100_lloyd100_bm_double,fidelity_across,tldr17,bookcorpus,0.5975952311354538
null,vmf_pca100_lloyd100_bm_double,reliability_across,tldr17,bookcorpus,0.035509877223615795
null,vmf_pca100_lloyd100_bm_raw,fidelity_across,tldr17,bookcorpus,0.6003097510899014
null,vmf_pca100_lloyd100_bm_raw,reliability_across,tldr17,bookcorpus,0.054777842033042284
null,vmf_pca100_lloyd100_coassoc,fidelity_across,tldr17,bookcorpus,0.4608284466141876
null,vmf_pca100_lloyd100_coassoc,reliability_across,tldr17,bookcorpus,0.15141318018644825
null,vmf_pca100_lloyd100_coassoc_bm_degree,fidelity_across,tldr17,bookcorpus,0.6041725433878714
null,vmf_pca100_lloyd100_coassoc_bm_degree,reliability_across,tldr17,bookcorpus,0.0583284059408082
null,vmf_pca100_lloyd100_n200,fidelity_across,tldr17,bookcorpus,0.447324403681873
null,vmf_pca100_lloyd100_n200,reliability_across,tldr17,bookcorpus,0.04134527396543599
null,vmf_pca100_lloyd100_n200_coassoc,fidelity_across,tldr17,bookcorpus,0.45951177515210284
null,vmf_pca100_lloyd100_n200_coassoc,reliability_across,tldr17,bookcorpus,0.16583097070374306
null,vmf_pca100_lloyd200,fidelity_across,tldr17,bookcorpus,0.49274533256679853
null,vmf_pca100_lloyd200,reliability_across,tldr17,bookcorpus,0.02530765081571832
null,vmf_pca100_lloyd200_bm_degree,fidelity_across,tldr17,bookcorpus,0.5878445015316976
null,vmf_pca100_lloyd200_bm_degree,reliability_across,tldr17,bookcorpus,0.018045555817947045
null,vmf_pca100_lloyd50,fidelity_across,tldr17,bookcorpus,0.45565596294651173
null,vmf_pca100_lloyd50,reliability_across,tldr17,bookcorpus,0.0902673988841269
null,vmf_pca100_lloyd50_bm_degree,fidelity_across,tldr17,bookcorpus,0.6072884233746773
null,vmf_pca100_lloyd50_bm_degree,reliability_across,tldr17,bookcorpus,0.06464692664932502
null,vmf_sparse_pca100_lloyd100,fidelity_across,tldr17,bookcorpus,0.40651181322965335
null,vmf_sparse_pca100_lloyd100,reliability_across,tldr17,bookcorpus,0.145885163832204
null,vmf_sparse_pca100_lloyd100_bm_degree,fidelity_across,tldr17,bookcorpus,0.603811454083307
null,vmf_sparse_pca100_lloyd100_bm_degree,reliability_across,tldr17,bookcorpus,0.06104996059767484
null,(ceiling),fidelity_across,tldr17,agnews,0.39998701763799777
null,vmf_pca100_lloyd100,fidelity_across,tldr17,agnews,0.44271260694501635
null,vmf_pca100_lloyd100,reliability_across,tldr17,agnews,0.04312068717735477
null,vmf_pca100_lloyd100_bm_degree,fidelity_across,tldr17,agnews,0.5857247835670115
null,vmf_pca100_lloyd100_bm_degree,reliability_across,tldr17,agnews,0.030358054948673358
null,vmf_pca100_lloyd100_bm_double,fidelity_across,tldr17,agnews,0.5844749448269236
null,vmf_pca100_lloyd100_bm_double,reliability_across,tldr17,agnews,0.03404029234099508
null,vmf_pca100_lloyd100_bm_raw,fidelity_across,tldr17,agnews,0.5878106663809098
null,vmf_pca100_lloyd100_bm_raw,reliability_across,tldr17,agnews,0.049838906258599824
null,vmf_pca100_lloyd100_coassoc,fidelity_across,tldr17,agnews,0.43766329697245215
null,vmf_pca100_lloyd100_coassoc,reliability_across,tldr17,agnews,0.17049996137359558
null,vmf_pca100_lloyd100_coassoc_bm_degree,fidelity_across,tldr17,agnews,0.5902821170229644
null,vmf_pca100_lloyd100_coassoc_bm_degree,reliability_across,tldr17,agnews,0.05819974328759376
null,vmf_pca100_lloyd100_n200,fidelity_across,tldr17,agnews,0.4250918709362484
null,vmf_pca100_lloyd100_n200,reliability_across,tldr17,agnews,0.03729987814068916
null,vmf_pca100_lloyd100_n200_coassoc,fidelity_across,tldr17,agnews,0.43712518586465804
null,vmf_pca100_lloyd100_n200_coassoc,reliability_across,tldr17,agnews,0.15308570805905436
null,vmf_pca100_lloyd200,fidelity_across,tldr17,agnews,0.468332486978218
null,vmf_pca100_lloyd200,reliability_across,tldr17,agnews,0.022001723068200845
null,vmf_pca100_lloyd200_bm_degree,fidelity_across,tldr17,agnews,0.5758844993691805
null,vmf_pca100_lloyd200_bm_degree,reliability_across,tldr17,agnews,0.01759549195216654
null,vmf_pca100_lloyd50,fidelity_across,tldr17,agnews,0.4309290192739558
null,vmf_pca100_lloyd50,reliability_across,tldr17,agnews,0.08806488373972662
null,vmf_pca100_lloyd50_bm_degree,fidelity_across,tldr17,agnews,0.5965598591180803
null,vmf_pca100_lloyd50_bm_degree,reliability_across,tldr17,agnews,0.07158525747451719
null,vmf_sparse_pca100_lloyd100,fidelity_across,tldr17,agnews,0.38549694943443646
null,vmf_sparse_pca100_lloyd100,reliability_across,tldr17,agnews,0.1355440277669691
null,vmf_sparse_pca100_lloyd100_bm_degree,fidelity_across,tldr17,agnews,0.5935097344998714
null,vmf_sparse_pca100_lloyd100_bm_degree,reliability_across,tldr17,agnews,0.056513996515264925
null,(ceiling),fidelity_across_halves,wikitext,bookcorpus,0.40562954859944805
null,vmf_pca100_lloyd100,fidelity_across_halves,wikitext,bookcorpus,0.4436434641496678
null,vmf_pca100_lloyd100,reliability_across_halves,wikitext,bookcorpus,0.03134016273303494
null,vmf_pca100_lloyd100_bm_degree,fidelity_across_halves,wikitext,bookcorpus,0.5975557022349426
null,vmf_pca100_lloyd100_bm_degree,reliability_across_halves,wikitext,bookcorpus,0.030960296336790708
null,vmf_pca100_lloyd100_bm_double,fidelity_across_halves,wikitext,bookcorpus,0.5994677169903344
null,vmf_pca100_lloyd100_bm_double,reliability_across_halves,wikitext,bookcorpus,0.03629549789894818
null,vmf_pca100_lloyd100_bm_raw,fidelity_across_halves,wikitext,bookcorpus,0.6003884224742355
null,vmf_pca100_lloyd100_bm_raw,reliability_across_halves,wikitext,bookcorpus,0.05207628960364483
null,vmf_pca100_lloyd100_coassoc,fidelity_across_halves,wikitext,bookcorpus,0.4408020211839564
null,vmf_pca100_lloyd100_coassoc,reliability_across_halves,wikitext,bookcorpus,0.10325611706168437
null,vmf_pca100_lloyd100_coassoc_bm_degree,fidelity_across_halves,wikitext,bookcorpus,0.6046544504133222
null,vmf_pca100_lloyd100_coassoc_bm_degree,reliability_across_halves,wikitext,bookcorpus,0.044675066146733326
null,vmf_pca100_lloyd100_n200,fidelity_across_halves,wikitext,bookcorpus,0.43686199672040404
null,vmf_pca100_lloyd100_n200,reliability_across_halves,wikitext,bookcorpus,0.04166503011348447
null,vmf_pca100_lloyd100_n200_coassoc,fidelity_across_halves,wikitext,bookcorpus,0.44903754063797274
null,vmf_pca100_lloyd100_n200_coassoc,reliability_across_halves,wikitext,bookcorpus,0.1226559000301815
null,vmf_pca100_lloyd200,fidelity_across_halves,wikitext,bookcorpus,0.4640356059029049
null,vmf_pca100_lloyd200,reliability_across_halves,wikitext,bookcorpus,0.017027251793432296
null,vmf_pca100_lloyd200_bm_degree,fidelity_across_halves,wikitext,bookcorpus,0.5817123250712621
null,vmf_pca100_lloyd200_bm_degree,reliability_across_halves,wikitext,bookcorpus,0.013025918279444623
null,vmf_pca100_lloyd50,fidelity_across_halves,wikitext,bookcorpus,0.42763993123943544
null,vmf_pca100_lloyd50,reliability_across_halves,wikitext,bookcorpus,0.11108316251239891
null,vmf_pca100_lloyd50_bm_degree,fidelity_across_halves,wikitext,bookcorpus,0.6032910149838097
null,vmf_pca100_lloyd50_bm_degree,reliability_across_halves,wikitext,bookcorpus,0.07427585446616312
null,vmf_sparse_pca100_lloyd100,fidelity_across_halves,wikitext,bookcorpus,0.38204150517613344
null,vmf_sparse_pca100_lloyd100,reliability_across_halves,wikitext,bookcorpus,0.12871268113063938
null,vmf_sparse_pca100_lloyd100_bm_degree,fidelity_across_halves,wikitext,bookcorpus,0.6027602080564907
null,vmf_sparse_pca100_lloyd100_bm_degree,reliability_across_halves,wikitext,bookcorpus,0.047441362593973156
null,(ceiling),fidelity_across_halves,wikitext,agnews,0.4032180027611083
null,vmf_pca100_lloyd100,fidelity_across_halves,wikitext,agnews,0.4289646872596757
null,vmf_pca100_lloyd100,reliability_across_halves,wikitext,agnews,0.041134711721032204
null,vmf_pca100_lloyd100_bm_degree,fidelity_across_halves,wikitext,agnews,0.5899829962945873
null,vmf_pca100_lloyd100_bm_degree,reliability_across_halves,wikitext,agnews,0.03861449435963518
null,vmf_pca100_lloyd100_bm_double,fidelity_across_halves,wikitext,agnews,0.5920682898482174
null,vmf_pca100_lloyd100_bm_double,reliability_across_halves,wikitext,agnews,0.04511521452633476
null,vmf_pca100_lloyd100_bm_raw,fidelity_across_halves,wikitext,agnews,0.5958682502469983
null,vmf_pca100_lloyd100_bm_raw,reliability_across_halves,wikitext,agnews,0.06130577909542411
null,vmf_pca100_lloyd100_coassoc,fidelity_across_halves,wikitext,agnews,0.42497901354745443
null,vmf_pca100_lloyd100_coassoc,reliability_across_halves,wikitext,agnews,0.0926020068903113
null,vmf_pca100_lloyd100_coassoc_bm_degree,fidelity_across_halves,wikitext,agnews,0.5977872158941986
null,vmf_pca100_lloyd100_coassoc_bm_degree,reliability_across_halves,wikitext,agnews,0.053853807320787345
null,vmf_pca100_lloyd100_n200,fidelity_across_halves,wikitext,agnews,0.4268614816997694
null,vmf_pca100_lloyd100_n200,reliability_across_halves,wikitext,agnews,0.044809438824938215
null,vmf_pca100_lloyd100_n200_coassoc,fidelity_across_halves,wikitext,agnews,0.4323291397540901
null,vmf_pca100_lloyd100_n200_coassoc,reliability_across_halves,wikitext,agnews,0.11780719310394079
null,vmf_pca100_lloyd200,fidelity_across_halves,wikitext,agnews,0.45066364097040895
null,vmf_pca100_lloyd200,reliability_across_halves,wikitext,agnews,0.01918706492614176
null,vmf_pca100_lloyd200_bm_degree,fidelity_across_halves,wikitext,agnews,0.5772420673108923
null,vmf_pca100_lloyd200_bm_degree,reliability_across_halves,wikitext,agnews,0.016797113529014973
null,vmf_pca100_lloyd50,fidelity_across_halves,wikitext,agnews,0.4122410853636738
null,vmf_pca100_lloyd50,reliability_across_halves,wikitext,agnews,0.10952608993217623
null,vmf_pca100_lloyd50_bm_degree,fidelity_across_halves,wikitext,agnews,0.5919031950494219
null,vmf_pca100_lloyd50_bm_degree,reliability_across_halves,wikitext,agnews,0.09332654866921473
null,vmf_sparse_pca100_lloyd100,fidelity_across_halves,wikitext,agnews,0.36734752251148467
null,vmf_sparse_pca100_lloyd100,reliability_across_halves,wikitext,agnews,0.13666062629207232
null,vmf_sparse_pca100_lloyd100_bm_degree,fidelity_across_halves,wikitext,agnews,0.5906594505001582
null,vmf_sparse_pca100_lloyd100_bm_degree,reliability_across_halves,wikitext,agnews,0.0648609917293764
null,(ceiling),fidelity_across_halves,wikitext,tldr17,0.40095053165014855
null,vmf_pca100_lloyd100,fidelity_across_halves,wikitext,tldr17,0.43938899611783966
null,vmf_pca100_lloyd100,reliability_across_halves,wikitext,tldr17,0.0428159909584899
null,vmf_pca100_lloyd100_bm_degree,fidelity_across_halves,wikitext,tldr17,0.5834427967120391
null,vmf_pca100_lloyd100_bm_degree,reliability_across_halves,wikitext,tldr17,0.03831169140345342
null,vmf_pca100_lloyd100_bm_double,fidelity_across_halves,wikitext,tldr17,0.5851075084849763
null,vmf_pca100_lloyd100_bm_double,reliability_across_halves,wikitext,tldr17,0.045123755514962643
null,vmf_pca100_lloyd100_bm_raw,fidelity_across_halves,wikitext,tldr17,0.5906989134148695
null,vmf_pca100_lloyd100_bm_raw,reliability_across_halves,wikitext,tldr17,0.06090641951276936
null,vmf_pca100_lloyd100_coassoc,fidelity_across_halves,wikitext,tldr17,0.43813420038980666
null,vmf_pca100_lloyd100_coassoc,reliability_across_halves,wikitext,tldr17,0.09696564240547449
null,vmf_pca100_lloyd100_coassoc_bm_degree,fidelity_across_halves,wikitext,tldr17,0.5922506161703385
null,vmf_pca100_lloyd100_coassoc_bm_degree,reliability_across_halves,wikitext,tldr17,0.0550451730730986
null,vmf_pca100_lloyd100_n200,fidelity_across_halves,wikitext,tldr17,0.43422057060817837
null,vmf_pca100_lloyd100_n200,reliability_across_halves,wikitext,tldr17,0.05385624745701486
null,vmf_pca100_lloyd100_n200_coassoc,fidelity_across_halves,wikitext,tldr17,0.4469244667831963
null,vmf_pca100_lloyd100_n200_coassoc,reliability_across_halves,wikitext,tldr17,0.10432819012461952
null,vmf_pca100_lloyd200,fidelity_across_halves,wikitext,tldr17,0.45684738527920465
null,vmf_pca100_lloyd200,reliability_across_halves,wikitext,tldr17,0.023261281641781754
null,vmf_pca100_lloyd200_bm_degree,fidelity_across_halves,wikitext,tldr17,0.572787396428849
null,vmf_pca100_lloyd200_bm_degree,reliability_across_halves,wikitext,tldr17,0.019550035771406803
null,vmf_pca100_lloyd50,fidelity_across_halves,wikitext,tldr17,0.42386904373763984
null,vmf_pca100_lloyd50,reliability_across_halves,wikitext,tldr17,0.11212206064766546
null,vmf_pca100_lloyd50_bm_degree,fidelity_across_halves,wikitext,tldr17,0.589338032690724
null,vmf_pca100_lloyd50_bm_degree,reliability_across_halves,wikitext,tldr17,0.10716850120703773
null,vmf_sparse_pca100_lloyd100,fidelity_across_halves,wikitext,tldr17,0.37938427265846236
null,vmf_sparse_pca100_lloyd100,reliability_across_halves,wikitext,tldr17,0.1324221881128827
null,vmf_sparse_pca100_lloyd100_bm_degree,fidelity_across_halves,wikitext,tldr17,0.5897127875484779
null,vmf_sparse_pca100_lloyd100_bm_degree,reliability_across_halves,wikitext,tldr17,0.06449508278718231
null,(ceiling),fidelity_across_halves,bookcorpus,wikitext,0.41245180120481545
null,vmf_pca100_lloyd100,fidelity_across_halves,bookcorpus,wikitext,0.33406487230834775
null,vmf_pca100_lloyd100,reliability_across_halves,bookcorpus,wikitext,0.03573607786795351
null,vmf_pca100_lloyd100_bm_degree,fidelity_across_halves,bookcorpus,wikitext,0.5718450256976442
null,vmf_pca100_lloyd100_bm_degree,reliability_across_halves,bookcorpus,wikitext,0.03227682580108282
null,vmf_pca100_lloyd100_bm_double,fidelity_across_halves,bookcorpus,wikitext,0.5727501345048904
null,vmf_pca100_lloyd100_bm_double,reliability_across_halves,bookcorpus,wikitext,0.0414555225945637
null,vmf_pca100_lloyd100_bm_raw,fidelity_across_halves,bookcorpus,wikitext,0.5746939980216943
null,vmf_pca100_lloyd100_bm_raw,reliability_across_halves,bookcorpus,wikitext,0.05527320937856792
null,vmf_pca100_lloyd100_coassoc,fidelity_across_halves,bookcorpus,wikitext,0.33613466961349775
null,vmf_pca100_lloyd100_coassoc,reliability_across_halves,bookcorpus,wikitext,0.07909403827159467
null,vmf_pca100_lloyd100_coassoc_bm_degree,fidelity_across_halves,bookcorpus,wikitext,0.5715288626429864
null,vmf_pca100_lloyd100_coassoc_bm_degree,reliability_across_halves,bookcorpus,wikitext,0.04714495409004561
null,vmf_pca100_lloyd100_n200,fidelity_across_halves,bookcorpus,wikitext,0.34493519451045374
null,vmf_pca100_lloyd100_n200,reliability_across_halves,bookcorpus,wikitext,0.044301411280867405
null,vmf_pca100_lloyd100_n200_coassoc,fidelity_across_halves,bookcorpus,wikitext,0.3432158334694952
null,vmf_pca100_lloyd100_n200_coassoc,reliability_across_halves,bookcorpus,wikitext,0.0913183017539099
null,vmf_pca100_lloyd200,fidelity_across_halves,bookcorpus,wikitext,0.3599365442774329
null,vmf_pca100_lloyd200,reliability_across_halves,bookcorpus,wikitext,0.019027115762170452
null,vmf_pca100_lloyd200_bm_degree,fidelity_across_halves,bookcorpus,wikitext,0.5626697687333447
null,vmf_pca100_lloyd200_bm_degree,reliability_across_halves,bookcorpus,wikitext,0.014075519422274417
null,vmf_pca100_lloyd50,fidelity_across_halves,bookcorpus,wikitext,0.3291465065307163
null,vmf_pca100_lloyd50,reliability_across_halves,bookcorpus,wikitext,0.09039823833423728
null,vmf_pca100_lloyd50_bm_degree,fidelity_across_halves,bookcorpus,wikitext,0.5737937970651825
null,vmf_pca100_lloyd50_bm_degree,reliability_across_halves,bookcorpus,wikitext,0.06623034167164131
null,vmf_sparse_pca100_lloyd100,fidelity_across_halves,bookcorpus,wikitext,0.2803341372609928
null,vmf_sparse_pca100_lloyd100,reliability_across_halves,bookcorpus,wikitext,0.11993499368987688
null,vmf_sparse_pca100_lloyd100_bm_degree,fidelity_across_halves,bookcorpus,wikitext,0.5740498674171144
null,vmf_sparse_pca100_lloyd100_bm_degree,reliability_across_halves,bookcorpus,wikitext,0.04291175750388171
null,(ceiling),fidelity_across_halves,bookcorpus,agnews,0.4122261694976052
null,vmf_pca100_lloyd100,fidelity_across_halves,bookcorpus,agnews,0.3292365803568276
null,vmf_pca100_lloyd100,reliability_across_halves,bookcorpus,agnews,0.035246322744302554
null,vmf_pca100_lloyd100_bm_degree,fidelity_across_halves,bookcorpus,agnews,0.5804787824152926
null,vmf_pca100_lloyd100_bm_degree,reliability_across_halves,bookcorpus,agnews,0.02905788232698482
null,vmf_pca100_lloyd100_bm_double,fidelity_across_halves,bookcorpus,agnews,0.5819381568746408
null,vmf_pca100_lloyd100_bm_double,reliability_across_halves,bookcorpus,agnews,0.03563012592541072
null,vmf_pca100_lloyd100_bm_raw,fidelity_across_halves,bookcorpus,agnews,0.5832877867615327
null,vmf_pca100_lloyd100_bm_raw,reliability_across_halves,bookcorpus,agnews,0.05997746889931028
null,vmf_pca100_lloyd100_coassoc,fidelity_across_halves,bookcorpus,agnews,0.3326856863731251
null,vmf_pca100_lloyd100_coassoc,reliability_across_halves,bookcorpus,agnews,0.10899657641270032
null,vmf_pca100_lloyd100_coassoc_bm_degree,fidelity_across_halves,bookcorpus,agnews,0.5807694864361002
null,vmf_pca100_lloyd100_coassoc_bm_degree,reliability_across_halves,bookcorpus,agnews,0.049967982741141864
null,vmf_pca100_lloyd100_n200,fidelity_across_halves,bookcorpus,agnews,0.34018828664915474
null,vmf_pca100_lloyd100_n200,reliability_across_halves,bookcorpus,agnews,0.03537456652117431
null,vmf_pca100_lloyd100_n200_coassoc,fidelity_across_halves,bookcorpus,agnews,0.34178699018377795
null,vmf_pca100_lloyd100_n200_coassoc,reliability_across_halves,bookcorpus,agnews,0.13234659080339806
null,vmf_pca100_lloyd200,fidelity_across_halves,bookcorpus,agnews,0.35482932312448723
null,vmf_pca100_lloyd200,reliability_across_halves,bookcorpus,agnews,0.017997549325743174
null,vmf_pca100_lloyd200_bm_degree,fidelity_across_halves,bookcorpus,agnews,0.568235389861987
null,vmf_pca100_lloyd200_bm_degree,reliability_across_halves,bookcorpus,agnews,0.012923082203022419
null,vmf_pca100_lloyd50,fidelity_across_halves,bookcorpus,agnews,0.32831642680785317
null,vmf_pca100_lloyd50,reliability_across_halves,bookcorpus,agnews,0.09914363868809295
null,vmf_pca100_lloyd50_bm_degree,fidelity_across_halves,bookcorpus,agnews,0.5846316908784704
null,vmf_pca100_lloyd50_bm_degree,reliability_across_halves,bookcorpus,agnews,0.06228704070126828
null,vmf_sparse_pca100_lloyd100,fidelity_across_halves,bookcorpus,agnews,0.27414089018700316
null,vmf_sparse_pca100_lloyd100,reliability_across_halves,bookcorpus,agnews,0.1374300020674389
null,vmf_sparse_pca100_lloyd100_bm_degree,fidelity_across_halves,bookcorpus,agnews,0.5835148832682157
null,vmf_sparse_pca100_lloyd100_bm_degree,reliability_across_halves,bookcorpus,agnews,0.049631767043852526
null,(ceiling),fidelity_across_halves,bookcorpus,tldr17,0.41372853728957387
null,vmf_pca100_lloyd100,fidelity_across_halves,bookcorpus,tldr17,0.34105832921090723
null,vmf_pca100_lloyd100,reliability_across_halves,bookcorpus,tldr17,0.0378503961167591
null,vmf_pca100_lloyd100_bm_degree,fidelity_across_halves,bookcorpus,tldr17,0.5733636366868489
null,vmf_pca100_lloyd100_bm_degree,reliability_across_halves,bookcorpus,tldr17,0.030289912087459108
null,vmf_pca100_lloyd100_bm_double,fidelity_across_halves,bookcorpus,tldr17,0.5759711503587752
null,vmf_pca100_lloyd100_bm_double,reliability_across_halves,bookcorpus,tldr17,0.03957340691291742
null,vmf_pca100_lloyd100_bm_raw,fidelity_across_halves,bookcorpus,tldr17,0.578679147852246
null,vmf_pca100_lloyd100_bm_raw,reliability_across_halves,bookcorpus,tldr17,0.06491014963695746
null,vmf_pca100_lloyd100_coassoc,fidelity_across_halves,bookcorpus,tldr17,0.34322138991854345
null,vmf_pca100_lloyd100_coassoc,reliability_across_halves,bookcorpus,tldr17,0.10798021400675202
null,vmf_pca100_lloyd100_coassoc_bm_degree,fidelity_across_halves,bookcorpus,tldr17,0.5749851894994129
null,vmf_pca100_lloyd100_coassoc_bm_degree,reliability_across_halves,bookcorpus,tldr17,0.05259582652381503
null,vmf_pca100_lloyd100_n200,fidelity_across_halves,bookcorpus,tldr17,0.3525423625307907
null,vmf_pca100_lloyd100_n200,reliability_across_halves,bookcorpus,tldr17,0.04363940705084705
null,vmf_pca100_lloyd100_n200_coassoc,fidelity_across_halves,bookcorpus,tldr17,0.35014350835924474
null,vmf_pca100_lloyd100_n200_coassoc,reliability_across_halves,bookcorpus,tldr17,0.10234514803187807
null,vmf_pca100_lloyd200,fidelity_across_halves,bookcorpus,tldr17,0.3665265514431165
null,vmf_pca100_lloyd200,reliability_across_halves,bookcorpus,tldr17,0.022585466846978073
null,vmf_pca100_lloyd200_bm_degree,fidelity_across_halves,bookcorpus,tldr17,0.5659319419996367
null,vmf_pca100_lloyd200_bm_degree,reliability_across_halves,bookcorpus,tldr17,0.015152776281895215
null,vmf_pca100_lloyd50,fidelity_across_halves,bookcorpus,tldr17,0.3386279789947263
null,vmf_pca100_lloyd50,reliability_across_halves,bookcorpus,tldr17,0.10085696148794737
null,vmf_pca100_lloyd50_bm_degree,fidelity_across_halves,bookcorpus,tldr17,0.577811107475612
null,vmf_pca100_lloyd50_bm_degree,reliability_across_halves,bookcorpus,tldr17,0.07415301477534625
null,vmf_sparse_pca100_lloyd100,fidelity_across_halves,bookcorpus,tldr17,0.2843118771296814
null,vmf_sparse_pca100_lloyd100,reliability_across_halves,bookcorpus,tldr17,0.13885408306503888
null,vmf_sparse_pca100_lloyd100_bm_degree,fidelity_across_halves,bookcorpus,tldr17,0.5765075020804159
null,vmf_sparse_pca100_lloyd100_bm_degree,reliability_across_halves,bookcorpus,tldr17,0.05101706088298222
null,(ceiling),fidelity_across_halves,agnews,wikitext,0.4198693796912115
null,vmf_pca100_lloyd100,fidelity_across_halves,agnews,wikitext,0.41029416948774255
null,vmf_pca100_lloyd100,reliability_across_halves,agnews,wikitext,0.04143883218947196
null,vmf_pca100_lloyd100_bm_degree,fidelity_across_halves,agnews,wikitext,0.5796208023403502
null,vmf_pca100_lloyd100_bm_degree,reliability_across_halves,agnews,wikitext,0.0394426888043696
null,vmf_pca100_lloyd100_bm_double,fidelity_across_halves,agnews,wikitext,0.5806839883872401
null,vmf_pca100_lloyd100_bm_double,reliability_across_halves,agnews,wikitext,0.04704458658733081
null,vmf_pca100_lloyd100_bm_raw,fidelity_across_halves,agnews,wikitext,0.5818195820055719
null,vmf_pca100_lloyd100_bm_raw,reliability_across_halves,agnews,wikitext,0.06603004073238314
null,vmf_pca100_lloyd100_coassoc,fidelity_across_halves,agnews,wikitext,0.40191130969771693
null,vmf_pca100_lloyd100_coassoc,reliability_across_halves,agnews,wikitext,0.09880008943129216
null,vmf_pca100_lloyd100_coassoc_bm_degree,fidelity_across_halves,agnews,wikitext,0.5822540386922347
null,vmf_pca100_lloyd100_coassoc_bm_degree,reliability_across_halves,agnews,wikitext,0.051916569612854825
null,vmf_pca100_lloyd100_n200,fidelity_across_halves,agnews,wikitext,0.4011881022147395
null,vmf_pca100_lloyd100_n200,reliability_across_halves,agnews,wikitext,0.04550219471383085
null,vmf_pca100_lloyd100_n200_coassoc,fidelity_across_halves,agnews,wikitext,0.397632572021897
null,vmf_pca100_lloyd100_n200_coassoc,reliability_across_halves,agnews,wikitext,0.09783699808993117
null,vmf_pca100_lloyd200,fidelity_across_halves,agnews,wikitext,0.4469563101091559
null,vmf_pca100_lloyd200,reliability_across_halves,agnews,wikitext,0.021339815669178096
null,vmf_pca100_lloyd200_bm_degree,fidelity_across_halves,agnews,wikitext,0.5708634991447346
null,vmf_pca100_lloyd200_bm_degree,reliability_across_halves,agnews,wikitext,0.017274167228711786
null,vmf_pca100_lloyd50,fidelity_across_halves,agnews,wikitext,0.3834731180144458
null,vmf_pca100_lloyd50,reliability_across_halves,agnews,wikitext,0.0985295375512753
null,vmf_pca100_lloyd50_bm_degree,fidelity_across_halves,agnews,wikitext,0.5884786174535676
null,vmf_pca100_lloyd50_bm_degree,reliability_across_halves,agnews,wikitext,0.07916623769375236
null,vmf_sparse_pca100_lloyd100,fidelity_across_halves,agnews,wikitext,0.3497169573176201
null,vmf_sparse_pca100_lloyd100,reliability_across_halves,agnews,wikitext,0.13133152002103562
null,vmf_sparse_pca100_lloyd100_bm_degree,fidelity_across_halves,agnews,wikitext,0.5849822218712454
null,vmf_sparse_pca100_lloyd100_bm_degree,reliability_across_halves,agnews,wikitext,0.050894704563306394
null,(ceiling),fidelity_across_halves,agnews,bookcorpus,0.4254038432886567
null,vmf_pca100_lloyd100,fidelity_across_halves,agnews,bookcorpus,0.432707624159848
null,vmf_pca100_lloyd100,reliability_across_halves,agnews,bookcorpus,0.029825999008719507
null,vmf_pca100_lloyd100_bm_degree,fidelity_across_halves,agnews,bookcorpus,0.5974373447759823
null,vmf_pca100_lloyd100_bm_degree,reliability_across_halves,agnews,bookcorpus,0.028520376267527306
null,vmf_pca100_lloyd100_bm_double,fidelity_across_halves,agnews,bookcorpus,0.5972131583479475
null,vmf_pca100_lloyd100_bm_double,reliability_across_halves,agnews,bookcorpus,0.033122935776687304
null,vmf_pca100_lloyd100_bm_raw,fidelity_across_halves,agnews,bookcorpus,0.5971905716403407
null,vmf_pca100_lloyd100_bm_raw,reliability_across_halves,agnews,bookcorpus,0.05658751638322468
null,vmf_pca100_lloyd100_coassoc,fidelity_across_halves,agnews,bookcorpus,0.4222882429960751
null,vmf_pca100_lloyd100_coassoc,reliability_across_halves,agnews,bookcorpus,0.13883190603800716
null,vmf_pca100_lloyd100_coassoc_bm_degree,fidelity_across_halves,agnews,bookcorpus,0.5993028870269037
null,vmf_pca100_lloyd100_coassoc_bm_degree,reliability_across_halves,agnews,bookcorpus,0.04032908931723235
null,vmf_pca100_lloyd100_n200,fidelity_across_halves,agnews,bookcorpus,0.42161270734130313
null,vmf_pca100_lloyd100_n200,reliability_across_halves,agnews,bookcorpus,0.03361178476569409
null,vmf_pca100_lloyd100_n200_coassoc,fidelity_across_halves,agnews,bookcorpus,0.4174527682974948
null,vmf_pca100_lloyd100_n200_coassoc,reliability_across_halves,agnews,bookcorpus,0.12478578011980505
null,vmf_pca100_lloyd200,fidelity_across_halves,agnews,bookcorpus,0.46686934214626113
null,vmf_pca100_lloyd200,reliability_across_halves,agnews,bookcorpus,0.01596072130692262
null,vmf_pca100_lloyd200_bm_degree,fidelity_across_halves,agnews,bookcorpus,0.5882910941814162
null,vmf_pca100_lloyd200_bm_degree,reliability_across_halves,agnews,bookcorpus,0.011580744637202125
null,vmf_pca100_lloyd50,fidelity_across_halves,agnews,bookcorpus,0.40168380500181955
null,vmf_pca100_lloyd50,reliability_across_halves,agnews,bookcorpus,0.09470480182589915
null,vmf_pca100_lloyd50_bm_degree,fidelity_across_halves,agnews,bookcorpus,0.6088285693759825
null,vmf_pca100_lloyd50_bm_degree,reliability_across_halves,agnews,bookcorpus,0.047480155919686684
null,vmf_sparse_pca100_lloyd100,fidelity_across_halves,agnews,bookcorpus,0.3666230332273425
null,vmf_sparse_pca100_lloyd100,reliability_across_halves,agnews,bookcorpus,0.13428040366368219
null,vmf_sparse_pca100_lloyd100_bm_degree,fidelity_across_halves,agnews,bookcorpus,0.6027576219650951
null,vmf_sparse_pca100_lloyd100_bm_degree,reliability_across_halves,agnews,bookcorpus,0.038773335419819976
null,(ceiling),fidelity_across_halves,agnews,tldr17,0.4092285116483608
null,vmf_pca100_lloyd100,fidelity_across_halves,agnews,tldr17,0.41441680841349987
null,vmf_pca100_lloyd100,reliability_across_halves,agnews,tldr17,0.03493111408978889
null,vmf_pca100_lloyd100_bm_degree,fidelity_across_halves,agnews,tldr17,0.5770699368940241
null,vmf_pca100_lloyd100_bm_degree,reliability_across_halves,agnews,tldr17,0.030284689005993466
null,vmf_pca100_lloyd100_bm_double,fidelity_across_halves,agnews,tldr17,0.5793880377029224
null,vmf_pca100_lloyd100_bm_double,reliability_across_halves,agnews,tldr17,0.03623646213171148
null,vmf_pca100_lloyd100_bm_raw,fidelity_across_halves,agnews,tldr17,0.5804131186062227
null,vmf_pca100_lloyd100_bm_raw,reliability_across_halves,agnews,tldr17,0.057951990228194424
null,vmf_pca100_lloyd100_coassoc,fidelity_across_halves,agnews,tldr17,0.40759913568636624
null,vmf_pca100_lloyd100_coassoc,reliability_across_halves,agnews,tldr17,0.10963968291761968
null,vmf_pca100_lloyd100_coassoc_bm_degree,fidelity_across_halves,agnews,tldr17,0.577216791508482
null,vmf_pca100_lloyd100_coassoc_bm_degree,reliability_across_halves,agnews,tldr17,0.04294113611563176
null,vmf_pca100_lloyd100_n200,fidelity_across_halves,agnews,tldr17,0.4053240343373592
null,vmf_pca100_lloyd100_n200,reliability_across_halves,agnews,tldr17,0.03714843704189177
null,vmf_pca100_lloyd100_n200_coassoc,fidelity_across_halves,agnews,tldr17,0.4027614488024983
null,vmf_pca100_lloyd100_n200_coassoc,reliability_across_halves,agnews,tldr17,0.09205626017809916
null,vmf_pca100_lloyd200,fidelity_across_halves,agnews,tldr17,0.44702034934706253
null,vmf_pca100_lloyd200,reliability_across_halves,agnews,tldr17,0.019766417848586317
null,vmf_pca100_lloyd200_bm_degree,fidelity_across_halves,agnews,tldr17,0.5661430517201457
null,vmf_pca100_lloyd200_bm_degree,reliability_across_halves,agnews,tldr17,0.014373270546545979
null,vmf_pca100_lloyd50,fidelity_across_halves,agnews,tldr17,0.38879535575238544
null,vmf_pca100_lloyd50,reliability_across_halves,agnews,tldr17,0.08668179208198754
null,vmf_pca100_lloyd50_bm_degree,fidelity_across_halves,agnews,tldr17,0.5839565420780122
null,vmf_pca100_lloyd50_bm_degree,reliability_across_halves,agnews,tldr17,0.06904023620851285
null,vmf_sparse_pca100_lloyd100,fidelity_across_halves,agnews,tldr17,0.3530049538812885
null,vmf_sparse_pca100_lloyd100,reliability_across_halves,agnews,tldr17,0.12068905114726451
null,vmf_sparse_pca100_lloyd100_bm_degree,fidelity_across_halves,agnews,tldr17,0.5777974375018057
null,vmf_sparse_pca100_lloyd100_bm_degree,reliability_across_halves,agnews,tldr17,0.0457422219882095
null,(ceiling),fidelity_across_halves,tldr17,wikitext,0.40521818340223087
null,vmf_pca100_lloyd100,fidelity_across_halves,tldr17,wikitext,0.4070931431917729
null,vmf_pca100_lloyd100,reliability_across_halves,tldr17,wikitext,0.04349539673083704
null,vmf_pca100_lloyd100_bm_degree,fidelity_across_halves,tldr17,wikitext,0.5802999682509851
null,vmf_pca100_lloyd100_bm_degree,reliability_across_halves,tldr17,wikitext,0.04355215217700349
null,vmf_pca100_lloyd100_bm_double,fidelity_across_halves,tldr17,wikitext,0.5838916716005035
null,vmf_pca100_lloyd100_bm_double,reliability_across_halves,tldr17,wikitext,0.052537482787855104
null,vmf_pca100_lloyd100_bm_raw,fidelity_across_halves,tldr17,wikitext,0.5850425622884754
null,vmf_pca100_lloyd100_bm_raw,reliability_across_halves,tldr17,wikitext,0.06652117548379988
null,vmf_pca100_lloyd100_coassoc,fidelity_across_halves,tldr17,wikitext,0.4048562743310921
null,vmf_pca100_lloyd100_coassoc,reliability_across_halves,tldr17,wikitext,0.08838371757740038
null,vmf_pca100_lloyd100_coassoc_bm_degree,fidelity_across_halves,tldr17,wikitext,0.5835945644328696
null,vmf_pca100_lloyd100_coassoc_bm_degree,reliability_across_halves,tldr17,wikitext,0.055683496152457074
null,vmf_pca100_lloyd100_n200,fidelity_across_halves,tldr17,wikitext,0.4168842813377652
null,vmf_pca100_lloyd100_n200,reliability_across_halves,tldr17,wikitext,0.0541331267245236
null,vmf_pca100_lloyd100_n200_coassoc,fidelity_across_halves,tldr17,wikitext,0.41923246664271097
null,vmf_pca100_lloyd100_n200_coassoc,reliability_across_halves,tldr17,wikitext,0.08936803329199353
null,vmf_pca100_lloyd200,fidelity_across_halves,tldr17,wikitext,0.44434532741841315
null,vmf_pca100_lloyd200,reliability_across_halves,tldr17,wikitext,0.02595132647928378
null,vmf_pca100_lloyd200_bm_degree,fidelity_across_halves,tldr17,wikitext,0.5683237768705839
null,vmf_pca100_lloyd200_bm_degree,reliability_across_halves,tldr17,wikitext,0.018901458779308922
null,vmf_pca100_lloyd50,fidelity_across_halves,tldr17,wikitext,0.4025871539219883
null,vmf_pca100_lloyd50,reliability_across_halves,tldr17,wikitext,0.10127211443697949
null,vmf_pca100_lloyd50_bm_degree,fidelity_across_halves,tldr17,wikitext,0.5864850135019167
null,vmf_pca100_lloyd50_bm_degree,reliability_across_halves,tldr17,wikitext,0.09073766508337917
null,vmf_sparse_pca100_lloyd100,fidelity_across_halves,tldr17,wikitext,0.36741495087498555
null,vmf_sparse_pca100_lloyd100,reliability_across_halves,tldr17,wikitext,0.11782855632681119
null,vmf_sparse_pca100_lloyd100_bm_degree,fidelity_across_halves,tldr17,wikitext,0.584991937888681
null,vmf_sparse_pca100_lloyd100_bm_degree,reliability_across_halves,tldr17,wikitext,0.05544305057644951
null,(ceiling),fidelity_across_halves,tldr17,bookcorpus,0.4109379375647449
null,vmf_pca100_lloyd100,fidelity_across_halves,tldr17,bookcorpus,0.41844764216828617
null,vmf_pca100_lloyd100,reliability_across_halves,tldr17,bookcorpus,0.03385274941576322
null,vmf_pca100_lloyd100_bm_degree,fidelity_across_halves,tldr17,bookcorpus,0.5916823290499704
null,vmf_pca100_lloyd100_bm_degree,reliability_across_halves,tldr17,bookcorpus,0.03211171913614843
null,vmf_pca100_lloyd100_bm_double,fidelity_across_halves,tldr17,bookcorpus,0.594445820929137
null,vmf_pca100_lloyd100_bm_double,reliability_across_halves,tldr17,bookcorpus,0.040918466570780264
null,vmf_pca100_lloyd100_bm_raw,fidelity_across_halves,tldr17,bookcorpus,0.595259853881752
null,vmf_pca100_lloyd100_bm_raw,reliability_across_halves,tldr17,bookcorpus,0.06334467829209356
null,vmf_pca100_lloyd100_coassoc,fidelity_across_halves,tldr17,bookcorpus,0.41757777307903804
null,vmf_pca100_lloyd100_coassoc,reliability_across_halves,tldr17,bookcorpus,0.13058082788685432
null,vmf_pca100_lloyd100_coassoc_bm_degree,fidelity_across_halves,tldr17,bookcorpus,0.595544810798629
null,vmf_pca100_lloyd100_coassoc_bm_degree,reliability_across_halves,tldr17,bookcorpus,0.049153558353099494
null,vmf_pca100_lloyd100_n200,fidelity_across_halves,tldr17,bookcorpus,0.42987154374125386
null,vmf_pca100_lloyd100_n200,reliability_across_halves,tldr17,bookcorpus,0.04457266445445897
null,vmf_pca100_lloyd100_n200_coassoc,fidelity_across_halves,tldr17,bookcorpus,0.4302214646215656
null,vmf_pca100_lloyd100_n200_coassoc,reliability_across_halves,tldr17,bookcorpus,0.12225356267684373
null,vmf_pca100_lloyd200,fidelity_across_halves,tldr17,bookcorpus,0.4549898496790576
null,vmf_pca100_lloyd200,reliability_across_halves,tldr17,bookcorpus,0.018638286760526295
null,vmf_pca100_lloyd200_bm_degree,fidelity_across_halves,tldr17,bookcorpus,0.579929320863142
null,vmf_pca100_lloyd200_bm_degree,reliability_across_halves,tldr17,bookcorpus,0.013189835857777594
null,vmf_pca100_lloyd50,fidelity_across_halves,tldr17,bookcorpus,0.4141612787162019
null,vmf_pca100_lloyd50,reliability_across_halves,tldr17,bookcorpus,0.11198808478674557
null,vmf_pca100_lloyd50_bm_degree,fidelity_across_halves,tldr17,bookcorpus,0.600291004431721
null,vmf_pca100_lloyd50_bm_degree,reliability_across_halves,tldr17,bookcorpus,0.06288280155355758
null,vmf_sparse_pca100_lloyd100,fidelity_across_halves,tldr17,bookcorpus,0.37774368171345235
null,vmf_sparse_pca100_lloyd100,reliability_across_halves,tldr17,bookcorpus,0.12519540808164298
null,vmf_sparse_pca100_lloyd100_bm_degree,fidelity_across_halves,tldr17,bookcorpus,0.5961676905853561
null,vmf_sparse_pca100_lloyd100_bm_degree,reliability_across_halves,tldr17,bookcorpus,0.04567152495957677
null,(ceiling),fidelity_across_halves,tldr17,agnews,0.3999890367124334
null,vmf_pca100_lloyd100,fidelity_across_halves,tldr17,agnews,0.3964606738385981
null,vmf_pca100_lloyd100,reliability_across_halves,tldr17,agnews,0.03547311521664985
null,vmf_pca100_lloyd100_bm_degree,fidelity_across_halves,tldr17,agnews,0.5773933638970388
null,vmf_pca100_lloyd100_bm_degree,reliability_across_halves,tldr17,agnews,0.033762835037850096
null,vmf_pca100_lloyd100_bm_double,fidelity_across_halves,tldr17,agnews,0.5802021601773776
null,vmf_pca100_lloyd100_bm_double,reliability_across_halves,tldr17,agnews,0.042715961476249266
null,vmf_pca100_lloyd100_bm_raw,fidelity_across_halves,tldr17,agnews,0.582866294691078
null,vmf_pca100_lloyd100_bm_raw,reliability_across_halves,tldr17,agnews,0.061195650000663696
null,vmf_pca100_lloyd100_coassoc,fidelity_across_halves,tldr17,agnews,0.3928958248806052
null,vmf_pca100_lloyd100_coassoc,reliability_across_halves,tldr17,agnews,0.10679644741543366
null,vmf_pca100_lloyd100_coassoc_bm_degree,fidelity_across_halves,tldr17,agnews,0.5800569024446744
null,vmf_pca100_lloyd100_coassoc_bm_degree,reliability_across_halves,tldr17,agnews,0.049471925367589806
null,vmf_pca100_lloyd100_n200,fidelity_across_halves,tldr17,agnews,0.4075507400953854
null,vmf_pca100_lloyd100_n200,reliability_across_halves,tldr17,agnews,0.03856806449206419
null,vmf_pca100_lloyd100_n200_coassoc,fidelity_across_halves,tldr17,agnews,0.4083051017550073
null,vmf_pca100_lloyd100_n200_coassoc,reliability_across_halves,tldr17,agnews,0.10916476827366994
null,vmf_pca100_lloyd200,fidelity_across_halves,tldr17,agnews,0.4362034930179062
null,vmf_pca100_lloyd200,reliability_across_halves,tldr17,agnews,0.019157980612265587
null,vmf_pca100_lloyd200_bm_degree,fidelity_across_halves,tldr17,agnews,0.5659806507994832
null,vmf_pca100_lloyd200_bm_degree,reliability_across_halves,tldr17,agnews,0.014484391211310387
null,vmf_pca100_lloyd50,fidelity_across_halves,tldr17,agnews,0.3900173449667264
null,vmf_pca100_lloyd50,reliability_across_halves,tldr17,agnews,0.09518990353920062
null,vmf_pca100_lloyd50_bm_degree,fidelity_across_halves,tldr17,agnews,0.5840099538915854
null,vmf_pca100_lloyd50_bm_degree,reliability_across_halves,tldr17,agnews,0.07226031507849258
null,vmf_sparse_pca100_lloyd100,fidelity_across_halves,tldr17,agnews,0.3580475439216032
null,vmf_sparse_pca100_lloyd100,reliability_across_halves,tldr17,agnews,0.12092067138121058
null,vmf_sparse_pca100_lloyd100_bm_degree,fidelity_across_halves,tldr17,agnews,0.581160415760315
null,vmf_sparse_pca100_lloyd100_bm_degree,reliability_across_halves,tldr17,agnews,0.05423601973447489
pnull,vmf_pca100_lloyd100,reliability_within_coassoc,wikitext,wikitext,0.03226041729024731
pnull,vmf_pca100_lloyd100,reliability_within,wikitext,wikitext,0.011642915310207277
pnull,vmf_pca100_lloyd100,fidelity_within,wikitext,wikitext,0.03888539529948398
pnull,vmf_pca100_lloyd100,fidelity_within_r,wikitext,wikitext,0.19719580338733214
pnull,vmf_pca100_lloyd100,fidelity_within_insample,wikitext,wikitext,0.03938052326209995
pnull,vmf_pca100_lloyd100,triviality_ami_layer,wikitext,wikitext,0.055338783498772526
pnull,vmf_pca100_lloyd100,triviality_ami_dimension,wikitext,wikitext,4.655500023612646e-05
pnull,vmf_pca100_lloyd100,triviality_ami_hubness,wikitext,wikitext,0.033154615037158164
pnull,vmf_pca100_lloyd100,triviality_n_effective_networks,wikitext,wikitext,100.0
pnull,vmf_pca100_lloyd100,triviality_entropy_effective_networks,wikitext,wikitext,64.88119771200837
pnull,vmf_pca100_lloyd100,triviality_median_max_membership,wikitext,wikitext,0.425
pnull,vmf_pca100_lloyd100,triviality_frac_confident,wikitext,wikitext,0.30408653846153844
rand,vmf_pca100_lloyd100,reliability_within,wikitext,wikitext,-0.00010739877534315935
rand,vmf_pca100_lloyd100,fidelity_within,wikitext,wikitext,0.0021177751913817877
rand,vmf_pca100_lloyd100,fidelity_within_r,wikitext,wikitext,0.04601989132529949
rand,vmf_pca100_lloyd100,fidelity_within_insample,wikitext,wikitext,0.0021421540472066347
rand,vmf_pca100_lloyd100,triviality_ami_layer,wikitext,wikitext,0.0007680746255304257
rand,vmf_pca100_lloyd100,triviality_ami_dimension,wikitext,wikitext,-0.0008154523541943833
rand,vmf_pca100_lloyd100,triviality_ami_hubness,wikitext,wikitext,0.00065683199262604
rand,vmf_pca100_lloyd100,triviality_n_effective_networks,wikitext,wikitext,100.0
rand,vmf_pca100_lloyd100,triviality_entropy_effective_networks,wikitext,wikitext,99.402277166107
rand,vmf_pca100_lloyd100,triviality_median_max_membership,wikitext,wikitext,1.0
rand,vmf_pca100_lloyd100,triviality_frac_confident,wikitext,wikitext,1.0
pnull,vmf_pca100_lloyd100_bm_degree,reliability_within_coassoc,wikitext,wikitext,0.03226041729024731
pnull,vmf_pca100_lloyd100_bm_degree,reliability_within,wikitext,wikitext,0.019016623543807176
pnull,vmf_pca100_lloyd100_bm_degree,fidelity_within,wikitext,wikitext,0.04876289474764184
pnull,vmf_pca100_lloyd100_bm_degree,fidelity_within_r,wikitext,wikitext,0.22082407005120697
pnull,vmf_pca100_lloyd100_bm_degree,fidelity_within_insample,wikitext,wikitext,0.04921088144743979
pnull,vmf_pca100_lloyd100_bm_degree,triviality_ami_layer,wikitext,wikitext,0.06024553377370654
pnull,vmf_pca100_lloyd100_bm_degree,triviality_ami_dimension,wikitext,wikitext,-0.00021261824247823785
pnull,vmf_pca100_lloyd100_bm_degree,triviality_ami_hubness,wikitext,wikitext,0.036079880877704584
pnull,vmf_pca100_lloyd100_bm_degree,triviality_n_effective_networks,wikitext,wikitext,100.0
pnull,vmf_pca100_lloyd100_bm_degree,triviality_entropy_effective_networks,wikitext,wikitext,65.79449761508147
pnull,vmf_pca100_lloyd100_bm_degree,triviality_median_max_membership,wikitext,wikitext,1.0
pnull,vmf_pca100_lloyd100_bm_degree,triviality_frac_confident,wikitext,wikitext,1.0
rand,vmf_pca100_lloyd100_bm_degree,reliability_within,wikitext,wikitext,-1.1567000797870484e-05
rand,vmf_pca100_lloyd100_bm_degree,fidelity_within,wikitext,wikitext,0.0023864719393011935
rand,vmf_pca100_lloyd100_bm_degree,fidelity_within_r,wikitext,wikitext,0.04885376598793822
rand,vmf_pca100_lloyd100_bm_degree,fidelity_within_insample,wikitext,wikitext,0.0023526855184480278
rand,vmf_pca100_lloyd100_bm_degree,triviality_ami_layer,wikitext,wikitext,-0.0003135455962452135
rand,vmf_pca100_lloyd100_bm_degree,triviality_ami_dimension,wikitext,wikitext,4.219246461633524e-05
rand,vmf_pca100_lloyd100_bm_degree,triviality_ami_hubness,wikitext,wikitext,0.00012925618701946554
rand,vmf_pca100_lloyd100_bm_degree,triviality_n_effective_networks,wikitext,wikitext,100.0
rand,vmf_pca100_lloyd100_bm_degree,triviality_entropy_effective_networks,wikitext,wikitext,99.66724994451816
rand,vmf_pca100_lloyd100_bm_degree,triviality_median_max_membership,wikitext,wikitext,1.0
rand,vmf_pca100_lloyd100_bm_degree,triviality_frac_confident,wikitext,wikitext,1.0
pnull,vmf_pca100_lloyd100_bm_double,reliability_within_coassoc,wikitext,wikitext,0.03226041729024731
pnull,vmf_pca100_lloyd100_bm_double,reliability_within,wikitext,wikitext,0.02429360021875536
pnull,vmf_pca100_lloyd100_bm_double,fidelity_within,wikitext,wikitext,0.04944442928261472
pnull,vmf_pca100_lloyd100_bm_double,fidelity_within_r,wikitext,wikitext,0.2223626676443425
pnull,vmf_pca100_lloyd100_bm_double,fidelity_within_insample,wikitext,wikitext,0.050007219275816084
pnull,vmf_pca100_lloyd100_bm_double,triviality_ami_layer,wikitext,wikitext,0.06213327678234528
pnull,vmf_pca100_lloyd100_bm_double,triviality_ami_dimension,wikitext,wikitext,0.00020474329523415485
pnull,vmf_pca100_lloyd100_bm_double,triviality_ami_hubness,wikitext,wikitext,0.03644411632670533
pnull,vmf_pca100_lloyd100_bm_double,triviality_n_effective_networks,wikitext,wikitext,100.0
pnull,vmf_pca100_lloyd100_bm_double,triviality_entropy_effective_networks,wikitext,wikitext,66.46418483011546
pnull,vmf_pca100_lloyd100_bm_double,triviality_median_max_membership,wikitext,wikitext,1.0
pnull,vmf_pca100_lloyd100_bm_double,triviality_frac_confident,wikitext,wikitext,1.0
rand,vmf_pca100_lloyd100_bm_double,reliability_within,wikitext,wikitext,3.216744570496629e-05
rand,vmf_pca100_lloyd100_bm_double,fidelity_within,wikitext,wikitext,0.0023065828861478233
rand,vmf_pca100_lloyd100_bm_double,fidelity_within_r,wikitext,wikitext,0.04802717406150639
rand,vmf_pca100_lloyd100_bm_double,fidelity_within_insample,wikitext,wikitext,0.0023200540698937733
rand,vmf_pca100_lloyd100_bm_double,triviality_ami_layer,wikitext,wikitext,-0.0006841459709411095
rand,vmf_pca100_lloyd100_bm_double,triviality_ami_dimension,wikitext,wikitext,-0.0007940004226855616
rand,vmf_pca100_lloyd100_bm_double,triviality_ami_hubness,wikitext,wikitext,-0.0009577413791035724
rand,vmf_pca100_lloyd100_bm_double,triviality_n_effective_networks,wikitext,wikitext,100.0
rand,vmf_pca100_lloyd100_bm_double,triviality_entropy_effective_networks,wikitext,wikitext,99.5617419327709
rand,vmf_pca100_lloyd100_bm_double,triviality_median_max_membership,wikitext,wikitext,1.0
rand,vmf_pca100_lloyd100_bm_double,triviality_frac_confident,wikitext,wikitext,1.0
pnull,vmf_pca100_lloyd100_bm_raw,reliability_within_coassoc,wikitext,wikitext,0.03226041729024731
pnull,vmf_pca100_lloyd100_bm_raw,reliability_within,wikitext,wikitext,0.024767700881490502
pnull,vmf_pca100_lloyd100_bm_raw,fidelity_within,wikitext,wikitext,0.05116812565341322
pnull,vmf_pca100_lloyd100_bm_raw,fidelity_within_r,wikitext,wikitext,0.22620498140448664
pnull,vmf_pca100_lloyd100_bm_raw,fidelity_within_insample,wikitext,wikitext,0.05169784055608906
pnull,vmf_pca100_lloyd100_bm_raw,triviality_ami_layer,wikitext,wikitext,0.06803300922536538
pnull,vmf_pca100_lloyd100_bm_raw,triviality_ami_dimension,wikitext,wikitext,-0.0007251963797708063
pnull,vmf_pca100_lloyd100_bm_raw,triviality_ami_hubness,wikitext,wikitext,0.037391742663998265
pnull,vmf_pca100_lloyd100_bm_raw,triviality_n_effective_networks,wikitext,wikitext,100.0
pnull,vmf_pca100_lloyd100_bm_raw,triviality_entropy_effective_networks,wikitext,wikitext,65.56182155790046
pnull,vmf_pca100_lloyd100_bm_raw,triviality_median_max_membership,wikitext,wikitext,1.0
pnull,vmf_pca100_lloyd100_bm_raw,triviality_frac_confident,wikitext,wikitext,1.0
rand,vmf_pca100_lloyd100_bm_raw,reliability_within,wikitext,wikitext,-7.315002069953498e-05
rand,vmf_pca100_lloyd100_bm_raw,fidelity_within,wikitext,wikitext,0.001796340844806732
rand,vmf_pca100_lloyd100_bm_raw,fidelity_within_r,wikitext,wikitext,0.04239203121361861
rand,vmf_pca100_lloyd100_bm_raw,fidelity_within_insample,wikitext,wikitext,0.0017324316737586942
rand,vmf_pca100_lloyd100_bm_raw,triviality_ami_layer,wikitext,wikitext,0.001254425964171655
rand,vmf_pca100_lloyd100_bm_raw,triviality_ami_dimension,wikitext,wikitext,-0.0006101340379815106
rand,vmf_pca100_lloyd100_bm_raw,triviality_ami_hubness,wikitext,wikitext,-0.0002314346077312586
rand,vmf_pca100_lloyd100_bm_raw,triviality_n_effective_networks,wikitext,wikitext,100.0
rand,vmf_pca100_lloyd100_bm_raw,triviality_entropy_effective_networks,wikitext,wikitext,99.52770251161871
rand,vmf_pca100_lloyd100_bm_raw,triviality_median_max_membership,wikitext,wikitext,1.0
rand,vmf_pca100_lloyd100_bm_raw,triviality_frac_confident,wikitext,wikitext,1.0
pnull,vmf_pca100_lloyd100_coassoc,reliability_within_coassoc,wikitext,wikitext,0.03226041729024731
pnull,vmf_pca100_lloyd100_coassoc,reliability_within,wikitext,wikitext,0.015809165665042417
pnull,vmf_pca100_lloyd100_coassoc,fidelity_within,wikitext,wikitext,0.038180836906035465
pnull,vmf_pca100_lloyd100_coassoc,fidelity_within_r,wikitext,wikitext,0.19540134236453138
pnull,vmf_pca100_lloyd100_coassoc,fidelity_within_insample,wikitext,wikitext,0.03868305367926861
pnull,vmf_pca100_lloyd100_coassoc,triviality_ami_layer,wikitext,wikitext,0.05662661226636004
pnull,vmf_pca100_lloyd100_coassoc,triviality_ami_dimension,wikitext,wikitext,-0.0020421789825346157
pnull,vmf_pca100_lloyd100_coassoc,triviality_ami_hubness,wikitext,wikitext,0.03483933545132775
pnull,vmf_pca100_lloyd100_coassoc,triviality_n_effective_networks,wikitext,wikitext,100.0
pnull,vmf_pca100_lloyd100_coassoc,triviality_entropy_effective_networks,wikitext,wikitext,52.06724950862551
pnull,vmf_pca100_lloyd100_coassoc,triviality_median_max_membership,wikitext,wikitext,1.0
pnull,vmf_pca100_lloyd100_coassoc,triviality_frac_confident,wikitext,wikitext,1.0
rand,vmf_pca100_lloyd100_coassoc,reliability_within,wikitext,wikitext,-2.3641098266419673e-05
rand,vmf_pca100_lloyd100_coassoc,fidelity_within,wikitext,wikitext,0.0019329408089773237
rand,vmf_pca100_lloyd100_coassoc,fidelity_within_r,wikitext,wikitext,0.04396552561472575
rand,vmf_pca100_lloyd100_coassoc,fidelity_within_insample,wikitext,wikitext,0.0019446633071221742
rand,vmf_pca100_lloyd100_coassoc,triviality_ami_layer,wikitext,wikitext,-0.0009590728207779776
rand,vmf_pca100_lloyd100_coassoc,triviality_ami_dimension,wikitext,wikitext,0.0004229815916520089
rand,vmf_pca100_lloyd100_coassoc,triviality_ami_hubness,wikitext,wikitext,-0.0009942692436085226
rand,vmf_pca100_lloyd100_coassoc,triviality_n_effective_networks,wikitext,wikitext,100.0
rand,vmf_pca100_lloyd100_coassoc,triviality_entropy_effective_networks,wikitext,wikitext,99.60244102076507
rand,vmf_pca100_lloyd100_coassoc,triviality_median_max_membership,wikitext,wikitext,1.0
rand,vmf_pca100_lloyd100_coassoc,triviality_frac_confident,wikitext,wikitext,1.0
pnull,vmf_pca100_lloyd100_coassoc_bm_degree,reliability_within_coassoc,wikitext,wikitext,0.03226041729024731
pnull,vmf_pca100_lloyd100_coassoc_bm_degree,reliability_within,wikitext,wikitext,0.021460446557820794
pnull,vmf_pca100_lloyd100_coassoc_bm_degree,fidelity_within,wikitext,wikitext,0.05014854380394684
pnull,vmf_pca100_lloyd100_coassoc_bm_degree,fidelity_within_r,wikitext,wikitext,0.22393953075927514
pnull,vmf_pca100_lloyd100_coassoc_bm_degree,fidelity_within_insample,wikitext,wikitext,0.05060336296311507
pnull,vmf_pca100_lloyd100_coassoc_bm_degree,triviality_ami_layer,wikitext,wikitext,0.0629881787050612
pnull,vmf_pca100_lloyd100_coassoc_bm_degree,triviality_ami_dimension,wikitext,wikitext,-0.00026731674864854986
pnull,vmf_pca100_lloyd100_coassoc_bm_degree,triviality_ami_hubness,wikitext,wikitext,0.03719646028937206
pnull,vmf_pca100_lloyd100_coassoc_bm_degree,triviality_n_effective_networks,wikitext,wikitext,100.0
pnull,vmf_pca100_lloyd100_coassoc_bm_degree,triviality_entropy_effective_networks,wikitext,wikitext,64.70365962296754
pnull,vmf_pca100_lloyd100_coassoc_bm_degree,triviality_median_max_membership,wikitext,wikitext,1.0
pnull,vmf_pca100_lloyd100_coassoc_bm_degree,triviality_frac_confident,wikitext,wikitext,1.0
rand,vmf_pca100_lloyd100_coassoc_bm_degree,reliability_within,wikitext,wikitext,1.8107045794232116e-05
rand,vmf_pca100_lloyd100_coassoc_bm_degree,fidelity_within,wikitext,wikitext,0.0018237265635639988
rand,vmf_pca100_lloyd100_coassoc_bm_degree,fidelity_within_r,wikitext,wikitext,0.04270562755046905
rand,vmf_pca100_lloyd100_coassoc_bm_degree,fidelity_within_insample,wikitext,wikitext,0.001818605708451937
rand,vmf_pca100_lloyd100_coassoc_bm_degree,triviality_ami_layer,wikitext,wikitext,-0.0003608368291027429
rand,vmf_pca100_lloyd100_coassoc_bm_degree,triviality_ami_dimension,wikitext,wikitext,0.00022763926935168483
rand,vmf_pca100_lloyd100_coassoc_bm_degree,triviality_ami_hubness,wikitext,wikitext,0.00029825183093388813
rand,vmf_pca100_lloyd100_coassoc_bm_degree,triviality_n_effective_networks,wikitext,wikitext,100.0
rand,vmf_pca100_lloyd100_coassoc_bm_degree,triviality_entropy_effective_networks,wikitext,wikitext,99.42101381794582
rand,vmf_pca100_lloyd100_coassoc_bm_degree,triviality_median_max_membership,wikitext,wikitext,1.0
rand,vmf_pca100_lloyd100_coassoc_bm_degree,triviality_frac_confident,wikitext,wikitext,1.0
pnull,vmf_pca100_lloyd100_n200,reliability_within_coassoc,wikitext,wikitext,0.03387520304753738
pnull,vmf_pca100_lloyd100_n200,reliability_within,wikitext,wikitext,0.01260395234758492
pnull,vmf_pca100_lloyd100_n200,fidelity_within,wikitext,wikitext,0.0398184776681777
pnull,vmf_pca100_lloyd100_n200,fidelity_within_r,wikitext,wikitext,0.19954755771351634
pnull,vmf_pca100_lloyd100_n200,fidelity_within_insample,wikitext,wikitext,0.040312037298846914
pnull,vmf_pca100_lloyd100_n200,triviality_ami_layer,wikitext,wikitext,0.05718106397343366
pnull,vmf_pca100_lloyd100_n200,triviality_ami_dimension,wikitext,wikitext,-0.0014104997552859952
pnull,vmf_pca100_lloyd100_n200,triviality_ami_hubness,wikitext,wikitext,0.0336765424844306
pnull,vmf_pca100_lloyd100_n200,triviality_n_effective_networks,wikitext,wikitext,100.0
pnull,vmf_pca100_lloyd100_n200,triviality_entropy_effective_networks,wikitext,wikitext,64.24523330170737
pnull,vmf_pca100_lloyd100_n200,triviality_median_max_membership,wikitext,wikitext,0.4
pnull,vmf_pca100_lloyd100_n200,triviality_frac_confident,wikitext,wikitext,0.2825520833333333
rand,vmf_pca100_lloyd100_n200,reliability_within,wikitext,wikitext,-7.418876540780451e-05
rand,vmf_pca100_lloyd100_n200,fidelity_within,wikitext,wikitext,0.0018092721149544078
rand,vmf_pca100_lloyd100_n200,fidelity_within_r,wikitext,wikitext,0.04253588724260445
rand,vmf_pca100_lloyd100_n200,fidelity_within_insample,wikitext,wikitext,0.0018224392956016633
rand,vmf_pca100_lloyd100_n200,triviality_ami_layer,wikitext,wikitext,-0.0002291150084705788
rand,vmf_pca100_lloyd100_n200,triviality_ami_dimension,wikitext,wikitext,-0.0004580806412670848
rand,vmf_pca100_lloyd100_n200,triviality_ami_hubness,wikitext,wikitext,-0.0008623064518983176
rand,vmf_pca100_lloyd100_n200,triviality_n_effective_networks,wikitext,wikitext,100.0
rand,vmf_pca100_lloyd100_n200,triviality_entropy_effective_networks,wikitext,wikitext,99.47269386772984
rand,vmf_pca100_lloyd100_n200,triviality_median_max_membership,wikitext,wikitext,1.0
rand,vmf_pca100_lloyd100_n200,triviality_frac_confident,wikitext,wikitext,1.0
pnull,vmf_pca100_lloyd100_n200_coassoc,reliability_within_coassoc,wikitext,wikitext,0.03387520304753738
pnull,vmf_pca100_lloyd100_n200_coassoc,reliability_within,wikitext,wikitext,0.015858238183424835
pnull,vmf_pca100_lloyd100_n200_coassoc,fidelity_within,wikitext,wikitext,0.038004956012379076
pnull,vmf_pca100_lloyd100_n200_coassoc,fidelity_within_r,wikitext,wikitext,0.19494956920103088
pnull,vmf_pca100_lloyd100_n200_coassoc,fidelity_within_insample,wikitext,wikitext,0.03838255050030048
pnull,vmf_pca100_lloyd100_n200_coassoc,triviality_ami_layer,wikitext,wikitext,0.0577934902148172
pnull,vmf_pca100_lloyd100_n200_coassoc,triviality_ami_dimension,wikitext,wikitext,-0.0021902590764676646
pnull,vmf_pca100_lloyd100_n200_coassoc,triviality_ami_hubness,wikitext,wikitext,0.03271861114729252
pnull,vmf_pca100_lloyd100_n200_coassoc,triviality_n_effective_networks,wikitext,wikitext,100.0
pnull,vmf_pca100_lloyd100_n200_coassoc,triviality_entropy_effective_networks,wikitext,wikitext,48.64987948705965
pnull,vmf_pca100_lloyd100_n200_coassoc,triviality_median_max_membership,wikitext,wikitext,1.0
pnull,vmf_pca100_lloyd100_n200_coassoc,triviality_frac_confident,wikitext,wikitext,1.0
rand,vmf_pca100_lloyd100_n200_coassoc,reliability_within,wikitext,wikitext,-1.930971678516852e-05
rand,vmf_pca100_lloyd100_n200_coassoc,fidelity_within,wikitext,wikitext,0.0024245768298559733
rand,vmf_pca100_lloyd100_n200_coassoc,fidelity_within_r,wikitext,wikitext,0.0492407848766517
rand,vmf_pca100_lloyd100_n200_coassoc,fidelity_within_insample,wikitext,wikitext,0.0024568367482156184
rand,vmf_pca100_lloyd100_n200_coassoc,triviality_ami_layer,wikitext,wikitext,-0.000689220047585182
rand,vmf_pca100_lloyd100_n200_coassoc,triviality_ami_dimension,wikitext,wikitext,-0.0006241096075055396
rand,vmf_pca100_lloyd100_n200_coassoc,triviality_ami_hubness,wikitext,wikitext,0.0003604373533835354
rand,vmf_pca100_lloyd100_n200_coassoc,triviality_n_effective_networks,wikitext,wikitext,100.0
rand,vmf_pca100_lloyd100_n200_coassoc,triviality_entropy_effective_networks,wikitext,wikitext,99.55201486623639
rand,vmf_pca100_lloyd100_n200_coassoc,triviality_median_max_membership,wikitext,wikitext,1.0
rand,vmf_pca100_lloyd100_n200_coassoc,triviality_frac_confident,wikitext,wikitext,1.0
pnull,vmf_pca100_lloyd200,reliability_within_coassoc,wikitext,wikitext,0.0250674698425336
pnull,vmf_pca100_lloyd200,reliability_within,wikitext,wikitext,0.007159087256164254
pnull,vmf_pca100_lloyd200,fidelity_within,wikitext,wikitext,0.043937882939914075
pnull,vmf_pca100_lloyd200,fidelity_within_r,wikitext,wikitext,0.20961505476191977
pnull,vmf_pca100_lloyd200,fidelity_within_insample,wikitext,wikitext,0.04442143974717927
pnull,vmf_pca100_lloyd200,triviality_ami_layer,wikitext,wikitext,0.0510856129294055
pnull,vmf_pca100_lloyd200,triviality_ami_dimension,wikitext,wikitext,-0.0006982217376578919
pnull,vmf_pca100_lloyd200,triviality_ami_hubness,wikitext,wikitext,0.029474303782965446
pnull,vmf_pca100_lloyd200,triviality_n_effective_networks,wikitext,wikitext,200.0
pnull,vmf_pca100_lloyd200,triviality_entropy_effective_networks,wikitext,wikitext,127.99858914186177
pnull,vmf_pca100_lloyd200,triviality_median_max_membership,wikitext,wikitext,0.325
pnull,vmf_pca100_lloyd200,triviality_frac_confident,wikitext,wikitext,0.14072516025641027
rand,vmf_pca100_lloyd200,reliability_within,wikitext,wikitext,3.0675463228475015e-05
rand,vmf_pca100_lloyd200,fidelity_within,wikitext,wikitext,0.004557728625986468
rand,vmf_pca100_lloyd200,fidelity_within_r,wikitext,wikitext,0.06751424225216322
rand,vmf_pca100_lloyd200,fidelity_within_insample,wikitext,wikitext,0.00448800107108438
rand,vmf_pca100_lloyd200,triviality_ami_layer,wikitext,wikitext,0.00012519175561191017
rand,vmf_pca100_lloyd200,triviality_ami_dimension,wikitext,wikitext,-0.00026337480891088953
rand,vmf_pca100_lloyd200,triviality_ami_hubness,wikitext,wikitext,-0.0005788772676507773
rand,vmf_pca100_lloyd200,triviality_n_effective_networks,wikitext,wikitext,200.0
rand,vmf_pca100_lloyd200,triviality_entropy_effective_networks,wikitext,wikitext,197.93778525102167
rand,vmf_pca100_lloyd200,triviality_median_max_membership,wikitext,wikitext,1.0
rand,vmf_pca100_lloyd200,triviality_frac_confident,wikitext,wikitext,1.0
pnull,vmf_pca100_lloyd200_bm_degree,reliability_within_coassoc,wikitext,wikitext,0.0250674698425336
pnull,vmf_pca100_lloyd200_bm_degree,reliability_within,wikitext,wikitext,0.00937195934999982
pnull,vmf_pca100_lloyd200_bm_degree,fidelity_within,wikitext,wikitext,0.05337591143420728
pnull,vmf_pca100_lloyd200_bm_degree,fidelity_within_r,wikitext,wikitext,0.2310329586605156
pnull,vmf_pca100_lloyd200_bm_degree,fidelity_within_insample,wikitext,wikitext,0.05382939648876428
pnull,vmf_pca100_lloyd200_bm_degree,triviality_ami_layer,wikitext,wikitext,0.05474381944235972
pnull,vmf_pca100_lloyd200_bm_degree,triviality_ami_dimension,wikitext,wikitext,-0.00045915034676392136
pnull,vmf_pca100_lloyd200_bm_degree,triviality_ami_hubness,wikitext,wikitext,0.03360390594518528
pnull,vmf_pca100_lloyd200_bm_degree,triviality_n_effective_networks,wikitext,wikitext,200.0
pnull,vmf_pca100_lloyd200_bm_degree,triviality_entropy_effective_networks,wikitext,wikitext,127.99135485855182
pnull,vmf_pca100_lloyd200_bm_degree,triviality_median_max_membership,wikitext,wikitext,1.0
pnull,vmf_pca100_lloyd200_bm_degree,triviality_frac_confident,wikitext,wikitext,1.0
rand,vmf_pca100_lloyd200_bm_degree,reliability_within,wikitext,wikitext,0.0001528380690694661
rand,vmf_pca100_lloyd200_bm_degree,fidelity_within,wikitext,wikitext,0.0045230039862746985
rand,vmf_pca100_lloyd200_bm_degree,fidelity_within_r,wikitext,wikitext,0.06725438174310443
rand,vmf_pca100_lloyd200_bm_degree,fidelity_within_insample,wikitext,wikitext,0.00458788797752574
rand,vmf_pca100_lloyd200_bm_degree,triviality_ami_layer,wikitext,wikitext,-0.0007483441274969462
rand,vmf_pca100_lloyd200_bm_degree,triviality_ami_dimension,wikitext,wikitext,-0.00034958768178705633
rand,vmf_pca100_lloyd200_bm_degree,triviality_ami_hubness,wikitext,wikitext,-0.0002583632290507622
rand,vmf_pca100_lloyd200_bm_degree,triviality_n_effective_networks,wikitext,wikitext,200.0
rand,vmf_pca100_lloyd200_bm_degree,triviality_entropy_effective_networks,wikitext,wikitext,197.97833238830088
rand,vmf_pca100_lloyd200_bm_degree,triviality_median_max_membership,wikitext,wikitext,1.0
rand,vmf_pca100_lloyd200_bm_degree,triviality_frac_confident,wikitext,wikitext,1.0
pnull,vmf_pca100_lloyd50,reliability_within_coassoc,wikitext,wikitext,0.04347816012614419
pnull,vmf_pca100_lloyd50,reliability_within,wikitext,wikitext,0.019994858096332408
pnull,vmf_pca100_lloyd50,fidelity_within,wikitext,wikitext,0.036790961852158466
pnull,vmf_pca100_lloyd50,fidelity_within_r,wikitext,wikitext,0.19181202264963354
pnull,vmf_pca100_lloyd50,fidelity_within_insample,wikitext,wikitext,0.0372903642170328
pnull,vmf_pca100_lloyd50,triviality_ami_layer,wikitext,wikitext,0.06241342634157355
pnull,vmf_pca100_lloyd50,triviality_ami_dimension,wikitext,wikitext,-0.0035356829711695233
pnull,vmf_pca100_lloyd50,triviality_ami_hubness,wikitext,wikitext,0.03695846324812065
pnull,vmf_pca100_lloyd50,triviality_n_effective_networks,wikitext,wikitext,50.0
pnull,vmf_pca100_lloyd50,triviality_entropy_effective_networks,wikitext,wikitext,31.556545593331997
pnull,vmf_pca100_lloyd50,triviality_median_max_membership,wikitext,wikitext,0.55
pnull,vmf_pca100_lloyd50,triviality_frac_confident,wikitext,wikitext,0.5728165064102564
rand,vmf_pca100_lloyd50,reliability_within,wikitext,wikitext,1.0892609796791208e-05
rand,vmf_pca100_lloyd50,fidelity_within,wikitext,wikitext,0.0012715537648341213
rand,vmf_pca100_lloyd50,fidelity_within_r,wikitext,wikitext,0.035660440601369525
rand,vmf_pca100_lloyd50,fidelity_within_insample,wikitext,wikitext,0.0012552034229866837
rand,vmf_pca100_lloyd50,triviality_ami_layer,wikitext,wikitext,-0.0005037264562900611
rand,vmf_pca100_lloyd50,triviality_ami_dimension,wikitext,wikitext,0.0009105096881061303
rand,vmf_pca100_lloyd50,triviality_ami_hubness,wikitext,wikitext,-0.00023202101201814078
rand,vmf_pca100_lloyd50,triviality_n_effective_networks,wikitext,wikitext,50.0
rand,vmf_pca100_lloyd50,triviality_entropy_effective_networks,wikitext,wikitext,49.88389373713452
rand,vmf_pca100_lloyd50,triviality_median_max_membership,wikitext,wikitext,1.0
rand,vmf_pca100_lloyd50,triviality_frac_confident,wikitext,wikitext,1.0
pnull,vmf_pca100_lloyd50_bm_degree,reliability_within_coassoc,wikitext,wikitext,0.04347816012614419
pnull,vmf_pca100_lloyd50_bm_degree,reliability_within,wikitext,wikitext,0.03722786004868518
pnull,vmf_pca100_lloyd50_bm_degree,fidelity_within,wikitext,wikitext,0.04765147866255759
pnull,vmf_pca100_lloyd50_bm_degree,fidelity_within_r,wikitext,wikitext,0.21829302304929282
pnull,vmf_pca100_lloyd50_bm_degree,fidelity_within_insample,wikitext,wikitext,0.04808853317950068
pnull,vmf_pca100_lloyd50_bm_degree,triviality_ami_layer,wikitext,wikitext,0.06865728173633591
pnull,vmf_pca100_lloyd50_bm_degree,triviality_ami_dimension,wikitext,wikitext,1.4962586757527451e-05
pnull,vmf_pca100_lloyd50_bm_degree,triviality_ami_hubness,wikitext,wikitext,0.04120560139864293
pnull,vmf_pca100_lloyd50_bm_degree,triviality_n_effective_networks,wikitext,wikitext,50.0
pnull,vmf_pca100_lloyd50_bm_degree,triviality_entropy_effective_networks,wikitext,wikitext,28.127715305071163
pnull,vmf_pca100_lloyd50_bm_degree,triviality_median_max_membership,wikitext,wikitext,1.0
pnull,vmf_pca100_lloyd50_bm_degree,triviality_frac_confident,wikitext,wikitext,1.0
rand,vmf_pca100_lloyd50_bm_degree,reliability_within,wikitext,wikitext,-5.305892708739911e-05
rand,vmf_pca100_lloyd50_bm_degree,fidelity_within,wikitext,wikitext,0.0009134509778843114
rand,vmf_pca100_lloyd50_bm_degree,fidelity_within_r,wikitext,wikitext,0.03022384317968724
rand,vmf_pca100_lloyd50_bm_degree,fidelity_within_insample,wikitext,wikitext,0.000921461812179114
rand,vmf_pca100_lloyd50_bm_degree,triviality_ami_layer,wikitext,wikitext,0.0005309677074320002
rand,vmf_pca100_lloyd50_bm_degree,triviality_ami_dimension,wikitext,wikitext,-0.0013504679468678248
rand,vmf_pca100_lloyd50_bm_degree,triviality_ami_hubness,wikitext,wikitext,0.00017805973351989787
rand,vmf_pca100_lloyd50_bm_degree,triviality_n_effective_networks,wikitext,wikitext,50.0
rand,vmf_pca100_lloyd50_bm_degree,triviality_entropy_effective_networks,wikitext,wikitext,49.92042215659501
rand,vmf_pca100_lloyd50_bm_degree,triviality_median_max_membership,wikitext,wikitext,1.0
rand,vmf_pca100_lloyd50_bm_degree,triviality_frac_confident,wikitext,wikitext,1.0
pnull,vmf_sparse_pca100_lloyd100,reliability_within_coassoc,wikitext,wikitext,0.030729130851162925
pnull,vmf_sparse_pca100_lloyd100,reliability_within,wikitext,wikitext,0.015263020556008762
pnull,vmf_sparse_pca100_lloyd100,fidelity_within,wikitext,wikitext,0.034239236868571
pnull,vmf_sparse_pca100_lloyd100,fidelity_within_r,wikitext,wikitext,0.18504051027260981
pnull,vmf_sparse_pca100_lloyd100,fidelity_within_insample,wikitext,wikitext,0.03468761790476216
pnull,vmf_sparse_pca100_lloyd100,triviality_ami_layer,wikitext,wikitext,0.0485854888586609
pnull,vmf_sparse_pca100_lloyd100,triviality_ami_dimension,wikitext,wikitext,-0.001627881329663724
pnull,vmf_sparse_pca100_lloyd100,triviality_ami_hubness,wikitext,wikitext,0.03149560298588333
pnull,vmf_sparse_pca100_lloyd100,triviality_n_effective_networks,wikitext,wikitext,100.0
pnull,vmf_sparse_pca100_lloyd100,triviality_entropy_effective_networks,wikitext,wikitext,57.83202149835608
pnull,vmf_sparse_pca100_lloyd100,triviality_median_max_membership,wikitext,wikitext,0.475
pnull,vmf_sparse_pca100_lloyd100,triviality_frac_confident,wikitext,wikitext,0.41235977564102566
rand,vmf_sparse_pca100_lloyd100,reliability_within,wikitext,wikitext,5.6644302201711214e-05
rand,vmf_sparse_pca100_lloyd100,fidelity_within,wikitext,wikitext,0.0019914387798699584
rand,vmf_sparse_pca100_lloyd100,fidelity_within_r,wikitext,wikitext,0.04463028581194965
rand,vmf_sparse_pca100_lloyd100,fidelity_within_insample,wikitext,wikitext,0.0019431760524035724
rand,vmf_sparse_pca100_lloyd100,triviality_ami_layer,wikitext,wikitext,0.0008225692168641392
rand,vmf_sparse_pca100_lloyd100,triviality_ami_dimension,wikitext,wikitext,-0.00046038358405108454
rand,vmf_sparse_pca100_lloyd100,triviality_ami_hubness,wikitext,wikitext,0.00011229108998320922
rand,vmf_sparse_pca100_lloyd100,triviality_n_effective_networks,wikitext,wikitext,100.0
rand,vmf_sparse_pca100_lloyd100,triviality_entropy_effective_networks,wikitext,wikitext,99.58088189716896
rand,vmf_sparse_pca100_lloyd100,triviality_median_max_membership,wikitext,wikitext,1.0
rand,vmf_sparse_pca100_lloyd100,triviality_frac_confident,wikitext,wikitext,1.0
pnull,vmf_sparse_pca100_lloyd100_bm_degree,reliability_within_coassoc,wikitext,wikitext,0.030729130851162925
pnull,vmf_sparse_pca100_lloyd100_bm_degree,reliability_within,wikitext,wikitext,0.020882718174249918
pnull,vmf_sparse_pca100_lloyd100_bm_degree,fidelity_within,wikitext,wikitext,0.0494238606833578
pnull,vmf_sparse_pca100_lloyd100_bm_degree,fidelity_within_r,wikitext,wikitext,0.22231671712424278
pnull,vmf_sparse_pca100_lloyd100_bm_degree,fidelity_within_insample,wikitext,wikitext,0.05002121783761737
pnull,vmf_sparse_pca100_lloyd100_bm_degree,triviality_ami_layer,wikitext,wikitext,0.06329185427469207
pnull,vmf_sparse_pca100_lloyd100_bm_degree,triviality_ami_dimension,wikitext,wikitext,0.00020361018076509065
pnull,vmf_sparse_pca100_lloyd100_bm_degree,triviality_ami_hubness,wikitext,wikitext,0.036488858924496236
pnull,vmf_sparse_pca100_lloyd100_bm_degree,triviality_n_effective_networks,wikitext,wikitext,100.0
pnull,vmf_sparse_pca100_lloyd100_bm_degree,triviality_entropy_effective_networks,wikitext,wikitext,60.857056615489526
pnull,vmf_sparse_pca100_lloyd100_bm_degree,triviality_median_max_membership,wikitext,wikitext,1.0
pnull,vmf_sparse_pca100_lloyd100_bm_degree,triviality_frac_confident,wikitext,wikitext,1.0
rand,vmf_sparse_pca100_lloyd100_bm_degree,reliability_within,wikitext,wikitext,9.789994237670443e-05
rand,vmf_sparse_pca100_lloyd100_bm_degree,fidelity_within,wikitext,wikitext,0.0018701901098296947
rand,vmf_sparse_pca100_lloyd100_bm_degree,fidelity_within_r,wikitext,wikitext,0.043246190135888096
rand,vmf_sparse_pca100_lloyd100_bm_degree,fidelity_within_insample,wikitext,wikitext,0.001865467879306859
rand,vmf_sparse_pca100_lloyd100_bm_degree,triviality_ami_layer,wikitext,wikitext,-0.0007816934673177459
rand,vmf_sparse_pca100_lloyd100_bm_degree,triviality_ami_dimension,wikitext,wikitext,0.00020458531642035695
rand,vmf_sparse_pca100_lloyd100_bm_degree,triviality_ami_hubness,wikitext,wikitext,-0.0010815028383893623
rand,vmf_sparse_pca100_lloyd100_bm_degree,triviality_n_effective_networks,wikitext,wikitext,100.0
rand,vmf_sparse_pca100_lloyd100_bm_degree,triviality_entropy_effective_networks,wikitext,wikitext,99.47587898611016
rand,vmf_sparse_pca100_lloyd100_bm_degree,triviality_median_max_membership,wikitext,wikitext,1.0
rand,vmf_sparse_pca100_lloyd100_bm_degree,triviality_frac_confident,wikitext,wikitext,1.0
pnull,vmf_pca100_lloyd100,reliability_within_coassoc,bookcorpus,bookcorpus,0.025106619236444805
pnull,vmf_pca100_lloyd100,reliability_within,bookcorpus,bookcorpus,0.009383126827618299
pnull,vmf_pca100_lloyd100,fidelity_within,bookcorpus,bookcorpus,0.04836267027616947
pnull,vmf_pca100_lloyd100,fidelity_within_r,bookcorpus,bookcorpus,0.2199179893414995
pnull,vmf_pca100_lloyd100,fidelity_within_insample,bookcorpus,bookcorpus,0.04837345871580201
pnull,vmf_pca100_lloyd100,triviality_ami_layer,bookcorpus,bookcorpus,0.03215512706402826
pnull,vmf_pca100_lloyd100,triviality_ami_dimension,bookcorpus,bookcorpus,0.0005282253521243183
pnull,vmf_pca100_lloyd100,triviality_ami_hubness,bookcorpus,bookcorpus,0.03609928825575448
pnull,vmf_pca100_lloyd100,triviality_n_effective_networks,bookcorpus,bookcorpus,100.0
pnull,vmf_pca100_lloyd100,triviality_entropy_effective_networks,bookcorpus,bookcorpus,56.125484771963684
pnull,vmf_pca100_lloyd100,triviality_median_max_membership,bookcorpus,bookcorpus,0.475
pnull,vmf_pca100_lloyd100,triviality_frac_confident,bookcorpus,bookcorpus,0.40414663461538464
rand,vmf_pca100_lloyd100,reliability_within,bookcorpus,bookcorpus,6.312824942080624e-05
rand,vmf_pca100_lloyd100,fidelity_within,bookcorpus,bookcorpus,0.0020660643158120218
rand,vmf_pca100_lloyd100,fidelity_within_r,bookcorpus,bookcorpus,0.045467633931980424
rand,vmf_pca100_lloyd100,fidelity_within_insample,bookcorpus,bookcorpus,0.0020537335290636838
rand,vmf_pca100_lloyd100,triviality_ami_layer,bookcorpus,bookcorpus,6.76767661516657e-05
rand,vmf_pca100_lloyd100,triviality_ami_dimension,bookcorpus,bookcorpus,0.00032274047568549047
rand,vmf_pca100_lloyd100,triviality_ami_hubness,bookcorpus,bookcorpus,-0.0005760940121354606
rand,vmf_pca100_lloyd100,triviality_n_effective_networks,bookcorpus,bookcorpus,100.0
rand,vmf_pca100_lloyd100,triviality_entropy_effective_networks,bookcorpus,bookcorpus,99.51438383535842
rand,vmf_pca100_lloyd100,triviality_median_max_membership,bookcorpus,bookcorpus,1.0
rand,vmf_pca100_lloyd100,triviality_frac_confident,bookcorpus,bookcorpus,1.0
pnull,vmf_pca100_lloyd100_bm_degree,reliability_within_coassoc,bookcorpus,bookcorpus,0.025106619236444805
pnull,vmf_pca100_lloyd100_bm_degree,reliability_within,bookcorpus,bookcorpus,0.014275150751699738
pnull,vmf_pca100_lloyd100_bm_degree,fidelity_within,bookcorpus,bookcorpus,0.05885614395301508
pnull,vmf_pca100_lloyd100_bm_degree,fidelity_within_r,bookcorpus,bookcorpus,0.24260548139697735
pnull,vmf_pca100_lloyd100_bm_degree,fidelity_within_insample,bookcorpus,bookcorpus,0.05885693835103234
pnull,vmf_pca100_lloyd100_bm_degree,triviality_ami_layer,bookcorpus,bookcorpus,0.030167704149417735
pnull,vmf_pca100_lloyd100_bm_degree,triviality_ami_dimension,bookcorpus,bookcorpus,-4.669056006315521e-05
pnull,vmf_pca100_lloyd100_bm_degree,triviality_ami_hubness,bookcorpus,bookcorpus,0.04083872892204658
pnull,vmf_pca100_lloyd100_bm_degree,triviality_n_effective_networks,bookcorpus,bookcorpus,100.0
pnull,vmf_pca100_lloyd100_bm_degree,triviality_entropy_effective_networks,bookcorpus,bookcorpus,55.11772698683567
pnull,vmf_pca100_lloyd100_bm_degree,triviality_median_max_membership,bookcorpus,bookcorpus,1.0
pnull,vmf_pca100_lloyd100_bm_degree,triviality_frac_confident,bookcorpus,bookcorpus,1.0
rand,vmf_pca100_lloyd100_bm_degree,reliability_within,bookcorpus,bookcorpus,-0.00013136961143855926
rand,vmf_pca100_lloyd100_bm_degree,fidelity_within,bookcorpus,bookcorpus,0.0021972478836168596
rand,vmf_pca100_lloyd100_bm_degree,fidelity_within_r,bookcorpus,bookcorpus,0.04688830636233214
rand,vmf_pca100_lloyd100_bm_degree,fidelity_within_insample,bookcorpus,bookcorpus,0.002227298244566911
rand,vmf_pca100_lloyd100_bm_degree,triviality_ami_layer,bookcorpus,bookcorpus,-0.00020785608150039188
rand,vmf_pca100_lloyd100_bm_degree,triviality_ami_dimension,bookcorpus,bookcorpus,-0.0007846035153683985
rand,vmf_pca100_lloyd100_bm_degree,triviality_ami_hubness,bookcorpus,bookcorpus,0.00047837241427390014
rand,vmf_pca100_lloyd100_bm_degree,triviality_n_effective_networks,bookcorpus,bookcorpus,100.0
rand,vmf_pca100_lloyd100_bm_degree,triviality_entropy_effective_networks,bookcorpus,bookcorpus,99.5024418713056
rand,vmf_pca100_lloyd100_bm_degree,triviality_median_max_membership,bookcorpus,bookcorpus,1.0
rand,vmf_pca100_lloyd100_bm_degree,triviality_frac_confident,bookcorpus,bookcorpus,1.0
pnull,vmf_pca100_lloyd100_bm_double,reliability_within_coassoc,bookcorpus,bookcorpus,0.025106619236444805
pnull,vmf_pca100_lloyd100_bm_double,reliability_within,bookcorpus,bookcorpus,0.01742721886395705
pnull,vmf_pca100_lloyd100_bm_double,fidelity_within,bookcorpus,bookcorpus,0.05838939909388974
pnull,vmf_pca100_lloyd100_bm_double,fidelity_within_r,bookcorpus,bookcorpus,0.2416415070033798
pnull,vmf_pca100_lloyd100_bm_double,fidelity_within_insample,bookcorpus,bookcorpus,0.0584575566880553
pnull,vmf_pca100_lloyd100_bm_double,triviality_ami_layer,bookcorpus,bookcorpus,0.03189119339170756
pnull,vmf_pca100_lloyd100_bm_double,triviality_ami_dimension,bookcorpus,bookcorpus,0.001258432183281161
pnull,vmf_pca100_lloyd100_bm_double,triviality_ami_hubness,bookcorpus,bookcorpus,0.04160123581965076
pnull,vmf_pca100_lloyd100_bm_double,triviality_n_effective_networks,bookcorpus,bookcorpus,100.0
pnull,vmf_pca100_lloyd100_bm_double,triviality_entropy_effective_networks,bookcorpus,bookcorpus,55.02547766083819
pnull,vmf_pca100_lloyd100_bm_double,triviality_median_max_membership,bookcorpus,bookcorpus,1.0
pnull,vmf_pca100_lloyd100_bm_double,triviality_frac_confident,bookcorpus,bookcorpus,1.0
rand,vmf_pca100_lloyd100_bm_double,reliability_within,bookcorpus,bookcorpus,0.0001130345524493285
rand,vmf_pca100_lloyd100_bm_double,fidelity_within,bookcorpus,bookcorpus,0.002835124060659777
rand,vmf_pca100_lloyd100_bm_double,fidelity_within_r,bookcorpus,bookcorpus,0.05325785063536618
rand,vmf_pca100_lloyd100_bm_double,fidelity_within_insample,bookcorpus,bookcorpus,0.002871731158167301
rand,vmf_pca100_lloyd100_bm_double,triviality_ami_layer,bookcorpus,bookcorpus,-0.00019228638165873777
rand,vmf_pca100_lloyd100_bm_double,triviality_ami_dimension,bookcorpus,bookcorpus,-0.00048651928940927853
rand,vmf_pca100_lloyd100_bm_double,triviality_ami_hubness,bookcorpus,bookcorpus,0.0005388715217210146
rand,vmf_pca100_lloyd100_bm_double,triviality_n_effective_networks,bookcorpus,bookcorpus,100.0
rand,vmf_pca100_lloyd100_bm_double,triviality_entropy_effective_networks,bookcorpus,bookcorpus,99.48805653114844
rand,vmf_pca100_lloyd100_bm_double,triviality_median_max_membership,bookcorpus,bookcorpus,1.0
rand,vmf_pca100_lloyd100_bm_double,triviality_frac_confident,bookcorpus,bookcorpus,1.0
pnull,vmf_pca100_lloyd100_bm_raw,reliability_within_coassoc,bookcorpus,bookcorpus,0.025106619236444805
pnull,vmf_pca100_lloyd100_bm_raw,reliability_within,bookcorpus,bookcorpus,0.022169600470844028
pnull,vmf_pca100_lloyd100_bm_raw,fidelity_within,bookcorpus,bookcorpus,0.06141297690071423
pnull,vmf_pca100_lloyd100_bm_raw,fidelity_within_r,bookcorpus,bookcorpus,0.24781890362925502
pnull,vmf_pca100_lloyd100_bm_raw,fidelity_within_insample,bookcorpus,bookcorpus,0.061464860290923906
pnull,vmf_pca100_lloyd100_bm_raw,triviality_ami_layer,bookcorpus,bookcorpus,0.052852009296147674
pnull,vmf_pca100_lloyd100_bm_raw,triviality_ami_dimension,bookcorpus,bookcorpus,0.0008625163713875571
pnull,vmf_pca100_lloyd100_bm_raw,triviality_ami_hubness,bookcorpus,bookcorpus,0.042429670102019555
pnull,vmf_pca100_lloyd100_bm_raw,triviality_n_effective_networks,bookcorpus,bookcorpus,99.0
pnull,vmf_pca100_lloyd100_bm_raw,triviality_entropy_effective_networks,bookcorpus,bookcorpus,55.59376368607146
pnull,vmf_pca100_lloyd100_bm_raw,triviality_median_max_membership,bookcorpus,bookcorpus,1.0
pnull,vmf_pca100_lloyd100_bm_raw,triviality_frac_confident,bookcorpus,bookcorpus,1.0
rand,vmf_pca100_lloyd100_bm_raw,reliability_within,bookcorpus,bookcorpus,-4.398715720473344e-05
rand,vmf_pca100_lloyd100_bm_raw,fidelity_within,bookcorpus,bookcorpus,0.0028902365381983097
rand,vmf_pca100_lloyd100_bm_raw,fidelity_within_r,bookcorpus,bookcorpus,0.05377209268431644
rand,vmf_pca100_lloyd100_bm_raw,fidelity_within_insample,bookcorpus,bookcorpus,0.002896904979621362
rand,vmf_pca100_lloyd100_bm_raw,triviality_ami_layer,bookcorpus,bookcorpus,0.000378977372374501
rand,vmf_pca100_lloyd100_bm_raw,triviality_ami_dimension,bookcorpus,bookcorpus,0.0012683196329857749
rand,vmf_pca100_lloyd100_bm_raw,triviality_ami_hubness,bookcorpus,bookcorpus,0.0006742521345008338
rand,vmf_pca100_lloyd100_bm_raw,triviality_n_effective_networks,bookcorpus,bookcorpus,100.0
rand,vmf_pca100_lloyd100_bm_raw,triviality_entropy_effective_networks,bookcorpus,bookcorpus,99.42793525664543
rand,vmf_pca100_lloyd100_bm_raw,triviality_median_max_membership,bookcorpus,bookcorpus,1.0
rand,vmf_pca100_lloyd100_bm_raw,triviality_frac_confident,bookcorpus,bookcorpus,1.0
pnull,vmf_pca100_lloyd100_coassoc,reliability_within_coassoc,bookcorpus,bookcorpus,0.025106619236444805
pnull,vmf_pca100_lloyd100_coassoc,reliability_within,bookcorpus,bookcorpus,0.017723562051799587
pnull,vmf_pca100_lloyd100_coassoc,fidelity_within,bookcorpus,bookcorpus,0.048676282585461306
pnull,vmf_pca100_lloyd100_coassoc,fidelity_within_r,bookcorpus,bookcorpus,0.2206299413627153
pnull,vmf_pca100_lloyd100_coassoc,fidelity_within_insample,bookcorpus,bookcorpus,0.048656315557992214
pnull,vmf_pca100_lloyd100_coassoc,triviality_ami_layer,bookcorpus,bookcorpus,0.03214937483926709
pnull,vmf_pca100_lloyd100_coassoc,triviality_ami_dimension,bookcorpus,bookcorpus,-0.00045284025917004294
pnull,vmf_pca100_lloyd100_coassoc,triviality_ami_hubness,bookcorpus,bookcorpus,0.03822197890672579
pnull,vmf_pca100_lloyd100_coassoc,triviality_n_effective_networks,bookcorpus,bookcorpus,100.0
pnull,vmf_pca100_lloyd100_coassoc,triviality_entropy_effective_networks,bookcorpus,bookcorpus,46.19379541250143
pnull,vmf_pca100_lloyd100_coassoc,triviality_median_max_membership,bookcorpus,bookcorpus,1.0
pnull,vmf_pca100_lloyd100_coassoc,triviality_frac_confident,bookcorpus,bookcorpus,1.0
rand,vmf_pca100_lloyd100_coassoc,reliability_within,bookcorpus,bookcorpus,8.655405655077478e-05
rand,vmf_pca100_lloyd100_coassoc,fidelity_within,bookcorpus,bookcorpus,0.0028912078081313464
rand,vmf_pca100_lloyd100_coassoc,fidelity_within_r,bookcorpus,bookcorpus,0.05378209077851642
rand,vmf_pca100_lloyd100_coassoc,fidelity_within_insample,bookcorpus,bookcorpus,0.0028643135782242535
rand,vmf_pca100_lloyd100_coassoc,triviality_ami_layer,bookcorpus,bookcorpus,-0.0005913561932892184
rand,vmf_pca100_lloyd100_coassoc,triviality_ami_dimension,bookcorpus,bookcorpus,-0.0003766443978711586
rand,vmf_pca100_lloyd100_coassoc,triviality_ami_hubness,bookcorpus,bookcorpus,-0.0004443850750989063
rand,vmf_pca100_lloyd100_coassoc,triviality_n_effective_networks,bookcorpus,bookcorpus,100.0
rand,vmf_pca100_lloyd100_coassoc,triviality_entropy_effective_networks,bookcorpus,bookcorpus,99.50578930496245
rand,vmf_pca100_lloyd100_coassoc,triviality_median_max_membership,bookcorpus,bookcorpus,1.0
rand,vmf_pca100_lloyd100_coassoc,triviality_frac_confident,bookcorpus,bookcorpus,1.0
pnull,vmf_pca100_lloyd100_coassoc_bm_degree,reliability_within_coassoc,bookcorpus,bookcorpus,0.025106619236444805
pnull,vmf_pca100_lloyd100_coassoc_bm_degree,reliability_within,bookcorpus,bookcorpus,0.01617917380248216
pnull,vmf_pca100_lloyd100_coassoc_bm_degree,fidelity_within,bookcorpus,bookcorpus,0.05933273832790287
pnull,vmf_pca100_lloyd100_coassoc_bm_degree,fidelity_within_r,bookcorpus,bookcorpus,0.2435856373495931
pnull,vmf_pca100_lloyd100_coassoc_bm_degree,fidelity_within_insample,bookcorpus,bookcorpus,0.05939291536718738
pnull,vmf_pca100_lloyd100_coassoc_bm_degree,triviality_ami_layer,bookcorpus,bookcorpus,0.03054884466641214
pnull,vmf_pca100_lloyd100_coassoc_bm_degree,triviality_ami_dimension,bookcorpus,bookcorpus,-0.0002523612740081527
pnull,vmf_pca100_lloyd100_coassoc_bm_degree,triviality_ami_hubness,bookcorpus,bookcorpus,0.040861436414187
pnull,vmf_pca100_lloyd100_coassoc_bm_degree,triviality_n_effective_networks,bookcorpus,bookcorpus,100.0
pnull,vmf_pca100_lloyd100_coassoc_bm_degree,triviality_entropy_effective_networks,bookcorpus,bookcorpus,55.153909712693185
pnull,vmf_pca100_lloyd100_coassoc_bm_degree,triviality_median_max_membership,bookcorpus,bookcorpus,1.0
pnull,vmf_pca100_lloyd100_coassoc_bm_degree,triviality_frac_confident,bookcorpus,bookcorpus,1.0
rand,vmf_pca100_lloyd100_coassoc_bm_degree,reliability_within,bookcorpus,bookcorpus,5.511530787544068e-05
rand,vmf_pca100_lloyd100_coassoc_bm_degree,fidelity_within,bookcorpus,bookcorpus,0.0026790362426706293
rand,vmf_pca100_lloyd100_coassoc_bm_degree,fidelity_within_r,bookcorpus,bookcorpus,0.05177102243417226
rand,vmf_pca100_lloyd100_coassoc_bm_degree,fidelity_within_insample,bookcorpus,bookcorpus,0.002682661516398288
rand,vmf_pca100_lloyd100_coassoc_bm_degree,triviality_ami_layer,bookcorpus,bookcorpus,-0.0016074696872556459
rand,vmf_pca100_lloyd100_coassoc_bm_degree,triviality_ami_dimension,bookcorpus,bookcorpus,-0.0005213646969756326
rand,vmf_pca100_lloyd100_coassoc_bm_degree,triviality_ami_hubness,bookcorpus,bookcorpus,0.00046756513299443537
rand,vmf_pca100_lloyd100_coassoc_bm_degree,triviality_n_effective_networks,bookcorpus,bookcorpus,100.0
rand,vmf_pca100_lloyd100_coassoc_bm_degree,triviality_entropy_effective_networks,bookcorpus,bookcorpus,99.4827573419633
rand,vmf_pca100_lloyd100_coassoc_bm_degree,triviality_median_max_membership,bookcorpus,bookcorpus,1.0
rand,vmf_pca100_lloyd100_coassoc_bm_degree,triviality_frac_confident,bookcorpus,bookcorpus,1.0
pnull,vmf_pca100_lloyd100_n200,reliability_within_coassoc,bookcorpus,bookcorpus,0.02655403130863752
pnull,vmf_pca100_lloyd100_n200,reliability_within,bookcorpus,bookcorpus,0.009126930606437579
pnull,vmf_pca100_lloyd100_n200,fidelity_within,bookcorpus,bookcorpus,0.04984509205623955
pnull,vmf_pca100_lloyd100_n200,fidelity_within_r,bookcorpus,bookcorpus,0.2232629859815042
pnull,vmf_pca100_lloyd100_n200,fidelity_within_insample,bookcorpus,bookcorpus,0.049841943415948164
pnull,vmf_pca100_lloyd100_n200,triviality_ami_layer,bookcorpus,bookcorpus,0.03355387793498439
pnull,vmf_pca100_lloyd100_n200,triviality_ami_dimension,bookcorpus,bookcorpus,-0.0001901451877525547
pnull,vmf_pca100_lloyd100_n200,triviality_ami_hubness,bookcorpus,bookcorpus,0.03732881094406348
pnull,vmf_pca100_lloyd100_n200,triviality_n_effective_networks,bookcorpus,bookcorpus,100.0
pnull,vmf_pca100_lloyd100_n200,triviality_entropy_effective_networks,bookcorpus,bookcorpus,53.90832150263053
pnull,vmf_pca100_lloyd100_n200,triviality_median_max_membership,bookcorpus,bookcorpus,0.465
pnull,vmf_pca100_lloyd100_n200,triviality_frac_confident,bookcorpus,bookcorpus,0.42568108974358976
rand,vmf_pca100_lloyd100_n200,reliability_within,bookcorpus,bookcorpus,1.284696193498233e-06
rand,vmf_pca100_lloyd100_n200,fidelity_within,bookcorpus,bookcorpus,0.002329415571100335
rand,vmf_pca100_lloyd100_n200,fidelity_within_r,bookcorpus,bookcorpus,0.04827755940159398
rand,vmf_pca100_lloyd100_n200,fidelity_within_insample,bookcorpus,bookcorpus,0.0023675406696181955
rand,vmf_pca100_lloyd100_n200,triviality_ami_layer,bookcorpus,bookcorpus,0.0007564953733300432
rand,vmf_pca100_lloyd100_n200,triviality_ami_dimension,bookcorpus,bookcorpus,0.0007726766212991307
rand,vmf_pca100_lloyd100_n200,triviality_ami_hubness,bookcorpus,bookcorpus,0.00019990266224325734
rand,vmf_pca100_lloyd100_n200,triviality_n_effective_networks,bookcorpus,bookcorpus,100.0
rand,vmf_pca100_lloyd100_n200,triviality_entropy_effective_networks,bookcorpus,bookcorpus,99.47380007993398
rand,vmf_pca100_lloyd100_n200,triviality_median_max_membership,bookcorpus,bookcorpus,1.0
rand,vmf_pca100_lloyd100_n200,triviality_frac_confident,bookcorpus,bookcorpus,1.0
pnull,vmf_pca100_lloyd100_n200_coassoc,reliability_within_coassoc,bookcorpus,bookcorpus,0.02655403130863752
pnull,vmf_pca100_lloyd100_n200_coassoc,reliability_within,bookcorpus,bookcorpus,0.017071783867266363
pnull,vmf_pca100_lloyd100_n200_coassoc,fidelity_within,bookcorpus,bookcorpus,0.048176384922632765
pnull,vmf_pca100_lloyd100_n200_coassoc,fidelity_within_r,bookcorpus,bookcorpus,0.2194940559013964
pnull,vmf_pca100_lloyd100_n200_coassoc,fidelity_within_insample,bookcorpus,bookcorpus,0.04818321109289514
pnull,vmf_pca100_lloyd100_n200_coassoc,triviality_ami_layer,bookcorpus,bookcorpus,0.033219626395830475
pnull,vmf_pca100_lloyd100_n200_coassoc,triviality_ami_dimension,bookcorpus,bookcorpus,0.0003525825796102734
pnull,vmf_pca100_lloyd100_n200_coassoc,triviality_ami_hubness,bookcorpus,bookcorpus,0.03689223943546841
pnull,vmf_pca100_lloyd100_n200_coassoc,triviality_n_effective_networks,bookcorpus,bookcorpus,100.0
pnull,vmf_pca100_lloyd100_n200_coassoc,triviality_entropy_effective_networks,bookcorpus,bookcorpus,43.70604773281219
pnull,vmf_pca100_lloyd100_n200_coassoc,triviality_median_max_membership,bookcorpus,bookcorpus,1.0
pnull,vmf_pca100_lloyd100_n200_coassoc,triviality_frac_confident,bookcorpus,bookcorpus,1.0
rand,vmf_pca100_lloyd100_n200_coassoc,reliability_within,bookcorpus,bookcorpus,-1.1173819926306256e-05
rand,vmf_pca100_lloyd100_n200_coassoc,fidelity_within,bookcorpus,bookcorpus,0.002547880760419563
rand,vmf_pca100_lloyd100_n200_coassoc,fidelity_within_r,bookcorpus,bookcorpus,0.05048852775720601
rand,vmf_pca100_lloyd100_n200_coassoc,fidelity_within_insample,bookcorpus,bookcorpus,0.00254503248228366
rand,vmf_pca100_lloyd100_n200_coassoc,triviality_ami_layer,bookcorpus,bookcorpus,-0.0008597123478836317
rand,vmf_pca100_lloyd100_n200_coassoc,triviality_ami_dimension,bookcorpus,bookcorpus,-0.0002613451574940896
rand,vmf_pca100_lloyd100_n200_coassoc,triviality_ami_hubness,bookcorpus,bookcorpus,0.0009791470785907933
rand,vmf_pca100_lloyd100_n200_coassoc,triviality_n_effective_networks,bookcorpus,bookcorpus,100.0
rand,vmf_pca100_lloyd100_n200_coassoc,triviality_entropy_effective_networks,bookcorpus,bookcorpus,99.44582874075742
rand,vmf_pca100_lloyd100_n200_coassoc,triviality_median_max_membership,bookcorpus,bookcorpus,1.0
rand,vmf_pca100_lloyd100_n200_coassoc,triviality_frac_confident,bookcorpus,bookcorpus,1.0
pnull,vmf_pca100_lloyd200,reliability_within_coassoc,bookcorpus,bookcorpus,0.01805222950316712
pnull,vmf_pca100_lloyd200,reliability_within,bookcorpus,bookcorpus,0.0050069839092939435
pnull,vmf_pca100_lloyd200,fidelity_within,bookcorpus,bookcorpus,0.053221449804592647
pnull,vmf_pca100_lloyd200,fidelity_within_r,bookcorpus,bookcorpus,0.23070053405487306
pnull,vmf_pca100_lloyd200,fidelity_within_insample,bookcorpus,bookcorpus,0.053207158816516054
pnull,vmf_pca100_lloyd200,triviality_ami_layer,bookcorpus,bookcorpus,0.02977616445431843
pnull,vmf_pca100_lloyd200,triviality_ami_dimension,bookcorpus,bookcorpus,-0.0004552136005955972
pnull,vmf_pca100_lloyd200,triviality_ami_hubness,bookcorpus,bookcorpus,0.03342723386220302
pnull,vmf_pca100_lloyd200,triviality_n_effective_networks,bookcorpus,bookcorpus,200.0
pnull,vmf_pca100_lloyd200,triviality_entropy_effective_networks,bookcorpus,bookcorpus,111.28987807996003
pnull,vmf_pca100_lloyd200,triviality_median_max_membership,bookcorpus,bookcorpus,0.375
pnull,vmf_pca100_lloyd200,triviality_frac_confident,bookcorpus,bookcorpus,0.23697916666666666
rand,vmf_pca100_lloyd200,reliability_within,bookcorpus,bookcorpus,0.0001593775982331569
rand,vmf_pca100_lloyd200,fidelity_within,bookcorpus,bookcorpus,0.006497492369734625
rand,vmf_pca100_lloyd200,fidelity_within_r,bookcorpus,bookcorpus,0.08061607429143978
rand,vmf_pca100_lloyd200,fidelity_within_insample,bookcorpus,bookcorpus,0.006431749460469649
rand,vmf_pca100_lloyd200,triviality_ami_layer,bookcorpus,bookcorpus,0.000252573218907386
rand,vmf_pca100_lloyd200,triviality_ami_dimension,bookcorpus,bookcorpus,-0.0004849430072573304
rand,vmf_pca100_lloyd200,triviality_ami_hubness,bookcorpus,bookcorpus,0.0010490414263074148
rand,vmf_pca100_lloyd200,triviality_n_effective_networks,bookcorpus,bookcorpus,200.0
rand,vmf_pca100_lloyd200,triviality_entropy_effective_networks,bookcorpus,bookcorpus,198.09261479378242
rand,vmf_pca100_lloyd200,triviality_median_max_membership,bookcorpus,bookcorpus,1.0
rand,vmf_pca100_lloyd200,triviality_frac_confident,bookcorpus,bookcorpus,1.0
pnull,vmf_pca100_lloyd200_bm_degree,reliability_within_coassoc,bookcorpus,bookcorpus,0.01805222950316712
pnull,vmf_pca100_lloyd200_bm_degree,reliability_within,bookcorpus,bookcorpus,0.006600245496119501
pnull,vmf_pca100_lloyd200_bm_degree,fidelity_within,bookcorpus,bookcorpus,0.06201794022819862
pnull,vmf_pca100_lloyd200_bm_degree,fidelity_within_r,bookcorpus,bookcorpus,0.24903648188640676
pnull,vmf_pca100_lloyd200_bm_degree,fidelity_within_insample,bookcorpus,bookcorpus,0.06207514416405879
pnull,vmf_pca100_lloyd200_bm_degree,triviality_ami_layer,bookcorpus,bookcorpus,0.028979591640996453
pnull,vmf_pca100_lloyd200_bm_degree,triviality_ami_dimension,bookcorpus,bookcorpus,0.00129166036361094
pnull,vmf_pca100_lloyd200_bm_degree,triviality_ami_hubness,bookcorpus,bookcorpus,0.03454687744182994
pnull,vmf_pca100_lloyd200_bm_degree,triviality_n_effective_networks,bookcorpus,bookcorpus,200.0
pnull,vmf_pca100_lloyd200_bm_degree,triviality_entropy_effective_networks,bookcorpus,bookcorpus,109.63246092683583
pnull,vmf_pca100_lloyd200_bm_degree,triviality_median_max_membership,bookcorpus,bookcorpus,1.0
pnull,vmf_pca100_lloyd200_bm_degree,triviality_frac_confident,bookcorpus,bookcorpus,1.0
rand,vmf_pca100_lloyd200_bm_degree,reliability_within,bookcorpus,bookcorpus,4.5564427852102244e-05
rand,vmf_pca100_lloyd200_bm_degree,fidelity_within,bookcorpus,bookcorpus,0.005427964273029384
rand,vmf_pca100_lloyd200_bm_degree,fidelity_within_r,bookcorpus,bookcorpus,0.07368289504917175
rand,vmf_pca100_lloyd200_bm_degree,fidelity_within_insample,bookcorpus,bookcorpus,0.005449995276442521
rand,vmf_pca100_lloyd200_bm_degree,triviality_ami_layer,bookcorpus,bookcorpus,-0.0012207409418527192
rand,vmf_pca100_lloyd200_bm_degree,triviality_ami_dimension,bookcorpus,bookcorpus,-8.399785023928654e-05
rand,vmf_pca100_lloyd200_bm_degree,triviality_ami_hubness,bookcorpus,bookcorpus,-0.00022431224877327846
rand,vmf_pca100_lloyd200_bm_degree,triviality_n_effective_networks,bookcorpus,bookcorpus,200.0
rand,vmf_pca100_lloyd200_bm_degree,triviality_entropy_effective_networks,bookcorpus,bookcorpus,197.92711350641196
rand,vmf_pca100_lloyd200_bm_degree,triviality_median_max_membership,bookcorpus,bookcorpus,1.0
rand,vmf_pca100_lloyd200_bm_degree,triviality_frac_confident,bookcorpus,bookcorpus,1.0
pnull,vmf_pca100_lloyd50,reliability_within_coassoc,bookcorpus,bookcorpus,0.037571483987299974
pnull,vmf_pca100_lloyd50,reliability_within,bookcorpus,bookcorpus,0.019226317078773127
pnull,vmf_pca100_lloyd50,fidelity_within,bookcorpus,bookcorpus,0.04767895482342943
pnull,vmf_pca100_lloyd50,fidelity_within_r,bookcorpus,bookcorpus,0.21835812945549193
pnull,vmf_pca100_lloyd50,fidelity_within_insample,bookcorpus,bookcorpus,0.04763791368078818
pnull,vmf_pca100_lloyd50,triviality_ami_layer,bookcorpus,bookcorpus,0.03758259818045886
pnull,vmf_pca100_lloyd50,triviality_ami_dimension,bookcorpus,bookcorpus,-0.0012548979828031846
pnull,vmf_pca100_lloyd50,triviality_ami_hubness,bookcorpus,bookcorpus,0.041140026120842006
pnull,vmf_pca100_lloyd50,triviality_n_effective_networks,bookcorpus,bookcorpus,50.0
pnull,vmf_pca100_lloyd50,triviality_entropy_effective_networks,bookcorpus,bookcorpus,27.21642579820687
pnull,vmf_pca100_lloyd50,triviality_median_max_membership,bookcorpus,bookcorpus,0.6
pnull,vmf_pca100_lloyd50,triviality_frac_confident,bookcorpus,bookcorpus,0.6536458333333334
rand,vmf_pca100_lloyd50,reliability_within,bookcorpus,bookcorpus,3.855989530540267e-06
rand,vmf_pca100_lloyd50,fidelity_within,bookcorpus,bookcorpus,0.0018412520570766366
rand,vmf_pca100_lloyd50,fidelity_within_r,bookcorpus,bookcorpus,0.0429238592540574
rand,vmf_pca100_lloyd50,fidelity_within_insample,bookcorpus,bookcorpus,0.00184094488747788
rand,vmf_pca100_lloyd50,triviality_ami_layer,bookcorpus,bookcorpus,-3.374035041993667e-06
rand,vmf_pca100_lloyd50,triviality_ami_dimension,bookcorpus,bookcorpus,0.0002227567854221271
rand,vmf_pca100_lloyd50,triviality_ami_hubness,bookcorpus,bookcorpus,0.0006064266690982105
rand,vmf_pca100_lloyd50,triviality_n_effective_networks,bookcorpus,bookcorpus,50.0
rand,vmf_pca100_lloyd50,triviality_entropy_effective_networks,bookcorpus,bookcorpus,49.848437281313245
rand,vmf_pca100_lloyd50,triviality_median_max_membership,bookcorpus,bookcorpus,1.0
rand,vmf_pca100_lloyd50,triviality_frac_confident,bookcorpus,bookcorpus,1.0
pnull,vmf_pca100_lloyd50_bm_degree,reliability_within_coassoc,bookcorpus,bookcorpus,0.037571483987299974
pnull,vmf_pca100_lloyd50_bm_degree,reliability_within,bookcorpus,bookcorpus,0.019269493489727705
pnull,vmf_pca100_lloyd50_bm_degree,fidelity_within,bookcorpus,bookcorpus,0.05671585179809113
pnull,vmf_pca100_lloyd50_bm_degree,fidelity_within_r,bookcorpus,bookcorpus,0.23815350049478304
pnull,vmf_pca100_lloyd50_bm_degree,fidelity_within_insample,bookcorpus,bookcorpus,0.05675292754316441
pnull,vmf_pca100_lloyd50_bm_degree,triviality_ami_layer,bookcorpus,bookcorpus,0.03166888944942766
pnull,vmf_pca100_lloyd50_bm_degree,triviality_ami_dimension,bookcorpus,bookcorpus,-0.00018161983473396
pnull,vmf_pca100_lloyd50_bm_degree,triviality_ami_hubness,bookcorpus,bookcorpus,0.04446639703341126
pnull,vmf_pca100_lloyd50_bm_degree,triviality_n_effective_networks,bookcorpus,bookcorpus,50.0
pnull,vmf_pca100_lloyd50_bm_degree,triviality_entropy_effective_networks,bookcorpus,bookcorpus,28.077240145081266
pnull,vmf_pca100_lloyd50_bm_degree,triviality_median_max_membership,bookcorpus,bookcorpus,1.0
pnull,vmf_pca100_lloyd50_bm_degree,triviality_frac_confident,bookcorpus,bookcorpus,1.0
rand,vmf_pca100_lloyd50_bm_degree,reliability_within,bookcorpus,bookcorpus,-0.00016194930629738832
rand,vmf_pca100_lloyd50_bm_degree,fidelity_within,bookcorpus,bookcorpus,0.0015030115539518274
rand,vmf_pca100_lloyd50_bm_degree,fidelity_within_r,bookcorpus,bookcorpus,0.038784487132867494
rand,vmf_pca100_lloyd50_bm_degree,fidelity_within_insample,bookcorpus,bookcorpus,0.0014957002108365591
rand,vmf_pca100_lloyd50_bm_degree,triviality_ami_layer,bookcorpus,bookcorpus,-0.000336588764255684
rand,vmf_pca100_lloyd50_bm_degree,triviality_ami_dimension,bookcorpus,bookcorpus,-0.0005652471920673222
rand,vmf_pca100_lloyd50_bm_degree,triviality_ami_hubness,bookcorpus,bookcorpus,0.0003814592049462364
rand,vmf_pca100_lloyd50_bm_degree,triviality_n_effective_networks,bookcorpus,bookcorpus,50.0
rand,vmf_pca100_lloyd50_bm_degree,triviality_entropy_effective_networks,bookcorpus,bookcorpus,49.90473778619087
rand,vmf_pca100_lloyd50_bm_degree,triviality_median_max_membership,bookcorpus,bookcorpus,1.0
rand,vmf_pca100_lloyd50_bm_degree,triviality_frac_confident,bookcorpus,bookcorpus,1.0
pnull,vmf_sparse_pca100_lloyd100,reliability_within_coassoc,bookcorpus,bookcorpus,0.029838931722271395
pnull,vmf_sparse_pca100_lloyd100,reliability_within,bookcorpus,bookcorpus,0.013817794551672303
pnull,vmf_sparse_pca100_lloyd100,fidelity_within,bookcorpus,bookcorpus,0.04709028617327815
pnull,vmf_sparse_pca100_lloyd100,fidelity_within_r,bookcorpus,bookcorpus,0.21700596258128688
pnull,vmf_sparse_pca100_lloyd100,fidelity_within_insample,bookcorpus,bookcorpus,0.04705956037016823
pnull,vmf_sparse_pca100_lloyd100,triviality_ami_layer,bookcorpus,bookcorpus,0.029790150975188508
pnull,vmf_sparse_pca100_lloyd100,triviality_ami_dimension,bookcorpus,bookcorpus,-0.0003931603442837577
pnull,vmf_sparse_pca100_lloyd100,triviality_ami_hubness,bookcorpus,bookcorpus,0.035229750382846765
pnull,vmf_sparse_pca100_lloyd100,triviality_n_effective_networks,bookcorpus,bookcorpus,100.0
pnull,vmf_sparse_pca100_lloyd100,triviality_entropy_effective_networks,bookcorpus,bookcorpus,48.4429220496602
pnull,vmf_sparse_pca100_lloyd100,triviality_median_max_membership,bookcorpus,bookcorpus,0.525
pnull,vmf_sparse_pca100_lloyd100,triviality_frac_confident,bookcorpus,bookcorpus,0.5124198717948718
rand,vmf_sparse_pca100_lloyd100,reliability_within,bookcorpus,bookcorpus,-0.00013296810688148635
rand,vmf_sparse_pca100_lloyd100,fidelity_within,bookcorpus,bookcorpus,0.002194659090336337
rand,vmf_sparse_pca100_lloyd100,fidelity_within_r,bookcorpus,bookcorpus,0.04686117564069608
rand,vmf_sparse_pca100_lloyd100,fidelity_within_insample,bookcorpus,bookcorpus,0.00216994091288758
rand,vmf_sparse_pca100_lloyd100,triviality_ami_layer,bookcorpus,bookcorpus,-0.00043222625233296845
rand,vmf_sparse_pca100_lloyd100,triviality_ami_dimension,bookcorpus,bookcorpus,0.0003283668424208476
rand,vmf_sparse_pca100_lloyd100,triviality_ami_hubness,bookcorpus,bookcorpus,-0.0007121321395309526
rand,vmf_sparse_pca100_lloyd100,triviality_n_effective_networks,bookcorpus,bookcorpus,100.0
rand,vmf_sparse_pca100_lloyd100,triviality_entropy_effective_networks,bookcorpus,bookcorpus,99.34599585782242
rand,vmf_sparse_pca100_lloyd100,triviality_median_max_membership,bookcorpus,bookcorpus,1.0
rand,vmf_sparse_pca100_lloyd100,triviality_frac_confident,bookcorpus,bookcorpus,1.0
pnull,vmf_sparse_pca100_lloyd100_bm_degree,reliability_within_coassoc,bookcorpus,bookcorpus,0.029838931722271395
pnull,vmf_sparse_pca100_lloyd100_bm_degree,reliability_within,bookcorpus,bookcorpus,0.013937924725220052
pnull,vmf_sparse_pca100_lloyd100_bm_degree,fidelity_within,bookcorpus,bookcorpus,0.05899474083481515
pnull,vmf_sparse_pca100_lloyd100_bm_degree,fidelity_within_r,bookcorpus,bookcorpus,0.2428908648883374
pnull,vmf_sparse_pca100_lloyd100_bm_degree,fidelity_within_insample,bookcorpus,bookcorpus,0.059043885701933196
pnull,vmf_sparse_pca100_lloyd100_bm_degree,triviality_ami_layer,bookcorpus,bookcorpus,0.036480925719811305
pnull,vmf_sparse_pca100_lloyd100_bm_degree,triviality_ami_dimension,bookcorpus,bookcorpus,0.0005592313675388857
pnull,vmf_sparse_pca100_lloyd100_bm_degree,triviality_ami_hubness,bookcorpus,bookcorpus,0.04184109689005142
pnull,vmf_sparse_pca100_lloyd100_bm_degree,triviality_n_effective_networks,bookcorpus,bookcorpus,100.0
pnull,vmf_sparse_pca100_lloyd100_bm_degree,triviality_entropy_effective_networks,bookcorpus,bookcorpus,53.495346716225185
pnull,vmf_sparse_pca100_lloyd100_bm_degree,triviality_median_max_membership,bookcorpus,bookcorpus,1.0
pnull,vmf_sparse_pca100_lloyd100_bm_degree,triviality_frac_confident,bookcorpus,bookcorpus,1.0
rand,vmf_sparse_pca100_lloyd100_bm_degree,reliability_within,bookcorpus,bookcorpus,-0.00011141069737574685
rand,vmf_sparse_pca100_lloyd100_bm_degree,fidelity_within,bookcorpus,bookcorpus,0.002625407416790182
rand,vmf_sparse_pca100_lloyd100_bm_degree,fidelity_within_r,bookcorpus,bookcorpus,0.05125173730816729
rand,vmf_sparse_pca100_lloyd100_bm_degree,fidelity_within_insample,bookcorpus,bookcorpus,0.002595463043881918
rand,vmf_sparse_pca100_lloyd100_bm_degree,triviality_ami_layer,bookcorpus,bookcorpus,0.0008769768844866913
rand,vmf_sparse_pca100_lloyd100_bm_degree,triviality_ami_dimension,bookcorpus,bookcorpus,-0.00016304241662131445
rand,vmf_sparse_pca100_lloyd100_bm_degree,triviality_ami_hubness,bookcorpus,bookcorpus,-0.00010472230317553343
rand,vmf_sparse_pca100_lloyd100_bm_degree,triviality_n_effective_networks,bookcorpus,bookcorpus,100.0
rand,vmf_sparse_pca100_lloyd100_bm_degree,triviality_entropy_effective_networks,bookcorpus,bookcorpus,99.55460935311076
rand,vmf_sparse_pca100_lloyd100_bm_degree,triviality_median_max_membership,bookcorpus,bookcorpus,1.0
rand,vmf_sparse_pca100_lloyd100_bm_degree,triviality_frac_confident,bookcorpus,bookcorpus,1.0
pnull,vmf_pca100_lloyd100,reliability_within_coassoc,agnews,agnews,0.03641081212904286
pnull,vmf_pca100_lloyd100,reliability_within,agnews,agnews,0.013932994464978258
pnull,vmf_pca100_lloyd100,fidelity_within,agnews,agnews,0.044639688700304214
pnull,vmf_pca100_lloyd100,fidelity_within_r,agnews,agnews,0.21130256974046424
pnull,vmf_pca100_lloyd100,fidelity_within_insample,agnews,agnews,0.04535334360177801
pnull,vmf_pca100_lloyd100,triviality_ami_layer,agnews,agnews,0.04612611282338482
pnull,vmf_pca100_lloyd100,triviality_ami_dimension,agnews,agnews,-0.00015154573352327343
pnull,vmf_pca100_lloyd100,triviality_ami_hubness,agnews,agnews,0.04030358760455532
pnull,vmf_pca100_lloyd100,triviality_n_effective_networks,agnews,agnews,100.0
pnull,vmf_pca100_lloyd100,triviality_entropy_effective_networks,agnews,agnews,61.25540280127234
pnull,vmf_pca100_lloyd100,triviality_median_max_membership,agnews,agnews,0.4
pnull,vmf_pca100_lloyd100,triviality_frac_confident,agnews,agnews,0.25951522435897434
rand,vmf_pca100_lloyd100,reliability_within,agnews,agnews,7.067021386763438e-05
rand,vmf_pca100_lloyd100,fidelity_within,agnews,agnews,0.0017982485011547311
rand,vmf_pca100_lloyd100,fidelity_within_r,agnews,agnews,0.04246267691803157
rand,vmf_pca100_lloyd100,fidelity_within_insample,agnews,agnews,0.0018191052135543284
rand,vmf_pca100_lloyd100,triviality_ami_layer,agnews,agnews,0.000861474009142169
rand,vmf_pca100_lloyd100,triviality_ami_dimension,agnews,agnews,-0.000801271985116041
rand,vmf_pca100_lloyd100,triviality_ami_hubness,agnews,agnews,-0.00041906441171749416
rand,vmf_pca100_lloyd100,triviality_n_effective_networks,agnews,agnews,100.0
rand,vmf_pca100_lloyd100,triviality_entropy_effective_networks,agnews,agnews,99.51218705672812
rand,vmf_pca100_lloyd100,triviality_median_max_membership,agnews,agnews,1.0
rand,vmf_pca100_lloyd100,triviality_frac_confident,agnews,agnews,1.0
pnull,vmf_pca100_lloyd100_bm_degree,reliability_within_coassoc,agnews,agnews,0.03641081212904286
pnull,vmf_pca100_lloyd100_bm_degree,reliability_within,agnews,agnews,0.018427421737467017
pnull,vmf_pca100_lloyd100_bm_degree,fidelity_within,agnews,agnews,0.05371057568887194
pnull,vmf_pca100_lloyd100_bm_degree,fidelity_within_r,agnews,agnews,0.23177662983857664
pnull,vmf_pca100_lloyd100_bm_degree,fidelity_within_insample,agnews,agnews,0.05455406167225607
pnull,vmf_pca100_lloyd100_bm_degree,triviality_ami_layer,agnews,agnews,0.048898571942850626
pnull,vmf_pca100_lloyd100_bm_degree,triviality_ami_dimension,agnews,agnews,-0.0010765412161084429
pnull,vmf_pca100_lloyd100_bm_degree,triviality_ami_hubness,agnews,agnews,0.04173097330142752
pnull,vmf_pca100_lloyd100_bm_degree,triviality_n_effective_networks,agnews,agnews,100.0
pnull,vmf_pca100_lloyd100_bm_degree,triviality_entropy_effective_networks,agnews,agnews,62.14488172332746
pnull,vmf_pca100_lloyd100_bm_degree,triviality_median_max_membership,agnews,agnews,1.0
pnull,vmf_pca100_lloyd100_bm_degree,triviality_frac_confident,agnews,agnews,1.0
rand,vmf_pca100_lloyd100_bm_degree,reliability_within,agnews,agnews,-3.532025117203437e-05
rand,vmf_pca100_lloyd100_bm_degree,fidelity_within,agnews,agnews,0.002594522050348491
rand,vmf_pca100_lloyd100_bm_degree,fidelity_within_r,agnews,agnews,0.050984173389052305
rand,vmf_pca100_lloyd100_bm_degree,fidelity_within_insample,agnews,agnews,0.0026225932496193316
rand,vmf_pca100_lloyd100_bm_degree,triviality_ami_layer,agnews,agnews,0.0005113258254250957
rand,vmf_pca100_lloyd100_bm_degree,triviality_ami_dimension,agnews,agnews,0.00027469185217729095
rand,vmf_pca100_lloyd100_bm_degree,triviality_ami_hubness,agnews,agnews,-0.0003675629236428858
rand,vmf_pca100_lloyd100_bm_degree,triviality_n_effective_networks,agnews,agnews,100.0
rand,vmf_pca100_lloyd100_bm_degree,triviality_entropy_effective_networks,agnews,agnews,99.42441064820801
rand,vmf_pca100_lloyd100_bm_degree,triviality_median_max_membership,agnews,agnews,1.0
rand,vmf_pca100_lloyd100_bm_degree,triviality_frac_confident,agnews,agnews,1.0
pnull,vmf_pca100_lloyd100_bm_double,reliability_within_coassoc,agnews,agnews,0.03641081212904286
pnull,vmf_pca100_lloyd100_bm_double,reliability_within,agnews,agnews,0.02426860989280835
pnull,vmf_pca100_lloyd100_bm_double,fidelity_within,agnews,agnews,0.05540918552467511
pnull,vmf_pca100_lloyd100_bm_double,fidelity_within_r,agnews,agnews,0.23541254003212406
pnull,vmf_pca100_lloyd100_bm_double,fidelity_within_insample,agnews,agnews,0.05626738378120266
pnull,vmf_pca100_lloyd100_bm_double,triviality_ami_layer,agnews,agnews,0.051790249683925635
pnull,vmf_pca100_lloyd100_bm_double,triviality_ami_dimension,agnews,agnews,0.00015680721262419282
pnull,vmf_pca100_lloyd100_bm_double,triviality_ami_hubness,agnews,agnews,0.043510723465431764
pnull,vmf_pca100_lloyd100_bm_double,triviality_n_effective_networks,agnews,agnews,100.0
pnull,vmf_pca100_lloyd100_bm_double,triviality_entropy_effective_networks,agnews,agnews,62.19465714864943
pnull,vmf_pca100_lloyd100_bm_double,triviality_median_max_membership,agnews,agnews,1.0
pnull,vmf_pca100_lloyd100_bm_double,triviality_frac_confident,agnews,agnews,1.0
rand,vmf_pca100_lloyd100_bm_double,reliability_within,agnews,agnews,-9.695431874421618e-05
rand,vmf_pca100_lloyd100_bm_double,fidelity_within,agnews,agnews,0.0021485358601753823
rand,vmf_pca100_lloyd100_bm_double,fidelity_within_r,agnews,agnews,0.046404299263732754
rand,vmf_pca100_lloyd100_bm_double,fidelity_within_insample,agnews,agnews,0.002121027558794064
rand,vmf_pca100_lloyd100_bm_double,triviality_ami_layer,agnews,agnews,-0.0003098571889051949
rand,vmf_pca100_lloyd100_bm_double,triviality_ami_dimension,agnews,agnews,0.0006302783825196952
rand,vmf_pca100_lloyd100_bm_double,triviality_ami_hubness,agnews,agnews,0.0002605142517968185
rand,vmf_pca100_lloyd100_bm_double,triviality_n_effective_networks,agnews,agnews,100.0
rand,vmf_pca100_lloyd100_bm_double,triviality_entropy_effective_networks,agnews,agnews,99.34036922036235
rand,vmf_pca100_lloyd100_bm_double,triviality_median_max_membership,agnews,agnews,1.0
rand,vmf_pca100_lloyd100_bm_double,triviality_frac_confident,agnews,agnews,1.0
pnull,vmf_pca100_lloyd100_bm_raw,reliability_within_coassoc,agnews,agnews,0.03641081212904286
pnull,vmf_pca100_lloyd100_bm_raw,reliability_within,agnews,agnews,0.03134038781850613
pnull,vmf_pca100_lloyd100_bm_raw,fidelity_within,agnews,agnews,0.05824973004345968
pnull,vmf_pca100_lloyd100_bm_raw,fidelity_within_r,agnews,agnews,0.24137068099578138
pnull,vmf_pca100_lloyd100_bm_raw,fidelity_within_insample,agnews,agnews,0.05914474334736375
pnull,vmf_pca100_lloyd100_bm_raw,triviality_ami_layer,agnews,agnews,0.06375505042038065
pnull,vmf_pca100_lloyd100_bm_raw,triviality_ami_dimension,agnews,agnews,-0.0006465935261618391
pnull,vmf_pca100_lloyd100_bm_raw,triviality_ami_hubness,agnews,agnews,0.04536352858620477
pnull,vmf_pca100_lloyd100_bm_raw,triviality_n_effective_networks,agnews,agnews,100.0
pnull,vmf_pca100_lloyd100_bm_raw,triviality_entropy_effective_networks,agnews,agnews,57.98509133273179
pnull,vmf_pca100_lloyd100_bm_raw,triviality_median_max_membership,agnews,agnews,1.0
pnull,vmf_pca100_lloyd100_bm_raw,triviality_frac_confident,agnews,agnews,1.0
rand,vmf_pca100_lloyd100_bm_raw,reliability_within,agnews,agnews,-3.724853014927432e-05
rand,vmf_pca100_lloyd100_bm_raw,fidelity_within,agnews,agnews,0.002141234946135162
rand,vmf_pca100_lloyd100_bm_raw,fidelity_within_r,agnews,agnews,0.046325601789594606
rand,vmf_pca100_lloyd100_bm_raw,fidelity_within_insample,agnews,agnews,0.0021132202629131625
rand,vmf_pca100_lloyd100_bm_raw,triviality_ami_layer,agnews,agnews,0.00037414494385623934
rand,vmf_pca100_lloyd100_bm_raw,triviality_ami_dimension,agnews,agnews,-0.0001117151826353435
rand,vmf_pca100_lloyd100_bm_raw,triviality_ami_hubness,agnews,agnews,-0.0009931208235209146
rand,vmf_pca100_lloyd100_bm_raw,triviality_n_effective_networks,agnews,agnews,100.0
rand,vmf_pca100_lloyd100_bm_raw,triviality_entropy_effective_networks,agnews,agnews,99.4420876613937
rand,vmf_pca100_lloyd100_bm_raw,triviality_median_max_membership,agnews,agnews,1.0
rand,vmf_pca100_lloyd100_bm_raw,triviality_frac_confident,agnews,agnews,1.0
pnull,vmf_pca100_lloyd100_coassoc,reliability_within_coassoc,agnews,agnews,0.03641081212904286
pnull,vmf_pca100_lloyd100_coassoc,reliability_within,agnews,agnews,0.017836527191171927
pnull,vmf_pca100_lloyd100_coassoc,fidelity_within,agnews,agnews,0.042862441798883655
pnull,vmf_pca100_lloyd100_coassoc,fidelity_within_r,agnews,agnews,0.20705391807289
pnull,vmf_pca100_lloyd100_coassoc,fidelity_within_insample,agnews,agnews,0.043544603646973434
pnull,vmf_pca100_lloyd100_coassoc,triviality_ami_layer,agnews,agnews,0.04508876472846034
pnull,vmf_pca100_lloyd100_coassoc,triviality_ami_dimension,agnews,agnews,-0.0003271288350851182
pnull,vmf_pca100_lloyd100_coassoc,triviality_ami_hubness,agnews,agnews,0.041144995731102786
pnull,vmf_pca100_lloyd100_coassoc,triviality_n_effective_networks,agnews,agnews,100.0
pnull,vmf_pca100_lloyd100_coassoc,triviality_entropy_effective_networks,agnews,agnews,48.72114291886673
pnull,vmf_pca100_lloyd100_coassoc,triviality_median_max_membership,agnews,agnews,1.0
pnull,vmf_pca100_lloyd100_coassoc,triviality_frac_confident,agnews,agnews,1.0
rand,vmf_pca100_lloyd100_coassoc,reliability_within,agnews,agnews,0.0001311143711140826
rand,vmf_pca100_lloyd100_coassoc,fidelity_within,agnews,agnews,0.0019227082978287013
rand,vmf_pca100_lloyd100_coassoc,fidelity_within_r,agnews,agnews,0.04390328788573233
rand,vmf_pca100_lloyd100_coassoc,fidelity_within_insample,agnews,agnews,0.0019361222255720456
rand,vmf_pca100_lloyd100_coassoc,triviality_ami_layer,agnews,agnews,0.0006053345928354984
rand,vmf_pca100_lloyd100_coassoc,triviality_ami_dimension,agnews,agnews,-0.0006998835076851269
rand,vmf_pca100_lloyd100_coassoc,triviality_ami_hubness,agnews,agnews,-0.0012189813300794528
rand,vmf_pca100_lloyd100_coassoc,triviality_n_effective_networks,agnews,agnews,100.0
rand,vmf_pca100_lloyd100_coassoc,triviality_entropy_effective_networks,agnews,agnews,99.55974140121003
rand,vmf_pca100_lloyd100_coassoc,triviality_median_max_membership,agnews,agnews,1.0
rand,vmf_pca100_lloyd100_coassoc,triviality_frac_confident,agnews,agnews,1.0
pnull,vmf_pca100_lloyd100_coassoc_bm_degree,reliability_within_coassoc,agnews,agnews,0.03641081212904286
pnull,vmf_pca100_lloyd100_coassoc_bm_degree,reliability_within,agnews,agnews,0.022102836510705652
pnull,vmf_pca100_lloyd100_coassoc_bm_degree,fidelity_within,agnews,agnews,0.05480011696791098
pnull,vmf_pca100_lloyd100_coassoc_bm_degree,fidelity_within_r,agnews,agnews,0.23411615904546282
pnull,vmf_pca100_lloyd100_coassoc_bm_degree,fidelity_within_insample,agnews,agnews,0.05569412663037521
pnull,vmf_pca100_lloyd100_coassoc_bm_degree,triviality_ami_layer,agnews,agnews,0.05204786096798571
pnull,vmf_pca100_lloyd100_coassoc_bm_degree,triviality_ami_dimension,agnews,agnews,-0.0007146091356821599
pnull,vmf_pca100_lloyd100_coassoc_bm_degree,triviality_ami_hubness,agnews,agnews,0.04215061877781993
pnull,vmf_pca100_lloyd100_coassoc_bm_degree,triviality_n_effective_networks,agnews,agnews,100.0
pnull,vmf_pca100_lloyd100_coassoc_bm_degree,triviality_entropy_effective_networks,agnews,agnews,68.38791287589511
pnull,vmf_pca100_lloyd100_coassoc_bm_degree,triviality_median_max_membership,agnews,agnews,1.0
pnull,vmf_pca100_lloyd100_coassoc_bm_degree,triviality_frac_confident,agnews,agnews,1.0
rand,vmf_pca100_lloyd100_coassoc_bm_degree,reliability_within,agnews,agnews,-8.019769311804665e-05
rand,vmf_pca100_lloyd100_coassoc_bm_degree,fidelity_within,agnews,agnews,0.001463488144242464
rand,vmf_pca100_lloyd100_coassoc_bm_degree,fidelity_within_r,agnews,agnews,0.03831825850103438
rand,vmf_pca100_lloyd100_coassoc_bm_degree,fidelity_within_insample,agnews,agnews,0.001446428941005773
rand,vmf_pca100_lloyd100_coassoc_bm_degree,triviality_ami_layer,agnews,agnews,9.040758516909678e-05
rand,vmf_pca100_lloyd100_coassoc_bm_degree,triviality_ami_dimension,agnews,agnews,-3.774284727781907e-05
rand,vmf_pca100_lloyd100_coassoc_bm_degree,triviality_ami_hubness,agnews,agnews,-0.0008223385264288399
rand,vmf_pca100_lloyd100_coassoc_bm_degree,triviality_n_effective_networks,agnews,agnews,100.0
rand,vmf_pca100_lloyd100_coassoc_bm_degree,triviality_entropy_effective_networks,agnews,agnews,99.56512675079534
rand,vmf_pca100_lloyd100_coassoc_bm_degree,triviality_median_max_membership,agnews,agnews,1.0
rand,vmf_pca100_lloyd100_coassoc_bm_degree,triviality_frac_confident,agnews,agnews,1.0
pnull,vmf_pca100_lloyd100_n200,reliability_within_coassoc,agnews,agnews,0.03807411351138539
pnull,vmf_pca100_lloyd100_n200,reliability_within,agnews,agnews,0.012972430036853895
pnull,vmf_pca100_lloyd100_n200,fidelity_within,agnews,agnews,0.04322960911656071
pnull,vmf_pca100_lloyd100_n200,fidelity_within_r,agnews,agnews,0.20793858908733037
pnull,vmf_pca100_lloyd100_n200,fidelity_within_insample,agnews,agnews,0.043910210389016546
pnull,vmf_pca100_lloyd100_n200,triviality_ami_layer,agnews,agnews,0.047294494321104004
pnull,vmf_pca100_lloyd100_n200,triviality_ami_dimension,agnews,agnews,0.00013246097337079164
pnull,vmf_pca100_lloyd100_n200,triviality_ami_hubness,agnews,agnews,0.039763199870568706
pnull,vmf_pca100_lloyd100_n200,triviality_n_effective_networks,agnews,agnews,100.0
pnull,vmf_pca100_lloyd100_n200,triviality_entropy_effective_networks,agnews,agnews,62.2362413339156
pnull,vmf_pca100_lloyd100_n200,triviality_median_max_membership,agnews,agnews,0.385
pnull,vmf_pca100_lloyd100_n200,triviality_frac_confident,agnews,agnews,0.2591145833333333
rand,vmf_pca100_lloyd100_n200,reliability_within,agnews,agnews,5.2063999368532155e-05
rand,vmf_pca100_lloyd100_n200,fidelity_within,agnews,agnews,0.001697616755976572
rand,vmf_pca100_lloyd100_n200,fidelity_within_r,agnews,agnews,0.041260102329549644
rand,vmf_pca100_lloyd100_n200,fidelity_within_insample,agnews,agnews,0.0017082132222764335
rand,vmf_pca100_lloyd100_n200,triviality_ami_layer,agnews,agnews,0.0005731690435658873
rand,vmf_pca100_lloyd100_n200,triviality_ami_dimension,agnews,agnews,-0.0005921300091132096
rand,vmf_pca100_lloyd100_n200,triviality_ami_hubness,agnews,agnews,0.0008037642739424358
rand,vmf_pca100_lloyd100_n200,triviality_n_effective_networks,agnews,agnews,100.0
rand,vmf_pca100_lloyd100_n200,triviality_entropy_effective_networks,agnews,agnews,99.4441454415947
rand,vmf_pca100_lloyd100_n200,triviality_median_max_membership,agnews,agnews,1.0
rand,vmf_pca100_lloyd100_n200,triviality_frac_confident,agnews,agnews,1.0
pnull,vmf_pca100_lloyd100_n200_coassoc,reliability_within_coassoc,agnews,agnews,0.03807411351138539
pnull,vmf_pca100_lloyd100_n200_coassoc,reliability_within,agnews,agnews,0.018281949397761187
pnull,vmf_pca100_lloyd100_n200_coassoc,fidelity_within,agnews,agnews,0.04123682719774657
pnull,vmf_pca100_lloyd100_n200_coassoc,fidelity_within_r,agnews,agnews,0.2030934979298457
pnull,vmf_pca100_lloyd100_n200_coassoc,fidelity_within_insample,agnews,agnews,0.04202886229537495
pnull,vmf_pca100_lloyd100_n200_coassoc,triviality_ami_layer,agnews,agnews,0.04618062132000601
pnull,vmf_pca100_lloyd100_n200_coassoc,triviality_ami_dimension,agnews,agnews,0.00032914535103070335
pnull,vmf_pca100_lloyd100_n200_coassoc,triviality_ami_hubness,agnews,agnews,0.03965638773836513
pnull,vmf_pca100_lloyd100_n200_coassoc,triviality_n_effective_networks,agnews,agnews,100.0
pnull,vmf_pca100_lloyd100_n200_coassoc,triviality_entropy_effective_networks,agnews,agnews,47.15498280315202
pnull,vmf_pca100_lloyd100_n200_coassoc,triviality_median_max_membership,agnews,agnews,1.0
pnull,vmf_pca100_lloyd100_n200_coassoc,triviality_frac_confident,agnews,agnews,1.0
rand,vmf_pca100_lloyd100_n200_coassoc,reliability_within,agnews,agnews,3.397287372136116e-05
rand,vmf_pca100_lloyd100_n200_coassoc,fidelity_within,agnews,agnews,0.001996895870386761
rand,vmf_pca100_lloyd100_n200_coassoc,fidelity_within_r,agnews,agnews,0.044741151193224485
rand,vmf_pca100_lloyd100_n200_coassoc,fidelity_within_insample,agnews,agnews,0.0020246982674565484
rand,vmf_pca100_lloyd100_n200_coassoc,triviality_ami_layer,agnews,agnews,-0.000408957031854324
rand,vmf_pca100_lloyd100_n200_coassoc,triviality_ami_dimension,agnews,agnews,-0.000589387628685464
rand,vmf_pca100_lloyd100_n200_coassoc,triviality_ami_hubness,agnews,agnews,-0.0005166874502106386
rand,vmf_pca100_lloyd100_n200_coassoc,triviality_n_effective_networks,agnews,agnews,100.0
rand,vmf_pca100_lloyd100_n200_coassoc,triviality_entropy_effective_networks,agnews,agnews,99.54818922529837
rand,vmf_pca100_lloyd100_n200_coassoc,triviality_median_max_membership,agnews,agnews,1.0
rand,vmf_pca100_lloyd100_n200_coassoc,triviality_frac_confident,agnews,agnews,1.0
pnull,vmf_pca100_lloyd200,reliability_within_coassoc,agnews,agnews,0.02752628914192834
pnull,vmf_pca100_lloyd200,reliability_within,agnews,agnews,0.0074317001738473925
pnull,vmf_pca100_lloyd200,fidelity_within,agnews,agnews,0.04800256412876702
pnull,vmf_pca100_lloyd200,fidelity_within_r,agnews,agnews,0.2191156798814831
pnull,vmf_pca100_lloyd200,fidelity_within_insample,agnews,agnews,0.04873854691831403
pnull,vmf_pca100_lloyd200,triviality_ami_layer,agnews,agnews,0.04269108436467346
pnull,vmf_pca100_lloyd200,triviality_ami_dimension,agnews,agnews,-0.0004427053960334207
pnull,vmf_pca100_lloyd200,triviality_ami_hubness,agnews,agnews,0.0344990976723512
pnull,vmf_pca100_lloyd200,triviality_n_effective_networks,agnews,agnews,200.0
pnull,vmf_pca100_lloyd200,triviality_entropy_effective_networks,agnews,agnews,118.2389373700245
pnull,vmf_pca100_lloyd200,triviality_median_max_membership,agnews,agnews,0.325
pnull,vmf_pca100_lloyd200,triviality_frac_confident,agnews,agnews,0.14743589743589744
rand,vmf_pca100_lloyd200,reliability_within,agnews,agnews,0.00018425069430222992
rand,vmf_pca100_lloyd200,fidelity_within,agnews,agnews,0.004463280844634099
rand,vmf_pca100_lloyd200,fidelity_within_r,agnews,agnews,0.06684356696356682
rand,vmf_pca100_lloyd200,fidelity_within_insample,agnews,agnews,0.004471730227855075
rand,vmf_pca100_lloyd200,triviality_ami_layer,agnews,agnews,0.0013743920222370999
rand,vmf_pca100_lloyd200,triviality_ami_dimension,agnews,agnews,-0.000102008096132313
rand,vmf_pca100_lloyd200,triviality_ami_hubness,agnews,agnews,0.000785473009963279
rand,vmf_pca100_lloyd200,triviality_n_effective_networks,agnews,agnews,200.0
rand,vmf_pca100_lloyd200,triviality_entropy_effective_networks,agnews,agnews,197.9761317249852
rand,vmf_pca100_lloyd200,triviality_median_max_membership,agnews,agnews,1.0
rand,vmf_pca100_lloyd200,triviality_frac_confident,agnews,agnews,1.0
pnull,vmf_pca100_lloyd200_bm_degree,reliability_within_coassoc,agnews,agnews,0.02752628914192834
pnull,vmf_pca100_lloyd200_bm_degree,reliability_within,agnews,agnews,0.010841646828108897
pnull,vmf_pca100_lloyd200_bm_degree,fidelity_within,agnews,agnews,0.056387228019597724
pnull,vmf_pca100_lloyd200_bm_degree,fidelity_within_r,agnews,agnews,0.23747969755784099
pnull,vmf_pca100_lloyd200_bm_degree,fidelity_within_insample,agnews,agnews,0.057196328878717506
pnull,vmf_pca100_lloyd200_bm_degree,triviality_ami_layer,agnews,agnews,0.046719552059066624
pnull,vmf_pca100_lloyd200_bm_degree,triviality_ami_dimension,agnews,agnews,-0.000662979566152915
pnull,vmf_pca100_lloyd200_bm_degree,triviality_ami_hubness,agnews,agnews,0.03740283524646589
pnull,vmf_pca100_lloyd200_bm_degree,triviality_n_effective_networks,agnews,agnews,200.0
pnull,vmf_pca100_lloyd200_bm_degree,triviality_entropy_effective_networks,agnews,agnews,121.96842711217082
pnull,vmf_pca100_lloyd200_bm_degree,triviality_median_max_membership,agnews,agnews,1.0
pnull,vmf_pca100_lloyd200_bm_degree,triviality_frac_confident,agnews,agnews,1.0
rand,vmf_pca100_lloyd200_bm_degree,reliability_within,agnews,agnews,-4.7148934285827e-05
rand,vmf_pca100_lloyd200_bm_degree,fidelity_within,agnews,agnews,0.004168169602436933
rand,vmf_pca100_lloyd200_bm_degree,fidelity_within_r,agnews,agnews,0.0646006875141185
rand,vmf_pca100_lloyd200_bm_degree,fidelity_within_insample,agnews,agnews,0.004083994917389755
rand,vmf_pca100_lloyd200_bm_degree,triviality_ami_layer,agnews,agnews,0.0008671319514949405
rand,vmf_pca100_lloyd200_bm_degree,triviality_ami_dimension,agnews,agnews,-0.0004604374020957085
rand,vmf_pca100_lloyd200_bm_degree,triviality_ami_hubness,agnews,agnews,0.00028083903536574984
rand,vmf_pca100_lloyd200_bm_degree,triviality_n_effective_networks,agnews,agnews,200.0
rand,vmf_pca100_lloyd200_bm_degree,triviality_entropy_effective_networks,agnews,agnews,198.35036174211464
rand,vmf_pca100_lloyd200_bm_degree,triviality_median_max_membership,agnews,agnews,1.0
rand,vmf_pca100_lloyd200_bm_degree,triviality_frac_confident,agnews,agnews,1.0
pnull,vmf_pca100_lloyd50,reliability_within_coassoc,agnews,agnews,0.05080729536075221
pnull,vmf_pca100_lloyd50,reliability_within,agnews,agnews,0.022972603745208115
pnull,vmf_pca100_lloyd50,fidelity_within,agnews,agnews,0.04102795281647453
pnull,vmf_pca100_lloyd50,fidelity_within_r,agnews,agnews,0.2025775504353126
pnull,vmf_pca100_lloyd50,fidelity_within_insample,agnews,agnews,0.041779348978791764
pnull,vmf_pca100_lloyd50,triviality_ami_layer,agnews,agnews,0.05125548603296842
pnull,vmf_pca100_lloyd50,triviality_ami_dimension,agnews,agnews,0.0003225593107005078
pnull,vmf_pca100_lloyd50,triviality_ami_hubness,agnews,agnews,0.04255048754672851
pnull,vmf_pca100_lloyd50,triviality_n_effective_networks,agnews,agnews,50.0
pnull,vmf_pca100_lloyd50,triviality_entropy_effective_networks,agnews,agnews,32.17433226797731
pnull,vmf_pca100_lloyd50,triviality_median_max_membership,agnews,agnews,0.525
pnull,vmf_pca100_lloyd50,triviality_frac_confident,agnews,agnews,0.5267427884615384
rand,vmf_pca100_lloyd50,reliability_within,agnews,agnews,-2.782776114793633e-05
rand,vmf_pca100_lloyd50,fidelity_within,agnews,agnews,0.0008145272569858308
rand,vmf_pca100_lloyd50,fidelity_within_r,agnews,agnews,0.028624074670301376
rand,vmf_pca100_lloyd50,fidelity_within_insample,agnews,agnews,0.0008028881535754318
rand,vmf_pca100_lloyd50,triviality_ami_layer,agnews,agnews,0.0001449379648849607
rand,vmf_pca100_lloyd50,triviality_ami_dimension,agnews,agnews,0.0004046373531736491
rand,vmf_pca100_lloyd50,triviality_ami_hubness,agnews,agnews,6.204246150732469e-05
rand,vmf_pca100_lloyd50,triviality_n_effective_networks,agnews,agnews,50.0
rand,vmf_pca100_lloyd50,triviality_entropy_effective_networks,agnews,agnews,49.873696878289046
rand,vmf_pca100_lloyd50,triviality_median_max_membership,agnews,agnews,1.0
rand,vmf_pca100_lloyd50,triviality_frac_confident,agnews,agnews,1.0
pnull,vmf_pca100_lloyd50_bm_degree,reliability_within_coassoc,agnews,agnews,0.05080729536075221
pnull,vmf_pca100_lloyd50_bm_degree,reliability_within,agnews,agnews,0.029301180069548426
pnull,vmf_pca100_lloyd50_bm_degree,fidelity_within,agnews,agnews,0.05393411225219813
pnull,vmf_pca100_lloyd50_bm_degree,fidelity_within_r,agnews,agnews,0.2322588039170768
pnull,vmf_pca100_lloyd50_bm_degree,fidelity_within_insample,agnews,agnews,0.054800576292839076
pnull,vmf_pca100_lloyd50_bm_degree,triviality_ami_layer,agnews,agnews,0.06001164983060111
pnull,vmf_pca100_lloyd50_bm_degree,triviality_ami_dimension,agnews,agnews,-0.0012550364144319863
pnull,vmf_pca100_lloyd50_bm_degree,triviality_ami_hubness,agnews,agnews,0.0472602872750973
pnull,vmf_pca100_lloyd50_bm_degree,triviality_n_effective_networks,agnews,agnews,50.0
pnull,vmf_pca100_lloyd50_bm_degree,triviality_entropy_effective_networks,agnews,agnews,33.793165490109445
pnull,vmf_pca100_lloyd50_bm_degree,triviality_median_max_membership,agnews,agnews,1.0
pnull,vmf_pca100_lloyd50_bm_degree,triviality_frac_confident,agnews,agnews,1.0
rand,vmf_pca100_lloyd50_bm_degree,reliability_within,agnews,agnews,8.455294078576419e-05
rand,vmf_pca100_lloyd50_bm_degree,fidelity_within,agnews,agnews,0.0009153725411209512
rand,vmf_pca100_lloyd50_bm_degree,fidelity_within_r,agnews,agnews,0.030333638355484333
rand,vmf_pca100_lloyd50_bm_degree,fidelity_within_insample,agnews,agnews,0.0009146945638751625
rand,vmf_pca100_lloyd50_bm_degree,triviality_ami_layer,agnews,agnews,-0.0003385121387726523
rand,vmf_pca100_lloyd50_bm_degree,triviality_ami_dimension,agnews,agnews,-5.1863003183275374e-05
rand,vmf_pca100_lloyd50_bm_degree,triviality_ami_hubness,agnews,agnews,0.0008714196724999908
rand,vmf_pca100_lloyd50_bm_degree,triviality_n_effective_networks,agnews,agnews,50.0
rand,vmf_pca100_lloyd50_bm_degree,triviality_entropy_effective_networks,agnews,agnews,49.89678688738276
rand,vmf_pca100_lloyd50_bm_degree,triviality_median_max_membership,agnews,agnews,1.0
rand,vmf_pca100_lloyd50_bm_degree,triviality_frac_confident,agnews,agnews,1.0
pnull,vmf_sparse_pca100_lloyd100,reliability_within_coassoc,agnews,agnews,0.03610511940725268
pnull,vmf_sparse_pca100_lloyd100,reliability_within,agnews,agnews,0.01740673015495669
pnull,vmf_sparse_pca100_lloyd100,fidelity_within,agnews,agnews,0.03935303861767403
pnull,vmf_sparse_pca100_lloyd100,fidelity_within_r,agnews,agnews,0.19839973709482606
pnull,vmf_sparse_pca100_lloyd100,fidelity_within_insample,agnews,agnews,0.04006541116360596
pnull,vmf_sparse_pca100_lloyd100,triviality_ami_layer,agnews,agnews,0.04160305869057832
pnull,vmf_sparse_pca100_lloyd100,triviality_ami_dimension,agnews,agnews,-0.002018567691923574
pnull,vmf_sparse_pca100_lloyd100,triviality_ami_hubness,agnews,agnews,0.038299114316103486
pnull,vmf_sparse_pca100_lloyd100,triviality_n_effective_networks,agnews,agnews,100.0
pnull,vmf_sparse_pca100_lloyd100,triviality_entropy_effective_networks,agnews,agnews,51.542123180946135
pnull,vmf_sparse_pca100_lloyd100,triviality_median_max_membership,agnews,agnews,0.475
pnull,vmf_sparse_pca100_lloyd100,triviality_frac_confident,agnews,agnews,0.4437099358974359
rand,vmf_sparse_pca100_lloyd100,reliability_within,agnews,agnews,2.331195456201382e-05
rand,vmf_sparse_pca100_lloyd100,fidelity_within,agnews,agnews,0.0021780132669448893
rand,vmf_sparse_pca100_lloyd100,fidelity_within_r,agnews,agnews,0.046720213086321065
rand,vmf_sparse_pca100_lloyd100,fidelity_within_insample,agnews,agnews,0.002182959129928941
rand,vmf_sparse_pca100_lloyd100,triviality_ami_layer,agnews,agnews,0.0006443186458623351
rand,vmf_sparse_pca100_lloyd100,triviality_ami_dimension,agnews,agnews,-0.0002726379348129163
rand,vmf_sparse_pca100_lloyd100,triviality_ami_hubness,agnews,agnews,4.0620826376290884e-05
rand,vmf_sparse_pca100_lloyd100,triviality_n_effective_networks,agnews,agnews,100.0
rand,vmf_sparse_pca100_lloyd100,triviality_entropy_effective_networks,agnews,agnews,99.52680645175272
rand,vmf_sparse_pca100_lloyd100,triviality_median_max_membership,agnews,agnews,1.0
rand,vmf_sparse_pca100_lloyd100,triviality_frac_confident,agnews,agnews,1.0
pnull,vmf_sparse_pca100_lloyd100_bm_degree,reliability_within_coassoc,agnews,agnews,0.03610511940725268
pnull,vmf_sparse_pca100_lloyd100_bm_degree,reliability_within,agnews,agnews,0.02246881134101729
pnull,vmf_sparse_pca100_lloyd100_bm_degree,fidelity_within,agnews,agnews,0.05444572681152826
pnull,vmf_sparse_pca100_lloyd100_bm_degree,fidelity_within_r,agnews,agnews,0.233357798273909
pnull,vmf_sparse_pca100_lloyd100_bm_degree,fidelity_within_insample,agnews,agnews,0.055325009003950876
pnull,vmf_sparse_pca100_lloyd100_bm_degree,triviality_ami_layer,agnews,agnews,0.052247786410594764
pnull,vmf_sparse_pca100_lloyd100_bm_degree,triviality_ami_dimension,agnews,agnews,-0.00025413181738026736
pnull,vmf_sparse_pca100_lloyd100_bm_degree,triviality_ami_hubness,agnews,agnews,0.04242139620819619
pnull,vmf_sparse_pca100_lloyd100_bm_degree,triviality_n_effective_networks,agnews,agnews,100.0
pnull,vmf_sparse_pca100_lloyd100_bm_degree,triviality_entropy_effective_networks,agnews,agnews,59.47655465411277
pnull,vmf_sparse_pca100_lloyd100_bm_degree,triviality_median_max_membership,agnews,agnews,1.0
pnull,vmf_sparse_pca100_lloyd100_bm_degree,triviality_frac_confident,agnews,agnews,1.0
rand,vmf_sparse_pca100_lloyd100_bm_degree,reliability_within,agnews,agnews,9.820846701665266e-07
rand,vmf_sparse_pca100_lloyd100_bm_degree,fidelity_within,agnews,agnews,0.001330074514141355
rand,vmf_sparse_pca100_lloyd100_bm_degree,fidelity_within_r,agnews,agnews,0.03653537751595061
rand,vmf_sparse_pca100_lloyd100_bm_degree,fidelity_within_insample,agnews,agnews,0.0013255150482628375
rand,vmf_sparse_pca100_lloyd100_bm_degree,triviality_ami_layer,agnews,agnews,-0.00079072816068341
rand,vmf_sparse_pca100_lloyd100_bm_degree,triviality_ami_dimension,agnews,agnews,-0.0005110083086899793
rand,vmf_sparse_pca100_lloyd100_bm_degree,triviality_ami_hubness,agnews,agnews,-0.001083771002925754
rand,vmf_sparse_pca100_lloyd100_bm_degree,triviality_n_effective_networks,agnews,agnews,100.0
rand,vmf_sparse_pca100_lloyd100_bm_degree,triviality_entropy_effective_networks,agnews,agnews,99.42753975418447
rand,vmf_sparse_pca100_lloyd100_bm_degree,triviality_median_max_membership,agnews,agnews,1.0
rand,vmf_sparse_pca100_lloyd100_bm_degree,triviality_frac_confident,agnews,agnews,1.0
pnull,vmf_pca100_lloyd100,reliability_within_coassoc,tldr17,tldr17,0.0330811241532826
pnull,vmf_pca100_lloyd100,reliability_within,tldr17,tldr17,0.012293217202483957
pnull,vmf_pca100_lloyd100,fidelity_within,tldr17,tldr17,0.03838854838134487
pnull,vmf_pca100_lloyd100,fidelity_within_r,tldr17,tldr17,0.19596230865139244
pnull,vmf_pca100_lloyd100,fidelity_within_insample,tldr17,tldr17,0.039667310019207314
pnull,vmf_pca100_lloyd100,triviality_ami_layer,tldr17,tldr17,0.0560834973748485
pnull,vmf_pca100_lloyd100,triviality_ami_dimension,tldr17,tldr17,-0.0005091775221107697
pnull,vmf_pca100_lloyd100,triviality_ami_hubness,tldr17,tldr17,0.03444374596928298
pnull,vmf_pca100_lloyd100,triviality_n_effective_networks,tldr17,tldr17,100.0
pnull,vmf_pca100_lloyd100,triviality_entropy_effective_networks,tldr17,tldr17,66.14536538762276
pnull,vmf_pca100_lloyd100,triviality_median_max_membership,tldr17,tldr17,0.4
pnull,vmf_pca100_lloyd100,triviality_frac_confident,tldr17,tldr17,0.254306891025641
rand,vmf_pca100_lloyd100,reliability_within,tldr17,tldr17,8.477387442690966e-05
rand,vmf_pca100_lloyd100,fidelity_within,tldr17,tldr17,0.0016445731929392027
rand,vmf_pca100_lloyd100,fidelity_within_r,tldr17,tldr17,0.04058438391129987
rand,vmf_pca100_lloyd100,fidelity_within_insample,tldr17,tldr17,0.0016609108655505356
rand,vmf_pca100_lloyd100,triviality_ami_layer,tldr17,tldr17,-0.0006992641627641137
rand,vmf_pca100_lloyd100,triviality_ami_dimension,tldr17,tldr17,0.0006131523555756306
rand,vmf_pca100_lloyd100,triviality_ami_hubness,tldr17,tldr17,-0.0009915109879390545
rand,vmf_pca100_lloyd100,triviality_n_effective_networks,tldr17,tldr17,100.0
rand,vmf_pca100_lloyd100,triviality_entropy_effective_networks,tldr17,tldr17,99.60780657916428
rand,vmf_pca100_lloyd100,triviality_median_max_membership,tldr17,tldr17,1.0
rand,vmf_pca100_lloyd100,triviality_frac_confident,tldr17,tldr17,1.0
pnull,vmf_pca100_lloyd100_bm_degree,reliability_within_coassoc,tldr17,tldr17,0.0330811241532826
pnull,vmf_pca100_lloyd100_bm_degree,reliability_within,tldr17,tldr17,0.014008142014984355
pnull,vmf_pca100_lloyd100_bm_degree,fidelity_within,tldr17,tldr17,0.04927806086897957
pnull,vmf_pca100_lloyd100_bm_degree,fidelity_within_r,tldr17,tldr17,0.22201411030678997
pnull,vmf_pca100_lloyd100_bm_degree,fidelity_within_insample,tldr17,tldr17,0.05069021613646596
pnull,vmf_pca100_lloyd100_bm_degree,triviality_ami_layer,tldr17,tldr17,0.0585956663910694
pnull,vmf_pca100_lloyd100_bm_degree,triviality_ami_dimension,tldr17,tldr17,0.00015896432198418944
pnull,vmf_pca100_lloyd100_bm_degree,triviality_ami_hubness,tldr17,tldr17,0.038612354243255584
pnull,vmf_pca100_lloyd100_bm_degree,triviality_n_effective_networks,tldr17,tldr17,100.0
pnull,vmf_pca100_lloyd100_bm_degree,triviality_entropy_effective_networks,tldr17,tldr17,62.2783868390283
pnull,vmf_pca100_lloyd100_bm_degree,triviality_median_max_membership,tldr17,tldr17,1.0
pnull,vmf_pca100_lloyd100_bm_degree,triviality_frac_confident,tldr17,tldr17,1.0
rand,vmf_pca100_lloyd100_bm_degree,reliability_within,tldr17,tldr17,5.07749300438769e-05
rand,vmf_pca100_lloyd100_bm_degree,fidelity_within,tldr17,tldr17,0.0016815959344503861
rand,vmf_pca100_lloyd100_bm_degree,fidelity_within_r,tldr17,tldr17,0.041052276078522146
rand,vmf_pca100_lloyd100_bm_degree,fidelity_within_insample,tldr17,tldr17,0.001776746510109506
rand,vmf_pca100_lloyd100_bm_degree,triviality_ami_layer,tldr17,tldr17,-0.0006774253685440688
rand,vmf_pca100_lloyd100_bm_degree,triviality_ami_dimension,tldr17,tldr17,-0.00014278948338351203
rand,vmf_pca100_lloyd100_bm_degree,triviality_ami_hubness,tldr17,tldr17,-0.00015104269591200694
rand,vmf_pca100_lloyd100_bm_degree,triviality_n_effective_networks,tldr17,tldr17,100.0
rand,vmf_pca100_lloyd100_bm_degree,triviality_entropy_effective_networks,tldr17,tldr17,99.56876330104473
rand,vmf_pca100_lloyd100_bm_degree,triviality_median_max_membership,tldr17,tldr17,1.0
rand,vmf_pca100_lloyd100_bm_degree,triviality_frac_confident,tldr17,tldr17,1.0
pnull,vmf_pca100_lloyd100_bm_double,reliability_within_coassoc,tldr17,tldr17,0.0330811241532826
pnull,vmf_pca100_lloyd100_bm_double,reliability_within,tldr17,tldr17,0.020694466184846376
pnull,vmf_pca100_lloyd100_bm_double,fidelity_within,tldr17,tldr17,0.0491291636964124
pnull,vmf_pca100_lloyd100_bm_double,fidelity_within_r,tldr17,tldr17,0.2216793439381198
pnull,vmf_pca100_lloyd100_bm_double,fidelity_within_insample,tldr17,tldr17,0.050565563146678705
pnull,vmf_pca100_lloyd100_bm_double,triviality_ami_layer,tldr17,tldr17,0.05906975709376672
pnull,vmf_pca100_lloyd100_bm_double,triviality_ami_dimension,tldr17,tldr17,6.251322790341072e-05
pnull,vmf_pca100_lloyd100_bm_double,triviality_ami_hubness,tldr17,tldr17,0.03806028992379874
pnull,vmf_pca100_lloyd100_bm_double,triviality_n_effective_networks,tldr17,tldr17,100.0
pnull,vmf_pca100_lloyd100_bm_double,triviality_entropy_effective_networks,tldr17,tldr17,63.45634773960647
pnull,vmf_pca100_lloyd100_bm_double,triviality_median_max_membership,tldr17,tldr17,1.0
pnull,vmf_pca100_lloyd100_bm_double,triviality_frac_confident,tldr17,tldr17,1.0
rand,vmf_pca100_lloyd100_bm_double,reliability_within,tldr17,tldr17,3.831681075659129e-05
rand,vmf_pca100_lloyd100_bm_double,fidelity_within,tldr17,tldr17,0.0026814987119346823
rand,vmf_pca100_lloyd100_bm_double,fidelity_within_r,tldr17,tldr17,0.05180865026126226
rand,vmf_pca100_lloyd100_bm_double,fidelity_within_insample,tldr17,tldr17,0.002644954880712258
rand,vmf_pca100_lloyd100_bm_double,triviality_ami_layer,tldr17,tldr17,-0.0008599165902745361
rand,vmf_pca100_lloyd100_bm_double,triviality_ami_dimension,tldr17,tldr17,-0.000630339229856545
rand,vmf_pca100_lloyd100_bm_double,triviality_ami_hubness,tldr17,tldr17,-0.0003260411203137195
rand,vmf_pca100_lloyd100_bm_double,triviality_n_effective_networks,tldr17,tldr17,100.0
rand,vmf_pca100_lloyd100_bm_double,triviality_entropy_effective_networks,tldr17,tldr17,99.71718046571189
rand,vmf_pca100_lloyd100_bm_double,triviality_median_max_membership,tldr17,tldr17,1.0
rand,vmf_pca100_lloyd100_bm_double,triviality_frac_confident,tldr17,tldr17,1.0
pnull,vmf_pca100_lloyd100_bm_raw,reliability_within_coassoc,tldr17,tldr17,0.0330811241532826
pnull,vmf_pca100_lloyd100_bm_raw,reliability_within,tldr17,tldr17,0.021573113483552887
pnull,vmf_pca100_lloyd100_bm_raw,fidelity_within,tldr17,tldr17,0.04877904548932843
pnull,vmf_pca100_lloyd100_bm_raw,fidelity_within_r,tldr17,tldr17,0.22088733785052742
pnull,vmf_pca100_lloyd100_bm_raw,fidelity_within_insample,tldr17,tldr17,0.05018165012534881
pnull,vmf_pca100_lloyd100_bm_raw,triviality_ami_layer,tldr17,tldr17,0.06617995285193892
pnull,vmf_pca100_lloyd100_bm_raw,triviality_ami_dimension,tldr17,tldr17,-0.00021506991725274378
pnull,vmf_pca100_lloyd100_bm_raw,triviality_ami_hubness,tldr17,tldr17,0.03741962122582839
pnull,vmf_pca100_lloyd100_bm_raw,triviality_n_effective_networks,tldr17,tldr17,100.0
pnull,vmf_pca100_lloyd100_bm_raw,triviality_entropy_effective_networks,tldr17,tldr17,62.182055788649755
pnull,vmf_pca100_lloyd100_bm_raw,triviality_median_max_membership,tldr17,tldr17,1.0
pnull,vmf_pca100_lloyd100_bm_raw,triviality_frac_confident,tldr17,tldr17,1.0
rand,vmf_pca100_lloyd100_bm_raw,reliability_within,tldr17,tldr17,-1.586137006023399e-05
rand,vmf_pca100_lloyd100_bm_raw,fidelity_within,tldr17,tldr17,0.0026406970151537923
rand,vmf_pca100_lloyd100_bm_raw,fidelity_within_r,tldr17,tldr17,0.05141197147642635
rand,vmf_pca100_lloyd100_bm_raw,fidelity_within_insample,tldr17,tldr17,0.0026489384767910407
rand,vmf_pca100_lloyd100_bm_raw,triviality_ami_layer,tldr17,tldr17,-0.0008075865299102765
rand,vmf_pca100_lloyd100_bm_raw,triviality_ami_dimension,tldr17,tldr17,0.0003111735418849736
rand,vmf_pca100_lloyd100_bm_raw,triviality_ami_hubness,tldr17,tldr17,0.0009237840538016158
rand,vmf_pca100_lloyd100_bm_raw,triviality_n_effective_networks,tldr17,tldr17,100.0
rand,vmf_pca100_lloyd100_bm_raw,triviality_entropy_effective_networks,tldr17,tldr17,99.55951811627328
rand,vmf_pca100_lloyd100_bm_raw,triviality_median_max_membership,tldr17,tldr17,1.0
rand,vmf_pca100_lloyd100_bm_raw,triviality_frac_confident,tldr17,tldr17,1.0
pnull,vmf_pca100_lloyd100_coassoc,reliability_within_coassoc,tldr17,tldr17,0.0330811241532826
pnull,vmf_pca100_lloyd100_coassoc,reliability_within,tldr17,tldr17,0.015908315644357872
pnull,vmf_pca100_lloyd100_coassoc,fidelity_within,tldr17,tldr17,0.03656554369562781
pnull,vmf_pca100_lloyd100_coassoc,fidelity_within_r,tldr17,tldr17,0.19125366612642988
pnull,vmf_pca100_lloyd100_coassoc,fidelity_within_insample,tldr17,tldr17,0.03779800578879966
pnull,vmf_pca100_lloyd100_coassoc,triviality_ami_layer,tldr17,tldr17,0.05517093554631738
pnull,vmf_pca100_lloyd100_coassoc,triviality_ami_dimension,tldr17,tldr17,0.0005595728253172005
pnull,vmf_pca100_lloyd100_coassoc,triviality_ami_hubness,tldr17,tldr17,0.03374255856061501
pnull,vmf_pca100_lloyd100_coassoc,triviality_n_effective_networks,tldr17,tldr17,100.0
pnull,vmf_pca100_lloyd100_coassoc,triviality_entropy_effective_networks,tldr17,tldr17,51.064070196885005
pnull,vmf_pca100_lloyd100_coassoc,triviality_median_max_membership,tldr17,tldr17,1.0
pnull,vmf_pca100_lloyd100_coassoc,triviality_frac_confident,tldr17,tldr17,1.0
rand,vmf_pca100_lloyd100_coassoc,reliability_within,tldr17,tldr17,1.700037844482104e-05
rand,vmf_pca100_lloyd100_coassoc,fidelity_within,tldr17,tldr17,0.0026119638052527483
rand,vmf_pca100_lloyd100_coassoc,fidelity_within_r,tldr17,tldr17,0.05113240965648532
rand,vmf_pca100_lloyd100_coassoc,fidelity_within_insample,tldr17,tldr17,0.0025881546376635978
rand,vmf_pca100_lloyd100_coassoc,triviality_ami_layer,tldr17,tldr17,0.0006747459784088659
rand,vmf_pca100_lloyd100_coassoc,triviality_ami_dimension,tldr17,tldr17,-0.0007401726812212718
rand,vmf_pca100_lloyd100_coassoc,triviality_ami_hubness,tldr17,tldr17,0.00047176487231030765
rand,vmf_pca100_lloyd100_coassoc,triviality_n_effective_networks,tldr17,tldr17,100.0
rand,vmf_pca100_lloyd100_coassoc,triviality_entropy_effective_networks,tldr17,tldr17,99.40117696245849
rand,vmf_pca100_lloyd100_coassoc,triviality_median_max_membership,tldr17,tldr17,1.0
rand,vmf_pca100_lloyd100_coassoc,triviality_frac_confident,tldr17,tldr17,1.0
pnull,vmf_pca100_lloyd100_coassoc_bm_degree,reliability_within_coassoc,tldr17,tldr17,0.0330811241532826
pnull,vmf_pca100_lloyd100_coassoc_bm_degree,reliability_within,tldr17,tldr17,0.019011933194705906
pnull,vmf_pca100_lloyd100_coassoc_bm_degree,fidelity_within,tldr17,tldr17,0.04868682296197335
pnull,vmf_pca100_lloyd100_coassoc_bm_degree,fidelity_within_r,tldr17,tldr17,0.22067637169751175
pnull,vmf_pca100_lloyd100_coassoc_bm_degree,fidelity_within_insample,tldr17,tldr17,0.050018414888902796
pnull,vmf_pca100_lloyd100_coassoc_bm_degree,triviality_ami_layer,tldr17,tldr17,0.05791331992465513
pnull,vmf_pca100_lloyd100_coassoc_bm_degree,triviality_ami_dimension,tldr17,tldr17,0.0002957918837117505
pnull,vmf_pca100_lloyd100_coassoc_bm_degree,triviality_ami_hubness,tldr17,tldr17,0.038546439751327245
pnull,vmf_pca100_lloyd100_coassoc_bm_degree,triviality_n_effective_networks,tldr17,tldr17,100.0
pnull,vmf_pca100_lloyd100_coassoc_bm_degree,triviality_entropy_effective_networks,tldr17,tldr17,64.62317108109481
pnull,vmf_pca100_lloyd100_coassoc_bm_degree,triviality_median_max_membership,tldr17,tldr17,1.0
pnull,vmf_pca100_lloyd100_coassoc_bm_degree,triviality_frac_confident,tldr17,tldr17,1.0
rand,vmf_pca100_lloyd100_coassoc_bm_degree,reliability_within,tldr17,tldr17,-6.0525164479988556e-05
rand,vmf_pca100_lloyd100_coassoc_bm_degree,fidelity_within,tldr17,tldr17,0.002181673178067167
rand,vmf_pca100_lloyd100_coassoc_bm_degree,fidelity_within_r,tldr17,tldr17,0.046735559541269685
rand,vmf_pca100_lloyd100_coassoc_bm_degree,fidelity_within_insample,tldr17,tldr17,0.002163985903936849
rand,vmf_pca100_lloyd100_coassoc_bm_degree,triviality_ami_layer,tldr17,tldr17,-0.0011149465001828133
rand,vmf_pca100_lloyd100_coassoc_bm_degree,triviality_ami_dimension,tldr17,tldr17,0.00027995713901854456
rand,vmf_pca100_lloyd100_coassoc_bm_degree,triviality_ami_hubness,tldr17,tldr17,0.0004586318342021546
rand,vmf_pca100_lloyd100_coassoc_bm_degree,triviality_n_effective_networks,tldr17,tldr17,100.0
rand,vmf_pca100_lloyd100_coassoc_bm_degree,triviality_entropy_effective_networks,tldr17,tldr17,99.59385280580403
rand,vmf_pca100_lloyd100_coassoc_bm_degree,triviality_median_max_membership,tldr17,tldr17,1.0
rand,vmf_pca100_lloyd100_coassoc_bm_degree,triviality_frac_confident,tldr17,tldr17,1.0
pnull,vmf_pca100_lloyd100_n200,reliability_within_coassoc,tldr17,tldr17,0.034585919824128696
pnull,vmf_pca100_lloyd100_n200,reliability_within,tldr17,tldr17,0.013705288696142737
pnull,vmf_pca100_lloyd100_n200,fidelity_within,tldr17,tldr17,0.03882119548389873
pnull,vmf_pca100_lloyd100_n200,fidelity_within_r,tldr17,tldr17,0.19706651701763306
pnull,vmf_pca100_lloyd100_n200,fidelity_within_insample,tldr17,tldr17,0.04018984894222555
pnull,vmf_pca100_lloyd100_n200,triviality_ami_layer,tldr17,tldr17,0.056526380921003164
pnull,vmf_pca100_lloyd100_n200,triviality_ami_dimension,tldr17,tldr17,0.0001324988824533464
pnull,vmf_pca100_lloyd100_n200,triviality_ami_hubness,tldr17,tldr17,0.03477795603659829
pnull,vmf_pca100_lloyd100_n200,triviality_n_effective_networks,tldr17,tldr17,100.0
pnull,vmf_pca100_lloyd100_n200,triviality_entropy_effective_networks,tldr17,tldr17,64.69639742395083
pnull,vmf_pca100_lloyd100_n200,triviality_median_max_membership,tldr17,tldr17,0.385
pnull,vmf_pca100_lloyd100_n200,triviality_frac_confident,tldr17,tldr17,0.26111778846153844
rand,vmf_pca100_lloyd100_n200,reliability_within,tldr17,tldr17,-1.8495761961976606e-05
rand,vmf_pca100_lloyd100_n200,fidelity_within,tldr17,tldr17,0.0023716331429550763
rand,vmf_pca100_lloyd100_n200,fidelity_within_r,tldr17,tldr17,0.048724997974999094
rand,vmf_pca100_lloyd100_n200,fidelity_within_insample,tldr17,tldr17,0.0023778832958430973
rand,vmf_pca100_lloyd100_n200,triviality_ami_layer,tldr17,tldr17,-0.00025034956168409493
rand,vmf_pca100_lloyd100_n200,triviality_ami_dimension,tldr17,tldr17,-0.0011441902526177316
rand,vmf_pca100_lloyd100_n200,triviality_ami_hubness,tldr17,tldr17,-5.977370892693118e-05
rand,vmf_pca100_lloyd100_n200,triviality_n_effective_networks,tldr17,tldr17,100.0
rand,vmf_pca100_lloyd100_n200,triviality_entropy_effective_networks,tldr17,tldr17,99.55564395870057
rand,vmf_pca100_lloyd100_n200,triviality_median_max_membership,tldr17,tldr17,1.0
rand,vmf_pca100_lloyd100_n200,triviality_frac_confident,tldr17,tldr17,1.0
pnull,vmf_pca100_lloyd100_n200_coassoc,reliability_within_coassoc,tldr17,tldr17,0.034585919824128696
pnull,vmf_pca100_lloyd100_n200_coassoc,reliability_within,tldr17,tldr17,0.015397768374510831
pnull,vmf_pca100_lloyd100_n200_coassoc,fidelity_within,tldr17,tldr17,0.03708638397587016
pnull,vmf_pca100_lloyd100_n200_coassoc,fidelity_within_r,tldr17,tldr17,0.19261122468194627
pnull,vmf_pca100_lloyd100_n200_coassoc,fidelity_within_insample,tldr17,tldr17,0.038344950626152174
pnull,vmf_pca100_lloyd100_n200_coassoc,triviality_ami_layer,tldr17,tldr17,0.05789179375232762
pnull,vmf_pca100_lloyd100_n200_coassoc,triviality_ami_dimension,tldr17,tldr17,0.0009729770383807096
pnull,vmf_pca100_lloyd100_n200_coassoc,triviality_ami_hubness,tldr17,tldr17,0.03493965779996161
pnull,vmf_pca100_lloyd100_n200_coassoc,triviality_n_effective_networks,tldr17,tldr17,100.0
pnull,vmf_pca100_lloyd100_n200_coassoc,triviality_entropy_effective_networks,tldr17,tldr17,52.397680836482486
pnull,vmf_pca100_lloyd100_n200_coassoc,triviality_median_max_membership,tldr17,tldr17,1.0
pnull,vmf_pca100_lloyd100_n200_coassoc,triviality_frac_confident,tldr17,tldr17,1.0
rand,vmf_pca100_lloyd100_n200_coassoc,reliability_within,tldr17,tldr17,1.9795487425689975e-05
rand,vmf_pca100_lloyd100_n200_coassoc,fidelity_within,tldr17,tldr17,0.0019186552897254572
rand,vmf_pca100_lloyd100_n200_coassoc,fidelity_within_r,tldr17,tldr17,0.04383098583131015
rand,vmf_pca100_lloyd100_n200_coassoc,fidelity_within_insample,tldr17,tldr17,0.0019130869284271768
rand,vmf_pca100_lloyd100_n200_coassoc,triviality_ami_layer,tldr17,tldr17,-0.00015509969674265154
rand,vmf_pca100_lloyd100_n200_coassoc,triviality_ami_dimension,tldr17,tldr17,-0.00023753239514155385
rand,vmf_pca100_lloyd100_n200_coassoc,triviality_ami_hubness,tldr17,tldr17,0.00014476376297206816
rand,vmf_pca100_lloyd100_n200_coassoc,triviality_n_effective_networks,tldr17,tldr17,100.0
rand,vmf_pca100_lloyd100_n200_coassoc,triviality_entropy_effective_networks,tldr17,tldr17,99.3608924847628
rand,vmf_pca100_lloyd100_n200_coassoc,triviality_median_max_membership,tldr17,tldr17,1.0
rand,vmf_pca100_lloyd100_n200_coassoc,triviality_frac_confident,tldr17,tldr17,1.0
pnull,vmf_pca100_lloyd200,reliability_within_coassoc,tldr17,tldr17,0.025354576083825298
pnull,vmf_pca100_lloyd200,reliability_within,tldr17,tldr17,0.008292112950079863
pnull,vmf_pca100_lloyd200,fidelity_within,tldr17,tldr17,0.043289666925093395
pnull,vmf_pca100_lloyd200,fidelity_within_r,tldr17,tldr17,0.20809146754653823
pnull,vmf_pca100_lloyd200,fidelity_within_insample,tldr17,tldr17,0.04462712027567872
pnull,vmf_pca100_lloyd200,triviality_ami_layer,tldr17,tldr17,0.04950689077666725
pnull,vmf_pca100_lloyd200,triviality_ami_dimension,tldr17,tldr17,0.000496466759840351
pnull,vmf_pca100_lloyd200,triviality_ami_hubness,tldr17,tldr17,0.03151684831328624
pnull,vmf_pca100_lloyd200,triviality_n_effective_networks,tldr17,tldr17,200.0
pnull,vmf_pca100_lloyd200,triviality_entropy_effective_networks,tldr17,tldr17,128.28810507654197
pnull,vmf_pca100_lloyd200,triviality_median_max_membership,tldr17,tldr17,0.3
pnull,vmf_pca100_lloyd200,triviality_frac_confident,tldr17,tldr17,0.12810496794871795
rand,vmf_pca100_lloyd200,reliability_within,tldr17,tldr17,9.492389473710739e-05
rand,vmf_pca100_lloyd200,fidelity_within,tldr17,tldr17,0.004229791968791918
rand,vmf_pca100_lloyd200,fidelity_within_r,tldr17,tldr17,0.06505601206483319
rand,vmf_pca100_lloyd200,fidelity_within_insample,tldr17,tldr17,0.004238201571241218
rand,vmf_pca100_lloyd200,triviality_ami_layer,tldr17,tldr17,0.0025426966215393422
rand,vmf_pca100_lloyd200,triviality_ami_dimension,tldr17,tldr17,-0.0005102303988434942
rand,vmf_pca100_lloyd200,triviality_ami_hubness,tldr17,tldr17,-0.0007533189622361111
rand,vmf_pca100_lloyd200,triviality_n_effective_networks,tldr17,tldr17,200.0
rand,vmf_pca100_lloyd200,triviality_entropy_effective_networks,tldr17,tldr17,197.9104730819697
rand,vmf_pca100_lloyd200,triviality_median_max_membership,tldr17,tldr17,1.0
rand,vmf_pca100_lloyd200,triviality_frac_confident,tldr17,tldr17,1.0
pnull,vmf_pca100_lloyd200_bm_degree,reliability_within_coassoc,tldr17,tldr17,0.025354576083825298
pnull,vmf_pca100_lloyd200_bm_degree,reliability_within,tldr17,tldr17,0.008375824628342769
pnull,vmf_pca100_lloyd200_bm_degree,fidelity_within,tldr17,tldr17,0.05134864429012309
pnull,vmf_pca100_lloyd200_bm_degree,fidelity_within_r,tldr17,tldr17,0.2266290422979043
pnull,vmf_pca100_lloyd200_bm_degree,fidelity_within_insample,tldr17,tldr17,0.05278040036964271
pnull,vmf_pca100_lloyd200_bm_degree,triviality_ami_layer,tldr17,tldr17,0.0515853527807697
pnull,vmf_pca100_lloyd200_bm_degree,triviality_ami_dimension,tldr17,tldr17,-0.00021365464961216844
pnull,vmf_pca100_lloyd200_bm_degree,triviality_ami_hubness,tldr17,tldr17,0.03492684720922448
pnull,vmf_pca100_lloyd200_bm_degree,triviality_n_effective_networks,tldr17,tldr17,200.0
pnull,vmf_pca100_lloyd200_bm_degree,triviality_entropy_effective_networks,tldr17,tldr17,129.66979267664755
pnull,vmf_pca100_lloyd200_bm_degree,triviality_median_max_membership,tldr17,tldr17,1.0
pnull,vmf_pca100_lloyd200_bm_degree,triviality_frac_confident,tldr17,tldr17,1.0
rand,vmf_pca100_lloyd200_bm_degree,reliability_within,tldr17,tldr17,-0.00017204577679717282
rand,vmf_pca100_lloyd200_bm_degree,fidelity_within,tldr17,tldr17,0.004299684963173567
rand,vmf_pca100_lloyd200_bm_degree,fidelity_within_r,tldr17,tldr17,0.06559148049165284
rand,vmf_pca100_lloyd200_bm_degree,fidelity_within_insample,tldr17,tldr17,0.004336638045409402
rand,vmf_pca100_lloyd200_bm_degree,triviality_ami_layer,tldr17,tldr17,0.0002263709755605203
rand,vmf_pca100_lloyd200_bm_degree,triviality_ami_dimension,tldr17,tldr17,-0.00025673252052496945
rand,vmf_pca100_lloyd200_bm_degree,triviality_ami_hubness,tldr17,tldr17,0.00019860596940017079
rand,vmf_pca100_lloyd200_bm_degree,triviality_n_effective_networks,tldr17,tldr17,200.0
rand,vmf_pca100_lloyd200_bm_degree,triviality_entropy_effective_networks,tldr17,tldr17,198.11078122743518
rand,vmf_pca100_lloyd200_bm_degree,triviality_median_max_membership,tldr17,tldr17,1.0
rand,vmf_pca100_lloyd200_bm_degree,triviality_frac_confident,tldr17,tldr17,1.0
pnull,vmf_pca100_lloyd50,reliability_within_coassoc,tldr17,tldr17,0.046407726932721494
pnull,vmf_pca100_lloyd50,reliability_within,tldr17,tldr17,0.022989108698202095
pnull,vmf_pca100_lloyd50,fidelity_within,tldr17,tldr17,0.035757656569008756
pnull,vmf_pca100_lloyd50,fidelity_within_r,tldr17,tldr17,0.18913428074312208
pnull,vmf_pca100_lloyd50,fidelity_within_insample,tldr17,tldr17,0.03707798768518267
pnull,vmf_pca100_lloyd50,triviality_ami_layer,tldr17,tldr17,0.06054603033430037
pnull,vmf_pca100_lloyd50,triviality_ami_dimension,tldr17,tldr17,-0.0010676642659485191
pnull,vmf_pca100_lloyd50,triviality_ami_hubness,tldr17,tldr17,0.03684974516959021
pnull,vmf_pca100_lloyd50,triviality_n_effective_networks,tldr17,tldr17,50.0
pnull,vmf_pca100_lloyd50,triviality_entropy_effective_networks,tldr17,tldr17,33.06604317220492
pnull,vmf_pca100_lloyd50,triviality_median_max_membership,tldr17,tldr17,0.525
pnull,vmf_pca100_lloyd50,triviality_frac_confident,tldr17,tldr17,0.5390625
rand,vmf_pca100_lloyd50,reliability_within,tldr17,tldr17,-0.00010809467716865146
rand,vmf_pca100_lloyd50,fidelity_within,tldr17,tldr17,0.001069455443055145
rand,vmf_pca100_lloyd50,fidelity_within_r,tldr17,tldr17,0.03274262242855852
rand,vmf_pca100_lloyd50,fidelity_within_insample,tldr17,tldr17,0.0010484751342900722
rand,vmf_pca100_lloyd50,triviality_ami_layer,tldr17,tldr17,-0.0007256327145084882
rand,vmf_pca100_lloyd50,triviality_ami_dimension,tldr17,tldr17,0.0004226697077243392
rand,vmf_pca100_lloyd50,triviality_ami_hubness,tldr17,tldr17,-4.800844069134651e-05
rand,vmf_pca100_lloyd50,triviality_n_effective_networks,tldr17,tldr17,50.0
rand,vmf_pca100_lloyd50,triviality_entropy_effective_networks,tldr17,tldr17,49.86579035568588
rand,vmf_pca100_lloyd50,triviality_median_max_membership,tldr17,tldr17,1.0
rand,vmf_pca100_lloyd50,triviality_frac_confident,tldr17,tldr17,1.0
pnull,vmf_pca100_lloyd50_bm_degree,reliability_within_coassoc,tldr17,tldr17,0.046407726932721494
pnull,vmf_pca100_lloyd50_bm_degree,reliability_within,tldr17,tldr17,0.0265162593031754
pnull,vmf_pca100_lloyd50_bm_degree,fidelity_within,tldr17,tldr17,0.047160400635495314
pnull,vmf_pca100_lloyd50_bm_degree,fidelity_within_r,tldr17,tldr17,0.2171933122664359
pnull,vmf_pca100_lloyd50_bm_degree,fidelity_within_insample,tldr17,tldr17,0.04856570148408246
pnull,vmf_pca100_lloyd50_bm_degree,triviality_ami_layer,tldr17,tldr17,0.06387596958164884
pnull,vmf_pca100_lloyd50_bm_degree,triviality_ami_dimension,tldr17,tldr17,0.0001782728578206007
pnull,vmf_pca100_lloyd50_bm_degree,triviality_ami_hubness,tldr17,tldr17,0.043393787778538265
pnull,vmf_pca100_lloyd50_bm_degree,triviality_n_effective_networks,tldr17,tldr17,50.0
pnull,vmf_pca100_lloyd50_bm_degree,triviality_entropy_effective_networks,tldr17,tldr17,31.29433572336211
pnull,vmf_pca100_lloyd50_bm_degree,triviality_median_max_membership,tldr17,tldr17,1.0
pnull,vmf_pca100_lloyd50_bm_degree,triviality_frac_confident,tldr17,tldr17,1.0
rand,vmf_pca100_lloyd50_bm_degree,reliability_within,tldr17,tldr17,0.00010213019902447814
rand,vmf_pca100_lloyd50_bm_degree,fidelity_within,tldr17,tldr17,0.0012704287417232285
rand,vmf_pca100_lloyd50_bm_degree,fidelity_within_r,tldr17,tldr17,0.035678140631504054
rand,vmf_pca100_lloyd50_bm_degree,fidelity_within_insample,tldr17,tldr17,0.0012659805738011176
rand,vmf_pca100_lloyd50_bm_degree,triviality_ami_layer,tldr17,tldr17,0.00041589509778613374
rand,vmf_pca100_lloyd50_bm_degree,triviality_ami_dimension,tldr17,tldr17,0.0008926508712038915
rand,vmf_pca100_lloyd50_bm_degree,triviality_ami_hubness,tldr17,tldr17,-0.0002737673002467547
rand,vmf_pca100_lloyd50_bm_degree,triviality_n_effective_networks,tldr17,tldr17,50.0
rand,vmf_pca100_lloyd50_bm_degree,triviality_entropy_effective_networks,tldr17,tldr17,49.86952532919437
rand,vmf_pca100_lloyd50_bm_degree,triviality_median_max_membership,tldr17,tldr17,1.0
rand,vmf_pca100_lloyd50_bm_degree,triviality_frac_confident,tldr17,tldr17,1.0
pnull,vmf_sparse_pca100_lloyd100,reliability_within_coassoc,tldr17,tldr17,0.03388729215065045
pnull,vmf_sparse_pca100_lloyd100,reliability_within,tldr17,tldr17,0.015699260950446728
pnull,vmf_sparse_pca100_lloyd100,fidelity_within,tldr17,tldr17,0.03655628340810446
pnull,vmf_sparse_pca100_lloyd100,fidelity_within_r,tldr17,tldr17,0.19122730624998172
pnull,vmf_sparse_pca100_lloyd100,fidelity_within_insample,tldr17,tldr17,0.037735976957026574
pnull,vmf_sparse_pca100_lloyd100,triviality_ami_layer,tldr17,tldr17,0.04932078493381254
pnull,vmf_sparse_pca100_lloyd100,triviality_ami_dimension,tldr17,tldr17,6.346837819686783e-05
pnull,vmf_sparse_pca100_lloyd100,triviality_ami_hubness,tldr17,tldr17,0.03459316520144783
pnull,vmf_sparse_pca100_lloyd100,triviality_n_effective_networks,tldr17,tldr17,100.0
pnull,vmf_sparse_pca100_lloyd100,triviality_entropy_effective_networks,tldr17,tldr17,58.625841478206794
pnull,vmf_sparse_pca100_lloyd100,triviality_median_max_membership,tldr17,tldr17,0.45
pnull,vmf_sparse_pca100_lloyd100,triviality_frac_confident,tldr17,tldr17,0.4098557692307692
rand,vmf_sparse_pca100_lloyd100,reliability_within,tldr17,tldr17,-0.0001595752182459335
rand,vmf_sparse_pca100_lloyd100,fidelity_within,tldr17,tldr17,0.0021842498770966445
rand,vmf_sparse_pca100_lloyd100,fidelity_within_r,tldr17,tldr17,0.04676728747300819
rand,vmf_sparse_pca100_lloyd100,fidelity_within_insample,tldr17,tldr17,0.002125962692610228
rand,vmf_sparse_pca100_lloyd100,triviality_ami_layer,tldr17,tldr17,-0.000675489258762951
rand,vmf_sparse_pca100_lloyd100,triviality_ami_dimension,tldr17,tldr17,-0.00034249704810727975
rand,vmf_sparse_pca100_lloyd100,triviality_ami_hubness,tldr17,tldr17,-0.0005412147185073272
rand,vmf_sparse_pca100_lloyd100,triviality_n_effective_networks,tldr17,tldr17,100.0
rand,vmf_sparse_pca100_lloyd100,triviality_entropy_effective_networks,tldr17,tldr17,99.53765136172412
rand,vmf_sparse_pca100_lloyd100,triviality_median_max_membership,tldr17,tldr17,1.0
rand,vmf_sparse_pca100_lloyd100,triviality_frac_confident,tldr17,tldr17,1.0
pnull,vmf_sparse_pca100_lloyd100_bm_degree,reliability_within_coassoc,tldr17,tldr17,0.03388729215065045
pnull,vmf_sparse_pca100_lloyd100_bm_degree,reliability_within,tldr17,tldr17,0.014142450621849705
pnull,vmf_sparse_pca100_lloyd100_bm_degree,fidelity_within,tldr17,tldr17,0.049604438652160465
pnull,vmf_sparse_pca100_lloyd100_bm_degree,fidelity_within_r,tldr17,tldr17,0.22274888777443688
pnull,vmf_sparse_pca100_lloyd100_bm_degree,fidelity_within_insample,tldr17,tldr17,0.051052050993831366
pnull,vmf_sparse_pca100_lloyd100_bm_degree,triviality_ami_layer,tldr17,tldr17,0.059765840759731494
pnull,vmf_sparse_pca100_lloyd100_bm_degree,triviality_ami_dimension,tldr17,tldr17,-0.00018357844926329743
pnull,vmf_sparse_pca100_lloyd100_bm_degree,triviality_ami_hubness,tldr17,tldr17,0.03958658557797769
pnull,vmf_sparse_pca100_lloyd100_bm_degree,triviality_n_effective_networks,tldr17,tldr17,100.0
pnull,vmf_sparse_pca100_lloyd100_bm_degree,triviality_entropy_effective_networks,tldr17,tldr17,61.99281640858083
pnull,vmf_sparse_pca100_lloyd100_bm_degree,triviality_median_max_membership,tldr17,tldr17,1.0
pnull,vmf_sparse_pca100_lloyd100_bm_degree,triviality_frac_confident,tldr17,tldr17,1.0
rand,vmf_sparse_pca100_lloyd100_bm_degree,reliability_within,tldr17,tldr17,-4.6304231814663015e-05
rand,vmf_sparse_pca100_lloyd100_bm_degree,fidelity_within,tldr17,tldr17,0.002091817067484625
rand,vmf_sparse_pca100_lloyd100_bm_degree,fidelity_within_r,tldr17,tldr17,0.045766623888311986
rand,vmf_sparse_pca100_lloyd100_bm_degree,fidelity_within_insample,tldr17,tldr17,0.0021431965886206106
rand,vmf_sparse_pca100_lloyd100_bm_degree,triviality_ami_layer,tldr17,tldr17,0.000843604570841039
rand,vmf_sparse_pca100_lloyd100_bm_degree,triviality_ami_dimension,tldr17,tldr17,-0.00030852610037144623
rand,vmf_sparse_pca100_lloyd100_bm_degree,triviality_ami_hubness,tldr17,tldr17,0.0005751338868634414
rand,vmf_sparse_pca100_lloyd100_bm_degree,triviality_n_effective_networks,tldr17,tldr17,100.0
rand,vmf_sparse_pca100_lloyd100_bm_degree,triviality_entropy_effective_networks,tldr17,tldr17,99.52491601685632
rand,vmf_sparse_pca100_lloyd100_bm_degree,triviality_median_max_membership,tldr17,tldr17,1.0
rand,vmf_sparse_pca100_lloyd100_bm_degree,triviality_frac_confident,tldr17,tldr17,1.0
pnull,vmf_pca100_lloyd100,fidelity_across_halves,wikitext,bookcorpus,0.18564933653915233
pnull,vmf_pca100_lloyd100,reliability_across_halves,wikitext,bookcorpus,0.007267222066836455
rand,vmf_pca100_lloyd100,fidelity_across_halves,wikitext,bookcorpus,0.033935468484029105
rand,vmf_pca100_lloyd100,reliability_across_halves,wikitext,bookcorpus,-8.696666456842408e-05
pnull,vmf_pca100_lloyd100_bm_degree,fidelity_across_halves,wikitext,bookcorpus,0.2036442618040411
pnull,vmf_pca100_lloyd100_bm_degree,reliability_across_halves,wikitext,bookcorpus,0.01526137571313804
rand,vmf_pca100_lloyd100_bm_degree,fidelity_across_halves,wikitext,bookcorpus,0.03991668561669658
rand,vmf_pca100_lloyd100_bm_degree,reliability_across_halves,wikitext,bookcorpus,-0.00012235977382405225
pnull,vmf_pca100_lloyd100_bm_double,fidelity_across_halves,wikitext,bookcorpus,0.20552490049055863
pnull,vmf_pca100_lloyd100_bm_double,reliability_across_halves,wikitext,bookcorpus,0.017142747885177098
rand,vmf_pca100_lloyd100_bm_double,fidelity_across_halves,wikitext,bookcorpus,0.03747290888556107
rand,vmf_pca100_lloyd100_bm_double,reliability_across_halves,wikitext,bookcorpus,5.3401259388983016e-05
pnull,vmf_pca100_lloyd100_bm_raw,fidelity_across_halves,wikitext,bookcorpus,0.2070792643245414
pnull,vmf_pca100_lloyd100_bm_raw,reliability_across_halves,wikitext,bookcorpus,0.01881477126713306
rand,vmf_pca100_lloyd100_bm_raw,fidelity_across_halves,wikitext,bookcorpus,0.02707829459947733
rand,vmf_pca100_lloyd100_bm_raw,reliability_across_halves,wikitext,bookcorpus,-8.615298487333229e-05
pnull,vmf_pca100_lloyd100_coassoc,fidelity_across_halves,wikitext,bookcorpus,0.18276941042282122
pnull,vmf_pca100_lloyd100_coassoc,reliability_across_halves,wikitext,bookcorpus,0.01469091536265842
rand,vmf_pca100_lloyd100_coassoc,fidelity_across_halves,wikitext,bookcorpus,0.031759719543713455
rand,vmf_pca100_lloyd100_coassoc,reliability_across_halves,wikitext,bookcorpus,9.806031724898632e-05
pnull,vmf_pca100_lloyd100_coassoc_bm_degree,fidelity_across_halves,wikitext,bookcorpus,0.20663818154973498
pnull,vmf_pca100_lloyd100_coassoc_bm_degree,reliability_across_halves,wikitext,bookcorpus,0.016119448484529304
rand,vmf_pca100_lloyd100_coassoc_bm_degree,fidelity_across_halves,wikitext,bookcorpus,0.031932333546685655
rand,vmf_pca100_lloyd100_coassoc_bm_degree,reliability_across_halves,wikitext,bookcorpus,-7.794724461742433e-05
pnull,vmf_pca100_lloyd100_n200,fidelity_across_halves,wikitext,bookcorpus,0.18611191821322318
pnull,vmf_pca100_lloyd100_n200,reliability_across_halves,wikitext,bookcorpus,0.008280624390419697
rand,vmf_pca100_lloyd100_n200,fidelity_across_halves,wikitext,bookcorpus,0.039764574346912565
rand,vmf_pca100_lloyd100_n200,reliability_across_halves,wikitext,bookcorpus,1.460840520525038e-05
pnull,vmf_pca100_lloyd100_n200_coassoc,fidelity_across_halves,wikitext,bookcorpus,0.183155160090976
pnull,vmf_pca100_lloyd100_n200_coassoc,reliability_across_halves,wikitext,bookcorpus,0.014158044207239765
rand,vmf_pca100_lloyd100_n200_coassoc,fidelity_across_halves,wikitext,bookcorpus,0.04100292147650241
rand,vmf_pca100_lloyd100_n200_coassoc,reliability_across_halves,wikitext,bookcorpus,4.288868389646917e-06
pnull,vmf_pca100_lloyd200,fidelity_across_halves,wikitext,bookcorpus,0.1945533827271715
pnull,vmf_pca100_lloyd200,reliability_across_halves,wikitext,bookcorpus,0.004468203464242062
rand,vmf_pca100_lloyd200,fidelity_across_halves,wikitext,bookcorpus,0.0497140654303095
rand,vmf_pca100_lloyd200,reliability_across_halves,wikitext,bookcorpus,0.0001854450461629333
pnull,vmf_pca100_lloyd200_bm_degree,fidelity_across_halves,wikitext,bookcorpus,0.21110213658962065
pnull,vmf_pca100_lloyd200_bm_degree,reliability_across_halves,wikitext,bookcorpus,0.006658848978856514
rand,vmf_pca100_lloyd200_bm_degree,fidelity_across_halves,wikitext,bookcorpus,0.05239508898605228
rand,vmf_pca100_lloyd200_bm_degree,reliability_across_halves,wikitext,bookcorpus,7.182384865078519e-05
pnull,vmf_pca100_lloyd50,fidelity_across_halves,wikitext,bookcorpus,0.18123743803846096
pnull,vmf_pca100_lloyd50,reliability_across_halves,wikitext,bookcorpus,0.016881794103345837
rand,vmf_pca100_lloyd50,fidelity_across_halves,wikitext,bookcorpus,0.020065568023136734
rand,vmf_pca100_lloyd50,reliability_across_halves,wikitext,bookcorpus,-0.00016991881236156985
pnull,vmf_pca100_lloyd50_bm_degree,fidelity_across_halves,wikitext,bookcorpus,0.2039813450301893
pnull,vmf_pca100_lloyd50_bm_degree,reliability_across_halves,wikitext,bookcorpus,0.02416631489412213
rand,vmf_pca100_lloyd50_bm_degree,fidelity_across_halves,wikitext,bookcorpus,0.02694529377176974
rand,vmf_pca100_lloyd50_bm_degree,reliability_across_halves,wikitext,bookcorpus,0.00011731479700450515
pnull,vmf_sparse_pca100_lloyd100,fidelity_across_halves,wikitext,bookcorpus,0.17941099873531502
pnull,vmf_sparse_pca100_lloyd100,reliability_across_halves,wikitext,bookcorpus,0.013993033139606287
rand,vmf_sparse_pca100_lloyd100,fidelity_across_halves,wikitext,bookcorpus,0.036274503436757276
rand,vmf_sparse_pca100_lloyd100,reliability_across_halves,wikitext,bookcorpus,6.560657016290685e-05
pnull,vmf_sparse_pca100_lloyd100_bm_degree,fidelity_across_halves,wikitext,bookcorpus,0.20693606180373658
pnull,vmf_sparse_pca100_lloyd100_bm_degree,reliability_across_halves,wikitext,bookcorpus,0.014330560762140105
rand,vmf_sparse_pca100_lloyd100_bm_degree,fidelity_across_halves,wikitext,bookcorpus,0.029528481509769708
rand,vmf_sparse_pca100_lloyd100_bm_degree,reliability_across_halves,wikitext,bookcorpus,0.0001741658256478885
pnull,vmf_pca100_lloyd100,fidelity_across_halves,wikitext,agnews,0.19555393778908106
pnull,vmf_pca100_lloyd100,reliability_across_halves,wikitext,agnews,0.010438421956819988
rand,vmf_pca100_lloyd100,fidelity_across_halves,wikitext,agnews,0.034212501637037845
rand,vmf_pca100_lloyd100,reliability_across_halves,wikitext,agnews,-0.00011017369566010029
pnull,vmf_pca100_lloyd100_bm_degree,fidelity_across_halves,wikitext,agnews,0.21826157928645765
pnull,vmf_pca100_lloyd100_bm_degree,reliability_across_halves,wikitext,agnews,0.01622173424183884
rand,vmf_pca100_lloyd100_bm_degree,fidelity_across_halves,wikitext,agnews,0.0382716085452561
rand,vmf_pca100_lloyd100_bm_degree,reliability_across_halves,wikitext,agnews,0.00011098735646788212
pnull,vmf_pca100_lloyd100_bm_double,fidelity_across_halves,wikitext,agnews,0.21994691357876975
pnull,vmf_pca100_lloyd100_bm_double,reliability_across_halves,wikitext,agnews,0.020852551458561235
rand,vmf_pca100_lloyd100_bm_double,fidelity_across_halves,wikitext,agnews,0.03976404779350481
rand,vmf_pca100_lloyd100_bm_double,reliability_across_halves,wikitext,agnews,0.00011251887062655415
pnull,vmf_pca100_lloyd100_bm_raw,fidelity_across_halves,wikitext,agnews,0.22437645930590566
pnull,vmf_pca100_lloyd100_bm_raw,reliability_across_halves,wikitext,agnews,0.02493983245162703
rand,vmf_pca100_lloyd100_bm_raw,fidelity_across_halves,wikitext,agnews,0.0314672045528216
rand,vmf_pca100_lloyd100_bm_raw,reliability_across_halves,wikitext,agnews,-0.00013429570661450702
pnull,vmf_pca100_lloyd100_coassoc,fidelity_across_halves,wikitext,agnews,0.19328299224751044
pnull,vmf_pca100_lloyd100_coassoc,reliability_across_halves,wikitext,agnews,0.014164678054315816
rand,vmf_pca100_lloyd100_coassoc,fidelity_across_halves,wikitext,agnews,0.03179298380250698
rand,vmf_pca100_lloyd100_coassoc,reliability_across_halves,wikitext,agnews,-5.752571479051545e-05
pnull,vmf_pca100_lloyd100_coassoc_bm_degree,fidelity_across_halves,wikitext,agnews,0.22059461067308114
pnull,vmf_pca100_lloyd100_coassoc_bm_degree,reliability_across_halves,wikitext,agnews,0.020027886613684074
rand,vmf_pca100_lloyd100_coassoc_bm_degree,fidelity_across_halves,wikitext,agnews,0.03162790967619111
rand,vmf_pca100_lloyd100_coassoc_bm_degree,reliability_across_halves,wikitext,agnews,-6.0704069332028766e-05
pnull,vmf_pca100_lloyd100_n200,fidelity_across_halves,wikitext,agnews,0.19652347444397686
pnull,vmf_pca100_lloyd100_n200,reliability_across_halves,wikitext,agnews,0.010756423327534539
rand,vmf_pca100_lloyd100_n200,fidelity_across_halves,wikitext,agnews,0.03646181669892465
rand,vmf_pca100_lloyd100_n200,reliability_across_halves,wikitext,agnews,5.938856963421492e-05
pnull,vmf_pca100_lloyd100_n200_coassoc,fidelity_across_halves,wikitext,agnews,0.19336849342536738
pnull,vmf_pca100_lloyd100_n200_coassoc,reliability_across_halves,wikitext,agnews,0.015571074274979873
rand,vmf_pca100_lloyd100_n200_coassoc,fidelity_across_halves,wikitext,agnews,0.04050820650555185
rand,vmf_pca100_lloyd100_n200_coassoc,reliability_across_halves,wikitext,agnews,-0.0001464674644636695
pnull,vmf_pca100_lloyd200,fidelity_across_halves,wikitext,agnews,0.20444185499913414
pnull,vmf_pca100_lloyd200,reliability_across_halves,wikitext,agnews,0.0061226328377484715
rand,vmf_pca100_lloyd200,fidelity_across_halves,wikitext,agnews,0.052550890181362754
rand,vmf_pca100_lloyd200,reliability_across_halves,wikitext,agnews,3.5947614221633285e-05
pnull,vmf_pca100_lloyd200_bm_degree,fidelity_across_halves,wikitext,agnews,0.22639679777449265
pnull,vmf_pca100_lloyd200_bm_degree,reliability_across_halves,wikitext,agnews,0.008781135007822578
rand,vmf_pca100_lloyd200_bm_degree,fidelity_across_halves,wikitext,agnews,0.05402983687977405
rand,vmf_pca100_lloyd200_bm_degree,reliability_across_halves,wikitext,agnews,-4.7910656312549115e-05
pnull,vmf_pca100_lloyd50,fidelity_across_halves,wikitext,agnews,0.19311524188043677
pnull,vmf_pca100_lloyd50,reliability_across_halves,wikitext,agnews,0.019509612186257057
rand,vmf_pca100_lloyd50,fidelity_across_halves,wikitext,agnews,0.02905187195035835
rand,vmf_pca100_lloyd50,reliability_across_halves,wikitext,agnews,0.00010893396123337937
pnull,vmf_pca100_lloyd50_bm_degree,fidelity_across_halves,wikitext,agnews,0.21605869382023327
pnull,vmf_pca100_lloyd50_bm_degree,reliability_across_halves,wikitext,agnews,0.03413275995851056
rand,vmf_pca100_lloyd50_bm_degree,fidelity_across_halves,wikitext,agnews,0.02015001803757073
rand,vmf_pca100_lloyd50_bm_degree,reliability_across_halves,wikitext,agnews,3.447742273967768e-05
pnull,vmf_sparse_pca100_lloyd100,fidelity_across_halves,wikitext,agnews,0.1841904228114331
pnull,vmf_sparse_pca100_lloyd100,reliability_across_halves,wikitext,agnews,0.014119033815626701
rand,vmf_sparse_pca100_lloyd100,fidelity_across_halves,wikitext,agnews,0.036715959693360806
rand,vmf_sparse_pca100_lloyd100,reliability_across_halves,wikitext,agnews,-8.410547222440478e-05
pnull,vmf_sparse_pca100_lloyd100_bm_degree,fidelity_across_halves,wikitext,agnews,0.21979143932365328
pnull,vmf_sparse_pca100_lloyd100_bm_degree,reliability_across_halves,wikitext,agnews,0.01901554491618585
rand,vmf_sparse_pca100_lloyd100_bm_degree,fidelity_across_halves,wikitext,agnews,0.033980527645084614
rand,vmf_sparse_pca100_lloyd100_bm_degree,reliability_across_halves,wikitext,agnews,2.353074296352591e-05
pnull,vmf_pca100_lloyd100,fidelity_across_halves,wikitext,tldr17,0.17097409290610827
pnull,vmf_pca100_lloyd100,reliability_across_halves,wikitext,tldr17,0.009627751940662985
rand,vmf_pca100_lloyd100,fidelity_across_halves,wikitext,tldr17,0.0341198125673062
rand,vmf_pca100_lloyd100,reliability_across_halves,wikitext,tldr17,-6.195956862125916e-05
pnull,vmf_pca100_lloyd100_bm_degree,fidelity_across_halves,wikitext,tldr17,0.19607251904254755
pnull,vmf_pca100_lloyd100_bm_degree,reliability_across_halves,wikitext,tldr17,0.015278310324684068
rand,vmf_pca100_lloyd100_bm_degree,fidelity_across_halves,wikitext,tldr17,0.03724146323158308
rand,vmf_pca100_lloyd100_bm_degree,reliability_across_halves,wikitext,tldr17,-1.183194944781079e-05
pnull,vmf_pca100_lloyd100_bm_double,fidelity_across_halves,wikitext,tldr17,0.1969288581429427
pnull,vmf_pca100_lloyd100_bm_double,reliability_across_halves,wikitext,tldr17,0.018476281740803333
rand,vmf_pca100_lloyd100_bm_double,fidelity_across_halves,wikitext,tldr17,0.03804956008701267
rand,vmf_pca100_lloyd100_bm_double,reliability_across_halves,wikitext,tldr17,6.509132425497152e-05
pnull,vmf_pca100_lloyd100_bm_raw,fidelity_across_halves,wikitext,tldr17,0.20180153135819673
pnull,vmf_pca100_lloyd100_bm_raw,reliability_across_halves,wikitext,tldr17,0.02037911620697425
rand,vmf_pca100_lloyd100_bm_raw,fidelity_across_halves,wikitext,tldr17,0.034151110889484755
rand,vmf_pca100_lloyd100_bm_raw,reliability_across_halves,wikitext,tldr17,0.0001277661131968177
pnull,vmf_pca100_lloyd100_coassoc,fidelity_across_halves,wikitext,tldr17,0.16915821509106466
pnull,vmf_pca100_lloyd100_coassoc,reliability_across_halves,wikitext,tldr17,0.014461617491122833
rand,vmf_pca100_lloyd100_coassoc,fidelity_across_halves,wikitext,tldr17,0.030781569747329235
rand,vmf_pca100_lloyd100_coassoc,reliability_across_halves,wikitext,tldr17,7.864729840203599e-05
pnull,vmf_pca100_lloyd100_coassoc_bm_degree,fidelity_across_halves,wikitext,tldr17,0.19694648792383904
pnull,vmf_pca100_lloyd100_coassoc_bm_degree,reliability_across_halves,wikitext,tldr17,0.018967444709081318
rand,vmf_pca100_lloyd100_coassoc_bm_degree,fidelity_across_halves,wikitext,tldr17,0.034588799618129606
rand,vmf_pca100_lloyd100_coassoc_bm_degree,reliability_across_halves,wikitext,tldr17,-5.777767755184443e-05
pnull,vmf_pca100_lloyd100_n200,fidelity_across_halves,wikitext,tldr17,0.17239112264373113
pnull,vmf_pca100_lloyd100_n200,reliability_across_halves,wikitext,tldr17,0.010354495367993478
rand,vmf_pca100_lloyd100_n200,fidelity_across_halves,wikitext,tldr17,0.03638915044569474
rand,vmf_pca100_lloyd100_n200,reliability_across_halves,wikitext,tldr17,-0.00012229314977078647
pnull,vmf_pca100_lloyd100_n200_coassoc,fidelity_across_halves,wikitext,tldr17,0.1685944427531315
pnull,vmf_pca100_lloyd100_n200_coassoc,reliability_across_halves,wikitext,tldr17,0.013992828423283291
rand,vmf_pca100_lloyd100_n200_coassoc,fidelity_across_halves,wikitext,tldr17,0.03803854936534998
rand,vmf_pca100_lloyd100_n200_coassoc,reliability_across_halves,wikitext,tldr17,-1.615852687258247e-05
pnull,vmf_pca100_lloyd200,fidelity_across_halves,wikitext,tldr17,0.18094986834895757
pnull,vmf_pca100_lloyd200,reliability_across_halves,wikitext,tldr17,0.005968737527262929
rand,vmf_pca100_lloyd200,fidelity_across_halves,wikitext,tldr17,0.05073953246908551
rand,vmf_pca100_lloyd200,reliability_across_halves,wikitext,tldr17,2.2449604304590554e-05
pnull,vmf_pca100_lloyd200_bm_degree,fidelity_across_halves,wikitext,tldr17,0.20266868706882402
pnull,vmf_pca100_lloyd200_bm_degree,reliability_across_halves,wikitext,tldr17,0.007727628299331744
rand,vmf_pca100_lloyd200_bm_degree,fidelity_across_halves,wikitext,tldr17,0.04681993102662158
rand,vmf_pca100_lloyd200_bm_degree,reliability_across_halves,wikitext,tldr17,-9.78738429608282e-05
pnull,vmf_pca100_lloyd50,fidelity_across_halves,wikitext,tldr17,0.16562883039075513
pnull,vmf_pca100_lloyd50,reliability_across_halves,wikitext,tldr17,0.01875369630744122
rand,vmf_pca100_lloyd50,fidelity_across_halves,wikitext,tldr17,0.019488194739977694
rand,vmf_pca100_lloyd50,reliability_across_halves,wikitext,tldr17,0.00010822775130660853
pnull,vmf_pca100_lloyd50_bm_degree,fidelity_across_halves,wikitext,tldr17,0.19371684082874757
pnull,vmf_pca100_lloyd50_bm_degree,reliability_across_halves,wikitext,tldr17,0.03363118003017497
rand,vmf_pca100_lloyd50_bm_degree,fidelity_across_halves,wikitext,tldr17,0.018301211939578763
rand,vmf_pca100_lloyd50_bm_degree,reliability_across_halves,wikitext,tldr17,9.111263586273716e-05
pnull,vmf_sparse_pca100_lloyd100,fidelity_across_halves,wikitext,tldr17,0.1592944821428623
pnull,vmf_sparse_pca100_lloyd100,reliability_across_halves,wikitext,tldr17,0.013252545637581442
rand,vmf_sparse_pca100_lloyd100,fidelity_across_halves,wikitext,tldr17,0.028912809070779238
rand,vmf_sparse_pca100_lloyd100,reliability_across_halves,wikitext,tldr17,4.139503118099318e-05
pnull,vmf_sparse_pca100_lloyd100_bm_degree,fidelity_across_halves,wikitext,tldr17,0.1968162317122321
pnull,vmf_sparse_pca100_lloyd100_bm_degree,reliability_across_halves,wikitext,tldr17,0.014200563945251366
rand,vmf_sparse_pca100_lloyd100_bm_degree,fidelity_across_halves,wikitext,tldr17,0.029563552434970677
rand,vmf_sparse_pca100_lloyd100_bm_degree,reliability_across_halves,wikitext,tldr17,-7.036755238470955e-05
pnull,vmf_pca100_lloyd100,fidelity_across_halves,bookcorpus,wikitext,0.17220824030153586
pnull,vmf_pca100_lloyd100,reliability_across_halves,bookcorpus,wikitext,0.00951486676206996
rand,vmf_pca100_lloyd100,fidelity_across_halves,bookcorpus,wikitext,0.02957480113727709
rand,vmf_pca100_lloyd100,reliability_across_halves,bookcorpus,wikitext,-5.62204513457252e-05
pnull,vmf_pca100_lloyd100_bm_degree,fidelity_across_halves,bookcorpus,wikitext,0.19564103588215526
pnull,vmf_pca100_lloyd100_bm_degree,reliability_across_halves,bookcorpus,wikitext,0.013322326767562948
rand,vmf_pca100_lloyd100_bm_degree,fidelity_across_halves,bookcorpus,wikitext,0.03330589232620316
rand,vmf_pca100_lloyd100_bm_degree,reliability_across_halves,bookcorpus,wikitext,-5.162034565793245e-05
pnull,vmf_pca100_lloyd100_bm_double,fidelity_across_halves,bookcorpus,wikitext,0.19560616621816543
pnull,vmf_pca100_lloyd100_bm_double,reliability_across_halves,bookcorpus,wikitext,0.019731226863295974
rand,vmf_pca100_lloyd100_bm_double,fidelity_across_halves,bookcorpus,wikitext,0.039869229024344165
rand,vmf_pca100_lloyd100_bm_double,reliability_across_halves,bookcorpus,wikitext,-8.969320485406252e-05
pnull,vmf_pca100_lloyd100_bm_raw,fidelity_across_halves,bookcorpus,wikitext,0.20402072252229492
pnull,vmf_pca100_lloyd100_bm_raw,reliability_across_halves,bookcorpus,wikitext,0.020771629172500562
rand,vmf_pca100_lloyd100_bm_raw,fidelity_across_halves,bookcorpus,wikitext,0.03718580472098566
rand,vmf_pca100_lloyd100_bm_raw,reliability_across_halves,bookcorpus,wikitext,7.719839500528506e-05
pnull,vmf_pca100_lloyd100_coassoc,fidelity_across_halves,bookcorpus,wikitext,0.171378798799633
pnull,vmf_pca100_lloyd100_coassoc,reliability_across_halves,bookcorpus,wikitext,0.014716691141307803
rand,vmf_pca100_lloyd100_coassoc,fidelity_across_halves,bookcorpus,wikitext,0.0365390070834638
rand,vmf_pca100_lloyd100_coassoc,reliability_across_halves,bookcorpus,wikitext,3.83350323156549e-05
pnull,vmf_pca100_lloyd100_coassoc_bm_degree,fidelity_across_halves,bookcorpus,wikitext,0.19446223719408331
pnull,vmf_pca100_lloyd100_coassoc_bm_degree,reliability_across_halves,bookcorpus,wikitext,0.015519800604622097
rand,vmf_pca100_lloyd100_coassoc_bm_degree,fidelity_across_halves,bookcorpus,wikitext,0.037594417666666
rand,vmf_pca100_lloyd100_coassoc_bm_degree,reliability_across_halves,bookcorpus,wikitext,0.00010664793513359973
pnull,vmf_pca100_lloyd100_n200,fidelity_across_halves,bookcorpus,wikitext,0.173624393167959
pnull,vmf_pca100_lloyd100_n200,reliability_across_halves,bookcorpus,wikitext,0.009501887132053407
rand,vmf_pca100_lloyd100_n200,fidelity_across_halves,bookcorpus,wikitext,0.033719718558184474
rand,vmf_pca100_lloyd100_n200,reliability_across_halves,bookcorpus,wikitext,4.5490621136258685e-05
pnull,vmf_pca100_lloyd100_n200_coassoc,fidelity_across_halves,bookcorpus,wikitext,0.17127650261098734
pnull,vmf_pca100_lloyd100_n200_coassoc,reliability_across_halves,bookcorpus,wikitext,0.01453071603395285
rand,vmf_pca100_lloyd100_n200_coassoc,fidelity_across_halves,bookcorpus,wikitext,0.03326886325651104
rand,vmf_pca100_lloyd100_n200_coassoc,reliability_across_halves,bookcorpus,wikitext,-6.666457531164419e-05
pnull,vmf_pca100_lloyd200,fidelity_across_halves,bookcorpus,wikitext,0.17739729833962595
pnull,vmf_pca100_lloyd200,reliability_across_halves,bookcorpus,wikitext,0.005900957115633829
rand,vmf_pca100_lloyd200,fidelity_across_halves,bookcorpus,wikitext,0.04971295793159523
rand,vmf_pca100_lloyd200,reliability_across_halves,bookcorpus,wikitext,8.017281396313147e-06
pnull,vmf_pca100_lloyd200_bm_degree,fidelity_across_halves,bookcorpus,wikitext,0.19890731528898092
pnull,vmf_pca100_lloyd200_bm_degree,reliability_across_halves,bookcorpus,wikitext,0.006884433528777925
rand,vmf_pca100_lloyd200_bm_degree,fidelity_across_halves,bookcorpus,wikitext,0.049195227246626894
rand,vmf_pca100_lloyd200_bm_degree,reliability_across_halves,bookcorpus,wikitext,3.094506735361457e-05
pnull,vmf_pca100_lloyd50,fidelity_across_halves,bookcorpus,wikitext,0.17134414400884634
pnull,vmf_pca100_lloyd50,reliability_across_halves,bookcorpus,wikitext,0.01568841846578266
rand,vmf_pca100_lloyd50,fidelity_across_halves,bookcorpus,wikitext,0.02470889867006197
rand,vmf_pca100_lloyd50,reliability_across_halves,bookcorpus,wikitext,-0.0002077749119842491
pnull,vmf_pca100_lloyd50_bm_degree,fidelity_across_halves,bookcorpus,wikitext,0.1943179779456783
pnull,vmf_pca100_lloyd50_bm_degree,reliability_across_halves,bookcorpus,wikitext,0.021970105234503014
rand,vmf_pca100_lloyd50_bm_degree,fidelity_across_halves,bookcorpus,wikitext,0.023899676084942152
rand,vmf_pca100_lloyd50_bm_degree,reliability_across_halves,bookcorpus,wikitext,0.0001684971983499065
pnull,vmf_sparse_pca100_lloyd100,fidelity_across_halves,bookcorpus,wikitext,0.1692307181282571
pnull,vmf_sparse_pca100_lloyd100,reliability_across_halves,bookcorpus,wikitext,0.01285420174332686
rand,vmf_sparse_pca100_lloyd100,fidelity_across_halves,bookcorpus,wikitext,0.029830327387950138
rand,vmf_sparse_pca100_lloyd100,reliability_across_halves,bookcorpus,wikitext,-0.00015839932810082893
pnull,vmf_sparse_pca100_lloyd100_bm_degree,fidelity_across_halves,bookcorpus,wikitext,0.19831038208059826
pnull,vmf_sparse_pca100_lloyd100_bm_degree,reliability_across_halves,bookcorpus,wikitext,0.014942660136502132
rand,vmf_sparse_pca100_lloyd100_bm_degree,fidelity_across_halves,bookcorpus,wikitext,0.037667731732625456
rand,vmf_sparse_pca100_lloyd100_bm_degree,reliability_across_halves,bookcorpus,wikitext,-0.00013248741484464863
pnull,vmf_pca100_lloyd100,fidelity_across_halves,bookcorpus,agnews,0.1692671196186646
pnull,vmf_pca100_lloyd100,reliability_across_halves,bookcorpus,agnews,0.009518803659400048
rand,vmf_pca100_lloyd100,fidelity_across_halves,bookcorpus,agnews,0.02150526835185293
rand,vmf_pca100_lloyd100,reliability_across_halves,bookcorpus,agnews,7.59902159325284e-05
pnull,vmf_pca100_lloyd100_bm_degree,fidelity_across_halves,bookcorpus,agnews,0.19581427031273588
pnull,vmf_pca100_lloyd100_bm_degree,reliability_across_halves,bookcorpus,agnews,0.012732160993402495
rand,vmf_pca100_lloyd100_bm_degree,fidelity_across_halves,bookcorpus,agnews,0.02936605157847507
rand,vmf_pca100_lloyd100_bm_degree,reliability_across_halves,bookcorpus,agnews,-2.2074339545910396e-05
pnull,vmf_pca100_lloyd100_bm_double,fidelity_across_halves,bookcorpus,agnews,0.19646300361797933
pnull,vmf_pca100_lloyd100_bm_double,reliability_across_halves,bookcorpus,agnews,0.01807844913234352
rand,vmf_pca100_lloyd100_bm_double,fidelity_across_halves,bookcorpus,agnews,0.030454977333921905
rand,vmf_pca100_lloyd100_bm_double,reliability_across_halves,bookcorpus,agnews,-0.00014371848528246385
pnull,vmf_pca100_lloyd100_bm_raw,fidelity_across_halves,bookcorpus,agnews,0.20306314930128205
pnull,vmf_pca100_lloyd100_bm_raw,reliability_across_halves,bookcorpus,agnews,0.023678486026391242
rand,vmf_pca100_lloyd100_bm_raw,fidelity_across_halves,bookcorpus,agnews,0.02827873884924269
rand,vmf_pca100_lloyd100_bm_raw,reliability_across_halves,bookcorpus,agnews,-0.00010864960766219804
pnull,vmf_pca100_lloyd100_coassoc,fidelity_across_halves,bookcorpus,agnews,0.16964472846055378
pnull,vmf_pca100_lloyd100_coassoc,reliability_across_halves,bookcorpus,agnews,0.013641468952292998
rand,vmf_pca100_lloyd100_coassoc,fidelity_across_halves,bookcorpus,agnews,0.02681991835696396
rand,vmf_pca100_lloyd100_coassoc,reliability_across_halves,bookcorpus,agnews,0.00017455329897951338
pnull,vmf_pca100_lloyd100_coassoc_bm_degree,fidelity_across_halves,bookcorpus,agnews,0.19422345657067655
pnull,vmf_pca100_lloyd100_coassoc_bm_degree,reliability_across_halves,bookcorpus,agnews,0.017126593197643997
rand,vmf_pca100_lloyd100_coassoc_bm_degree,fidelity_across_halves,bookcorpus,agnews,0.024844534872482386
rand,vmf_pca100_lloyd100_coassoc_bm_degree,reliability_across_halves,bookcorpus,agnews,-0.0001810522012438384
pnull,vmf_pca100_lloyd100_n200,fidelity_across_halves,bookcorpus,agnews,0.17141085435447387
pnull,vmf_pca100_lloyd100_n200,reliability_across_halves,bookcorpus,agnews,0.008682797501067202
rand,vmf_pca100_lloyd100_n200,fidelity_across_halves,bookcorpus,agnews,0.02858910114285243
rand,vmf_pca100_lloyd100_n200,reliability_across_halves,bookcorpus,agnews,-2.815831043145832e-05
pnull,vmf_pca100_lloyd100_n200_coassoc,fidelity_across_halves,bookcorpus,agnews,0.16915817448072712
pnull,vmf_pca100_lloyd100_n200_coassoc,reliability_across_halves,bookcorpus,agnews,0.015319947151611064
rand,vmf_pca100_lloyd100_n200_coassoc,fidelity_across_halves,bookcorpus,agnews,0.029587706334536886
rand,vmf_pca100_lloyd100_n200_coassoc,reliability_across_halves,bookcorpus,agnews,-2.10867359830726e-05
pnull,vmf_pca100_lloyd200,fidelity_across_halves,bookcorpus,agnews,0.1731825047807594
pnull,vmf_pca100_lloyd200,reliability_across_halves,bookcorpus,agnews,0.005362740900365108
rand,vmf_pca100_lloyd200,fidelity_across_halves,bookcorpus,agnews,0.04160152919777558
rand,vmf_pca100_lloyd200,reliability_across_halves,bookcorpus,agnews,3.43054969734247e-05
pnull,vmf_pca100_lloyd200_bm_degree,fidelity_across_halves,bookcorpus,agnews,0.19553058428856088
pnull,vmf_pca100_lloyd200_bm_degree,reliability_across_halves,bookcorpus,agnews,0.007258123484606607
rand,vmf_pca100_lloyd200_bm_degree,fidelity_across_halves,bookcorpus,agnews,0.04260810036047745
rand,vmf_pca100_lloyd200_bm_degree,reliability_across_halves,bookcorpus,agnews,-7.113701071567857e-05
pnull,vmf_pca100_lloyd50,fidelity_across_halves,bookcorpus,agnews,0.16989511225108167
pnull,vmf_pca100_lloyd50,reliability_across_halves,bookcorpus,agnews,0.018816129626932333
rand,vmf_pca100_lloyd50,fidelity_across_halves,bookcorpus,agnews,0.02146206530791287
rand,vmf_pca100_lloyd50,reliability_across_halves,bookcorpus,agnews,-2.35683552592284e-05
pnull,vmf_pca100_lloyd50_bm_degree,fidelity_across_halves,bookcorpus,agnews,0.19507876606646526
pnull,vmf_pca100_lloyd50_bm_degree,reliability_across_halves,bookcorpus,agnews,0.02309553645302093
rand,vmf_pca100_lloyd50_bm_degree,fidelity_across_halves,bookcorpus,agnews,0.017259958994816704
rand,vmf_pca100_lloyd50_bm_degree,reliability_across_halves,bookcorpus,agnews,2.3915704120389643e-05
pnull,vmf_sparse_pca100_lloyd100,fidelity_across_halves,bookcorpus,agnews,0.1671849309059176
pnull,vmf_sparse_pca100_lloyd100,reliability_across_halves,bookcorpus,agnews,0.013679891262877322
rand,vmf_sparse_pca100_lloyd100,fidelity_across_halves,bookcorpus,agnews,0.028020135482159505
rand,vmf_sparse_pca100_lloyd100,reliability_across_halves,bookcorpus,agnews,9.430575174072947e-05
pnull,vmf_sparse_pca100_lloyd100_bm_degree,fidelity_across_halves,bookcorpus,agnews,0.19796535268740392
pnull,vmf_sparse_pca100_lloyd100_bm_degree,reliability_across_halves,bookcorpus,agnews,0.01586405938085091
rand,vmf_sparse_pca100_lloyd100_bm_degree,fidelity_across_halves,bookcorpus,agnews,0.028569736081167026
rand,vmf_sparse_pca100_lloyd100_bm_degree,reliability_across_halves,bookcorpus,agnews,6.358454791025015e-05
pnull,vmf_pca100_lloyd100,fidelity_across_halves,bookcorpus,tldr17,0.17036682732023223
pnull,vmf_pca100_lloyd100,reliability_across_halves,bookcorpus,tldr17,0.010543944608397393
rand,vmf_pca100_lloyd100,fidelity_across_halves,bookcorpus,tldr17,0.02994393614546142
rand,vmf_pca100_lloyd100,reliability_across_halves,bookcorpus,tldr17,6.677493128997718e-05
pnull,vmf_pca100_lloyd100_bm_degree,fidelity_across_halves,bookcorpus,tldr17,0.19714803952040377
pnull,vmf_pca100_lloyd100_bm_degree,reliability_across_halves,bookcorpus,tldr17,0.012622605357758644
rand,vmf_pca100_lloyd100_bm_degree,fidelity_across_halves,bookcorpus,tldr17,0.036364607836831216
rand,vmf_pca100_lloyd100_bm_degree,reliability_across_halves,bookcorpus,tldr17,-5.655394572565005e-05
pnull,vmf_pca100_lloyd100_bm_double,fidelity_across_halves,bookcorpus,tldr17,0.1972088333910842
pnull,vmf_pca100_lloyd100_bm_double,reliability_across_halves,bookcorpus,tldr17,0.017360186070469914
rand,vmf_pca100_lloyd100_bm_double,fidelity_across_halves,bookcorpus,tldr17,0.034349097505225405
rand,vmf_pca100_lloyd100_bm_double,reliability_across_halves,bookcorpus,tldr17,7.269982213401678e-05
pnull,vmf_pca100_lloyd100_bm_raw,fidelity_across_halves,bookcorpus,tldr17,0.20622335496839944
pnull,vmf_pca100_lloyd100_bm_raw,reliability_across_halves,bookcorpus,tldr17,0.02064212385001686
rand,vmf_pca100_lloyd100_bm_raw,fidelity_across_halves,bookcorpus,tldr17,0.03718680586625904
rand,vmf_pca100_lloyd100_bm_raw,reliability_across_halves,bookcorpus,tldr17,4.128875228436793e-05
pnull,vmf_pca100_lloyd100_coassoc,fidelity_across_halves,bookcorpus,tldr17,0.17074872414929793
pnull,vmf_pca100_lloyd100_coassoc,reliability_across_halves,bookcorpus,tldr17,0.014912946698012044
rand,vmf_pca100_lloyd100_coassoc,fidelity_across_halves,bookcorpus,tldr17,0.03664012293811499
rand,vmf_pca100_lloyd100_coassoc,reliability_across_halves,bookcorpus,tldr17,-4.4529103787371635e-05
pnull,vmf_pca100_lloyd100_coassoc_bm_degree,fidelity_across_halves,bookcorpus,tldr17,0.197240966105309
pnull,vmf_pca100_lloyd100_coassoc_bm_degree,reliability_across_halves,bookcorpus,tldr17,0.016275769743441783
rand,vmf_pca100_lloyd100_coassoc_bm_degree,fidelity_across_halves,bookcorpus,tldr17,0.03797546038950571
rand,vmf_pca100_lloyd100_coassoc_bm_degree,reliability_across_halves,bookcorpus,tldr17,-9.589832824199322e-05
pnull,vmf_pca100_lloyd100_n200,fidelity_across_halves,bookcorpus,tldr17,0.17438144806573308
pnull,vmf_pca100_lloyd100_n200,reliability_across_halves,bookcorpus,tldr17,0.00917748838185185
rand,vmf_pca100_lloyd100_n200,fidelity_across_halves,bookcorpus,tldr17,0.033467370954135545
rand,vmf_pca100_lloyd100_n200,reliability_across_halves,bookcorpus,tldr17,-0.00010202221155765168
pnull,vmf_pca100_lloyd100_n200_coassoc,fidelity_across_halves,bookcorpus,tldr17,0.17107020214772778
pnull,vmf_pca100_lloyd100_n200_coassoc,reliability_across_halves,bookcorpus,tldr17,0.014350535262763059
rand,vmf_pca100_lloyd100_n200_coassoc,fidelity_across_halves,bookcorpus,tldr17,0.02853481583082614
rand,vmf_pca100_lloyd100_n200_coassoc,reliability_across_halves,bookcorpus,tldr17,-0.00010542388626294672
pnull,vmf_pca100_lloyd200,fidelity_across_halves,bookcorpus,tldr17,0.17676096753014814
pnull,vmf_pca100_lloyd200,reliability_across_halves,bookcorpus,tldr17,0.006336067890519094
rand,vmf_pca100_lloyd200,fidelity_across_halves,bookcorpus,tldr17,0.05681285148619543
rand,vmf_pca100_lloyd200,reliability_across_halves,bookcorpus,tldr17,1.0947137429950895e-05
pnull,vmf_pca100_lloyd200_bm_degree,fidelity_across_halves,bookcorpus,tldr17,0.19872077112077982
pnull,vmf_pca100_lloyd200_bm_degree,reliability_across_halves,bookcorpus,tldr17,0.007074098178692399
rand,vmf_pca100_lloyd200_bm_degree,fidelity_across_halves,bookcorpus,tldr17,0.048451121505352454
rand,vmf_pca100_lloyd200_bm_degree,reliability_across_halves,bookcorpus,tldr17,0.00017068163296293166
pnull,vmf_pca100_lloyd50,fidelity_across_halves,bookcorpus,tldr17,0.17149855842858613
pnull,vmf_pca100_lloyd50,reliability_across_halves,bookcorpus,tldr17,0.018877197143706507
rand,vmf_pca100_lloyd50,fidelity_across_halves,bookcorpus,tldr17,0.03173437727038207
rand,vmf_pca100_lloyd50,reliability_across_halves,bookcorpus,tldr17,0.00025153593982103366
pnull,vmf_pca100_lloyd50_bm_degree,fidelity_across_halves,bookcorpus,tldr17,0.19563495972018818
pnull,vmf_pca100_lloyd50_bm_degree,reliability_across_halves,bookcorpus,tldr17,0.022729138899392085
rand,vmf_pca100_lloyd50_bm_degree,fidelity_across_halves,bookcorpus,tldr17,0.022887261834525812
rand,vmf_pca100_lloyd50_bm_degree,reliability_across_halves,bookcorpus,tldr17,-7.191394600316076e-05
pnull,vmf_sparse_pca100_lloyd100,fidelity_across_halves,bookcorpus,tldr17,0.169101055350068
pnull,vmf_sparse_pca100_lloyd100,reliability_across_halves,bookcorpus,tldr17,0.01341192241834388
rand,vmf_sparse_pca100_lloyd100,fidelity_across_halves,bookcorpus,tldr17,0.030668117965317137
rand,vmf_sparse_pca100_lloyd100,reliability_across_halves,bookcorpus,tldr17,0.00010577117248731932
pnull,vmf_sparse_pca100_lloyd100_bm_degree,fidelity_across_halves,bookcorpus,tldr17,0.19870437710607272
pnull,vmf_sparse_pca100_lloyd100_bm_degree,reliability_across_halves,bookcorpus,tldr17,0.012418741937451554
rand,vmf_sparse_pca100_lloyd100_bm_degree,fidelity_across_halves,bookcorpus,tldr17,0.033809431658171664
rand,vmf_sparse_pca100_lloyd100_bm_degree,reliability_across_halves,bookcorpus,tldr17,-4.002752848955475e-05
pnull,vmf_pca100_lloyd100,fidelity_across_halves,agnews,wikitext,0.17786105681331468
pnull,vmf_pca100_lloyd100,reliability_across_halves,agnews,wikitext,0.011584481860146285
rand,vmf_pca100_lloyd100,fidelity_across_halves,agnews,wikitext,0.03475345257065919
rand,vmf_pca100_lloyd100,reliability_across_halves,agnews,wikitext,-0.0002599299895870661
pnull,vmf_pca100_lloyd100_bm_degree,fidelity_across_halves,agnews,wikitext,0.1990625675205817
pnull,vmf_pca100_lloyd100_bm_degree,reliability_across_halves,agnews,wikitext,0.017473236637449444
rand,vmf_pca100_lloyd100_bm_degree,fidelity_across_halves,agnews,wikitext,0.045120906149654194
rand,vmf_pca100_lloyd100_bm_degree,reliability_across_halves,agnews,wikitext,-0.00014143167092855433
pnull,vmf_pca100_lloyd100_bm_double,fidelity_across_halves,agnews,wikitext,0.20046342729782224
pnull,vmf_pca100_lloyd100_bm_double,reliability_across_halves,agnews,wikitext,0.023974722979264448
rand,vmf_pca100_lloyd100_bm_double,fidelity_across_halves,agnews,wikitext,0.03419619479954262
rand,vmf_pca100_lloyd100_bm_double,reliability_across_halves,agnews,wikitext,1.4076719479278417e-05
pnull,vmf_pca100_lloyd100_bm_raw,fidelity_across_halves,agnews,wikitext,0.20405197720696516
pnull,vmf_pca100_lloyd100_bm_raw,reliability_across_halves,agnews,wikitext,0.025240120399090828
rand,vmf_pca100_lloyd100_bm_raw,fidelity_across_halves,agnews,wikitext,0.04013765843851795
rand,vmf_pca100_lloyd100_bm_raw,reliability_across_halves,agnews,wikitext,-5.816336563641266e-05
pnull,vmf_pca100_lloyd100_coassoc,fidelity_across_halves,agnews,wikitext,0.17348058110566653
pnull,vmf_pca100_lloyd100_coassoc,reliability_across_halves,agnews,wikitext,0.015900425058013923
rand,vmf_pca100_lloyd100_coassoc,fidelity_across_halves,agnews,wikitext,0.0344687870137995
rand,vmf_pca100_lloyd100_coassoc,reliability_across_halves,agnews,wikitext,7.711828821480959e-05
pnull,vmf_pca100_lloyd100_coassoc_bm_degree,fidelity_across_halves,agnews,wikitext,0.20158712790639086
pnull,vmf_pca100_lloyd100_coassoc_bm_degree,reliability_across_halves,agnews,wikitext,0.02029738863041624
rand,vmf_pca100_lloyd100_coassoc_bm_degree,fidelity_across_halves,agnews,wikitext,0.030406585487597233
rand,vmf_pca100_lloyd100_coassoc_bm_degree,reliability_across_halves,agnews,wikitext,-1.7014775710967055e-05
pnull,vmf_pca100_lloyd100_n200,fidelity_across_halves,agnews,wikitext,0.17425225881454
pnull,vmf_pca100_lloyd100_n200,reliability_across_halves,agnews,wikitext,0.01183064673264225
rand,vmf_pca100_lloyd100_n200,fidelity_across_halves,agnews,wikitext,0.038665177558873685
rand,vmf_pca100_lloyd100_n200,reliability_across_halves,agnews,wikitext,0.00013892229928426933
pnull,vmf_pca100_lloyd100_n200_coassoc,fidelity_across_halves,agnews,wikitext,0.1700814269508432
pnull,vmf_pca100_lloyd100_n200_coassoc,reliability_across_halves,agnews,wikitext,0.015010302309934977
rand,vmf_pca100_lloyd100_n200_coassoc,fidelity_across_halves,agnews,wikitext,0.03521772030113063
rand,vmf_pca100_lloyd100_n200_coassoc,reliability_across_halves,agnews,wikitext,9.43614437438802e-05
pnull,vmf_pca100_lloyd200,fidelity_across_halves,agnews,wikitext,0.18447027884839617
pnull,vmf_pca100_lloyd200,reliability_across_halves,agnews,wikitext,0.00625631532911853
rand,vmf_pca100_lloyd200,fidelity_across_halves,agnews,wikitext,0.05534286033189186
rand,vmf_pca100_lloyd200,reliability_across_halves,agnews,wikitext,-0.00010883501058789754
pnull,vmf_pca100_lloyd200_bm_degree,fidelity_across_halves,agnews,wikitext,0.20394098816022582
pnull,vmf_pca100_lloyd200_bm_degree,reliability_across_halves,agnews,wikitext,0.009644917268905175
rand,vmf_pca100_lloyd200_bm_degree,fidelity_across_halves,agnews,wikitext,0.05514392503038647
rand,vmf_pca100_lloyd200_bm_degree,reliability_across_halves,agnews,wikitext,-0.00018529128186801675
pnull,vmf_pca100_lloyd50,fidelity_across_halves,agnews,wikitext,0.16713813962761243
pnull,vmf_pca100_lloyd50,reliability_across_halves,agnews,wikitext,0.019363863215897552
rand,vmf_pca100_lloyd50,fidelity_across_halves,agnews,wikitext,0.024366270501438945
rand,vmf_pca100_lloyd50,reliability_across_halves,agnews,wikitext,-5.790484566332112e-05
pnull,vmf_pca100_lloyd50_bm_degree,fidelity_across_halves,agnews,wikitext,0.19840023615444938
pnull,vmf_pca100_lloyd50_bm_degree,reliability_across_halves,agnews,wikitext,0.027957947564361568
rand,vmf_pca100_lloyd50_bm_degree,fidelity_across_halves,agnews,wikitext,0.022561936951777738
rand,vmf_pca100_lloyd50_bm_degree,reliability_across_halves,agnews,wikitext,-9.08399053388545e-05
pnull,vmf_sparse_pca100_lloyd100,fidelity_across_halves,agnews,wikitext,0.16843069925847695
pnull,vmf_sparse_pca100_lloyd100,reliability_across_halves,agnews,wikitext,0.014758512584499235
rand,vmf_sparse_pca100_lloyd100,fidelity_across_halves,agnews,wikitext,0.04092590248239229
rand,vmf_sparse_pca100_lloyd100,reliability_across_halves,agnews,wikitext,-3.567558511646038e-05
pnull,vmf_sparse_pca100_lloyd100_bm_degree,fidelity_across_halves,agnews,wikitext,0.20164046162542626
pnull,vmf_sparse_pca100_lloyd100_bm_degree,reliability_across_halves,agnews,wikitext,0.020372527928693138
rand,vmf_sparse_pca100_lloyd100_bm_degree,fidelity_across_halves,agnews,wikitext,0.03253576665222688
rand,vmf_sparse_pca100_lloyd100_bm_degree,reliability_across_halves,agnews,wikitext,-6.904706139877519e-05
pnull,vmf_pca100_lloyd100,fidelity_across_halves,agnews,bookcorpus,0.17329751553437575
pnull,vmf_pca100_lloyd100,reliability_across_halves,agnews,bookcorpus,0.008164976868589365
rand,vmf_pca100_lloyd100,fidelity_across_halves,agnews,bookcorpus,0.03316453158715616
rand,vmf_pca100_lloyd100,reliability_across_halves,agnews,bookcorpus,-5.631956028633689e-05
pnull,vmf_pca100_lloyd100_bm_degree,fidelity_across_halves,agnews,bookcorpus,0.1914784800201976
pnull,vmf_pca100_lloyd100_bm_degree,reliability_across_halves,agnews,bookcorpus,0.014656842049416297
rand,vmf_pca100_lloyd100_bm_degree,fidelity_across_halves,agnews,bookcorpus,0.035332202367155
rand,vmf_pca100_lloyd100_bm_degree,reliability_across_halves,agnews,bookcorpus,-4.509707455744259e-05
pnull,vmf_pca100_lloyd100_bm_double,fidelity_across_halves,agnews,bookcorpus,0.19276268335245178
pnull,vmf_pca100_lloyd100_bm_double,reliability_across_halves,agnews,bookcorpus,0.01710262217674806
rand,vmf_pca100_lloyd100_bm_double,fidelity_across_halves,agnews,bookcorpus,0.025378988021352786
rand,vmf_pca100_lloyd100_bm_double,reliability_across_halves,agnews,bookcorpus,-1.3075951332883854e-05
pnull,vmf_pca100_lloyd100_bm_raw,fidelity_across_halves,agnews,bookcorpus,0.19408210265578255
pnull,vmf_pca100_lloyd100_bm_raw,reliability_across_halves,agnews,bookcorpus,0.020928690974964012
rand,vmf_pca100_lloyd100_bm_raw,fidelity_across_halves,agnews,bookcorpus,0.034945204365448825
rand,vmf_pca100_lloyd100_bm_raw,reliability_across_halves,agnews,bookcorpus,8.160301400143108e-05
pnull,vmf_pca100_lloyd100_coassoc,fidelity_across_halves,agnews,bookcorpus,0.16947505693175655
pnull,vmf_pca100_lloyd100_coassoc,reliability_across_halves,agnews,bookcorpus,0.015227372245191714
rand,vmf_pca100_lloyd100_coassoc,fidelity_across_halves,agnews,bookcorpus,0.03244235463790541
rand,vmf_pca100_lloyd100_coassoc,reliability_across_halves,agnews,bookcorpus,6.436455340013177e-05
pnull,vmf_pca100_lloyd100_coassoc_bm_degree,fidelity_across_halves,agnews,bookcorpus,0.1934225883734521
pnull,vmf_pca100_lloyd100_coassoc_bm_degree,reliability_across_halves,agnews,bookcorpus,0.015585702244221847
rand,vmf_pca100_lloyd100_coassoc_bm_degree,fidelity_across_halves,agnews,bookcorpus,0.0226814288477379
rand,vmf_pca100_lloyd100_coassoc_bm_degree,reliability_across_halves,agnews,bookcorpus,2.2768169609851483e-05
pnull,vmf_pca100_lloyd100_n200,fidelity_across_halves,agnews,bookcorpus,0.17001434405576132
pnull,vmf_pca100_lloyd100_n200,reliability_across_halves,agnews,bookcorpus,0.00867416203418431
rand,vmf_pca100_lloyd100_n200,fidelity_across_halves,agnews,bookcorpus,0.030481908108501175
rand,vmf_pca100_lloyd100_n200,reliability_across_halves,agnews,bookcorpus,0.00019412291809784278
pnull,vmf_pca100_lloyd100_n200_coassoc,fidelity_across_halves,agnews,bookcorpus,0.16589101110297091
pnull,vmf_pca100_lloyd100_n200_coassoc,reliability_across_halves,agnews,bookcorpus,0.01421981208885299
rand,vmf_pca100_lloyd100_n200_coassoc,fidelity_across_halves,agnews,bookcorpus,0.029256573972850815
rand,vmf_pca100_lloyd100_n200_coassoc,reliability_across_halves,agnews,bookcorpus,9.056236334205138e-06
pnull,vmf_pca100_lloyd200,fidelity_across_halves,agnews,bookcorpus,0.17684685248066292
pnull,vmf_pca100_lloyd200,reliability_across_halves,agnews,bookcorpus,0.004570302854711796
rand,vmf_pca100_lloyd200,fidelity_across_halves,agnews,bookcorpus,0.04928362702218027
rand,vmf_pca100_lloyd200,reliability_across_halves,agnews,bookcorpus,-9.711684814274809e-05
pnull,vmf_pca100_lloyd200_bm_degree,fidelity_across_halves,agnews,bookcorpus,0.19432290158457835
pnull,vmf_pca100_lloyd200_bm_degree,reliability_across_halves,agnews,bookcorpus,0.007508764612609851
rand,vmf_pca100_lloyd200_bm_degree,fidelity_across_halves,agnews,bookcorpus,0.03747149201851437
rand,vmf_pca100_lloyd200_bm_degree,reliability_across_halves,agnews,bookcorpus,-3.8268732764829785e-05
pnull,vmf_pca100_lloyd50,fidelity_across_halves,agnews,bookcorpus,0.16396222594155474
pnull,vmf_pca100_lloyd50,reliability_across_halves,agnews,bookcorpus,0.01720503994283562
rand,vmf_pca100_lloyd50,fidelity_across_halves,agnews,bookcorpus,0.018631539800979213
rand,vmf_pca100_lloyd50,reliability_across_halves,agnews,bookcorpus,4.3845201454645755e-05
pnull,vmf_pca100_lloyd50_bm_degree,fidelity_across_halves,agnews,bookcorpus,0.19017394506971072
pnull,vmf_pca100_lloyd50_bm_degree,reliability_across_halves,agnews,bookcorpus,0.017781393597644315
rand,vmf_pca100_lloyd50_bm_degree,fidelity_across_halves,agnews,bookcorpus,0.02588146782459077
rand,vmf_pca100_lloyd50_bm_degree,reliability_across_halves,agnews,bookcorpus,1.700231541016644e-05
pnull,vmf_sparse_pca100_lloyd100,fidelity_across_halves,agnews,bookcorpus,0.16536512302735917
pnull,vmf_sparse_pca100_lloyd100,reliability_across_halves,agnews,bookcorpus,0.014143872947580585
rand,vmf_sparse_pca100_lloyd100,fidelity_across_halves,agnews,bookcorpus,0.035290465014555926
rand,vmf_sparse_pca100_lloyd100,reliability_across_halves,agnews,bookcorpus,-8.850831900340793e-05
pnull,vmf_sparse_pca100_lloyd100_bm_degree,fidelity_across_halves,agnews,bookcorpus,0.19453383012633196
pnull,vmf_sparse_pca100_lloyd100_bm_degree,reliability_across_halves,agnews,bookcorpus,0.014021434938738185
rand,vmf_sparse_pca100_lloyd100_bm_degree,fidelity_across_halves,agnews,bookcorpus,0.021239284972595782
rand,vmf_sparse_pca100_lloyd100_bm_degree,reliability_across_halves,agnews,bookcorpus,4.004929964518556e-05
pnull,vmf_pca100_lloyd100,fidelity_across_halves,agnews,tldr17,0.15579460828438813
pnull,vmf_pca100_lloyd100,reliability_across_halves,agnews,tldr17,0.010607119250227746
rand,vmf_pca100_lloyd100,fidelity_across_halves,agnews,tldr17,0.028669243050031594
rand,vmf_pca100_lloyd100,reliability_across_halves,agnews,tldr17,-0.00011072034319704722
pnull,vmf_pca100_lloyd100_bm_degree,fidelity_across_halves,agnews,tldr17,0.17857221431416306
pnull,vmf_pca100_lloyd100_bm_degree,reliability_across_halves,agnews,tldr17,0.015510484159964338
rand,vmf_pca100_lloyd100_bm_degree,fidelity_across_halves,agnews,tldr17,0.0389398442043546
rand,vmf_pca100_lloyd100_bm_degree,reliability_across_halves,agnews,tldr17,-3.6200642108679106e-05
pnull,vmf_pca100_lloyd100_bm_double,fidelity_across_halves,agnews,tldr17,0.18206183618553326
pnull,vmf_pca100_lloyd100_bm_double,reliability_across_halves,agnews,tldr17,0.0191915563811937
rand,vmf_pca100_lloyd100_bm_double,fidelity_across_halves,agnews,tldr17,0.026819561208601666
rand,vmf_pca100_lloyd100_bm_double,reliability_across_halves,agnews,tldr17,9.440076033905928e-05
pnull,vmf_pca100_lloyd100_bm_raw,fidelity_across_halves,agnews,tldr17,0.18456189354515196
pnull,vmf_pca100_lloyd100_bm_raw,reliability_across_halves,agnews,tldr17,0.022683664209500312
rand,vmf_pca100_lloyd100_bm_raw,fidelity_across_halves,agnews,tldr17,0.033842589793408255
rand,vmf_pca100_lloyd100_bm_raw,reliability_across_halves,agnews,tldr17,4.35441827173403e-05
pnull,vmf_pca100_lloyd100_coassoc,fidelity_across_halves,agnews,tldr17,0.15151038724657453
pnull,vmf_pca100_lloyd100_coassoc,reliability_across_halves,agnews,tldr17,0.014826582552776576
rand,vmf_pca100_lloyd100_coassoc,fidelity_across_halves,agnews,tldr17,0.029681523405215866
rand,vmf_pca100_lloyd100_coassoc,reliability_across_halves,agnews,tldr17,2.9192387475770546e-05
pnull,vmf_pca100_lloyd100_coassoc_bm_degree,fidelity_across_halves,agnews,tldr17,0.18175515475875023
pnull,vmf_pca100_lloyd100_coassoc_bm_degree,reliability_across_halves,agnews,tldr17,0.01844486346971287
rand,vmf_pca100_lloyd100_coassoc_bm_degree,fidelity_across_halves,agnews,tldr17,0.024420418908391722
rand,vmf_pca100_lloyd100_coassoc_bm_degree,reliability_across_halves,agnews,tldr17,-3.832111737872751e-05
pnull,vmf_pca100_lloyd100_n200,fidelity_across_halves,agnews,tldr17,0.15349039437697276
pnull,vmf_pca100_lloyd100_n200,reliability_across_halves,agnews,tldr17,0.01062000225340864
rand,vmf_pca100_lloyd100_n200,fidelity_across_halves,agnews,tldr17,0.024944230181957818
rand,vmf_pca100_lloyd100_n200,reliability_across_halves,agnews,tldr17,6.147808810269088e-05
pnull,vmf_pca100_lloyd100_n200_coassoc,fidelity_across_halves,agnews,tldr17,0.14895929662288393
pnull,vmf_pca100_lloyd100_n200_coassoc,reliability_across_halves,agnews,tldr17,0.014164724466835355
rand,vmf_pca100_lloyd100_n200_coassoc,fidelity_across_halves,agnews,tldr17,0.026538138023820247
rand,vmf_pca100_lloyd100_n200_coassoc,reliability_across_halves,agnews,tldr17,-1.6051636733763384e-05
pnull,vmf_pca100_lloyd200,fidelity_across_halves,agnews,tldr17,0.16278351005492347
pnull,vmf_pca100_lloyd200,reliability_across_halves,agnews,tldr17,0.006817524559410101
rand,vmf_pca100_lloyd200,fidelity_across_halves,agnews,tldr17,0.04573393512006958
rand,vmf_pca100_lloyd200,reliability_across_halves,agnews,tldr17,1.502476399864016e-07
pnull,vmf_pca100_lloyd200_bm_degree,fidelity_across_halves,agnews,tldr17,0.18102757667533112
pnull,vmf_pca100_lloyd200_bm_degree,reliability_across_halves,agnews,tldr17,0.008939364554057713
rand,vmf_pca100_lloyd200_bm_degree,fidelity_across_halves,agnews,tldr17,0.04119188472788799
rand,vmf_pca100_lloyd200_bm_degree,reliability_across_halves,agnews,tldr17,-2.572664988281988e-05
pnull,vmf_pca100_lloyd50,fidelity_across_halves,agnews,tldr17,0.1477190649597386
pnull,vmf_pca100_lloyd50,reliability_across_halves,agnews,tldr17,0.019007796902847013
rand,vmf_pca100_lloyd50,fidelity_across_halves,agnews,tldr17,0.02088877662325866
rand,vmf_pca100_lloyd50,reliability_across_halves,agnews,tldr17,-8.9919009958934e-05
pnull,vmf_pca100_lloyd50_bm_degree,fidelity_across_halves,agnews,tldr17,0.17789707495899706
pnull,vmf_pca100_lloyd50_bm_degree,reliability_across_halves,agnews,tldr17,0.02424865123032944
rand,vmf_pca100_lloyd50_bm_degree,fidelity_across_halves,agnews,tldr17,0.02350473166914105
rand,vmf_pca100_lloyd50_bm_degree,reliability_across_halves,agnews,tldr17,1.3321641883961378e-05
pnull,vmf_sparse_pca100_lloyd100,fidelity_across_halves,agnews,tldr17,0.1478244386975406
pnull,vmf_sparse_pca100_lloyd100,reliability_across_halves,agnews,tldr17,0.014569756034939377
rand,vmf_sparse_pca100_lloyd100,fidelity_across_halves,agnews,tldr17,0.03701546382389873
rand,vmf_sparse_pca100_lloyd100,reliability_across_halves,agnews,tldr17,0.00016079701099549684
pnull,vmf_sparse_pca100_lloyd100_bm_degree,fidelity_across_halves,agnews,tldr17,0.18004220837252488
pnull,vmf_sparse_pca100_lloyd100_bm_degree,reliability_across_halves,agnews,tldr17,0.015270953608273597
rand,vmf_sparse_pca100_lloyd100_bm_degree,fidelity_across_halves,agnews,tldr17,0.02618299997341716
rand,vmf_sparse_pca100_lloyd100_bm_degree,reliability_across_halves,agnews,tldr17,2.6518111390941748e-05
pnull,vmf_pca100_lloyd100,fidelity_across_halves,tldr17,wikitext,0.18124133398932846
pnull,vmf_pca100_lloyd100,reliability_across_halves,tldr17,wikitext,0.010518538342724853
rand,vmf_pca100_lloyd100,fidelity_across_halves,tldr17,wikitext,0.03006683217859448
rand,vmf_pca100_lloyd100,reliability_across_halves,tldr17,wikitext,-0.00023202609523258243
pnull,vmf_pca100_lloyd100_bm_degree,fidelity_across_halves,tldr17,wikitext,0.20670051133263143
pnull,vmf_pca100_lloyd100_bm_degree,reliability_across_halves,tldr17,wikitext,0.013698161189154784
rand,vmf_pca100_lloyd100_bm_degree,fidelity_across_halves,tldr17,wikitext,0.03137461730134908
rand,vmf_pca100_lloyd100_bm_degree,reliability_across_halves,tldr17,wikitext,1.8234871788393362e-05
pnull,vmf_pca100_lloyd100_bm_double,fidelity_across_halves,tldr17,wikitext,0.20584897653359305
pnull,vmf_pca100_lloyd100_bm_double,reliability_across_halves,tldr17,wikitext,0.02180287373027976
rand,vmf_pca100_lloyd100_bm_double,fidelity_across_halves,tldr17,wikitext,0.03656750625886293
rand,vmf_pca100_lloyd100_bm_double,reliability_across_halves,tldr17,wikitext,-0.0001883304433465686
pnull,vmf_pca100_lloyd100_bm_raw,fidelity_across_halves,tldr17,wikitext,0.20620090913317493
pnull,vmf_pca100_lloyd100_bm_raw,reliability_across_halves,tldr17,wikitext,0.02044503920868839
rand,vmf_pca100_lloyd100_bm_raw,fidelity_across_halves,tldr17,wikitext,0.03704802330653295
rand,vmf_pca100_lloyd100_bm_raw,reliability_across_halves,tldr17,wikitext,-8.367278869202852e-05
pnull,vmf_pca100_lloyd100_coassoc,fidelity_across_halves,tldr17,wikitext,0.17532459477382528
pnull,vmf_pca100_lloyd100_coassoc,reliability_across_halves,tldr17,wikitext,0.014550689495344844
rand,vmf_pca100_lloyd100_coassoc,fidelity_across_halves,tldr17,wikitext,0.03633510991689399
rand,vmf_pca100_lloyd100_coassoc,reliability_across_halves,tldr17,wikitext,6.243589750250724e-05
pnull,vmf_pca100_lloyd100_coassoc_bm_degree,fidelity_across_halves,tldr17,wikitext,0.2057447112307597
pnull,vmf_pca100_lloyd100_coassoc_bm_degree,reliability_across_halves,tldr17,wikitext,0.017395376106541342
rand,vmf_pca100_lloyd100_coassoc_bm_degree,fidelity_across_halves,tldr17,wikitext,0.03276851415729764
rand,vmf_pca100_lloyd100_coassoc_bm_degree,reliability_across_halves,tldr17,wikitext,6.105510757586451e-05
pnull,vmf_pca100_lloyd100_n200,fidelity_across_halves,tldr17,wikitext,0.1819806529620838
pnull,vmf_pca100_lloyd100_n200,reliability_across_halves,tldr17,wikitext,0.012059061202956842
rand,vmf_pca100_lloyd100_n200,fidelity_across_halves,tldr17,wikitext,0.03555593565845048
rand,vmf_pca100_lloyd100_n200,reliability_across_halves,tldr17,wikitext,3.0386161200981102e-05
pnull,vmf_pca100_lloyd100_n200_coassoc,fidelity_across_halves,tldr17,wikitext,0.1779852167748743
pnull,vmf_pca100_lloyd100_n200_coassoc,reliability_across_halves,tldr17,wikitext,0.013560647672366838
rand,vmf_pca100_lloyd100_n200_coassoc,fidelity_across_halves,tldr17,wikitext,0.02929428552767226
rand,vmf_pca100_lloyd100_n200_coassoc,reliability_across_halves,tldr17,wikitext,2.4850731541389647e-05
pnull,vmf_pca100_lloyd200,fidelity_across_halves,tldr17,wikitext,0.18920126892105965
pnull,vmf_pca100_lloyd200,reliability_across_halves,tldr17,wikitext,0.0063255774911366355
rand,vmf_pca100_lloyd200,fidelity_across_halves,tldr17,wikitext,0.050635395579205704
rand,vmf_pca100_lloyd200,reliability_across_halves,tldr17,wikitext,-0.0001610762743744844
pnull,vmf_pca100_lloyd200_bm_degree,fidelity_across_halves,tldr17,wikitext,0.20844357309901201
pnull,vmf_pca100_lloyd200_bm_degree,reliability_across_halves,tldr17,wikitext,0.007545761061137548
rand,vmf_pca100_lloyd200_bm_degree,fidelity_across_halves,tldr17,wikitext,0.05178352091088024
rand,vmf_pca100_lloyd200_bm_degree,reliability_across_halves,tldr17,wikitext,-3.326882505740629e-05
pnull,vmf_pca100_lloyd50,fidelity_across_halves,tldr17,wikitext,0.1752884529930211
pnull,vmf_pca100_lloyd50,reliability_across_halves,tldr17,wikitext,0.01818406949802968
rand,vmf_pca100_lloyd50,fidelity_across_halves,tldr17,wikitext,0.024418251906092717
rand,vmf_pca100_lloyd50,reliability_across_halves,tldr17,wikitext,4.4407670870056905e-05
pnull,vmf_pca100_lloyd50_bm_degree,fidelity_across_halves,tldr17,wikitext,0.2052667550183644
pnull,vmf_pca100_lloyd50_bm_degree,reliability_across_halves,tldr17,wikitext,0.025745808514818655
rand,vmf_pca100_lloyd50_bm_degree,fidelity_across_halves,tldr17,wikitext,0.02627713903518739
rand,vmf_pca100_lloyd50_bm_degree,reliability_across_halves,tldr17,wikitext,-8.934385308203709e-05
pnull,vmf_sparse_pca100_lloyd100,fidelity_across_halves,tldr17,wikitext,0.17413043794458263
pnull,vmf_sparse_pca100_lloyd100,reliability_across_halves,tldr17,wikitext,0.013626403622088362
rand,vmf_sparse_pca100_lloyd100,fidelity_across_halves,tldr17,wikitext,0.03970158698984366
rand,vmf_sparse_pca100_lloyd100,reliability_across_halves,tldr17,wikitext,-7.883018320778839e-05
pnull,vmf_sparse_pca100_lloyd100_bm_degree,fidelity_across_halves,tldr17,wikitext,0.20865685217510668
pnull,vmf_sparse_pca100_lloyd100_bm_degree,reliability_across_halves,tldr17,wikitext,0.017433615909929805
rand,vmf_sparse_pca100_lloyd100_bm_degree,fidelity_across_halves,tldr17,wikitext,0.032652385473340324
rand,vmf_sparse_pca100_lloyd100_bm_degree,reliability_across_halves,tldr17,wikitext,5.944095066343328e-05
pnull,vmf_pca100_lloyd100,fidelity_across_halves,tldr17,bookcorpus,0.19889689852379075
pnull,vmf_pca100_lloyd100,reliability_across_halves,tldr17,bookcorpus,0.008203240003162414
rand,vmf_pca100_lloyd100,fidelity_across_halves,tldr17,bookcorpus,0.033700313291483236
rand,vmf_pca100_lloyd100,reliability_across_halves,tldr17,bookcorpus,-8.391009497435575e-05
pnull,vmf_pca100_lloyd100_bm_degree,fidelity_across_halves,tldr17,bookcorpus,0.22107454581202352
pnull,vmf_pca100_lloyd100_bm_degree,reliability_across_halves,tldr17,bookcorpus,0.013229211759124795
rand,vmf_pca100_lloyd100_bm_degree,fidelity_across_halves,tldr17,bookcorpus,0.031006130411203685
rand,vmf_pca100_lloyd100_bm_degree,reliability_across_halves,tldr17,bookcorpus,3.1037972599652035e-06
pnull,vmf_pca100_lloyd100_bm_double,fidelity_across_halves,tldr17,bookcorpus,0.21981581227511895
pnull,vmf_pca100_lloyd100_bm_double,reliability_across_halves,tldr17,bookcorpus,0.016943738756057623
rand,vmf_pca100_lloyd100_bm_double,fidelity_across_halves,tldr17,bookcorpus,0.04136783289407407
rand,vmf_pca100_lloyd100_bm_double,reliability_across_halves,tldr17,bookcorpus,-0.00010471090272475758
pnull,vmf_pca100_lloyd100_bm_raw,fidelity_across_halves,tldr17,bookcorpus,0.2163621036572575
pnull,vmf_pca100_lloyd100_bm_raw,reliability_across_halves,tldr17,bookcorpus,0.019176344041072636
rand,vmf_pca100_lloyd100_bm_raw,fidelity_across_halves,tldr17,bookcorpus,0.03707261617874699
rand,vmf_pca100_lloyd100_bm_raw,reliability_across_halves,tldr17,bookcorpus,-6.218137723065971e-05
pnull,vmf_pca100_lloyd100_coassoc,fidelity_across_halves,tldr17,bookcorpus,0.19299698085997866
pnull,vmf_pca100_lloyd100_coassoc,reliability_across_halves,tldr17,bookcorpus,0.014268580218887664
rand,vmf_pca100_lloyd100_coassoc,fidelity_across_halves,tldr17,bookcorpus,0.03879105851751266
rand,vmf_pca100_lloyd100_coassoc,reliability_across_halves,tldr17,bookcorpus,-1.7805318364269825e-06
pnull,vmf_pca100_lloyd100_coassoc_bm_degree,fidelity_across_halves,tldr17,bookcorpus,0.2189828422061795
pnull,vmf_pca100_lloyd100_coassoc_bm_degree,reliability_across_halves,tldr17,bookcorpus,0.014278989320316796
rand,vmf_pca100_lloyd100_coassoc_bm_degree,fidelity_across_halves,tldr17,bookcorpus,0.03179457764267386
rand,vmf_pca100_lloyd100_coassoc_bm_degree,reliability_across_halves,tldr17,bookcorpus,6.176805239340042e-05
pnull,vmf_pca100_lloyd100_n200,fidelity_across_halves,tldr17,bookcorpus,0.20171767373628396
pnull,vmf_pca100_lloyd100_n200,reliability_across_halves,tldr17,bookcorpus,0.009611454936276072
rand,vmf_pca100_lloyd100_n200,fidelity_across_halves,tldr17,bookcorpus,0.03890197266690306
rand,vmf_pca100_lloyd100_n200,reliability_across_halves,tldr17,bookcorpus,-7.11170610152425e-06
pnull,vmf_pca100_lloyd100_n200_coassoc,fidelity_across_halves,tldr17,bookcorpus,0.19565276800597323
pnull,vmf_pca100_lloyd100_n200_coassoc,reliability_across_halves,tldr17,bookcorpus,0.01453011507739116
rand,vmf_pca100_lloyd100_n200_coassoc,fidelity_across_halves,tldr17,bookcorpus,0.03805613516269817
rand,vmf_pca100_lloyd100_n200_coassoc,reliability_across_halves,tldr17,bookcorpus,-0.00013334926223519406
pnull,vmf_pca100_lloyd200,fidelity_across_halves,tldr17,bookcorpus,0.2074260344349639
pnull,vmf_pca100_lloyd200,reliability_across_halves,tldr17,bookcorpus,0.0049043589006758405
rand,vmf_pca100_lloyd200,fidelity_across_halves,tldr17,bookcorpus,0.049448006276737934
rand,vmf_pca100_lloyd200,reliability_across_halves,tldr17,bookcorpus,-6.363473140524497e-05
pnull,vmf_pca100_lloyd200_bm_degree,fidelity_across_halves,tldr17,bookcorpus,0.22477536040205331
pnull,vmf_pca100_lloyd200_bm_degree,reliability_across_halves,tldr17,bookcorpus,0.00663726205316106
rand,vmf_pca100_lloyd200_bm_degree,fidelity_across_halves,tldr17,bookcorpus,0.05548546126670232
rand,vmf_pca100_lloyd200_bm_degree,reliability_across_halves,tldr17,bookcorpus,5.7299619991738614e-05
pnull,vmf_pca100_lloyd50,fidelity_across_halves,tldr17,bookcorpus,0.19282913554996586
pnull,vmf_pca100_lloyd50,reliability_across_halves,tldr17,bookcorpus,0.019591627619140174
rand,vmf_pca100_lloyd50,fidelity_across_halves,tldr17,bookcorpus,0.02272062523567898
rand,vmf_pca100_lloyd50,reliability_across_halves,tldr17,bookcorpus,-0.00018805856163657216
pnull,vmf_pca100_lloyd50_bm_degree,fidelity_across_halves,tldr17,bookcorpus,0.21872771324432125
pnull,vmf_pca100_lloyd50_bm_degree,reliability_across_halves,tldr17,bookcorpus,0.019500238441018364
rand,vmf_pca100_lloyd50_bm_degree,fidelity_across_halves,tldr17,bookcorpus,0.029728803363662824
rand,vmf_pca100_lloyd50_bm_degree,reliability_across_halves,tldr17,bookcorpus,0.00016459349154776602
pnull,vmf_sparse_pca100_lloyd100,fidelity_across_halves,tldr17,bookcorpus,0.19658304368641114
pnull,vmf_sparse_pca100_lloyd100,reliability_across_halves,tldr17,bookcorpus,0.013927659330962508
rand,vmf_sparse_pca100_lloyd100,fidelity_across_halves,tldr17,bookcorpus,0.046157884148366954
rand,vmf_sparse_pca100_lloyd100,reliability_across_halves,tldr17,bookcorpus,-3.897154349775684e-06
pnull,vmf_sparse_pca100_lloyd100_bm_degree,fidelity_across_halves,tldr17,bookcorpus,0.22182902522213785
pnull,vmf_sparse_pca100_lloyd100_bm_degree,reliability_across_halves,tldr17,bookcorpus,0.013119994238349706
rand,vmf_sparse_pca100_lloyd100_bm_degree,fidelity_across_halves,tldr17,bookcorpus,0.03125705730210365
rand,vmf_sparse_pca100_lloyd100_bm_degree,reliability_across_halves,tldr17,bookcorpus,-6.981474453788148e-05
pnull,vmf_pca100_lloyd100,fidelity_across_halves,tldr17,agnews,0.19052069724341988
pnull,vmf_pca100_lloyd100,reliability_across_halves,tldr17,agnews,0.011380933115789606
rand,vmf_pca100_lloyd100,fidelity_across_halves,tldr17,agnews,0.028635247943508493
rand,vmf_pca100_lloyd100,reliability_across_halves,tldr17,agnews,-1.459489347398649e-06
pnull,vmf_pca100_lloyd100_bm_degree,fidelity_across_halves,tldr17,agnews,0.21454623088336758
pnull,vmf_pca100_lloyd100_bm_degree,reliability_across_halves,tldr17,agnews,0.014207598349435954
rand,vmf_pca100_lloyd100_bm_degree,fidelity_across_halves,tldr17,agnews,0.02665334821769421
rand,vmf_pca100_lloyd100_bm_degree,reliability_across_halves,tldr17,agnews,6.676267488090944e-05
pnull,vmf_pca100_lloyd100_bm_double,fidelity_across_halves,tldr17,agnews,0.21407001565292544
pnull,vmf_pca100_lloyd100_bm_double,reliability_across_halves,tldr17,agnews,0.020114243137619506
rand,vmf_pca100_lloyd100_bm_double,fidelity_across_halves,tldr17,agnews,0.027736919018778564
rand,vmf_pca100_lloyd100_bm_double,reliability_across_halves,tldr17,agnews,1.2179266805305323e-06
pnull,vmf_pca100_lloyd100_bm_raw,fidelity_across_halves,tldr17,agnews,0.21640559317809926
pnull,vmf_pca100_lloyd100_bm_raw,reliability_across_halves,tldr17,agnews,0.023012972111186407
rand,vmf_pca100_lloyd100_bm_raw,fidelity_across_halves,tldr17,agnews,0.028636591349012985
rand,vmf_pca100_lloyd100_bm_raw,reliability_across_halves,tldr17,agnews,-0.00022040018663708607
pnull,vmf_pca100_lloyd100_coassoc,fidelity_across_halves,tldr17,agnews,0.18492004537898613
pnull,vmf_pca100_lloyd100_coassoc,reliability_across_halves,tldr17,agnews,0.013509419986697723
rand,vmf_pca100_lloyd100_coassoc,fidelity_across_halves,tldr17,agnews,0.027309876457398026
rand,vmf_pca100_lloyd100_coassoc,reliability_across_halves,tldr17,agnews,-9.55627229420578e-05
pnull,vmf_pca100_lloyd100_coassoc_bm_degree,fidelity_across_halves,tldr17,agnews,0.2131845425404532
pnull,vmf_pca100_lloyd100_coassoc_bm_degree,reliability_across_halves,tldr17,agnews,0.01864993358640002
rand,vmf_pca100_lloyd100_coassoc_bm_degree,fidelity_across_halves,tldr17,agnews,0.030378445592045153
rand,vmf_pca100_lloyd100_coassoc_bm_degree,reliability_across_halves,tldr17,agnews,-7.231640709742325e-05
pnull,vmf_pca100_lloyd100_n200,fidelity_across_halves,tldr17,agnews,0.19146707332215188
pnull,vmf_pca100_lloyd100_n200,reliability_across_halves,tldr17,agnews,0.011301570824711725
rand,vmf_pca100_lloyd100_n200,fidelity_across_halves,tldr17,agnews,0.03530633534442655
rand,vmf_pca100_lloyd100_n200,reliability_across_halves,tldr17,agnews,4.245145330719085e-05
pnull,vmf_pca100_lloyd100_n200_coassoc,fidelity_across_halves,tldr17,agnews,0.1876610385575638
pnull,vmf_pca100_lloyd100_n200_coassoc,reliability_across_halves,tldr17,agnews,0.014537074313227132
rand,vmf_pca100_lloyd100_n200_coassoc,fidelity_across_halves,tldr17,agnews,0.027698706129653073
rand,vmf_pca100_lloyd100_n200_coassoc,reliability_across_halves,tldr17,agnews,5.632334858447291e-05
pnull,vmf_pca100_lloyd200,fidelity_across_halves,tldr17,agnews,0.19846426381305696
pnull,vmf_pca100_lloyd200,reliability_across_halves,tldr17,agnews,0.006218095860386063
rand,vmf_pca100_lloyd200,fidelity_across_halves,tldr17,agnews,0.04188964831999825
rand,vmf_pca100_lloyd200,reliability_across_halves,tldr17,agnews,-2.8174921791508634e-05
pnull,vmf_pca100_lloyd200_bm_degree,fidelity_across_halves,tldr17,agnews,0.21548989205900979
pnull,vmf_pca100_lloyd200_bm_degree,reliability_across_halves,tldr17,agnews,0.008041987545075905
rand,vmf_pca100_lloyd200_bm_degree,fidelity_across_halves,tldr17,agnews,0.04167215606222409
rand,vmf_pca100_lloyd200_bm_degree,reliability_across_halves,tldr17,agnews,-2.1818863422580937e-05
pnull,vmf_pca100_lloyd50,fidelity_across_halves,tldr17,agnews,0.1867816878529868
pnull,vmf_pca100_lloyd50,reliability_across_halves,tldr17,agnews,0.020057051780608952
rand,vmf_pca100_lloyd50,fidelity_across_halves,tldr17,agnews,0.022507594166862176
rand,vmf_pca100_lloyd50,reliability_across_halves,tldr17,agnews,8.162173365658936e-05
pnull,vmf_pca100_lloyd50_bm_degree,fidelity_across_halves,tldr17,agnews,0.21319958795726526
pnull,vmf_pca100_lloyd50_bm_degree,reliability_across_halves,tldr17,agnews,0.025754499855504
rand,vmf_pca100_lloyd50_bm_degree,fidelity_across_halves,tldr17,agnews,0.026142948369310862
rand,vmf_pca100_lloyd50_bm_degree,reliability_across_halves,tldr17,agnews,4.9140195055316056e-05
pnull,vmf_sparse_pca100_lloyd100,fidelity_across_halves,tldr17,agnews,0.1850454137495496
pnull,vmf_sparse_pca100_lloyd100,reliability_across_halves,tldr17,agnews,0.014654331840894801
rand,vmf_sparse_pca100_lloyd100,fidelity_across_halves,tldr17,agnews,0.031363470189825673
rand,vmf_sparse_pca100_lloyd100,reliability_across_halves,tldr17,agnews,6.280274535244643e-05
pnull,vmf_sparse_pca100_lloyd100_bm_degree,fidelity_across_halves,tldr17,agnews,0.2170221714172129
pnull,vmf_sparse_pca100_lloyd100_bm_degree,reliability_across_halves,tldr17,agnews,0.017883957413807505
rand,vmf_sparse_pca100_lloyd100_bm_degree,fidelity_across_halves,tldr17,agnews,0.030320584469221538
rand,vmf_sparse_pca100_lloyd100_bm_degree,reliability_across_halves,tldr17,agnews,-7.113047431593549e-05
