tree,variant,metric,fit,eval,value
real,(ceiling),fidelity_within,wikitext,wikitext,0.9801254890166184
real,(ceiling),fidelity_within_r,wikitext,wikitext,0.990048060108855
real,current,reliability_within,wikitext,wikitext,0.07245530768308794
real,current,fidelity_within,wikitext,wikitext,0.07805297588163795
real,current,fidelity_within_r,wikitext,wikitext,0.2793815324675637
real,current,fidelity_within_insample,wikitext,wikitext,0.07776323125094542
real,current,reliability_ceiling,wikitext,wikitext,0.06527383413331665
real,current,triviality_ami_layer,wikitext,wikitext,0.030679026152422895
real,current,triviality_ami_hubness,wikitext,wikitext,0.03287085535611033
real,current,triviality_n_effective_networks,wikitext,wikitext,49.0
real,current,triviality_median_max_membership,wikitext,wikitext,0.2
real,current,triviality_frac_confident,wikitext,wikitext,0.031350160256410256
real,fisher_pca,reliability_within,wikitext,wikitext,0.19377669234919642
real,fisher_pca,fidelity_within,wikitext,wikitext,0.06172028692017861
real,fisher_pca,fidelity_within_r,wikitext,wikitext,0.24844393066815773
real,fisher_pca,fidelity_within_insample,wikitext,wikitext,0.06093378812132888
real,fisher_pca,reliability_ceiling,wikitext,wikitext,0.10190975198061637
real,fisher_pca,triviality_ami_layer,wikitext,wikitext,0.008055027489420668
real,fisher_pca,triviality_ami_hubness,wikitext,wikitext,0.09689582421992687
real,fisher_pca,triviality_n_effective_networks,wikitext,wikitext,50.0
real,fisher_pca,triviality_median_max_membership,wikitext,wikitext,0.25
real,fisher_pca,triviality_frac_confident,wikitext,wikitext,0.05939503205128205
real,legacy,reliability_within,wikitext,wikitext,0.46223886451837876
real,legacy,fidelity_within,wikitext,wikitext,0.057049976845192085
real,legacy,fidelity_within_r,wikitext,wikitext,0.23885162758070894
real,legacy,fidelity_within_insample,wikitext,wikitext,0.057226049962575076
real,legacy,reliability_ceiling,wikitext,wikitext,0.3729456593732789
real,legacy,triviality_ami_layer,wikitext,wikitext,0.013166500611813228
real,legacy,triviality_ami_hubness,wikitext,wikitext,0.07937225126547605
real,legacy,triviality_n_effective_networks,wikitext,wikitext,49.0
real,legacy,triviality_median_max_membership,wikitext,wikitext,0.35
real,legacy,triviality_frac_confident,wikitext,wikitext,0.288661858974359
real,nopca_fisher,reliability_within,wikitext,wikitext,0.7515360750705852
real,nopca_fisher,fidelity_within,wikitext,wikitext,0.1399178097613848
real,nopca_fisher,fidelity_within_r,wikitext,wikitext,0.37408110516756127
real,nopca_fisher,fidelity_within_insample,wikitext,wikitext,0.13715851197754148
real,nopca_fisher,reliability_ceiling,wikitext,wikitext,0.4566478105603826
real,nopca_fisher,triviality_ami_layer,wikitext,wikitext,0.04052563136341183
real,nopca_fisher,triviality_ami_hubness,wikitext,wikitext,0.2920899706019372
real,nopca_fisher,triviality_n_effective_networks,wikitext,wikitext,25.0
real,nopca_fisher,triviality_median_max_membership,wikitext,wikitext,0.55
real,nopca_fisher,triviality_frac_confident,wikitext,wikitext,0.546875
real,vmf_profile,reliability_within,wikitext,wikitext,0.4819690584131037
real,vmf_profile,fidelity_within,wikitext,wikitext,0.11210441594974185
real,vmf_profile,fidelity_within_r,wikitext,wikitext,0.3348355531394793
real,vmf_profile,fidelity_within_insample,wikitext,wikitext,0.11033050286929202
real,vmf_profile,reliability_ceiling,wikitext,wikitext,0.36441502224611816
real,vmf_profile,triviality_ami_layer,wikitext,wikitext,0.06763491677798956
real,vmf_profile,triviality_ami_hubness,wikitext,wikitext,0.10004501492174543
real,vmf_profile,triviality_n_effective_networks,wikitext,wikitext,50.0
real,vmf_profile,triviality_median_max_membership,wikitext,wikitext,0.4
real,vmf_profile,triviality_frac_confident,wikitext,wikitext,0.24389022435897437
real,(ceiling),fidelity_within,bookcorpus,bookcorpus,0.9932568094407094
real,(ceiling),fidelity_within_r,bookcorpus,bookcorpus,0.9966256066606636
real,current,reliability_within,bookcorpus,bookcorpus,0.11678314371607111
real,current,fidelity_within,bookcorpus,bookcorpus,0.07572568367928012
real,current,fidelity_within_r,bookcorpus,bookcorpus,0.2751889785116154
real,current,fidelity_within_insample,bookcorpus,bookcorpus,0.07574614552033176
real,current,reliability_ceiling,bookcorpus,bookcorpus,0.09348275478510303
real,current,triviality_ami_layer,bookcorpus,bookcorpus,0.027845651622682675
real,current,triviality_ami_hubness,bookcorpus,bookcorpus,0.03578365232107378
real,current,triviality_n_effective_networks,bookcorpus,bookcorpus,50.0
real,current,triviality_median_max_membership,bookcorpus,bookcorpus,0.2
real,current,triviality_frac_confident,bookcorpus,bookcorpus,0.03715945512820513
real,fisher_pca,reliability_within,bookcorpus,bookcorpus,0.02173933044745755
real,fisher_pca,fidelity_within,bookcorpus,bookcorpus,0.056539970808379025
real,fisher_pca,fidelity_within_r,bookcorpus,bookcorpus,0.2377879264541063
real,fisher_pca,fidelity_within_insample,bookcorpus,bookcorpus,0.056649786531895896
real,fisher_pca,reliability_ceiling,bookcorpus,bookcorpus,0.02491637582229684
real,fisher_pca,triviality_ami_layer,bookcorpus,bookcorpus,0.009393425145770722
real,fisher_pca,triviality_ami_hubness,bookcorpus,bookcorpus,0.04115729982727541
real,fisher_pca,triviality_n_effective_networks,bookcorpus,bookcorpus,50.0
real,fisher_pca,triviality_median_max_membership,bookcorpus,bookcorpus,0.15
real,fisher_pca,triviality_frac_confident,bookcorpus,bookcorpus,0.015124198717948718
real,legacy,reliability_within,bookcorpus,bookcorpus,0.49438802268399396
real,legacy,fidelity_within,bookcorpus,bookcorpus,0.06681332441713239
real,legacy,fidelity_within_r,bookcorpus,bookcorpus,0.25848918965647566
real,legacy,fidelity_within_insample,bookcorpus,bookcorpus,0.0667921846621965
real,legacy,reliability_ceiling,bookcorpus,bookcorpus,0.38839754206358357
real,legacy,triviality_ami_layer,bookcorpus,bookcorpus,0.01626845316898177
real,legacy,triviality_ami_hubness,bookcorpus,bookcorpus,0.06932807492080266
real,legacy,triviality_n_effective_networks,bookcorpus,bookcorpus,50.0
real,legacy,triviality_median_max_membership,bookcorpus,bookcorpus,0.35
real,legacy,triviality_frac_confident,bookcorpus,bookcorpus,0.22566105769230768
real,nopca_fisher,reliability_within,bookcorpus,bookcorpus,0.73786650891076
real,nopca_fisher,fidelity_within,bookcorpus,bookcorpus,0.22508924529250762
real,nopca_fisher,fidelity_within_r,bookcorpus,bookcorpus,0.4744437202361362
real,nopca_fisher,fidelity_within_insample,bookcorpus,bookcorpus,0.2238616283611472
real,nopca_fisher,reliability_ceiling,bookcorpus,bookcorpus,0.7035756819590681
real,nopca_fisher,triviality_ami_layer,bookcorpus,bookcorpus,0.02445929437822795
real,nopca_fisher,triviality_ami_hubness,bookcorpus,bookcorpus,0.339586380398222
real,nopca_fisher,triviality_n_effective_networks,bookcorpus,bookcorpus,37.0
real,nopca_fisher,triviality_median_max_membership,bookcorpus,bookcorpus,0.45
real,nopca_fisher,triviality_frac_confident,bookcorpus,bookcorpus,0.4206730769230769
real,vmf_profile,reliability_within,bookcorpus,bookcorpus,0.6152904656378076
real,vmf_profile,fidelity_within,bookcorpus,bookcorpus,0.16623241366421582
real,vmf_profile,fidelity_within_r,bookcorpus,bookcorpus,0.4077221027510331
real,vmf_profile,fidelity_within_insample,bookcorpus,bookcorpus,0.16571622268523467
real,vmf_profile,reliability_ceiling,bookcorpus,bookcorpus,0.4754519829520824
real,vmf_profile,triviality_ami_layer,bookcorpus,bookcorpus,0.034708821149326476
real,vmf_profile,triviality_ami_hubness,bookcorpus,bookcorpus,0.13500170437119396
real,vmf_profile,triviality_n_effective_networks,bookcorpus,bookcorpus,49.0
real,vmf_profile,triviality_median_max_membership,bookcorpus,bookcorpus,0.45
real,vmf_profile,triviality_frac_confident,bookcorpus,bookcorpus,0.3563701923076923
real,(ceiling),fidelity_within,agnews,agnews,0.9846233382613736
real,(ceiling),fidelity_within_r,agnews,agnews,0.9923313927390373
real,current,reliability_within,agnews,agnews,0.11936701556531079
real,current,fidelity_within,agnews,agnews,0.07113871367995162
real,current,fidelity_within_r,agnews,agnews,0.2667412874106913
real,current,fidelity_within_insample,agnews,agnews,0.07130911716168964
real,current,reliability_ceiling,agnews,agnews,0.07717079020181829
real,current,triviality_ami_layer,agnews,agnews,0.02913174365371082
real,current,triviality_ami_hubness,agnews,agnews,0.04143096776436018
real,current,triviality_n_effective_networks,agnews,agnews,50.0
real,current,triviality_median_max_membership,agnews,agnews,0.2
real,current,triviality_frac_confident,agnews,agnews,0.04787660256410257
real,fisher_pca,reliability_within,agnews,agnews,0.18426990081656278
real,fisher_pca,fidelity_within,agnews,agnews,0.06476667174039796
real,fisher_pca,fidelity_within_r,agnews,agnews,0.2545159059553467
real,fisher_pca,fidelity_within_insample,agnews,agnews,0.0645114102117289
real,fisher_pca,reliability_ceiling,agnews,agnews,0.14746621690820752
real,fisher_pca,triviality_ami_layer,agnews,agnews,0.0108245710632007
real,fisher_pca,triviality_ami_hubness,agnews,agnews,0.07457418695329893
real,fisher_pca,triviality_n_effective_networks,agnews,agnews,50.0
real,fisher_pca,triviality_median_max_membership,agnews,agnews,0.25
real,fisher_pca,triviality_frac_confident,agnews,agnews,0.04176682692307692
real,legacy,reliability_within,agnews,agnews,0.4290708412186923
real,legacy,fidelity_within,agnews,agnews,0.06296468891742402
real,legacy,fidelity_within_r,agnews,agnews,0.25095097324819204
real,legacy,fidelity_within_insample,agnews,agnews,0.06286998377021136
real,legacy,reliability_ceiling,agnews,agnews,0.42318149175837355
real,legacy,triviality_ami_layer,agnews,agnews,0.017561188047484536
real,legacy,triviality_ami_hubness,agnews,agnews,0.10055827925446524
real,legacy,triviality_n_effective_networks,agnews,agnews,50.0
real,legacy,triviality_median_max_membership,agnews,agnews,0.35
real,legacy,triviality_frac_confident,agnews,agnews,0.2532051282051282
real,nopca_fisher,reliability_within,agnews,agnews,0.6691075561492541
real,nopca_fisher,fidelity_within,agnews,agnews,0.10941405898373457
real,nopca_fisher,fidelity_within_r,agnews,agnews,0.3307956729082826
real,nopca_fisher,fidelity_within_insample,agnews,agnews,0.10922384210118463
real,nopca_fisher,reliability_ceiling,agnews,agnews,0.7061838428372211
real,nopca_fisher,triviality_ami_layer,agnews,agnews,0.029892164324378554
real,nopca_fisher,triviality_ami_hubness,agnews,agnews,0.27184522602634353
real,nopca_fisher,triviality_n_effective_networks,agnews,agnews,23.0
real,nopca_fisher,triviality_median_max_membership,agnews,agnews,0.5
real,nopca_fisher,triviality_frac_confident,agnews,agnews,0.4862780448717949
real,vmf_profile,reliability_within,agnews,agnews,0.5874036457214441
real,vmf_profile,fidelity_within,agnews,agnews,0.08305275434409287
real,vmf_profile,fidelity_within_r,agnews,agnews,0.28820974462607596
real,vmf_profile,fidelity_within_insample,agnews,agnews,0.0831750595557682
real,vmf_profile,reliability_ceiling,agnews,agnews,0.4612211184144112
real,vmf_profile,triviality_ami_layer,agnews,agnews,0.06855883996569449
real,vmf_profile,triviality_ami_hubness,agnews,agnews,0.0690615774525835
real,vmf_profile,triviality_n_effective_networks,agnews,agnews,50.0
real,vmf_profile,triviality_median_max_membership,agnews,agnews,0.35
real,vmf_profile,triviality_frac_confident,agnews,agnews,0.25410657051282054
real,(ceiling),fidelity_within,tldr17,tldr17,0.977654968251753
real,(ceiling),fidelity_within_r,tldr17,tldr17,0.9889055326739661
real,current,reliability_within,tldr17,tldr17,0.13548179473806513
real,current,fidelity_within,tldr17,tldr17,0.08259886045736409
real,current,fidelity_within_r,tldr17,tldr17,0.28746388226512043
real,current,fidelity_within_insample,tldr17,tldr17,0.08264896625626394
real,current,reliability_ceiling,tldr17,tldr17,0.0721970105778489
real,current,triviality_ami_layer,tldr17,tldr17,0.023420533183215218
real,current,triviality_ami_hubness,tldr17,tldr17,0.031263477107966946
real,current,triviality_n_effective_networks,tldr17,tldr17,49.0
real,current,triviality_median_max_membership,tldr17,tldr17,0.2
real,current,triviality_frac_confident,tldr17,tldr17,0.055989583333333336
real,fisher_pca,reliability_within,tldr17,tldr17,0.11085983232956782
real,fisher_pca,fidelity_within,tldr17,tldr17,0.06345069564001371
real,fisher_pca,fidelity_within_r,tldr17,tldr17,0.2519690807847507
real,fisher_pca,fidelity_within_insample,tldr17,tldr17,0.06376389882942224
real,fisher_pca,reliability_ceiling,tldr17,tldr17,0.02271329504889053
real,fisher_pca,triviality_ami_layer,tldr17,tldr17,0.003653768972248373
real,fisher_pca,triviality_ami_hubness,tldr17,tldr17,0.06452502437254491
real,fisher_pca,triviality_n_effective_networks,tldr17,tldr17,49.0
real,fisher_pca,triviality_median_max_membership,tldr17,tldr17,0.25
real,fisher_pca,triviality_frac_confident,tldr17,tldr17,0.00891426282051282
real,legacy,reliability_within,tldr17,tldr17,0.497309698040293
real,legacy,fidelity_within,tldr17,tldr17,0.06911627512014573
real,legacy,fidelity_within_r,tldr17,tldr17,0.2629722265136607
real,legacy,fidelity_within_insample,tldr17,tldr17,0.06947494868980097
real,legacy,reliability_ceiling,tldr17,tldr17,0.4367199537916743
real,legacy,triviality_ami_layer,tldr17,tldr17,0.017393697866217913
real,legacy,triviality_ami_hubness,tldr17,tldr17,0.1013463023726832
real,legacy,triviality_n_effective_networks,tldr17,tldr17,50.0
real,legacy,triviality_median_max_membership,tldr17,tldr17,0.4
real,legacy,triviality_frac_confident,tldr17,tldr17,0.2959735576923077
real,nopca_fisher,reliability_within,tldr17,tldr17,0.6326405147459363
real,nopca_fisher,fidelity_within,tldr17,tldr17,0.1436565282766128
real,nopca_fisher,fidelity_within_r,tldr17,tldr17,0.3791870227567953
real,nopca_fisher,fidelity_within_insample,tldr17,tldr17,0.14976303861379092
real,nopca_fisher,reliability_ceiling,tldr17,tldr17,0.6987416342803519
real,nopca_fisher,triviality_ami_layer,tldr17,tldr17,0.03171047743490157
real,nopca_fisher,triviality_ami_hubness,tldr17,tldr17,0.29711966551454777
real,nopca_fisher,triviality_n_effective_networks,tldr17,tldr17,26.0
real,nopca_fisher,triviality_median_max_membership,tldr17,tldr17,0.55
real,nopca_fisher,triviality_frac_confident,tldr17,tldr17,0.5569911858974359
real,vmf_profile,reliability_within,tldr17,tldr17,0.3732229523555813
real,vmf_profile,fidelity_within,tldr17,tldr17,0.10843691419304058
real,vmf_profile,fidelity_within_r,tldr17,tldr17,0.3294602014938593
real,vmf_profile,fidelity_within_insample,tldr17,tldr17,0.11318782290813678
real,vmf_profile,reliability_ceiling,tldr17,tldr17,0.3694132844005287
real,vmf_profile,triviality_ami_layer,tldr17,tldr17,0.06489039056863981
real,vmf_profile,triviality_ami_hubness,tldr17,tldr17,0.09723634250900888
real,vmf_profile,triviality_n_effective_networks,tldr17,tldr17,50.0
real,vmf_profile,triviality_median_max_membership,tldr17,tldr17,0.4
real,vmf_profile,triviality_frac_confident,tldr17,tldr17,0.296875
real,(ceiling),fidelity_within,codeparrot,codeparrot,0.7490998081368669
real,(ceiling),fidelity_within_r,codeparrot,codeparrot,0.874630668143073
real,current,reliability_within,codeparrot,codeparrot,0.11361640846226856
real,current,fidelity_within,codeparrot,codeparrot,0.3684850258381389
real,current,fidelity_within_r,codeparrot,codeparrot,0.6126285624927285
real,current,fidelity_within_insample,codeparrot,codeparrot,0.47852827524369357
real,current,reliability_ceiling,codeparrot,codeparrot,0.1727952396854258
real,current,triviality_ami_layer,codeparrot,codeparrot,0.08141819500155859
real,current,triviality_ami_hubness,codeparrot,codeparrot,0.17853650714388355
real,current,triviality_n_effective_networks,codeparrot,codeparrot,50.0
real,current,triviality_median_max_membership,codeparrot,codeparrot,0.3
real,current,triviality_frac_confident,codeparrot,codeparrot,0.13080929487179488
real,fisher_pca,reliability_within,codeparrot,codeparrot,0.08363284238169434
real,fisher_pca,fidelity_within,codeparrot,codeparrot,0.28489889065332086
real,fisher_pca,fidelity_within_r,codeparrot,codeparrot,0.5375132012691743
real,fisher_pca,fidelity_within_insample,codeparrot,codeparrot,0.3543586921022034
real,fisher_pca,reliability_ceiling,codeparrot,codeparrot,0.093637965958821
real,fisher_pca,triviality_ami_layer,codeparrot,codeparrot,0.07840638239064174
real,fisher_pca,triviality_ami_hubness,codeparrot,codeparrot,0.12651100955202027
real,fisher_pca,triviality_n_effective_networks,codeparrot,codeparrot,50.0
real,fisher_pca,triviality_median_max_membership,codeparrot,codeparrot,0.2
real,fisher_pca,triviality_frac_confident,codeparrot,codeparrot,0.05108173076923077
real,legacy,reliability_within,codeparrot,codeparrot,0.2875075648980589
real,legacy,fidelity_within,codeparrot,codeparrot,0.20428732206515465
real,legacy,fidelity_within_r,codeparrot,codeparrot,0.45454909581317793
real,legacy,fidelity_within_insample,codeparrot,codeparrot,0.24404999433213825
real,legacy,reliability_ceiling,codeparrot,codeparrot,0.40635827247277034
real,legacy,triviality_ami_layer,codeparrot,codeparrot,0.08384165532051747
real,legacy,triviality_ami_hubness,codeparrot,codeparrot,0.0951653712215899
real,legacy,triviality_n_effective_networks,codeparrot,codeparrot,50.0
real,legacy,triviality_median_max_membership,codeparrot,codeparrot,0.3
real,legacy,triviality_frac_confident,codeparrot,codeparrot,0.18900240384615385
real,nopca_fisher,reliability_within,codeparrot,codeparrot,0.24921645692304326
real,nopca_fisher,fidelity_within,codeparrot,codeparrot,0.6053298385772279
real,nopca_fisher,fidelity_within_r,codeparrot,codeparrot,0.7830477964215868
real,nopca_fisher,fidelity_within_insample,codeparrot,codeparrot,0.7550819579962955
real,nopca_fisher,reliability_ceiling,codeparrot,codeparrot,0.5351994528236237
real,nopca_fisher,triviality_ami_layer,codeparrot,codeparrot,0.04697303393449576
real,nopca_fisher,triviality_ami_hubness,codeparrot,codeparrot,0.5074326901986781
real,nopca_fisher,triviality_n_effective_networks,codeparrot,codeparrot,50.0
real,nopca_fisher,triviality_median_max_membership,codeparrot,codeparrot,0.5
real,nopca_fisher,triviality_frac_confident,codeparrot,codeparrot,0.45142227564102566
real,vmf_profile,reliability_within,codeparrot,codeparrot,0.1924012656041574
real,vmf_profile,fidelity_within,codeparrot,codeparrot,0.43796126618523934
real,vmf_profile,fidelity_within_r,codeparrot,codeparrot,0.6679393585643808
real,vmf_profile,fidelity_within_insample,codeparrot,codeparrot,0.570895683171161
real,vmf_profile,reliability_ceiling,codeparrot,codeparrot,0.32852795823472547
real,vmf_profile,triviality_ami_layer,codeparrot,codeparrot,0.06359887193778876
real,vmf_profile,triviality_ami_hubness,codeparrot,codeparrot,0.23497626500974395
real,vmf_profile,triviality_n_effective_networks,codeparrot,codeparrot,50.0
real,vmf_profile,triviality_median_max_membership,codeparrot,codeparrot,0.45
real,vmf_profile,triviality_frac_confident,codeparrot,codeparrot,0.3272235576923077
real,(ceiling),fidelity_within,random,random,0.9940193440617267
real,(ceiling),fidelity_within_r,random,random,0.9970089562565188
real,current,reliability_within,random,random,0.06741894939702771
real,current,fidelity_within,random,random,0.06118615731470323
real,current,fidelity_within_r,random,random,0.24735848120693782
real,current,fidelity_within_insample,random,random,0.06133342369219097
real,current,reliability_ceiling,random,random,0.02931172887847261
real,current,triviality_ami_layer,random,random,0.012658424272471769
real,current,triviality_ami_hubness,random,random,0.044357260888512356
real,current,triviality_n_effective_networks,random,random,49.0
real,current,triviality_median_max_membership,random,random,0.15
real,current,triviality_frac_confident,random,random,0.020332532051282052
real,fisher_pca,reliability_within,random,random,0.1646685499621317
real,fisher_pca,fidelity_within,random,random,0.01904817437310713
real,fisher_pca,fidelity_within_r,random,random,0.13801516388677845
real,fisher_pca,fidelity_within_insample,random,random,0.019078293225857634
real,fisher_pca,reliability_ceiling,random,random,0.1763464706134
real,fisher_pca,triviality_ami_layer,random,random,-0.0027713104556284967
real,fisher_pca,triviality_ami_hubness,random,random,0.021868065837465134
real,fisher_pca,triviality_n_effective_networks,random,random,34.0
real,fisher_pca,triviality_median_max_membership,random,random,0.4
real,fisher_pca,triviality_frac_confident,random,random,0.2663261217948718
real,legacy,reliability_within,random,random,0.3194686104470864
real,legacy,fidelity_within,random,random,0.06236116865094832
real,legacy,fidelity_within_r,random,random,0.2497222688814044
real,legacy,fidelity_within_insample,random,random,0.06229593696426128
real,legacy,reliability_ceiling,random,random,0.2836877276242942
real,legacy,triviality_ami_layer,random,random,0.080057967846693
real,legacy,triviality_ami_hubness,random,random,0.10669052650064564
real,legacy,triviality_n_effective_networks,random,random,50.0
real,legacy,triviality_median_max_membership,random,random,0.3
real,legacy,triviality_frac_confident,random,random,0.18189102564102563
real,nopca_fisher,reliability_within,random,random,0.7126902276896605
real,nopca_fisher,fidelity_within,random,random,0.1356695801577924
real,nopca_fisher,fidelity_within_r,random,random,0.36833369882568423
real,nopca_fisher,fidelity_within_insample,random,random,0.13547423637368017
real,nopca_fisher,reliability_ceiling,random,random,0.6507172301786843
real,nopca_fisher,triviality_ami_layer,random,random,0.07655438855686085
real,nopca_fisher,triviality_ami_hubness,random,random,0.33143545798799257
real,nopca_fisher,triviality_n_effective_networks,random,random,25.0
real,nopca_fisher,triviality_median_max_membership,random,random,0.5
real,nopca_fisher,triviality_frac_confident,random,random,0.45813301282051283
real,vmf_profile,reliability_within,random,random,0.47560088780988546
real,vmf_profile,fidelity_within,random,random,0.11357528613913959
real,vmf_profile,fidelity_within_r,random,random,0.33700933728675075
real,vmf_profile,fidelity_within_insample,random,random,0.11366027874669327
real,vmf_profile,reliability_ceiling,random,random,0.39930115370524344
real,vmf_profile,triviality_ami_layer,random,random,0.033334007067421255
real,vmf_profile,triviality_ami_hubness,random,random,0.12146430087198735
real,vmf_profile,triviality_n_effective_networks,random,random,50.0
real,vmf_profile,triviality_median_max_membership,random,random,0.35
real,vmf_profile,triviality_frac_confident,random,random,0.24128605769230768
real,(ceiling),fidelity_within,whitespace,whitespace,1.0
real,(ceiling),fidelity_within_r,whitespace,whitespace,0.9999999999999998
real,current,reliability_within,whitespace,whitespace,0.26429385254941906
real,current,fidelity_within,whitespace,whitespace,0.6467828604831521
real,current,fidelity_within_r,whitespace,whitespace,0.804228114705731
real,current,fidelity_within_insample,whitespace,whitespace,0.6467828604831521
real,current,reliability_ceiling,whitespace,whitespace,0.2408454093387001
real,current,triviality_ami_layer,whitespace,whitespace,0.07032097941172048
real,current,triviality_ami_hubness,whitespace,whitespace,0.28261197505742625
real,current,triviality_n_effective_networks,whitespace,whitespace,50.0
real,current,triviality_median_max_membership,whitespace,whitespace,0.4
real,current,triviality_frac_confident,whitespace,whitespace,0.24749599358974358
real,fisher_pca,reliability_within,whitespace,whitespace,0.30425918010259756
real,fisher_pca,fidelity_within,whitespace,whitespace,0.6099449506811667
real,fisher_pca,fidelity_within_r,whitespace,whitespace,0.780989725080442
real,fisher_pca,fidelity_within_insample,whitespace,whitespace,0.6099449506811667
real,fisher_pca,reliability_ceiling,whitespace,whitespace,0.2758626295211153
real,fisher_pca,triviality_ami_layer,whitespace,whitespace,0.09183516356201667
real,fisher_pca,triviality_ami_hubness,whitespace,whitespace,0.2715412703462199
real,fisher_pca,triviality_n_effective_networks,whitespace,whitespace,50.0
real,fisher_pca,triviality_median_max_membership,whitespace,whitespace,0.4
real,fisher_pca,triviality_frac_confident,whitespace,whitespace,0.21233974358974358
real,legacy,reliability_within,whitespace,whitespace,0.6677512366801898
real,legacy,fidelity_within,whitespace,whitespace,0.21704021445574306
real,legacy,fidelity_within_r,whitespace,whitespace,0.4658757500189866
real,legacy,fidelity_within_insample,whitespace,whitespace,0.21704021445574306
real,legacy,reliability_ceiling,whitespace,whitespace,0.5243927124610553
real,legacy,triviality_ami_layer,whitespace,whitespace,0.11900813638692559
real,legacy,triviality_ami_hubness,whitespace,whitespace,0.19850849997871026
real,legacy,triviality_n_effective_networks,whitespace,whitespace,37.0
real,legacy,triviality_median_max_membership,whitespace,whitespace,0.5
real,legacy,triviality_frac_confident,whitespace,whitespace,0.4980969551282051
real,nopca_fisher,reliability_within,whitespace,whitespace,0.5910764412433805
real,nopca_fisher,fidelity_within,whitespace,whitespace,0.7469449531908918
real,nopca_fisher,fidelity_within_r,whitespace,whitespace,0.8642597718226234
real,nopca_fisher,fidelity_within_insample,whitespace,whitespace,0.7469449531908918
real,nopca_fisher,reliability_ceiling,whitespace,whitespace,0.5340226712758241
real,nopca_fisher,triviality_ami_layer,whitespace,whitespace,0.08551927987558663
real,nopca_fisher,triviality_ami_hubness,whitespace,whitespace,0.4394657006560826
real,nopca_fisher,triviality_n_effective_networks,whitespace,whitespace,50.0
real,nopca_fisher,triviality_median_max_membership,whitespace,whitespace,0.55
real,nopca_fisher,triviality_frac_confident,whitespace,whitespace,0.5728165064102564
real,vmf_profile,reliability_within,whitespace,whitespace,0.43786127361970023
real,vmf_profile,fidelity_within,whitespace,whitespace,0.6777290922604818
real,vmf_profile,fidelity_within_r,whitespace,whitespace,0.8232430335329199
real,vmf_profile,fidelity_within_insample,whitespace,whitespace,0.6777290922604818
real,vmf_profile,reliability_ceiling,whitespace,whitespace,0.4748653834931887
real,vmf_profile,triviality_ami_layer,whitespace,whitespace,0.058732475983119405
real,vmf_profile,triviality_ami_hubness,whitespace,whitespace,0.2690109333363676
real,vmf_profile,triviality_n_effective_networks,whitespace,whitespace,50.0
real,vmf_profile,triviality_median_max_membership,whitespace,whitespace,0.55
real,vmf_profile,triviality_frac_confident,whitespace,whitespace,0.5172275641025641
real,(ceiling),fidelity_across,wikitext,bookcorpus,0.5466188420503373
real,current,fidelity_across,wikitext,bookcorpus,0.21493721935037638
real,current,reliability_across,wikitext,bookcorpus,0.03809130685451061
real,fisher_pca,fidelity_across,wikitext,bookcorpus,0.21414095307575903
real,fisher_pca,reliability_across,wikitext,bookcorpus,0.04867976417520785
real,legacy,fidelity_across,wikitext,bookcorpus,0.21323128124708615
real,legacy,reliability_across,wikitext,bookcorpus,0.2610372094077264
real,nopca_fisher,fidelity_across,wikitext,bookcorpus,0.3027440157390386
real,nopca_fisher,reliability_across,wikitext,bookcorpus,0.18883564893355587
real,vmf_profile,fidelity_across,wikitext,bookcorpus,0.24949674880962386
real,vmf_profile,reliability_across,wikitext,bookcorpus,0.10302531582777125
real,(ceiling),fidelity_across,wikitext,agnews,0.6023094325019461
real,current,fidelity_across,wikitext,agnews,0.23694231852510958
real,current,reliability_across,wikitext,agnews,0.04390906136867884
real,fisher_pca,fidelity_across,wikitext,agnews,0.21755850142916283
real,fisher_pca,reliability_across,wikitext,agnews,0.19323258160559925
real,legacy,fidelity_across,wikitext,agnews,0.2169210717047656
real,legacy,reliability_across,wikitext,agnews,0.2862833034971458
real,nopca_fisher,fidelity_across,wikitext,agnews,0.2280397744870008
real,nopca_fisher,reliability_across,wikitext,agnews,0.1934058313484845
real,vmf_profile,fidelity_across,wikitext,agnews,0.19817927005711264
real,vmf_profile,reliability_across,wikitext,agnews,0.12793996848486064
real,(ceiling),fidelity_across,wikitext,tldr17,0.5425762276030526
real,current,fidelity_across,wikitext,tldr17,0.22390383101129344
real,current,reliability_across,wikitext,tldr17,0.03419101910291829
real,fisher_pca,fidelity_across,wikitext,tldr17,0.21589521557356928
real,fisher_pca,reliability_across,wikitext,tldr17,0.14430819649935822
real,legacy,fidelity_across,wikitext,tldr17,0.21181373458856562
real,legacy,reliability_across,wikitext,tldr17,0.24584794533630847
real,nopca_fisher,fidelity_across,wikitext,tldr17,0.22934245519992863
real,nopca_fisher,reliability_across,wikitext,tldr17,0.18163121944003013
real,vmf_profile,fidelity_across,wikitext,tldr17,0.19479096360143242
real,vmf_profile,reliability_across,wikitext,tldr17,0.06506289953933365
real,(ceiling),fidelity_across,wikitext,codeparrot,0.15553313921166909
real,current,fidelity_across,wikitext,codeparrot,0.10067082487235068
real,current,reliability_across,wikitext,codeparrot,0.011378862544780616
real,fisher_pca,fidelity_across,wikitext,codeparrot,0.11128696752643212
real,fisher_pca,reliability_across,wikitext,codeparrot,0.007535353826464774
real,legacy,fidelity_across,wikitext,codeparrot,0.0973288680552879
real,legacy,reliability_across,wikitext,codeparrot,0.0692208761036444
real,nopca_fisher,fidelity_across,wikitext,codeparrot,0.1111932019884397
real,nopca_fisher,reliability_across,wikitext,codeparrot,0.00968573928725342
real,vmf_profile,fidelity_across,wikitext,codeparrot,0.08522037611571032
real,vmf_profile,reliability_across,wikitext,codeparrot,0.01369646054970855
real,(ceiling),fidelity_across,wikitext,random,0.3965247736239997
real,current,fidelity_across,wikitext,random,0.16236475870743947
real,current,reliability_across,wikitext,random,0.010600820218338055
real,fisher_pca,fidelity_across,wikitext,random,0.16462768298251984
real,fisher_pca,reliability_across,wikitext,random,0.09168678476874781
real,legacy,fidelity_across,wikitext,random,0.1679544053717766
real,legacy,reliability_across,wikitext,random,0.05435678118589048
real,nopca_fisher,fidelity_across,wikitext,random,0.1211724153617349
real,nopca_fisher,reliability_across,wikitext,random,0.028842344860226386
real,vmf_profile,fidelity_across,wikitext,random,0.1186842082732561
real,vmf_profile,reliability_across,wikitext,random,0.035861879108698806
real,(ceiling),fidelity_across,wikitext,whitespace,0.02215006589399315
real,current,fidelity_across,wikitext,whitespace,0.023548695977642278
real,current,reliability_across,wikitext,whitespace,0.0052738055233138665
real,fisher_pca,fidelity_across,wikitext,whitespace,0.04689319180379114
real,fisher_pca,reliability_across,wikitext,whitespace,0.0038173432724788467
real,legacy,fidelity_across,wikitext,whitespace,0.05020615552115295
real,legacy,reliability_across,wikitext,whitespace,-0.009860154694284778
real,nopca_fisher,fidelity_across,wikitext,whitespace,0.0002739817213110626
real,nopca_fisher,reliability_across,wikitext,whitespace,0.0015723491392255835
real,vmf_profile,fidelity_across,wikitext,whitespace,0.0025010391549414516
real,vmf_profile,reliability_across,wikitext,whitespace,0.002134641577365497
real,(ceiling),fidelity_across,bookcorpus,wikitext,0.5466188420503372
real,current,fidelity_across,bookcorpus,wikitext,0.2095460368728428
real,current,reliability_across,bookcorpus,wikitext,0.03809130685451061
real,fisher_pca,fidelity_across,bookcorpus,wikitext,0.19101542027694182
real,fisher_pca,reliability_across,bookcorpus,wikitext,0.04867976417520785
real,legacy,fidelity_across,bookcorpus,wikitext,0.20979686141895124
real,legacy,reliability_across,bookcorpus,wikitext,0.2610372094077264
real,nopca_fisher,fidelity_across,bookcorpus,wikitext,0.2605904765664913
real,nopca_fisher,reliability_across,bookcorpus,wikitext,0.18883564893355587
real,vmf_profile,fidelity_across,bookcorpus,wikitext,0.21481747748234606
real,vmf_profile,reliability_across,bookcorpus,wikitext,0.10302531582777125
real,(ceiling),fidelity_across,bookcorpus,agnews,0.42538220810453253
real,current,fidelity_across,bookcorpus,agnews,0.1567557383231134
real,current,reliability_across,bookcorpus,agnews,0.028603593762533176
real,fisher_pca,fidelity_across,bookcorpus,agnews,0.15707784877305767
real,fisher_pca,reliability_across,bookcorpus,agnews,0.030067208464189105
real,legacy,fidelity_across,bookcorpus,agnews,0.1880253754172312
real,legacy,reliability_across,bookcorpus,agnews,0.24347436440161274
real,nopca_fisher,fidelity_across,bookcorpus,agnews,0.16004750738778772
real,nopca_fisher,reliability_across,bookcorpus,agnews,0.10349233036258655
real,vmf_profile,fidelity_across,bookcorpus,agnews,0.12456760260350816
real,vmf_profile,reliability_across,bookcorpus,agnews,0.056253347787546655
real,(ceiling),fidelity_across,bookcorpus,tldr17,0.5532346231608439
real,current,fidelity_across,bookcorpus,tldr17,0.18237159128942193
real,current,reliability_across,bookcorpus,tldr17,0.03489007937599548
real,fisher_pca,fidelity_across,bookcorpus,tldr17,0.17737134879707642
real,fisher_pca,reliability_across,bookcorpus,tldr17,0.032735891910221596
real,legacy,fidelity_across,bookcorpus,tldr17,0.21142884518618615
real,legacy,reliability_across,bookcorpus,tldr17,0.2536743672275726
real,nopca_fisher,fidelity_across,bookcorpus,tldr17,0.20141675597005618
real,nopca_fisher,reliability_across,bookcorpus,tldr17,0.13272254953092102
real,vmf_profile,fidelity_across,bookcorpus,tldr17,0.15886289504193815
real,vmf_profile,reliability_across,bookcorpus,tldr17,0.05807195243012157
real,(ceiling),fidelity_across,bookcorpus,codeparrot,0.11324691627973242
real,current,fidelity_across,bookcorpus,codeparrot,0.07800703125908727
real,current,reliability_across,bookcorpus,codeparrot,0.009702178003471746
real,fisher_pca,fidelity_across,bookcorpus,codeparrot,0.07220605758484891
real,fisher_pca,reliability_across,bookcorpus,codeparrot,0.007643408935909235
real,legacy,fidelity_across,bookcorpus,codeparrot,0.06357579772760512
real,legacy,reliability_across,bookcorpus,codeparrot,0.04459008397865776
real,nopca_fisher,fidelity_across,bookcorpus,codeparrot,0.0677347164123896
real,nopca_fisher,reliability_across,bookcorpus,codeparrot,0.0068949970053128005
real,vmf_profile,fidelity_across,bookcorpus,codeparrot,0.06417835202704263
real,vmf_profile,reliability_across,bookcorpus,codeparrot,0.010735230999230377
real,(ceiling),fidelity_across,bookcorpus,random,0.32520835752117894
real,current,fidelity_across,bookcorpus,random,0.11216975989244551
real,current,reliability_across,bookcorpus,random,0.010714647344477423
real,fisher_pca,fidelity_across,bookcorpus,random,0.11383661042918287
real,fisher_pca,reliability_across,bookcorpus,random,0.021484588792888136
real,legacy,fidelity_across,bookcorpus,random,0.14843781077525767
real,legacy,reliability_across,bookcorpus,random,0.0784160695094948
real,nopca_fisher,fidelity_across,bookcorpus,random,0.09713096633325315
real,nopca_fisher,reliability_across,bookcorpus,random,0.030909941852748386
real,vmf_profile,fidelity_across,bookcorpus,random,0.08116928658716474
real,vmf_profile,reliability_across,bookcorpus,random,0.019190567254695444
real,(ceiling),fidelity_across,bookcorpus,whitespace,0.02942963791115192
real,current,fidelity_across,bookcorpus,whitespace,0.016002206862975023
real,current,reliability_across,bookcorpus,whitespace,0.0045233896327918416
real,fisher_pca,fidelity_across,bookcorpus,whitespace,0.04226277845589484
real,fisher_pca,reliability_across,bookcorpus,whitespace,0.006365362351881724
real,legacy,fidelity_across,bookcorpus,whitespace,0.05570028035421998
real,legacy,reliability_across,bookcorpus,whitespace,-0.03069428141179268
real,nopca_fisher,fidelity_across,bookcorpus,whitespace,0.022263989117809906
real,nopca_fisher,reliability_across,bookcorpus,whitespace,0.00025896252362816227
real,vmf_profile,fidelity_across,bookcorpus,whitespace,0.004463175396051723
real,vmf_profile,reliability_across,bookcorpus,whitespace,0.0021505049618230497
real,(ceiling),fidelity_across,agnews,wikitext,0.602309432501946
real,current,fidelity_across,agnews,wikitext,0.2257765576059949
real,current,reliability_across,agnews,wikitext,0.04390906136867884
real,fisher_pca,fidelity_across,agnews,wikitext,0.2209234403016237
real,fisher_pca,reliability_across,agnews,wikitext,0.19323258160559925
real,legacy,fidelity_across,agnews,wikitext,0.21100275316202388
real,legacy,reliability_across,agnews,wikitext,0.2862833034971458
real,nopca_fisher,fidelity_across,agnews,wikitext,0.26620839706518484
real,nopca_fisher,reliability_across,agnews,wikitext,0.1934058313484845
real,vmf_profile,fidelity_across,agnews,wikitext,0.2244708753230092
real,vmf_profile,reliability_across,agnews,wikitext,0.12793996848486064
real,(ceiling),fidelity_across,agnews,bookcorpus,0.42538220810453253
real,current,fidelity_across,agnews,bookcorpus,0.1900272438839509
real,current,reliability_across,agnews,bookcorpus,0.028603593762533176
real,fisher_pca,fidelity_across,agnews,bookcorpus,0.19673424247527907
real,fisher_pca,reliability_across,agnews,bookcorpus,0.030067208464189105
real,legacy,fidelity_across,agnews,bookcorpus,0.18359189027633444
real,legacy,reliability_across,agnews,bookcorpus,0.24347436440161274
real,nopca_fisher,fidelity_across,agnews,bookcorpus,0.2153813386340834
real,nopca_fisher,reliability_across,agnews,bookcorpus,0.10349233036258655
real,vmf_profile,fidelity_across,agnews,bookcorpus,0.18192389529018396
real,vmf_profile,reliability_across,agnews,bookcorpus,0.056253347787546655
real,(ceiling),fidelity_across,agnews,tldr17,0.5165559481581137
real,current,fidelity_across,agnews,tldr17,0.21556174549484353
real,current,reliability_across,agnews,tldr17,0.02793956113275949
real,fisher_pca,fidelity_across,agnews,tldr17,0.21237805533158496
real,fisher_pca,reliability_across,agnews,tldr17,0.21753984175068639
real,legacy,fidelity_across,agnews,tldr17,0.20853790399405867
real,legacy,reliability_across,agnews,tldr17,0.23260379021341104
real,nopca_fisher,fidelity_across,agnews,tldr17,0.24362140204187738
real,nopca_fisher,reliability_across,agnews,tldr17,0.1755890837998605
real,vmf_profile,fidelity_across,agnews,tldr17,0.2090566071924924
real,vmf_profile,reliability_across,agnews,tldr17,0.0729964673800741
real,(ceiling),fidelity_across,agnews,codeparrot,0.15023444512355313
real,current,fidelity_across,agnews,codeparrot,0.08146013590586224
real,current,reliability_across,agnews,codeparrot,0.012194876337626928
real,fisher_pca,fidelity_across,agnews,codeparrot,0.07113123052314321
real,fisher_pca,reliability_across,agnews,codeparrot,0.0038902540927367884
real,legacy,fidelity_across,agnews,codeparrot,0.08395888907581514
real,legacy,reliability_across,agnews,codeparrot,0.0688839397086484
real,nopca_fisher,fidelity_across,agnews,codeparrot,0.09536263243093092
real,nopca_fisher,reliability_across,agnews,codeparrot,0.009742270390478093
real,vmf_profile,fidelity_across,agnews,codeparrot,0.07610837302990947
real,vmf_profile,reliability_across,agnews,codeparrot,0.019902851969410627
real,(ceiling),fidelity_across,agnews,random,0.4484324999233414
real,current,fidelity_across,agnews,random,0.16688341028752246
real,current,reliability_across,agnews,random,0.012460241237213473
real,fisher_pca,fidelity_across,agnews,random,0.167290802489519
real,fisher_pca,reliability_across,agnews,random,0.13010599791611613
real,legacy,fidelity_across,agnews,random,0.1764598186062058
real,legacy,reliability_across,agnews,random,0.07046291955934873
real,nopca_fisher,fidelity_across,agnews,random,0.1727040887051023
real,nopca_fisher,reliability_across,agnews,random,0.09950893209378202
real,vmf_profile,fidelity_across,agnews,random,0.16762247620112156
real,vmf_profile,reliability_across,agnews,random,0.09192143180283743
real,(ceiling),fidelity_across,agnews,whitespace,0.04543504555121564
real,current,fidelity_across,agnews,whitespace,0.03470382405819396
real,current,reliability_across,agnews,whitespace,0.0062567862121149865
real,fisher_pca,fidelity_across,agnews,whitespace,0.045124796360181116
real,fisher_pca,reliability_across,agnews,whitespace,0.00265286861071435
real,legacy,fidelity_across,agnews,whitespace,0.05606571520279539
real,legacy,reliability_across,agnews,whitespace,-0.04247031124113257
real,nopca_fisher,fidelity_across,agnews,whitespace,0.0547512046671774
real,nopca_fisher,reliability_across,agnews,whitespace,0.005641469752701775
real,vmf_profile,fidelity_across,agnews,whitespace,0.04615561415079475
real,vmf_profile,reliability_across,agnews,whitespace,-0.0011989753575118178
real,(ceiling),fidelity_across,tldr17,wikitext,0.5425762276030527
real,current,fidelity_across,tldr17,wikitext,0.21096935132883285
real,current,reliability_across,tldr17,wikitext,0.03419101910291829
real,fisher_pca,fidelity_across,tldr17,wikitext,0.19361409489155756
real,fisher_pca,reliability_across,tldr17,wikitext,0.14430819649935822
real,legacy,fidelity_across,tldr17,wikitext,0.21034051443433677
real,legacy,reliability_across,tldr17,wikitext,0.24584794533630847
real,nopca_fisher,fidelity_across,tldr17,wikitext,0.24161732682104461
real,nopca_fisher,reliability_across,tldr17,wikitext,0.18163121944003013
real,vmf_profile,fidelity_across,tldr17,wikitext,0.2113787384423982
real,vmf_profile,reliability_across,tldr17,wikitext,0.06506289953933365
real,(ceiling),fidelity_across,tldr17,bookcorpus,0.5532346231608439
real,current,fidelity_across,tldr17,bookcorpus,0.21221475517262534
real,current,reliability_across,tldr17,bookcorpus,0.03489007937599548
real,fisher_pca,fidelity_across,tldr17,bookcorpus,0.19940791214160458
real,fisher_pca,reliability_across,tldr17,bookcorpus,0.032735891910221596
real,legacy,fidelity_across,tldr17,bookcorpus,0.21280042945280192
real,legacy,reliability_across,tldr17,bookcorpus,0.2536743672275726
real,nopca_fisher,fidelity_across,tldr17,bookcorpus,0.24728397240338212
real,nopca_fisher,reliability_across,tldr17,bookcorpus,0.13272254953092102
real,vmf_profile,fidelity_across,tldr17,bookcorpus,0.2077306376004556
real,vmf_profile,reliability_across,tldr17,bookcorpus,0.05807195243012157
real,(ceiling),fidelity_across,tldr17,agnews,0.5165559481581137
real,current,fidelity_across,tldr17,agnews,0.1995444022801611
real,current,reliability_across,tldr17,agnews,0.02793956113275949
real,fisher_pca,fidelity_across,tldr17,agnews,0.18475178315858234
real,fisher_pca,reliability_across,tldr17,agnews,0.21753984175068639
real,legacy,fidelity_across,tldr17,agnews,0.21312462422153092
real,legacy,reliability_across,tldr17,agnews,0.23260379021341104
real,nopca_fisher,fidelity_across,tldr17,agnews,0.22013483385542756
real,nopca_fisher,reliability_across,tldr17,agnews,0.1755890837998605
real,vmf_profile,fidelity_across,tldr17,agnews,0.19582944525220752
real,vmf_profile,reliability_across,tldr17,agnews,0.0729964673800741
real,(ceiling),fidelity_across,tldr17,codeparrot,0.18349812180415218
real,current,fidelity_across,tldr17,codeparrot,0.10591497722779755
real,current,reliability_across,tldr17,codeparrot,0.014984012894400016
real,fisher_pca,fidelity_across,tldr17,codeparrot,0.07250660925513357
real,fisher_pca,reliability_across,tldr17,codeparrot,0.004182910786561846
real,legacy,fidelity_across,tldr17,codeparrot,0.11193785955020555
real,legacy,reliability_across,tldr17,codeparrot,0.07252724762879963
real,nopca_fisher,fidelity_across,tldr17,codeparrot,0.17049766038191372
real,nopca_fisher,reliability_across,tldr17,codeparrot,0.017932108421523554
real,vmf_profile,fidelity_across,tldr17,codeparrot,0.13112598476991164
real,vmf_profile,reliability_across,tldr17,codeparrot,0.016098305146549148
real,(ceiling),fidelity_across,tldr17,random,0.35368056298707246
real,current,fidelity_across,tldr17,random,0.13737595486819737
real,current,reliability_across,tldr17,random,0.01214769022455913
real,fisher_pca,fidelity_across,tldr17,random,0.13052246080813473
real,fisher_pca,reliability_across,tldr17,random,0.12272397243014817
real,legacy,fidelity_across,tldr17,random,0.1606977067846382
real,legacy,reliability_across,tldr17,random,0.04917268018434139
real,nopca_fisher,fidelity_across,tldr17,random,0.11733873957736858
real,nopca_fisher,reliability_across,tldr17,random,0.020964602513002185
real,vmf_profile,fidelity_across,tldr17,random,0.1164771612826608
real,vmf_profile,reliability_across,tldr17,random,0.019045636614456803
real,(ceiling),fidelity_across,tldr17,whitespace,0.030067436902856452
real,current,fidelity_across,tldr17,whitespace,0.015038800146863037
real,current,reliability_across,tldr17,whitespace,0.00607159291825327
real,fisher_pca,fidelity_across,tldr17,whitespace,0.03998926558626393
real,fisher_pca,reliability_across,tldr17,whitespace,0.0013545565673655873
real,legacy,fidelity_across,tldr17,whitespace,0.05375721654275312
real,legacy,reliability_across,tldr17,whitespace,-0.015171317746929248
real,nopca_fisher,fidelity_across,tldr17,whitespace,0.017133155393157944
real,nopca_fisher,reliability_across,tldr17,whitespace,0.001001710580869514
real,vmf_profile,fidelity_across,tldr17,whitespace,0.008030846382335272
real,vmf_profile,reliability_across,tldr17,whitespace,0.006199697432973199
real,(ceiling),fidelity_across,codeparrot,wikitext,0.15553313921166909
real,current,fidelity_across,codeparrot,wikitext,0.04333594955456194
real,current,reliability_across,codeparrot,wikitext,0.011378862544780616
real,fisher_pca,fidelity_across,codeparrot,wikitext,0.0400108722006193
real,fisher_pca,reliability_across,codeparrot,wikitext,0.007535353826464774
real,legacy,fidelity_across,codeparrot,wikitext,0.08007841773574181
real,legacy,reliability_across,codeparrot,wikitext,0.0692208761036444
real,nopca_fisher,fidelity_across,codeparrot,wikitext,0.06082346933390363
real,nopca_fisher,reliability_across,codeparrot,wikitext,0.00968573928725342
real,vmf_profile,fidelity_across,codeparrot,wikitext,0.045501735707545135
real,vmf_profile,reliability_across,codeparrot,wikitext,0.01369646054970855
real,(ceiling),fidelity_across,codeparrot,bookcorpus,0.11324691627973243
real,current,fidelity_across,codeparrot,bookcorpus,0.025983784781925184
real,current,reliability_across,codeparrot,bookcorpus,0.009702178003471746
real,fisher_pca,fidelity_across,codeparrot,bookcorpus,0.024858803289224032
real,fisher_pca,reliability_across,codeparrot,bookcorpus,0.007643408935909235
real,legacy,fidelity_across,codeparrot,bookcorpus,0.06279495985953032
real,legacy,reliability_across,codeparrot,bookcorpus,0.04459008397865776
real,nopca_fisher,fidelity_across,codeparrot,bookcorpus,0.03683152854866359
real,nopca_fisher,reliability_across,codeparrot,bookcorpus,0.0068949970053128005
real,vmf_profile,fidelity_across,codeparrot,bookcorpus,0.02626220479544583
real,vmf_profile,reliability_across,codeparrot,bookcorpus,0.010735230999230377
real,(ceiling),fidelity_across,codeparrot,agnews,0.15023444512355313
real,current,fidelity_across,codeparrot,agnews,0.034335502852368006
real,current,reliability_across,codeparrot,agnews,0.012194876337626928
real,fisher_pca,fidelity_across,codeparrot,agnews,0.03347202078859446
real,fisher_pca,reliability_across,codeparrot,agnews,0.0038902540927367884
real,legacy,fidelity_across,codeparrot,agnews,0.06688559878628633
real,legacy,reliability_across,codeparrot,agnews,0.0688839397086484
real,nopca_fisher,fidelity_across,codeparrot,agnews,0.050292269335259265
real,nopca_fisher,reliability_across,codeparrot,agnews,0.009742270390478093
real,vmf_profile,fidelity_across,codeparrot,agnews,0.03355578085107138
real,vmf_profile,reliability_across,codeparrot,agnews,0.019902851969410627
real,(ceiling),fidelity_across,codeparrot,tldr17,0.1834981218041522
real,current,fidelity_across,codeparrot,tldr17,0.06923787832096637
real,current,reliability_across,codeparrot,tldr17,0.014984012894400016
real,fisher_pca,fidelity_across,codeparrot,tldr17,0.05925548939749715
real,fisher_pca,reliability_across,codeparrot,tldr17,0.004182910786561846
real,legacy,fidelity_across,codeparrot,tldr17,0.10123949054031132
real,legacy,reliability_across,codeparrot,tldr17,0.07252724762879963
real,nopca_fisher,fidelity_across,codeparrot,tldr17,0.09428360894468145
real,nopca_fisher,reliability_across,codeparrot,tldr17,0.017932108421523554
real,vmf_profile,fidelity_across,codeparrot,tldr17,0.0698046843864331
real,vmf_profile,reliability_across,codeparrot,tldr17,0.016098305146549148
real,(ceiling),fidelity_across,codeparrot,random,0.10126734244983698
real,current,fidelity_across,codeparrot,random,0.00034679770309254613
real,current,reliability_across,codeparrot,random,0.005769499725700925
real,fisher_pca,fidelity_across,codeparrot,random,0.0031923575911816777
real,fisher_pca,reliability_across,codeparrot,random,0.006057741283308604
real,legacy,fidelity_across,codeparrot,random,0.03233661702109142
real,legacy,reliability_across,codeparrot,random,0.012993168857929026
real,nopca_fisher,fidelity_across,codeparrot,random,0.011653953971676963
real,nopca_fisher,reliability_across,codeparrot,random,0.008558641385600418
real,vmf_profile,fidelity_across,codeparrot,random,0.0005672395805762934
real,vmf_profile,reliability_across,codeparrot,random,0.020534911353424407
real,(ceiling),fidelity_across,codeparrot,whitespace,0.0046397271324008955
real,current,fidelity_across,codeparrot,whitespace,-0.021605956557000906
real,current,reliability_across,codeparrot,whitespace,0.007194178255921002
real,fisher_pca,fidelity_across,codeparrot,whitespace,-0.015960015238144214
real,fisher_pca,reliability_across,codeparrot,whitespace,0.00888517199640252
real,legacy,fidelity_across,codeparrot,whitespace,0.01185313946160954
real,legacy,reliability_across,codeparrot,whitespace,-0.00799102118177439
real,nopca_fisher,fidelity_across,codeparrot,whitespace,-0.011416189447630377
real,nopca_fisher,reliability_across,codeparrot,whitespace,0.005618468280499227
real,vmf_profile,fidelity_across,codeparrot,whitespace,-0.028697507692149155
real,vmf_profile,reliability_across,codeparrot,whitespace,0.0015213820938584628
real,(ceiling),fidelity_across,random,wikitext,0.3965247736239997
real,current,fidelity_across,random,wikitext,0.1604372476232781
real,current,reliability_across,random,wikitext,0.010600820218338055
real,fisher_pca,fidelity_across,random,wikitext,0.1854134660314664
real,fisher_pca,reliability_across,random,wikitext,0.09168678476874781
real,legacy,fidelity_across,random,wikitext,0.17990586523392432
real,legacy,reliability_across,random,wikitext,0.05435678118589048
real,nopca_fisher,fidelity_across,random,wikitext,0.1342221629373516
real,nopca_fisher,reliability_across,random,wikitext,0.028842344860226386
real,vmf_profile,fidelity_across,random,wikitext,0.13063469999514268
real,vmf_profile,reliability_across,random,wikitext,0.035861879108698806
real,(ceiling),fidelity_across,random,bookcorpus,0.32520835752117894
real,current,fidelity_across,random,bookcorpus,0.14319254332799874
real,current,reliability_across,random,bookcorpus,0.010714647344477423
real,fisher_pca,fidelity_across,random,bookcorpus,0.16462263802289198
real,fisher_pca,reliability_across,random,bookcorpus,0.021484588792888136
real,legacy,fidelity_across,random,bookcorpus,0.15833881297004912
real,legacy,reliability_across,random,bookcorpus,0.0784160695094948
real,nopca_fisher,fidelity_across,random,bookcorpus,0.12745906854742353
real,nopca_fisher,reliability_across,random,bookcorpus,0.030909941852748386
real,vmf_profile,fidelity_across,random,bookcorpus,0.12280879818325957
real,vmf_profile,reliability_across,random,bookcorpus,0.019190567254695444
real,(ceiling),fidelity_across,random,agnews,0.4484324999233414
real,current,fidelity_across,random,agnews,0.17527563512043784
real,current,reliability_across,random,agnews,0.012460241237213473
real,fisher_pca,fidelity_across,random,agnews,0.2023060176496149
real,fisher_pca,reliability_across,random,agnews,0.13010599791611613
real,legacy,fidelity_across,random,agnews,0.2090626472669623
real,legacy,reliability_across,random,agnews,0.07046291955934873
real,nopca_fisher,fidelity_across,random,agnews,0.1600048547945488
real,nopca_fisher,reliability_across,random,agnews,0.09950893209378202
real,vmf_profile,fidelity_across,random,agnews,0.15327535734608122
real,vmf_profile,reliability_across,random,agnews,0.09192143180283743
real,(ceiling),fidelity_across,random,tldr17,0.35368056298707246
real,current,fidelity_across,random,tldr17,0.15222020242822804
real,current,reliability_across,random,tldr17,0.01214769022455913
real,fisher_pca,fidelity_across,random,tldr17,0.18266288276668202
real,fisher_pca,reliability_across,random,tldr17,0.12272397243014817
real,legacy,fidelity_across,random,tldr17,0.17617645822456554
real,legacy,reliability_across,random,tldr17,0.04917268018434139
real,nopca_fisher,fidelity_across,random,tldr17,0.128605776665276
real,nopca_fisher,reliability_across,random,tldr17,0.020964602513002185
real,vmf_profile,fidelity_across,random,tldr17,0.12560806678183759
real,vmf_profile,reliability_across,random,tldr17,0.019045636614456803
real,(ceiling),fidelity_across,random,codeparrot,0.10126734244983698
real,current,fidelity_across,random,codeparrot,0.04822070763925973
real,current,reliability_across,random,codeparrot,0.005769499725700925
real,fisher_pca,fidelity_across,random,codeparrot,0.05650879291088629
real,fisher_pca,reliability_across,random,codeparrot,0.006057741283308604
real,legacy,fidelity_across,random,codeparrot,0.05056859724479528
real,legacy,reliability_across,random,codeparrot,0.012993168857929026
real,nopca_fisher,fidelity_across,random,codeparrot,0.02881811769312832
real,nopca_fisher,reliability_across,random,codeparrot,0.008558641385600418
real,vmf_profile,fidelity_across,random,codeparrot,0.0298264800933225
real,vmf_profile,reliability_across,random,codeparrot,0.020534911353424407
real,(ceiling),fidelity_across,random,whitespace,0.07563503491408995
real,current,fidelity_across,random,whitespace,0.04157318362304296
real,current,reliability_across,random,whitespace,0.002584063325040505
real,fisher_pca,fidelity_across,random,whitespace,0.038392398676064386
real,fisher_pca,reliability_across,random,whitespace,0.0025682402499204006
real,legacy,fidelity_across,random,whitespace,0.11949423785552676
real,legacy,reliability_across,random,whitespace,0.038654918046417
real,nopca_fisher,fidelity_across,random,whitespace,0.11290518018872894
real,nopca_fisher,reliability_across,random,whitespace,0.027081888112372776
real,vmf_profile,fidelity_across,random,whitespace,0.08048635634920356
real,vmf_profile,reliability_across,random,whitespace,-0.0013631830059862423
real,(ceiling),fidelity_across,whitespace,wikitext,0.022150065893993147
real,current,fidelity_across,whitespace,wikitext,0.00908797715452977
real,current,reliability_across,whitespace,wikitext,0.0052738055233138665
real,fisher_pca,fidelity_across,whitespace,wikitext,0.00889220705021818
real,fisher_pca,reliability_across,whitespace,wikitext,0.0038173432724788467
real,legacy,fidelity_across,whitespace,wikitext,0.010525336990831094
real,legacy,reliability_across,whitespace,wikitext,-0.009860154694284778
real,nopca_fisher,fidelity_across,whitespace,wikitext,0.01133919723765219
real,nopca_fisher,reliability_across,whitespace,wikitext,0.0015723491392255835
real,vmf_profile,fidelity_across,whitespace,wikitext,0.014163834741641325
real,vmf_profile,reliability_across,whitespace,wikitext,0.002134641577365497
real,(ceiling),fidelity_across,whitespace,bookcorpus,0.029429637911151923
real,current,fidelity_across,whitespace,bookcorpus,0.016567854013359223
real,current,reliability_across,whitespace,bookcorpus,0.0045233896327918416
real,fisher_pca,fidelity_across,whitespace,bookcorpus,0.01755776065017278
real,fisher_pca,reliability_across,whitespace,bookcorpus,0.006365362351881724
real,legacy,fidelity_across,whitespace,bookcorpus,0.02680573552448515
real,legacy,reliability_across,whitespace,bookcorpus,-0.03069428141179268
real,nopca_fisher,fidelity_across,whitespace,bookcorpus,0.02105426882708001
real,nopca_fisher,reliability_across,whitespace,bookcorpus,0.00025896252362816227
real,vmf_profile,fidelity_across,whitespace,bookcorpus,0.02186882767769757
real,vmf_profile,reliability_across,whitespace,bookcorpus,0.0021505049618230497
real,(ceiling),fidelity_across,whitespace,agnews,0.04543504555121564
real,current,fidelity_across,whitespace,agnews,0.02879638525720321
real,current,reliability_across,whitespace,agnews,0.0062567862121149865
real,fisher_pca,fidelity_across,whitespace,agnews,0.033073089746185495
real,fisher_pca,reliability_across,whitespace,agnews,0.00265286861071435
real,legacy,fidelity_across,whitespace,agnews,0.04967257132152401
real,legacy,reliability_across,whitespace,agnews,-0.04247031124113257
real,nopca_fisher,fidelity_across,whitespace,agnews,0.035510259342454456
real,nopca_fisher,reliability_across,whitespace,agnews,0.005641469752701775
real,vmf_profile,fidelity_across,whitespace,agnews,0.03031221980521489
real,vmf_profile,reliability_across,whitespace,agnews,-0.0011989753575118178
real,(ceiling),fidelity_across,whitespace,tldr17,0.030067436902856452
real,current,fidelity_across,whitespace,tldr17,0.015594212424555507
real,current,reliability_across,whitespace,tldr17,0.00607159291825327
real,fisher_pca,fidelity_across,whitespace,tldr17,0.017437700081669998
real,fisher_pca,reliability_across,whitespace,tldr17,0.0013545565673655873
real,legacy,fidelity_across,whitespace,tldr17,0.025997107391172204
real,legacy,reliability_across,whitespace,tldr17,-0.015171317746929248
real,nopca_fisher,fidelity_across,whitespace,tldr17,0.02040310184982017
real,nopca_fisher,reliability_across,whitespace,tldr17,0.001001710580869514
real,vmf_profile,fidelity_across,whitespace,tldr17,0.02060357500352215
real,vmf_profile,reliability_across,whitespace,tldr17,0.006199697432973199
real,(ceiling),fidelity_across,whitespace,codeparrot,0.004639727132400895
real,current,fidelity_across,whitespace,codeparrot,-0.004049789100313394
real,current,reliability_across,whitespace,codeparrot,0.007194178255921002
real,fisher_pca,fidelity_across,whitespace,codeparrot,0.00031285796729307375
real,fisher_pca,reliability_across,whitespace,codeparrot,0.00888517199640252
real,legacy,fidelity_across,whitespace,codeparrot,-0.009068136918998776
real,legacy,reliability_across,whitespace,codeparrot,-0.00799102118177439
real,nopca_fisher,fidelity_across,whitespace,codeparrot,-0.002239506545848057
real,nopca_fisher,reliability_across,whitespace,codeparrot,0.005618468280499227
real,vmf_profile,fidelity_across,whitespace,codeparrot,0.0071025024399549615
real,vmf_profile,reliability_across,whitespace,codeparrot,0.0015213820938584628
real,(ceiling),fidelity_across,whitespace,random,0.07563503491408995
real,current,fidelity_across,whitespace,random,0.05914076693484158
real,current,reliability_across,whitespace,random,0.002584063325040505
real,fisher_pca,fidelity_across,whitespace,random,0.06619352872829364
real,fisher_pca,reliability_across,whitespace,random,0.0025682402499204006
real,legacy,fidelity_across,whitespace,random,0.1089998594206717
real,legacy,reliability_across,whitespace,random,0.038654918046417
real,nopca_fisher,fidelity_across,whitespace,random,0.07103625039686533
real,nopca_fisher,reliability_across,whitespace,random,0.027081888112372776
real,vmf_profile,fidelity_across,whitespace,random,0.05559590194898938
real,vmf_profile,reliability_across,whitespace,random,-0.0013631830059862423
null,(ceiling),fidelity_within,wikitext,wikitext,0.23291282208222475
null,(ceiling),fidelity_within_r,wikitext,wikitext,0.6138366842483074
null,current,reliability_within,wikitext,wikitext,0.03076904754371774
null,current,fidelity_within,wikitext,wikitext,0.13387190801190896
null,current,fidelity_within_r,wikitext,wikitext,0.3689816107796514
null,current,fidelity_within_insample,wikitext,wikitext,0.17600409819880414
null,current,reliability_ceiling,wikitext,wikitext,0.1306246191508625
null,current,triviality_ami_layer,wikitext,wikitext,0.04069679432172475
null,current,triviality_ami_hubness,wikitext,wikitext,0.0750684156602514
null,current,triviality_n_effective_networks,wikitext,wikitext,50.0
null,current,triviality_median_max_membership,wikitext,wikitext,0.3
null,current,triviality_frac_confident,wikitext,wikitext,0.08473557692307693
null,fisher_pca,reliability_within,wikitext,wikitext,0.4488028108012592
null,fisher_pca,fidelity_within,wikitext,wikitext,0.16873895360829583
null,fisher_pca,fidelity_within_r,wikitext,wikitext,0.41125032467500616
null,fisher_pca,fidelity_within_insample,wikitext,wikitext,0.18822278441158902
null,fisher_pca,reliability_ceiling,wikitext,wikitext,0.5894236821521942
null,fisher_pca,triviality_ami_layer,wikitext,wikitext,0.1531057298506248
null,fisher_pca,triviality_ami_hubness,wikitext,wikitext,0.22887695676544517
null,fisher_pca,triviality_n_effective_networks,wikitext,wikitext,50.0
null,fisher_pca,triviality_median_max_membership,wikitext,wikitext,0.45
null,fisher_pca,triviality_frac_confident,wikitext,wikitext,0.39633413461538464
null,legacy,reliability_within,wikitext,wikitext,0.6547554866166628
null,legacy,fidelity_within,wikitext,wikitext,0.3178414876328094
null,legacy,fidelity_within_r,wikitext,wikitext,0.5642103802317744
null,legacy,fidelity_within_insample,wikitext,wikitext,0.34853643344777263
null,legacy,reliability_ceiling,wikitext,wikitext,0.616529103366987
null,legacy,triviality_ami_layer,wikitext,wikitext,0.10635442156381228
null,legacy,triviality_ami_hubness,wikitext,wikitext,0.24810011739511634
null,legacy,triviality_n_effective_networks,wikitext,wikitext,50.0
null,legacy,triviality_median_max_membership,wikitext,wikitext,0.55
null,legacy,triviality_frac_confident,wikitext,wikitext,0.5071113782051282
null,nopca_fisher,reliability_within,wikitext,wikitext,0.4612876023524453
null,nopca_fisher,fidelity_within,wikitext,wikitext,0.5613768925157306
null,nopca_fisher,fidelity_within_r,wikitext,wikitext,0.7492546846891391
null,nopca_fisher,fidelity_within_insample,wikitext,wikitext,0.5665413103319579
null,nopca_fisher,reliability_ceiling,wikitext,wikitext,0.5786598209381999
null,nopca_fisher,triviality_ami_layer,wikitext,wikitext,0.07345032254333472
null,nopca_fisher,triviality_ami_hubness,wikitext,wikitext,0.24764190668530042
null,nopca_fisher,triviality_n_effective_networks,wikitext,wikitext,17.0
null,nopca_fisher,triviality_median_max_membership,wikitext,wikitext,0.65
null,nopca_fisher,triviality_frac_confident,wikitext,wikitext,0.7073317307692307
null,vmf_profile,reliability_within,wikitext,wikitext,0.2804535362598801
null,vmf_profile,fidelity_within,wikitext,wikitext,0.05748689018622499
null,vmf_profile,fidelity_within_r,wikitext,wikitext,0.24524386950327146
null,vmf_profile,fidelity_within_insample,wikitext,wikitext,0.08929117111165519
null,vmf_profile,reliability_ceiling,wikitext,wikitext,0.7051524754203473
null,vmf_profile,triviality_ami_layer,wikitext,wikitext,0.05174767824009624
null,vmf_profile,triviality_ami_hubness,wikitext,wikitext,0.04946066941078138
null,vmf_profile,triviality_n_effective_networks,wikitext,wikitext,43.0
null,vmf_profile,triviality_median_max_membership,wikitext,wikitext,0.5
null,vmf_profile,triviality_frac_confident,wikitext,wikitext,0.47836538461538464
null,(ceiling),fidelity_within,bookcorpus,bookcorpus,0.24863577001356574
null,(ceiling),fidelity_within_r,bookcorpus,bookcorpus,0.6237499182922475
null,current,reliability_within,bookcorpus,bookcorpus,0.05778301523584573
null,current,fidelity_within,bookcorpus,bookcorpus,0.10565233050503642
null,current,fidelity_within_r,bookcorpus,bookcorpus,0.3299695677155292
null,current,fidelity_within_insample,bookcorpus,bookcorpus,0.15005343350302625
null,current,reliability_ceiling,bookcorpus,bookcorpus,0.2218770912295553
null,current,triviality_ami_layer,bookcorpus,bookcorpus,0.021737935490864793
null,current,triviality_ami_hubness,bookcorpus,bookcorpus,0.11965915956362502
null,current,triviality_n_effective_networks,bookcorpus,bookcorpus,50.0
null,current,triviality_median_max_membership,bookcorpus,bookcorpus,0.35
null,current,triviality_frac_confident,bookcorpus,bookcorpus,0.1875
null,fisher_pca,reliability_within,bookcorpus,bookcorpus,0.27912358692055345
null,fisher_pca,fidelity_within,bookcorpus,bookcorpus,0.12059514912581726
null,fisher_pca,fidelity_within_r,bookcorpus,bookcorpus,0.34899309999455436
null,fisher_pca,fidelity_within_insample,bookcorpus,bookcorpus,0.147632839406855
null,fisher_pca,reliability_ceiling,bookcorpus,bookcorpus,0.4696624899901801
null,fisher_pca,triviality_ami_layer,bookcorpus,bookcorpus,0.08602073931163896
null,fisher_pca,triviality_ami_hubness,bookcorpus,bookcorpus,0.22421256295888708
null,fisher_pca,triviality_n_effective_networks,bookcorpus,bookcorpus,50.0
null,fisher_pca,triviality_median_max_membership,bookcorpus,bookcorpus,0.45
null,fisher_pca,triviality_frac_confident,bookcorpus,bookcorpus,0.35096153846153844
null,legacy,reliability_within,bookcorpus,bookcorpus,0.4396454618014944
null,legacy,fidelity_within,bookcorpus,bookcorpus,0.32453397972332665
null,legacy,fidelity_within_r,bookcorpus,bookcorpus,0.5702623290602602
null,legacy,fidelity_within_insample,bookcorpus,bookcorpus,0.35635600585936056
null,legacy,reliability_ceiling,bookcorpus,bookcorpus,0.3641220071252046
null,legacy,triviality_ami_layer,bookcorpus,bookcorpus,0.10121650989490855
null,legacy,triviality_ami_hubness,bookcorpus,bookcorpus,0.2144449756198336
null,legacy,triviality_n_effective_networks,bookcorpus,bookcorpus,49.0
null,legacy,triviality_median_max_membership,bookcorpus,bookcorpus,0.45
null,legacy,triviality_frac_confident,bookcorpus,bookcorpus,0.3518629807692308
null,nopca_fisher,reliability_within,bookcorpus,bookcorpus,0.6252108163586528
null,nopca_fisher,fidelity_within,bookcorpus,bookcorpus,0.5664862586926388
null,nopca_fisher,fidelity_within_r,bookcorpus,bookcorpus,0.7526761958371676
null,nopca_fisher,fidelity_within_insample,bookcorpus,bookcorpus,0.5772320339483962
null,nopca_fisher,reliability_ceiling,bookcorpus,bookcorpus,0.7572681523407044
null,nopca_fisher,triviality_ami_layer,bookcorpus,bookcorpus,0.027200570428922793
null,nopca_fisher,triviality_ami_hubness,bookcorpus,bookcorpus,0.43947882423060053
null,nopca_fisher,triviality_n_effective_networks,bookcorpus,bookcorpus,22.0
null,nopca_fisher,triviality_median_max_membership,bookcorpus,bookcorpus,0.65
null,nopca_fisher,triviality_frac_confident,bookcorpus,bookcorpus,0.6891025641025641
null,vmf_profile,reliability_within,bookcorpus,bookcorpus,0.3294228398893706
null,vmf_profile,fidelity_within,bookcorpus,bookcorpus,0.007393479046441609
null,vmf_profile,fidelity_within_r,bookcorpus,bookcorpus,0.1011298755986891
null,vmf_profile,fidelity_within_insample,bookcorpus,bookcorpus,0.023900196227714887
null,vmf_profile,reliability_ceiling,bookcorpus,bookcorpus,0.6622741496188856
null,vmf_profile,triviality_ami_layer,bookcorpus,bookcorpus,0.020155060493659543
null,vmf_profile,triviality_ami_hubness,bookcorpus,bookcorpus,0.09519849953221558
null,vmf_profile,triviality_n_effective_networks,bookcorpus,bookcorpus,49.0
null,vmf_profile,triviality_median_max_membership,bookcorpus,bookcorpus,0.5
null,vmf_profile,triviality_frac_confident,bookcorpus,bookcorpus,0.4506209935897436
null,(ceiling),fidelity_within,agnews,agnews,0.2627087734771233
null,(ceiling),fidelity_within_r,agnews,agnews,0.6251224793650081
null,current,reliability_within,agnews,agnews,0.051422977486067736
null,current,fidelity_within,agnews,agnews,0.12932077771517603
null,current,fidelity_within_r,agnews,agnews,0.36309692491942774
null,current,fidelity_within_insample,agnews,agnews,0.17669151823009743
null,current,reliability_ceiling,agnews,agnews,0.19328462512529365
null,current,triviality_ami_layer,agnews,agnews,0.028741907684285712
null,current,triviality_ami_hubness,agnews,agnews,0.09553208849426888
null,current,triviality_n_effective_networks,agnews,agnews,50.0
null,current,triviality_median_max_membership,agnews,agnews,0.35
null,current,triviality_frac_confident,agnews,agnews,0.14453125
null,fisher_pca,reliability_within,agnews,agnews,0.37670396691021113
null,fisher_pca,fidelity_within,agnews,agnews,0.14317818710813834
null,fisher_pca,fidelity_within_r,agnews,agnews,0.3793249258083183
null,fisher_pca,fidelity_within_insample,agnews,agnews,0.17041300925938851
null,fisher_pca,reliability_ceiling,agnews,agnews,0.5417575662793248
null,fisher_pca,triviality_ami_layer,agnews,agnews,0.13148222177049512
null,fisher_pca,triviality_ami_hubness,agnews,agnews,0.21986193749531108
null,fisher_pca,triviality_n_effective_networks,agnews,agnews,50.0
null,fisher_pca,triviality_median_max_membership,agnews,agnews,0.45
null,fisher_pca,triviality_frac_confident,agnews,agnews,0.3899238782051282
null,legacy,reliability_within,agnews,agnews,0.5310099809441355
null,legacy,fidelity_within,agnews,agnews,0.3194684081482745
null,legacy,fidelity_within_r,agnews,agnews,0.5655007822746005
null,legacy,fidelity_within_insample,agnews,agnews,0.35201568725268806
null,legacy,reliability_ceiling,agnews,agnews,0.5594687386496754
null,legacy,triviality_ami_layer,agnews,agnews,0.104616455008783
null,legacy,triviality_ami_hubness,agnews,agnews,0.22244328947232717
null,legacy,triviality_n_effective_networks,agnews,agnews,49.0
null,legacy,triviality_median_max_membership,agnews,agnews,0.45
null,legacy,triviality_frac_confident,agnews,agnews,0.4332932692307692
null,nopca_fisher,reliability_within,agnews,agnews,0.5382483574273519
null,nopca_fisher,fidelity_within,agnews,agnews,0.5505246217177173
null,nopca_fisher,fidelity_within_r,agnews,agnews,0.7420723890496014
null,nopca_fisher,fidelity_within_insample,agnews,agnews,0.5520283933829867
null,nopca_fisher,reliability_ceiling,agnews,agnews,0.6923217513238457
null,nopca_fisher,triviality_ami_layer,agnews,agnews,0.04490105523516385
null,nopca_fisher,triviality_ami_hubness,agnews,agnews,0.35867138567612566
null,nopca_fisher,triviality_n_effective_networks,agnews,agnews,25.0
null,nopca_fisher,triviality_median_max_membership,agnews,agnews,0.55
null,nopca_fisher,triviality_frac_confident,agnews,agnews,0.5619991987179487
null,vmf_profile,reliability_within,agnews,agnews,0.30748956690002593
null,vmf_profile,fidelity_within,agnews,agnews,0.008283256570004838
null,vmf_profile,fidelity_within_r,agnews,agnews,0.10347053009453908
null,vmf_profile,fidelity_within_insample,agnews,agnews,0.024100466665377684
null,vmf_profile,reliability_ceiling,agnews,agnews,0.6730321290286322
null,vmf_profile,triviality_ami_layer,agnews,agnews,0.03175089469038024
null,vmf_profile,triviality_ami_hubness,agnews,agnews,0.06522848069910464
null,vmf_profile,triviality_n_effective_networks,agnews,agnews,49.0
null,vmf_profile,triviality_median_max_membership,agnews,agnews,0.5
null,vmf_profile,triviality_frac_confident,agnews,agnews,0.4684495192307692
null,(ceiling),fidelity_within,tldr17,tldr17,0.23320600601994523
null,(ceiling),fidelity_within_r,tldr17,tldr17,0.6171795222436083
null,current,reliability_within,tldr17,tldr17,0.024618054615258535
null,current,fidelity_within,tldr17,tldr17,0.14555707199381684
null,current,fidelity_within_r,tldr17,tldr17,0.38508915647912256
null,current,fidelity_within_insample,tldr17,tldr17,0.1906722991966796
null,current,reliability_ceiling,tldr17,tldr17,0.10678889866664978
null,current,triviality_ami_layer,tldr17,tldr17,0.041153972582452944
null,current,triviality_ami_hubness,tldr17,tldr17,0.06268111561101124
null,current,triviality_n_effective_networks,tldr17,tldr17,50.0
null,current,triviality_median_max_membership,tldr17,tldr17,0.3
null,current,triviality_frac_confident,tldr17,tldr17,0.09645432692307693
null,fisher_pca,reliability_within,tldr17,tldr17,0.38048393412019443
null,fisher_pca,fidelity_within,tldr17,tldr17,0.1550560192496382
null,fisher_pca,fidelity_within_r,tldr17,tldr17,0.3949375569434919
null,fisher_pca,fidelity_within_insample,tldr17,tldr17,0.1801787816475049
null,fisher_pca,reliability_ceiling,tldr17,tldr17,0.5080904442447277
null,fisher_pca,triviality_ami_layer,tldr17,tldr17,0.14120306485326192
null,fisher_pca,triviality_ami_hubness,tldr17,tldr17,0.2175737537968408
null,fisher_pca,triviality_n_effective_networks,tldr17,tldr17,50.0
null,fisher_pca,triviality_median_max_membership,tldr17,tldr17,0.45
null,fisher_pca,triviality_frac_confident,tldr17,tldr17,0.39833733974358976
null,legacy,reliability_within,tldr17,tldr17,0.6661587523372219
null,legacy,fidelity_within,tldr17,tldr17,0.29907326891293695
null,legacy,fidelity_within_r,tldr17,tldr17,0.5480531966887867
null,legacy,fidelity_within_insample,tldr17,tldr17,0.3398374238570844
null,legacy,reliability_ceiling,tldr17,tldr17,0.6770267627699259
null,legacy,triviality_ami_layer,tldr17,tldr17,0.1236723997072117
null,legacy,triviality_ami_hubness,tldr17,tldr17,0.271655469990288
null,legacy,triviality_n_effective_networks,tldr17,tldr17,50.0
null,legacy,triviality_median_max_membership,tldr17,tldr17,0.55
null,legacy,triviality_frac_confident,tldr17,tldr17,0.5262419871794872
null,nopca_fisher,reliability_within,tldr17,tldr17,0.6101700382798794
null,nopca_fisher,fidelity_within,tldr17,tldr17,0.5613757717958087
null,nopca_fisher,fidelity_within_r,tldr17,tldr17,0.7492759240060878
null,nopca_fisher,fidelity_within_insample,tldr17,tldr17,0.5678483500286161
null,nopca_fisher,reliability_ceiling,tldr17,tldr17,0.5897510341376092
null,nopca_fisher,triviality_ami_layer,tldr17,tldr17,0.1479812498595077
null,nopca_fisher,triviality_ami_hubness,tldr17,tldr17,0.3281605460870426
null,nopca_fisher,triviality_n_effective_networks,tldr17,tldr17,20.0
null,nopca_fisher,triviality_median_max_membership,tldr17,tldr17,0.65
null,nopca_fisher,triviality_frac_confident,tldr17,tldr17,0.733573717948718
null,vmf_profile,reliability_within,tldr17,tldr17,0.24040899468952234
null,vmf_profile,fidelity_within,tldr17,tldr17,0.0497029789130401
null,vmf_profile,fidelity_within_r,tldr17,tldr17,0.22834590265523624
null,vmf_profile,fidelity_within_insample,tldr17,tldr17,0.07685204542792967
null,vmf_profile,reliability_ceiling,tldr17,tldr17,0.5029021981795532
null,vmf_profile,triviality_ami_layer,tldr17,tldr17,0.09785506092446289
null,vmf_profile,triviality_ami_hubness,tldr17,tldr17,0.06636670630657521
null,vmf_profile,triviality_n_effective_networks,tldr17,tldr17,42.0
null,vmf_profile,triviality_median_max_membership,tldr17,tldr17,0.5
null,vmf_profile,triviality_frac_confident,tldr17,tldr17,0.4014423076923077
null,(ceiling),fidelity_within,codeparrot,codeparrot,0.0727433178032254
null,(ceiling),fidelity_within_r,codeparrot,codeparrot,0.506782997654441
null,current,reliability_within,codeparrot,codeparrot,0.022350225349191306
null,current,fidelity_within,codeparrot,codeparrot,0.09025654208503775
null,current,fidelity_within_r,codeparrot,codeparrot,0.3202535698380664
null,current,fidelity_within_insample,codeparrot,codeparrot,0.15672582744494212
null,current,reliability_ceiling,codeparrot,codeparrot,0.17406651321952998
null,current,triviality_ami_layer,codeparrot,codeparrot,0.025271014312317666
null,current,triviality_ami_hubness,codeparrot,codeparrot,0.04964343611587058
null,current,triviality_n_effective_networks,codeparrot,codeparrot,50.0
null,current,triviality_median_max_membership,codeparrot,codeparrot,0.3
null,current,triviality_frac_confident,codeparrot,codeparrot,0.1201923076923077
null,fisher_pca,reliability_within,codeparrot,codeparrot,0.1812026551107247
null,fisher_pca,fidelity_within,codeparrot,codeparrot,0.15532922015933925
null,fisher_pca,fidelity_within_r,codeparrot,codeparrot,0.4069842257867551
null,fisher_pca,fidelity_within_insample,codeparrot,codeparrot,0.20193066483795352
null,fisher_pca,reliability_ceiling,codeparrot,codeparrot,0.6123776555274145
null,fisher_pca,triviality_ami_layer,codeparrot,codeparrot,0.031209187608790857
null,fisher_pca,triviality_ami_hubness,codeparrot,codeparrot,0.13209548682745892
null,fisher_pca,triviality_n_effective_networks,codeparrot,codeparrot,50.0
null,fisher_pca,triviality_median_max_membership,codeparrot,codeparrot,0.4
null,fisher_pca,triviality_frac_confident,codeparrot,codeparrot,0.3629807692307692
null,legacy,reliability_within,codeparrot,codeparrot,0.290321807520379
null,legacy,fidelity_within,codeparrot,codeparrot,0.2268419695844056
null,legacy,fidelity_within_r,codeparrot,codeparrot,0.48737972769413596
null,legacy,fidelity_within_insample,codeparrot,codeparrot,0.30330922057382737
null,legacy,reliability_ceiling,codeparrot,codeparrot,0.5178143407047677
null,legacy,triviality_ami_layer,codeparrot,codeparrot,0.04707878363320627
null,legacy,triviality_ami_hubness,codeparrot,codeparrot,0.17345973364026937
null,legacy,triviality_n_effective_networks,codeparrot,codeparrot,50.0
null,legacy,triviality_median_max_membership,codeparrot,codeparrot,0.45
null,legacy,triviality_frac_confident,codeparrot,codeparrot,0.3821113782051282
null,nopca_fisher,reliability_within,codeparrot,codeparrot,0.22781826667731978
null,nopca_fisher,fidelity_within,codeparrot,codeparrot,0.40104982778006926
null,nopca_fisher,fidelity_within_r,codeparrot,codeparrot,0.641325197402163
null,nopca_fisher,fidelity_within_insample,codeparrot,codeparrot,0.4860081070637373
null,nopca_fisher,reliability_ceiling,codeparrot,codeparrot,0.6323121197520758
null,nopca_fisher,triviality_ami_layer,codeparrot,codeparrot,0.0978554799424572
null,nopca_fisher,triviality_ami_hubness,codeparrot,codeparrot,0.3564027991595047
null,nopca_fisher,triviality_n_effective_networks,codeparrot,codeparrot,19.0
null,nopca_fisher,triviality_median_max_membership,codeparrot,codeparrot,0.55
null,nopca_fisher,triviality_frac_confident,codeparrot,codeparrot,0.5922475961538461
null,vmf_profile,reliability_within,codeparrot,codeparrot,0.030588131837355072
null,vmf_profile,fidelity_within,codeparrot,codeparrot,0.01384956020677297
null,vmf_profile,fidelity_within_r,codeparrot,codeparrot,0.16413146865503755
null,vmf_profile,fidelity_within_insample,codeparrot,codeparrot,0.05544166389552141
null,vmf_profile,reliability_ceiling,codeparrot,codeparrot,0.39571421439581805
null,vmf_profile,triviality_ami_layer,codeparrot,codeparrot,0.03616727290638398
null,vmf_profile,triviality_ami_hubness,codeparrot,codeparrot,0.027557286426816496
null,vmf_profile,triviality_n_effective_networks,codeparrot,codeparrot,49.0
null,vmf_profile,triviality_median_max_membership,codeparrot,codeparrot,0.45
null,vmf_profile,triviality_frac_confident,codeparrot,codeparrot,0.35927483974358976
null,(ceiling),fidelity_within,random,random,0.23114059758173444
null,(ceiling),fidelity_within_r,random,random,0.6156228792466375
null,current,reliability_within,random,random,0.10234258906679984
null,current,fidelity_within,random,random,0.02806401203469855
null,current,fidelity_within_r,random,random,0.1837804764435299
null,current,fidelity_within_insample,random,random,0.06723453858630057
null,current,reliability_ceiling,random,random,0.251689309706694
null,current,triviality_ami_layer,random,random,0.050158605488114294
null,current,triviality_ami_hubness,random,random,0.12166092351449374
null,current,triviality_n_effective_networks,random,random,50.0
null,current,triviality_median_max_membership,random,random,0.4
null,current,triviality_frac_confident,random,random,0.2481971153846154
null,fisher_pca,reliability_within,random,random,0.4258334028095485
null,fisher_pca,fidelity_within,random,random,0.10503045560787949
null,fisher_pca,fidelity_within_r,random,random,0.32724329012243203
null,fisher_pca,fidelity_within_insample,random,random,0.13876975726563212
null,fisher_pca,reliability_ceiling,random,random,0.41513276399361
null,fisher_pca,triviality_ami_layer,random,random,0.0432406651408231
null,fisher_pca,triviality_ami_hubness,random,random,0.2314784727526317
null,fisher_pca,triviality_n_effective_networks,random,random,50.0
null,fisher_pca,triviality_median_max_membership,random,random,0.45
null,fisher_pca,triviality_frac_confident,random,random,0.3697916666666667
null,legacy,reliability_within,random,random,0.7297801194161176
null,legacy,fidelity_within,random,random,0.2805598063464215
null,legacy,fidelity_within_r,random,random,0.5303228896962192
null,legacy,fidelity_within_insample,random,random,0.30947998949265365
null,legacy,reliability_ceiling,random,random,0.6117099461642805
null,legacy,triviality_ami_layer,random,random,0.11076600197778347
null,legacy,triviality_ami_hubness,random,random,0.2610460991726304
null,legacy,triviality_n_effective_networks,random,random,49.0
null,legacy,triviality_median_max_membership,random,random,0.65
null,legacy,triviality_frac_confident,random,random,0.5795272435897436
null,nopca_fisher,reliability_within,random,random,0.6202407282491028
null,nopca_fisher,fidelity_within,random,random,0.5253526822963606
null,nopca_fisher,fidelity_within_r,random,random,0.7256974783201594
null,nopca_fisher,fidelity_within_insample,random,random,0.5797051964231991
null,nopca_fisher,reliability_ceiling,random,random,0.6552340487172693
null,nopca_fisher,triviality_ami_layer,random,random,0.059508663928947846
null,nopca_fisher,triviality_ami_hubness,random,random,0.37983937974089965
null,nopca_fisher,triviality_n_effective_networks,random,random,50.0
null,nopca_fisher,triviality_median_max_membership,random,random,0.5
null,nopca_fisher,triviality_frac_confident,random,random,0.4243790064102564
null,vmf_profile,reliability_within,random,random,0.19720770305007285
null,vmf_profile,fidelity_within,random,random,-0.0008422981111819716
null,vmf_profile,fidelity_within_r,random,random,0.08929456520562783
null,vmf_profile,fidelity_within_insample,random,random,0.03354194606704408
null,vmf_profile,reliability_ceiling,random,random,0.5106766814779949
null,vmf_profile,triviality_ami_layer,random,random,0.047151356374510754
null,vmf_profile,triviality_ami_hubness,random,random,0.07171545491119
null,vmf_profile,triviality_n_effective_networks,random,random,50.0
null,vmf_profile,triviality_median_max_membership,random,random,0.5
null,vmf_profile,triviality_frac_confident,random,random,0.4675480769230769
null,(ceiling),fidelity_within,whitespace,whitespace,-0.5433845355435905
null,(ceiling),fidelity_within_r,whitespace,whitespace,0.22835716262890654
null,current,reliability_within,whitespace,whitespace,0.02408835575081738
null,current,fidelity_within,whitespace,whitespace,-0.19898539128919301
null,current,fidelity_within_r,whitespace,whitespace,0.08347687829154499
null,current,fidelity_within_insample,whitespace,whitespace,0.2886523530717423
null,current,reliability_ceiling,whitespace,whitespace,0.2793978016267337
null,current,triviality_ami_layer,whitespace,whitespace,0.008338830812400853
null,current,triviality_ami_hubness,whitespace,whitespace,0.03706997181717565
null,current,triviality_n_effective_networks,whitespace,whitespace,50.0
null,current,triviality_median_max_membership,whitespace,whitespace,0.4
null,current,triviality_frac_confident,whitespace,whitespace,0.27744391025641024
null,fisher_pca,reliability_within,whitespace,whitespace,0.26879590372069073
null,fisher_pca,fidelity_within,whitespace,whitespace,-0.08970620292906029
null,fisher_pca,fidelity_within_r,whitespace,whitespace,0.17548481216855158
null,fisher_pca,fidelity_within_insample,whitespace,whitespace,0.2730940812251609
null,fisher_pca,reliability_ceiling,whitespace,whitespace,0.22935431111904034
null,fisher_pca,triviality_ami_layer,whitespace,whitespace,0.02622912497137718
null,fisher_pca,triviality_ami_hubness,whitespace,whitespace,0.08406642986214137
null,fisher_pca,triviality_n_effective_networks,whitespace,whitespace,50.0
null,fisher_pca,triviality_median_max_membership,whitespace,whitespace,0.35
null,fisher_pca,triviality_frac_confident,whitespace,whitespace,0.19170673076923078
null,legacy,reliability_within,whitespace,whitespace,0.22522415312377553
null,legacy,fidelity_within,whitespace,whitespace,0.08002342368717441
null,legacy,fidelity_within_r,whitespace,whitespace,0.30016045612336334
null,legacy,fidelity_within_insample,whitespace,whitespace,0.16039902646176873
null,legacy,reliability_ceiling,whitespace,whitespace,0.2229442938665868
null,legacy,triviality_ami_layer,whitespace,whitespace,0.04122027980028539
null,legacy,triviality_ami_hubness,whitespace,whitespace,0.1349862515706982
null,legacy,triviality_n_effective_networks,whitespace,whitespace,50.0
null,legacy,triviality_median_max_membership,whitespace,whitespace,0.3
null,legacy,triviality_frac_confident,whitespace,whitespace,0.14423076923076922
null,nopca_fisher,reliability_within,whitespace,whitespace,0.32641321194838296
null,nopca_fisher,fidelity_within,whitespace,whitespace,-0.1067457375152947
null,nopca_fisher,fidelity_within_r,whitespace,whitespace,0.2551562089717983
null,nopca_fisher,fidelity_within_insample,whitespace,whitespace,0.44844688471934324
null,nopca_fisher,reliability_ceiling,whitespace,whitespace,0.478592298443907
null,nopca_fisher,triviality_ami_layer,whitespace,whitespace,0.030969508849618608
null,nopca_fisher,triviality_ami_hubness,whitespace,whitespace,0.2318294384563166
null,nopca_fisher,triviality_n_effective_networks,whitespace,whitespace,50.0
null,nopca_fisher,triviality_median_max_membership,whitespace,whitespace,0.5
null,nopca_fisher,triviality_frac_confident,whitespace,whitespace,0.3961338141025641
null,vmf_profile,reliability_within,whitespace,whitespace,0.014850986537490824
null,vmf_profile,fidelity_within,whitespace,whitespace,-0.22138279518174464
null,vmf_profile,fidelity_within_r,whitespace,whitespace,0.07449260829822198
null,vmf_profile,fidelity_within_insample,whitespace,whitespace,0.3034148581342959
null,vmf_profile,reliability_ceiling,whitespace,whitespace,0.3204515405262375
null,vmf_profile,triviality_ami_layer,whitespace,whitespace,0.005745605709479747
null,vmf_profile,triviality_ami_hubness,whitespace,whitespace,0.03175662790634091
null,vmf_profile,triviality_n_effective_networks,whitespace,whitespace,50.0
null,vmf_profile,triviality_median_max_membership,whitespace,whitespace,0.45
null,vmf_profile,triviality_frac_confident,whitespace,whitespace,0.3724959935897436
null,(ceiling),fidelity_across,wikitext,bookcorpus,0.5985178034609452
null,current,fidelity_across,wikitext,bookcorpus,0.3789997165907833
null,current,reliability_across,wikitext,bookcorpus,0.06160510423227752
null,fisher_pca,fidelity_across,wikitext,bookcorpus,0.3718188213415629
null,fisher_pca,reliability_across,wikitext,bookcorpus,0.2729520171842543
null,legacy,fidelity_across,wikitext,bookcorpus,0.5622260976082091
null,legacy,reliability_across,wikitext,bookcorpus,0.47649751846561783
null,nopca_fisher,fidelity_across,wikitext,bookcorpus,0.7167359581491899
null,nopca_fisher,reliability_across,wikitext,bookcorpus,0.4243074908121921
null,vmf_profile,fidelity_across,wikitext,bookcorpus,0.27469623279950023
null,vmf_profile,reliability_across,wikitext,bookcorpus,0.1801377869023261
null,(ceiling),fidelity_across,wikitext,agnews,0.5934993324675116
null,current,fidelity_across,wikitext,agnews,0.382704006095886
null,current,reliability_across,wikitext,agnews,0.06757710956139623
null,fisher_pca,fidelity_across,wikitext,agnews,0.3705787684608884
null,fisher_pca,reliability_across,wikitext,agnews,0.44147654804051345
null,legacy,fidelity_across,wikitext,agnews,0.554134788694319
null,legacy,reliability_across,wikitext,agnews,0.5240250164964058
null,nopca_fisher,fidelity_across,wikitext,agnews,0.7124438929362339
null,nopca_fisher,reliability_across,wikitext,agnews,0.3668493228417388
null,vmf_profile,fidelity_across,wikitext,agnews,0.28606506942550863
null,vmf_profile,reliability_across,wikitext,agnews,0.17746750899582214
null,(ceiling),fidelity_across,wikitext,tldr17,0.5917128148985642
null,current,fidelity_across,wikitext,tldr17,0.36955354975449956
null,current,reliability_across,wikitext,tldr17,0.07503305984368695
null,fisher_pca,fidelity_across,wikitext,tldr17,0.3651639895569531
null,fisher_pca,reliability_across,wikitext,tldr17,0.3476675787081581
null,legacy,fidelity_across,wikitext,tldr17,0.5578869935361247
null,legacy,reliability_across,wikitext,tldr17,0.6021119706794827
null,nopca_fisher,fidelity_across,wikitext,tldr17,0.7123139077560106
null,nopca_fisher,reliability_across,wikitext,tldr17,0.3674442854734188
null,vmf_profile,fidelity_across,wikitext,tldr17,0.26087091630209214
null,vmf_profile,reliability_across,wikitext,tldr17,0.22888871354133597
null,(ceiling),fidelity_across,wikitext,codeparrot,0.5148173517074185
null,current,fidelity_across,wikitext,codeparrot,0.30470917950487597
null,current,reliability_across,wikitext,codeparrot,0.0211154727720215
null,fisher_pca,fidelity_across,wikitext,codeparrot,0.3152104336544303
null,fisher_pca,reliability_across,wikitext,codeparrot,0.15180432656955772
null,legacy,fidelity_across,wikitext,codeparrot,0.490877208086343
null,legacy,reliability_across,wikitext,codeparrot,0.14922070070678922
null,nopca_fisher,fidelity_across,wikitext,codeparrot,0.6187773578192185
null,nopca_fisher,reliability_across,wikitext,codeparrot,0.12169145902859231
null,vmf_profile,fidelity_across,wikitext,codeparrot,0.21136314041017995
null,vmf_profile,reliability_across,wikitext,codeparrot,0.07772863614654989
null,(ceiling),fidelity_across,wikitext,random,0.5115667913266465
null,current,fidelity_across,wikitext,random,0.3746760771562432
null,current,reliability_across,wikitext,random,0.042497452444042856
null,fisher_pca,fidelity_across,wikitext,random,0.36918788679726694
null,fisher_pca,reliability_across,wikitext,random,0.12721783890420443
null,legacy,fidelity_across,wikitext,random,0.5100831460630636
null,legacy,reliability_across,wikitext,random,0.41686703258854524
null,nopca_fisher,fidelity_across,wikitext,random,0.6251885783440392
null,nopca_fisher,reliability_across,wikitext,random,0.08959771693170682
null,vmf_profile,fidelity_across,wikitext,random,0.31051154750603555
null,vmf_profile,reliability_across,wikitext,random,0.032898064197746886
null,(ceiling),fidelity_across,wikitext,whitespace,0.03691580670985317
null,current,fidelity_across,wikitext,whitespace,0.02768060172801255
null,current,reliability_across,wikitext,whitespace,0.0013276953666046777
null,fisher_pca,fidelity_across,wikitext,whitespace,0.04040992764482689
null,fisher_pca,reliability_across,wikitext,whitespace,0.03277115747170572
null,legacy,fidelity_across,wikitext,whitespace,0.037753251299098234
null,legacy,reliability_across,wikitext,whitespace,0.019448394897480355
null,nopca_fisher,fidelity_across,wikitext,whitespace,0.029414004095279417
null,nopca_fisher,reliability_across,wikitext,whitespace,0.010573754770788136
null,vmf_profile,fidelity_across,wikitext,whitespace,0.008305403673226004
null,vmf_profile,reliability_across,wikitext,whitespace,0.0028030263465420252
null,(ceiling),fidelity_across,bookcorpus,wikitext,0.5985178034609452
null,current,fidelity_across,bookcorpus,wikitext,0.2958028585124846
null,current,reliability_across,bookcorpus,wikitext,0.06160510423227752
null,fisher_pca,fidelity_across,bookcorpus,wikitext,0.32828345587116753
null,fisher_pca,reliability_across,bookcorpus,wikitext,0.2729520171842543
null,legacy,fidelity_across,bookcorpus,wikitext,0.523205398992661
null,legacy,reliability_across,bookcorpus,wikitext,0.47649751846561783
null,nopca_fisher,fidelity_across,bookcorpus,wikitext,0.7082422948745858
null,nopca_fisher,reliability_across,bookcorpus,wikitext,0.4243074908121921
null,vmf_profile,fidelity_across,bookcorpus,wikitext,0.12241687868168905
null,vmf_profile,reliability_across,bookcorpus,wikitext,0.1801377869023261
null,(ceiling),fidelity_across,bookcorpus,agnews,0.5904107267495978
null,current,fidelity_across,bookcorpus,agnews,0.31742730030926536
null,current,reliability_across,bookcorpus,agnews,0.057934986761561225
null,fisher_pca,fidelity_across,bookcorpus,agnews,0.34314432354031216
null,fisher_pca,reliability_across,bookcorpus,agnews,0.23766913056079325
null,legacy,fidelity_across,bookcorpus,agnews,0.5323921201176716
null,legacy,reliability_across,bookcorpus,agnews,0.42699967300603736
null,nopca_fisher,fidelity_across,bookcorpus,agnews,0.7078221954204293
null,nopca_fisher,reliability_across,bookcorpus,agnews,0.30321775910895765
null,vmf_profile,fidelity_across,bookcorpus,agnews,0.1394641287798678
null,vmf_profile,reliability_across,bookcorpus,agnews,0.1717470781790135
null,(ceiling),fidelity_across,bookcorpus,tldr17,0.589589993713892
null,current,fidelity_across,bookcorpus,tldr17,0.2970238442664966
null,current,reliability_across,bookcorpus,tldr17,0.058315746180453584
null,fisher_pca,fidelity_across,bookcorpus,tldr17,0.3325720560288497
null,fisher_pca,reliability_across,bookcorpus,tldr17,0.16889025488902681
null,legacy,fidelity_across,bookcorpus,tldr17,0.5280475345286774
null,legacy,reliability_across,bookcorpus,tldr17,0.4932973386628336
null,nopca_fisher,fidelity_across,bookcorpus,tldr17,0.7058815043793256
null,nopca_fisher,reliability_across,bookcorpus,tldr17,0.31545263014543135
null,vmf_profile,fidelity_across,bookcorpus,tldr17,0.12170656139968622
null,vmf_profile,reliability_across,bookcorpus,tldr17,0.09749818403827984
null,(ceiling),fidelity_across,bookcorpus,codeparrot,0.5181350778489693
null,current,fidelity_across,bookcorpus,codeparrot,0.2534040051149669
null,current,reliability_across,bookcorpus,codeparrot,0.011679115772310058
null,fisher_pca,fidelity_across,bookcorpus,codeparrot,0.28622184808427464
null,fisher_pca,reliability_across,bookcorpus,codeparrot,0.0994370641180618
null,legacy,fidelity_across,bookcorpus,codeparrot,0.465192184857421
null,legacy,reliability_across,bookcorpus,codeparrot,0.13493884570996467
null,nopca_fisher,fidelity_across,bookcorpus,codeparrot,0.6192083457613577
null,nopca_fisher,reliability_across,bookcorpus,codeparrot,0.12852472330987788
null,vmf_profile,fidelity_across,bookcorpus,codeparrot,0.11309095852541454
null,vmf_profile,reliability_across,bookcorpus,codeparrot,0.06538249134072208
null,(ceiling),fidelity_across,bookcorpus,random,0.5256409814245475
null,current,fidelity_across,bookcorpus,random,0.33600274468213226
null,current,reliability_across,bookcorpus,random,0.04221238162502533
null,fisher_pca,fidelity_across,bookcorpus,random,0.3584654424912973
null,fisher_pca,reliability_across,bookcorpus,random,0.09818554471002075
null,legacy,fidelity_across,bookcorpus,random,0.5075352702957524
null,legacy,reliability_across,bookcorpus,random,0.3754407238039041
null,nopca_fisher,fidelity_across,bookcorpus,random,0.635894478316078
null,nopca_fisher,reliability_across,bookcorpus,random,0.09620175720035616
null,vmf_profile,fidelity_across,bookcorpus,random,0.183957581233254
null,vmf_profile,reliability_across,bookcorpus,random,0.0675933234945806
null,(ceiling),fidelity_across,bookcorpus,whitespace,0.035653632120050224
null,current,fidelity_across,bookcorpus,whitespace,0.031984092117375254
null,current,reliability_across,bookcorpus,whitespace,0.0007849798592658733
null,fisher_pca,fidelity_across,bookcorpus,whitespace,0.03109445582177325
null,fisher_pca,reliability_across,bookcorpus,whitespace,0.018295815258129924
null,legacy,fidelity_across,bookcorpus,whitespace,0.03854336003341626
null,legacy,reliability_across,bookcorpus,whitespace,0.018505365139084753
null,nopca_fisher,fidelity_across,bookcorpus,whitespace,0.034466994421032016
null,nopca_fisher,reliability_across,bookcorpus,whitespace,0.01703363313004503
null,vmf_profile,fidelity_across,bookcorpus,whitespace,0.04662401947406484
null,vmf_profile,reliability_across,bookcorpus,whitespace,0.002495904400161983
null,(ceiling),fidelity_across,agnews,wikitext,0.5934993324675116
null,current,fidelity_across,agnews,wikitext,0.23276060989383135
null,current,reliability_across,agnews,wikitext,0.06757710956139623
null,fisher_pca,fidelity_across,agnews,wikitext,0.34001569016327166
null,fisher_pca,reliability_across,agnews,wikitext,0.44147654804051345
null,legacy,fidelity_across,agnews,wikitext,0.5155978539115327
null,legacy,reliability_across,agnews,wikitext,0.5240250164964058
null,nopca_fisher,fidelity_across,agnews,wikitext,0.7056746667198135
null,nopca_fisher,reliability_across,agnews,wikitext,0.3668493228417388
null,vmf_profile,fidelity_across,agnews,wikitext,0.08844630230710401
null,vmf_profile,reliability_across,agnews,wikitext,0.17746750899582214
null,(ceiling),fidelity_across,agnews,bookcorpus,0.5904107267495977
null,current,fidelity_across,agnews,bookcorpus,0.2463232321304974
null,current,reliability_across,agnews,bookcorpus,0.057934986761561225
null,fisher_pca,fidelity_across,agnews,bookcorpus,0.35512687898641904
null,fisher_pca,reliability_across,agnews,bookcorpus,0.23766913056079325
null,legacy,fidelity_across,agnews,bookcorpus,0.5277972207754034
null,legacy,reliability_across,agnews,bookcorpus,0.42699967300603736
null,nopca_fisher,fidelity_across,agnews,bookcorpus,0.7096344241418506
null,nopca_fisher,reliability_across,agnews,bookcorpus,0.30321775910895765
null,vmf_profile,fidelity_across,agnews,bookcorpus,0.09565970921456776
null,vmf_profile,reliability_across,agnews,bookcorpus,0.1717470781790135
null,(ceiling),fidelity_across,agnews,tldr17,0.5879032932615887
null,current,fidelity_across,agnews,tldr17,0.23098429377403673
null,current,reliability_across,agnews,tldr17,0.0623865849718845
null,fisher_pca,fidelity_across,agnews,tldr17,0.3411559101974131
null,fisher_pca,reliability_across,agnews,tldr17,0.27760801163471255
null,legacy,fidelity_across,agnews,tldr17,0.5171402065427844
null,legacy,reliability_across,agnews,tldr17,0.4929293437642197
null,nopca_fisher,fidelity_across,agnews,tldr17,0.6997533003671877
null,nopca_fisher,reliability_across,agnews,tldr17,0.2659434676366047
null,vmf_profile,fidelity_across,agnews,tldr17,0.08650545467965959
null,vmf_profile,reliability_across,agnews,tldr17,0.0910579426211365
null,(ceiling),fidelity_across,agnews,codeparrot,0.5097771687707398
null,current,fidelity_across,agnews,codeparrot,0.20095869761833707
null,current,reliability_across,agnews,codeparrot,0.008445402544869585
null,fisher_pca,fidelity_across,agnews,codeparrot,0.29571993040622196
null,fisher_pca,reliability_across,agnews,codeparrot,0.13175616285320133
null,legacy,fidelity_across,agnews,codeparrot,0.4518676477580462
null,legacy,reliability_across,agnews,codeparrot,0.14575372594602845
null,nopca_fisher,fidelity_across,agnews,codeparrot,0.6092339378729875
null,nopca_fisher,reliability_across,agnews,codeparrot,0.1186606234479449
null,vmf_profile,fidelity_across,agnews,codeparrot,0.08181229107953773
null,vmf_profile,reliability_across,agnews,codeparrot,0.06326160382567107
null,(ceiling),fidelity_across,agnews,random,0.5483492130569708
null,current,fidelity_across,agnews,random,0.30590725955630566
null,current,reliability_across,agnews,random,0.05362327746625285
null,fisher_pca,fidelity_across,agnews,random,0.3945707554634104
null,fisher_pca,reliability_across,agnews,random,0.12950799387704667
null,legacy,fidelity_across,agnews,random,0.5368412250231974
null,legacy,reliability_across,agnews,random,0.4472254234472485
null,nopca_fisher,fidelity_across,agnews,random,0.6609182408866923
null,nopca_fisher,reliability_across,agnews,random,0.14791847076242015
null,vmf_profile,fidelity_across,agnews,random,0.15621477819039425
null,vmf_profile,reliability_across,agnews,random,0.08626108970927725
null,(ceiling),fidelity_across,agnews,whitespace,0.035814658199224685
null,current,fidelity_across,agnews,whitespace,0.03610755018754417
null,current,reliability_across,agnews,whitespace,0.0005783696785555799
null,fisher_pca,fidelity_across,agnews,whitespace,0.03244031031583435
null,fisher_pca,reliability_across,agnews,whitespace,0.026592793585022624
null,legacy,fidelity_across,agnews,whitespace,0.03797708405230481
null,legacy,reliability_across,agnews,whitespace,0.023452180760700977
null,nopca_fisher,fidelity_across,agnews,whitespace,0.033617869302819126
null,nopca_fisher,reliability_across,agnews,whitespace,0.019504878339414826
null,vmf_profile,fidelity_across,agnews,whitespace,0.061280811473209504
null,vmf_profile,reliability_across,agnews,whitespace,0.0018948096456182367
null,(ceiling),fidelity_across,tldr17,wikitext,0.5917128148985642
null,current,fidelity_across,tldr17,wikitext,0.365685344518992
null,current,reliability_across,tldr17,wikitext,0.07503305984368695
null,fisher_pca,fidelity_across,tldr17,wikitext,0.36844965432912197
null,fisher_pca,reliability_across,tldr17,wikitext,0.3476675787081581
null,legacy,fidelity_across,tldr17,wikitext,0.5325434404827525
null,legacy,reliability_across,tldr17,wikitext,0.6021119706794827
null,nopca_fisher,fidelity_across,tldr17,wikitext,0.7138176703069392
null,nopca_fisher,reliability_across,tldr17,wikitext,0.3674442854734188
null,vmf_profile,fidelity_across,tldr17,wikitext,0.2608959440216452
null,vmf_profile,reliability_across,tldr17,wikitext,0.22888871354133597
null,(ceiling),fidelity_across,tldr17,bookcorpus,0.589589993713892
null,current,fidelity_across,tldr17,bookcorpus,0.37641611364982724
null,current,reliability_across,tldr17,bookcorpus,0.058315746180453584
null,fisher_pca,fidelity_across,tldr17,bookcorpus,0.37666918648908826
null,fisher_pca,reliability_across,tldr17,bookcorpus,0.16889025488902681
null,legacy,fidelity_across,tldr17,bookcorpus,0.5413163545321209
null,legacy,reliability_across,tldr17,bookcorpus,0.4932973386628336
null,nopca_fisher,fidelity_across,tldr17,bookcorpus,0.7147672239175961
null,nopca_fisher,reliability_across,tldr17,bookcorpus,0.31545263014543135
null,vmf_profile,fidelity_across,tldr17,bookcorpus,0.27265109394766823
null,vmf_profile,reliability_across,tldr17,bookcorpus,0.09749818403827984
null,(ceiling),fidelity_across,tldr17,agnews,0.5879032932615889
null,current,fidelity_across,tldr17,agnews,0.37712519622841156
null,current,reliability_across,tldr17,agnews,0.0623865849718845
null,fisher_pca,fidelity_across,tldr17,agnews,0.37062561419331164
null,fisher_pca,reliability_across,tldr17,agnews,0.27760801163471255
null,legacy,fidelity_across,tldr17,agnews,0.5270933200213003
null,legacy,reliability_across,tldr17,agnews,0.4929293437642197
null,nopca_fisher,fidelity_across,tldr17,agnews,0.7044255397704674
null,nopca_fisher,reliability_across,tldr17,agnews,0.2659434676366047
null,vmf_profile,fidelity_across,tldr17,agnews,0.27862738800958964
null,vmf_profile,reliability_across,tldr17,agnews,0.0910579426211365
null,(ceiling),fidelity_across,tldr17,codeparrot,0.5172180149413884
null,current,fidelity_across,tldr17,codeparrot,0.30566488426200294
null,current,reliability_across,tldr17,codeparrot,0.020312606071389603
null,fisher_pca,fidelity_across,tldr17,codeparrot,0.3275924845193746
null,fisher_pca,reliability_across,tldr17,codeparrot,0.07328299832265814
null,legacy,fidelity_across,tldr17,codeparrot,0.4788379853457183
null,legacy,reliability_across,tldr17,codeparrot,0.14897831007317347
null,nopca_fisher,fidelity_across,tldr17,codeparrot,0.6240113392972427
null,nopca_fisher,reliability_across,tldr17,codeparrot,0.17782350448966186
null,vmf_profile,fidelity_across,tldr17,codeparrot,0.21836644347576734
null,vmf_profile,reliability_across,tldr17,codeparrot,0.06171970123824079
null,(ceiling),fidelity_across,tldr17,random,0.5032927956353158
null,current,fidelity_across,tldr17,random,0.36170786367853053
null,current,reliability_across,tldr17,random,0.036573539803398926
null,fisher_pca,fidelity_across,tldr17,random,0.35835938934175865
null,fisher_pca,reliability_across,tldr17,random,0.10468074273628065
null,legacy,fidelity_across,tldr17,random,0.48395596520564316
null,legacy,reliability_across,tldr17,random,0.4139543701800721
null,nopca_fisher,fidelity_across,tldr17,random,0.6105712348122943
null,nopca_fisher,reliability_across,tldr17,random,0.0998993236664582
null,vmf_profile,fidelity_across,tldr17,random,0.29214037363745743
null,vmf_profile,reliability_across,tldr17,random,0.029593161923181302
null,(ceiling),fidelity_across,tldr17,whitespace,0.037403500765507934
null,current,fidelity_across,tldr17,whitespace,0.024185066191404418
null,current,reliability_across,tldr17,whitespace,0.001186081325277045
null,fisher_pca,fidelity_across,tldr17,whitespace,0.04499506949288857
null,fisher_pca,reliability_across,tldr17,whitespace,0.022193814846008474
null,legacy,fidelity_across,tldr17,whitespace,0.037812339677982205
null,legacy,reliability_across,tldr17,whitespace,0.019156540867608225
null,nopca_fisher,fidelity_across,tldr17,whitespace,0.03442342795172181
null,nopca_fisher,reliability_across,tldr17,whitespace,0.018308484142362094
null,vmf_profile,fidelity_across,tldr17,whitespace,0.020060187932018907
null,vmf_profile,reliability_across,tldr17,whitespace,0.0036556664649052945
null,(ceiling),fidelity_across,codeparrot,wikitext,0.5148173517074184
null,current,fidelity_across,codeparrot,wikitext,0.37850768203722435
null,current,reliability_across,codeparrot,wikitext,0.0211154727720215
null,fisher_pca,fidelity_across,codeparrot,wikitext,0.3474221321885225
null,fisher_pca,reliability_across,codeparrot,wikitext,0.15180432656955772
null,legacy,fidelity_across,codeparrot,wikitext,0.4266856776009509
null,legacy,reliability_across,codeparrot,wikitext,0.14922070070678922
null,nopca_fisher,fidelity_across,codeparrot,wikitext,0.6933184115480129
null,nopca_fisher,reliability_across,codeparrot,wikitext,0.12169145902859231
null,vmf_profile,fidelity_across,codeparrot,wikitext,0.30068335214387437
null,vmf_profile,reliability_across,codeparrot,wikitext,0.07772863614654989
null,(ceiling),fidelity_across,codeparrot,bookcorpus,0.5181350778489693
null,current,fidelity_across,codeparrot,bookcorpus,0.38799316231684033
null,current,reliability_across,codeparrot,bookcorpus,0.011679115772310058
null,fisher_pca,fidelity_across,codeparrot,bookcorpus,0.3565366041425028
null,fisher_pca,reliability_across,codeparrot,bookcorpus,0.0994370641180618
null,legacy,fidelity_across,codeparrot,bookcorpus,0.43481871354269164
null,legacy,reliability_across,codeparrot,bookcorpus,0.13493884570996467
null,nopca_fisher,fidelity_across,codeparrot,bookcorpus,0.6971599347117898
null,nopca_fisher,reliability_across,codeparrot,bookcorpus,0.12852472330987788
null,vmf_profile,fidelity_across,codeparrot,bookcorpus,0.3118160237232127
null,vmf_profile,reliability_across,codeparrot,bookcorpus,0.06538249134072208
null,(ceiling),fidelity_across,codeparrot,agnews,0.5097771687707398
null,current,fidelity_across,codeparrot,agnews,0.3851106889171505
null,current,reliability_across,codeparrot,agnews,0.008445402544869585
null,fisher_pca,fidelity_across,codeparrot,agnews,0.34701480623206926
null,fisher_pca,reliability_across,codeparrot,agnews,0.13175616285320133
null,legacy,fidelity_across,codeparrot,agnews,0.43029875347906776
null,legacy,reliability_across,codeparrot,agnews,0.14575372594602845
null,nopca_fisher,fidelity_across,codeparrot,agnews,0.6860890234370212
null,nopca_fisher,reliability_across,codeparrot,agnews,0.1186606234479449
null,vmf_profile,fidelity_across,codeparrot,agnews,0.311513707628397
null,vmf_profile,reliability_across,codeparrot,agnews,0.06326160382567107
null,(ceiling),fidelity_across,codeparrot,tldr17,0.5172180149413884
null,current,fidelity_across,codeparrot,tldr17,0.3862643438132465
null,current,reliability_across,codeparrot,tldr17,0.020312606071389603
null,fisher_pca,fidelity_across,codeparrot,tldr17,0.3526093267405221
null,fisher_pca,reliability_across,codeparrot,tldr17,0.07328299832265814
null,legacy,fidelity_across,codeparrot,tldr17,0.4347980247408788
null,legacy,reliability_across,codeparrot,tldr17,0.14897831007317347
null,nopca_fisher,fidelity_across,codeparrot,tldr17,0.6959363784166401
null,nopca_fisher,reliability_across,codeparrot,tldr17,0.17782350448966186
null,vmf_profile,fidelity_across,codeparrot,tldr17,0.30654671575758885
null,vmf_profile,reliability_across,codeparrot,tldr17,0.06171970123824079
null,(ceiling),fidelity_across,codeparrot,random,0.4537824306773114
null,current,fidelity_across,codeparrot,random,0.3655310447021048
null,current,reliability_across,codeparrot,random,0.008333315832507954
null,fisher_pca,fidelity_across,codeparrot,random,0.3431340229323393
null,fisher_pca,reliability_across,codeparrot,random,0.06700040130332846
null,legacy,fidelity_across,codeparrot,random,0.41228417662948685
null,legacy,reliability_across,codeparrot,random,0.16506633525027825
null,nopca_fisher,fidelity_across,codeparrot,random,0.6123831073259299
null,nopca_fisher,reliability_across,codeparrot,random,0.08133535778101285
null,vmf_profile,fidelity_across,codeparrot,random,0.31276469110935257
null,vmf_profile,reliability_across,codeparrot,random,0.03858281352565627
null,(ceiling),fidelity_across,codeparrot,whitespace,0.04840152003926525
null,current,fidelity_across,codeparrot,whitespace,0.030146960968742233
null,current,reliability_across,codeparrot,whitespace,0.0010940594847580329
null,fisher_pca,fidelity_across,codeparrot,whitespace,0.0535262909579598
null,fisher_pca,reliability_across,codeparrot,whitespace,0.023535762965533915
null,legacy,fidelity_across,codeparrot,whitespace,0.053471881062923186
null,legacy,reliability_across,codeparrot,whitespace,0.022486333104126364
null,nopca_fisher,fidelity_across,codeparrot,whitespace,0.055947821404576645
null,nopca_fisher,reliability_across,codeparrot,whitespace,0.0311431044775704
null,vmf_profile,fidelity_across,codeparrot,whitespace,0.027356755464780294
null,vmf_profile,reliability_across,codeparrot,whitespace,0.004462920313262709
null,(ceiling),fidelity_across,random,wikitext,0.5115667913266465
null,current,fidelity_across,random,wikitext,0.08590353946055475
null,current,reliability_across,random,wikitext,0.042497452444042856
null,fisher_pca,fidelity_across,random,wikitext,0.22024820575554846
null,fisher_pca,reliability_across,random,wikitext,0.12721783890420443
null,legacy,fidelity_across,random,wikitext,0.3774943826549705
null,legacy,reliability_across,random,wikitext,0.41686703258854524
null,nopca_fisher,fidelity_across,random,wikitext,0.6323429943978535
null,nopca_fisher,reliability_across,random,wikitext,0.08959771693170682
null,vmf_profile,fidelity_across,random,wikitext,0.05246680113690024
null,vmf_profile,reliability_across,random,wikitext,0.032898064197746886
null,(ceiling),fidelity_across,random,bookcorpus,0.5256409814245475
null,current,fidelity_across,random,bookcorpus,0.09005223114528325
null,current,reliability_across,random,bookcorpus,0.04221238162502533
null,fisher_pca,fidelity_across,random,bookcorpus,0.23681170479622282
null,fisher_pca,reliability_across,random,bookcorpus,0.09818554471002075
null,legacy,fidelity_across,random,bookcorpus,0.39437445839091045
null,legacy,reliability_across,random,bookcorpus,0.3754407238039041
null,nopca_fisher,fidelity_across,random,bookcorpus,0.6500482684755379
null,nopca_fisher,reliability_across,random,bookcorpus,0.09620175720035616
null,vmf_profile,fidelity_across,random,bookcorpus,0.052261224483676316
null,vmf_profile,reliability_across,random,bookcorpus,0.0675933234945806
null,(ceiling),fidelity_across,random,agnews,0.5483492130569708
null,current,fidelity_across,random,agnews,0.10005496084223575
null,current,reliability_across,random,agnews,0.05362327746625285
null,fisher_pca,fidelity_across,random,agnews,0.2539045258103626
null,fisher_pca,reliability_across,random,agnews,0.12950799387704667
null,legacy,fidelity_across,random,agnews,0.4105427583760392
null,legacy,reliability_across,random,agnews,0.4472254234472485
null,nopca_fisher,fidelity_across,random,agnews,0.6787711497713026
null,nopca_fisher,reliability_across,random,agnews,0.14791847076242015
null,vmf_profile,fidelity_across,random,agnews,0.058997889365672844
null,vmf_profile,reliability_across,random,agnews,0.08626108970927725
null,(ceiling),fidelity_across,random,tldr17,0.5032927956353158
null,current,fidelity_across,random,tldr17,0.08480292892043854
null,current,reliability_across,random,tldr17,0.036573539803398926
null,fisher_pca,fidelity_across,random,tldr17,0.21907775692945244
null,fisher_pca,reliability_across,random,tldr17,0.10468074273628065
null,legacy,fidelity_across,random,tldr17,0.37105665939913673
null,legacy,reliability_across,random,tldr17,0.4139543701800721
null,nopca_fisher,fidelity_across,random,tldr17,0.6216246174322954
null,nopca_fisher,reliability_across,random,tldr17,0.0998993236664582
null,vmf_profile,fidelity_across,random,tldr17,0.052130495799558314
null,vmf_profile,reliability_across,random,tldr17,0.029593161923181302
null,(ceiling),fidelity_across,random,codeparrot,0.4537824306773114
null,current,fidelity_across,random,codeparrot,0.09682401304874565
null,current,reliability_across,random,codeparrot,0.008333315832507954
null,fisher_pca,fidelity_across,random,codeparrot,0.20924112832508754
null,fisher_pca,reliability_across,random,codeparrot,0.06700040130332846
null,legacy,fidelity_across,random,codeparrot,0.3559513960798303
null,legacy,reliability_across,random,codeparrot,0.16506633525027825
null,nopca_fisher,fidelity_across,random,codeparrot,0.5581825865943968
null,nopca_fisher,reliability_across,random,codeparrot,0.08133535778101285
null,vmf_profile,fidelity_across,random,codeparrot,0.06747067098812533
null,vmf_profile,reliability_across,random,codeparrot,0.03858281352565627
null,(ceiling),fidelity_across,random,whitespace,0.04345535276122174
null,current,fidelity_across,random,whitespace,0.10007108668346516
null,current,reliability_across,random,whitespace,0.0006746760943381098
null,fisher_pca,fidelity_across,random,whitespace,0.06121335526053401
null,fisher_pca,reliability_across,random,whitespace,0.023836866628981667
null,legacy,fidelity_across,random,whitespace,0.05580984359416884
null,legacy,reliability_across,random,whitespace,0.030203270497859838
null,nopca_fisher,fidelity_across,random,whitespace,0.051444798458685284
null,nopca_fisher,reliability_across,random,whitespace,0.029042228654528626
null,vmf_profile,fidelity_across,random,whitespace,0.10994857144780044
null,vmf_profile,reliability_across,random,whitespace,0.0035991667576790857
null,(ceiling),fidelity_across,whitespace,wikitext,0.03691580670985317
null,current,fidelity_across,whitespace,wikitext,-0.017470541124959552
null,current,reliability_across,whitespace,wikitext,0.0013276953666046777
null,fisher_pca,fidelity_across,whitespace,wikitext,0.03557148557352621
null,fisher_pca,reliability_across,whitespace,wikitext,0.03277115747170572
null,legacy,fidelity_across,whitespace,wikitext,0.048648665549505414
null,legacy,reliability_across,whitespace,wikitext,0.019448394897480355
null,nopca_fisher,fidelity_across,whitespace,wikitext,0.036751142909370864
null,nopca_fisher,reliability_across,whitespace,wikitext,0.010573754770788136
null,vmf_profile,fidelity_across,whitespace,wikitext,-0.01966519172563738
null,vmf_profile,reliability_across,whitespace,wikitext,0.0028030263465420252
null,(ceiling),fidelity_across,whitespace,bookcorpus,0.035653632120050224
null,current,fidelity_across,whitespace,bookcorpus,-0.02166813359710905
null,current,reliability_across,whitespace,bookcorpus,0.0007849798592658733
null,fisher_pca,fidelity_across,whitespace,bookcorpus,0.032882431812277554
null,fisher_pca,reliability_across,whitespace,bookcorpus,0.018295815258129924
null,legacy,fidelity_across,whitespace,bookcorpus,0.04593569095176332
null,legacy,reliability_across,whitespace,bookcorpus,0.018505365139084753
null,nopca_fisher,fidelity_across,whitespace,bookcorpus,0.03406539819978822
null,nopca_fisher,reliability_across,whitespace,bookcorpus,0.01703363313004503
null,vmf_profile,fidelity_across,whitespace,bookcorpus,-0.02385156408165746
null,vmf_profile,reliability_across,whitespace,bookcorpus,0.002495904400161983
null,(ceiling),fidelity_across,whitespace,agnews,0.035814658199224685
null,current,fidelity_across,whitespace,agnews,-0.02374967112748601
null,current,reliability_across,whitespace,agnews,0.0005783696785555799
null,fisher_pca,fidelity_across,whitespace,agnews,0.0325487572825623
null,fisher_pca,reliability_across,whitespace,agnews,0.026592793585022624
null,legacy,fidelity_across,whitespace,agnews,0.04710818534916808
null,legacy,reliability_across,whitespace,agnews,0.023452180760700977
null,nopca_fisher,fidelity_across,whitespace,agnews,0.03375495912461948
null,nopca_fisher,reliability_across,whitespace,agnews,0.019504878339414826
null,vmf_profile,fidelity_across,whitespace,agnews,-0.026114354106430437
null,vmf_profile,reliability_across,whitespace,agnews,0.0018948096456182367
null,(ceiling),fidelity_across,whitespace,tldr17,0.037403500765507934
null,current,fidelity_across,whitespace,tldr17,-0.016366164810146848
null,current,reliability_across,whitespace,tldr17,0.001186081325277045
null,fisher_pca,fidelity_across,whitespace,tldr17,0.0361918794105805
null,fisher_pca,reliability_across,whitespace,tldr17,0.022193814846008474
null,legacy,fidelity_across,whitespace,tldr17,0.04960482823273393
null,legacy,reliability_across,whitespace,tldr17,0.019156540867608225
null,nopca_fisher,fidelity_across,whitespace,tldr17,0.03780867984569226
null,nopca_fisher,reliability_across,whitespace,tldr17,0.018308484142362094
null,vmf_profile,fidelity_across,whitespace,tldr17,-0.018589168585630703
null,vmf_profile,reliability_across,whitespace,tldr17,0.0036556664649052945
null,(ceiling),fidelity_across,whitespace,codeparrot,0.04840152003926524
null,current,fidelity_across,whitespace,codeparrot,-0.007537982118995606
null,current,reliability_across,whitespace,codeparrot,0.0010940594847580329
null,fisher_pca,fidelity_across,whitespace,codeparrot,0.056640076804256624
null,fisher_pca,reliability_across,whitespace,codeparrot,0.023535762965533915
null,legacy,fidelity_across,whitespace,codeparrot,0.07184026793773322
null,legacy,reliability_across,whitespace,codeparrot,0.022486333104126364
null,nopca_fisher,fidelity_across,whitespace,codeparrot,0.05668869524935085
null,nopca_fisher,reliability_across,whitespace,codeparrot,0.0311431044775704
null,vmf_profile,fidelity_across,whitespace,codeparrot,-0.010273929021441678
null,vmf_profile,reliability_across,whitespace,codeparrot,0.004462920313262709
null,(ceiling),fidelity_across,whitespace,random,0.04345535276122175
null,current,fidelity_across,whitespace,random,-0.032124682335118775
null,current,reliability_across,whitespace,random,0.0006746760943381098
null,fisher_pca,fidelity_across,whitespace,random,0.04650691400278552
null,fisher_pca,reliability_across,whitespace,random,0.023836866628981667
null,legacy,fidelity_across,whitespace,random,0.06650594637318608
null,legacy,reliability_across,whitespace,random,0.030203270497859838
null,nopca_fisher,fidelity_across,whitespace,random,0.04549247353299493
null,nopca_fisher,reliability_across,whitespace,random,0.029042228654528626
null,vmf_profile,fidelity_across,whitespace,random,-0.03611687224760046
null,vmf_profile,reliability_across,whitespace,random,0.0035991667576790857
