tree,variant,metric,fit,eval,value
real,(ceiling),fidelity_within,wikitext,wikitext,0.9747874897582266
real,(ceiling),fidelity_within_r,wikitext,wikitext,0.9873717009599972
real,vmf_pca100_lloyd100,reliability_within,wikitext,wikitext,0.6021268615104063
real,vmf_pca100_lloyd100,reliability_within_coassoc,wikitext,wikitext,0.9105308483221011
real,vmf_pca100_lloyd100,fidelity_within,wikitext,wikitext,0.21680547756762092
real,vmf_pca100_lloyd100,fidelity_within_r,wikitext,wikitext,0.46562510874966273
real,vmf_pca100_lloyd100,fidelity_within_insample,wikitext,wikitext,0.21658782589449832
real,vmf_pca100_lloyd100,reliability_ceiling,wikitext,wikitext,0.6621551216846191
real,vmf_pca100_lloyd100,triviality_ami_layer,wikitext,wikitext,0.1417464367449989
real,vmf_pca100_lloyd100,triviality_ami_dimension,wikitext,wikitext,-0.0015126283242027666
real,vmf_pca100_lloyd100,triviality_ami_hubness,wikitext,wikitext,0.07886596148053698
real,vmf_pca100_lloyd100,triviality_n_effective_networks,wikitext,wikitext,100.0
real,vmf_pca100_lloyd100,triviality_entropy_effective_networks,wikitext,wikitext,90.67090059738585
real,vmf_pca100_lloyd100,triviality_median_max_membership,wikitext,wikitext,0.625
real,vmf_pca100_lloyd100,triviality_frac_confident,wikitext,wikitext,0.667167467948718
real,vmf_pca100_lloyd100_bm_degree,reliability_within,wikitext,wikitext,0.3894705392912987
real,vmf_pca100_lloyd100_bm_degree,reliability_within_coassoc,wikitext,wikitext,0.9105308483221011
real,vmf_pca100_lloyd100_bm_degree,fidelity_within,wikitext,wikitext,0.31478090572154616
real,vmf_pca100_lloyd100_bm_degree,fidelity_within_r,wikitext,wikitext,0.5610584356352576
real,vmf_pca100_lloyd100_bm_degree,fidelity_within_insample,wikitext,wikitext,0.3133094380107898
real,vmf_pca100_lloyd100_bm_degree,reliability_ceiling,wikitext,wikitext,0.5368006278000772
real,vmf_pca100_lloyd100_bm_degree,triviality_ami_layer,wikitext,wikitext,0.14748831004858434
real,vmf_pca100_lloyd100_bm_degree,triviality_ami_dimension,wikitext,wikitext,-5.043390904261424e-05
real,vmf_pca100_lloyd100_bm_degree,triviality_ami_hubness,wikitext,wikitext,0.1406359530797887
real,vmf_pca100_lloyd100_bm_degree,triviality_n_effective_networks,wikitext,wikitext,100.0
real,vmf_pca100_lloyd100_bm_degree,triviality_entropy_effective_networks,wikitext,wikitext,72.8558502170829
real,vmf_pca100_lloyd100_bm_degree,triviality_median_max_membership,wikitext,wikitext,1.0
real,vmf_pca100_lloyd100_bm_degree,triviality_frac_confident,wikitext,wikitext,1.0
real,vmf_pca100_lloyd100_coassoc,reliability_within,wikitext,wikitext,0.6094394732148206
real,vmf_pca100_lloyd100_coassoc,reliability_within_coassoc,wikitext,wikitext,0.9105308483221011
real,vmf_pca100_lloyd100_coassoc,fidelity_within,wikitext,wikitext,0.20911528612969277
real,vmf_pca100_lloyd100_coassoc,fidelity_within_r,wikitext,wikitext,0.45729211795412555
real,vmf_pca100_lloyd100_coassoc,fidelity_within_insample,wikitext,wikitext,0.20910254395661476
real,vmf_pca100_lloyd100_coassoc,reliability_ceiling,wikitext,wikitext,0.6732584574973061
real,vmf_pca100_lloyd100_coassoc,triviality_ami_layer,wikitext,wikitext,0.13965569211916262
real,vmf_pca100_lloyd100_coassoc,triviality_ami_dimension,wikitext,wikitext,-0.0010016140743289688
real,vmf_pca100_lloyd100_coassoc,triviality_ami_hubness,wikitext,wikitext,0.07767116526812892
real,vmf_pca100_lloyd100_coassoc,triviality_n_effective_networks,wikitext,wikitext,100.0
real,vmf_pca100_lloyd100_coassoc,triviality_entropy_effective_networks,wikitext,wikitext,81.31243880462551
real,vmf_pca100_lloyd100_coassoc,triviality_median_max_membership,wikitext,wikitext,1.0
real,vmf_pca100_lloyd100_coassoc,triviality_frac_confident,wikitext,wikitext,1.0
real,(ceiling),fidelity_within,bookcorpus,bookcorpus,0.9888274536436901
real,(ceiling),fidelity_within_r,bookcorpus,bookcorpus,0.9944086938872909
real,vmf_pca100_lloyd100,reliability_within,bookcorpus,bookcorpus,0.6257630234152263
real,vmf_pca100_lloyd100,reliability_within_coassoc,bookcorpus,bookcorpus,0.9415710835882157
real,vmf_pca100_lloyd100,fidelity_within,bookcorpus,bookcorpus,0.23299607406481604
real,vmf_pca100_lloyd100,fidelity_within_r,bookcorpus,bookcorpus,0.4826981777960555
real,vmf_pca100_lloyd100,fidelity_within_insample,bookcorpus,bookcorpus,0.23303139211375745
real,vmf_pca100_lloyd100,reliability_ceiling,bookcorpus,bookcorpus,0.6149799832875421
real,vmf_pca100_lloyd100,triviality_ami_layer,bookcorpus,bookcorpus,0.123715924481548
real,vmf_pca100_lloyd100,triviality_ami_dimension,bookcorpus,bookcorpus,-0.0012144643175137997
real,vmf_pca100_lloyd100,triviality_ami_hubness,bookcorpus,bookcorpus,0.0775460815336046
real,vmf_pca100_lloyd100,triviality_n_effective_networks,bookcorpus,bookcorpus,100.0
real,vmf_pca100_lloyd100,triviality_entropy_effective_networks,bookcorpus,bookcorpus,91.29029992366186
real,vmf_pca100_lloyd100,triviality_median_max_membership,bookcorpus,bookcorpus,0.575
real,vmf_pca100_lloyd100,triviality_frac_confident,bookcorpus,bookcorpus,0.5910456730769231
real,vmf_pca100_lloyd100_bm_degree,reliability_within,bookcorpus,bookcorpus,0.40869624069007515
real,vmf_pca100_lloyd100_bm_degree,reliability_within_coassoc,bookcorpus,bookcorpus,0.9415710835882157
real,vmf_pca100_lloyd100_bm_degree,fidelity_within,bookcorpus,bookcorpus,0.3655131914506815
real,vmf_pca100_lloyd100_bm_degree,fidelity_within_r,bookcorpus,bookcorpus,0.6045782231126987
real,vmf_pca100_lloyd100_bm_degree,fidelity_within_insample,bookcorpus,bookcorpus,0.365535791627991
real,vmf_pca100_lloyd100_bm_degree,reliability_ceiling,bookcorpus,bookcorpus,0.39384865190718454
real,vmf_pca100_lloyd100_bm_degree,triviality_ami_layer,bookcorpus,bookcorpus,0.11533326230298421
real,vmf_pca100_lloyd100_bm_degree,triviality_ami_dimension,bookcorpus,bookcorpus,-0.0006546859618866728
real,vmf_pca100_lloyd100_bm_degree,triviality_ami_hubness,bookcorpus,bookcorpus,0.15435982912892254
real,vmf_pca100_lloyd100_bm_degree,triviality_n_effective_networks,bookcorpus,bookcorpus,100.0
real,vmf_pca100_lloyd100_bm_degree,triviality_entropy_effective_networks,bookcorpus,bookcorpus,76.31951300076528
real,vmf_pca100_lloyd100_bm_degree,triviality_median_max_membership,bookcorpus,bookcorpus,1.0
real,vmf_pca100_lloyd100_bm_degree,triviality_frac_confident,bookcorpus,bookcorpus,1.0
real,vmf_pca100_lloyd100_coassoc,reliability_within,bookcorpus,bookcorpus,0.6153450789848447
real,vmf_pca100_lloyd100_coassoc,reliability_within_coassoc,bookcorpus,bookcorpus,0.9415710835882157
real,vmf_pca100_lloyd100_coassoc,fidelity_within,bookcorpus,bookcorpus,0.22379877942135196
real,vmf_pca100_lloyd100_coassoc,fidelity_within_r,bookcorpus,bookcorpus,0.4730753398540561
real,vmf_pca100_lloyd100_coassoc,fidelity_within_insample,bookcorpus,bookcorpus,0.22378628995641436
real,vmf_pca100_lloyd100_coassoc,reliability_ceiling,bookcorpus,bookcorpus,0.6174991159172316
real,vmf_pca100_lloyd100_coassoc,triviality_ami_layer,bookcorpus,bookcorpus,0.12118058833131808
real,vmf_pca100_lloyd100_coassoc,triviality_ami_dimension,bookcorpus,bookcorpus,-0.0013163147001223384
real,vmf_pca100_lloyd100_coassoc,triviality_ami_hubness,bookcorpus,bookcorpus,0.07553778798237513
real,vmf_pca100_lloyd100_coassoc,triviality_n_effective_networks,bookcorpus,bookcorpus,100.0
real,vmf_pca100_lloyd100_coassoc,triviality_entropy_effective_networks,bookcorpus,bookcorpus,82.57618058126468
real,vmf_pca100_lloyd100_coassoc,triviality_median_max_membership,bookcorpus,bookcorpus,1.0
real,vmf_pca100_lloyd100_coassoc,triviality_frac_confident,bookcorpus,bookcorpus,1.0
real,(ceiling),fidelity_within,agnews,agnews,0.9784710625110252
real,(ceiling),fidelity_within_r,agnews,agnews,0.9892610602960447
real,vmf_pca100_lloyd100,reliability_within,agnews,agnews,0.6269940482242482
real,vmf_pca100_lloyd100,reliability_within_coassoc,agnews,agnews,0.9243214120829949
real,vmf_pca100_lloyd100,fidelity_within,agnews,agnews,0.2129732107163037
real,vmf_pca100_lloyd100,fidelity_within_r,agnews,agnews,0.46150274658219353
real,vmf_pca100_lloyd100,fidelity_within_insample,agnews,agnews,0.21455370062199175
real,vmf_pca100_lloyd100,reliability_ceiling,agnews,agnews,0.6917932812353124
real,vmf_pca100_lloyd100,triviality_ami_layer,agnews,agnews,0.1417894509963841
real,vmf_pca100_lloyd100,triviality_ami_dimension,agnews,agnews,-0.0004078533185266978
real,vmf_pca100_lloyd100,triviality_ami_hubness,agnews,agnews,0.08964135980104974
real,vmf_pca100_lloyd100,triviality_n_effective_networks,agnews,agnews,100.0
real,vmf_pca100_lloyd100,triviality_entropy_effective_networks,agnews,agnews,91.24527240784676
real,vmf_pca100_lloyd100,triviality_median_max_membership,agnews,agnews,0.65
real,vmf_pca100_lloyd100,triviality_frac_confident,agnews,agnews,0.6848958333333334
real,vmf_pca100_lloyd100_bm_degree,reliability_within,agnews,agnews,0.4083722098141324
real,vmf_pca100_lloyd100_bm_degree,reliability_within_coassoc,agnews,agnews,0.9243214120829949
real,vmf_pca100_lloyd100_bm_degree,fidelity_within,agnews,agnews,0.28373151937452246
real,vmf_pca100_lloyd100_bm_degree,fidelity_within_r,agnews,agnews,0.5326740249322558
real,vmf_pca100_lloyd100_bm_degree,fidelity_within_insample,agnews,agnews,0.2850823150640909
real,vmf_pca100_lloyd100_bm_degree,reliability_ceiling,agnews,agnews,0.48347007077703036
real,vmf_pca100_lloyd100_bm_degree,triviality_ami_layer,agnews,agnews,0.14954935776014427
real,vmf_pca100_lloyd100_bm_degree,triviality_ami_dimension,agnews,agnews,-0.0004219504451587066
real,vmf_pca100_lloyd100_bm_degree,triviality_ami_hubness,agnews,agnews,0.1368112176429361
real,vmf_pca100_lloyd100_bm_degree,triviality_n_effective_networks,agnews,agnews,100.0
real,vmf_pca100_lloyd100_bm_degree,triviality_entropy_effective_networks,agnews,agnews,74.52897350667615
real,vmf_pca100_lloyd100_bm_degree,triviality_median_max_membership,agnews,agnews,1.0
real,vmf_pca100_lloyd100_bm_degree,triviality_frac_confident,agnews,agnews,1.0
real,vmf_pca100_lloyd100_coassoc,reliability_within,agnews,agnews,0.6192935885438821
real,vmf_pca100_lloyd100_coassoc,reliability_within_coassoc,agnews,agnews,0.9243214120829949
real,vmf_pca100_lloyd100_coassoc,fidelity_within,agnews,agnews,0.20265615692000882
real,vmf_pca100_lloyd100_coassoc,fidelity_within_r,agnews,agnews,0.4501862204481291
real,vmf_pca100_lloyd100_coassoc,fidelity_within_insample,agnews,agnews,0.2042012735425771
real,vmf_pca100_lloyd100_coassoc,reliability_ceiling,agnews,agnews,0.6367823540326544
real,vmf_pca100_lloyd100_coassoc,triviality_ami_layer,agnews,agnews,0.1400985931291978
real,vmf_pca100_lloyd100_coassoc,triviality_ami_dimension,agnews,agnews,-0.0009544369521896362
real,vmf_pca100_lloyd100_coassoc,triviality_ami_hubness,agnews,agnews,0.08143723955196132
real,vmf_pca100_lloyd100_coassoc,triviality_n_effective_networks,agnews,agnews,100.0
real,vmf_pca100_lloyd100_coassoc,triviality_entropy_effective_networks,agnews,agnews,84.07648893219826
real,vmf_pca100_lloyd100_coassoc,triviality_median_max_membership,agnews,agnews,1.0
real,vmf_pca100_lloyd100_coassoc,triviality_frac_confident,agnews,agnews,1.0
real,(ceiling),fidelity_within,tldr17,tldr17,0.9689455331062399
real,(ceiling),fidelity_within_r,tldr17,tldr17,0.9844730379099201
real,vmf_pca100_lloyd100,reliability_within,tldr17,tldr17,0.6120576567999904
real,vmf_pca100_lloyd100,reliability_within_coassoc,tldr17,tldr17,0.9058487188273286
real,vmf_pca100_lloyd100,fidelity_within,tldr17,tldr17,0.19834787001759746
real,vmf_pca100_lloyd100,fidelity_within_r,tldr17,tldr17,0.44537266747529675
real,vmf_pca100_lloyd100,fidelity_within_insample,tldr17,tldr17,0.20065103677247675
real,vmf_pca100_lloyd100,reliability_ceiling,tldr17,tldr17,0.619164001910178
real,vmf_pca100_lloyd100,triviality_ami_layer,tldr17,tldr17,0.13658954684502264
real,vmf_pca100_lloyd100,triviality_ami_dimension,tldr17,tldr17,-0.0004916517929506466
real,vmf_pca100_lloyd100,triviality_ami_hubness,tldr17,tldr17,0.06757185536109835
real,vmf_pca100_lloyd100,triviality_n_effective_networks,tldr17,tldr17,100.0
real,vmf_pca100_lloyd100,triviality_entropy_effective_networks,tldr17,tldr17,92.61522978640201
real,vmf_pca100_lloyd100,triviality_median_max_membership,tldr17,tldr17,0.6
real,vmf_pca100_lloyd100,triviality_frac_confident,tldr17,tldr17,0.6206931089743589
real,vmf_pca100_lloyd100_bm_degree,reliability_within,tldr17,tldr17,0.39524683103211555
real,vmf_pca100_lloyd100_bm_degree,reliability_within_coassoc,tldr17,tldr17,0.9058487188273286
real,vmf_pca100_lloyd100_bm_degree,fidelity_within,tldr17,tldr17,0.28561789796622383
real,vmf_pca100_lloyd100_bm_degree,fidelity_within_r,tldr17,tldr17,0.5344448101341674
real,vmf_pca100_lloyd100_bm_degree,fidelity_within_insample,tldr17,tldr17,0.28920194338171135
real,vmf_pca100_lloyd100_bm_degree,reliability_ceiling,tldr17,tldr17,0.3813121310202382
real,vmf_pca100_lloyd100_bm_degree,triviality_ami_layer,tldr17,tldr17,0.1406995745000337
real,vmf_pca100_lloyd100_bm_degree,triviality_ami_dimension,tldr17,tldr17,-0.0016380269399430874
real,vmf_pca100_lloyd100_bm_degree,triviality_ami_hubness,tldr17,tldr17,0.1256308144131832
real,vmf_pca100_lloyd100_bm_degree,triviality_n_effective_networks,tldr17,tldr17,100.0
real,vmf_pca100_lloyd100_bm_degree,triviality_entropy_effective_networks,tldr17,tldr17,77.37460675619856
real,vmf_pca100_lloyd100_bm_degree,triviality_median_max_membership,tldr17,tldr17,1.0
real,vmf_pca100_lloyd100_bm_degree,triviality_frac_confident,tldr17,tldr17,1.0
real,vmf_pca100_lloyd100_coassoc,reliability_within,tldr17,tldr17,0.5985527170549391
real,vmf_pca100_lloyd100_coassoc,reliability_within_coassoc,tldr17,tldr17,0.9058487188273286
real,vmf_pca100_lloyd100_coassoc,fidelity_within,tldr17,tldr17,0.1898920746213283
real,vmf_pca100_lloyd100_coassoc,fidelity_within_r,tldr17,tldr17,0.4357756038653627
real,vmf_pca100_lloyd100_coassoc,fidelity_within_insample,tldr17,tldr17,0.19203134509374442
real,vmf_pca100_lloyd100_coassoc,reliability_ceiling,tldr17,tldr17,0.6065327252170968
real,vmf_pca100_lloyd100_coassoc,triviality_ami_layer,tldr17,tldr17,0.13989016918037045
real,vmf_pca100_lloyd100_coassoc,triviality_ami_dimension,tldr17,tldr17,-0.0004768313181504881
real,vmf_pca100_lloyd100_coassoc,triviality_ami_hubness,tldr17,tldr17,0.0645877952282089
real,vmf_pca100_lloyd100_coassoc,triviality_n_effective_networks,tldr17,tldr17,100.0
real,vmf_pca100_lloyd100_coassoc,triviality_entropy_effective_networks,tldr17,tldr17,83.78801107458257
real,vmf_pca100_lloyd100_coassoc,triviality_median_max_membership,tldr17,tldr17,1.0
real,vmf_pca100_lloyd100_coassoc,triviality_frac_confident,tldr17,tldr17,1.0
real,(ceiling),fidelity_within,lodo_wikitext,lodo_wikitext,0.9902821233861836
real,(ceiling),fidelity_within_r,lodo_wikitext,lodo_wikitext,0.9951376783775343
real,vmf_pca100_lloyd100,reliability_within,lodo_wikitext,lodo_wikitext,0.6808696724826712
real,vmf_pca100_lloyd100,reliability_within_coassoc,lodo_wikitext,lodo_wikitext,0.9515892873399252
real,vmf_pca100_lloyd100,fidelity_within,lodo_wikitext,lodo_wikitext,0.20808325440519615
real,vmf_pca100_lloyd100,fidelity_within_r,lodo_wikitext,lodo_wikitext,0.45616399929099655
real,vmf_pca100_lloyd100,fidelity_within_insample,lodo_wikitext,lodo_wikitext,0.20826947808870766
real,vmf_pca100_lloyd100,reliability_ceiling,lodo_wikitext,lodo_wikitext,0.6597745339623228
real,vmf_pca100_lloyd100,triviality_ami_layer,lodo_wikitext,lodo_wikitext,0.15816087035314624
real,vmf_pca100_lloyd100,triviality_ami_dimension,lodo_wikitext,lodo_wikitext,-0.0007784217400458398
real,vmf_pca100_lloyd100,triviality_ami_hubness,lodo_wikitext,lodo_wikitext,0.07986674404820479
real,vmf_pca100_lloyd100,triviality_n_effective_networks,lodo_wikitext,lodo_wikitext,100.0
real,vmf_pca100_lloyd100,triviality_entropy_effective_networks,lodo_wikitext,lodo_wikitext,91.3478205883663
real,vmf_pca100_lloyd100,triviality_median_max_membership,lodo_wikitext,lodo_wikitext,0.6
real,vmf_pca100_lloyd100,triviality_frac_confident,lodo_wikitext,lodo_wikitext,0.6396233974358975
real,vmf_pca100_lloyd100_bm_degree,reliability_within,lodo_wikitext,lodo_wikitext,0.45940025338690393
real,vmf_pca100_lloyd100_bm_degree,reliability_within_coassoc,lodo_wikitext,lodo_wikitext,0.9515892873399252
real,vmf_pca100_lloyd100_bm_degree,fidelity_within,lodo_wikitext,lodo_wikitext,0.2886241275286918
real,vmf_pca100_lloyd100_bm_degree,fidelity_within_r,lodo_wikitext,lodo_wikitext,0.5372396050099855
real,vmf_pca100_lloyd100_bm_degree,fidelity_within_insample,lodo_wikitext,lodo_wikitext,0.28924928542827355
real,vmf_pca100_lloyd100_bm_degree,reliability_ceiling,lodo_wikitext,lodo_wikitext,0.37796967913916485
real,vmf_pca100_lloyd100_bm_degree,triviality_ami_layer,lodo_wikitext,lodo_wikitext,0.1620136944959376
real,vmf_pca100_lloyd100_bm_degree,triviality_ami_dimension,lodo_wikitext,lodo_wikitext,-0.00103522721741137
real,vmf_pca100_lloyd100_bm_degree,triviality_ami_hubness,lodo_wikitext,lodo_wikitext,0.13119126667955774
real,vmf_pca100_lloyd100_bm_degree,triviality_n_effective_networks,lodo_wikitext,lodo_wikitext,100.0
real,vmf_pca100_lloyd100_bm_degree,triviality_entropy_effective_networks,lodo_wikitext,lodo_wikitext,75.70697793590145
real,vmf_pca100_lloyd100_bm_degree,triviality_median_max_membership,lodo_wikitext,lodo_wikitext,1.0
real,vmf_pca100_lloyd100_bm_degree,triviality_frac_confident,lodo_wikitext,lodo_wikitext,1.0
real,vmf_pca100_lloyd100_coassoc,reliability_within,lodo_wikitext,lodo_wikitext,0.6578680455094039
real,vmf_pca100_lloyd100_coassoc,reliability_within_coassoc,lodo_wikitext,lodo_wikitext,0.9515892873399252
real,vmf_pca100_lloyd100_coassoc,fidelity_within,lodo_wikitext,lodo_wikitext,0.1974498236491945
real,vmf_pca100_lloyd100_coassoc,fidelity_within_r,lodo_wikitext,lodo_wikitext,0.4443558242355529
real,vmf_pca100_lloyd100_coassoc,fidelity_within_insample,lodo_wikitext,lodo_wikitext,0.19777607914270723
real,vmf_pca100_lloyd100_coassoc,reliability_ceiling,lodo_wikitext,lodo_wikitext,0.6113534006870096
real,vmf_pca100_lloyd100_coassoc,triviality_ami_layer,lodo_wikitext,lodo_wikitext,0.15463589340753797
real,vmf_pca100_lloyd100_coassoc,triviality_ami_dimension,lodo_wikitext,lodo_wikitext,-0.0007778696734260129
real,vmf_pca100_lloyd100_coassoc,triviality_ami_hubness,lodo_wikitext,lodo_wikitext,0.07452276454797487
real,vmf_pca100_lloyd100_coassoc,triviality_n_effective_networks,lodo_wikitext,lodo_wikitext,100.0
real,vmf_pca100_lloyd100_coassoc,triviality_entropy_effective_networks,lodo_wikitext,lodo_wikitext,81.35149931269093
real,vmf_pca100_lloyd100_coassoc,triviality_median_max_membership,lodo_wikitext,lodo_wikitext,1.0
real,vmf_pca100_lloyd100_coassoc,triviality_frac_confident,lodo_wikitext,lodo_wikitext,1.0
real,(ceiling),fidelity_within,lodo_bookcorpus,lodo_bookcorpus,0.9881455966975548
real,(ceiling),fidelity_within_r,lodo_bookcorpus,lodo_bookcorpus,0.9940658503581222
real,vmf_pca100_lloyd100,reliability_within,lodo_bookcorpus,lodo_bookcorpus,0.602137208637986
real,vmf_pca100_lloyd100,reliability_within_coassoc,lodo_bookcorpus,lodo_bookcorpus,0.9428136311491189
real,vmf_pca100_lloyd100,fidelity_within,lodo_bookcorpus,lodo_bookcorpus,0.20987999213846142
real,vmf_pca100_lloyd100,fidelity_within_r,lodo_bookcorpus,lodo_bookcorpus,0.4581293404858811
real,vmf_pca100_lloyd100,fidelity_within_insample,lodo_bookcorpus,lodo_bookcorpus,0.2103035916135012
real,vmf_pca100_lloyd100,reliability_ceiling,lodo_bookcorpus,lodo_bookcorpus,0.5785244255101171
real,vmf_pca100_lloyd100,triviality_ami_layer,lodo_bookcorpus,lodo_bookcorpus,0.16479173191094829
real,vmf_pca100_lloyd100,triviality_ami_dimension,lodo_bookcorpus,lodo_bookcorpus,-0.0011982717892945057
real,vmf_pca100_lloyd100,triviality_ami_hubness,lodo_bookcorpus,lodo_bookcorpus,0.08108896775589042
real,vmf_pca100_lloyd100,triviality_n_effective_networks,lodo_bookcorpus,lodo_bookcorpus,100.0
real,vmf_pca100_lloyd100,triviality_entropy_effective_networks,lodo_bookcorpus,lodo_bookcorpus,90.48520642367278
real,vmf_pca100_lloyd100,triviality_median_max_membership,lodo_bookcorpus,lodo_bookcorpus,0.6
real,vmf_pca100_lloyd100,triviality_frac_confident,lodo_bookcorpus,lodo_bookcorpus,0.6161858974358975
real,vmf_pca100_lloyd100_bm_degree,reliability_within,lodo_bookcorpus,lodo_bookcorpus,0.4742668118525651
real,vmf_pca100_lloyd100_bm_degree,reliability_within_coassoc,lodo_bookcorpus,lodo_bookcorpus,0.9428136311491189
real,vmf_pca100_lloyd100_bm_degree,fidelity_within,lodo_bookcorpus,lodo_bookcorpus,0.28884097563053435
real,vmf_pca100_lloyd100_bm_degree,fidelity_within_r,lodo_bookcorpus,lodo_bookcorpus,0.5374419604065751
real,vmf_pca100_lloyd100_bm_degree,fidelity_within_insample,lodo_bookcorpus,lodo_bookcorpus,0.28903488381065745
real,vmf_pca100_lloyd100_bm_degree,reliability_ceiling,lodo_bookcorpus,lodo_bookcorpus,0.40507300436703575
real,vmf_pca100_lloyd100_bm_degree,triviality_ami_layer,lodo_bookcorpus,lodo_bookcorpus,0.17800562760040614
real,vmf_pca100_lloyd100_bm_degree,triviality_ami_dimension,lodo_bookcorpus,lodo_bookcorpus,-0.0003905730916049461
real,vmf_pca100_lloyd100_bm_degree,triviality_ami_hubness,lodo_bookcorpus,lodo_bookcorpus,0.13095820005148404
real,vmf_pca100_lloyd100_bm_degree,triviality_n_effective_networks,lodo_bookcorpus,lodo_bookcorpus,100.0
real,vmf_pca100_lloyd100_bm_degree,triviality_entropy_effective_networks,lodo_bookcorpus,lodo_bookcorpus,76.31020933402647
real,vmf_pca100_lloyd100_bm_degree,triviality_median_max_membership,lodo_bookcorpus,lodo_bookcorpus,1.0
real,vmf_pca100_lloyd100_bm_degree,triviality_frac_confident,lodo_bookcorpus,lodo_bookcorpus,1.0
real,vmf_pca100_lloyd100_coassoc,reliability_within,lodo_bookcorpus,lodo_bookcorpus,0.6726584716789048
real,vmf_pca100_lloyd100_coassoc,reliability_within_coassoc,lodo_bookcorpus,lodo_bookcorpus,0.9428136311491189
real,vmf_pca100_lloyd100_coassoc,fidelity_within,lodo_bookcorpus,lodo_bookcorpus,0.19926274240346475
real,vmf_pca100_lloyd100_coassoc,fidelity_within_r,lodo_bookcorpus,lodo_bookcorpus,0.446391411386647
real,vmf_pca100_lloyd100_coassoc,fidelity_within_insample,lodo_bookcorpus,lodo_bookcorpus,0.1995874939693777
real,vmf_pca100_lloyd100_coassoc,reliability_ceiling,lodo_bookcorpus,lodo_bookcorpus,0.6191961307749148
real,vmf_pca100_lloyd100_coassoc,triviality_ami_layer,lodo_bookcorpus,lodo_bookcorpus,0.15944685255469812
real,vmf_pca100_lloyd100_coassoc,triviality_ami_dimension,lodo_bookcorpus,lodo_bookcorpus,-0.0008818220524648094
real,vmf_pca100_lloyd100_coassoc,triviality_ami_hubness,lodo_bookcorpus,lodo_bookcorpus,0.07851933626287155
real,vmf_pca100_lloyd100_coassoc,triviality_n_effective_networks,lodo_bookcorpus,lodo_bookcorpus,100.0
real,vmf_pca100_lloyd100_coassoc,triviality_entropy_effective_networks,lodo_bookcorpus,lodo_bookcorpus,78.6575964701509
real,vmf_pca100_lloyd100_coassoc,triviality_median_max_membership,lodo_bookcorpus,lodo_bookcorpus,1.0
real,vmf_pca100_lloyd100_coassoc,triviality_frac_confident,lodo_bookcorpus,lodo_bookcorpus,1.0
real,(ceiling),fidelity_within,lodo_agnews,lodo_agnews,0.9903632567938672
real,(ceiling),fidelity_within_r,lodo_agnews,lodo_agnews,0.995175729073686
real,vmf_pca100_lloyd100,reliability_within,lodo_agnews,lodo_agnews,0.6724056039582504
real,vmf_pca100_lloyd100,reliability_within_coassoc,lodo_agnews,lodo_agnews,0.9499422792155604
real,vmf_pca100_lloyd100,fidelity_within,lodo_agnews,lodo_agnews,0.21221870895327255
real,vmf_pca100_lloyd100,fidelity_within_r,lodo_agnews,lodo_agnews,0.46068115912950097
real,vmf_pca100_lloyd100,fidelity_within_insample,lodo_agnews,lodo_agnews,0.21189974160461622
real,vmf_pca100_lloyd100,reliability_ceiling,lodo_agnews,lodo_agnews,0.6582084143886424
real,vmf_pca100_lloyd100,triviality_ami_layer,lodo_agnews,lodo_agnews,0.15612856023617944
real,vmf_pca100_lloyd100,triviality_ami_dimension,lodo_agnews,lodo_agnews,-0.0011695560798371698
real,vmf_pca100_lloyd100,triviality_ami_hubness,lodo_agnews,lodo_agnews,0.07772352514409088
real,vmf_pca100_lloyd100,triviality_n_effective_networks,lodo_agnews,lodo_agnews,100.0
real,vmf_pca100_lloyd100,triviality_entropy_effective_networks,lodo_agnews,lodo_agnews,90.94318375388384
real,vmf_pca100_lloyd100,triviality_median_max_membership,lodo_agnews,lodo_agnews,0.6
real,vmf_pca100_lloyd100,triviality_frac_confident,lodo_agnews,lodo_agnews,0.6323116987179487
real,vmf_pca100_lloyd100_bm_degree,reliability_within,lodo_agnews,lodo_agnews,0.4782189715867172
real,vmf_pca100_lloyd100_bm_degree,reliability_within_coassoc,lodo_agnews,lodo_agnews,0.9499422792155604
real,vmf_pca100_lloyd100_bm_degree,fidelity_within,lodo_agnews,lodo_agnews,0.3026514241975098
real,vmf_pca100_lloyd100_bm_degree,fidelity_within_r,lodo_agnews,lodo_agnews,0.5501466149601377
real,vmf_pca100_lloyd100_bm_degree,fidelity_within_insample,lodo_agnews,lodo_agnews,0.302053641724226
real,vmf_pca100_lloyd100_bm_degree,reliability_ceiling,lodo_agnews,lodo_agnews,0.3946934826828806
real,vmf_pca100_lloyd100_bm_degree,triviality_ami_layer,lodo_agnews,lodo_agnews,0.1561010920593007
real,vmf_pca100_lloyd100_bm_degree,triviality_ami_dimension,lodo_agnews,lodo_agnews,-0.0005682885640570349
real,vmf_pca100_lloyd100_bm_degree,triviality_ami_hubness,lodo_agnews,lodo_agnews,0.13434541608607173
real,vmf_pca100_lloyd100_bm_degree,triviality_n_effective_networks,lodo_agnews,lodo_agnews,100.0
real,vmf_pca100_lloyd100_bm_degree,triviality_entropy_effective_networks,lodo_agnews,lodo_agnews,75.8449329555758
real,vmf_pca100_lloyd100_bm_degree,triviality_median_max_membership,lodo_agnews,lodo_agnews,1.0
real,vmf_pca100_lloyd100_bm_degree,triviality_frac_confident,lodo_agnews,lodo_agnews,1.0
real,vmf_pca100_lloyd100_coassoc,reliability_within,lodo_agnews,lodo_agnews,0.6528320840545351
real,vmf_pca100_lloyd100_coassoc,reliability_within_coassoc,lodo_agnews,lodo_agnews,0.9499422792155604
real,vmf_pca100_lloyd100_coassoc,fidelity_within,lodo_agnews,lodo_agnews,0.19966477057266052
real,vmf_pca100_lloyd100_coassoc,fidelity_within_r,lodo_agnews,lodo_agnews,0.4468475126585701
real,vmf_pca100_lloyd100_coassoc,fidelity_within_insample,lodo_agnews,lodo_agnews,0.199478605182425
real,vmf_pca100_lloyd100_coassoc,reliability_ceiling,lodo_agnews,lodo_agnews,0.616762420734323
real,vmf_pca100_lloyd100_coassoc,triviality_ami_layer,lodo_agnews,lodo_agnews,0.1527316096677032
real,vmf_pca100_lloyd100_coassoc,triviality_ami_dimension,lodo_agnews,lodo_agnews,-0.0004617572892481899
real,vmf_pca100_lloyd100_coassoc,triviality_ami_hubness,lodo_agnews,lodo_agnews,0.07225186232917295
real,vmf_pca100_lloyd100_coassoc,triviality_n_effective_networks,lodo_agnews,lodo_agnews,100.0
real,vmf_pca100_lloyd100_coassoc,triviality_entropy_effective_networks,lodo_agnews,lodo_agnews,85.06923561187965
real,vmf_pca100_lloyd100_coassoc,triviality_median_max_membership,lodo_agnews,lodo_agnews,1.0
real,vmf_pca100_lloyd100_coassoc,triviality_frac_confident,lodo_agnews,lodo_agnews,1.0
real,(ceiling),fidelity_within,lodo_tldr17,lodo_tldr17,0.9911322806858598
real,(ceiling),fidelity_within_r,lodo_tldr17,lodo_tldr17,0.9955604138622671
real,vmf_pca100_lloyd100,reliability_within,lodo_tldr17,lodo_tldr17,0.6700202167080981
real,vmf_pca100_lloyd100,reliability_within_coassoc,lodo_tldr17,lodo_tldr17,0.953315170215647
real,vmf_pca100_lloyd100,fidelity_within,lodo_tldr17,lodo_tldr17,0.22049540607078655
real,vmf_pca100_lloyd100,fidelity_within_r,lodo_tldr17,lodo_tldr17,0.4695741639523879
real,vmf_pca100_lloyd100,fidelity_within_insample,lodo_tldr17,lodo_tldr17,0.22024080681808145
real,vmf_pca100_lloyd100,reliability_ceiling,lodo_tldr17,lodo_tldr17,0.6229405688133574
real,vmf_pca100_lloyd100,triviality_ami_layer,lodo_tldr17,lodo_tldr17,0.16037962810158848
real,vmf_pca100_lloyd100,triviality_ami_dimension,lodo_tldr17,lodo_tldr17,-0.0004562915088041308
real,vmf_pca100_lloyd100,triviality_ami_hubness,lodo_tldr17,lodo_tldr17,0.08390592612602503
real,vmf_pca100_lloyd100,triviality_n_effective_networks,lodo_tldr17,lodo_tldr17,100.0
real,vmf_pca100_lloyd100,triviality_entropy_effective_networks,lodo_tldr17,lodo_tldr17,92.58222110055193
real,vmf_pca100_lloyd100,triviality_median_max_membership,lodo_tldr17,lodo_tldr17,0.6
real,vmf_pca100_lloyd100,triviality_frac_confident,lodo_tldr17,lodo_tldr17,0.6372195512820513
real,vmf_pca100_lloyd100_bm_degree,reliability_within,lodo_tldr17,lodo_tldr17,0.470737375314343
real,vmf_pca100_lloyd100_bm_degree,reliability_within_coassoc,lodo_tldr17,lodo_tldr17,0.953315170215647
real,vmf_pca100_lloyd100_bm_degree,fidelity_within,lodo_tldr17,lodo_tldr17,0.30848216199717093
real,vmf_pca100_lloyd100_bm_degree,fidelity_within_r,lodo_tldr17,lodo_tldr17,0.5554168106704809
real,vmf_pca100_lloyd100_bm_degree,fidelity_within_insample,lodo_tldr17,lodo_tldr17,0.30793693023092084
real,vmf_pca100_lloyd100_bm_degree,reliability_ceiling,lodo_tldr17,lodo_tldr17,0.55406974873768
real,vmf_pca100_lloyd100_bm_degree,triviality_ami_layer,lodo_tldr17,lodo_tldr17,0.16641288670291554
real,vmf_pca100_lloyd100_bm_degree,triviality_ami_dimension,lodo_tldr17,lodo_tldr17,-0.00018863360601203307
real,vmf_pca100_lloyd100_bm_degree,triviality_ami_hubness,lodo_tldr17,lodo_tldr17,0.13843124701096604
real,vmf_pca100_lloyd100_bm_degree,triviality_n_effective_networks,lodo_tldr17,lodo_tldr17,100.0
real,vmf_pca100_lloyd100_bm_degree,triviality_entropy_effective_networks,lodo_tldr17,lodo_tldr17,75.39525468767869
real,vmf_pca100_lloyd100_bm_degree,triviality_median_max_membership,lodo_tldr17,lodo_tldr17,1.0
real,vmf_pca100_lloyd100_bm_degree,triviality_frac_confident,lodo_tldr17,lodo_tldr17,1.0
real,vmf_pca100_lloyd100_coassoc,reliability_within,lodo_tldr17,lodo_tldr17,0.6323333991927433
real,vmf_pca100_lloyd100_coassoc,reliability_within_coassoc,lodo_tldr17,lodo_tldr17,0.953315170215647
real,vmf_pca100_lloyd100_coassoc,fidelity_within,lodo_tldr17,lodo_tldr17,0.2067537364230918
real,vmf_pca100_lloyd100_coassoc,fidelity_within_r,lodo_tldr17,lodo_tldr17,0.45470659320409723
real,vmf_pca100_lloyd100_coassoc,fidelity_within_insample,lodo_tldr17,lodo_tldr17,0.20652977518198157
real,vmf_pca100_lloyd100_coassoc,reliability_ceiling,lodo_tldr17,lodo_tldr17,0.6413886080405856
real,vmf_pca100_lloyd100_coassoc,triviality_ami_layer,lodo_tldr17,lodo_tldr17,0.15831499807009092
real,vmf_pca100_lloyd100_coassoc,triviality_ami_dimension,lodo_tldr17,lodo_tldr17,7.982327555352216e-05
real,vmf_pca100_lloyd100_coassoc,triviality_ami_hubness,lodo_tldr17,lodo_tldr17,0.07861416266645327
real,vmf_pca100_lloyd100_coassoc,triviality_n_effective_networks,lodo_tldr17,lodo_tldr17,100.0
real,vmf_pca100_lloyd100_coassoc,triviality_entropy_effective_networks,lodo_tldr17,lodo_tldr17,83.84870362380668
real,vmf_pca100_lloyd100_coassoc,triviality_median_max_membership,lodo_tldr17,lodo_tldr17,1.0
real,vmf_pca100_lloyd100_coassoc,triviality_frac_confident,lodo_tldr17,lodo_tldr17,1.0
real,(ceiling),fidelity_within,pair_wikitext_bookcorpus,pair_wikitext_bookcorpus,0.9891495375415481
real,(ceiling),fidelity_within_r,pair_wikitext_bookcorpus,pair_wikitext_bookcorpus,0.9945651883325226
real,vmf_pca100_lloyd100,reliability_within,pair_wikitext_bookcorpus,pair_wikitext_bookcorpus,0.6769105307790917
real,vmf_pca100_lloyd100,reliability_within_coassoc,pair_wikitext_bookcorpus,pair_wikitext_bookcorpus,0.9408519334409717
real,vmf_pca100_lloyd100,fidelity_within,pair_wikitext_bookcorpus,pair_wikitext_bookcorpus,0.2276339178336073
real,vmf_pca100_lloyd100,fidelity_within_r,pair_wikitext_bookcorpus,pair_wikitext_bookcorpus,0.4771185190886226
real,vmf_pca100_lloyd100,fidelity_within_insample,pair_wikitext_bookcorpus,pair_wikitext_bookcorpus,0.22691442638757708
real,vmf_pca100_lloyd100,reliability_ceiling,pair_wikitext_bookcorpus,pair_wikitext_bookcorpus,0.6499982747588476
real,vmf_pca100_lloyd100,triviality_ami_layer,pair_wikitext_bookcorpus,pair_wikitext_bookcorpus,0.14949344269281736
real,vmf_pca100_lloyd100,triviality_ami_dimension,pair_wikitext_bookcorpus,pair_wikitext_bookcorpus,-0.0008511921555982171
real,vmf_pca100_lloyd100,triviality_ami_hubness,pair_wikitext_bookcorpus,pair_wikitext_bookcorpus,0.08097501547992278
real,vmf_pca100_lloyd100,triviality_n_effective_networks,pair_wikitext_bookcorpus,pair_wikitext_bookcorpus,100.0
real,vmf_pca100_lloyd100,triviality_entropy_effective_networks,pair_wikitext_bookcorpus,pair_wikitext_bookcorpus,91.80356299646373
real,vmf_pca100_lloyd100,triviality_median_max_membership,pair_wikitext_bookcorpus,pair_wikitext_bookcorpus,0.625
real,vmf_pca100_lloyd100,triviality_frac_confident,pair_wikitext_bookcorpus,pair_wikitext_bookcorpus,0.6598557692307693
real,vmf_pca100_lloyd100_bm_degree,reliability_within,pair_wikitext_bookcorpus,pair_wikitext_bookcorpus,0.42400135957266716
real,vmf_pca100_lloyd100_bm_degree,reliability_within_coassoc,pair_wikitext_bookcorpus,pair_wikitext_bookcorpus,0.9408519334409717
real,vmf_pca100_lloyd100_bm_degree,fidelity_within,pair_wikitext_bookcorpus,pair_wikitext_bookcorpus,0.3332141652270989
real,vmf_pca100_lloyd100_bm_degree,fidelity_within_r,pair_wikitext_bookcorpus,pair_wikitext_bookcorpus,0.5772575340617049
real,vmf_pca100_lloyd100_bm_degree,fidelity_within_insample,pair_wikitext_bookcorpus,pair_wikitext_bookcorpus,0.3317700109668379
real,vmf_pca100_lloyd100_bm_degree,reliability_ceiling,pair_wikitext_bookcorpus,pair_wikitext_bookcorpus,0.44513657221987313
real,vmf_pca100_lloyd100_bm_degree,triviality_ami_layer,pair_wikitext_bookcorpus,pair_wikitext_bookcorpus,0.148759236896043
real,vmf_pca100_lloyd100_bm_degree,triviality_ami_dimension,pair_wikitext_bookcorpus,pair_wikitext_bookcorpus,-0.001443239600038736
real,vmf_pca100_lloyd100_bm_degree,triviality_ami_hubness,pair_wikitext_bookcorpus,pair_wikitext_bookcorpus,0.14140156115144797
real,vmf_pca100_lloyd100_bm_degree,triviality_n_effective_networks,pair_wikitext_bookcorpus,pair_wikitext_bookcorpus,100.0
real,vmf_pca100_lloyd100_bm_degree,triviality_entropy_effective_networks,pair_wikitext_bookcorpus,pair_wikitext_bookcorpus,76.93134263783962
real,vmf_pca100_lloyd100_bm_degree,triviality_median_max_membership,pair_wikitext_bookcorpus,pair_wikitext_bookcorpus,1.0
real,vmf_pca100_lloyd100_bm_degree,triviality_frac_confident,pair_wikitext_bookcorpus,pair_wikitext_bookcorpus,1.0
real,vmf_pca100_lloyd100_coassoc,reliability_within,pair_wikitext_bookcorpus,pair_wikitext_bookcorpus,0.6177707649445413
real,vmf_pca100_lloyd100_coassoc,reliability_within_coassoc,pair_wikitext_bookcorpus,pair_wikitext_bookcorpus,0.9408519334409717
real,vmf_pca100_lloyd100_coassoc,fidelity_within,pair_wikitext_bookcorpus,pair_wikitext_bookcorpus,0.22084484284730266
real,vmf_pca100_lloyd100_coassoc,fidelity_within_r,pair_wikitext_bookcorpus,pair_wikitext_bookcorpus,0.4699498393923689
real,vmf_pca100_lloyd100_coassoc,fidelity_within_insample,pair_wikitext_bookcorpus,pair_wikitext_bookcorpus,0.22015160081012752
real,vmf_pca100_lloyd100_coassoc,reliability_ceiling,pair_wikitext_bookcorpus,pair_wikitext_bookcorpus,0.6202152393132719
real,vmf_pca100_lloyd100_coassoc,triviality_ami_layer,pair_wikitext_bookcorpus,pair_wikitext_bookcorpus,0.1466266087818318
real,vmf_pca100_lloyd100_coassoc,triviality_ami_dimension,pair_wikitext_bookcorpus,pair_wikitext_bookcorpus,-0.0010422640530968442
real,vmf_pca100_lloyd100_coassoc,triviality_ami_hubness,pair_wikitext_bookcorpus,pair_wikitext_bookcorpus,0.07992169027328454
real,vmf_pca100_lloyd100_coassoc,triviality_n_effective_networks,pair_wikitext_bookcorpus,pair_wikitext_bookcorpus,100.0
real,vmf_pca100_lloyd100_coassoc,triviality_entropy_effective_networks,pair_wikitext_bookcorpus,pair_wikitext_bookcorpus,83.18040095739677
real,vmf_pca100_lloyd100_coassoc,triviality_median_max_membership,pair_wikitext_bookcorpus,pair_wikitext_bookcorpus,1.0
real,vmf_pca100_lloyd100_coassoc,triviality_frac_confident,pair_wikitext_bookcorpus,pair_wikitext_bookcorpus,1.0
real,(ceiling),fidelity_within,pair_agnews_tldr17,pair_agnews_tldr17,0.9828697073521993
real,(ceiling),fidelity_within_r,pair_agnews_tldr17,pair_agnews_tldr17,0.99143506803707
real,vmf_pca100_lloyd100,reliability_within,pair_agnews_tldr17,pair_agnews_tldr17,0.6364112795775588
real,vmf_pca100_lloyd100,reliability_within_coassoc,pair_agnews_tldr17,pair_agnews_tldr17,0.9349370413320173
real,vmf_pca100_lloyd100,fidelity_within,pair_agnews_tldr17,pair_agnews_tldr17,0.20136801128006954
real,vmf_pca100_lloyd100,fidelity_within_r,pair_agnews_tldr17,pair_agnews_tldr17,0.4487415558867132
real,vmf_pca100_lloyd100,fidelity_within_insample,pair_agnews_tldr17,pair_agnews_tldr17,0.20213664764394568
real,vmf_pca100_lloyd100,reliability_ceiling,pair_agnews_tldr17,pair_agnews_tldr17,0.599842299887015
real,vmf_pca100_lloyd100,triviality_ami_layer,pair_agnews_tldr17,pair_agnews_tldr17,0.15756001108280593
real,vmf_pca100_lloyd100,triviality_ami_dimension,pair_agnews_tldr17,pair_agnews_tldr17,-0.0009886427719803927
real,vmf_pca100_lloyd100,triviality_ami_hubness,pair_agnews_tldr17,pair_agnews_tldr17,0.07794837898242434
real,vmf_pca100_lloyd100,triviality_n_effective_networks,pair_agnews_tldr17,pair_agnews_tldr17,100.0
real,vmf_pca100_lloyd100,triviality_entropy_effective_networks,pair_agnews_tldr17,pair_agnews_tldr17,89.9339318911242
real,vmf_pca100_lloyd100,triviality_median_max_membership,pair_agnews_tldr17,pair_agnews_tldr17,0.625
real,vmf_pca100_lloyd100,triviality_frac_confident,pair_agnews_tldr17,pair_agnews_tldr17,0.6480368589743589
real,vmf_pca100_lloyd100_bm_degree,reliability_within,pair_agnews_tldr17,pair_agnews_tldr17,0.40841125630790315
real,vmf_pca100_lloyd100_bm_degree,reliability_within_coassoc,pair_agnews_tldr17,pair_agnews_tldr17,0.9349370413320173
real,vmf_pca100_lloyd100_bm_degree,fidelity_within,pair_agnews_tldr17,pair_agnews_tldr17,0.2756475169174706
real,vmf_pca100_lloyd100_bm_degree,fidelity_within_r,pair_agnews_tldr17,pair_agnews_tldr17,0.5250228811042118
real,vmf_pca100_lloyd100_bm_degree,fidelity_within_insample,pair_agnews_tldr17,pair_agnews_tldr17,0.2768297024490217
real,vmf_pca100_lloyd100_bm_degree,reliability_ceiling,pair_agnews_tldr17,pair_agnews_tldr17,0.49803419744565924
real,vmf_pca100_lloyd100_bm_degree,triviality_ami_layer,pair_agnews_tldr17,pair_agnews_tldr17,0.17138285779135895
real,vmf_pca100_lloyd100_bm_degree,triviality_ami_dimension,pair_agnews_tldr17,pair_agnews_tldr17,-0.0006567485165322175
real,vmf_pca100_lloyd100_bm_degree,triviality_ami_hubness,pair_agnews_tldr17,pair_agnews_tldr17,0.12219325553931126
real,vmf_pca100_lloyd100_bm_degree,triviality_n_effective_networks,pair_agnews_tldr17,pair_agnews_tldr17,100.0
real,vmf_pca100_lloyd100_bm_degree,triviality_entropy_effective_networks,pair_agnews_tldr17,pair_agnews_tldr17,77.18833813816138
real,vmf_pca100_lloyd100_bm_degree,triviality_median_max_membership,pair_agnews_tldr17,pair_agnews_tldr17,1.0
real,vmf_pca100_lloyd100_bm_degree,triviality_frac_confident,pair_agnews_tldr17,pair_agnews_tldr17,1.0
real,vmf_pca100_lloyd100_coassoc,reliability_within,pair_agnews_tldr17,pair_agnews_tldr17,0.6229844612485024
real,vmf_pca100_lloyd100_coassoc,reliability_within_coassoc,pair_agnews_tldr17,pair_agnews_tldr17,0.9349370413320173
real,vmf_pca100_lloyd100_coassoc,fidelity_within,pair_agnews_tldr17,pair_agnews_tldr17,0.1968797104767872
real,vmf_pca100_lloyd100_coassoc,fidelity_within_r,pair_agnews_tldr17,pair_agnews_tldr17,0.4437124621288134
real,vmf_pca100_lloyd100_coassoc,fidelity_within_insample,pair_agnews_tldr17,pair_agnews_tldr17,0.19767320798318821
real,vmf_pca100_lloyd100_coassoc,reliability_ceiling,pair_agnews_tldr17,pair_agnews_tldr17,0.6044281710958059
real,vmf_pca100_lloyd100_coassoc,triviality_ami_layer,pair_agnews_tldr17,pair_agnews_tldr17,0.15856553718568112
real,vmf_pca100_lloyd100_coassoc,triviality_ami_dimension,pair_agnews_tldr17,pair_agnews_tldr17,-0.0007454562385692097
real,vmf_pca100_lloyd100_coassoc,triviality_ami_hubness,pair_agnews_tldr17,pair_agnews_tldr17,0.07819878849908178
real,vmf_pca100_lloyd100_coassoc,triviality_n_effective_networks,pair_agnews_tldr17,pair_agnews_tldr17,100.0
real,vmf_pca100_lloyd100_coassoc,triviality_entropy_effective_networks,pair_agnews_tldr17,pair_agnews_tldr17,84.33930027038433
real,vmf_pca100_lloyd100_coassoc,triviality_median_max_membership,pair_agnews_tldr17,pair_agnews_tldr17,1.0
real,vmf_pca100_lloyd100_coassoc,triviality_frac_confident,pair_agnews_tldr17,pair_agnews_tldr17,1.0
real,(ceiling),fidelity_within,pair_wikitext_agnews,pair_wikitext_agnews,0.985690446591703
real,(ceiling),fidelity_within_r,pair_wikitext_agnews,pair_wikitext_agnews,0.9928366081735049
real,vmf_pca100_lloyd100,reliability_within,pair_wikitext_agnews,pair_wikitext_agnews,0.653351923679226
real,vmf_pca100_lloyd100,reliability_within_coassoc,pair_wikitext_agnews,pair_wikitext_agnews,0.9400668033052383
real,vmf_pca100_lloyd100,fidelity_within,pair_wikitext_agnews,pair_wikitext_agnews,0.21649548611889635
real,vmf_pca100_lloyd100,fidelity_within_r,pair_wikitext_agnews,pair_wikitext_agnews,0.46529130778967176
real,vmf_pca100_lloyd100,fidelity_within_insample,pair_wikitext_agnews,pair_wikitext_agnews,0.217146826633138
real,vmf_pca100_lloyd100,reliability_ceiling,pair_wikitext_agnews,pair_wikitext_agnews,0.6760154493497926
real,vmf_pca100_lloyd100,triviality_ami_layer,pair_wikitext_agnews,pair_wikitext_agnews,0.15414613578314423
real,vmf_pca100_lloyd100,triviality_ami_dimension,pair_wikitext_agnews,pair_wikitext_agnews,-0.0009641832878476666
real,vmf_pca100_lloyd100,triviality_ami_hubness,pair_wikitext_agnews,pair_wikitext_agnews,0.08377507740718197
real,vmf_pca100_lloyd100,triviality_n_effective_networks,pair_wikitext_agnews,pair_wikitext_agnews,100.0
real,vmf_pca100_lloyd100,triviality_entropy_effective_networks,pair_wikitext_agnews,pair_wikitext_agnews,91.44849691593728
real,vmf_pca100_lloyd100,triviality_median_max_membership,pair_wikitext_agnews,pair_wikitext_agnews,0.625
real,vmf_pca100_lloyd100,triviality_frac_confident,pair_wikitext_agnews,pair_wikitext_agnews,0.6677684294871795
real,vmf_pca100_lloyd100_bm_degree,reliability_within,pair_wikitext_agnews,pair_wikitext_agnews,0.48238379853415986
real,vmf_pca100_lloyd100_bm_degree,reliability_within_coassoc,pair_wikitext_agnews,pair_wikitext_agnews,0.9400668033052383
real,vmf_pca100_lloyd100_bm_degree,fidelity_within,pair_wikitext_agnews,pair_wikitext_agnews,0.2927996716976542
real,vmf_pca100_lloyd100_bm_degree,fidelity_within_r,pair_wikitext_agnews,pair_wikitext_agnews,0.5411106217788644
real,vmf_pca100_lloyd100_bm_degree,fidelity_within_insample,pair_wikitext_agnews,pair_wikitext_agnews,0.2928206255578686
real,vmf_pca100_lloyd100_bm_degree,reliability_ceiling,pair_wikitext_agnews,pair_wikitext_agnews,0.44787522393896856
real,vmf_pca100_lloyd100_bm_degree,triviality_ami_layer,pair_wikitext_agnews,pair_wikitext_agnews,0.1619389052481785
real,vmf_pca100_lloyd100_bm_degree,triviality_ami_dimension,pair_wikitext_agnews,pair_wikitext_agnews,-0.0003660157201452392
real,vmf_pca100_lloyd100_bm_degree,triviality_ami_hubness,pair_wikitext_agnews,pair_wikitext_agnews,0.13231422672516618
real,vmf_pca100_lloyd100_bm_degree,triviality_n_effective_networks,pair_wikitext_agnews,pair_wikitext_agnews,100.0
real,vmf_pca100_lloyd100_bm_degree,triviality_entropy_effective_networks,pair_wikitext_agnews,pair_wikitext_agnews,75.12609768685668
real,vmf_pca100_lloyd100_bm_degree,triviality_median_max_membership,pair_wikitext_agnews,pair_wikitext_agnews,1.0
real,vmf_pca100_lloyd100_bm_degree,triviality_frac_confident,pair_wikitext_agnews,pair_wikitext_agnews,1.0
real,vmf_pca100_lloyd100_coassoc,reliability_within,pair_wikitext_agnews,pair_wikitext_agnews,0.6492676918625425
real,vmf_pca100_lloyd100_coassoc,reliability_within_coassoc,pair_wikitext_agnews,pair_wikitext_agnews,0.9400668033052383
real,vmf_pca100_lloyd100_coassoc,fidelity_within,pair_wikitext_agnews,pair_wikitext_agnews,0.2039171876147864
real,vmf_pca100_lloyd100_coassoc,fidelity_within_r,pair_wikitext_agnews,pair_wikitext_agnews,0.45157248362338775
real,vmf_pca100_lloyd100_coassoc,fidelity_within_insample,pair_wikitext_agnews,pair_wikitext_agnews,0.20439105566024174
real,vmf_pca100_lloyd100_coassoc,reliability_ceiling,pair_wikitext_agnews,pair_wikitext_agnews,0.6736124572470255
real,vmf_pca100_lloyd100_coassoc,triviality_ami_layer,pair_wikitext_agnews,pair_wikitext_agnews,0.15294727752228607
real,vmf_pca100_lloyd100_coassoc,triviality_ami_dimension,pair_wikitext_agnews,pair_wikitext_agnews,-0.0007817215653596125
real,vmf_pca100_lloyd100_coassoc,triviality_ami_hubness,pair_wikitext_agnews,pair_wikitext_agnews,0.07746991249188724
real,vmf_pca100_lloyd100_coassoc,triviality_n_effective_networks,pair_wikitext_agnews,pair_wikitext_agnews,100.0
real,vmf_pca100_lloyd100_coassoc,triviality_entropy_effective_networks,pair_wikitext_agnews,pair_wikitext_agnews,81.82637166803225
real,vmf_pca100_lloyd100_coassoc,triviality_median_max_membership,pair_wikitext_agnews,pair_wikitext_agnews,1.0
real,vmf_pca100_lloyd100_coassoc,triviality_frac_confident,pair_wikitext_agnews,pair_wikitext_agnews,1.0
real,(ceiling),fidelity_within,pair_bookcorpus_tldr17,pair_bookcorpus_tldr17,0.9879501823894838
real,(ceiling),fidelity_within_r,pair_bookcorpus_tldr17,pair_bookcorpus_tldr17,0.9939698648028756
real,vmf_pca100_lloyd100,reliability_within,pair_bookcorpus_tldr17,pair_bookcorpus_tldr17,0.6571834003779465
real,vmf_pca100_lloyd100,reliability_within_coassoc,pair_bookcorpus_tldr17,pair_bookcorpus_tldr17,0.9457565254427226
real,vmf_pca100_lloyd100,fidelity_within,pair_bookcorpus_tldr17,pair_bookcorpus_tldr17,0.20441152926792605
real,vmf_pca100_lloyd100,fidelity_within_r,pair_bookcorpus_tldr17,pair_bookcorpus_tldr17,0.45212414381092364
real,vmf_pca100_lloyd100,fidelity_within_insample,pair_bookcorpus_tldr17,pair_bookcorpus_tldr17,0.20490382039989152
real,vmf_pca100_lloyd100,reliability_ceiling,pair_bookcorpus_tldr17,pair_bookcorpus_tldr17,0.6174481329582628
real,vmf_pca100_lloyd100,triviality_ami_layer,pair_bookcorpus_tldr17,pair_bookcorpus_tldr17,0.14293297106993486
real,vmf_pca100_lloyd100,triviality_ami_dimension,pair_bookcorpus_tldr17,pair_bookcorpus_tldr17,-0.002206456986991364
real,vmf_pca100_lloyd100,triviality_ami_hubness,pair_bookcorpus_tldr17,pair_bookcorpus_tldr17,0.07342361772204228
real,vmf_pca100_lloyd100,triviality_n_effective_networks,pair_bookcorpus_tldr17,pair_bookcorpus_tldr17,100.0
real,vmf_pca100_lloyd100,triviality_entropy_effective_networks,pair_bookcorpus_tldr17,pair_bookcorpus_tldr17,91.06619927188041
real,vmf_pca100_lloyd100,triviality_median_max_membership,pair_bookcorpus_tldr17,pair_bookcorpus_tldr17,0.575
real,vmf_pca100_lloyd100,triviality_frac_confident,pair_bookcorpus_tldr17,pair_bookcorpus_tldr17,0.6059695512820513
real,vmf_pca100_lloyd100_bm_degree,reliability_within,pair_bookcorpus_tldr17,pair_bookcorpus_tldr17,0.4424188831769136
real,vmf_pca100_lloyd100_bm_degree,reliability_within_coassoc,pair_bookcorpus_tldr17,pair_bookcorpus_tldr17,0.9457565254427226
real,vmf_pca100_lloyd100_bm_degree,fidelity_within,pair_bookcorpus_tldr17,pair_bookcorpus_tldr17,0.3021860407447724
real,vmf_pca100_lloyd100_bm_degree,fidelity_within_r,pair_bookcorpus_tldr17,pair_bookcorpus_tldr17,0.5497187919770945
real,vmf_pca100_lloyd100_bm_degree,fidelity_within_insample,pair_bookcorpus_tldr17,pair_bookcorpus_tldr17,0.3029514230378594
real,vmf_pca100_lloyd100_bm_degree,reliability_ceiling,pair_bookcorpus_tldr17,pair_bookcorpus_tldr17,0.35956274076235206
real,vmf_pca100_lloyd100_bm_degree,triviality_ami_layer,pair_bookcorpus_tldr17,pair_bookcorpus_tldr17,0.1459715233499738
real,vmf_pca100_lloyd100_bm_degree,triviality_ami_dimension,pair_bookcorpus_tldr17,pair_bookcorpus_tldr17,-0.00016912861326828012
real,vmf_pca100_lloyd100_bm_degree,triviality_ami_hubness,pair_bookcorpus_tldr17,pair_bookcorpus_tldr17,0.1354047714568788
real,vmf_pca100_lloyd100_bm_degree,triviality_n_effective_networks,pair_bookcorpus_tldr17,pair_bookcorpus_tldr17,100.0
real,vmf_pca100_lloyd100_bm_degree,triviality_entropy_effective_networks,pair_bookcorpus_tldr17,pair_bookcorpus_tldr17,77.4555141460381
real,vmf_pca100_lloyd100_bm_degree,triviality_median_max_membership,pair_bookcorpus_tldr17,pair_bookcorpus_tldr17,1.0
real,vmf_pca100_lloyd100_bm_degree,triviality_frac_confident,pair_bookcorpus_tldr17,pair_bookcorpus_tldr17,1.0
real,vmf_pca100_lloyd100_coassoc,reliability_within,pair_bookcorpus_tldr17,pair_bookcorpus_tldr17,0.6119639068166103
real,vmf_pca100_lloyd100_coassoc,reliability_within_coassoc,pair_bookcorpus_tldr17,pair_bookcorpus_tldr17,0.9457565254427226
real,vmf_pca100_lloyd100_coassoc,fidelity_within,pair_bookcorpus_tldr17,pair_bookcorpus_tldr17,0.19315957202899148
real,vmf_pca100_lloyd100_coassoc,fidelity_within_r,pair_bookcorpus_tldr17,pair_bookcorpus_tldr17,0.43950457914088914
real,vmf_pca100_lloyd100_coassoc,fidelity_within_insample,pair_bookcorpus_tldr17,pair_bookcorpus_tldr17,0.19375688442853112
real,vmf_pca100_lloyd100_coassoc,reliability_ceiling,pair_bookcorpus_tldr17,pair_bookcorpus_tldr17,0.6091869905884976
real,vmf_pca100_lloyd100_coassoc,triviality_ami_layer,pair_bookcorpus_tldr17,pair_bookcorpus_tldr17,0.14170881848122266
real,vmf_pca100_lloyd100_coassoc,triviality_ami_dimension,pair_bookcorpus_tldr17,pair_bookcorpus_tldr17,-0.0015257412542445225
real,vmf_pca100_lloyd100_coassoc,triviality_ami_hubness,pair_bookcorpus_tldr17,pair_bookcorpus_tldr17,0.0712573834685871
real,vmf_pca100_lloyd100_coassoc,triviality_n_effective_networks,pair_bookcorpus_tldr17,pair_bookcorpus_tldr17,100.0
real,vmf_pca100_lloyd100_coassoc,triviality_entropy_effective_networks,pair_bookcorpus_tldr17,pair_bookcorpus_tldr17,81.90236321282492
real,vmf_pca100_lloyd100_coassoc,triviality_median_max_membership,pair_bookcorpus_tldr17,pair_bookcorpus_tldr17,1.0
real,vmf_pca100_lloyd100_coassoc,triviality_frac_confident,pair_bookcorpus_tldr17,pair_bookcorpus_tldr17,1.0
real,(ceiling),fidelity_within,pair_wikitext_tldr17,pair_wikitext_tldr17,0.9824416072154009
real,(ceiling),fidelity_within_r,pair_wikitext_tldr17,pair_wikitext_tldr17,0.9912070527941528
real,vmf_pca100_lloyd100,reliability_within,pair_wikitext_tldr17,pair_wikitext_tldr17,0.663038286208868
real,vmf_pca100_lloyd100,reliability_within_coassoc,pair_wikitext_tldr17,pair_wikitext_tldr17,0.933714758973379
real,vmf_pca100_lloyd100,fidelity_within,pair_wikitext_tldr17,pair_wikitext_tldr17,0.20855312940826443
real,vmf_pca100_lloyd100,fidelity_within_r,pair_wikitext_tldr17,pair_wikitext_tldr17,0.4566804262816234
real,vmf_pca100_lloyd100,fidelity_within_insample,pair_wikitext_tldr17,pair_wikitext_tldr17,0.2085475897980632
real,vmf_pca100_lloyd100,reliability_ceiling,pair_wikitext_tldr17,pair_wikitext_tldr17,0.6381252296308343
real,vmf_pca100_lloyd100,triviality_ami_layer,pair_wikitext_tldr17,pair_wikitext_tldr17,0.15641126873145214
real,vmf_pca100_lloyd100,triviality_ami_dimension,pair_wikitext_tldr17,pair_wikitext_tldr17,-0.0014319048702288223
real,vmf_pca100_lloyd100,triviality_ami_hubness,pair_wikitext_tldr17,pair_wikitext_tldr17,0.07868802865712309
real,vmf_pca100_lloyd100,triviality_n_effective_networks,pair_wikitext_tldr17,pair_wikitext_tldr17,100.0
real,vmf_pca100_lloyd100,triviality_entropy_effective_networks,pair_wikitext_tldr17,pair_wikitext_tldr17,90.6798708797677
real,vmf_pca100_lloyd100,triviality_median_max_membership,pair_wikitext_tldr17,pair_wikitext_tldr17,0.625
real,vmf_pca100_lloyd100,triviality_frac_confident,pair_wikitext_tldr17,pair_wikitext_tldr17,0.6502403846153846
real,vmf_pca100_lloyd100_bm_degree,reliability_within,pair_wikitext_tldr17,pair_wikitext_tldr17,0.4025395519427004
real,vmf_pca100_lloyd100_bm_degree,reliability_within_coassoc,pair_wikitext_tldr17,pair_wikitext_tldr17,0.933714758973379
real,vmf_pca100_lloyd100_bm_degree,fidelity_within,pair_wikitext_tldr17,pair_wikitext_tldr17,0.29252064325945093
real,vmf_pca100_lloyd100_bm_degree,fidelity_within_r,pair_wikitext_tldr17,pair_wikitext_tldr17,0.5408560730707507
real,vmf_pca100_lloyd100_bm_degree,fidelity_within_insample,pair_wikitext_tldr17,pair_wikitext_tldr17,0.2923083841325358
real,vmf_pca100_lloyd100_bm_degree,reliability_ceiling,pair_wikitext_tldr17,pair_wikitext_tldr17,0.5180649017279739
real,vmf_pca100_lloyd100_bm_degree,triviality_ami_layer,pair_wikitext_tldr17,pair_wikitext_tldr17,0.16138580166317745
real,vmf_pca100_lloyd100_bm_degree,triviality_ami_dimension,pair_wikitext_tldr17,pair_wikitext_tldr17,-0.0010648572910539147
real,vmf_pca100_lloyd100_bm_degree,triviality_ami_hubness,pair_wikitext_tldr17,pair_wikitext_tldr17,0.1302584222918612
real,vmf_pca100_lloyd100_bm_degree,triviality_n_effective_networks,pair_wikitext_tldr17,pair_wikitext_tldr17,100.0
real,vmf_pca100_lloyd100_bm_degree,triviality_entropy_effective_networks,pair_wikitext_tldr17,pair_wikitext_tldr17,73.61146555871882
real,vmf_pca100_lloyd100_bm_degree,triviality_median_max_membership,pair_wikitext_tldr17,pair_wikitext_tldr17,1.0
real,vmf_pca100_lloyd100_bm_degree,triviality_frac_confident,pair_wikitext_tldr17,pair_wikitext_tldr17,1.0
real,vmf_pca100_lloyd100_coassoc,reliability_within,pair_wikitext_tldr17,pair_wikitext_tldr17,0.610672504403129
real,vmf_pca100_lloyd100_coassoc,reliability_within_coassoc,pair_wikitext_tldr17,pair_wikitext_tldr17,0.933714758973379
real,vmf_pca100_lloyd100_coassoc,fidelity_within,pair_wikitext_tldr17,pair_wikitext_tldr17,0.1963293349427193
real,vmf_pca100_lloyd100_coassoc,fidelity_within_r,pair_wikitext_tldr17,pair_wikitext_tldr17,0.4430946509436485
real,vmf_pca100_lloyd100_coassoc,fidelity_within_insample,pair_wikitext_tldr17,pair_wikitext_tldr17,0.19649452883552931
real,vmf_pca100_lloyd100_coassoc,reliability_ceiling,pair_wikitext_tldr17,pair_wikitext_tldr17,0.6241233642754856
real,vmf_pca100_lloyd100_coassoc,triviality_ami_layer,pair_wikitext_tldr17,pair_wikitext_tldr17,0.1544747494468196
real,vmf_pca100_lloyd100_coassoc,triviality_ami_dimension,pair_wikitext_tldr17,pair_wikitext_tldr17,-0.0012821441169435174
real,vmf_pca100_lloyd100_coassoc,triviality_ami_hubness,pair_wikitext_tldr17,pair_wikitext_tldr17,0.072006266835716
real,vmf_pca100_lloyd100_coassoc,triviality_n_effective_networks,pair_wikitext_tldr17,pair_wikitext_tldr17,100.0
real,vmf_pca100_lloyd100_coassoc,triviality_entropy_effective_networks,pair_wikitext_tldr17,pair_wikitext_tldr17,85.82962162177533
real,vmf_pca100_lloyd100_coassoc,triviality_median_max_membership,pair_wikitext_tldr17,pair_wikitext_tldr17,1.0
real,vmf_pca100_lloyd100_coassoc,triviality_frac_confident,pair_wikitext_tldr17,pair_wikitext_tldr17,1.0
real,(ceiling),fidelity_within,pair_bookcorpus_agnews,pair_bookcorpus_agnews,0.9891336621639693
real,(ceiling),fidelity_within_r,pair_bookcorpus_agnews,pair_bookcorpus_agnews,0.994564398978526
real,vmf_pca100_lloyd100,reliability_within,pair_bookcorpus_agnews,pair_bookcorpus_agnews,0.6911376227761387
real,vmf_pca100_lloyd100,reliability_within_coassoc,pair_bookcorpus_agnews,pair_bookcorpus_agnews,0.9471658095048024
real,vmf_pca100_lloyd100,fidelity_within,pair_bookcorpus_agnews,pair_bookcorpus_agnews,0.21457511798380635
real,vmf_pca100_lloyd100,fidelity_within_r,pair_bookcorpus_agnews,pair_bookcorpus_agnews,0.46322273140086484
real,vmf_pca100_lloyd100,fidelity_within_insample,pair_bookcorpus_agnews,pair_bookcorpus_agnews,0.2147283590945066
real,vmf_pca100_lloyd100,reliability_ceiling,pair_bookcorpus_agnews,pair_bookcorpus_agnews,0.6661513653952142
real,vmf_pca100_lloyd100,triviality_ami_layer,pair_bookcorpus_agnews,pair_bookcorpus_agnews,0.15618920103422262
real,vmf_pca100_lloyd100,triviality_ami_dimension,pair_bookcorpus_agnews,pair_bookcorpus_agnews,-0.0013442757433153926
real,vmf_pca100_lloyd100,triviality_ami_hubness,pair_bookcorpus_agnews,pair_bookcorpus_agnews,0.0800444684081217
real,vmf_pca100_lloyd100,triviality_n_effective_networks,pair_bookcorpus_agnews,pair_bookcorpus_agnews,100.0
real,vmf_pca100_lloyd100,triviality_entropy_effective_networks,pair_bookcorpus_agnews,pair_bookcorpus_agnews,92.21667223773163
real,vmf_pca100_lloyd100,triviality_median_max_membership,pair_bookcorpus_agnews,pair_bookcorpus_agnews,0.625
real,vmf_pca100_lloyd100,triviality_frac_confident,pair_bookcorpus_agnews,pair_bookcorpus_agnews,0.6556490384615384
real,vmf_pca100_lloyd100_bm_degree,reliability_within,pair_bookcorpus_agnews,pair_bookcorpus_agnews,0.5314335425412998
real,vmf_pca100_lloyd100_bm_degree,reliability_within_coassoc,pair_bookcorpus_agnews,pair_bookcorpus_agnews,0.9471658095048024
real,vmf_pca100_lloyd100_bm_degree,fidelity_within,pair_bookcorpus_agnews,pair_bookcorpus_agnews,0.299681220131775
real,vmf_pca100_lloyd100_bm_degree,fidelity_within_r,pair_bookcorpus_agnews,pair_bookcorpus_agnews,0.5474317105706037
real,vmf_pca100_lloyd100_bm_degree,fidelity_within_insample,pair_bookcorpus_agnews,pair_bookcorpus_agnews,0.2996622101607588
real,vmf_pca100_lloyd100_bm_degree,reliability_ceiling,pair_bookcorpus_agnews,pair_bookcorpus_agnews,0.49022942549086146
real,vmf_pca100_lloyd100_bm_degree,triviality_ami_layer,pair_bookcorpus_agnews,pair_bookcorpus_agnews,0.15487212956632695
real,vmf_pca100_lloyd100_bm_degree,triviality_ami_dimension,pair_bookcorpus_agnews,pair_bookcorpus_agnews,-0.0012417535762262483
real,vmf_pca100_lloyd100_bm_degree,triviality_ami_hubness,pair_bookcorpus_agnews,pair_bookcorpus_agnews,0.1361904122193088
real,vmf_pca100_lloyd100_bm_degree,triviality_n_effective_networks,pair_bookcorpus_agnews,pair_bookcorpus_agnews,100.0
real,vmf_pca100_lloyd100_bm_degree,triviality_entropy_effective_networks,pair_bookcorpus_agnews,pair_bookcorpus_agnews,76.5911313227376
real,vmf_pca100_lloyd100_bm_degree,triviality_median_max_membership,pair_bookcorpus_agnews,pair_bookcorpus_agnews,1.0
real,vmf_pca100_lloyd100_bm_degree,triviality_frac_confident,pair_bookcorpus_agnews,pair_bookcorpus_agnews,1.0
real,vmf_pca100_lloyd100_coassoc,reliability_within,pair_bookcorpus_agnews,pair_bookcorpus_agnews,0.6816646405327622
real,vmf_pca100_lloyd100_coassoc,reliability_within_coassoc,pair_bookcorpus_agnews,pair_bookcorpus_agnews,0.9471658095048024
real,vmf_pca100_lloyd100_coassoc,fidelity_within,pair_bookcorpus_agnews,pair_bookcorpus_agnews,0.2028759435797074
real,vmf_pca100_lloyd100_coassoc,fidelity_within_r,pair_bookcorpus_agnews,pair_bookcorpus_agnews,0.4504177224752363
real,vmf_pca100_lloyd100_coassoc,fidelity_within_insample,pair_bookcorpus_agnews,pair_bookcorpus_agnews,0.2030175882705153
real,vmf_pca100_lloyd100_coassoc,reliability_ceiling,pair_bookcorpus_agnews,pair_bookcorpus_agnews,0.633983024850166
real,vmf_pca100_lloyd100_coassoc,triviality_ami_layer,pair_bookcorpus_agnews,pair_bookcorpus_agnews,0.15417220745860508
real,vmf_pca100_lloyd100_coassoc,triviality_ami_dimension,pair_bookcorpus_agnews,pair_bookcorpus_agnews,-0.0008818640459365582
real,vmf_pca100_lloyd100_coassoc,triviality_ami_hubness,pair_bookcorpus_agnews,pair_bookcorpus_agnews,0.07573253970131709
real,vmf_pca100_lloyd100_coassoc,triviality_n_effective_networks,pair_bookcorpus_agnews,pair_bookcorpus_agnews,100.0
real,vmf_pca100_lloyd100_coassoc,triviality_entropy_effective_networks,pair_bookcorpus_agnews,pair_bookcorpus_agnews,84.58474845516957
real,vmf_pca100_lloyd100_coassoc,triviality_median_max_membership,pair_bookcorpus_agnews,pair_bookcorpus_agnews,1.0
real,vmf_pca100_lloyd100_coassoc,triviality_frac_confident,pair_bookcorpus_agnews,pair_bookcorpus_agnews,1.0
real,(ceiling),fidelity_within,pool_all,pool_all,0.9921147724282764
real,(ceiling),fidelity_within_r,pool_all,pool_all,0.9960536190722378
real,vmf_pca100_lloyd100,reliability_within,pool_all,pool_all,0.6861792572735337
real,vmf_pca100_lloyd100,reliability_within_coassoc,pool_all,pool_all,0.9511222860663013
real,vmf_pca100_lloyd100,fidelity_within,pool_all,pool_all,0.2135294914837651
real,vmf_pca100_lloyd100,fidelity_within_r,pool_all,pool_all,0.46209846392424475
real,vmf_pca100_lloyd100,fidelity_within_insample,pool_all,pool_all,0.21352473998529664
real,vmf_pca100_lloyd100,reliability_ceiling,pool_all,pool_all,0.6415783505324172
real,vmf_pca100_lloyd100,triviality_ami_layer,pool_all,pool_all,0.16324990936709416
real,vmf_pca100_lloyd100,triviality_ami_dimension,pool_all,pool_all,-0.0008893521781802484
real,vmf_pca100_lloyd100,triviality_ami_hubness,pool_all,pool_all,0.08201771506699387
real,vmf_pca100_lloyd100,triviality_n_effective_networks,pool_all,pool_all,100.0
real,vmf_pca100_lloyd100,triviality_entropy_effective_networks,pool_all,pool_all,89.89272947209189
real,vmf_pca100_lloyd100,triviality_median_max_membership,pool_all,pool_all,0.625
real,vmf_pca100_lloyd100,triviality_frac_confident,pool_all,pool_all,0.6509415064102564
real,vmf_pca100_lloyd100_bm_degree,reliability_within,pool_all,pool_all,0.4107561182212484
real,vmf_pca100_lloyd100_bm_degree,reliability_within_coassoc,pool_all,pool_all,0.9511222860663013
real,vmf_pca100_lloyd100_bm_degree,fidelity_within,pool_all,pool_all,0.29556729837722684
real,vmf_pca100_lloyd100_bm_degree,fidelity_within_r,pool_all,pool_all,0.5436663166026233
real,vmf_pca100_lloyd100_bm_degree,fidelity_within_insample,pool_all,pool_all,0.2956056825154414
real,vmf_pca100_lloyd100_bm_degree,reliability_ceiling,pool_all,pool_all,0.4771530706423156
real,vmf_pca100_lloyd100_bm_degree,triviality_ami_layer,pool_all,pool_all,0.17130377923300089
real,vmf_pca100_lloyd100_bm_degree,triviality_ami_dimension,pool_all,pool_all,-0.00046267888125353705
real,vmf_pca100_lloyd100_bm_degree,triviality_ami_hubness,pool_all,pool_all,0.13159861652906293
real,vmf_pca100_lloyd100_bm_degree,triviality_n_effective_networks,pool_all,pool_all,100.0
real,vmf_pca100_lloyd100_bm_degree,triviality_entropy_effective_networks,pool_all,pool_all,75.4181434614625
real,vmf_pca100_lloyd100_bm_degree,triviality_median_max_membership,pool_all,pool_all,1.0
real,vmf_pca100_lloyd100_bm_degree,triviality_frac_confident,pool_all,pool_all,1.0
real,vmf_pca100_lloyd100_coassoc,reliability_within,pool_all,pool_all,0.6758750268883116
real,vmf_pca100_lloyd100_coassoc,reliability_within_coassoc,pool_all,pool_all,0.9511222860663013
real,vmf_pca100_lloyd100_coassoc,fidelity_within,pool_all,pool_all,0.1992907929358293
real,vmf_pca100_lloyd100_coassoc,fidelity_within_r,pool_all,pool_all,0.4464263121510359
real,vmf_pca100_lloyd100_coassoc,fidelity_within_insample,pool_all,pool_all,0.19918648793506777
real,vmf_pca100_lloyd100_coassoc,reliability_ceiling,pool_all,pool_all,0.5920533426163099
real,vmf_pca100_lloyd100_coassoc,triviality_ami_layer,pool_all,pool_all,0.15832639403155138
real,vmf_pca100_lloyd100_coassoc,triviality_ami_dimension,pool_all,pool_all,-0.0008198795537264747
real,vmf_pca100_lloyd100_coassoc,triviality_ami_hubness,pool_all,pool_all,0.0765909224285159
real,vmf_pca100_lloyd100_coassoc,triviality_n_effective_networks,pool_all,pool_all,100.0
real,vmf_pca100_lloyd100_coassoc,triviality_entropy_effective_networks,pool_all,pool_all,79.43307085597903
real,vmf_pca100_lloyd100_coassoc,triviality_median_max_membership,pool_all,pool_all,1.0
real,vmf_pca100_lloyd100_coassoc,triviality_frac_confident,pool_all,pool_all,1.0
real,(ceiling),fidelity_across,wikitext,bookcorpus,0.5146824247143202
real,vmf_pca100_lloyd100,fidelity_across,wikitext,bookcorpus,0.2939033909057514
real,vmf_pca100_lloyd100,reliability_across,wikitext,bookcorpus,0.09214348557989765
real,vmf_pca100_lloyd100_bm_degree,fidelity_across,wikitext,bookcorpus,0.36918334229800626
real,vmf_pca100_lloyd100_bm_degree,reliability_across,wikitext,bookcorpus,0.06419434755179344
real,vmf_pca100_lloyd100_coassoc,fidelity_across,wikitext,bookcorpus,0.28723557327467575
real,vmf_pca100_lloyd100_coassoc,reliability_across,wikitext,bookcorpus,0.09079872464814225
real,(ceiling),fidelity_across,wikitext,agnews,0.6028882879939186
real,vmf_pca100_lloyd100,fidelity_across,wikitext,agnews,0.312856513207722
real,vmf_pca100_lloyd100,reliability_across,wikitext,agnews,0.13125764062919165
real,vmf_pca100_lloyd100_bm_degree,fidelity_across,wikitext,agnews,0.37854586121729106
real,vmf_pca100_lloyd100_bm_degree,reliability_across,wikitext,agnews,0.10690991488310875
real,vmf_pca100_lloyd100_coassoc,fidelity_across,wikitext,agnews,0.3067376641931698
real,vmf_pca100_lloyd100_coassoc,reliability_across,wikitext,agnews,0.14161879666697527
real,(ceiling),fidelity_across,wikitext,tldr17,0.5347199290001459
real,vmf_pca100_lloyd100,fidelity_across,wikitext,tldr17,0.27653094762738784
real,vmf_pca100_lloyd100,reliability_across,wikitext,tldr17,0.09321485297690137
real,vmf_pca100_lloyd100_bm_degree,fidelity_across,wikitext,tldr17,0.3386193202796126
real,vmf_pca100_lloyd100_bm_degree,reliability_across,wikitext,tldr17,0.06109128134471975
real,vmf_pca100_lloyd100_coassoc,fidelity_across,wikitext,tldr17,0.2733745104992657
real,vmf_pca100_lloyd100_coassoc,reliability_across,wikitext,tldr17,0.09942245262615633
real,(ceiling),fidelity_across,wikitext,lodo_wikitext,0.6675060275411215
real,vmf_pca100_lloyd100,fidelity_across,wikitext,lodo_wikitext,0.33568230705782026
real,vmf_pca100_lloyd100,reliability_across,wikitext,lodo_wikitext,0.14293304787696787
real,vmf_pca100_lloyd100_bm_degree,fidelity_across,wikitext,lodo_wikitext,0.4143088202988987
real,vmf_pca100_lloyd100_bm_degree,reliability_across,wikitext,lodo_wikitext,0.11071646685236915
real,vmf_pca100_lloyd100_coassoc,fidelity_across,wikitext,lodo_wikitext,0.3285888051219535
real,vmf_pca100_lloyd100_coassoc,reliability_across,wikitext,lodo_wikitext,0.1453891228878383
real,(ceiling),fidelity_across,bookcorpus,wikitext,0.5146824247143202
real,vmf_pca100_lloyd100,fidelity_across,bookcorpus,wikitext,0.2752933702625689
real,vmf_pca100_lloyd100,reliability_across,bookcorpus,wikitext,0.09214348557989765
real,vmf_pca100_lloyd100_bm_degree,fidelity_across,bookcorpus,wikitext,0.34768676416912575
real,vmf_pca100_lloyd100_bm_degree,reliability_across,bookcorpus,wikitext,0.06419434755179344
real,vmf_pca100_lloyd100_coassoc,fidelity_across,bookcorpus,wikitext,0.2730888573843846
real,vmf_pca100_lloyd100_coassoc,reliability_across,bookcorpus,wikitext,0.09079872464814225
real,(ceiling),fidelity_across,bookcorpus,agnews,0.38928883161438194
real,vmf_pca100_lloyd100,fidelity_across,bookcorpus,agnews,0.20210318074544265
real,vmf_pca100_lloyd100,reliability_across,bookcorpus,agnews,0.06944071274466335
real,vmf_pca100_lloyd100_bm_degree,fidelity_across,bookcorpus,agnews,0.25463594138643364
real,vmf_pca100_lloyd100_bm_degree,reliability_across,bookcorpus,agnews,0.04798213259724438
real,vmf_pca100_lloyd100_coassoc,fidelity_across,bookcorpus,agnews,0.19993955515270576
real,vmf_pca100_lloyd100_coassoc,reliability_across,bookcorpus,agnews,0.07771306553098381
real,(ceiling),fidelity_across,bookcorpus,tldr17,0.5805991218137924
real,vmf_pca100_lloyd100,fidelity_across,bookcorpus,tldr17,0.2621424082131896
real,vmf_pca100_lloyd100,reliability_across,bookcorpus,tldr17,0.1269226537652286
real,vmf_pca100_lloyd100_bm_degree,fidelity_across,bookcorpus,tldr17,0.33010499857487186
real,vmf_pca100_lloyd100_bm_degree,reliability_across,bookcorpus,tldr17,0.07014927595814154
real,vmf_pca100_lloyd100_coassoc,fidelity_across,bookcorpus,tldr17,0.2600706205442373
real,vmf_pca100_lloyd100_coassoc,reliability_across,bookcorpus,tldr17,0.11870477740745311
real,(ceiling),fidelity_across,bookcorpus,lodo_bookcorpus,0.5724702902926415
real,vmf_pca100_lloyd100,fidelity_across,bookcorpus,lodo_bookcorpus,0.2694020559982421
real,vmf_pca100_lloyd100,reliability_across,bookcorpus,lodo_bookcorpus,0.11728623340484678
real,vmf_pca100_lloyd100_bm_degree,fidelity_across,bookcorpus,lodo_bookcorpus,0.3406409632609889
real,vmf_pca100_lloyd100_bm_degree,reliability_across,bookcorpus,lodo_bookcorpus,0.0652437704778388
real,vmf_pca100_lloyd100_coassoc,fidelity_across,bookcorpus,lodo_bookcorpus,0.26626792107151925
real,vmf_pca100_lloyd100_coassoc,reliability_across,bookcorpus,lodo_bookcorpus,0.11011792678009066
real,(ceiling),fidelity_across,agnews,wikitext,0.6028882879939186
real,vmf_pca100_lloyd100,fidelity_across,agnews,wikitext,0.3492526939249705
real,vmf_pca100_lloyd100,reliability_across,agnews,wikitext,0.13125764062919165
real,vmf_pca100_lloyd100_bm_degree,fidelity_across,agnews,wikitext,0.39991979424769847
real,vmf_pca100_lloyd100_bm_degree,reliability_across,agnews,wikitext,0.10690991488310875
real,vmf_pca100_lloyd100_coassoc,fidelity_across,agnews,wikitext,0.33528242705901384
real,vmf_pca100_lloyd100_coassoc,reliability_across,agnews,wikitext,0.14161879666697527
real,(ceiling),fidelity_across,agnews,bookcorpus,0.38928883161438194
real,vmf_pca100_lloyd100,fidelity_across,agnews,bookcorpus,0.23941076623029375
real,vmf_pca100_lloyd100,reliability_across,agnews,bookcorpus,0.06944071274466335
real,vmf_pca100_lloyd100_bm_degree,fidelity_across,agnews,bookcorpus,0.27556498241503474
real,vmf_pca100_lloyd100_bm_degree,reliability_across,agnews,bookcorpus,0.04798213259724438
real,vmf_pca100_lloyd100_coassoc,fidelity_across,agnews,bookcorpus,0.22924621685283758
real,vmf_pca100_lloyd100_coassoc,reliability_across,agnews,bookcorpus,0.07771306553098381
real,(ceiling),fidelity_across,agnews,tldr17,0.4654182392943762
real,vmf_pca100_lloyd100,fidelity_across,agnews,tldr17,0.2653578034204567
real,vmf_pca100_lloyd100,reliability_across,agnews,tldr17,0.08334367523475808
real,vmf_pca100_lloyd100_bm_degree,fidelity_across,agnews,tldr17,0.3126741705930008
real,vmf_pca100_lloyd100_bm_degree,reliability_across,agnews,tldr17,0.06357698725731571
real,vmf_pca100_lloyd100_coassoc,fidelity_across,agnews,tldr17,0.25617251782457495
real,vmf_pca100_lloyd100_coassoc,reliability_across,agnews,tldr17,0.09265579885560216
real,(ceiling),fidelity_across,agnews,lodo_agnews,0.5533385898295206
real,vmf_pca100_lloyd100,fidelity_across,agnews,lodo_agnews,0.31393127588373027
real,vmf_pca100_lloyd100,reliability_across,agnews,lodo_agnews,0.10800651033002193
real,vmf_pca100_lloyd100_bm_degree,fidelity_across,agnews,lodo_agnews,0.3646090720723314
real,vmf_pca100_lloyd100_bm_degree,reliability_across,agnews,lodo_agnews,0.08294287866401101
real,vmf_pca100_lloyd100_coassoc,fidelity_across,agnews,lodo_agnews,0.30159947719715313
real,vmf_pca100_lloyd100_coassoc,reliability_across,agnews,lodo_agnews,0.11879853421303568
real,(ceiling),fidelity_across,tldr17,wikitext,0.5347199290001459
real,vmf_pca100_lloyd100,fidelity_across,tldr17,wikitext,0.2863879454507347
real,vmf_pca100_lloyd100,reliability_across,tldr17,wikitext,0.09321485297690137
real,vmf_pca100_lloyd100_bm_degree,fidelity_across,tldr17,wikitext,0.3456627350528231
real,vmf_pca100_lloyd100_bm_degree,reliability_across,tldr17,wikitext,0.06109128134471975
real,vmf_pca100_lloyd100_coassoc,fidelity_across,tldr17,wikitext,0.2841050495306708
real,vmf_pca100_lloyd100_coassoc,reliability_across,tldr17,wikitext,0.09942245262615633
real,(ceiling),fidelity_across,tldr17,bookcorpus,0.5805991218137924
real,vmf_pca100_lloyd100,fidelity_across,tldr17,bookcorpus,0.30109769276861803
real,vmf_pca100_lloyd100,reliability_across,tldr17,bookcorpus,0.1269226537652286
real,vmf_pca100_lloyd100_bm_degree,fidelity_across,tldr17,bookcorpus,0.3574203692399601
real,vmf_pca100_lloyd100_bm_degree,reliability_across,tldr17,bookcorpus,0.07014927595814154
real,vmf_pca100_lloyd100_coassoc,fidelity_across,tldr17,bookcorpus,0.29729500572611345
real,vmf_pca100_lloyd100_coassoc,reliability_across,tldr17,bookcorpus,0.11870477740745311
real,(ceiling),fidelity_across,tldr17,agnews,0.4654182392943762
real,vmf_pca100_lloyd100,fidelity_across,tldr17,agnews,0.24838215349151857
real,vmf_pca100_lloyd100,reliability_across,tldr17,agnews,0.08334367523475808
real,vmf_pca100_lloyd100_bm_degree,fidelity_across,tldr17,agnews,0.30050379182390774
real,vmf_pca100_lloyd100_bm_degree,reliability_across,tldr17,agnews,0.06357698725731571
real,vmf_pca100_lloyd100_coassoc,fidelity_across,tldr17,agnews,0.24621730965149183
real,vmf_pca100_lloyd100_coassoc,reliability_across,tldr17,agnews,0.09265579885560216
real,(ceiling),fidelity_across,tldr17,lodo_tldr17,0.6406973705866653
real,vmf_pca100_lloyd100,fidelity_across,tldr17,lodo_tldr17,0.3190695118807004
real,vmf_pca100_lloyd100,reliability_across,tldr17,lodo_tldr17,0.13830090197282197
real,vmf_pca100_lloyd100_bm_degree,fidelity_across,tldr17,lodo_tldr17,0.3836953321319138
real,vmf_pca100_lloyd100_bm_degree,reliability_across,tldr17,lodo_tldr17,0.08238869822027042
real,vmf_pca100_lloyd100_coassoc,fidelity_across,tldr17,lodo_tldr17,0.31544189840069364
real,vmf_pca100_lloyd100_coassoc,reliability_across,tldr17,lodo_tldr17,0.1353817727366725
real,(ceiling),fidelity_across,lodo_wikitext,wikitext,0.6675060275411216
real,vmf_pca100_lloyd100,fidelity_across,lodo_wikitext,wikitext,0.3705869183651281
real,vmf_pca100_lloyd100,reliability_across,lodo_wikitext,wikitext,0.14293304787696787
real,vmf_pca100_lloyd100_bm_degree,fidelity_across,lodo_wikitext,wikitext,0.4348067567028916
real,vmf_pca100_lloyd100_bm_degree,reliability_across,lodo_wikitext,wikitext,0.11071646685236915
real,vmf_pca100_lloyd100_coassoc,fidelity_across,lodo_wikitext,wikitext,0.36537650658953913
real,vmf_pca100_lloyd100_coassoc,reliability_across,lodo_wikitext,wikitext,0.1453891228878383
real,(ceiling),fidelity_across,lodo_bookcorpus,bookcorpus,0.5724702902926415
real,vmf_pca100_lloyd100,fidelity_across,lodo_bookcorpus,bookcorpus,0.3189321511656207
real,vmf_pca100_lloyd100,reliability_across,lodo_bookcorpus,bookcorpus,0.11728623340484678
real,vmf_pca100_lloyd100_bm_degree,fidelity_across,lodo_bookcorpus,bookcorpus,0.36724234928637706
real,vmf_pca100_lloyd100_bm_degree,reliability_across,lodo_bookcorpus,bookcorpus,0.0652437704778388
real,vmf_pca100_lloyd100_coassoc,fidelity_across,lodo_bookcorpus,bookcorpus,0.30938274557165113
real,vmf_pca100_lloyd100_coassoc,reliability_across,lodo_bookcorpus,bookcorpus,0.11011792678009066
real,(ceiling),fidelity_across,lodo_agnews,agnews,0.5533385898295206
real,vmf_pca100_lloyd100,fidelity_across,lodo_agnews,agnews,0.299789505246711
real,vmf_pca100_lloyd100,reliability_across,lodo_agnews,agnews,0.10800651033002193
real,vmf_pca100_lloyd100_bm_degree,fidelity_across,lodo_agnews,agnews,0.3548178680132804
real,vmf_pca100_lloyd100_bm_degree,reliability_across,lodo_agnews,agnews,0.08294287866401101
real,vmf_pca100_lloyd100_coassoc,fidelity_across,lodo_agnews,agnews,0.2955835467869298
real,vmf_pca100_lloyd100_coassoc,reliability_across,lodo_agnews,agnews,0.11879853421303568
real,(ceiling),fidelity_across,lodo_tldr17,tldr17,0.6406973705866653
real,vmf_pca100_lloyd100,fidelity_across,lodo_tldr17,tldr17,0.31993166434993514
real,vmf_pca100_lloyd100,reliability_across,lodo_tldr17,tldr17,0.13830090197282197
real,vmf_pca100_lloyd100_bm_degree,fidelity_across,lodo_tldr17,tldr17,0.3832784644645167
real,vmf_pca100_lloyd100_bm_degree,reliability_across,lodo_tldr17,tldr17,0.08238869822027042
real,vmf_pca100_lloyd100_coassoc,fidelity_across,lodo_tldr17,tldr17,0.3187793171019484
real,vmf_pca100_lloyd100_coassoc,reliability_across,lodo_tldr17,tldr17,0.1353817727366725
real,(ceiling),fidelity_across,pair_wikitext_bookcorpus,pair_agnews_tldr17,0.6896368194543234
real,vmf_pca100_lloyd100,fidelity_across,pair_wikitext_bookcorpus,pair_agnews_tldr17,0.32600351056612653
real,vmf_pca100_lloyd100,reliability_across,pair_wikitext_bookcorpus,pair_agnews_tldr17,0.17418290668541406
real,vmf_pca100_lloyd100_bm_degree,fidelity_across,pair_wikitext_bookcorpus,pair_agnews_tldr17,0.3954999613934551
real,vmf_pca100_lloyd100_bm_degree,reliability_across,pair_wikitext_bookcorpus,pair_agnews_tldr17,0.11053588704762231
real,vmf_pca100_lloyd100_coassoc,fidelity_across,pair_wikitext_bookcorpus,pair_agnews_tldr17,0.32278588485984283
real,vmf_pca100_lloyd100_coassoc,reliability_across,pair_wikitext_bookcorpus,pair_agnews_tldr17,0.1676888080578244
real,(ceiling),fidelity_across,pair_agnews_tldr17,pair_wikitext_bookcorpus,0.6896368194543234
real,vmf_pca100_lloyd100,fidelity_across,pair_agnews_tldr17,pair_wikitext_bookcorpus,0.3794357331823315
real,vmf_pca100_lloyd100,reliability_across,pair_agnews_tldr17,pair_wikitext_bookcorpus,0.17418290668541406
real,vmf_pca100_lloyd100_bm_degree,fidelity_across,pair_agnews_tldr17,pair_wikitext_bookcorpus,0.4352851471312638
real,vmf_pca100_lloyd100_bm_degree,reliability_across,pair_agnews_tldr17,pair_wikitext_bookcorpus,0.11053588704762231
real,vmf_pca100_lloyd100_coassoc,fidelity_across,pair_agnews_tldr17,pair_wikitext_bookcorpus,0.364839428862451
real,vmf_pca100_lloyd100_coassoc,reliability_across,pair_agnews_tldr17,pair_wikitext_bookcorpus,0.1676888080578244
real,(ceiling),fidelity_across,pair_wikitext_agnews,pair_bookcorpus_tldr17,0.5725711355349649
real,vmf_pca100_lloyd100,fidelity_across,pair_wikitext_agnews,pair_bookcorpus_tldr17,0.3130948780548867
real,vmf_pca100_lloyd100,reliability_across,pair_wikitext_agnews,pair_bookcorpus_tldr17,0.11370750065316158
real,vmf_pca100_lloyd100_bm_degree,fidelity_across,pair_wikitext_agnews,pair_bookcorpus_tldr17,0.37085339228943515
real,vmf_pca100_lloyd100_bm_degree,reliability_across,pair_wikitext_agnews,pair_bookcorpus_tldr17,0.08181608194325163
real,vmf_pca100_lloyd100_coassoc,fidelity_across,pair_wikitext_agnews,pair_bookcorpus_tldr17,0.3050157626415436
real,vmf_pca100_lloyd100_coassoc,reliability_across,pair_wikitext_agnews,pair_bookcorpus_tldr17,0.11894835987802829
real,(ceiling),fidelity_across,pair_bookcorpus_tldr17,pair_wikitext_agnews,0.5725711355349649
real,vmf_pca100_lloyd100,fidelity_across,pair_bookcorpus_tldr17,pair_wikitext_agnews,0.3020969295568104
real,vmf_pca100_lloyd100,reliability_across,pair_bookcorpus_tldr17,pair_wikitext_agnews,0.11370750065316158
real,vmf_pca100_lloyd100_bm_degree,fidelity_across,pair_bookcorpus_tldr17,pair_wikitext_agnews,0.36720325348283983
real,vmf_pca100_lloyd100_bm_degree,reliability_across,pair_bookcorpus_tldr17,pair_wikitext_agnews,0.08181608194325163
real,vmf_pca100_lloyd100_coassoc,fidelity_across,pair_bookcorpus_tldr17,pair_wikitext_agnews,0.2973617396316024
real,vmf_pca100_lloyd100_coassoc,reliability_across,pair_bookcorpus_tldr17,pair_wikitext_agnews,0.11894835987802829
real,(ceiling),fidelity_across,pair_wikitext_tldr17,pair_bookcorpus_agnews,0.7422612835949918
real,vmf_pca100_lloyd100,fidelity_across,pair_wikitext_tldr17,pair_bookcorpus_agnews,0.38023232929245865
real,vmf_pca100_lloyd100,reliability_across,pair_wikitext_tldr17,pair_bookcorpus_agnews,0.21482613393104671
real,vmf_pca100_lloyd100_bm_degree,fidelity_across,pair_wikitext_tldr17,pair_bookcorpus_agnews,0.4503529011391689
real,vmf_pca100_lloyd100_bm_degree,reliability_across,pair_wikitext_tldr17,pair_bookcorpus_agnews,0.15872918094398494
real,vmf_pca100_lloyd100_coassoc,fidelity_across,pair_wikitext_tldr17,pair_bookcorpus_agnews,0.37001292273534064
real,vmf_pca100_lloyd100_coassoc,reliability_across,pair_wikitext_tldr17,pair_bookcorpus_agnews,0.20447705838987304
real,(ceiling),fidelity_across,pair_bookcorpus_agnews,pair_wikitext_tldr17,0.7422612835949918
real,vmf_pca100_lloyd100,fidelity_across,pair_bookcorpus_agnews,pair_wikitext_tldr17,0.38014474378130236
real,vmf_pca100_lloyd100,reliability_across,pair_bookcorpus_agnews,pair_wikitext_tldr17,0.21482613393104671
real,vmf_pca100_lloyd100_bm_degree,fidelity_across,pair_bookcorpus_agnews,pair_wikitext_tldr17,0.4487178913796745
real,vmf_pca100_lloyd100_bm_degree,reliability_across,pair_bookcorpus_agnews,pair_wikitext_tldr17,0.15872918094398494
real,vmf_pca100_lloyd100_coassoc,fidelity_across,pair_bookcorpus_agnews,pair_wikitext_tldr17,0.3794679158033291
real,vmf_pca100_lloyd100_coassoc,reliability_across,pair_bookcorpus_agnews,pair_wikitext_tldr17,0.20447705838987304
real,(ceiling),fidelity_across_halves,wikitext,bookcorpus,0.5091561909013692
real,vmf_pca100_lloyd100,fidelity_across_halves,wikitext,bookcorpus,0.29038216008353646
real,vmf_pca100_lloyd100,reliability_across_halves,wikitext,bookcorpus,0.09260762639605237
real,vmf_pca100_lloyd100_bm_degree,fidelity_across_halves,wikitext,bookcorpus,0.36404161912795097
real,vmf_pca100_lloyd100_bm_degree,reliability_across_halves,wikitext,bookcorpus,0.07298895716046978
real,vmf_pca100_lloyd100_coassoc,fidelity_across_halves,wikitext,bookcorpus,0.2845803285692635
real,vmf_pca100_lloyd100_coassoc,reliability_across_halves,wikitext,bookcorpus,0.09773523883911114
real,(ceiling),fidelity_across_halves,wikitext,agnews,0.6005729889696455
real,vmf_pca100_lloyd100,fidelity_across_halves,wikitext,agnews,0.3134209992098666
real,vmf_pca100_lloyd100,reliability_across_halves,wikitext,agnews,0.13376934714174146
real,vmf_pca100_lloyd100_bm_degree,fidelity_across_halves,wikitext,agnews,0.38079847058347427
real,vmf_pca100_lloyd100_bm_degree,reliability_across_halves,wikitext,agnews,0.10536257406923442
real,vmf_pca100_lloyd100_coassoc,fidelity_across_halves,wikitext,agnews,0.3080453833723306
real,vmf_pca100_lloyd100_coassoc,reliability_across_halves,wikitext,agnews,0.13571597293143606
real,(ceiling),fidelity_across_halves,wikitext,tldr17,0.527888420655906
real,vmf_pca100_lloyd100,fidelity_across_halves,wikitext,tldr17,0.27525337699006
real,vmf_pca100_lloyd100,reliability_across_halves,wikitext,tldr17,0.09326318573527359
real,vmf_pca100_lloyd100_bm_degree,fidelity_across_halves,wikitext,tldr17,0.3357342527866108
real,vmf_pca100_lloyd100_bm_degree,reliability_across_halves,wikitext,tldr17,0.06534039080202207
real,vmf_pca100_lloyd100_coassoc,fidelity_across_halves,wikitext,tldr17,0.26956911816385304
real,vmf_pca100_lloyd100_coassoc,reliability_across_halves,wikitext,tldr17,0.09777031777988683
real,(ceiling),fidelity_across_halves,wikitext,lodo_wikitext,0.6611456797362464
real,vmf_pca100_lloyd100,fidelity_across_halves,wikitext,lodo_wikitext,0.3342478203444643
real,vmf_pca100_lloyd100,reliability_across_halves,wikitext,lodo_wikitext,0.14631540998255801
real,vmf_pca100_lloyd100_bm_degree,fidelity_across_halves,wikitext,lodo_wikitext,0.4118697520563569
real,vmf_pca100_lloyd100_bm_degree,reliability_across_halves,wikitext,lodo_wikitext,0.10414271710551103
real,vmf_pca100_lloyd100_coassoc,fidelity_across_halves,wikitext,lodo_wikitext,0.32747971968094725
real,vmf_pca100_lloyd100_coassoc,reliability_across_halves,wikitext,lodo_wikitext,0.14844605346929152
real,(ceiling),fidelity_across_halves,bookcorpus,wikitext,0.5166976980352462
real,vmf_pca100_lloyd100,fidelity_across_halves,bookcorpus,wikitext,0.2781677228510141
real,vmf_pca100_lloyd100,reliability_across_halves,bookcorpus,wikitext,0.09632079801071917
real,vmf_pca100_lloyd100_bm_degree,fidelity_across_halves,bookcorpus,wikitext,0.34805821649858965
real,vmf_pca100_lloyd100_bm_degree,reliability_across_halves,bookcorpus,wikitext,0.06371792318701676
real,vmf_pca100_lloyd100_coassoc,fidelity_across_halves,bookcorpus,wikitext,0.27437071362598703
real,vmf_pca100_lloyd100_coassoc,reliability_across_halves,bookcorpus,wikitext,0.09378025260658018
real,(ceiling),fidelity_across_halves,bookcorpus,agnews,0.39021431724848005
real,vmf_pca100_lloyd100,fidelity_across_halves,bookcorpus,agnews,0.20083023286144935
real,vmf_pca100_lloyd100,reliability_across_halves,bookcorpus,agnews,0.07247206159455671
real,vmf_pca100_lloyd100_bm_degree,fidelity_across_halves,bookcorpus,agnews,0.25404531501649885
real,vmf_pca100_lloyd100_bm_degree,reliability_across_halves,bookcorpus,agnews,0.04736979714875881
real,vmf_pca100_lloyd100_coassoc,fidelity_across_halves,bookcorpus,agnews,0.19749225665032752
real,vmf_pca100_lloyd100_coassoc,reliability_across_halves,bookcorpus,agnews,0.07129349819673482
real,(ceiling),fidelity_across_halves,bookcorpus,tldr17,0.5795205448879742
real,vmf_pca100_lloyd100,fidelity_across_halves,bookcorpus,tldr17,0.2623473625726809
real,vmf_pca100_lloyd100,reliability_across_halves,bookcorpus,tldr17,0.12574845445249297
real,vmf_pca100_lloyd100_bm_degree,fidelity_across_halves,bookcorpus,tldr17,0.32951654617829634
real,vmf_pca100_lloyd100_bm_degree,reliability_across_halves,bookcorpus,tldr17,0.0736963727720125
real,vmf_pca100_lloyd100_coassoc,fidelity_across_halves,bookcorpus,tldr17,0.255699448573115
real,vmf_pca100_lloyd100_coassoc,reliability_across_halves,bookcorpus,tldr17,0.12019486487817153
real,(ceiling),fidelity_across_halves,bookcorpus,lodo_bookcorpus,0.5738870931596805
real,vmf_pca100_lloyd100,fidelity_across_halves,bookcorpus,lodo_bookcorpus,0.27026790431791287
real,vmf_pca100_lloyd100,reliability_across_halves,bookcorpus,lodo_bookcorpus,0.12084187470330547
real,vmf_pca100_lloyd100_bm_degree,fidelity_across_halves,bookcorpus,lodo_bookcorpus,0.34081125704928833
real,vmf_pca100_lloyd100_bm_degree,reliability_across_halves,bookcorpus,lodo_bookcorpus,0.06457613287201222
real,vmf_pca100_lloyd100_coassoc,fidelity_across_halves,bookcorpus,lodo_bookcorpus,0.26440492566512463
real,vmf_pca100_lloyd100_coassoc,reliability_across_halves,bookcorpus,lodo_bookcorpus,0.11634558705437759
real,(ceiling),fidelity_across_halves,agnews,wikitext,0.5996057900076163
real,vmf_pca100_lloyd100,fidelity_across_halves,agnews,wikitext,0.3485986940504372
real,vmf_pca100_lloyd100,reliability_across_halves,agnews,wikitext,0.12947694405377194
real,vmf_pca100_lloyd100_bm_degree,fidelity_across_halves,agnews,wikitext,0.40064386683813946
real,vmf_pca100_lloyd100_bm_degree,reliability_across_halves,agnews,wikitext,0.10787719191220757
real,vmf_pca100_lloyd100_coassoc,fidelity_across_halves,agnews,wikitext,0.33831436465751913
real,vmf_pca100_lloyd100_coassoc,reliability_across_halves,agnews,wikitext,0.13128211901094117
real,(ceiling),fidelity_across_halves,agnews,bookcorpus,0.3859237992978306
real,vmf_pca100_lloyd100,fidelity_across_halves,agnews,bookcorpus,0.2380734956792281
real,vmf_pca100_lloyd100,reliability_across_halves,agnews,bookcorpus,0.06599979859740605
real,vmf_pca100_lloyd100_bm_degree,fidelity_across_halves,agnews,bookcorpus,0.27404599385169637
real,vmf_pca100_lloyd100_bm_degree,reliability_across_halves,agnews,bookcorpus,0.051185272114847406
real,vmf_pca100_lloyd100_coassoc,fidelity_across_halves,agnews,bookcorpus,0.23035650235837496
real,vmf_pca100_lloyd100_coassoc,reliability_across_halves,agnews,bookcorpus,0.068643601768162
real,(ceiling),fidelity_across_halves,agnews,tldr17,0.46057339758341587
real,vmf_pca100_lloyd100,fidelity_across_halves,agnews,tldr17,0.2636902071857627
real,vmf_pca100_lloyd100,reliability_across_halves,agnews,tldr17,0.08293528414202826
real,vmf_pca100_lloyd100_bm_degree,fidelity_across_halves,agnews,tldr17,0.31016776024736603
real,vmf_pca100_lloyd100_bm_degree,reliability_across_halves,agnews,tldr17,0.06766227272054362
real,vmf_pca100_lloyd100_coassoc,fidelity_across_halves,agnews,tldr17,0.254713638245028
real,vmf_pca100_lloyd100_coassoc,reliability_across_halves,agnews,tldr17,0.08461960341848611
real,(ceiling),fidelity_across_halves,agnews,lodo_agnews,0.54883117515974
real,vmf_pca100_lloyd100,fidelity_across_halves,agnews,lodo_agnews,0.3124607857248329
real,vmf_pca100_lloyd100,reliability_across_halves,agnews,lodo_agnews,0.10580985409742706
real,vmf_pca100_lloyd100_bm_degree,fidelity_across_halves,agnews,lodo_agnews,0.3634845774267774
real,vmf_pca100_lloyd100_bm_degree,reliability_across_halves,agnews,lodo_agnews,0.08832456576752838
real,vmf_pca100_lloyd100_coassoc,fidelity_across_halves,agnews,lodo_agnews,0.30310414536111335
real,vmf_pca100_lloyd100_coassoc,reliability_across_halves,agnews,lodo_agnews,0.10921791991819942
real,(ceiling),fidelity_across_halves,tldr17,wikitext,0.5359207133489959
real,vmf_pca100_lloyd100,fidelity_across_halves,tldr17,wikitext,0.2856140759458962
real,vmf_pca100_lloyd100,reliability_across_halves,tldr17,wikitext,0.09336794427635792
real,vmf_pca100_lloyd100_bm_degree,fidelity_across_halves,tldr17,wikitext,0.3470444341445001
real,vmf_pca100_lloyd100_bm_degree,reliability_across_halves,tldr17,wikitext,0.06387915882832233
real,vmf_pca100_lloyd100_coassoc,fidelity_across_halves,tldr17,wikitext,0.2842848598708357
real,vmf_pca100_lloyd100_coassoc,reliability_across_halves,tldr17,wikitext,0.0963800116799043
real,(ceiling),fidelity_across_halves,tldr17,bookcorpus,0.576997269424198
real,vmf_pca100_lloyd100,fidelity_across_halves,tldr17,bookcorpus,0.29816854894313755
real,vmf_pca100_lloyd100,reliability_across_halves,tldr17,bookcorpus,0.12197361067359189
real,vmf_pca100_lloyd100_bm_degree,fidelity_across_halves,tldr17,bookcorpus,0.355777835173481
real,vmf_pca100_lloyd100_bm_degree,reliability_across_halves,tldr17,bookcorpus,0.07726425325300815
real,vmf_pca100_lloyd100_coassoc,fidelity_across_halves,tldr17,bookcorpus,0.29376953633809627
real,vmf_pca100_lloyd100_coassoc,reliability_across_halves,tldr17,bookcorpus,0.11272507460707198
real,(ceiling),fidelity_across_halves,tldr17,agnews,0.4660372318224868
real,vmf_pca100_lloyd100,fidelity_across_halves,tldr17,agnews,0.2497295997682679
real,vmf_pca100_lloyd100,reliability_across_halves,tldr17,agnews,0.08533583106700621
real,vmf_pca100_lloyd100_bm_degree,fidelity_across_halves,tldr17,agnews,0.30026311936887673
real,vmf_pca100_lloyd100_bm_degree,reliability_across_halves,tldr17,agnews,0.06193256699859152
real,vmf_pca100_lloyd100_coassoc,fidelity_across_halves,tldr17,agnews,0.2486694191467458
real,vmf_pca100_lloyd100_coassoc,reliability_across_halves,tldr17,agnews,0.08457406072553712
real,(ceiling),fidelity_across_halves,tldr17,lodo_tldr17,0.639671341072395
real,vmf_pca100_lloyd100,fidelity_across_halves,tldr17,lodo_tldr17,0.3176887611512621
real,vmf_pca100_lloyd100,reliability_across_halves,tldr17,lodo_tldr17,0.13306594867303465
real,vmf_pca100_lloyd100_bm_degree,fidelity_across_halves,tldr17,lodo_tldr17,0.3839442818892009
real,vmf_pca100_lloyd100_bm_degree,reliability_across_halves,tldr17,lodo_tldr17,0.08808343108592928
real,vmf_pca100_lloyd100_coassoc,fidelity_across_halves,tldr17,lodo_tldr17,0.31480744162322144
real,vmf_pca100_lloyd100_coassoc,reliability_across_halves,tldr17,lodo_tldr17,0.130487495838794
real,(ceiling),fidelity_across_halves,lodo_wikitext,wikitext,0.6692415410020291
real,vmf_pca100_lloyd100,fidelity_across_halves,lodo_wikitext,wikitext,0.3713300848382976
real,vmf_pca100_lloyd100,reliability_across_halves,lodo_wikitext,wikitext,0.14453215700048272
real,vmf_pca100_lloyd100_bm_degree,fidelity_across_halves,lodo_wikitext,wikitext,0.43536985901602454
real,vmf_pca100_lloyd100_bm_degree,reliability_across_halves,lodo_wikitext,wikitext,0.10463492653650985
real,vmf_pca100_lloyd100_coassoc,fidelity_across_halves,lodo_wikitext,wikitext,0.36314395788792875
real,vmf_pca100_lloyd100_coassoc,reliability_across_halves,lodo_wikitext,wikitext,0.14419855277120586
real,(ceiling),fidelity_across_halves,lodo_bookcorpus,bookcorpus,0.5685512640145166
real,vmf_pca100_lloyd100,fidelity_across_halves,lodo_bookcorpus,bookcorpus,0.31120439401073585
real,vmf_pca100_lloyd100,reliability_across_halves,lodo_bookcorpus,bookcorpus,0.11081329619035171
real,vmf_pca100_lloyd100_bm_degree,fidelity_across_halves,lodo_bookcorpus,bookcorpus,0.36481828561459
real,vmf_pca100_lloyd100_bm_degree,reliability_across_halves,lodo_bookcorpus,bookcorpus,0.06993336749233439
real,vmf_pca100_lloyd100_coassoc,fidelity_across_halves,lodo_bookcorpus,bookcorpus,0.3075889918525154
real,vmf_pca100_lloyd100_coassoc,reliability_across_halves,lodo_bookcorpus,bookcorpus,0.1156643185328166
real,(ceiling),fidelity_across_halves,lodo_agnews,agnews,0.5545653193564367
real,vmf_pca100_lloyd100,fidelity_across_halves,lodo_agnews,agnews,0.297842901302076
real,vmf_pca100_lloyd100,reliability_across_halves,lodo_agnews,agnews,0.1129666227063111
real,vmf_pca100_lloyd100_bm_degree,fidelity_across_halves,lodo_agnews,agnews,0.354815777837225
real,vmf_pca100_lloyd100_bm_degree,reliability_across_halves,lodo_agnews,agnews,0.0821719989927017
real,vmf_pca100_lloyd100_coassoc,fidelity_across_halves,lodo_agnews,agnews,0.29186241788818557
real,vmf_pca100_lloyd100_coassoc,reliability_across_halves,lodo_agnews,agnews,0.10891200794411954
real,(ceiling),fidelity_across_halves,lodo_tldr17,tldr17,0.6368746717701801
real,vmf_pca100_lloyd100,fidelity_across_halves,lodo_tldr17,tldr17,0.3242773251023219
real,vmf_pca100_lloyd100,reliability_across_halves,lodo_tldr17,tldr17,0.1364357901075916
real,vmf_pca100_lloyd100_bm_degree,fidelity_across_halves,lodo_tldr17,tldr17,0.3851237088287697
real,vmf_pca100_lloyd100_bm_degree,reliability_across_halves,lodo_tldr17,tldr17,0.09475759418626814
real,vmf_pca100_lloyd100_coassoc,fidelity_across_halves,lodo_tldr17,tldr17,0.318548833100237
real,vmf_pca100_lloyd100_coassoc,reliability_across_halves,lodo_tldr17,tldr17,0.13478017832538539
real,(ceiling),fidelity_across_halves,pair_wikitext_bookcorpus,pair_agnews_tldr17,0.6884438093643395
real,vmf_pca100_lloyd100,fidelity_across_halves,pair_wikitext_bookcorpus,pair_agnews_tldr17,0.32917535099934125
real,vmf_pca100_lloyd100,reliability_across_halves,pair_wikitext_bookcorpus,pair_agnews_tldr17,0.1681559796474457
real,vmf_pca100_lloyd100_bm_degree,fidelity_across_halves,pair_wikitext_bookcorpus,pair_agnews_tldr17,0.39300547519173534
real,vmf_pca100_lloyd100_bm_degree,reliability_across_halves,pair_wikitext_bookcorpus,pair_agnews_tldr17,0.11367204266943765
real,vmf_pca100_lloyd100_coassoc,fidelity_across_halves,pair_wikitext_bookcorpus,pair_agnews_tldr17,0.3231957870796084
real,vmf_pca100_lloyd100_coassoc,reliability_across_halves,pair_wikitext_bookcorpus,pair_agnews_tldr17,0.1667628620369036
real,(ceiling),fidelity_across_halves,pair_agnews_tldr17,pair_wikitext_bookcorpus,0.6870046324762239
real,vmf_pca100_lloyd100,fidelity_across_halves,pair_agnews_tldr17,pair_wikitext_bookcorpus,0.3720049776936543
real,vmf_pca100_lloyd100,reliability_across_halves,pair_agnews_tldr17,pair_wikitext_bookcorpus,0.17255726120274578
real,vmf_pca100_lloyd100_bm_degree,fidelity_across_halves,pair_agnews_tldr17,pair_wikitext_bookcorpus,0.4328081556916349
real,vmf_pca100_lloyd100_bm_degree,reliability_across_halves,pair_agnews_tldr17,pair_wikitext_bookcorpus,0.10687693828755084
real,vmf_pca100_lloyd100_coassoc,fidelity_across_halves,pair_agnews_tldr17,pair_wikitext_bookcorpus,0.3682269371424134
real,vmf_pca100_lloyd100_coassoc,reliability_across_halves,pair_agnews_tldr17,pair_wikitext_bookcorpus,0.17004370337983196
real,(ceiling),fidelity_across_halves,pair_wikitext_agnews,pair_bookcorpus_tldr17,0.5673100919433995
real,vmf_pca100_lloyd100,fidelity_across_halves,pair_wikitext_agnews,pair_bookcorpus_tldr17,0.3096530558692478
real,vmf_pca100_lloyd100,reliability_across_halves,pair_wikitext_agnews,pair_bookcorpus_tldr17,0.11355564962360276
real,vmf_pca100_lloyd100_bm_degree,fidelity_across_halves,pair_wikitext_agnews,pair_bookcorpus_tldr17,0.36873942361270223
real,vmf_pca100_lloyd100_bm_degree,reliability_across_halves,pair_wikitext_agnews,pair_bookcorpus_tldr17,0.08747057255318465
real,vmf_pca100_lloyd100_coassoc,fidelity_across_halves,pair_wikitext_agnews,pair_bookcorpus_tldr17,0.301677685727852
real,vmf_pca100_lloyd100_coassoc,reliability_across_halves,pair_wikitext_agnews,pair_bookcorpus_tldr17,0.11673509812098545
real,(ceiling),fidelity_across_halves,pair_bookcorpus_tldr17,pair_wikitext_agnews,0.5750702316874808
real,vmf_pca100_lloyd100,fidelity_across_halves,pair_bookcorpus_tldr17,pair_wikitext_agnews,0.3043546215470614
real,vmf_pca100_lloyd100,reliability_across_halves,pair_bookcorpus_tldr17,pair_wikitext_agnews,0.1140385402292521
real,vmf_pca100_lloyd100_bm_degree,fidelity_across_halves,pair_bookcorpus_tldr17,pair_wikitext_agnews,0.3697534869526781
real,vmf_pca100_lloyd100_bm_degree,reliability_across_halves,pair_bookcorpus_tldr17,pair_wikitext_agnews,0.0872067418732054
real,vmf_pca100_lloyd100_coassoc,fidelity_across_halves,pair_bookcorpus_tldr17,pair_wikitext_agnews,0.29410748928792513
real,vmf_pca100_lloyd100_coassoc,reliability_across_halves,pair_bookcorpus_tldr17,pair_wikitext_agnews,0.12286982237560863
real,(ceiling),fidelity_across_halves,pair_wikitext_tldr17,pair_bookcorpus_agnews,0.7389894452166547
real,vmf_pca100_lloyd100,fidelity_across_halves,pair_wikitext_tldr17,pair_bookcorpus_agnews,0.37821837723258045
real,vmf_pca100_lloyd100,reliability_across_halves,pair_wikitext_tldr17,pair_bookcorpus_agnews,0.21034869908566103
real,vmf_pca100_lloyd100_bm_degree,fidelity_across_halves,pair_wikitext_tldr17,pair_bookcorpus_agnews,0.45103374564733395
real,vmf_pca100_lloyd100_bm_degree,reliability_across_halves,pair_wikitext_tldr17,pair_bookcorpus_agnews,0.1387180113111421
real,vmf_pca100_lloyd100_coassoc,fidelity_across_halves,pair_wikitext_tldr17,pair_bookcorpus_agnews,0.36738986022718184
real,vmf_pca100_lloyd100_coassoc,reliability_across_halves,pair_wikitext_tldr17,pair_bookcorpus_agnews,0.22197671040184624
real,(ceiling),fidelity_across_halves,pair_bookcorpus_agnews,pair_wikitext_tldr17,0.741374644718618
real,vmf_pca100_lloyd100,fidelity_across_halves,pair_bookcorpus_agnews,pair_wikitext_tldr17,0.38283234295656904
real,vmf_pca100_lloyd100,reliability_across_halves,pair_bookcorpus_agnews,pair_wikitext_tldr17,0.21282853241291397
real,vmf_pca100_lloyd100_bm_degree,fidelity_across_halves,pair_bookcorpus_agnews,pair_wikitext_tldr17,0.45111602253339905
real,vmf_pca100_lloyd100_bm_degree,reliability_across_halves,pair_bookcorpus_agnews,pair_wikitext_tldr17,0.14972221823459717
real,vmf_pca100_lloyd100_coassoc,fidelity_across_halves,pair_bookcorpus_agnews,pair_wikitext_tldr17,0.37504652167836156
real,vmf_pca100_lloyd100_coassoc,reliability_across_halves,pair_bookcorpus_agnews,pair_wikitext_tldr17,0.22012327628713257
null,(ceiling),fidelity_within,wikitext,wikitext,-0.1737097422764593
null,(ceiling),fidelity_within_r,wikitext,wikitext,0.4132720715095922
null,vmf_pca100_lloyd100,reliability_within,wikitext,wikitext,0.06589503954024399
null,vmf_pca100_lloyd100,reliability_within_coassoc,wikitext,wikitext,0.19992526436962674
null,vmf_pca100_lloyd100,fidelity_within,wikitext,wikitext,0.19336999097026375
null,vmf_pca100_lloyd100,fidelity_within_r,wikitext,wikitext,0.4422348083062048
null,vmf_pca100_lloyd100,fidelity_within_insample,wikitext,wikitext,0.23916913261507133
null,vmf_pca100_lloyd100,reliability_ceiling,wikitext,wikitext,0.40449474870055807
null,vmf_pca100_lloyd100,triviality_ami_layer,wikitext,wikitext,0.055338783498772526
null,vmf_pca100_lloyd100,triviality_ami_dimension,wikitext,wikitext,4.655500023612646e-05
null,vmf_pca100_lloyd100,triviality_ami_hubness,wikitext,wikitext,0.2902022702863476
null,vmf_pca100_lloyd100,triviality_n_effective_networks,wikitext,wikitext,100.0
null,vmf_pca100_lloyd100,triviality_entropy_effective_networks,wikitext,wikitext,64.88119771200837
null,vmf_pca100_lloyd100,triviality_median_max_membership,wikitext,wikitext,0.425
null,vmf_pca100_lloyd100,triviality_frac_confident,wikitext,wikitext,0.30408653846153844
null,vmf_pca100_lloyd100_bm_degree,reliability_within,wikitext,wikitext,0.06395399145101084
null,vmf_pca100_lloyd100_bm_degree,reliability_within_coassoc,wikitext,wikitext,0.19992526436962674
null,vmf_pca100_lloyd100_bm_degree,fidelity_within,wikitext,wikitext,0.35105805721777206
null,vmf_pca100_lloyd100_bm_degree,fidelity_within_r,wikitext,wikitext,0.5950796037461217
null,vmf_pca100_lloyd100_bm_degree,fidelity_within_insample,wikitext,wikitext,0.4228513574998606
null,vmf_pca100_lloyd100_bm_degree,reliability_ceiling,wikitext,wikitext,0.32057284521633866
null,vmf_pca100_lloyd100_bm_degree,triviality_ami_layer,wikitext,wikitext,0.06024553377370654
null,vmf_pca100_lloyd100_bm_degree,triviality_ami_dimension,wikitext,wikitext,-0.00021261824247823785
null,vmf_pca100_lloyd100_bm_degree,triviality_ami_hubness,wikitext,wikitext,0.33563376776927856
null,vmf_pca100_lloyd100_bm_degree,triviality_n_effective_networks,wikitext,wikitext,100.0
null,vmf_pca100_lloyd100_bm_degree,triviality_entropy_effective_networks,wikitext,wikitext,65.79449761508147
null,vmf_pca100_lloyd100_bm_degree,triviality_median_max_membership,wikitext,wikitext,1.0
null,vmf_pca100_lloyd100_bm_degree,triviality_frac_confident,wikitext,wikitext,1.0
null,vmf_pca100_lloyd100_coassoc,reliability_within,wikitext,wikitext,0.11017353798095897
null,vmf_pca100_lloyd100_coassoc,reliability_within_coassoc,wikitext,wikitext,0.19992526436962674
null,vmf_pca100_lloyd100_coassoc,fidelity_within,wikitext,wikitext,0.18852223202298468
null,vmf_pca100_lloyd100_coassoc,fidelity_within_r,wikitext,wikitext,0.4361415058387653
null,vmf_pca100_lloyd100_coassoc,fidelity_within_insample,wikitext,wikitext,0.227751853522546
null,vmf_pca100_lloyd100_coassoc,reliability_ceiling,wikitext,wikitext,0.5322296643842421
null,vmf_pca100_lloyd100_coassoc,triviality_ami_layer,wikitext,wikitext,0.05662661226636004
null,vmf_pca100_lloyd100_coassoc,triviality_ami_dimension,wikitext,wikitext,-0.0020421789825346157
null,vmf_pca100_lloyd100_coassoc,triviality_ami_hubness,wikitext,wikitext,0.28405026107194586
null,vmf_pca100_lloyd100_coassoc,triviality_n_effective_networks,wikitext,wikitext,100.0
null,vmf_pca100_lloyd100_coassoc,triviality_entropy_effective_networks,wikitext,wikitext,52.06724950862551
null,vmf_pca100_lloyd100_coassoc,triviality_median_max_membership,wikitext,wikitext,1.0
null,vmf_pca100_lloyd100_coassoc,triviality_frac_confident,wikitext,wikitext,1.0
null,(ceiling),fidelity_within,bookcorpus,bookcorpus,-0.0722988156652864
null,(ceiling),fidelity_within_r,bookcorpus,bookcorpus,0.46358406201352853
null,vmf_pca100_lloyd100,reliability_within,bookcorpus,bookcorpus,0.07068323380003953
null,vmf_pca100_lloyd100,reliability_within_coassoc,bookcorpus,bookcorpus,0.23163073447829638
null,vmf_pca100_lloyd100,fidelity_within,bookcorpus,bookcorpus,0.1508445100519198
null,vmf_pca100_lloyd100,fidelity_within_r,bookcorpus,bookcorpus,0.39075792563599876
null,vmf_pca100_lloyd100,fidelity_within_insample,bookcorpus,bookcorpus,0.18830460996211051
null,vmf_pca100_lloyd100,reliability_ceiling,bookcorpus,bookcorpus,0.4800322069587626
null,vmf_pca100_lloyd100,triviality_ami_layer,bookcorpus,bookcorpus,0.03215512706402826
null,vmf_pca100_lloyd100,triviality_ami_dimension,bookcorpus,bookcorpus,0.0005282253521243183
null,vmf_pca100_lloyd100,triviality_ami_hubness,bookcorpus,bookcorpus,0.17867471740560034
null,vmf_pca100_lloyd100,triviality_n_effective_networks,bookcorpus,bookcorpus,100.0
null,vmf_pca100_lloyd100,triviality_entropy_effective_networks,bookcorpus,bookcorpus,56.125484771963684
null,vmf_pca100_lloyd100,triviality_median_max_membership,bookcorpus,bookcorpus,0.475
null,vmf_pca100_lloyd100,triviality_frac_confident,bookcorpus,bookcorpus,0.40414663461538464
null,vmf_pca100_lloyd100_bm_degree,reliability_within,bookcorpus,bookcorpus,0.0620852112187333
null,vmf_pca100_lloyd100_bm_degree,reliability_within_coassoc,bookcorpus,bookcorpus,0.23163073447829638
null,vmf_pca100_lloyd100_bm_degree,fidelity_within,bookcorpus,bookcorpus,0.4089642909846425
null,vmf_pca100_lloyd100_bm_degree,fidelity_within_r,bookcorpus,bookcorpus,0.6407974928374468
null,vmf_pca100_lloyd100_bm_degree,fidelity_within_insample,bookcorpus,bookcorpus,0.4648941267274489
null,vmf_pca100_lloyd100_bm_degree,reliability_ceiling,bookcorpus,bookcorpus,0.3935648152190137
null,vmf_pca100_lloyd100_bm_degree,triviality_ami_layer,bookcorpus,bookcorpus,0.030167704149417735
null,vmf_pca100_lloyd100_bm_degree,triviality_ami_dimension,bookcorpus,bookcorpus,-4.669056006315521e-05
null,vmf_pca100_lloyd100_bm_degree,triviality_ami_hubness,bookcorpus,bookcorpus,0.16368797132019516
null,vmf_pca100_lloyd100_bm_degree,triviality_n_effective_networks,bookcorpus,bookcorpus,100.0
null,vmf_pca100_lloyd100_bm_degree,triviality_entropy_effective_networks,bookcorpus,bookcorpus,55.11772698683567
null,vmf_pca100_lloyd100_bm_degree,triviality_median_max_membership,bookcorpus,bookcorpus,1.0
null,vmf_pca100_lloyd100_bm_degree,triviality_frac_confident,bookcorpus,bookcorpus,1.0
null,vmf_pca100_lloyd100_coassoc,reliability_within,bookcorpus,bookcorpus,0.24229092289250487
null,vmf_pca100_lloyd100_coassoc,reliability_within_coassoc,bookcorpus,bookcorpus,0.23163073447829638
null,vmf_pca100_lloyd100_coassoc,fidelity_within,bookcorpus,bookcorpus,0.1523863563536474
null,vmf_pca100_lloyd100_coassoc,fidelity_within_r,bookcorpus,bookcorpus,0.39258050848389037
null,vmf_pca100_lloyd100_coassoc,fidelity_within_insample,bookcorpus,bookcorpus,0.188715606752767
null,vmf_pca100_lloyd100_coassoc,reliability_ceiling,bookcorpus,bookcorpus,0.6145849543928491
null,vmf_pca100_lloyd100_coassoc,triviality_ami_layer,bookcorpus,bookcorpus,0.03214937483926709
null,vmf_pca100_lloyd100_coassoc,triviality_ami_dimension,bookcorpus,bookcorpus,-0.00045284025917004294
null,vmf_pca100_lloyd100_coassoc,triviality_ami_hubness,bookcorpus,bookcorpus,0.17813699805633626
null,vmf_pca100_lloyd100_coassoc,triviality_n_effective_networks,bookcorpus,bookcorpus,100.0
null,vmf_pca100_lloyd100_coassoc,triviality_entropy_effective_networks,bookcorpus,bookcorpus,46.19379541250143
null,vmf_pca100_lloyd100_coassoc,triviality_median_max_membership,bookcorpus,bookcorpus,1.0
null,vmf_pca100_lloyd100_coassoc,triviality_frac_confident,bookcorpus,bookcorpus,1.0
null,(ceiling),fidelity_within,agnews,agnews,-0.15684586630037
null,(ceiling),fidelity_within_r,agnews,agnews,0.4257148198196732
null,vmf_pca100_lloyd100,reliability_within,agnews,agnews,0.05805633813365096
null,vmf_pca100_lloyd100,reliability_within_coassoc,agnews,agnews,0.18684595145778266
null,vmf_pca100_lloyd100,fidelity_within,agnews,agnews,0.17581390564581345
null,vmf_pca100_lloyd100,fidelity_within_r,agnews,agnews,0.4234571442361654
null,vmf_pca100_lloyd100,fidelity_within_insample,agnews,agnews,0.22963640782350048
null,vmf_pca100_lloyd100,reliability_ceiling,agnews,agnews,0.3723349533409412
null,vmf_pca100_lloyd100,triviality_ami_layer,agnews,agnews,0.04612611282338482
null,vmf_pca100_lloyd100,triviality_ami_dimension,agnews,agnews,-0.00015154573352327343
null,vmf_pca100_lloyd100,triviality_ami_hubness,agnews,agnews,0.22338208655663258
null,vmf_pca100_lloyd100,triviality_n_effective_networks,agnews,agnews,100.0
null,vmf_pca100_lloyd100,triviality_entropy_effective_networks,agnews,agnews,61.25540280127234
null,vmf_pca100_lloyd100,triviality_median_max_membership,agnews,agnews,0.4
null,vmf_pca100_lloyd100,triviality_frac_confident,agnews,agnews,0.25951522435897434
null,vmf_pca100_lloyd100_bm_degree,reliability_within,agnews,agnews,0.04912936251470523
null,vmf_pca100_lloyd100_bm_degree,reliability_within_coassoc,agnews,agnews,0.18684595145778266
null,vmf_pca100_lloyd100_bm_degree,fidelity_within,agnews,agnews,0.3477814936121364
null,vmf_pca100_lloyd100_bm_degree,fidelity_within_r,agnews,agnews,0.5947082046124309
null,vmf_pca100_lloyd100_bm_degree,fidelity_within_insample,agnews,agnews,0.44451811646427775
null,vmf_pca100_lloyd100_bm_degree,reliability_ceiling,agnews,agnews,0.2872093736008154
null,vmf_pca100_lloyd100_bm_degree,triviality_ami_layer,agnews,agnews,0.048898571942850626
null,vmf_pca100_lloyd100_bm_degree,triviality_ami_dimension,agnews,agnews,-0.0010765412161084429
null,vmf_pca100_lloyd100_bm_degree,triviality_ami_hubness,agnews,agnews,0.2491126897544953
null,vmf_pca100_lloyd100_bm_degree,triviality_n_effective_networks,agnews,agnews,100.0
null,vmf_pca100_lloyd100_bm_degree,triviality_entropy_effective_networks,agnews,agnews,62.14488172332746
null,vmf_pca100_lloyd100_bm_degree,triviality_median_max_membership,agnews,agnews,1.0
null,vmf_pca100_lloyd100_bm_degree,triviality_frac_confident,agnews,agnews,1.0
null,vmf_pca100_lloyd100_coassoc,reliability_within,agnews,agnews,0.1618515199170678
null,vmf_pca100_lloyd100_coassoc,reliability_within_coassoc,agnews,agnews,0.18684595145778266
null,vmf_pca100_lloyd100_coassoc,fidelity_within,agnews,agnews,0.168681647360012
null,vmf_pca100_lloyd100_coassoc,fidelity_within_r,agnews,agnews,0.41381287916839804
null,vmf_pca100_lloyd100_coassoc,fidelity_within_insample,agnews,agnews,0.21261524225762618
null,vmf_pca100_lloyd100_coassoc,reliability_ceiling,agnews,agnews,0.6069731912040248
null,vmf_pca100_lloyd100_coassoc,triviality_ami_layer,agnews,agnews,0.04508876472846034
null,vmf_pca100_lloyd100_coassoc,triviality_ami_dimension,agnews,agnews,-0.0003271288350851182
null,vmf_pca100_lloyd100_coassoc,triviality_ami_hubness,agnews,agnews,0.22116210631081898
null,vmf_pca100_lloyd100_coassoc,triviality_n_effective_networks,agnews,agnews,100.0
null,vmf_pca100_lloyd100_coassoc,triviality_entropy_effective_networks,agnews,agnews,48.72114291886673
null,vmf_pca100_lloyd100_coassoc,triviality_median_max_membership,agnews,agnews,1.0
null,vmf_pca100_lloyd100_coassoc,triviality_frac_confident,agnews,agnews,1.0
null,(ceiling),fidelity_within,tldr17,tldr17,-0.1801692429567292
null,(ceiling),fidelity_within_r,tldr17,tldr17,0.41554391990829437
null,vmf_pca100_lloyd100,reliability_within,tldr17,tldr17,0.06382561670281467
null,vmf_pca100_lloyd100,reliability_within_coassoc,tldr17,tldr17,0.2232467317318149
null,vmf_pca100_lloyd100,fidelity_within,tldr17,tldr17,0.18222714665567585
null,vmf_pca100_lloyd100,fidelity_within_r,tldr17,tldr17,0.4308002162917163
null,vmf_pca100_lloyd100,fidelity_within_insample,tldr17,tldr17,0.23415903129167526
null,vmf_pca100_lloyd100,reliability_ceiling,tldr17,tldr17,0.3623570487441014
null,vmf_pca100_lloyd100,triviality_ami_layer,tldr17,tldr17,0.0560834973748485
null,vmf_pca100_lloyd100,triviality_ami_dimension,tldr17,tldr17,-0.0005091775221107697
null,vmf_pca100_lloyd100,triviality_ami_hubness,tldr17,tldr17,0.31373449766995026
null,vmf_pca100_lloyd100,triviality_n_effective_networks,tldr17,tldr17,100.0
null,vmf_pca100_lloyd100,triviality_entropy_effective_networks,tldr17,tldr17,66.14536538762276
null,vmf_pca100_lloyd100,triviality_median_max_membership,tldr17,tldr17,0.4
null,vmf_pca100_lloyd100,triviality_frac_confident,tldr17,tldr17,0.254306891025641
null,vmf_pca100_lloyd100_bm_degree,reliability_within,tldr17,tldr17,0.060384697353948975
null,vmf_pca100_lloyd100_bm_degree,reliability_within_coassoc,tldr17,tldr17,0.2232467317318149
null,vmf_pca100_lloyd100_bm_degree,fidelity_within,tldr17,tldr17,0.3526631168801262
null,vmf_pca100_lloyd100_bm_degree,fidelity_within_r,tldr17,tldr17,0.5970870481903875
null,vmf_pca100_lloyd100_bm_degree,fidelity_within_insample,tldr17,tldr17,0.42597004396295113
null,vmf_pca100_lloyd100_bm_degree,reliability_ceiling,tldr17,tldr17,0.323292175576065
null,vmf_pca100_lloyd100_bm_degree,triviality_ami_layer,tldr17,tldr17,0.0585956663910694
null,vmf_pca100_lloyd100_bm_degree,triviality_ami_dimension,tldr17,tldr17,0.00015896432198418944
null,vmf_pca100_lloyd100_bm_degree,triviality_ami_hubness,tldr17,tldr17,0.34879078550024506
null,vmf_pca100_lloyd100_bm_degree,triviality_n_effective_networks,tldr17,tldr17,100.0
null,vmf_pca100_lloyd100_bm_degree,triviality_entropy_effective_networks,tldr17,tldr17,62.2783868390283
null,vmf_pca100_lloyd100_bm_degree,triviality_median_max_membership,tldr17,tldr17,1.0
null,vmf_pca100_lloyd100_bm_degree,triviality_frac_confident,tldr17,tldr17,1.0
null,vmf_pca100_lloyd100_coassoc,reliability_within,tldr17,tldr17,0.15641243202313285
null,vmf_pca100_lloyd100_coassoc,reliability_within_coassoc,tldr17,tldr17,0.2232467317318149
null,vmf_pca100_lloyd100_coassoc,fidelity_within,tldr17,tldr17,0.18240495786775068
null,vmf_pca100_lloyd100_coassoc,fidelity_within_r,tldr17,tldr17,0.42924042729256356
null,vmf_pca100_lloyd100_coassoc,fidelity_within_insample,tldr17,tldr17,0.21841140902867118
null,vmf_pca100_lloyd100_coassoc,reliability_ceiling,tldr17,tldr17,0.49732960219475253
null,vmf_pca100_lloyd100_coassoc,triviality_ami_layer,tldr17,tldr17,0.05517093554631738
null,vmf_pca100_lloyd100_coassoc,triviality_ami_dimension,tldr17,tldr17,0.0005595728253172005
null,vmf_pca100_lloyd100_coassoc,triviality_ami_hubness,tldr17,tldr17,0.31293689660949225
null,vmf_pca100_lloyd100_coassoc,triviality_n_effective_networks,tldr17,tldr17,100.0
null,vmf_pca100_lloyd100_coassoc,triviality_entropy_effective_networks,tldr17,tldr17,51.064070196885005
null,vmf_pca100_lloyd100_coassoc,triviality_median_max_membership,tldr17,tldr17,1.0
null,vmf_pca100_lloyd100_coassoc,triviality_frac_confident,tldr17,tldr17,1.0
null,(ceiling),fidelity_within,lodo_wikitext,lodo_wikitext,-0.16712931345285353
null,(ceiling),fidelity_within_r,lodo_wikitext,lodo_wikitext,0.4240027086516639
null,vmf_pca100_lloyd100,reliability_within,lodo_wikitext,lodo_wikitext,0.0940489107536609
null,vmf_pca100_lloyd100,reliability_within_coassoc,lodo_wikitext,lodo_wikitext,0.36634881206342107
null,vmf_pca100_lloyd100,fidelity_within,lodo_wikitext,lodo_wikitext,0.22003783460565018
null,vmf_pca100_lloyd100,fidelity_within_r,lodo_wikitext,lodo_wikitext,0.4699844842066492
null,vmf_pca100_lloyd100,fidelity_within_insample,lodo_wikitext,lodo_wikitext,0.2426347282641339
null,vmf_pca100_lloyd100,reliability_ceiling,lodo_wikitext,lodo_wikitext,0.309433155415125
null,vmf_pca100_lloyd100,triviality_ami_layer,lodo_wikitext,lodo_wikitext,0.05965573087221119
null,vmf_pca100_lloyd100,triviality_ami_dimension,lodo_wikitext,lodo_wikitext,-0.00017266303020385896
null,vmf_pca100_lloyd100,triviality_ami_hubness,lodo_wikitext,lodo_wikitext,0.2848722205945742
null,vmf_pca100_lloyd100,triviality_n_effective_networks,lodo_wikitext,lodo_wikitext,100.0
null,vmf_pca100_lloyd100,triviality_entropy_effective_networks,lodo_wikitext,lodo_wikitext,60.25986905110008
null,vmf_pca100_lloyd100,triviality_median_max_membership,lodo_wikitext,lodo_wikitext,0.325
null,vmf_pca100_lloyd100,triviality_frac_confident,lodo_wikitext,lodo_wikitext,0.15334535256410256
null,vmf_pca100_lloyd100_bm_degree,reliability_within,lodo_wikitext,lodo_wikitext,0.07540451121216839
null,vmf_pca100_lloyd100_bm_degree,reliability_within_coassoc,lodo_wikitext,lodo_wikitext,0.36634881206342107
null,vmf_pca100_lloyd100_bm_degree,fidelity_within,lodo_wikitext,lodo_wikitext,0.38520990758157914
null,vmf_pca100_lloyd100_bm_degree,fidelity_within_r,lodo_wikitext,lodo_wikitext,0.6220297222666592
null,vmf_pca100_lloyd100_bm_degree,fidelity_within_insample,lodo_wikitext,lodo_wikitext,0.4287712931187099
null,vmf_pca100_lloyd100_bm_degree,reliability_ceiling,lodo_wikitext,lodo_wikitext,0.24746949895135115
null,vmf_pca100_lloyd100_bm_degree,triviality_ami_layer,lodo_wikitext,lodo_wikitext,0.06368613830273898
null,vmf_pca100_lloyd100_bm_degree,triviality_ami_dimension,lodo_wikitext,lodo_wikitext,0.0002620786018269339
null,vmf_pca100_lloyd100_bm_degree,triviality_ami_hubness,lodo_wikitext,lodo_wikitext,0.3181020943282339
null,vmf_pca100_lloyd100_bm_degree,triviality_n_effective_networks,lodo_wikitext,lodo_wikitext,100.0
null,vmf_pca100_lloyd100_bm_degree,triviality_entropy_effective_networks,lodo_wikitext,lodo_wikitext,62.97078988801048
null,vmf_pca100_lloyd100_bm_degree,triviality_median_max_membership,lodo_wikitext,lodo_wikitext,1.0
null,vmf_pca100_lloyd100_bm_degree,triviality_frac_confident,lodo_wikitext,lodo_wikitext,1.0
null,vmf_pca100_lloyd100_coassoc,reliability_within,lodo_wikitext,lodo_wikitext,0.31658056821816916
null,vmf_pca100_lloyd100_coassoc,reliability_within_coassoc,lodo_wikitext,lodo_wikitext,0.36634881206342107
null,vmf_pca100_lloyd100_coassoc,fidelity_within,lodo_wikitext,lodo_wikitext,0.22126187439336575
null,vmf_pca100_lloyd100_coassoc,fidelity_within_r,lodo_wikitext,lodo_wikitext,0.470879920797287
null,vmf_pca100_lloyd100_coassoc,fidelity_within_insample,lodo_wikitext,lodo_wikitext,0.23618851487155657
null,vmf_pca100_lloyd100_coassoc,reliability_ceiling,lodo_wikitext,lodo_wikitext,0.5213023489111741
null,vmf_pca100_lloyd100_coassoc,triviality_ami_layer,lodo_wikitext,lodo_wikitext,0.06153631675529009
null,vmf_pca100_lloyd100_coassoc,triviality_ami_dimension,lodo_wikitext,lodo_wikitext,-2.204688490553129e-05
null,vmf_pca100_lloyd100_coassoc,triviality_ami_hubness,lodo_wikitext,lodo_wikitext,0.29683354062027395
null,vmf_pca100_lloyd100_coassoc,triviality_n_effective_networks,lodo_wikitext,lodo_wikitext,100.0
null,vmf_pca100_lloyd100_coassoc,triviality_entropy_effective_networks,lodo_wikitext,lodo_wikitext,41.01144224587627
null,vmf_pca100_lloyd100_coassoc,triviality_median_max_membership,lodo_wikitext,lodo_wikitext,1.0
null,vmf_pca100_lloyd100_coassoc,triviality_frac_confident,lodo_wikitext,lodo_wikitext,1.0
null,(ceiling),fidelity_within,lodo_bookcorpus,lodo_bookcorpus,-0.2006408372489863
null,(ceiling),fidelity_within_r,lodo_bookcorpus,lodo_bookcorpus,0.40622983613856956
null,vmf_pca100_lloyd100,reliability_within,lodo_bookcorpus,lodo_bookcorpus,0.08087803014536708
null,vmf_pca100_lloyd100,reliability_within_coassoc,lodo_bookcorpus,lodo_bookcorpus,0.36569165229526013
null,vmf_pca100_lloyd100,fidelity_within,lodo_bookcorpus,lodo_bookcorpus,0.22768832262346006
null,vmf_pca100_lloyd100,fidelity_within_r,lodo_bookcorpus,lodo_bookcorpus,0.47783180200883685
null,vmf_pca100_lloyd100,fidelity_within_insample,lodo_bookcorpus,lodo_bookcorpus,0.24753173118637362
null,vmf_pca100_lloyd100,reliability_ceiling,lodo_bookcorpus,lodo_bookcorpus,0.24012965901856956
null,vmf_pca100_lloyd100,triviality_ami_layer,lodo_bookcorpus,lodo_bookcorpus,0.06566439030678028
null,vmf_pca100_lloyd100,triviality_ami_dimension,lodo_bookcorpus,lodo_bookcorpus,-0.0010737366641466663
null,vmf_pca100_lloyd100,triviality_ami_hubness,lodo_bookcorpus,lodo_bookcorpus,0.32786690548086495
null,vmf_pca100_lloyd100,triviality_n_effective_networks,lodo_bookcorpus,lodo_bookcorpus,100.0
null,vmf_pca100_lloyd100,triviality_entropy_effective_networks,lodo_bookcorpus,lodo_bookcorpus,64.40001070053562
null,vmf_pca100_lloyd100,triviality_median_max_membership,lodo_bookcorpus,lodo_bookcorpus,0.3
null,vmf_pca100_lloyd100,triviality_frac_confident,lodo_bookcorpus,lodo_bookcorpus,0.08153044871794872
null,vmf_pca100_lloyd100_bm_degree,reliability_within,lodo_bookcorpus,lodo_bookcorpus,0.06558195052767689
null,vmf_pca100_lloyd100_bm_degree,reliability_within_coassoc,lodo_bookcorpus,lodo_bookcorpus,0.36569165229526013
null,vmf_pca100_lloyd100_bm_degree,fidelity_within,lodo_bookcorpus,lodo_bookcorpus,0.3626390567198621
null,vmf_pca100_lloyd100_bm_degree,fidelity_within_r,lodo_bookcorpus,lodo_bookcorpus,0.6035741530466592
null,vmf_pca100_lloyd100_bm_degree,fidelity_within_insample,lodo_bookcorpus,lodo_bookcorpus,0.4062077244433451
null,vmf_pca100_lloyd100_bm_degree,reliability_ceiling,lodo_bookcorpus,lodo_bookcorpus,0.1836371764023812
null,vmf_pca100_lloyd100_bm_degree,triviality_ami_layer,lodo_bookcorpus,lodo_bookcorpus,0.06877944416900855
null,vmf_pca100_lloyd100_bm_degree,triviality_ami_dimension,lodo_bookcorpus,lodo_bookcorpus,-0.0007309208060103916
null,vmf_pca100_lloyd100_bm_degree,triviality_ami_hubness,lodo_bookcorpus,lodo_bookcorpus,0.3491982067415164
null,vmf_pca100_lloyd100_bm_degree,triviality_n_effective_networks,lodo_bookcorpus,lodo_bookcorpus,100.0
null,vmf_pca100_lloyd100_bm_degree,triviality_entropy_effective_networks,lodo_bookcorpus,lodo_bookcorpus,67.72236446209038
null,vmf_pca100_lloyd100_bm_degree,triviality_median_max_membership,lodo_bookcorpus,lodo_bookcorpus,1.0
null,vmf_pca100_lloyd100_bm_degree,triviality_frac_confident,lodo_bookcorpus,lodo_bookcorpus,1.0
null,vmf_pca100_lloyd100_coassoc,reliability_within,lodo_bookcorpus,lodo_bookcorpus,0.2968871518986263
null,vmf_pca100_lloyd100_coassoc,reliability_within_coassoc,lodo_bookcorpus,lodo_bookcorpus,0.36569165229526013
null,vmf_pca100_lloyd100_coassoc,fidelity_within,lodo_bookcorpus,lodo_bookcorpus,0.23449674123453224
null,vmf_pca100_lloyd100_coassoc,fidelity_within_r,lodo_bookcorpus,lodo_bookcorpus,0.48468240894507547
null,vmf_pca100_lloyd100_coassoc,fidelity_within_insample,lodo_bookcorpus,lodo_bookcorpus,0.24964167313776886
null,vmf_pca100_lloyd100_coassoc,reliability_ceiling,lodo_bookcorpus,lodo_bookcorpus,0.5312590230932169
null,vmf_pca100_lloyd100_coassoc,triviality_ami_layer,lodo_bookcorpus,lodo_bookcorpus,0.0668756947923007
null,vmf_pca100_lloyd100_coassoc,triviality_ami_dimension,lodo_bookcorpus,lodo_bookcorpus,-0.0004761384887940135
null,vmf_pca100_lloyd100_coassoc,triviality_ami_hubness,lodo_bookcorpus,lodo_bookcorpus,0.33355937193790935
null,vmf_pca100_lloyd100_coassoc,triviality_n_effective_networks,lodo_bookcorpus,lodo_bookcorpus,100.0
null,vmf_pca100_lloyd100_coassoc,triviality_entropy_effective_networks,lodo_bookcorpus,lodo_bookcorpus,47.37877509628134
null,vmf_pca100_lloyd100_coassoc,triviality_median_max_membership,lodo_bookcorpus,lodo_bookcorpus,1.0
null,vmf_pca100_lloyd100_coassoc,triviality_frac_confident,lodo_bookcorpus,lodo_bookcorpus,1.0
null,(ceiling),fidelity_within,lodo_agnews,lodo_agnews,-0.1528213725998766
null,(ceiling),fidelity_within_r,lodo_agnews,lodo_agnews,0.4217869773002141
null,vmf_pca100_lloyd100,reliability_within,lodo_agnews,lodo_agnews,0.10036052105141194
null,vmf_pca100_lloyd100,reliability_within_coassoc,lodo_agnews,lodo_agnews,0.37270995505214916
null,vmf_pca100_lloyd100,fidelity_within,lodo_agnews,lodo_agnews,0.22806021238367824
null,vmf_pca100_lloyd100,fidelity_within_r,lodo_agnews,lodo_agnews,0.47790785155364557
null,vmf_pca100_lloyd100,fidelity_within_insample,lodo_agnews,lodo_agnews,0.24766164950870206
null,vmf_pca100_lloyd100,reliability_ceiling,lodo_agnews,lodo_agnews,0.31772293583676275
null,vmf_pca100_lloyd100,triviality_ami_layer,lodo_agnews,lodo_agnews,0.06104300314833627
null,vmf_pca100_lloyd100,triviality_ami_dimension,lodo_agnews,lodo_agnews,7.134222118921256e-06
null,vmf_pca100_lloyd100,triviality_ami_hubness,lodo_agnews,lodo_agnews,0.30871510273658986
null,vmf_pca100_lloyd100,triviality_n_effective_networks,lodo_agnews,lodo_agnews,100.0
null,vmf_pca100_lloyd100,triviality_entropy_effective_networks,lodo_agnews,lodo_agnews,61.603761689422186
null,vmf_pca100_lloyd100,triviality_median_max_membership,lodo_agnews,lodo_agnews,0.325
null,vmf_pca100_lloyd100,triviality_frac_confident,lodo_agnews,lodo_agnews,0.13401442307692307
null,vmf_pca100_lloyd100_bm_degree,reliability_within,lodo_agnews,lodo_agnews,0.07651946419716771
null,vmf_pca100_lloyd100_bm_degree,reliability_within_coassoc,lodo_agnews,lodo_agnews,0.37270995505214916
null,vmf_pca100_lloyd100_bm_degree,fidelity_within,lodo_agnews,lodo_agnews,0.38491126652994745
null,vmf_pca100_lloyd100_bm_degree,fidelity_within_r,lodo_agnews,lodo_agnews,0.620765515953245
null,vmf_pca100_lloyd100_bm_degree,fidelity_within_insample,lodo_agnews,lodo_agnews,0.41422966578296183
null,vmf_pca100_lloyd100_bm_degree,reliability_ceiling,lodo_agnews,lodo_agnews,0.22340211156742518
null,vmf_pca100_lloyd100_bm_degree,triviality_ami_layer,lodo_agnews,lodo_agnews,0.06399517364897783
null,vmf_pca100_lloyd100_bm_degree,triviality_ami_dimension,lodo_agnews,lodo_agnews,0.00018423274111129955
null,vmf_pca100_lloyd100_bm_degree,triviality_ami_hubness,lodo_agnews,lodo_agnews,0.33345738111044515
null,vmf_pca100_lloyd100_bm_degree,triviality_n_effective_networks,lodo_agnews,lodo_agnews,100.0
null,vmf_pca100_lloyd100_bm_degree,triviality_entropy_effective_networks,lodo_agnews,lodo_agnews,64.33600009517332
null,vmf_pca100_lloyd100_bm_degree,triviality_median_max_membership,lodo_agnews,lodo_agnews,1.0
null,vmf_pca100_lloyd100_bm_degree,triviality_frac_confident,lodo_agnews,lodo_agnews,1.0
null,vmf_pca100_lloyd100_coassoc,reliability_within,lodo_agnews,lodo_agnews,0.2797913767354986
null,vmf_pca100_lloyd100_coassoc,reliability_within_coassoc,lodo_agnews,lodo_agnews,0.37270995505214916
null,vmf_pca100_lloyd100_coassoc,fidelity_within,lodo_agnews,lodo_agnews,0.22446734439205862
null,vmf_pca100_lloyd100_coassoc,fidelity_within_r,lodo_agnews,lodo_agnews,0.4739297835018855
null,vmf_pca100_lloyd100_coassoc,fidelity_within_insample,lodo_agnews,lodo_agnews,0.2373364661956172
null,vmf_pca100_lloyd100_coassoc,reliability_ceiling,lodo_agnews,lodo_agnews,0.4658802072004071
null,vmf_pca100_lloyd100_coassoc,triviality_ami_layer,lodo_agnews,lodo_agnews,0.0637547567864901
null,vmf_pca100_lloyd100_coassoc,triviality_ami_dimension,lodo_agnews,lodo_agnews,-0.00031477790036090955
null,vmf_pca100_lloyd100_coassoc,triviality_ami_hubness,lodo_agnews,lodo_agnews,0.3125328095307836
null,vmf_pca100_lloyd100_coassoc,triviality_n_effective_networks,lodo_agnews,lodo_agnews,100.0
null,vmf_pca100_lloyd100_coassoc,triviality_entropy_effective_networks,lodo_agnews,lodo_agnews,42.2118202826023
null,vmf_pca100_lloyd100_coassoc,triviality_median_max_membership,lodo_agnews,lodo_agnews,1.0
null,vmf_pca100_lloyd100_coassoc,triviality_frac_confident,lodo_agnews,lodo_agnews,1.0
null,(ceiling),fidelity_within,lodo_tldr17,lodo_tldr17,-0.16606653339761057
null,(ceiling),fidelity_within_r,lodo_tldr17,lodo_tldr17,0.41715449753897305
null,vmf_pca100_lloyd100,reliability_within,lodo_tldr17,lodo_tldr17,0.09764587215129902
null,vmf_pca100_lloyd100,reliability_within_coassoc,lodo_tldr17,lodo_tldr17,0.35989062904560176
null,vmf_pca100_lloyd100,fidelity_within,lodo_tldr17,lodo_tldr17,0.21130634430201178
null,vmf_pca100_lloyd100,fidelity_within_r,lodo_tldr17,lodo_tldr17,0.46040563124741096
null,vmf_pca100_lloyd100,fidelity_within_insample,lodo_tldr17,lodo_tldr17,0.2362693224803738
null,vmf_pca100_lloyd100,reliability_ceiling,lodo_tldr17,lodo_tldr17,0.3070006702690444
null,vmf_pca100_lloyd100,triviality_ami_layer,lodo_tldr17,lodo_tldr17,0.05782890453531961
null,vmf_pca100_lloyd100,triviality_ami_dimension,lodo_tldr17,lodo_tldr17,-0.0010574246796410352
null,vmf_pca100_lloyd100,triviality_ami_hubness,lodo_tldr17,lodo_tldr17,0.26625655165614137
null,vmf_pca100_lloyd100,triviality_n_effective_networks,lodo_tldr17,lodo_tldr17,100.0
null,vmf_pca100_lloyd100,triviality_entropy_effective_networks,lodo_tldr17,lodo_tldr17,61.172914121036705
null,vmf_pca100_lloyd100,triviality_median_max_membership,lodo_tldr17,lodo_tldr17,0.325
null,vmf_pca100_lloyd100,triviality_frac_confident,lodo_tldr17,lodo_tldr17,0.14393028846153846
null,vmf_pca100_lloyd100_bm_degree,reliability_within,lodo_tldr17,lodo_tldr17,0.07360451265482185
null,vmf_pca100_lloyd100_bm_degree,reliability_within_coassoc,lodo_tldr17,lodo_tldr17,0.35989062904560176
null,vmf_pca100_lloyd100_bm_degree,fidelity_within,lodo_tldr17,lodo_tldr17,0.3865487792004123
null,vmf_pca100_lloyd100_bm_degree,fidelity_within_r,lodo_tldr17,lodo_tldr17,0.622084775155203
null,vmf_pca100_lloyd100_bm_degree,fidelity_within_insample,lodo_tldr17,lodo_tldr17,0.41328220398336646
null,vmf_pca100_lloyd100_bm_degree,reliability_ceiling,lodo_tldr17,lodo_tldr17,0.21607930504908124
null,vmf_pca100_lloyd100_bm_degree,triviality_ami_layer,lodo_tldr17,lodo_tldr17,0.06573713833623471
null,vmf_pca100_lloyd100_bm_degree,triviality_ami_dimension,lodo_tldr17,lodo_tldr17,7.94514541671025e-05
null,vmf_pca100_lloyd100_bm_degree,triviality_ami_hubness,lodo_tldr17,lodo_tldr17,0.31344052846916187
null,vmf_pca100_lloyd100_bm_degree,triviality_n_effective_networks,lodo_tldr17,lodo_tldr17,100.0
null,vmf_pca100_lloyd100_bm_degree,triviality_entropy_effective_networks,lodo_tldr17,lodo_tldr17,66.8528847294252
null,vmf_pca100_lloyd100_bm_degree,triviality_median_max_membership,lodo_tldr17,lodo_tldr17,1.0
null,vmf_pca100_lloyd100_bm_degree,triviality_frac_confident,lodo_tldr17,lodo_tldr17,1.0
null,vmf_pca100_lloyd100_coassoc,reliability_within,lodo_tldr17,lodo_tldr17,0.2444179410504856
null,vmf_pca100_lloyd100_coassoc,reliability_within_coassoc,lodo_tldr17,lodo_tldr17,0.35989062904560176
null,vmf_pca100_lloyd100_coassoc,fidelity_within,lodo_tldr17,lodo_tldr17,0.19858648390011502
null,vmf_pca100_lloyd100_coassoc,fidelity_within_r,lodo_tldr17,lodo_tldr17,0.4459340521717277
null,vmf_pca100_lloyd100_coassoc,fidelity_within_insample,lodo_tldr17,lodo_tldr17,0.2136639362698648
null,vmf_pca100_lloyd100_coassoc,reliability_ceiling,lodo_tldr17,lodo_tldr17,0.5332050294831423
null,vmf_pca100_lloyd100_coassoc,triviality_ami_layer,lodo_tldr17,lodo_tldr17,0.06095902335154655
null,vmf_pca100_lloyd100_coassoc,triviality_ami_dimension,lodo_tldr17,lodo_tldr17,-0.000413875618432242
null,vmf_pca100_lloyd100_coassoc,triviality_ami_hubness,lodo_tldr17,lodo_tldr17,0.2722744853369008
null,vmf_pca100_lloyd100_coassoc,triviality_n_effective_networks,lodo_tldr17,lodo_tldr17,100.0
null,vmf_pca100_lloyd100_coassoc,triviality_entropy_effective_networks,lodo_tldr17,lodo_tldr17,42.04691801530467
null,vmf_pca100_lloyd100_coassoc,triviality_median_max_membership,lodo_tldr17,lodo_tldr17,1.0
null,vmf_pca100_lloyd100_coassoc,triviality_frac_confident,lodo_tldr17,lodo_tldr17,1.0
null,(ceiling),fidelity_within,pair_wikitext_bookcorpus,pair_wikitext_bookcorpus,-0.1350619728457607
null,(ceiling),fidelity_within_r,pair_wikitext_bookcorpus,pair_wikitext_bookcorpus,0.4292827221686837
null,vmf_pca100_lloyd100,reliability_within,pair_wikitext_bookcorpus,pair_wikitext_bookcorpus,0.09542689776873259
null,vmf_pca100_lloyd100,reliability_within_coassoc,pair_wikitext_bookcorpus,pair_wikitext_bookcorpus,0.31425209955521705
null,vmf_pca100_lloyd100,fidelity_within,pair_wikitext_bookcorpus,pair_wikitext_bookcorpus,0.21695723904053132
null,vmf_pca100_lloyd100,fidelity_within_r,pair_wikitext_bookcorpus,pair_wikitext_bookcorpus,0.46629836740479286
null,vmf_pca100_lloyd100,fidelity_within_insample,pair_wikitext_bookcorpus,pair_wikitext_bookcorpus,0.2409737983537259
null,vmf_pca100_lloyd100,reliability_ceiling,pair_wikitext_bookcorpus,pair_wikitext_bookcorpus,0.35878994037447726
null,vmf_pca100_lloyd100,triviality_ami_layer,pair_wikitext_bookcorpus,pair_wikitext_bookcorpus,0.056613514216898954
null,vmf_pca100_lloyd100,triviality_ami_dimension,pair_wikitext_bookcorpus,pair_wikitext_bookcorpus,-0.0010675134504277285
null,vmf_pca100_lloyd100,triviality_ami_hubness,pair_wikitext_bookcorpus,pair_wikitext_bookcorpus,0.2586730268369728
null,vmf_pca100_lloyd100,triviality_n_effective_networks,pair_wikitext_bookcorpus,pair_wikitext_bookcorpus,100.0
null,vmf_pca100_lloyd100,triviality_entropy_effective_networks,pair_wikitext_bookcorpus,pair_wikitext_bookcorpus,60.44122839277338
null,vmf_pca100_lloyd100,triviality_median_max_membership,pair_wikitext_bookcorpus,pair_wikitext_bookcorpus,0.375
null,vmf_pca100_lloyd100,triviality_frac_confident,pair_wikitext_bookcorpus,pair_wikitext_bookcorpus,0.22966746794871795
null,vmf_pca100_lloyd100_bm_degree,reliability_within,pair_wikitext_bookcorpus,pair_wikitext_bookcorpus,0.08241544559842906
null,vmf_pca100_lloyd100_bm_degree,reliability_within_coassoc,pair_wikitext_bookcorpus,pair_wikitext_bookcorpus,0.31425209955521705
null,vmf_pca100_lloyd100_bm_degree,fidelity_within,pair_wikitext_bookcorpus,pair_wikitext_bookcorpus,0.38230500437313375
null,vmf_pca100_lloyd100_bm_degree,fidelity_within_r,pair_wikitext_bookcorpus,pair_wikitext_bookcorpus,0.6188881091962185
null,vmf_pca100_lloyd100_bm_degree,fidelity_within_insample,pair_wikitext_bookcorpus,pair_wikitext_bookcorpus,0.42161225283030224
null,vmf_pca100_lloyd100_bm_degree,reliability_ceiling,pair_wikitext_bookcorpus,pair_wikitext_bookcorpus,0.3205214534896141
null,vmf_pca100_lloyd100_bm_degree,triviality_ami_layer,pair_wikitext_bookcorpus,pair_wikitext_bookcorpus,0.060323890060742014
null,vmf_pca100_lloyd100_bm_degree,triviality_ami_dimension,pair_wikitext_bookcorpus,pair_wikitext_bookcorpus,0.0007380622436366418
null,vmf_pca100_lloyd100_bm_degree,triviality_ami_hubness,pair_wikitext_bookcorpus,pair_wikitext_bookcorpus,0.29903622063814284
null,vmf_pca100_lloyd100_bm_degree,triviality_n_effective_networks,pair_wikitext_bookcorpus,pair_wikitext_bookcorpus,100.0
null,vmf_pca100_lloyd100_bm_degree,triviality_entropy_effective_networks,pair_wikitext_bookcorpus,pair_wikitext_bookcorpus,62.31322046267602
null,vmf_pca100_lloyd100_bm_degree,triviality_median_max_membership,pair_wikitext_bookcorpus,pair_wikitext_bookcorpus,1.0
null,vmf_pca100_lloyd100_bm_degree,triviality_frac_confident,pair_wikitext_bookcorpus,pair_wikitext_bookcorpus,1.0
null,vmf_pca100_lloyd100_coassoc,reliability_within,pair_wikitext_bookcorpus,pair_wikitext_bookcorpus,0.26831492714959027
null,vmf_pca100_lloyd100_coassoc,reliability_within_coassoc,pair_wikitext_bookcorpus,pair_wikitext_bookcorpus,0.31425209955521705
null,vmf_pca100_lloyd100_coassoc,fidelity_within,pair_wikitext_bookcorpus,pair_wikitext_bookcorpus,0.20303068575972816
null,vmf_pca100_lloyd100_coassoc,fidelity_within_r,pair_wikitext_bookcorpus,pair_wikitext_bookcorpus,0.4508268834417845
null,vmf_pca100_lloyd100_coassoc,fidelity_within_insample,pair_wikitext_bookcorpus,pair_wikitext_bookcorpus,0.21910623184480105
null,vmf_pca100_lloyd100_coassoc,reliability_ceiling,pair_wikitext_bookcorpus,pair_wikitext_bookcorpus,0.5309852779522705
null,vmf_pca100_lloyd100_coassoc,triviality_ami_layer,pair_wikitext_bookcorpus,pair_wikitext_bookcorpus,0.0576040476350018
null,vmf_pca100_lloyd100_coassoc,triviality_ami_dimension,pair_wikitext_bookcorpus,pair_wikitext_bookcorpus,-0.0015527120194148512
null,vmf_pca100_lloyd100_coassoc,triviality_ami_hubness,pair_wikitext_bookcorpus,pair_wikitext_bookcorpus,0.2626732431241236
null,vmf_pca100_lloyd100_coassoc,triviality_n_effective_networks,pair_wikitext_bookcorpus,pair_wikitext_bookcorpus,100.0
null,vmf_pca100_lloyd100_coassoc,triviality_entropy_effective_networks,pair_wikitext_bookcorpus,pair_wikitext_bookcorpus,43.921757173988986
null,vmf_pca100_lloyd100_coassoc,triviality_median_max_membership,pair_wikitext_bookcorpus,pair_wikitext_bookcorpus,1.0
null,vmf_pca100_lloyd100_coassoc,triviality_frac_confident,pair_wikitext_bookcorpus,pair_wikitext_bookcorpus,1.0
null,(ceiling),fidelity_within,pair_agnews_tldr17,pair_agnews_tldr17,-0.2032778471750647
null,(ceiling),fidelity_within_r,pair_agnews_tldr17,pair_agnews_tldr17,0.409451400069308
null,vmf_pca100_lloyd100,reliability_within,pair_agnews_tldr17,pair_agnews_tldr17,0.07532880074264584
null,vmf_pca100_lloyd100,reliability_within_coassoc,pair_agnews_tldr17,pair_agnews_tldr17,0.3068986314371274
null,vmf_pca100_lloyd100,fidelity_within,pair_agnews_tldr17,pair_agnews_tldr17,0.20838310227257462
null,vmf_pca100_lloyd100,fidelity_within_r,pair_agnews_tldr17,pair_agnews_tldr17,0.458728810176136
null,vmf_pca100_lloyd100,fidelity_within_insample,pair_agnews_tldr17,pair_agnews_tldr17,0.24475641403172455
null,vmf_pca100_lloyd100,reliability_ceiling,pair_agnews_tldr17,pair_agnews_tldr17,0.2812887544680514
null,vmf_pca100_lloyd100,triviality_ami_layer,pair_agnews_tldr17,pair_agnews_tldr17,0.06148996302749576
null,vmf_pca100_lloyd100,triviality_ami_dimension,pair_agnews_tldr17,pair_agnews_tldr17,0.0006229346768313905
null,vmf_pca100_lloyd100,triviality_ami_hubness,pair_agnews_tldr17,pair_agnews_tldr17,0.3108257569369877
null,vmf_pca100_lloyd100,triviality_n_effective_networks,pair_agnews_tldr17,pair_agnews_tldr17,100.0
null,vmf_pca100_lloyd100,triviality_entropy_effective_networks,pair_agnews_tldr17,pair_agnews_tldr17,65.58739610298397
null,vmf_pca100_lloyd100,triviality_median_max_membership,pair_agnews_tldr17,pair_agnews_tldr17,0.3
null,vmf_pca100_lloyd100,triviality_frac_confident,pair_agnews_tldr17,pair_agnews_tldr17,0.13040865384615385
null,vmf_pca100_lloyd100_bm_degree,reliability_within,pair_agnews_tldr17,pair_agnews_tldr17,0.0607871931873697
null,vmf_pca100_lloyd100_bm_degree,reliability_within_coassoc,pair_agnews_tldr17,pair_agnews_tldr17,0.3068986314371274
null,vmf_pca100_lloyd100_bm_degree,fidelity_within,pair_agnews_tldr17,pair_agnews_tldr17,0.35475097470550376
null,vmf_pca100_lloyd100_bm_degree,fidelity_within_r,pair_agnews_tldr17,pair_agnews_tldr17,0.5989573371927873
null,vmf_pca100_lloyd100_bm_degree,fidelity_within_insample,pair_agnews_tldr17,pair_agnews_tldr17,0.4226193855719169
null,vmf_pca100_lloyd100_bm_degree,reliability_ceiling,pair_agnews_tldr17,pair_agnews_tldr17,0.22157512810393853
null,vmf_pca100_lloyd100_bm_degree,triviality_ami_layer,pair_agnews_tldr17,pair_agnews_tldr17,0.06210650721865397
null,vmf_pca100_lloyd100_bm_degree,triviality_ami_dimension,pair_agnews_tldr17,pair_agnews_tldr17,-0.0008146667572919728
null,vmf_pca100_lloyd100_bm_degree,triviality_ami_hubness,pair_agnews_tldr17,pair_agnews_tldr17,0.336196176120513
null,vmf_pca100_lloyd100_bm_degree,triviality_n_effective_networks,pair_agnews_tldr17,pair_agnews_tldr17,100.0
null,vmf_pca100_lloyd100_bm_degree,triviality_entropy_effective_networks,pair_agnews_tldr17,pair_agnews_tldr17,67.95120582571566
null,vmf_pca100_lloyd100_bm_degree,triviality_median_max_membership,pair_agnews_tldr17,pair_agnews_tldr17,1.0
null,vmf_pca100_lloyd100_bm_degree,triviality_frac_confident,pair_agnews_tldr17,pair_agnews_tldr17,1.0
null,vmf_pca100_lloyd100_coassoc,reliability_within,pair_agnews_tldr17,pair_agnews_tldr17,0.20267892340402036
null,vmf_pca100_lloyd100_coassoc,reliability_within_coassoc,pair_agnews_tldr17,pair_agnews_tldr17,0.3068986314371274
null,vmf_pca100_lloyd100_coassoc,fidelity_within,pair_agnews_tldr17,pair_agnews_tldr17,0.21413647111374512
null,vmf_pca100_lloyd100_coassoc,fidelity_within_r,pair_agnews_tldr17,pair_agnews_tldr17,0.46387716562968695
null,vmf_pca100_lloyd100_coassoc,fidelity_within_insample,pair_agnews_tldr17,pair_agnews_tldr17,0.237206557749845
null,vmf_pca100_lloyd100_coassoc,reliability_ceiling,pair_agnews_tldr17,pair_agnews_tldr17,0.5072687751070798
null,vmf_pca100_lloyd100_coassoc,triviality_ami_layer,pair_agnews_tldr17,pair_agnews_tldr17,0.06141943744983918
null,vmf_pca100_lloyd100_coassoc,triviality_ami_dimension,pair_agnews_tldr17,pair_agnews_tldr17,5.7172595874275494e-05
null,vmf_pca100_lloyd100_coassoc,triviality_ami_hubness,pair_agnews_tldr17,pair_agnews_tldr17,0.3143428533531315
null,vmf_pca100_lloyd100_coassoc,triviality_n_effective_networks,pair_agnews_tldr17,pair_agnews_tldr17,100.0
null,vmf_pca100_lloyd100_coassoc,triviality_entropy_effective_networks,pair_agnews_tldr17,pair_agnews_tldr17,48.84537319551461
null,vmf_pca100_lloyd100_coassoc,triviality_median_max_membership,pair_agnews_tldr17,pair_agnews_tldr17,1.0
null,vmf_pca100_lloyd100_coassoc,triviality_frac_confident,pair_agnews_tldr17,pair_agnews_tldr17,1.0
null,(ceiling),fidelity_within,pair_wikitext_agnews,pair_wikitext_agnews,-0.18959865080087845
null,(ceiling),fidelity_within_r,pair_wikitext_agnews,pair_wikitext_agnews,0.408400383446607
null,vmf_pca100_lloyd100,reliability_within,pair_wikitext_agnews,pair_wikitext_agnews,0.07283602367196997
null,vmf_pca100_lloyd100,reliability_within_coassoc,pair_wikitext_agnews,pair_wikitext_agnews,0.2867814007831701
null,vmf_pca100_lloyd100,fidelity_within,pair_wikitext_agnews,pair_wikitext_agnews,0.2211109391461631
null,vmf_pca100_lloyd100,fidelity_within_r,pair_wikitext_agnews,pair_wikitext_agnews,0.47119692436379934
null,vmf_pca100_lloyd100,fidelity_within_insample,pair_wikitext_agnews,pair_wikitext_agnews,0.24876977846628745
null,vmf_pca100_lloyd100,reliability_ceiling,pair_wikitext_agnews,pair_wikitext_agnews,0.30682884943860833
null,vmf_pca100_lloyd100,triviality_ami_layer,pair_wikitext_agnews,pair_wikitext_agnews,0.060116564765224444
null,vmf_pca100_lloyd100,triviality_ami_dimension,pair_wikitext_agnews,pair_wikitext_agnews,-0.0002411758924388907
null,vmf_pca100_lloyd100,triviality_ami_hubness,pair_wikitext_agnews,pair_wikitext_agnews,0.29026762909252
null,vmf_pca100_lloyd100,triviality_n_effective_networks,pair_wikitext_agnews,pair_wikitext_agnews,100.0
null,vmf_pca100_lloyd100,triviality_entropy_effective_networks,pair_wikitext_agnews,pair_wikitext_agnews,62.285391513873904
null,vmf_pca100_lloyd100,triviality_median_max_membership,pair_wikitext_agnews,pair_wikitext_agnews,0.35
null,vmf_pca100_lloyd100,triviality_frac_confident,pair_wikitext_agnews,pair_wikitext_agnews,0.16306089743589744
null,vmf_pca100_lloyd100_bm_degree,reliability_within,pair_wikitext_agnews,pair_wikitext_agnews,0.06691300145225695
null,vmf_pca100_lloyd100_bm_degree,reliability_within_coassoc,pair_wikitext_agnews,pair_wikitext_agnews,0.2867814007831701
null,vmf_pca100_lloyd100_bm_degree,fidelity_within,pair_wikitext_agnews,pair_wikitext_agnews,0.3616547592982542
null,vmf_pca100_lloyd100_bm_degree,fidelity_within_r,pair_wikitext_agnews,pair_wikitext_agnews,0.6028280165710447
null,vmf_pca100_lloyd100_bm_degree,fidelity_within_insample,pair_wikitext_agnews,pair_wikitext_agnews,0.4110987104854459
null,vmf_pca100_lloyd100_bm_degree,reliability_ceiling,pair_wikitext_agnews,pair_wikitext_agnews,0.25116334569770243
null,vmf_pca100_lloyd100_bm_degree,triviality_ami_layer,pair_wikitext_agnews,pair_wikitext_agnews,0.06751380887625841
null,vmf_pca100_lloyd100_bm_degree,triviality_ami_dimension,pair_wikitext_agnews,pair_wikitext_agnews,0.00013792041596176217
null,vmf_pca100_lloyd100_bm_degree,triviality_ami_hubness,pair_wikitext_agnews,pair_wikitext_agnews,0.3264700959676466
null,vmf_pca100_lloyd100_bm_degree,triviality_n_effective_networks,pair_wikitext_agnews,pair_wikitext_agnews,100.0
null,vmf_pca100_lloyd100_bm_degree,triviality_entropy_effective_networks,pair_wikitext_agnews,pair_wikitext_agnews,65.4327174708055
null,vmf_pca100_lloyd100_bm_degree,triviality_median_max_membership,pair_wikitext_agnews,pair_wikitext_agnews,1.0
null,vmf_pca100_lloyd100_bm_degree,triviality_frac_confident,pair_wikitext_agnews,pair_wikitext_agnews,1.0
null,vmf_pca100_lloyd100_coassoc,reliability_within,pair_wikitext_agnews,pair_wikitext_agnews,0.1934501664739256
null,vmf_pca100_lloyd100_coassoc,reliability_within_coassoc,pair_wikitext_agnews,pair_wikitext_agnews,0.2867814007831701
null,vmf_pca100_lloyd100_coassoc,fidelity_within,pair_wikitext_agnews,pair_wikitext_agnews,0.20900106140300834
null,vmf_pca100_lloyd100_coassoc,fidelity_within_r,pair_wikitext_agnews,pair_wikitext_agnews,0.4576513239969786
null,vmf_pca100_lloyd100_coassoc,fidelity_within_insample,pair_wikitext_agnews,pair_wikitext_agnews,0.2267170065191686
null,vmf_pca100_lloyd100_coassoc,reliability_ceiling,pair_wikitext_agnews,pair_wikitext_agnews,0.5302851750040287
null,vmf_pca100_lloyd100_coassoc,triviality_ami_layer,pair_wikitext_agnews,pair_wikitext_agnews,0.06302382546520974
null,vmf_pca100_lloyd100_coassoc,triviality_ami_dimension,pair_wikitext_agnews,pair_wikitext_agnews,-4.0502021549605436e-05
null,vmf_pca100_lloyd100_coassoc,triviality_ami_hubness,pair_wikitext_agnews,pair_wikitext_agnews,0.2906225812266145
null,vmf_pca100_lloyd100_coassoc,triviality_n_effective_networks,pair_wikitext_agnews,pair_wikitext_agnews,100.0
null,vmf_pca100_lloyd100_coassoc,triviality_entropy_effective_networks,pair_wikitext_agnews,pair_wikitext_agnews,48.197072782481236
null,vmf_pca100_lloyd100_coassoc,triviality_median_max_membership,pair_wikitext_agnews,pair_wikitext_agnews,1.0
null,vmf_pca100_lloyd100_coassoc,triviality_frac_confident,pair_wikitext_agnews,pair_wikitext_agnews,1.0
null,(ceiling),fidelity_within,pair_bookcorpus_tldr17,pair_bookcorpus_tldr17,-0.14915761876579658
null,(ceiling),fidelity_within_r,pair_bookcorpus_tldr17,pair_bookcorpus_tldr17,0.42744862128283617
null,vmf_pca100_lloyd100,reliability_within,pair_bookcorpus_tldr17,pair_bookcorpus_tldr17,0.10340857533592332
null,vmf_pca100_lloyd100,reliability_within_coassoc,pair_bookcorpus_tldr17,pair_bookcorpus_tldr17,0.3261174854492467
null,vmf_pca100_lloyd100,fidelity_within,pair_bookcorpus_tldr17,pair_bookcorpus_tldr17,0.20430752756384107
null,vmf_pca100_lloyd100,fidelity_within_r,pair_bookcorpus_tldr17,pair_bookcorpus_tldr17,0.4532656338307582
null,vmf_pca100_lloyd100,fidelity_within_insample,pair_bookcorpus_tldr17,pair_bookcorpus_tldr17,0.23536591927612793
null,vmf_pca100_lloyd100,reliability_ceiling,pair_bookcorpus_tldr17,pair_bookcorpus_tldr17,0.3729263126139671
null,vmf_pca100_lloyd100,triviality_ami_layer,pair_bookcorpus_tldr17,pair_bookcorpus_tldr17,0.05355385147045656
null,vmf_pca100_lloyd100,triviality_ami_dimension,pair_bookcorpus_tldr17,pair_bookcorpus_tldr17,-0.00020078674081250417
null,vmf_pca100_lloyd100,triviality_ami_hubness,pair_bookcorpus_tldr17,pair_bookcorpus_tldr17,0.28766448856486865
null,vmf_pca100_lloyd100,triviality_n_effective_networks,pair_bookcorpus_tldr17,pair_bookcorpus_tldr17,100.0
null,vmf_pca100_lloyd100,triviality_entropy_effective_networks,pair_bookcorpus_tldr17,pair_bookcorpus_tldr17,59.29488087973994
null,vmf_pca100_lloyd100,triviality_median_max_membership,pair_bookcorpus_tldr17,pair_bookcorpus_tldr17,0.375
null,vmf_pca100_lloyd100,triviality_frac_confident,pair_bookcorpus_tldr17,pair_bookcorpus_tldr17,0.23868189102564102
null,vmf_pca100_lloyd100_bm_degree,reliability_within,pair_bookcorpus_tldr17,pair_bookcorpus_tldr17,0.0891150781185013
null,vmf_pca100_lloyd100_bm_degree,reliability_within_coassoc,pair_bookcorpus_tldr17,pair_bookcorpus_tldr17,0.3261174854492467
null,vmf_pca100_lloyd100_bm_degree,fidelity_within,pair_bookcorpus_tldr17,pair_bookcorpus_tldr17,0.3793323907916273
null,vmf_pca100_lloyd100_bm_degree,fidelity_within_r,pair_bookcorpus_tldr17,pair_bookcorpus_tldr17,0.6170881074536343
null,vmf_pca100_lloyd100_bm_degree,fidelity_within_insample,pair_bookcorpus_tldr17,pair_bookcorpus_tldr17,0.4262596297251209
null,vmf_pca100_lloyd100_bm_degree,reliability_ceiling,pair_bookcorpus_tldr17,pair_bookcorpus_tldr17,0.2944360423077277
null,vmf_pca100_lloyd100_bm_degree,triviality_ami_layer,pair_bookcorpus_tldr17,pair_bookcorpus_tldr17,0.054873830069546665
null,vmf_pca100_lloyd100_bm_degree,triviality_ami_dimension,pair_bookcorpus_tldr17,pair_bookcorpus_tldr17,-1.8328632615757195e-05
null,vmf_pca100_lloyd100_bm_degree,triviality_ami_hubness,pair_bookcorpus_tldr17,pair_bookcorpus_tldr17,0.31632713211294206
null,vmf_pca100_lloyd100_bm_degree,triviality_n_effective_networks,pair_bookcorpus_tldr17,pair_bookcorpus_tldr17,100.0
null,vmf_pca100_lloyd100_bm_degree,triviality_entropy_effective_networks,pair_bookcorpus_tldr17,pair_bookcorpus_tldr17,61.06456467656869
null,vmf_pca100_lloyd100_bm_degree,triviality_median_max_membership,pair_bookcorpus_tldr17,pair_bookcorpus_tldr17,1.0
null,vmf_pca100_lloyd100_bm_degree,triviality_frac_confident,pair_bookcorpus_tldr17,pair_bookcorpus_tldr17,1.0
null,vmf_pca100_lloyd100_coassoc,reliability_within,pair_bookcorpus_tldr17,pair_bookcorpus_tldr17,0.34180769479494244
null,vmf_pca100_lloyd100_coassoc,reliability_within_coassoc,pair_bookcorpus_tldr17,pair_bookcorpus_tldr17,0.3261174854492467
null,vmf_pca100_lloyd100_coassoc,fidelity_within,pair_bookcorpus_tldr17,pair_bookcorpus_tldr17,0.21079493224364176
null,vmf_pca100_lloyd100_coassoc,fidelity_within_r,pair_bookcorpus_tldr17,pair_bookcorpus_tldr17,0.45988451547119746
null,vmf_pca100_lloyd100_coassoc,fidelity_within_insample,pair_bookcorpus_tldr17,pair_bookcorpus_tldr17,0.23459182267842504
null,vmf_pca100_lloyd100_coassoc,reliability_ceiling,pair_bookcorpus_tldr17,pair_bookcorpus_tldr17,0.6087680895206694
null,vmf_pca100_lloyd100_coassoc,triviality_ami_layer,pair_bookcorpus_tldr17,pair_bookcorpus_tldr17,0.05658789237705279
null,vmf_pca100_lloyd100_coassoc,triviality_ami_dimension,pair_bookcorpus_tldr17,pair_bookcorpus_tldr17,0.0003496915898580275
null,vmf_pca100_lloyd100_coassoc,triviality_ami_hubness,pair_bookcorpus_tldr17,pair_bookcorpus_tldr17,0.2891462481154098
null,vmf_pca100_lloyd100_coassoc,triviality_n_effective_networks,pair_bookcorpus_tldr17,pair_bookcorpus_tldr17,100.0
null,vmf_pca100_lloyd100_coassoc,triviality_entropy_effective_networks,pair_bookcorpus_tldr17,pair_bookcorpus_tldr17,37.657172141346614
null,vmf_pca100_lloyd100_coassoc,triviality_median_max_membership,pair_bookcorpus_tldr17,pair_bookcorpus_tldr17,1.0
null,vmf_pca100_lloyd100_coassoc,triviality_frac_confident,pair_bookcorpus_tldr17,pair_bookcorpus_tldr17,1.0
null,(ceiling),fidelity_within,pair_wikitext_tldr17,pair_wikitext_tldr17,-0.18694880845862394
null,(ceiling),fidelity_within_r,pair_wikitext_tldr17,pair_wikitext_tldr17,0.40757422070201
null,vmf_pca100_lloyd100,reliability_within,pair_wikitext_tldr17,pair_wikitext_tldr17,0.07896795372839532
null,vmf_pca100_lloyd100,reliability_within_coassoc,pair_wikitext_tldr17,pair_wikitext_tldr17,0.29880542396271426
null,vmf_pca100_lloyd100,fidelity_within,pair_wikitext_tldr17,pair_wikitext_tldr17,0.214465282376183
null,vmf_pca100_lloyd100,fidelity_within_r,pair_wikitext_tldr17,pair_wikitext_tldr17,0.46408496626960954
null,vmf_pca100_lloyd100,fidelity_within_insample,pair_wikitext_tldr17,pair_wikitext_tldr17,0.24329884945905467
null,vmf_pca100_lloyd100,reliability_ceiling,pair_wikitext_tldr17,pair_wikitext_tldr17,0.34594328571144467
null,vmf_pca100_lloyd100,triviality_ami_layer,pair_wikitext_tldr17,pair_wikitext_tldr17,0.0627285326192595
null,vmf_pca100_lloyd100,triviality_ami_dimension,pair_wikitext_tldr17,pair_wikitext_tldr17,-0.0006126476115898278
null,vmf_pca100_lloyd100,triviality_ami_hubness,pair_wikitext_tldr17,pair_wikitext_tldr17,0.3268466074600764
null,vmf_pca100_lloyd100,triviality_n_effective_networks,pair_wikitext_tldr17,pair_wikitext_tldr17,100.0
null,vmf_pca100_lloyd100,triviality_entropy_effective_networks,pair_wikitext_tldr17,pair_wikitext_tldr17,65.04201862206695
null,vmf_pca100_lloyd100,triviality_median_max_membership,pair_wikitext_tldr17,pair_wikitext_tldr17,0.325
null,vmf_pca100_lloyd100,triviality_frac_confident,pair_wikitext_tldr17,pair_wikitext_tldr17,0.17147435897435898
null,vmf_pca100_lloyd100_bm_degree,reliability_within,pair_wikitext_tldr17,pair_wikitext_tldr17,0.06340279681866821
null,vmf_pca100_lloyd100_bm_degree,reliability_within_coassoc,pair_wikitext_tldr17,pair_wikitext_tldr17,0.29880542396271426
null,vmf_pca100_lloyd100_bm_degree,fidelity_within,pair_wikitext_tldr17,pair_wikitext_tldr17,0.36222352070188435
null,vmf_pca100_lloyd100_bm_degree,fidelity_within_r,pair_wikitext_tldr17,pair_wikitext_tldr17,0.6029056966586995
null,vmf_pca100_lloyd100_bm_degree,fidelity_within_insample,pair_wikitext_tldr17,pair_wikitext_tldr17,0.4062045226549119
null,vmf_pca100_lloyd100_bm_degree,reliability_ceiling,pair_wikitext_tldr17,pair_wikitext_tldr17,0.2453743552893461
null,vmf_pca100_lloyd100_bm_degree,triviality_ami_layer,pair_wikitext_tldr17,pair_wikitext_tldr17,0.06713224587070013
null,vmf_pca100_lloyd100_bm_degree,triviality_ami_dimension,pair_wikitext_tldr17,pair_wikitext_tldr17,-0.0014038754868746155
null,vmf_pca100_lloyd100_bm_degree,triviality_ami_hubness,pair_wikitext_tldr17,pair_wikitext_tldr17,0.356557544366854
null,vmf_pca100_lloyd100_bm_degree,triviality_n_effective_networks,pair_wikitext_tldr17,pair_wikitext_tldr17,100.0
null,vmf_pca100_lloyd100_bm_degree,triviality_entropy_effective_networks,pair_wikitext_tldr17,pair_wikitext_tldr17,68.52560185598911
null,vmf_pca100_lloyd100_bm_degree,triviality_median_max_membership,pair_wikitext_tldr17,pair_wikitext_tldr17,1.0
null,vmf_pca100_lloyd100_bm_degree,triviality_frac_confident,pair_wikitext_tldr17,pair_wikitext_tldr17,1.0
null,vmf_pca100_lloyd100_coassoc,reliability_within,pair_wikitext_tldr17,pair_wikitext_tldr17,0.2467098386199025
null,vmf_pca100_lloyd100_coassoc,reliability_within_coassoc,pair_wikitext_tldr17,pair_wikitext_tldr17,0.29880542396271426
null,vmf_pca100_lloyd100_coassoc,fidelity_within,pair_wikitext_tldr17,pair_wikitext_tldr17,0.2213386320083649
null,vmf_pca100_lloyd100_coassoc,fidelity_within_r,pair_wikitext_tldr17,pair_wikitext_tldr17,0.47081277489517037
null,vmf_pca100_lloyd100_coassoc,fidelity_within_insample,pair_wikitext_tldr17,pair_wikitext_tldr17,0.2379542543341161
null,vmf_pca100_lloyd100_coassoc,reliability_ceiling,pair_wikitext_tldr17,pair_wikitext_tldr17,0.5153694212275863
null,vmf_pca100_lloyd100_coassoc,triviality_ami_layer,pair_wikitext_tldr17,pair_wikitext_tldr17,0.06495426192785085
null,vmf_pca100_lloyd100_coassoc,triviality_ami_dimension,pair_wikitext_tldr17,pair_wikitext_tldr17,-0.0022362874069331335
null,vmf_pca100_lloyd100_coassoc,triviality_ami_hubness,pair_wikitext_tldr17,pair_wikitext_tldr17,0.32873065852769956
null,vmf_pca100_lloyd100_coassoc,triviality_n_effective_networks,pair_wikitext_tldr17,pair_wikitext_tldr17,100.0
null,vmf_pca100_lloyd100_coassoc,triviality_entropy_effective_networks,pair_wikitext_tldr17,pair_wikitext_tldr17,48.19400564903722
null,vmf_pca100_lloyd100_coassoc,triviality_median_max_membership,pair_wikitext_tldr17,pair_wikitext_tldr17,1.0
null,vmf_pca100_lloyd100_coassoc,triviality_frac_confident,pair_wikitext_tldr17,pair_wikitext_tldr17,1.0
null,(ceiling),fidelity_within,pair_bookcorpus_agnews,pair_bookcorpus_agnews,-0.1363465673177795
null,(ceiling),fidelity_within_r,pair_bookcorpus_agnews,pair_bookcorpus_agnews,0.43489416358246424
null,vmf_pca100_lloyd100,reliability_within,pair_bookcorpus_agnews,pair_bookcorpus_agnews,0.0899796063960021
null,vmf_pca100_lloyd100,reliability_within_coassoc,pair_bookcorpus_agnews,pair_bookcorpus_agnews,0.3049514099158904
null,vmf_pca100_lloyd100,fidelity_within,pair_bookcorpus_agnews,pair_bookcorpus_agnews,0.18427447755844095
null,vmf_pca100_lloyd100,fidelity_within_r,pair_bookcorpus_agnews,pair_bookcorpus_agnews,0.43093119274943315
null,vmf_pca100_lloyd100,fidelity_within_insample,pair_bookcorpus_agnews,pair_bookcorpus_agnews,0.2173321126308102
null,vmf_pca100_lloyd100,reliability_ceiling,pair_bookcorpus_agnews,pair_bookcorpus_agnews,0.3444230041128596
null,vmf_pca100_lloyd100,triviality_ami_layer,pair_bookcorpus_agnews,pair_bookcorpus_agnews,0.047339292476520065
null,vmf_pca100_lloyd100,triviality_ami_dimension,pair_bookcorpus_agnews,pair_bookcorpus_agnews,-0.0007061203761933693
null,vmf_pca100_lloyd100,triviality_ami_hubness,pair_bookcorpus_agnews,pair_bookcorpus_agnews,0.21102785182796274
null,vmf_pca100_lloyd100,triviality_n_effective_networks,pair_bookcorpus_agnews,pair_bookcorpus_agnews,100.0
null,vmf_pca100_lloyd100,triviality_entropy_effective_networks,pair_bookcorpus_agnews,pair_bookcorpus_agnews,59.06261340460966
null,vmf_pca100_lloyd100,triviality_median_max_membership,pair_bookcorpus_agnews,pair_bookcorpus_agnews,0.375
null,vmf_pca100_lloyd100,triviality_frac_confident,pair_bookcorpus_agnews,pair_bookcorpus_agnews,0.23477564102564102
null,vmf_pca100_lloyd100_bm_degree,reliability_within,pair_bookcorpus_agnews,pair_bookcorpus_agnews,0.07123089397072625
null,vmf_pca100_lloyd100_bm_degree,reliability_within_coassoc,pair_bookcorpus_agnews,pair_bookcorpus_agnews,0.3049514099158904
null,vmf_pca100_lloyd100_bm_degree,fidelity_within,pair_bookcorpus_agnews,pair_bookcorpus_agnews,0.38965072594133776
null,vmf_pca100_lloyd100_bm_degree,fidelity_within_r,pair_bookcorpus_agnews,pair_bookcorpus_agnews,0.6254716498265661
null,vmf_pca100_lloyd100_bm_degree,fidelity_within_insample,pair_bookcorpus_agnews,pair_bookcorpus_agnews,0.43750866010965817
null,vmf_pca100_lloyd100_bm_degree,reliability_ceiling,pair_bookcorpus_agnews,pair_bookcorpus_agnews,0.2626124582594419
null,vmf_pca100_lloyd100_bm_degree,triviality_ami_layer,pair_bookcorpus_agnews,pair_bookcorpus_agnews,0.05420717228013702
null,vmf_pca100_lloyd100_bm_degree,triviality_ami_dimension,pair_bookcorpus_agnews,pair_bookcorpus_agnews,2.667103877204132e-06
null,vmf_pca100_lloyd100_bm_degree,triviality_ami_hubness,pair_bookcorpus_agnews,pair_bookcorpus_agnews,0.24158389239062544
null,vmf_pca100_lloyd100_bm_degree,triviality_n_effective_networks,pair_bookcorpus_agnews,pair_bookcorpus_agnews,100.0
null,vmf_pca100_lloyd100_bm_degree,triviality_entropy_effective_networks,pair_bookcorpus_agnews,pair_bookcorpus_agnews,60.30317690902176
null,vmf_pca100_lloyd100_bm_degree,triviality_median_max_membership,pair_bookcorpus_agnews,pair_bookcorpus_agnews,1.0
null,vmf_pca100_lloyd100_bm_degree,triviality_frac_confident,pair_bookcorpus_agnews,pair_bookcorpus_agnews,1.0
null,vmf_pca100_lloyd100_coassoc,reliability_within,pair_bookcorpus_agnews,pair_bookcorpus_agnews,0.3005356075483893
null,vmf_pca100_lloyd100_coassoc,reliability_within_coassoc,pair_bookcorpus_agnews,pair_bookcorpus_agnews,0.3049514099158904
null,vmf_pca100_lloyd100_coassoc,fidelity_within,pair_bookcorpus_agnews,pair_bookcorpus_agnews,0.18548421796843528
null,vmf_pca100_lloyd100_coassoc,fidelity_within_r,pair_bookcorpus_agnews,pair_bookcorpus_agnews,0.4317919870664942
null,vmf_pca100_lloyd100_coassoc,fidelity_within_insample,pair_bookcorpus_agnews,pair_bookcorpus_agnews,0.21186512348555198
null,vmf_pca100_lloyd100_coassoc,reliability_ceiling,pair_bookcorpus_agnews,pair_bookcorpus_agnews,0.6201207411705428
null,vmf_pca100_lloyd100_coassoc,triviality_ami_layer,pair_bookcorpus_agnews,pair_bookcorpus_agnews,0.04954307578781311
null,vmf_pca100_lloyd100_coassoc,triviality_ami_dimension,pair_bookcorpus_agnews,pair_bookcorpus_agnews,-0.00041289136337574803
null,vmf_pca100_lloyd100_coassoc,triviality_ami_hubness,pair_bookcorpus_agnews,pair_bookcorpus_agnews,0.21290735692379176
null,vmf_pca100_lloyd100_coassoc,triviality_n_effective_networks,pair_bookcorpus_agnews,pair_bookcorpus_agnews,100.0
null,vmf_pca100_lloyd100_coassoc,triviality_entropy_effective_networks,pair_bookcorpus_agnews,pair_bookcorpus_agnews,38.34657565708962
null,vmf_pca100_lloyd100_coassoc,triviality_median_max_membership,pair_bookcorpus_agnews,pair_bookcorpus_agnews,1.0
null,vmf_pca100_lloyd100_coassoc,triviality_frac_confident,pair_bookcorpus_agnews,pair_bookcorpus_agnews,1.0
null,(ceiling),fidelity_within,pool_all,pool_all,-0.1686254908025313
null,(ceiling),fidelity_within_r,pool_all,pool_all,0.4190520706787682
null,vmf_pca100_lloyd100,reliability_within,pool_all,pool_all,0.12138781124449909
null,vmf_pca100_lloyd100,reliability_within_coassoc,pool_all,pool_all,0.4097178609683886
null,vmf_pca100_lloyd100,fidelity_within,pool_all,pool_all,0.2355587461750751
null,vmf_pca100_lloyd100,fidelity_within_r,pool_all,pool_all,0.4858059172590047
null,vmf_pca100_lloyd100,fidelity_within_insample,pool_all,pool_all,0.2540341602226218
null,vmf_pca100_lloyd100,reliability_ceiling,pool_all,pool_all,0.2917445972690441
null,vmf_pca100_lloyd100,triviality_ami_layer,pool_all,pool_all,0.06430751846409226
null,vmf_pca100_lloyd100,triviality_ami_dimension,pool_all,pool_all,0.0002601464442510763
null,vmf_pca100_lloyd100,triviality_ami_hubness,pool_all,pool_all,0.3094544052906518
null,vmf_pca100_lloyd100,triviality_n_effective_networks,pool_all,pool_all,100.0
null,vmf_pca100_lloyd100,triviality_entropy_effective_networks,pool_all,pool_all,61.333323797247694
null,vmf_pca100_lloyd100,triviality_median_max_membership,pool_all,pool_all,0.3
null,vmf_pca100_lloyd100,triviality_frac_confident,pool_all,pool_all,0.10446714743589744
null,vmf_pca100_lloyd100_bm_degree,reliability_within,pool_all,pool_all,0.07787970690109887
null,vmf_pca100_lloyd100_bm_degree,reliability_within_coassoc,pool_all,pool_all,0.4097178609683886
null,vmf_pca100_lloyd100_bm_degree,fidelity_within,pool_all,pool_all,0.37921938148647294
null,vmf_pca100_lloyd100_bm_degree,fidelity_within_r,pool_all,pool_all,0.6166501888298491
null,vmf_pca100_lloyd100_bm_degree,fidelity_within_insample,pool_all,pool_all,0.41616675399447
null,vmf_pca100_lloyd100_bm_degree,reliability_ceiling,pool_all,pool_all,0.21924336483874607
null,vmf_pca100_lloyd100_bm_degree,triviality_ami_layer,pool_all,pool_all,0.0652480493941518
null,vmf_pca100_lloyd100_bm_degree,triviality_ami_dimension,pool_all,pool_all,-0.0012020775336514843
null,vmf_pca100_lloyd100_bm_degree,triviality_ami_hubness,pool_all,pool_all,0.33778331218762564
null,vmf_pca100_lloyd100_bm_degree,triviality_n_effective_networks,pool_all,pool_all,100.0
null,vmf_pca100_lloyd100_bm_degree,triviality_entropy_effective_networks,pool_all,pool_all,65.65192565112449
null,vmf_pca100_lloyd100_bm_degree,triviality_median_max_membership,pool_all,pool_all,1.0
null,vmf_pca100_lloyd100_bm_degree,triviality_frac_confident,pool_all,pool_all,1.0
null,vmf_pca100_lloyd100_coassoc,reliability_within,pool_all,pool_all,0.33418412609514964
null,vmf_pca100_lloyd100_coassoc,reliability_within_coassoc,pool_all,pool_all,0.4097178609683886
null,vmf_pca100_lloyd100_coassoc,fidelity_within,pool_all,pool_all,0.22360263163180483
null,vmf_pca100_lloyd100_coassoc,fidelity_within_r,pool_all,pool_all,0.4730767045431351
null,vmf_pca100_lloyd100_coassoc,fidelity_within_insample,pool_all,pool_all,0.23453942538791328
null,vmf_pca100_lloyd100_coassoc,reliability_ceiling,pool_all,pool_all,0.5471332612767577
null,vmf_pca100_lloyd100_coassoc,triviality_ami_layer,pool_all,pool_all,0.06714997326592585
null,vmf_pca100_lloyd100_coassoc,triviality_ami_dimension,pool_all,pool_all,0.0002133144261427391
null,vmf_pca100_lloyd100_coassoc,triviality_ami_hubness,pool_all,pool_all,0.31717895298935955
null,vmf_pca100_lloyd100_coassoc,triviality_n_effective_networks,pool_all,pool_all,100.0
null,vmf_pca100_lloyd100_coassoc,triviality_entropy_effective_networks,pool_all,pool_all,40.7925366325814
null,vmf_pca100_lloyd100_coassoc,triviality_median_max_membership,pool_all,pool_all,1.0
null,vmf_pca100_lloyd100_coassoc,triviality_frac_confident,pool_all,pool_all,1.0
null,(ceiling),fidelity_across,wikitext,bookcorpus,0.40484027845901516
null,vmf_pca100_lloyd100,fidelity_across,wikitext,bookcorpus,0.4628924478000567
null,vmf_pca100_lloyd100,reliability_across,wikitext,bookcorpus,0.04266585532186628
null,vmf_pca100_lloyd100_bm_degree,fidelity_across,wikitext,bookcorpus,0.6049226110755144
null,vmf_pca100_lloyd100_bm_degree,reliability_across,wikitext,bookcorpus,0.030452341433844385
null,vmf_pca100_lloyd100_coassoc,fidelity_across,wikitext,bookcorpus,0.4653751641748021
null,vmf_pca100_lloyd100_coassoc,reliability_across,wikitext,bookcorpus,0.15144905392768196
null,(ceiling),fidelity_across,wikitext,agnews,0.4032087853501665
null,vmf_pca100_lloyd100,fidelity_across,wikitext,agnews,0.44226328402240894
null,vmf_pca100_lloyd100,reliability_across,wikitext,agnews,0.04873115761301333
null,vmf_pca100_lloyd100_bm_degree,fidelity_across,wikitext,agnews,0.6001667339971326
null,vmf_pca100_lloyd100_bm_degree,reliability_across,wikitext,agnews,0.03990413569672829
null,vmf_pca100_lloyd100_coassoc,fidelity_across,wikitext,agnews,0.4423122917859242
null,vmf_pca100_lloyd100_coassoc,reliability_across,wikitext,agnews,0.18855266295893894
null,(ceiling),fidelity_across,wikitext,tldr17,0.4030856511734902
null,vmf_pca100_lloyd100,fidelity_across,wikitext,tldr17,0.4567405100741237
null,vmf_pca100_lloyd100,reliability_across,wikitext,tldr17,0.04917498544975672
null,vmf_pca100_lloyd100_bm_degree,fidelity_across,wikitext,tldr17,0.5994400818923968
null,vmf_pca100_lloyd100_bm_degree,reliability_across,wikitext,tldr17,0.03814313217973431
null,vmf_pca100_lloyd100_coassoc,fidelity_across,wikitext,tldr17,0.4620421729811166
null,vmf_pca100_lloyd100_coassoc,reliability_across,wikitext,tldr17,0.15406661857095894
null,(ceiling),fidelity_across,wikitext,lodo_wikitext,0.405685412192156
null,vmf_pca100_lloyd100,fidelity_across,wikitext,lodo_wikitext,0.457298052546651
null,vmf_pca100_lloyd100,reliability_across,wikitext,lodo_wikitext,0.058381445069869455
null,vmf_pca100_lloyd100_bm_degree,fidelity_across,wikitext,lodo_wikitext,0.6017209576008682
null,vmf_pca100_lloyd100_bm_degree,reliability_across,wikitext,lodo_wikitext,0.0463901271890549
null,vmf_pca100_lloyd100_coassoc,fidelity_across,wikitext,lodo_wikitext,0.4616951975467636
null,vmf_pca100_lloyd100_coassoc,reliability_across,wikitext,lodo_wikitext,0.18818241528590232
null,(ceiling),fidelity_across,bookcorpus,wikitext,0.40484027845901516
null,vmf_pca100_lloyd100,fidelity_across,bookcorpus,wikitext,0.3340429640178438
null,vmf_pca100_lloyd100,reliability_across,bookcorpus,wikitext,0.04266585532186628
null,vmf_pca100_lloyd100_bm_degree,fidelity_across,bookcorpus,wikitext,0.5682799205458479
null,vmf_pca100_lloyd100_bm_degree,reliability_across,bookcorpus,wikitext,0.030452341433844385
null,vmf_pca100_lloyd100_coassoc,fidelity_across,bookcorpus,wikitext,0.3337700101370646
null,vmf_pca100_lloyd100_coassoc,reliability_across,bookcorpus,wikitext,0.15144905392768196
null,(ceiling),fidelity_across,bookcorpus,agnews,0.4148261316912752
null,vmf_pca100_lloyd100,fidelity_across,bookcorpus,agnews,0.33565119094341955
null,vmf_pca100_lloyd100,reliability_across,bookcorpus,agnews,0.04512551930621602
null,vmf_pca100_lloyd100_bm_degree,fidelity_across,bookcorpus,agnews,0.5841595940992681
null,vmf_pca100_lloyd100_bm_degree,reliability_across,bookcorpus,agnews,0.029000343284278012
null,vmf_pca100_lloyd100_coassoc,fidelity_across,bookcorpus,agnews,0.3352709921540703
null,vmf_pca100_lloyd100_coassoc,reliability_across,bookcorpus,agnews,0.20326281524846615
null,(ceiling),fidelity_across,bookcorpus,tldr17,0.409649200213015
null,vmf_pca100_lloyd100,fidelity_across,bookcorpus,tldr17,0.3448354010120189
null,vmf_pca100_lloyd100,reliability_across,bookcorpus,tldr17,0.04741057604913372
null,vmf_pca100_lloyd100_bm_degree,fidelity_across,bookcorpus,tldr17,0.575841353817644
null,vmf_pca100_lloyd100_bm_degree,reliability_across,bookcorpus,tldr17,0.02862732255094878
null,vmf_pca100_lloyd100_coassoc,fidelity_across,bookcorpus,tldr17,0.34235382100021877
null,vmf_pca100_lloyd100_coassoc,reliability_across,bookcorpus,tldr17,0.15141318018644825
null,(ceiling),fidelity_across,bookcorpus,lodo_bookcorpus,0.4067123426852156
null,vmf_pca100_lloyd100,fidelity_across,bookcorpus,lodo_bookcorpus,0.3380598613952155
null,vmf_pca100_lloyd100,reliability_across,bookcorpus,lodo_bookcorpus,0.054205035008645396
null,vmf_pca100_lloyd100_bm_degree,fidelity_across,bookcorpus,lodo_bookcorpus,0.5708976259931665
null,vmf_pca100_lloyd100_bm_degree,reliability_across,bookcorpus,lodo_bookcorpus,0.032533696604979324
null,vmf_pca100_lloyd100_coassoc,fidelity_across,bookcorpus,lodo_bookcorpus,0.3365338381341087
null,vmf_pca100_lloyd100_coassoc,reliability_across,bookcorpus,lodo_bookcorpus,0.19662512524170614
null,(ceiling),fidelity_across,agnews,wikitext,0.40320878535016647
null,vmf_pca100_lloyd100,fidelity_across,agnews,wikitext,0.43505251790176697
null,vmf_pca100_lloyd100,reliability_across,agnews,wikitext,0.04873115761301333
null,vmf_pca100_lloyd100_bm_degree,fidelity_across,agnews,wikitext,0.5819949198222325
null,vmf_pca100_lloyd100_bm_degree,reliability_across,agnews,wikitext,0.03990413569672829
null,vmf_pca100_lloyd100_coassoc,fidelity_across,agnews,wikitext,0.4255492174825604
null,vmf_pca100_lloyd100_coassoc,reliability_across,agnews,wikitext,0.18855266295893894
null,(ceiling),fidelity_across,agnews,bookcorpus,0.4148261316912752
null,vmf_pca100_lloyd100,fidelity_across,agnews,bookcorpus,0.4625080536241507
null,vmf_pca100_lloyd100,reliability_across,agnews,bookcorpus,0.04512551930621602
null,vmf_pca100_lloyd100_bm_degree,fidelity_across,agnews,bookcorpus,0.6024007438609796
null,vmf_pca100_lloyd100_bm_degree,reliability_across,agnews,bookcorpus,0.029000343284278012
null,vmf_pca100_lloyd100_coassoc,fidelity_across,agnews,bookcorpus,0.4511633149177526
null,vmf_pca100_lloyd100_coassoc,reliability_across,agnews,bookcorpus,0.20326281524846615
null,(ceiling),fidelity_across,agnews,tldr17,0.3999870176379977
null,vmf_pca100_lloyd100,fidelity_across,agnews,tldr17,0.44074413690742364
null,vmf_pca100_lloyd100,reliability_across,agnews,tldr17,0.04312068717735477
null,vmf_pca100_lloyd100_bm_degree,fidelity_across,agnews,tldr17,0.5788973953737158
null,vmf_pca100_lloyd100_bm_degree,reliability_across,agnews,tldr17,0.030358054948673358
null,vmf_pca100_lloyd100_coassoc,fidelity_across,agnews,tldr17,0.42875352886230345
null,vmf_pca100_lloyd100_coassoc,reliability_across,agnews,tldr17,0.17049996137359558
null,(ceiling),fidelity_across,agnews,lodo_agnews,0.40452988131540935
null,vmf_pca100_lloyd100,fidelity_across,agnews,lodo_agnews,0.44745022384477107
null,vmf_pca100_lloyd100,reliability_across,agnews,lodo_agnews,0.05805990257203962
null,vmf_pca100_lloyd100_bm_degree,fidelity_across,agnews,lodo_agnews,0.587828232956612
null,vmf_pca100_lloyd100_bm_degree,reliability_across,agnews,lodo_agnews,0.042008718441751046
null,vmf_pca100_lloyd100_coassoc,fidelity_across,agnews,lodo_agnews,0.43623324172144406
null,vmf_pca100_lloyd100_coassoc,reliability_across,agnews,lodo_agnews,0.22684892636318585
null,(ceiling),fidelity_across,tldr17,wikitext,0.4030856511734902
null,vmf_pca100_lloyd100,fidelity_across,tldr17,wikitext,0.45369564222436765
null,vmf_pca100_lloyd100,reliability_across,tldr17,wikitext,0.04917498544975672
null,vmf_pca100_lloyd100_bm_degree,fidelity_across,tldr17,wikitext,0.5863646514081027
null,vmf_pca100_lloyd100_bm_degree,reliability_across,tldr17,wikitext,0.03814313217973431
null,vmf_pca100_lloyd100_coassoc,fidelity_across,tldr17,wikitext,0.448138855490114
null,vmf_pca100_lloyd100_coassoc,reliability_across,tldr17,wikitext,0.15406661857095894
null,(ceiling),fidelity_across,tldr17,bookcorpus,0.40964920021301493
null,vmf_pca100_lloyd100,fidelity_across,tldr17,bookcorpus,0.46477693897305866
null,vmf_pca100_lloyd100,reliability_across,tldr17,bookcorpus,0.04741057604913372
null,vmf_pca100_lloyd100_bm_degree,fidelity_across,tldr17,bookcorpus,0.5988111123930052
null,vmf_pca100_lloyd100_bm_degree,reliability_across,tldr17,bookcorpus,0.02862732255094878
null,vmf_pca100_lloyd100_coassoc,fidelity_across,tldr17,bookcorpus,0.4608284466141874
null,vmf_pca100_lloyd100_coassoc,reliability_across,tldr17,bookcorpus,0.15141318018644825
null,(ceiling),fidelity_across,tldr17,agnews,0.3999870176379977
null,vmf_pca100_lloyd100,fidelity_across,tldr17,agnews,0.44271260694501635
null,vmf_pca100_lloyd100,reliability_across,tldr17,agnews,0.04312068717735477
null,vmf_pca100_lloyd100_bm_degree,fidelity_across,tldr17,agnews,0.5857247835670116
null,vmf_pca100_lloyd100_bm_degree,reliability_across,tldr17,agnews,0.030358054948673358
null,vmf_pca100_lloyd100_coassoc,fidelity_across,tldr17,agnews,0.4376632969724522
null,vmf_pca100_lloyd100_coassoc,reliability_across,tldr17,agnews,0.17049996137359558
null,(ceiling),fidelity_across,tldr17,lodo_tldr17,0.4070013849174255
null,vmf_pca100_lloyd100,fidelity_across,tldr17,lodo_tldr17,0.4564438509042849
null,vmf_pca100_lloyd100,reliability_across,tldr17,lodo_tldr17,0.06324113988578293
null,vmf_pca100_lloyd100_bm_degree,fidelity_across,tldr17,lodo_tldr17,0.5907537195899084
null,vmf_pca100_lloyd100_bm_degree,reliability_across,tldr17,lodo_tldr17,0.0431738238383769
null,vmf_pca100_lloyd100_coassoc,fidelity_across,tldr17,lodo_tldr17,0.4523334351680947
null,vmf_pca100_lloyd100_coassoc,reliability_across,tldr17,lodo_tldr17,0.2120975966570894
null,(ceiling),fidelity_across,lodo_wikitext,wikitext,0.405685412192156
null,vmf_pca100_lloyd100,fidelity_across,lodo_wikitext,wikitext,0.44165219981984283
null,vmf_pca100_lloyd100,reliability_across,lodo_wikitext,wikitext,0.058381445069869455
null,vmf_pca100_lloyd100_bm_degree,fidelity_across,lodo_wikitext,wikitext,0.5969574641583877
null,vmf_pca100_lloyd100_bm_degree,reliability_across,lodo_wikitext,wikitext,0.0463901271890549
null,vmf_pca100_lloyd100_coassoc,fidelity_across,lodo_wikitext,wikitext,0.44742568944419425
null,vmf_pca100_lloyd100_coassoc,reliability_across,lodo_wikitext,wikitext,0.18818241528590232
null,(ceiling),fidelity_across,lodo_bookcorpus,bookcorpus,0.40671234268521567
null,vmf_pca100_lloyd100,fidelity_across,lodo_bookcorpus,bookcorpus,0.4927316236659441
null,vmf_pca100_lloyd100,reliability_across,lodo_bookcorpus,bookcorpus,0.054205035008645396
null,vmf_pca100_lloyd100_bm_degree,fidelity_across,lodo_bookcorpus,bookcorpus,0.6111254422326344
null,vmf_pca100_lloyd100_bm_degree,reliability_across,lodo_bookcorpus,bookcorpus,0.032533696604979324
null,vmf_pca100_lloyd100_coassoc,fidelity_across,lodo_bookcorpus,bookcorpus,0.474537304873314
null,vmf_pca100_lloyd100_coassoc,reliability_across,lodo_bookcorpus,bookcorpus,0.19662512524170614
null,(ceiling),fidelity_across,lodo_agnews,agnews,0.40452988131540935
null,vmf_pca100_lloyd100,fidelity_across,lodo_agnews,agnews,0.4373485885211385
null,vmf_pca100_lloyd100,reliability_across,lodo_agnews,agnews,0.05805990257203962
null,vmf_pca100_lloyd100_bm_degree,fidelity_across,lodo_agnews,agnews,0.6092257528280703
null,vmf_pca100_lloyd100_bm_degree,reliability_across,lodo_agnews,agnews,0.042008718441751046
null,vmf_pca100_lloyd100_coassoc,fidelity_across,lodo_agnews,agnews,0.435997924997402
null,vmf_pca100_lloyd100_coassoc,reliability_across,lodo_agnews,agnews,0.22684892636318585
null,(ceiling),fidelity_across,lodo_tldr17,tldr17,0.4070013849174255
null,vmf_pca100_lloyd100,fidelity_across,lodo_tldr17,tldr17,0.4199265941606059
null,vmf_pca100_lloyd100,reliability_across,lodo_tldr17,tldr17,0.06324113988578293
null,vmf_pca100_lloyd100_bm_degree,fidelity_across,lodo_tldr17,tldr17,0.6025807824336581
null,vmf_pca100_lloyd100_bm_degree,reliability_across,lodo_tldr17,tldr17,0.0431738238383769
null,vmf_pca100_lloyd100_coassoc,fidelity_across,lodo_tldr17,tldr17,0.444920644681319
null,vmf_pca100_lloyd100_coassoc,reliability_across,lodo_tldr17,tldr17,0.2120975966570894
null,(ceiling),fidelity_across,pair_wikitext_bookcorpus,pair_agnews_tldr17,0.4068075554763465
null,vmf_pca100_lloyd100,fidelity_across,pair_wikitext_bookcorpus,pair_agnews_tldr17,0.44413239482144073
null,vmf_pca100_lloyd100,reliability_across,pair_wikitext_bookcorpus,pair_agnews_tldr17,0.06757624682742076
null,vmf_pca100_lloyd100_bm_degree,fidelity_across,pair_wikitext_bookcorpus,pair_agnews_tldr17,0.5965995546610451
null,vmf_pca100_lloyd100_bm_degree,reliability_across,pair_wikitext_bookcorpus,pair_agnews_tldr17,0.050875775379149904
null,vmf_pca100_lloyd100_coassoc,fidelity_across,pair_wikitext_bookcorpus,pair_agnews_tldr17,0.4447516048061395
null,vmf_pca100_lloyd100_coassoc,reliability_across,pair_wikitext_bookcorpus,pair_agnews_tldr17,0.24944904003678903
null,(ceiling),fidelity_across,pair_agnews_tldr17,pair_wikitext_bookcorpus,0.4068075554763465
null,vmf_pca100_lloyd100,fidelity_across,pair_agnews_tldr17,pair_wikitext_bookcorpus,0.48359873916663926
null,vmf_pca100_lloyd100,reliability_across,pair_agnews_tldr17,pair_wikitext_bookcorpus,0.06757624682742076
null,vmf_pca100_lloyd100_bm_degree,fidelity_across,pair_agnews_tldr17,pair_wikitext_bookcorpus,0.6112373018513972
null,vmf_pca100_lloyd100_bm_degree,reliability_across,pair_agnews_tldr17,pair_wikitext_bookcorpus,0.050875775379149904
null,vmf_pca100_lloyd100_coassoc,fidelity_across,pair_agnews_tldr17,pair_wikitext_bookcorpus,0.4884874372387183
null,vmf_pca100_lloyd100_coassoc,reliability_across,pair_agnews_tldr17,pair_wikitext_bookcorpus,0.24944904003678903
null,(ceiling),fidelity_across,pair_wikitext_agnews,pair_bookcorpus_tldr17,0.4035111273398188
null,vmf_pca100_lloyd100,fidelity_across,pair_wikitext_agnews,pair_bookcorpus_tldr17,0.4942006842702068
null,vmf_pca100_lloyd100,reliability_across,pair_wikitext_agnews,pair_bookcorpus_tldr17,0.06628396964705106
null,vmf_pca100_lloyd100_bm_degree,fidelity_across,pair_wikitext_agnews,pair_bookcorpus_tldr17,0.6046473788523065
null,vmf_pca100_lloyd100_bm_degree,reliability_across,pair_wikitext_agnews,pair_bookcorpus_tldr17,0.04596667626296769
null,vmf_pca100_lloyd100_coassoc,fidelity_across,pair_wikitext_agnews,pair_bookcorpus_tldr17,0.5011546045963415
null,vmf_pca100_lloyd100_coassoc,reliability_across,pair_wikitext_agnews,pair_bookcorpus_tldr17,0.24401877502904093
null,(ceiling),fidelity_across,pair_bookcorpus_tldr17,pair_wikitext_agnews,0.4035111273398188
null,vmf_pca100_lloyd100,fidelity_across,pair_bookcorpus_tldr17,pair_wikitext_agnews,0.4246714212152527
null,vmf_pca100_lloyd100,reliability_across,pair_bookcorpus_tldr17,pair_wikitext_agnews,0.06628396964705106
null,vmf_pca100_lloyd100_bm_degree,fidelity_across,pair_bookcorpus_tldr17,pair_wikitext_agnews,0.5936703085132514
null,vmf_pca100_lloyd100_bm_degree,reliability_across,pair_bookcorpus_tldr17,pair_wikitext_agnews,0.04596667626296769
null,vmf_pca100_lloyd100_coassoc,fidelity_across,pair_bookcorpus_tldr17,pair_wikitext_agnews,0.41991009541446167
null,vmf_pca100_lloyd100_coassoc,reliability_across,pair_bookcorpus_tldr17,pair_wikitext_agnews,0.24401877502904093
null,(ceiling),fidelity_across,pair_wikitext_tldr17,pair_bookcorpus_agnews,0.4119306962837415
null,vmf_pca100_lloyd100,fidelity_across,pair_wikitext_tldr17,pair_bookcorpus_agnews,0.49210966016623725
null,vmf_pca100_lloyd100,reliability_across,pair_wikitext_tldr17,pair_bookcorpus_agnews,0.060939065546629964
null,vmf_pca100_lloyd100_bm_degree,fidelity_across,pair_wikitext_tldr17,pair_bookcorpus_agnews,0.6135361151446694
null,vmf_pca100_lloyd100_bm_degree,reliability_across,pair_wikitext_tldr17,pair_bookcorpus_agnews,0.042847533728918905
null,vmf_pca100_lloyd100_coassoc,fidelity_across,pair_wikitext_tldr17,pair_bookcorpus_agnews,0.479942418994705
null,vmf_pca100_lloyd100_coassoc,reliability_across,pair_wikitext_tldr17,pair_bookcorpus_agnews,0.22064939301488126
null,(ceiling),fidelity_across,pair_bookcorpus_agnews,pair_wikitext_tldr17,0.41193069628374146
null,vmf_pca100_lloyd100,fidelity_across,pair_bookcorpus_agnews,pair_wikitext_tldr17,0.41995208299085035
null,vmf_pca100_lloyd100,reliability_across,pair_bookcorpus_agnews,pair_wikitext_tldr17,0.060939065546629964
null,vmf_pca100_lloyd100_bm_degree,fidelity_across,pair_bookcorpus_agnews,pair_wikitext_tldr17,0.5954838413166903
null,vmf_pca100_lloyd100_bm_degree,reliability_across,pair_bookcorpus_agnews,pair_wikitext_tldr17,0.042847533728918905
null,vmf_pca100_lloyd100_coassoc,fidelity_across,pair_bookcorpus_agnews,pair_wikitext_tldr17,0.42142768491936866
null,vmf_pca100_lloyd100_coassoc,reliability_across,pair_bookcorpus_agnews,pair_wikitext_tldr17,0.22064939301488126
null,(ceiling),fidelity_across_halves,wikitext,bookcorpus,0.40562954859944805
null,vmf_pca100_lloyd100,fidelity_across_halves,wikitext,bookcorpus,0.4436434641496678
null,vmf_pca100_lloyd100,reliability_across_halves,wikitext,bookcorpus,0.03134016273303494
null,vmf_pca100_lloyd100_bm_degree,fidelity_across_halves,wikitext,bookcorpus,0.5975557022349426
null,vmf_pca100_lloyd100_bm_degree,reliability_across_halves,wikitext,bookcorpus,0.030960296336790708
null,vmf_pca100_lloyd100_coassoc,fidelity_across_halves,wikitext,bookcorpus,0.44080202118395645
null,vmf_pca100_lloyd100_coassoc,reliability_across_halves,wikitext,bookcorpus,0.10325611706168437
null,(ceiling),fidelity_across_halves,wikitext,agnews,0.40321800276110825
null,vmf_pca100_lloyd100,fidelity_across_halves,wikitext,agnews,0.4289646872596757
null,vmf_pca100_lloyd100,reliability_across_halves,wikitext,agnews,0.041134711721032204
null,vmf_pca100_lloyd100_bm_degree,fidelity_across_halves,wikitext,agnews,0.5899829962945874
null,vmf_pca100_lloyd100_bm_degree,reliability_across_halves,wikitext,agnews,0.03861449435963518
null,vmf_pca100_lloyd100_coassoc,fidelity_across_halves,wikitext,agnews,0.4249790135474545
null,vmf_pca100_lloyd100_coassoc,reliability_across_halves,wikitext,agnews,0.0926020068903113
null,(ceiling),fidelity_across_halves,wikitext,tldr17,0.40095053165014855
null,vmf_pca100_lloyd100,fidelity_across_halves,wikitext,tldr17,0.43938899611783966
null,vmf_pca100_lloyd100,reliability_across_halves,wikitext,tldr17,0.0428159909584899
null,vmf_pca100_lloyd100_bm_degree,fidelity_across_halves,wikitext,tldr17,0.5834427967120391
null,vmf_pca100_lloyd100_bm_degree,reliability_across_halves,wikitext,tldr17,0.03831169140345342
null,vmf_pca100_lloyd100_coassoc,fidelity_across_halves,wikitext,tldr17,0.43813420038980677
null,vmf_pca100_lloyd100_coassoc,reliability_across_halves,wikitext,tldr17,0.09696564240547449
null,(ceiling),fidelity_across_halves,wikitext,lodo_wikitext,0.4043912448176874
null,vmf_pca100_lloyd100,fidelity_across_halves,wikitext,lodo_wikitext,0.4363898671221203
null,vmf_pca100_lloyd100,reliability_across_halves,wikitext,lodo_wikitext,0.052287400003318385
null,vmf_pca100_lloyd100_bm_degree,fidelity_across_halves,wikitext,lodo_wikitext,0.5851980664070836
null,vmf_pca100_lloyd100_bm_degree,reliability_across_halves,wikitext,lodo_wikitext,0.04461051245586943
null,vmf_pca100_lloyd100_coassoc,fidelity_across_halves,wikitext,lodo_wikitext,0.43331657317467415
null,vmf_pca100_lloyd100_coassoc,reliability_across_halves,wikitext,lodo_wikitext,0.14013205762652825
null,(ceiling),fidelity_across_halves,bookcorpus,wikitext,0.4124518012048155
null,vmf_pca100_lloyd100,fidelity_across_halves,bookcorpus,wikitext,0.33406487230834775
null,vmf_pca100_lloyd100,reliability_across_halves,bookcorpus,wikitext,0.03573607786795351
null,vmf_pca100_lloyd100_bm_degree,fidelity_across_halves,bookcorpus,wikitext,0.5718450256976438
null,vmf_pca100_lloyd100_bm_degree,reliability_across_halves,bookcorpus,wikitext,0.03227682580108282
null,vmf_pca100_lloyd100_coassoc,fidelity_across_halves,bookcorpus,wikitext,0.33613466961349786
null,vmf_pca100_lloyd100_coassoc,reliability_across_halves,bookcorpus,wikitext,0.07909403827159467
null,(ceiling),fidelity_across_halves,bookcorpus,agnews,0.4122261694976052
null,vmf_pca100_lloyd100,fidelity_across_halves,bookcorpus,agnews,0.3292365803568276
null,vmf_pca100_lloyd100,reliability_across_halves,bookcorpus,agnews,0.035246322744302554
null,vmf_pca100_lloyd100_bm_degree,fidelity_across_halves,bookcorpus,agnews,0.5804787824152926
null,vmf_pca100_lloyd100_bm_degree,reliability_across_halves,bookcorpus,agnews,0.02905788232698482
null,vmf_pca100_lloyd100_coassoc,fidelity_across_halves,bookcorpus,agnews,0.3326856863731251
null,vmf_pca100_lloyd100_coassoc,reliability_across_halves,bookcorpus,agnews,0.10899657641270032
null,(ceiling),fidelity_across_halves,bookcorpus,tldr17,0.41372853728957387
null,vmf_pca100_lloyd100,fidelity_across_halves,bookcorpus,tldr17,0.34105832921090723
null,vmf_pca100_lloyd100,reliability_across_halves,bookcorpus,tldr17,0.0378503961167591
null,vmf_pca100_lloyd100_bm_degree,fidelity_across_halves,bookcorpus,tldr17,0.5733636366868489
null,vmf_pca100_lloyd100_bm_degree,reliability_across_halves,bookcorpus,tldr17,0.030289912087459108
null,vmf_pca100_lloyd100_coassoc,fidelity_across_halves,bookcorpus,tldr17,0.34322138991854345
null,vmf_pca100_lloyd100_coassoc,reliability_across_halves,bookcorpus,tldr17,0.10798021400675202
null,(ceiling),fidelity_across_halves,bookcorpus,lodo_bookcorpus,0.4067774110180261
null,vmf_pca100_lloyd100,fidelity_across_halves,bookcorpus,lodo_bookcorpus,0.33069531187525586
null,vmf_pca100_lloyd100,reliability_across_halves,bookcorpus,lodo_bookcorpus,0.04247990604764609
null,vmf_pca100_lloyd100_bm_degree,fidelity_across_halves,bookcorpus,lodo_bookcorpus,0.5672634034226998
null,vmf_pca100_lloyd100_bm_degree,reliability_across_halves,bookcorpus,lodo_bookcorpus,0.029402889958694656
null,vmf_pca100_lloyd100_coassoc,fidelity_across_halves,bookcorpus,lodo_bookcorpus,0.3336576763147541
null,vmf_pca100_lloyd100_coassoc,reliability_across_halves,bookcorpus,lodo_bookcorpus,0.17011273898191756
null,(ceiling),fidelity_across_halves,agnews,wikitext,0.4198693796912115
null,vmf_pca100_lloyd100,fidelity_across_halves,agnews,wikitext,0.41029416948774255
null,vmf_pca100_lloyd100,reliability_across_halves,agnews,wikitext,0.04143883218947196
null,vmf_pca100_lloyd100_bm_degree,fidelity_across_halves,agnews,wikitext,0.5796208023403503
null,vmf_pca100_lloyd100_bm_degree,reliability_across_halves,agnews,wikitext,0.0394426888043696
null,vmf_pca100_lloyd100_coassoc,fidelity_across_halves,agnews,wikitext,0.40191130969771693
null,vmf_pca100_lloyd100_coassoc,reliability_across_halves,agnews,wikitext,0.09880008943129216
null,(ceiling),fidelity_across_halves,agnews,bookcorpus,0.4254038432886567
null,vmf_pca100_lloyd100,fidelity_across_halves,agnews,bookcorpus,0.432707624159848
null,vmf_pca100_lloyd100,reliability_across_halves,agnews,bookcorpus,0.029825999008719507
null,vmf_pca100_lloyd100_bm_degree,fidelity_across_halves,agnews,bookcorpus,0.5974373447759824
null,vmf_pca100_lloyd100_bm_degree,reliability_across_halves,agnews,bookcorpus,0.028520376267527306
null,vmf_pca100_lloyd100_coassoc,fidelity_across_halves,agnews,bookcorpus,0.4222882429960751
null,vmf_pca100_lloyd100_coassoc,reliability_across_halves,agnews,bookcorpus,0.13883190603800716
null,(ceiling),fidelity_across_halves,agnews,tldr17,0.4092285116483608
null,vmf_pca100_lloyd100,fidelity_across_halves,agnews,tldr17,0.41441680841349987
null,vmf_pca100_lloyd100,reliability_across_halves,agnews,tldr17,0.03493111408978889
null,vmf_pca100_lloyd100_bm_degree,fidelity_across_halves,agnews,tldr17,0.5770699368940241
null,vmf_pca100_lloyd100_bm_degree,reliability_across_halves,agnews,tldr17,0.030284689005993466
null,vmf_pca100_lloyd100_coassoc,fidelity_across_halves,agnews,tldr17,0.40759913568636624
null,vmf_pca100_lloyd100_coassoc,reliability_across_halves,agnews,tldr17,0.10963968291761968
null,(ceiling),fidelity_across_halves,agnews,lodo_agnews,0.4153539339503692
null,vmf_pca100_lloyd100,fidelity_across_halves,agnews,lodo_agnews,0.4185414086223264
null,vmf_pca100_lloyd100,reliability_across_halves,agnews,lodo_agnews,0.04613650735519639
null,vmf_pca100_lloyd100_bm_degree,fidelity_across_halves,agnews,lodo_agnews,0.582497361705238
null,vmf_pca100_lloyd100_bm_degree,reliability_across_halves,agnews,lodo_agnews,0.038320519063736076
null,vmf_pca100_lloyd100_coassoc,fidelity_across_halves,agnews,lodo_agnews,0.41139407527780164
null,vmf_pca100_lloyd100_coassoc,reliability_across_halves,agnews,lodo_agnews,0.1736419254395051
null,(ceiling),fidelity_across_halves,tldr17,wikitext,0.40521818340223087
null,vmf_pca100_lloyd100,fidelity_across_halves,tldr17,wikitext,0.4070931431917729
null,vmf_pca100_lloyd100,reliability_across_halves,tldr17,wikitext,0.04349539673083704
null,vmf_pca100_lloyd100_bm_degree,fidelity_across_halves,tldr17,wikitext,0.5802999682509851
null,vmf_pca100_lloyd100_bm_degree,reliability_across_halves,tldr17,wikitext,0.04355215217700349
null,vmf_pca100_lloyd100_coassoc,fidelity_across_halves,tldr17,wikitext,0.4048562743310922
null,vmf_pca100_lloyd100_coassoc,reliability_across_halves,tldr17,wikitext,0.08838371757740038
null,(ceiling),fidelity_across_halves,tldr17,bookcorpus,0.4109379375647447
null,vmf_pca100_lloyd100,fidelity_across_halves,tldr17,bookcorpus,0.41844764216828617
null,vmf_pca100_lloyd100,reliability_across_halves,tldr17,bookcorpus,0.03385274941576322
null,vmf_pca100_lloyd100_bm_degree,fidelity_across_halves,tldr17,bookcorpus,0.5916823290499704
null,vmf_pca100_lloyd100_bm_degree,reliability_across_halves,tldr17,bookcorpus,0.03211171913614843
null,vmf_pca100_lloyd100_coassoc,fidelity_across_halves,tldr17,bookcorpus,0.41757777307903804
null,vmf_pca100_lloyd100_coassoc,reliability_across_halves,tldr17,bookcorpus,0.13058082788685432
null,(ceiling),fidelity_across_halves,tldr17,agnews,0.3999890367124334
null,vmf_pca100_lloyd100,fidelity_across_halves,tldr17,agnews,0.3964606738385981
null,vmf_pca100_lloyd100,reliability_across_halves,tldr17,agnews,0.03547311521664985
null,vmf_pca100_lloyd100_bm_degree,fidelity_across_halves,tldr17,agnews,0.5773933638970388
null,vmf_pca100_lloyd100_bm_degree,reliability_across_halves,tldr17,agnews,0.033762835037850096
null,vmf_pca100_lloyd100_coassoc,fidelity_across_halves,tldr17,agnews,0.3928958248806052
null,vmf_pca100_lloyd100_coassoc,reliability_across_halves,tldr17,agnews,0.10679644741543366
null,(ceiling),fidelity_across_halves,tldr17,lodo_tldr17,0.4062858708517458
null,vmf_pca100_lloyd100,fidelity_across_halves,tldr17,lodo_tldr17,0.4049607459315883
null,vmf_pca100_lloyd100,reliability_across_halves,tldr17,lodo_tldr17,0.05347106588567916
null,vmf_pca100_lloyd100_bm_degree,fidelity_across_halves,tldr17,lodo_tldr17,0.582356327394232
null,vmf_pca100_lloyd100_bm_degree,reliability_across_halves,tldr17,lodo_tldr17,0.04345619851844305
null,vmf_pca100_lloyd100_coassoc,fidelity_across_halves,tldr17,lodo_tldr17,0.40502639826257575
null,vmf_pca100_lloyd100_coassoc,reliability_across_halves,tldr17,lodo_tldr17,0.1532238756380458
null,(ceiling),fidelity_across_halves,lodo_wikitext,wikitext,0.4177262953113185
null,vmf_pca100_lloyd100,fidelity_across_halves,lodo_wikitext,wikitext,0.44821340381315133
null,vmf_pca100_lloyd100,reliability_across_halves,lodo_wikitext,wikitext,0.05529230801116844
null,vmf_pca100_lloyd100_bm_degree,fidelity_across_halves,lodo_wikitext,wikitext,0.6060228307095152
null,vmf_pca100_lloyd100_bm_degree,reliability_across_halves,lodo_wikitext,wikitext,0.04868646553419989
null,vmf_pca100_lloyd100_coassoc,fidelity_across_halves,lodo_wikitext,wikitext,0.4517645405803058
null,vmf_pca100_lloyd100_coassoc,reliability_across_halves,lodo_wikitext,wikitext,0.12142592934778057
null,(ceiling),fidelity_across_halves,lodo_bookcorpus,bookcorpus,0.40915740360293007
null,vmf_pca100_lloyd100,fidelity_across_halves,lodo_bookcorpus,bookcorpus,0.4930268629111635
null,vmf_pca100_lloyd100,reliability_across_halves,lodo_bookcorpus,bookcorpus,0.036456795508011605
null,vmf_pca100_lloyd100_bm_degree,fidelity_across_halves,lodo_bookcorpus,bookcorpus,0.6161531014402707
null,vmf_pca100_lloyd100_bm_degree,reliability_across_halves,lodo_bookcorpus,bookcorpus,0.03076214649466014
null,vmf_pca100_lloyd100_coassoc,fidelity_across_halves,lodo_bookcorpus,bookcorpus,0.5000010647888959
null,vmf_pca100_lloyd100_coassoc,reliability_across_halves,lodo_bookcorpus,bookcorpus,0.1794447700885224
null,(ceiling),fidelity_across_halves,lodo_agnews,agnews,0.4035236787532265
null,vmf_pca100_lloyd100,fidelity_across_halves,lodo_agnews,agnews,0.45179404269676043
null,vmf_pca100_lloyd100,reliability_across_halves,lodo_agnews,agnews,0.04849261662090879
null,vmf_pca100_lloyd100_bm_degree,fidelity_across_halves,lodo_agnews,agnews,0.6062966486335903
null,vmf_pca100_lloyd100_bm_degree,reliability_across_halves,lodo_agnews,agnews,0.036571677823772734
null,vmf_pca100_lloyd100_coassoc,fidelity_across_halves,lodo_agnews,agnews,0.4477804116210532
null,vmf_pca100_lloyd100_coassoc,reliability_across_halves,lodo_agnews,agnews,0.14213658224340772
null,(ceiling),fidelity_across_halves,lodo_tldr17,tldr17,0.40731892794576036
null,vmf_pca100_lloyd100,fidelity_across_halves,lodo_tldr17,tldr17,0.4503964922273915
null,vmf_pca100_lloyd100,reliability_across_halves,lodo_tldr17,tldr17,0.04933050183852867
null,vmf_pca100_lloyd100_bm_degree,fidelity_across_halves,lodo_tldr17,tldr17,0.6041770249916877
null,vmf_pca100_lloyd100_bm_degree,reliability_across_halves,lodo_tldr17,tldr17,0.042246042979937684
null,vmf_pca100_lloyd100_coassoc,fidelity_across_halves,lodo_tldr17,tldr17,0.4370684325522061
null,vmf_pca100_lloyd100_coassoc,reliability_across_halves,lodo_tldr17,tldr17,0.13129156030636918
null,(ceiling),fidelity_across_halves,pair_wikitext_bookcorpus,pair_agnews_tldr17,0.39971259075997095
null,vmf_pca100_lloyd100,fidelity_across_halves,pair_wikitext_bookcorpus,pair_agnews_tldr17,0.4406240476139825
null,vmf_pca100_lloyd100,reliability_across_halves,pair_wikitext_bookcorpus,pair_agnews_tldr17,0.06120457782450438
null,vmf_pca100_lloyd100_bm_degree,fidelity_across_halves,pair_wikitext_bookcorpus,pair_agnews_tldr17,0.5887294393573806
null,vmf_pca100_lloyd100_bm_degree,reliability_across_halves,pair_wikitext_bookcorpus,pair_agnews_tldr17,0.04837152911464792
null,vmf_pca100_lloyd100_coassoc,fidelity_across_halves,pair_wikitext_bookcorpus,pair_agnews_tldr17,0.42398991706388356
null,vmf_pca100_lloyd100_coassoc,reliability_across_halves,pair_wikitext_bookcorpus,pair_agnews_tldr17,0.20196348090663072
null,(ceiling),fidelity_across_halves,pair_agnews_tldr17,pair_wikitext_bookcorpus,0.4240382953234302
null,vmf_pca100_lloyd100,fidelity_across_halves,pair_agnews_tldr17,pair_wikitext_bookcorpus,0.463318681873083
null,vmf_pca100_lloyd100,reliability_across_halves,pair_agnews_tldr17,pair_wikitext_bookcorpus,0.060636383504584744
null,vmf_pca100_lloyd100_bm_degree,fidelity_across_halves,pair_agnews_tldr17,pair_wikitext_bookcorpus,0.6129990912605875
null,vmf_pca100_lloyd100_bm_degree,reliability_across_halves,pair_agnews_tldr17,pair_wikitext_bookcorpus,0.04923133471561825
null,vmf_pca100_lloyd100_coassoc,fidelity_across_halves,pair_agnews_tldr17,pair_wikitext_bookcorpus,0.46699418925072145
null,vmf_pca100_lloyd100_coassoc,reliability_across_halves,pair_agnews_tldr17,pair_wikitext_bookcorpus,0.16624231804002979
null,(ceiling),fidelity_across_halves,pair_wikitext_agnews,pair_bookcorpus_tldr17,0.40541895228837194
null,vmf_pca100_lloyd100,fidelity_across_halves,pair_wikitext_agnews,pair_bookcorpus_tldr17,0.4815740941249027
null,vmf_pca100_lloyd100,reliability_across_halves,pair_wikitext_agnews,pair_bookcorpus_tldr17,0.058185038670463284
null,vmf_pca100_lloyd100_bm_degree,fidelity_across_halves,pair_wikitext_agnews,pair_bookcorpus_tldr17,0.6034725803294018
null,vmf_pca100_lloyd100_bm_degree,reliability_across_halves,pair_wikitext_agnews,pair_bookcorpus_tldr17,0.04993188543191528
null,vmf_pca100_lloyd100_coassoc,fidelity_across_halves,pair_wikitext_agnews,pair_bookcorpus_tldr17,0.46832689167470054
null,vmf_pca100_lloyd100_coassoc,reliability_across_halves,pair_wikitext_agnews,pair_bookcorpus_tldr17,0.1750892304413241
null,(ceiling),fidelity_across_halves,pair_bookcorpus_tldr17,pair_wikitext_agnews,0.40365553774055857
null,vmf_pca100_lloyd100,fidelity_across_halves,pair_bookcorpus_tldr17,pair_wikitext_agnews,0.41816381024077226
null,vmf_pca100_lloyd100,reliability_across_halves,pair_bookcorpus_tldr17,pair_wikitext_agnews,0.05558264152106017
null,vmf_pca100_lloyd100_bm_degree,fidelity_across_halves,pair_bookcorpus_tldr17,pair_wikitext_agnews,0.583996462724067
null,vmf_pca100_lloyd100_bm_degree,reliability_across_halves,pair_bookcorpus_tldr17,pair_wikitext_agnews,0.04537271164786672
null,vmf_pca100_lloyd100_coassoc,fidelity_across_halves,pair_bookcorpus_tldr17,pair_wikitext_agnews,0.42979630558771126
null,vmf_pca100_lloyd100_coassoc,reliability_across_halves,pair_bookcorpus_tldr17,pair_wikitext_agnews,0.1836471768986828
null,(ceiling),fidelity_across_halves,pair_wikitext_tldr17,pair_bookcorpus_agnews,0.4009239732394349
null,vmf_pca100_lloyd100,fidelity_across_halves,pair_wikitext_tldr17,pair_bookcorpus_agnews,0.4569274135389858
null,vmf_pca100_lloyd100,reliability_across_halves,pair_wikitext_tldr17,pair_bookcorpus_agnews,0.05964168018902097
null,vmf_pca100_lloyd100_bm_degree,fidelity_across_halves,pair_wikitext_tldr17,pair_bookcorpus_agnews,0.600066708053356
null,vmf_pca100_lloyd100_bm_degree,reliability_across_halves,pair_wikitext_tldr17,pair_bookcorpus_agnews,0.042978426387965285
null,vmf_pca100_lloyd100_coassoc,fidelity_across_halves,pair_wikitext_tldr17,pair_bookcorpus_agnews,0.4646796903093051
null,vmf_pca100_lloyd100_coassoc,reliability_across_halves,pair_wikitext_tldr17,pair_bookcorpus_agnews,0.18476545349390186
null,(ceiling),fidelity_across_halves,pair_bookcorpus_agnews,pair_wikitext_tldr17,0.41607414999930775
null,vmf_pca100_lloyd100,fidelity_across_halves,pair_bookcorpus_agnews,pair_wikitext_tldr17,0.40199506142216074
null,vmf_pca100_lloyd100,reliability_across_halves,pair_bookcorpus_agnews,pair_wikitext_tldr17,0.05037760242791384
null,vmf_pca100_lloyd100_bm_degree,fidelity_across_halves,pair_bookcorpus_agnews,pair_wikitext_tldr17,0.5899996367177742
null,vmf_pca100_lloyd100_bm_degree,reliability_across_halves,pair_bookcorpus_agnews,pair_wikitext_tldr17,0.03980360436634972
null,vmf_pca100_lloyd100_coassoc,fidelity_across_halves,pair_bookcorpus_agnews,pair_wikitext_tldr17,0.4040255720002703
null,vmf_pca100_lloyd100_coassoc,reliability_across_halves,pair_bookcorpus_agnews,pair_wikitext_tldr17,0.2294894687988428
pnull,vmf_pca100_lloyd100,reliability_within_coassoc,wikitext,wikitext,0.03226041729024731
pnull,vmf_pca100_lloyd100,reliability_within,wikitext,wikitext,0.011642915310207277
pnull,vmf_pca100_lloyd100,fidelity_within,wikitext,wikitext,0.03888539529948398
pnull,vmf_pca100_lloyd100,fidelity_within_r,wikitext,wikitext,0.1971958033873322
pnull,vmf_pca100_lloyd100,fidelity_within_insample,wikitext,wikitext,0.03938052326209995
pnull,vmf_pca100_lloyd100,triviality_ami_layer,wikitext,wikitext,0.055338783498772526
pnull,vmf_pca100_lloyd100,triviality_ami_dimension,wikitext,wikitext,4.655500023612646e-05
pnull,vmf_pca100_lloyd100,triviality_ami_hubness,wikitext,wikitext,0.033154615037158164
pnull,vmf_pca100_lloyd100,triviality_n_effective_networks,wikitext,wikitext,100.0
pnull,vmf_pca100_lloyd100,triviality_entropy_effective_networks,wikitext,wikitext,64.88119771200837
pnull,vmf_pca100_lloyd100,triviality_median_max_membership,wikitext,wikitext,0.425
pnull,vmf_pca100_lloyd100,triviality_frac_confident,wikitext,wikitext,0.30408653846153844
rand,vmf_pca100_lloyd100,reliability_within,wikitext,wikitext,-0.00010739877534315935
rand,vmf_pca100_lloyd100,fidelity_within,wikitext,wikitext,0.0021177751913817877
rand,vmf_pca100_lloyd100,fidelity_within_r,wikitext,wikitext,0.046019891325299496
rand,vmf_pca100_lloyd100,fidelity_within_insample,wikitext,wikitext,0.0021421540472066347
rand,vmf_pca100_lloyd100,triviality_ami_layer,wikitext,wikitext,0.0007680746255304257
rand,vmf_pca100_lloyd100,triviality_ami_dimension,wikitext,wikitext,-0.0008154523541943833
rand,vmf_pca100_lloyd100,triviality_ami_hubness,wikitext,wikitext,0.00065683199262604
rand,vmf_pca100_lloyd100,triviality_n_effective_networks,wikitext,wikitext,100.0
rand,vmf_pca100_lloyd100,triviality_entropy_effective_networks,wikitext,wikitext,99.402277166107
rand,vmf_pca100_lloyd100,triviality_median_max_membership,wikitext,wikitext,1.0
rand,vmf_pca100_lloyd100,triviality_frac_confident,wikitext,wikitext,1.0
pnull,vmf_pca100_lloyd100_bm_degree,reliability_within_coassoc,wikitext,wikitext,0.03226041729024731
pnull,vmf_pca100_lloyd100_bm_degree,reliability_within,wikitext,wikitext,0.019016623543807176
pnull,vmf_pca100_lloyd100_bm_degree,fidelity_within,wikitext,wikitext,0.04876289474764184
pnull,vmf_pca100_lloyd100_bm_degree,fidelity_within_r,wikitext,wikitext,0.22082407005120697
pnull,vmf_pca100_lloyd100_bm_degree,fidelity_within_insample,wikitext,wikitext,0.04921088144743979
pnull,vmf_pca100_lloyd100_bm_degree,triviality_ami_layer,wikitext,wikitext,0.06024553377370654
pnull,vmf_pca100_lloyd100_bm_degree,triviality_ami_dimension,wikitext,wikitext,-0.00021261824247823785
pnull,vmf_pca100_lloyd100_bm_degree,triviality_ami_hubness,wikitext,wikitext,0.036079880877704584
pnull,vmf_pca100_lloyd100_bm_degree,triviality_n_effective_networks,wikitext,wikitext,100.0
pnull,vmf_pca100_lloyd100_bm_degree,triviality_entropy_effective_networks,wikitext,wikitext,65.79449761508147
pnull,vmf_pca100_lloyd100_bm_degree,triviality_median_max_membership,wikitext,wikitext,1.0
pnull,vmf_pca100_lloyd100_bm_degree,triviality_frac_confident,wikitext,wikitext,1.0
rand,vmf_pca100_lloyd100_bm_degree,reliability_within,wikitext,wikitext,-1.1567000797870484e-05
rand,vmf_pca100_lloyd100_bm_degree,fidelity_within,wikitext,wikitext,0.0023864719393011935
rand,vmf_pca100_lloyd100_bm_degree,fidelity_within_r,wikitext,wikitext,0.04885376598793821
rand,vmf_pca100_lloyd100_bm_degree,fidelity_within_insample,wikitext,wikitext,0.0023526855184480278
rand,vmf_pca100_lloyd100_bm_degree,triviality_ami_layer,wikitext,wikitext,-0.0003135455962452135
rand,vmf_pca100_lloyd100_bm_degree,triviality_ami_dimension,wikitext,wikitext,4.219246461633524e-05
rand,vmf_pca100_lloyd100_bm_degree,triviality_ami_hubness,wikitext,wikitext,0.00012925618701946554
rand,vmf_pca100_lloyd100_bm_degree,triviality_n_effective_networks,wikitext,wikitext,100.0
rand,vmf_pca100_lloyd100_bm_degree,triviality_entropy_effective_networks,wikitext,wikitext,99.66724994451816
rand,vmf_pca100_lloyd100_bm_degree,triviality_median_max_membership,wikitext,wikitext,1.0
rand,vmf_pca100_lloyd100_bm_degree,triviality_frac_confident,wikitext,wikitext,1.0
pnull,vmf_pca100_lloyd100_coassoc,reliability_within_coassoc,wikitext,wikitext,0.03226041729024731
pnull,vmf_pca100_lloyd100_coassoc,reliability_within,wikitext,wikitext,0.015809165665042417
pnull,vmf_pca100_lloyd100_coassoc,fidelity_within,wikitext,wikitext,0.038180836906035465
pnull,vmf_pca100_lloyd100_coassoc,fidelity_within_r,wikitext,wikitext,0.19540134236453138
pnull,vmf_pca100_lloyd100_coassoc,fidelity_within_insample,wikitext,wikitext,0.03868305367926861
pnull,vmf_pca100_lloyd100_coassoc,triviality_ami_layer,wikitext,wikitext,0.05662661226636004
pnull,vmf_pca100_lloyd100_coassoc,triviality_ami_dimension,wikitext,wikitext,-0.0020421789825346157
pnull,vmf_pca100_lloyd100_coassoc,triviality_ami_hubness,wikitext,wikitext,0.03483933545132775
pnull,vmf_pca100_lloyd100_coassoc,triviality_n_effective_networks,wikitext,wikitext,100.0
pnull,vmf_pca100_lloyd100_coassoc,triviality_entropy_effective_networks,wikitext,wikitext,52.06724950862551
pnull,vmf_pca100_lloyd100_coassoc,triviality_median_max_membership,wikitext,wikitext,1.0
pnull,vmf_pca100_lloyd100_coassoc,triviality_frac_confident,wikitext,wikitext,1.0
rand,vmf_pca100_lloyd100_coassoc,reliability_within,wikitext,wikitext,-2.3641098266419673e-05
rand,vmf_pca100_lloyd100_coassoc,fidelity_within,wikitext,wikitext,0.0019329408089773237
rand,vmf_pca100_lloyd100_coassoc,fidelity_within_r,wikitext,wikitext,0.04396552561472575
rand,vmf_pca100_lloyd100_coassoc,fidelity_within_insample,wikitext,wikitext,0.0019446633071221742
rand,vmf_pca100_lloyd100_coassoc,triviality_ami_layer,wikitext,wikitext,-0.0009590728207779776
rand,vmf_pca100_lloyd100_coassoc,triviality_ami_dimension,wikitext,wikitext,0.0004229815916520089
rand,vmf_pca100_lloyd100_coassoc,triviality_ami_hubness,wikitext,wikitext,-0.0009942692436085226
rand,vmf_pca100_lloyd100_coassoc,triviality_n_effective_networks,wikitext,wikitext,100.0
rand,vmf_pca100_lloyd100_coassoc,triviality_entropy_effective_networks,wikitext,wikitext,99.60244102076507
rand,vmf_pca100_lloyd100_coassoc,triviality_median_max_membership,wikitext,wikitext,1.0
rand,vmf_pca100_lloyd100_coassoc,triviality_frac_confident,wikitext,wikitext,1.0
pnull,vmf_pca100_lloyd100,reliability_within_coassoc,bookcorpus,bookcorpus,0.025106619236444805
pnull,vmf_pca100_lloyd100,reliability_within,bookcorpus,bookcorpus,0.009383126827618299
pnull,vmf_pca100_lloyd100,fidelity_within,bookcorpus,bookcorpus,0.04836267027616947
pnull,vmf_pca100_lloyd100,fidelity_within_r,bookcorpus,bookcorpus,0.21991798934149948
pnull,vmf_pca100_lloyd100,fidelity_within_insample,bookcorpus,bookcorpus,0.04837345871580201
pnull,vmf_pca100_lloyd100,triviality_ami_layer,bookcorpus,bookcorpus,0.03215512706402826
pnull,vmf_pca100_lloyd100,triviality_ami_dimension,bookcorpus,bookcorpus,0.0005282253521243183
pnull,vmf_pca100_lloyd100,triviality_ami_hubness,bookcorpus,bookcorpus,0.03609928825575448
pnull,vmf_pca100_lloyd100,triviality_n_effective_networks,bookcorpus,bookcorpus,100.0
pnull,vmf_pca100_lloyd100,triviality_entropy_effective_networks,bookcorpus,bookcorpus,56.125484771963684
pnull,vmf_pca100_lloyd100,triviality_median_max_membership,bookcorpus,bookcorpus,0.475
pnull,vmf_pca100_lloyd100,triviality_frac_confident,bookcorpus,bookcorpus,0.40414663461538464
rand,vmf_pca100_lloyd100,reliability_within,bookcorpus,bookcorpus,6.312824942080624e-05
rand,vmf_pca100_lloyd100,fidelity_within,bookcorpus,bookcorpus,0.0020660643158120218
rand,vmf_pca100_lloyd100,fidelity_within_r,bookcorpus,bookcorpus,0.045467633931980396
rand,vmf_pca100_lloyd100,fidelity_within_insample,bookcorpus,bookcorpus,0.0020537335290636838
rand,vmf_pca100_lloyd100,triviality_ami_layer,bookcorpus,bookcorpus,6.76767661516657e-05
rand,vmf_pca100_lloyd100,triviality_ami_dimension,bookcorpus,bookcorpus,0.00032274047568549047
rand,vmf_pca100_lloyd100,triviality_ami_hubness,bookcorpus,bookcorpus,-0.0005760940121354606
rand,vmf_pca100_lloyd100,triviality_n_effective_networks,bookcorpus,bookcorpus,100.0
rand,vmf_pca100_lloyd100,triviality_entropy_effective_networks,bookcorpus,bookcorpus,99.51438383535842
rand,vmf_pca100_lloyd100,triviality_median_max_membership,bookcorpus,bookcorpus,1.0
rand,vmf_pca100_lloyd100,triviality_frac_confident,bookcorpus,bookcorpus,1.0
pnull,vmf_pca100_lloyd100_bm_degree,reliability_within_coassoc,bookcorpus,bookcorpus,0.025106619236444805
pnull,vmf_pca100_lloyd100_bm_degree,reliability_within,bookcorpus,bookcorpus,0.014275150751699738
pnull,vmf_pca100_lloyd100_bm_degree,fidelity_within,bookcorpus,bookcorpus,0.05885614395301508
pnull,vmf_pca100_lloyd100_bm_degree,fidelity_within_r,bookcorpus,bookcorpus,0.24260548139697735
pnull,vmf_pca100_lloyd100_bm_degree,fidelity_within_insample,bookcorpus,bookcorpus,0.05885693835103234
pnull,vmf_pca100_lloyd100_bm_degree,triviality_ami_layer,bookcorpus,bookcorpus,0.030167704149417735
pnull,vmf_pca100_lloyd100_bm_degree,triviality_ami_dimension,bookcorpus,bookcorpus,-4.669056006315521e-05
pnull,vmf_pca100_lloyd100_bm_degree,triviality_ami_hubness,bookcorpus,bookcorpus,0.04083872892204658
pnull,vmf_pca100_lloyd100_bm_degree,triviality_n_effective_networks,bookcorpus,bookcorpus,100.0
pnull,vmf_pca100_lloyd100_bm_degree,triviality_entropy_effective_networks,bookcorpus,bookcorpus,55.11772698683567
pnull,vmf_pca100_lloyd100_bm_degree,triviality_median_max_membership,bookcorpus,bookcorpus,1.0
pnull,vmf_pca100_lloyd100_bm_degree,triviality_frac_confident,bookcorpus,bookcorpus,1.0
rand,vmf_pca100_lloyd100_bm_degree,reliability_within,bookcorpus,bookcorpus,-0.00013136961143855926
rand,vmf_pca100_lloyd100_bm_degree,fidelity_within,bookcorpus,bookcorpus,0.0021972478836168596
rand,vmf_pca100_lloyd100_bm_degree,fidelity_within_r,bookcorpus,bookcorpus,0.04688830636233214
rand,vmf_pca100_lloyd100_bm_degree,fidelity_within_insample,bookcorpus,bookcorpus,0.002227298244566911
rand,vmf_pca100_lloyd100_bm_degree,triviality_ami_layer,bookcorpus,bookcorpus,-0.00020785608150039188
rand,vmf_pca100_lloyd100_bm_degree,triviality_ami_dimension,bookcorpus,bookcorpus,-0.0007846035153683985
rand,vmf_pca100_lloyd100_bm_degree,triviality_ami_hubness,bookcorpus,bookcorpus,0.00047837241427390014
rand,vmf_pca100_lloyd100_bm_degree,triviality_n_effective_networks,bookcorpus,bookcorpus,100.0
rand,vmf_pca100_lloyd100_bm_degree,triviality_entropy_effective_networks,bookcorpus,bookcorpus,99.5024418713056
rand,vmf_pca100_lloyd100_bm_degree,triviality_median_max_membership,bookcorpus,bookcorpus,1.0
rand,vmf_pca100_lloyd100_bm_degree,triviality_frac_confident,bookcorpus,bookcorpus,1.0
pnull,vmf_pca100_lloyd100_coassoc,reliability_within_coassoc,bookcorpus,bookcorpus,0.025106619236444805
pnull,vmf_pca100_lloyd100_coassoc,reliability_within,bookcorpus,bookcorpus,0.017723562051799587
pnull,vmf_pca100_lloyd100_coassoc,fidelity_within,bookcorpus,bookcorpus,0.048676282585461306
pnull,vmf_pca100_lloyd100_coassoc,fidelity_within_r,bookcorpus,bookcorpus,0.2206299413627153
pnull,vmf_pca100_lloyd100_coassoc,fidelity_within_insample,bookcorpus,bookcorpus,0.048656315557992214
pnull,vmf_pca100_lloyd100_coassoc,triviality_ami_layer,bookcorpus,bookcorpus,0.03214937483926709
pnull,vmf_pca100_lloyd100_coassoc,triviality_ami_dimension,bookcorpus,bookcorpus,-0.00045284025917004294
pnull,vmf_pca100_lloyd100_coassoc,triviality_ami_hubness,bookcorpus,bookcorpus,0.03822197890672579
pnull,vmf_pca100_lloyd100_coassoc,triviality_n_effective_networks,bookcorpus,bookcorpus,100.0
pnull,vmf_pca100_lloyd100_coassoc,triviality_entropy_effective_networks,bookcorpus,bookcorpus,46.19379541250143
pnull,vmf_pca100_lloyd100_coassoc,triviality_median_max_membership,bookcorpus,bookcorpus,1.0
pnull,vmf_pca100_lloyd100_coassoc,triviality_frac_confident,bookcorpus,bookcorpus,1.0
rand,vmf_pca100_lloyd100_coassoc,reliability_within,bookcorpus,bookcorpus,8.655405655077478e-05
rand,vmf_pca100_lloyd100_coassoc,fidelity_within,bookcorpus,bookcorpus,0.0028912078081313464
rand,vmf_pca100_lloyd100_coassoc,fidelity_within_r,bookcorpus,bookcorpus,0.05378209077851642
rand,vmf_pca100_lloyd100_coassoc,fidelity_within_insample,bookcorpus,bookcorpus,0.0028643135782242535
rand,vmf_pca100_lloyd100_coassoc,triviality_ami_layer,bookcorpus,bookcorpus,-0.0005913561932892184
rand,vmf_pca100_lloyd100_coassoc,triviality_ami_dimension,bookcorpus,bookcorpus,-0.0003766443978711586
rand,vmf_pca100_lloyd100_coassoc,triviality_ami_hubness,bookcorpus,bookcorpus,-0.0004443850750989063
rand,vmf_pca100_lloyd100_coassoc,triviality_n_effective_networks,bookcorpus,bookcorpus,100.0
rand,vmf_pca100_lloyd100_coassoc,triviality_entropy_effective_networks,bookcorpus,bookcorpus,99.50578930496245
rand,vmf_pca100_lloyd100_coassoc,triviality_median_max_membership,bookcorpus,bookcorpus,1.0
rand,vmf_pca100_lloyd100_coassoc,triviality_frac_confident,bookcorpus,bookcorpus,1.0
pnull,vmf_pca100_lloyd100,reliability_within_coassoc,agnews,agnews,0.03641081212904286
pnull,vmf_pca100_lloyd100,reliability_within,agnews,agnews,0.013932994464978258
pnull,vmf_pca100_lloyd100,fidelity_within,agnews,agnews,0.044639688700304214
pnull,vmf_pca100_lloyd100,fidelity_within_r,agnews,agnews,0.21130256974046419
pnull,vmf_pca100_lloyd100,fidelity_within_insample,agnews,agnews,0.04535334360177801
pnull,vmf_pca100_lloyd100,triviality_ami_layer,agnews,agnews,0.04612611282338482
pnull,vmf_pca100_lloyd100,triviality_ami_dimension,agnews,agnews,-0.00015154573352327343
pnull,vmf_pca100_lloyd100,triviality_ami_hubness,agnews,agnews,0.04030358760455532
pnull,vmf_pca100_lloyd100,triviality_n_effective_networks,agnews,agnews,100.0
pnull,vmf_pca100_lloyd100,triviality_entropy_effective_networks,agnews,agnews,61.25540280127234
pnull,vmf_pca100_lloyd100,triviality_median_max_membership,agnews,agnews,0.4
pnull,vmf_pca100_lloyd100,triviality_frac_confident,agnews,agnews,0.25951522435897434
rand,vmf_pca100_lloyd100,reliability_within,agnews,agnews,7.067021386763438e-05
rand,vmf_pca100_lloyd100,fidelity_within,agnews,agnews,0.0017982485011547311
rand,vmf_pca100_lloyd100,fidelity_within_r,agnews,agnews,0.042462676918031565
rand,vmf_pca100_lloyd100,fidelity_within_insample,agnews,agnews,0.0018191052135543284
rand,vmf_pca100_lloyd100,triviality_ami_layer,agnews,agnews,0.000861474009142169
rand,vmf_pca100_lloyd100,triviality_ami_dimension,agnews,agnews,-0.000801271985116041
rand,vmf_pca100_lloyd100,triviality_ami_hubness,agnews,agnews,-0.00041906441171749416
rand,vmf_pca100_lloyd100,triviality_n_effective_networks,agnews,agnews,100.0
rand,vmf_pca100_lloyd100,triviality_entropy_effective_networks,agnews,agnews,99.51218705672812
rand,vmf_pca100_lloyd100,triviality_median_max_membership,agnews,agnews,1.0
rand,vmf_pca100_lloyd100,triviality_frac_confident,agnews,agnews,1.0
pnull,vmf_pca100_lloyd100_bm_degree,reliability_within_coassoc,agnews,agnews,0.03641081212904286
pnull,vmf_pca100_lloyd100_bm_degree,reliability_within,agnews,agnews,0.018427421737467017
pnull,vmf_pca100_lloyd100_bm_degree,fidelity_within,agnews,agnews,0.05371057568887194
pnull,vmf_pca100_lloyd100_bm_degree,fidelity_within_r,agnews,agnews,0.23177662983857664
pnull,vmf_pca100_lloyd100_bm_degree,fidelity_within_insample,agnews,agnews,0.05455406167225607
pnull,vmf_pca100_lloyd100_bm_degree,triviality_ami_layer,agnews,agnews,0.048898571942850626
pnull,vmf_pca100_lloyd100_bm_degree,triviality_ami_dimension,agnews,agnews,-0.0010765412161084429
pnull,vmf_pca100_lloyd100_bm_degree,triviality_ami_hubness,agnews,agnews,0.04173097330142752
pnull,vmf_pca100_lloyd100_bm_degree,triviality_n_effective_networks,agnews,agnews,100.0
pnull,vmf_pca100_lloyd100_bm_degree,triviality_entropy_effective_networks,agnews,agnews,62.14488172332746
pnull,vmf_pca100_lloyd100_bm_degree,triviality_median_max_membership,agnews,agnews,1.0
pnull,vmf_pca100_lloyd100_bm_degree,triviality_frac_confident,agnews,agnews,1.0
rand,vmf_pca100_lloyd100_bm_degree,reliability_within,agnews,agnews,-3.532025117203437e-05
rand,vmf_pca100_lloyd100_bm_degree,fidelity_within,agnews,agnews,0.002594522050348491
rand,vmf_pca100_lloyd100_bm_degree,fidelity_within_r,agnews,agnews,0.050984173389052305
rand,vmf_pca100_lloyd100_bm_degree,fidelity_within_insample,agnews,agnews,0.0026225932496193316
rand,vmf_pca100_lloyd100_bm_degree,triviality_ami_layer,agnews,agnews,0.0005113258254250957
rand,vmf_pca100_lloyd100_bm_degree,triviality_ami_dimension,agnews,agnews,0.00027469185217729095
rand,vmf_pca100_lloyd100_bm_degree,triviality_ami_hubness,agnews,agnews,-0.0003675629236428858
rand,vmf_pca100_lloyd100_bm_degree,triviality_n_effective_networks,agnews,agnews,100.0
rand,vmf_pca100_lloyd100_bm_degree,triviality_entropy_effective_networks,agnews,agnews,99.42441064820801
rand,vmf_pca100_lloyd100_bm_degree,triviality_median_max_membership,agnews,agnews,1.0
rand,vmf_pca100_lloyd100_bm_degree,triviality_frac_confident,agnews,agnews,1.0
pnull,vmf_pca100_lloyd100_coassoc,reliability_within_coassoc,agnews,agnews,0.03641081212904286
pnull,vmf_pca100_lloyd100_coassoc,reliability_within,agnews,agnews,0.017836527191171927
pnull,vmf_pca100_lloyd100_coassoc,fidelity_within,agnews,agnews,0.042862441798883655
pnull,vmf_pca100_lloyd100_coassoc,fidelity_within_r,agnews,agnews,0.20705391807288995
pnull,vmf_pca100_lloyd100_coassoc,fidelity_within_insample,agnews,agnews,0.043544603646973434
pnull,vmf_pca100_lloyd100_coassoc,triviality_ami_layer,agnews,agnews,0.04508876472846034
pnull,vmf_pca100_lloyd100_coassoc,triviality_ami_dimension,agnews,agnews,-0.0003271288350851182
pnull,vmf_pca100_lloyd100_coassoc,triviality_ami_hubness,agnews,agnews,0.041144995731102786
pnull,vmf_pca100_lloyd100_coassoc,triviality_n_effective_networks,agnews,agnews,100.0
pnull,vmf_pca100_lloyd100_coassoc,triviality_entropy_effective_networks,agnews,agnews,48.72114291886673
pnull,vmf_pca100_lloyd100_coassoc,triviality_median_max_membership,agnews,agnews,1.0
pnull,vmf_pca100_lloyd100_coassoc,triviality_frac_confident,agnews,agnews,1.0
rand,vmf_pca100_lloyd100_coassoc,reliability_within,agnews,agnews,0.0001311143711140826
rand,vmf_pca100_lloyd100_coassoc,fidelity_within,agnews,agnews,0.0019227082978287013
rand,vmf_pca100_lloyd100_coassoc,fidelity_within_r,agnews,agnews,0.04390328788573233
rand,vmf_pca100_lloyd100_coassoc,fidelity_within_insample,agnews,agnews,0.0019361222255720456
rand,vmf_pca100_lloyd100_coassoc,triviality_ami_layer,agnews,agnews,0.0006053345928354984
rand,vmf_pca100_lloyd100_coassoc,triviality_ami_dimension,agnews,agnews,-0.0006998835076851269
rand,vmf_pca100_lloyd100_coassoc,triviality_ami_hubness,agnews,agnews,-0.0012189813300794528
rand,vmf_pca100_lloyd100_coassoc,triviality_n_effective_networks,agnews,agnews,100.0
rand,vmf_pca100_lloyd100_coassoc,triviality_entropy_effective_networks,agnews,agnews,99.55974140121003
rand,vmf_pca100_lloyd100_coassoc,triviality_median_max_membership,agnews,agnews,1.0
rand,vmf_pca100_lloyd100_coassoc,triviality_frac_confident,agnews,agnews,1.0
pnull,vmf_pca100_lloyd100,reliability_within_coassoc,tldr17,tldr17,0.0330811241532826
pnull,vmf_pca100_lloyd100,reliability_within,tldr17,tldr17,0.012293217202483957
pnull,vmf_pca100_lloyd100,fidelity_within,tldr17,tldr17,0.03838854838134487
pnull,vmf_pca100_lloyd100,fidelity_within_r,tldr17,tldr17,0.19596230865139244
pnull,vmf_pca100_lloyd100,fidelity_within_insample,tldr17,tldr17,0.039667310019207314
pnull,vmf_pca100_lloyd100,triviality_ami_layer,tldr17,tldr17,0.0560834973748485
pnull,vmf_pca100_lloyd100,triviality_ami_dimension,tldr17,tldr17,-0.0005091775221107697
pnull,vmf_pca100_lloyd100,triviality_ami_hubness,tldr17,tldr17,0.03444374596928298
pnull,vmf_pca100_lloyd100,triviality_n_effective_networks,tldr17,tldr17,100.0
pnull,vmf_pca100_lloyd100,triviality_entropy_effective_networks,tldr17,tldr17,66.14536538762276
pnull,vmf_pca100_lloyd100,triviality_median_max_membership,tldr17,tldr17,0.4
pnull,vmf_pca100_lloyd100,triviality_frac_confident,tldr17,tldr17,0.254306891025641
rand,vmf_pca100_lloyd100,reliability_within,tldr17,tldr17,8.477387442690966e-05
rand,vmf_pca100_lloyd100,fidelity_within,tldr17,tldr17,0.0016445731929392027
rand,vmf_pca100_lloyd100,fidelity_within_r,tldr17,tldr17,0.04058438391129989
rand,vmf_pca100_lloyd100,fidelity_within_insample,tldr17,tldr17,0.0016609108655505356
rand,vmf_pca100_lloyd100,triviality_ami_layer,tldr17,tldr17,-0.0006992641627641137
rand,vmf_pca100_lloyd100,triviality_ami_dimension,tldr17,tldr17,0.0006131523555756306
rand,vmf_pca100_lloyd100,triviality_ami_hubness,tldr17,tldr17,-0.0009915109879390545
rand,vmf_pca100_lloyd100,triviality_n_effective_networks,tldr17,tldr17,100.0
rand,vmf_pca100_lloyd100,triviality_entropy_effective_networks,tldr17,tldr17,99.60780657916428
rand,vmf_pca100_lloyd100,triviality_median_max_membership,tldr17,tldr17,1.0
rand,vmf_pca100_lloyd100,triviality_frac_confident,tldr17,tldr17,1.0
pnull,vmf_pca100_lloyd100_bm_degree,reliability_within_coassoc,tldr17,tldr17,0.0330811241532826
pnull,vmf_pca100_lloyd100_bm_degree,reliability_within,tldr17,tldr17,0.014008142014984355
pnull,vmf_pca100_lloyd100_bm_degree,fidelity_within,tldr17,tldr17,0.04927806086897957
pnull,vmf_pca100_lloyd100_bm_degree,fidelity_within_r,tldr17,tldr17,0.22201411030678997
pnull,vmf_pca100_lloyd100_bm_degree,fidelity_within_insample,tldr17,tldr17,0.05069021613646596
pnull,vmf_pca100_lloyd100_bm_degree,triviality_ami_layer,tldr17,tldr17,0.0585956663910694
pnull,vmf_pca100_lloyd100_bm_degree,triviality_ami_dimension,tldr17,tldr17,0.00015896432198418944
pnull,vmf_pca100_lloyd100_bm_degree,triviality_ami_hubness,tldr17,tldr17,0.038612354243255584
pnull,vmf_pca100_lloyd100_bm_degree,triviality_n_effective_networks,tldr17,tldr17,100.0
pnull,vmf_pca100_lloyd100_bm_degree,triviality_entropy_effective_networks,tldr17,tldr17,62.2783868390283
pnull,vmf_pca100_lloyd100_bm_degree,triviality_median_max_membership,tldr17,tldr17,1.0
pnull,vmf_pca100_lloyd100_bm_degree,triviality_frac_confident,tldr17,tldr17,1.0
rand,vmf_pca100_lloyd100_bm_degree,reliability_within,tldr17,tldr17,5.07749300438769e-05
rand,vmf_pca100_lloyd100_bm_degree,fidelity_within,tldr17,tldr17,0.0016815959344503861
rand,vmf_pca100_lloyd100_bm_degree,fidelity_within_r,tldr17,tldr17,0.04105227607852215
rand,vmf_pca100_lloyd100_bm_degree,fidelity_within_insample,tldr17,tldr17,0.001776746510109506
rand,vmf_pca100_lloyd100_bm_degree,triviality_ami_layer,tldr17,tldr17,-0.0006774253685440688
rand,vmf_pca100_lloyd100_bm_degree,triviality_ami_dimension,tldr17,tldr17,-0.00014278948338351203
rand,vmf_pca100_lloyd100_bm_degree,triviality_ami_hubness,tldr17,tldr17,-0.00015104269591200694
rand,vmf_pca100_lloyd100_bm_degree,triviality_n_effective_networks,tldr17,tldr17,100.0
rand,vmf_pca100_lloyd100_bm_degree,triviality_entropy_effective_networks,tldr17,tldr17,99.56876330104473
rand,vmf_pca100_lloyd100_bm_degree,triviality_median_max_membership,tldr17,tldr17,1.0
rand,vmf_pca100_lloyd100_bm_degree,triviality_frac_confident,tldr17,tldr17,1.0
pnull,vmf_pca100_lloyd100_coassoc,reliability_within_coassoc,tldr17,tldr17,0.0330811241532826
pnull,vmf_pca100_lloyd100_coassoc,reliability_within,tldr17,tldr17,0.015908315644357872
pnull,vmf_pca100_lloyd100_coassoc,fidelity_within,tldr17,tldr17,0.03656554369562781
pnull,vmf_pca100_lloyd100_coassoc,fidelity_within_r,tldr17,tldr17,0.1912536661264299
pnull,vmf_pca100_lloyd100_coassoc,fidelity_within_insample,tldr17,tldr17,0.03779800578879966
pnull,vmf_pca100_lloyd100_coassoc,triviality_ami_layer,tldr17,tldr17,0.05517093554631738
pnull,vmf_pca100_lloyd100_coassoc,triviality_ami_dimension,tldr17,tldr17,0.0005595728253172005
pnull,vmf_pca100_lloyd100_coassoc,triviality_ami_hubness,tldr17,tldr17,0.03374255856061501
pnull,vmf_pca100_lloyd100_coassoc,triviality_n_effective_networks,tldr17,tldr17,100.0
pnull,vmf_pca100_lloyd100_coassoc,triviality_entropy_effective_networks,tldr17,tldr17,51.064070196885005
pnull,vmf_pca100_lloyd100_coassoc,triviality_median_max_membership,tldr17,tldr17,1.0
pnull,vmf_pca100_lloyd100_coassoc,triviality_frac_confident,tldr17,tldr17,1.0
rand,vmf_pca100_lloyd100_coassoc,reliability_within,tldr17,tldr17,1.700037844482104e-05
rand,vmf_pca100_lloyd100_coassoc,fidelity_within,tldr17,tldr17,0.0026119638052527483
rand,vmf_pca100_lloyd100_coassoc,fidelity_within_r,tldr17,tldr17,0.05113240965648532
rand,vmf_pca100_lloyd100_coassoc,fidelity_within_insample,tldr17,tldr17,0.0025881546376635978
rand,vmf_pca100_lloyd100_coassoc,triviality_ami_layer,tldr17,tldr17,0.0006747459784088659
rand,vmf_pca100_lloyd100_coassoc,triviality_ami_dimension,tldr17,tldr17,-0.0007401726812212718
rand,vmf_pca100_lloyd100_coassoc,triviality_ami_hubness,tldr17,tldr17,0.00047176487231030765
rand,vmf_pca100_lloyd100_coassoc,triviality_n_effective_networks,tldr17,tldr17,100.0
rand,vmf_pca100_lloyd100_coassoc,triviality_entropy_effective_networks,tldr17,tldr17,99.40117696245849
rand,vmf_pca100_lloyd100_coassoc,triviality_median_max_membership,tldr17,tldr17,1.0
rand,vmf_pca100_lloyd100_coassoc,triviality_frac_confident,tldr17,tldr17,1.0
pnull,vmf_pca100_lloyd100,reliability_within_coassoc,lodo_wikitext,lodo_wikitext,0.044027397610077054
pnull,vmf_pca100_lloyd100,reliability_within,lodo_wikitext,lodo_wikitext,0.013940875878543962
pnull,vmf_pca100_lloyd100,fidelity_within,lodo_wikitext,lodo_wikitext,0.04677283836484092
pnull,vmf_pca100_lloyd100,fidelity_within_r,lodo_wikitext,lodo_wikitext,0.2162767894205382
pnull,vmf_pca100_lloyd100,fidelity_within_insample,lodo_wikitext,lodo_wikitext,0.0471939331973269
pnull,vmf_pca100_lloyd100,triviality_ami_layer,lodo_wikitext,lodo_wikitext,0.05965573087221119
pnull,vmf_pca100_lloyd100,triviality_ami_dimension,lodo_wikitext,lodo_wikitext,-0.00017266303020385896
pnull,vmf_pca100_lloyd100,triviality_ami_hubness,lodo_wikitext,lodo_wikitext,0.04013308098222943
pnull,vmf_pca100_lloyd100,triviality_n_effective_networks,lodo_wikitext,lodo_wikitext,100.0
pnull,vmf_pca100_lloyd100,triviality_entropy_effective_networks,lodo_wikitext,lodo_wikitext,60.25986905110008
pnull,vmf_pca100_lloyd100,triviality_median_max_membership,lodo_wikitext,lodo_wikitext,0.325
pnull,vmf_pca100_lloyd100,triviality_frac_confident,lodo_wikitext,lodo_wikitext,0.15334535256410256
rand,vmf_pca100_lloyd100,reliability_within,lodo_wikitext,lodo_wikitext,0.00015502346908178682
rand,vmf_pca100_lloyd100,fidelity_within,lodo_wikitext,lodo_wikitext,0.0018595649313070117
rand,vmf_pca100_lloyd100,fidelity_within_r,lodo_wikitext,lodo_wikitext,0.04314898404301412
rand,vmf_pca100_lloyd100,fidelity_within_insample,lodo_wikitext,lodo_wikitext,0.0018598316774746104
rand,vmf_pca100_lloyd100,triviality_ami_layer,lodo_wikitext,lodo_wikitext,-0.0013886525914627531
rand,vmf_pca100_lloyd100,triviality_ami_dimension,lodo_wikitext,lodo_wikitext,-0.00021536053936721032
rand,vmf_pca100_lloyd100,triviality_ami_hubness,lodo_wikitext,lodo_wikitext,-0.0007522025423552172
rand,vmf_pca100_lloyd100,triviality_n_effective_networks,lodo_wikitext,lodo_wikitext,100.0
rand,vmf_pca100_lloyd100,triviality_entropy_effective_networks,lodo_wikitext,lodo_wikitext,99.43834818447851
rand,vmf_pca100_lloyd100,triviality_median_max_membership,lodo_wikitext,lodo_wikitext,1.0
rand,vmf_pca100_lloyd100,triviality_frac_confident,lodo_wikitext,lodo_wikitext,1.0
pnull,vmf_pca100_lloyd100_bm_degree,reliability_within_coassoc,lodo_wikitext,lodo_wikitext,0.044027397610077054
pnull,vmf_pca100_lloyd100_bm_degree,reliability_within,lodo_wikitext,lodo_wikitext,0.017672938531101415
pnull,vmf_pca100_lloyd100_bm_degree,fidelity_within,lodo_wikitext,lodo_wikitext,0.05479065870997524
pnull,vmf_pca100_lloyd100_bm_degree,fidelity_within_r,lodo_wikitext,lodo_wikitext,0.23407982654858772
pnull,vmf_pca100_lloyd100_bm_degree,fidelity_within_insample,lodo_wikitext,lodo_wikitext,0.05521957633702679
pnull,vmf_pca100_lloyd100_bm_degree,triviality_ami_layer,lodo_wikitext,lodo_wikitext,0.06368613830273898
pnull,vmf_pca100_lloyd100_bm_degree,triviality_ami_dimension,lodo_wikitext,lodo_wikitext,0.0002620786018269339
pnull,vmf_pca100_lloyd100_bm_degree,triviality_ami_hubness,lodo_wikitext,lodo_wikitext,0.04230849851354498
pnull,vmf_pca100_lloyd100_bm_degree,triviality_n_effective_networks,lodo_wikitext,lodo_wikitext,100.0
pnull,vmf_pca100_lloyd100_bm_degree,triviality_entropy_effective_networks,lodo_wikitext,lodo_wikitext,62.97078988801048
pnull,vmf_pca100_lloyd100_bm_degree,triviality_median_max_membership,lodo_wikitext,lodo_wikitext,1.0
pnull,vmf_pca100_lloyd100_bm_degree,triviality_frac_confident,lodo_wikitext,lodo_wikitext,1.0
rand,vmf_pca100_lloyd100_bm_degree,reliability_within,lodo_wikitext,lodo_wikitext,4.118516042517129e-05
rand,vmf_pca100_lloyd100_bm_degree,fidelity_within,lodo_wikitext,lodo_wikitext,0.0021992309883189787
rand,vmf_pca100_lloyd100_bm_degree,fidelity_within_r,lodo_wikitext,lodo_wikitext,0.046920423366501984
rand,vmf_pca100_lloyd100_bm_degree,fidelity_within_insample,lodo_wikitext,lodo_wikitext,0.002222397615748717
rand,vmf_pca100_lloyd100_bm_degree,triviality_ami_layer,lodo_wikitext,lodo_wikitext,-0.0008912759361073567
rand,vmf_pca100_lloyd100_bm_degree,triviality_ami_dimension,lodo_wikitext,lodo_wikitext,-0.0011979727195057695
rand,vmf_pca100_lloyd100_bm_degree,triviality_ami_hubness,lodo_wikitext,lodo_wikitext,0.0004271502225803899
rand,vmf_pca100_lloyd100_bm_degree,triviality_n_effective_networks,lodo_wikitext,lodo_wikitext,100.0
rand,vmf_pca100_lloyd100_bm_degree,triviality_entropy_effective_networks,lodo_wikitext,lodo_wikitext,99.5114069399452
rand,vmf_pca100_lloyd100_bm_degree,triviality_median_max_membership,lodo_wikitext,lodo_wikitext,1.0
rand,vmf_pca100_lloyd100_bm_degree,triviality_frac_confident,lodo_wikitext,lodo_wikitext,1.0
pnull,vmf_pca100_lloyd100_coassoc,reliability_within_coassoc,lodo_wikitext,lodo_wikitext,0.044027397610077054
pnull,vmf_pca100_lloyd100_coassoc,reliability_within,lodo_wikitext,lodo_wikitext,0.02253835150446228
pnull,vmf_pca100_lloyd100_coassoc,fidelity_within,lodo_wikitext,lodo_wikitext,0.04599131682978819
pnull,vmf_pca100_lloyd100_coassoc,fidelity_within_r,lodo_wikitext,lodo_wikitext,0.21446218312978915
pnull,vmf_pca100_lloyd100_coassoc,fidelity_within_insample,lodo_wikitext,lodo_wikitext,0.046377305462809826
pnull,vmf_pca100_lloyd100_coassoc,triviality_ami_layer,lodo_wikitext,lodo_wikitext,0.06153631675529009
pnull,vmf_pca100_lloyd100_coassoc,triviality_ami_dimension,lodo_wikitext,lodo_wikitext,-2.204688490553129e-05
pnull,vmf_pca100_lloyd100_coassoc,triviality_ami_hubness,lodo_wikitext,lodo_wikitext,0.040785705647588204
pnull,vmf_pca100_lloyd100_coassoc,triviality_n_effective_networks,lodo_wikitext,lodo_wikitext,100.0
pnull,vmf_pca100_lloyd100_coassoc,triviality_entropy_effective_networks,lodo_wikitext,lodo_wikitext,41.01144224587627
pnull,vmf_pca100_lloyd100_coassoc,triviality_median_max_membership,lodo_wikitext,lodo_wikitext,1.0
pnull,vmf_pca100_lloyd100_coassoc,triviality_frac_confident,lodo_wikitext,lodo_wikitext,1.0
rand,vmf_pca100_lloyd100_coassoc,reliability_within,lodo_wikitext,lodo_wikitext,-5.501939504173214e-05
rand,vmf_pca100_lloyd100_coassoc,fidelity_within,lodo_wikitext,lodo_wikitext,0.002248604459894832
rand,vmf_pca100_lloyd100_coassoc,fidelity_within_r,lodo_wikitext,lodo_wikitext,0.04744336756784494
rand,vmf_pca100_lloyd100_coassoc,fidelity_within_insample,lodo_wikitext,lodo_wikitext,0.002250015614294276
rand,vmf_pca100_lloyd100_coassoc,triviality_ami_layer,lodo_wikitext,lodo_wikitext,0.000650065323408041
rand,vmf_pca100_lloyd100_coassoc,triviality_ami_dimension,lodo_wikitext,lodo_wikitext,-0.0004585529603960729
rand,vmf_pca100_lloyd100_coassoc,triviality_ami_hubness,lodo_wikitext,lodo_wikitext,-0.00022339134104413432
rand,vmf_pca100_lloyd100_coassoc,triviality_n_effective_networks,lodo_wikitext,lodo_wikitext,100.0
rand,vmf_pca100_lloyd100_coassoc,triviality_entropy_effective_networks,lodo_wikitext,lodo_wikitext,99.46200196887519
rand,vmf_pca100_lloyd100_coassoc,triviality_median_max_membership,lodo_wikitext,lodo_wikitext,1.0
rand,vmf_pca100_lloyd100_coassoc,triviality_frac_confident,lodo_wikitext,lodo_wikitext,1.0
pnull,vmf_pca100_lloyd100,reliability_within_coassoc,lodo_bookcorpus,lodo_bookcorpus,0.04758050433880984
pnull,vmf_pca100_lloyd100,reliability_within,lodo_bookcorpus,lodo_bookcorpus,0.01274723165161875
pnull,vmf_pca100_lloyd100,fidelity_within,lodo_bookcorpus,lodo_bookcorpus,0.04416830810333283
pnull,vmf_pca100_lloyd100,fidelity_within_r,lodo_bookcorpus,lodo_bookcorpus,0.21016919882062643
pnull,vmf_pca100_lloyd100,fidelity_within_insample,lodo_bookcorpus,lodo_bookcorpus,0.0445635967828355
pnull,vmf_pca100_lloyd100,triviality_ami_layer,lodo_bookcorpus,lodo_bookcorpus,0.06566439030678028
pnull,vmf_pca100_lloyd100,triviality_ami_dimension,lodo_bookcorpus,lodo_bookcorpus,-0.0010737366641466663
pnull,vmf_pca100_lloyd100,triviality_ami_hubness,lodo_bookcorpus,lodo_bookcorpus,0.03816742891523472
pnull,vmf_pca100_lloyd100,triviality_n_effective_networks,lodo_bookcorpus,lodo_bookcorpus,100.0
pnull,vmf_pca100_lloyd100,triviality_entropy_effective_networks,lodo_bookcorpus,lodo_bookcorpus,64.40001070053562
pnull,vmf_pca100_lloyd100,triviality_median_max_membership,lodo_bookcorpus,lodo_bookcorpus,0.3
pnull,vmf_pca100_lloyd100,triviality_frac_confident,lodo_bookcorpus,lodo_bookcorpus,0.08153044871794872
rand,vmf_pca100_lloyd100,reliability_within,lodo_bookcorpus,lodo_bookcorpus,-2.6697631944169227e-06
rand,vmf_pca100_lloyd100,fidelity_within,lodo_bookcorpus,lodo_bookcorpus,0.0020866655528554157
rand,vmf_pca100_lloyd100,fidelity_within_r,lodo_bookcorpus,lodo_bookcorpus,0.04570680327471846
rand,vmf_pca100_lloyd100,fidelity_within_insample,lodo_bookcorpus,lodo_bookcorpus,0.0021081212026310414
rand,vmf_pca100_lloyd100,triviality_ami_layer,lodo_bookcorpus,lodo_bookcorpus,0.0004420505242964627
rand,vmf_pca100_lloyd100,triviality_ami_dimension,lodo_bookcorpus,lodo_bookcorpus,0.0004627568155755505
rand,vmf_pca100_lloyd100,triviality_ami_hubness,lodo_bookcorpus,lodo_bookcorpus,0.000664549639888307
rand,vmf_pca100_lloyd100,triviality_n_effective_networks,lodo_bookcorpus,lodo_bookcorpus,100.0
rand,vmf_pca100_lloyd100,triviality_entropy_effective_networks,lodo_bookcorpus,lodo_bookcorpus,99.50016455649944
rand,vmf_pca100_lloyd100,triviality_median_max_membership,lodo_bookcorpus,lodo_bookcorpus,1.0
rand,vmf_pca100_lloyd100,triviality_frac_confident,lodo_bookcorpus,lodo_bookcorpus,1.0
pnull,vmf_pca100_lloyd100_bm_degree,reliability_within_coassoc,lodo_bookcorpus,lodo_bookcorpus,0.04758050433880984
pnull,vmf_pca100_lloyd100_bm_degree,reliability_within,lodo_bookcorpus,lodo_bookcorpus,0.01659568830170069
pnull,vmf_pca100_lloyd100_bm_degree,fidelity_within,lodo_bookcorpus,lodo_bookcorpus,0.05370183667628892
pnull,vmf_pca100_lloyd100_bm_degree,fidelity_within_r,lodo_bookcorpus,lodo_bookcorpus,0.23174268231307613
pnull,vmf_pca100_lloyd100_bm_degree,fidelity_within_insample,lodo_bookcorpus,lodo_bookcorpus,0.054172276957769605
pnull,vmf_pca100_lloyd100_bm_degree,triviality_ami_layer,lodo_bookcorpus,lodo_bookcorpus,0.06877944416900855
pnull,vmf_pca100_lloyd100_bm_degree,triviality_ami_dimension,lodo_bookcorpus,lodo_bookcorpus,-0.0007309208060103916
pnull,vmf_pca100_lloyd100_bm_degree,triviality_ami_hubness,lodo_bookcorpus,lodo_bookcorpus,0.04085739472489297
pnull,vmf_pca100_lloyd100_bm_degree,triviality_n_effective_networks,lodo_bookcorpus,lodo_bookcorpus,100.0
pnull,vmf_pca100_lloyd100_bm_degree,triviality_entropy_effective_networks,lodo_bookcorpus,lodo_bookcorpus,67.72236446209038
pnull,vmf_pca100_lloyd100_bm_degree,triviality_median_max_membership,lodo_bookcorpus,lodo_bookcorpus,1.0
pnull,vmf_pca100_lloyd100_bm_degree,triviality_frac_confident,lodo_bookcorpus,lodo_bookcorpus,1.0
rand,vmf_pca100_lloyd100_bm_degree,reliability_within,lodo_bookcorpus,lodo_bookcorpus,3.4037025828742885e-05
rand,vmf_pca100_lloyd100_bm_degree,fidelity_within,lodo_bookcorpus,lodo_bookcorpus,0.002011707592451506
rand,vmf_pca100_lloyd100_bm_degree,fidelity_within_r,lodo_bookcorpus,lodo_bookcorpus,0.0448793866413671
rand,vmf_pca100_lloyd100_bm_degree,fidelity_within_insample,lodo_bookcorpus,lodo_bookcorpus,0.0020067767096906275
rand,vmf_pca100_lloyd100_bm_degree,triviality_ami_layer,lodo_bookcorpus,lodo_bookcorpus,0.0007463752711176963
rand,vmf_pca100_lloyd100_bm_degree,triviality_ami_dimension,lodo_bookcorpus,lodo_bookcorpus,-0.0003017396951537753
rand,vmf_pca100_lloyd100_bm_degree,triviality_ami_hubness,lodo_bookcorpus,lodo_bookcorpus,2.9873382498428418e-05
rand,vmf_pca100_lloyd100_bm_degree,triviality_n_effective_networks,lodo_bookcorpus,lodo_bookcorpus,100.0
rand,vmf_pca100_lloyd100_bm_degree,triviality_entropy_effective_networks,lodo_bookcorpus,lodo_bookcorpus,99.4879935964422
rand,vmf_pca100_lloyd100_bm_degree,triviality_median_max_membership,lodo_bookcorpus,lodo_bookcorpus,1.0
rand,vmf_pca100_lloyd100_bm_degree,triviality_frac_confident,lodo_bookcorpus,lodo_bookcorpus,1.0
pnull,vmf_pca100_lloyd100_coassoc,reliability_within_coassoc,lodo_bookcorpus,lodo_bookcorpus,0.04758050433880984
pnull,vmf_pca100_lloyd100_coassoc,reliability_within,lodo_bookcorpus,lodo_bookcorpus,0.02538785672653187
pnull,vmf_pca100_lloyd100_coassoc,fidelity_within,lodo_bookcorpus,lodo_bookcorpus,0.0434692275679438
pnull,vmf_pca100_lloyd100_coassoc,fidelity_within_r,lodo_bookcorpus,lodo_bookcorpus,0.2084996858654057
pnull,vmf_pca100_lloyd100_coassoc,fidelity_within_insample,lodo_bookcorpus,lodo_bookcorpus,0.043895690231696594
pnull,vmf_pca100_lloyd100_coassoc,triviality_ami_layer,lodo_bookcorpus,lodo_bookcorpus,0.0668756947923007
pnull,vmf_pca100_lloyd100_coassoc,triviality_ami_dimension,lodo_bookcorpus,lodo_bookcorpus,-0.0004761384887940135
pnull,vmf_pca100_lloyd100_coassoc,triviality_ami_hubness,lodo_bookcorpus,lodo_bookcorpus,0.03889084264762641
pnull,vmf_pca100_lloyd100_coassoc,triviality_n_effective_networks,lodo_bookcorpus,lodo_bookcorpus,100.0
pnull,vmf_pca100_lloyd100_coassoc,triviality_entropy_effective_networks,lodo_bookcorpus,lodo_bookcorpus,47.37877509628134
pnull,vmf_pca100_lloyd100_coassoc,triviality_median_max_membership,lodo_bookcorpus,lodo_bookcorpus,1.0
pnull,vmf_pca100_lloyd100_coassoc,triviality_frac_confident,lodo_bookcorpus,lodo_bookcorpus,1.0
rand,vmf_pca100_lloyd100_coassoc,reliability_within,lodo_bookcorpus,lodo_bookcorpus,1.1490340687485601e-06
rand,vmf_pca100_lloyd100_coassoc,fidelity_within,lodo_bookcorpus,lodo_bookcorpus,0.0025639574963131073
rand,vmf_pca100_lloyd100_coassoc,fidelity_within_r,lodo_bookcorpus,lodo_bookcorpus,0.05066009951253261
rand,vmf_pca100_lloyd100_coassoc,fidelity_within_insample,lodo_bookcorpus,lodo_bookcorpus,0.002549782063248407
rand,vmf_pca100_lloyd100_coassoc,triviality_ami_layer,lodo_bookcorpus,lodo_bookcorpus,6.737436133984317e-05
rand,vmf_pca100_lloyd100_coassoc,triviality_ami_dimension,lodo_bookcorpus,lodo_bookcorpus,0.0005820378270699222
rand,vmf_pca100_lloyd100_coassoc,triviality_ami_hubness,lodo_bookcorpus,lodo_bookcorpus,0.0007407581589609746
rand,vmf_pca100_lloyd100_coassoc,triviality_n_effective_networks,lodo_bookcorpus,lodo_bookcorpus,100.0
rand,vmf_pca100_lloyd100_coassoc,triviality_entropy_effective_networks,lodo_bookcorpus,lodo_bookcorpus,99.59595872928796
rand,vmf_pca100_lloyd100_coassoc,triviality_median_max_membership,lodo_bookcorpus,lodo_bookcorpus,1.0
rand,vmf_pca100_lloyd100_coassoc,triviality_frac_confident,lodo_bookcorpus,lodo_bookcorpus,1.0
pnull,vmf_pca100_lloyd100,reliability_within_coassoc,lodo_agnews,lodo_agnews,0.04087084236777426
pnull,vmf_pca100_lloyd100,reliability_within,lodo_agnews,lodo_agnews,0.01207139615754286
pnull,vmf_pca100_lloyd100,fidelity_within,lodo_agnews,lodo_agnews,0.04729763136387688
pnull,vmf_pca100_lloyd100,fidelity_within_r,lodo_agnews,lodo_agnews,0.21749460791916492
pnull,vmf_pca100_lloyd100,fidelity_within_insample,lodo_agnews,lodo_agnews,0.04770570188685097
pnull,vmf_pca100_lloyd100,triviality_ami_layer,lodo_agnews,lodo_agnews,0.06104300314833627
pnull,vmf_pca100_lloyd100,triviality_ami_dimension,lodo_agnews,lodo_agnews,7.134222118921256e-06
pnull,vmf_pca100_lloyd100,triviality_ami_hubness,lodo_agnews,lodo_agnews,0.03895585071715616
pnull,vmf_pca100_lloyd100,triviality_n_effective_networks,lodo_agnews,lodo_agnews,100.0
pnull,vmf_pca100_lloyd100,triviality_entropy_effective_networks,lodo_agnews,lodo_agnews,61.603761689422186
pnull,vmf_pca100_lloyd100,triviality_median_max_membership,lodo_agnews,lodo_agnews,0.325
pnull,vmf_pca100_lloyd100,triviality_frac_confident,lodo_agnews,lodo_agnews,0.13401442307692307
rand,vmf_pca100_lloyd100,reliability_within,lodo_agnews,lodo_agnews,0.00011140117946399817
rand,vmf_pca100_lloyd100,fidelity_within,lodo_agnews,lodo_agnews,0.0016934445470371262
rand,vmf_pca100_lloyd100,fidelity_within_r,lodo_agnews,lodo_agnews,0.04122718553695576
rand,vmf_pca100_lloyd100,fidelity_within_insample,lodo_agnews,lodo_agnews,0.0016818724292693155
rand,vmf_pca100_lloyd100,triviality_ami_layer,lodo_agnews,lodo_agnews,0.0004702195576834193
rand,vmf_pca100_lloyd100,triviality_ami_dimension,lodo_agnews,lodo_agnews,-7.276427112019136e-05
rand,vmf_pca100_lloyd100,triviality_ami_hubness,lodo_agnews,lodo_agnews,-0.0004089829781057731
rand,vmf_pca100_lloyd100,triviality_n_effective_networks,lodo_agnews,lodo_agnews,100.0
rand,vmf_pca100_lloyd100,triviality_entropy_effective_networks,lodo_agnews,lodo_agnews,99.51879808216228
rand,vmf_pca100_lloyd100,triviality_median_max_membership,lodo_agnews,lodo_agnews,1.0
rand,vmf_pca100_lloyd100,triviality_frac_confident,lodo_agnews,lodo_agnews,1.0
pnull,vmf_pca100_lloyd100_bm_degree,reliability_within_coassoc,lodo_agnews,lodo_agnews,0.04087084236777426
pnull,vmf_pca100_lloyd100_bm_degree,reliability_within,lodo_agnews,lodo_agnews,0.017738235348695296
pnull,vmf_pca100_lloyd100_bm_degree,fidelity_within,lodo_agnews,lodo_agnews,0.056036531656109
pnull,vmf_pca100_lloyd100_bm_degree,fidelity_within_r,lodo_agnews,lodo_agnews,0.23673332641150532
pnull,vmf_pca100_lloyd100_bm_degree,fidelity_within_insample,lodo_agnews,lodo_agnews,0.056346994089307545
pnull,vmf_pca100_lloyd100_bm_degree,triviality_ami_layer,lodo_agnews,lodo_agnews,0.06399517364897783
pnull,vmf_pca100_lloyd100_bm_degree,triviality_ami_dimension,lodo_agnews,lodo_agnews,0.00018423274111129955
pnull,vmf_pca100_lloyd100_bm_degree,triviality_ami_hubness,lodo_agnews,lodo_agnews,0.03989852034245532
pnull,vmf_pca100_lloyd100_bm_degree,triviality_n_effective_networks,lodo_agnews,lodo_agnews,100.0
pnull,vmf_pca100_lloyd100_bm_degree,triviality_entropy_effective_networks,lodo_agnews,lodo_agnews,64.33600009517332
pnull,vmf_pca100_lloyd100_bm_degree,triviality_median_max_membership,lodo_agnews,lodo_agnews,1.0
pnull,vmf_pca100_lloyd100_bm_degree,triviality_frac_confident,lodo_agnews,lodo_agnews,1.0
rand,vmf_pca100_lloyd100_bm_degree,reliability_within,lodo_agnews,lodo_agnews,-1.15936512365675e-05
rand,vmf_pca100_lloyd100_bm_degree,fidelity_within,lodo_agnews,lodo_agnews,0.0019218285992879114
rand,vmf_pca100_lloyd100_bm_degree,fidelity_within_r,lodo_agnews,lodo_agnews,0.043908572340164966
rand,vmf_pca100_lloyd100_bm_degree,fidelity_within_insample,lodo_agnews,lodo_agnews,0.001937767113161959
rand,vmf_pca100_lloyd100_bm_degree,triviality_ami_layer,lodo_agnews,lodo_agnews,5.247050485240856e-05
rand,vmf_pca100_lloyd100_bm_degree,triviality_ami_dimension,lodo_agnews,lodo_agnews,0.0008965846124810055
rand,vmf_pca100_lloyd100_bm_degree,triviality_ami_hubness,lodo_agnews,lodo_agnews,0.0002592551788971901
rand,vmf_pca100_lloyd100_bm_degree,triviality_n_effective_networks,lodo_agnews,lodo_agnews,100.0
rand,vmf_pca100_lloyd100_bm_degree,triviality_entropy_effective_networks,lodo_agnews,lodo_agnews,99.4708391455531
rand,vmf_pca100_lloyd100_bm_degree,triviality_median_max_membership,lodo_agnews,lodo_agnews,1.0
rand,vmf_pca100_lloyd100_bm_degree,triviality_frac_confident,lodo_agnews,lodo_agnews,1.0
pnull,vmf_pca100_lloyd100_coassoc,reliability_within_coassoc,lodo_agnews,lodo_agnews,0.04087084236777426
pnull,vmf_pca100_lloyd100_coassoc,reliability_within,lodo_agnews,lodo_agnews,0.018384384401666447
pnull,vmf_pca100_lloyd100_coassoc,fidelity_within,lodo_agnews,lodo_agnews,0.04693012159417931
pnull,vmf_pca100_lloyd100_coassoc,fidelity_within_r,lodo_agnews,lodo_agnews,0.21664802004933625
pnull,vmf_pca100_lloyd100_coassoc,fidelity_within_insample,lodo_agnews,lodo_agnews,0.04731698283522079
pnull,vmf_pca100_lloyd100_coassoc,triviality_ami_layer,lodo_agnews,lodo_agnews,0.0637547567864901
pnull,vmf_pca100_lloyd100_coassoc,triviality_ami_dimension,lodo_agnews,lodo_agnews,-0.00031477790036090955
pnull,vmf_pca100_lloyd100_coassoc,triviality_ami_hubness,lodo_agnews,lodo_agnews,0.039789615646379096
pnull,vmf_pca100_lloyd100_coassoc,triviality_n_effective_networks,lodo_agnews,lodo_agnews,100.0
pnull,vmf_pca100_lloyd100_coassoc,triviality_entropy_effective_networks,lodo_agnews,lodo_agnews,42.2118202826023
pnull,vmf_pca100_lloyd100_coassoc,triviality_median_max_membership,lodo_agnews,lodo_agnews,1.0
pnull,vmf_pca100_lloyd100_coassoc,triviality_frac_confident,lodo_agnews,lodo_agnews,1.0
rand,vmf_pca100_lloyd100_coassoc,reliability_within,lodo_agnews,lodo_agnews,-4.9898646083828326e-05
rand,vmf_pca100_lloyd100_coassoc,fidelity_within,lodo_agnews,lodo_agnews,0.001995219426026207
rand,vmf_pca100_lloyd100_coassoc,fidelity_within_r,lodo_agnews,lodo_agnews,0.04473650420057884
rand,vmf_pca100_lloyd100_coassoc,fidelity_within_insample,lodo_agnews,lodo_agnews,0.002008265535234366
rand,vmf_pca100_lloyd100_coassoc,triviality_ami_layer,lodo_agnews,lodo_agnews,-0.0006470866790042214
rand,vmf_pca100_lloyd100_coassoc,triviality_ami_dimension,lodo_agnews,lodo_agnews,3.066001161865874e-05
rand,vmf_pca100_lloyd100_coassoc,triviality_ami_hubness,lodo_agnews,lodo_agnews,0.0006459830258981455
rand,vmf_pca100_lloyd100_coassoc,triviality_n_effective_networks,lodo_agnews,lodo_agnews,100.0
rand,vmf_pca100_lloyd100_coassoc,triviality_entropy_effective_networks,lodo_agnews,lodo_agnews,99.49735942990102
rand,vmf_pca100_lloyd100_coassoc,triviality_median_max_membership,lodo_agnews,lodo_agnews,1.0
rand,vmf_pca100_lloyd100_coassoc,triviality_frac_confident,lodo_agnews,lodo_agnews,1.0
pnull,vmf_pca100_lloyd100,reliability_within_coassoc,lodo_tldr17,lodo_tldr17,0.045681982059147364
pnull,vmf_pca100_lloyd100,reliability_within,lodo_tldr17,lodo_tldr17,0.015382178554746093
pnull,vmf_pca100_lloyd100,fidelity_within,lodo_tldr17,lodo_tldr17,0.04838366725699861
pnull,vmf_pca100_lloyd100,fidelity_within_r,lodo_tldr17,lodo_tldr17,0.2199694214661077
pnull,vmf_pca100_lloyd100,fidelity_within_insample,lodo_tldr17,lodo_tldr17,0.04862163022838217
pnull,vmf_pca100_lloyd100,triviality_ami_layer,lodo_tldr17,lodo_tldr17,0.05782890453531961
pnull,vmf_pca100_lloyd100,triviality_ami_dimension,lodo_tldr17,lodo_tldr17,-0.0010574246796410352
pnull,vmf_pca100_lloyd100,triviality_ami_hubness,lodo_tldr17,lodo_tldr17,0.04153846760597016
pnull,vmf_pca100_lloyd100,triviality_n_effective_networks,lodo_tldr17,lodo_tldr17,100.0
pnull,vmf_pca100_lloyd100,triviality_entropy_effective_networks,lodo_tldr17,lodo_tldr17,61.172914121036705
pnull,vmf_pca100_lloyd100,triviality_median_max_membership,lodo_tldr17,lodo_tldr17,0.325
pnull,vmf_pca100_lloyd100,triviality_frac_confident,lodo_tldr17,lodo_tldr17,0.14393028846153846
rand,vmf_pca100_lloyd100,reliability_within,lodo_tldr17,lodo_tldr17,-3.460104446527283e-05
rand,vmf_pca100_lloyd100,fidelity_within,lodo_tldr17,lodo_tldr17,0.0025543171680326715
rand,vmf_pca100_lloyd100,fidelity_within_r,lodo_tldr17,lodo_tldr17,0.05056869583582945
rand,vmf_pca100_lloyd100,fidelity_within_insample,lodo_tldr17,lodo_tldr17,0.0025646908116550016
rand,vmf_pca100_lloyd100,triviality_ami_layer,lodo_tldr17,lodo_tldr17,0.00016193127257658511
rand,vmf_pca100_lloyd100,triviality_ami_dimension,lodo_tldr17,lodo_tldr17,-0.00030014242680140676
rand,vmf_pca100_lloyd100,triviality_ami_hubness,lodo_tldr17,lodo_tldr17,-0.0003924638624391976
rand,vmf_pca100_lloyd100,triviality_n_effective_networks,lodo_tldr17,lodo_tldr17,100.0
rand,vmf_pca100_lloyd100,triviality_entropy_effective_networks,lodo_tldr17,lodo_tldr17,99.49449483283765
rand,vmf_pca100_lloyd100,triviality_median_max_membership,lodo_tldr17,lodo_tldr17,1.0
rand,vmf_pca100_lloyd100,triviality_frac_confident,lodo_tldr17,lodo_tldr17,1.0
pnull,vmf_pca100_lloyd100_bm_degree,reliability_within_coassoc,lodo_tldr17,lodo_tldr17,0.045681982059147364
pnull,vmf_pca100_lloyd100_bm_degree,reliability_within,lodo_tldr17,lodo_tldr17,0.01923531460758579
pnull,vmf_pca100_lloyd100_bm_degree,fidelity_within,lodo_tldr17,lodo_tldr17,0.05926321195502593
pnull,vmf_pca100_lloyd100_bm_degree,fidelity_within_r,lodo_tldr17,lodo_tldr17,0.24344639735840737
pnull,vmf_pca100_lloyd100_bm_degree,fidelity_within_insample,lodo_tldr17,lodo_tldr17,0.059396791393188875
pnull,vmf_pca100_lloyd100_bm_degree,triviality_ami_layer,lodo_tldr17,lodo_tldr17,0.06573713833623471
pnull,vmf_pca100_lloyd100_bm_degree,triviality_ami_dimension,lodo_tldr17,lodo_tldr17,7.94514541671025e-05
pnull,vmf_pca100_lloyd100_bm_degree,triviality_ami_hubness,lodo_tldr17,lodo_tldr17,0.04498435870165004
pnull,vmf_pca100_lloyd100_bm_degree,triviality_n_effective_networks,lodo_tldr17,lodo_tldr17,100.0
pnull,vmf_pca100_lloyd100_bm_degree,triviality_entropy_effective_networks,lodo_tldr17,lodo_tldr17,66.8528847294252
pnull,vmf_pca100_lloyd100_bm_degree,triviality_median_max_membership,lodo_tldr17,lodo_tldr17,1.0
pnull,vmf_pca100_lloyd100_bm_degree,triviality_frac_confident,lodo_tldr17,lodo_tldr17,1.0
rand,vmf_pca100_lloyd100_bm_degree,reliability_within,lodo_tldr17,lodo_tldr17,-0.00010705624423575072
rand,vmf_pca100_lloyd100_bm_degree,fidelity_within,lodo_tldr17,lodo_tldr17,0.0022726636126542132
rand,vmf_pca100_lloyd100_bm_degree,fidelity_within_r,lodo_tldr17,lodo_tldr17,0.04770279731221079
rand,vmf_pca100_lloyd100_bm_degree,fidelity_within_insample,lodo_tldr17,lodo_tldr17,0.0022722089232714016
rand,vmf_pca100_lloyd100_bm_degree,triviality_ami_layer,lodo_tldr17,lodo_tldr17,0.0015097688243627472
rand,vmf_pca100_lloyd100_bm_degree,triviality_ami_dimension,lodo_tldr17,lodo_tldr17,0.00020568204559155893
rand,vmf_pca100_lloyd100_bm_degree,triviality_ami_hubness,lodo_tldr17,lodo_tldr17,4.760081012419826e-05
rand,vmf_pca100_lloyd100_bm_degree,triviality_n_effective_networks,lodo_tldr17,lodo_tldr17,100.0
rand,vmf_pca100_lloyd100_bm_degree,triviality_entropy_effective_networks,lodo_tldr17,lodo_tldr17,99.4797327976241
rand,vmf_pca100_lloyd100_bm_degree,triviality_median_max_membership,lodo_tldr17,lodo_tldr17,1.0
rand,vmf_pca100_lloyd100_bm_degree,triviality_frac_confident,lodo_tldr17,lodo_tldr17,1.0
pnull,vmf_pca100_lloyd100_coassoc,reliability_within_coassoc,lodo_tldr17,lodo_tldr17,0.045681982059147364
pnull,vmf_pca100_lloyd100_coassoc,reliability_within,lodo_tldr17,lodo_tldr17,0.02249850268498367
pnull,vmf_pca100_lloyd100_coassoc,fidelity_within,lodo_tldr17,lodo_tldr17,0.0457415563063126
pnull,vmf_pca100_lloyd100_coassoc,fidelity_within_r,lodo_tldr17,lodo_tldr17,0.21387947782114347
pnull,vmf_pca100_lloyd100_coassoc,fidelity_within_insample,lodo_tldr17,lodo_tldr17,0.045939669619187495
pnull,vmf_pca100_lloyd100_coassoc,triviality_ami_layer,lodo_tldr17,lodo_tldr17,0.06095902335154655
pnull,vmf_pca100_lloyd100_coassoc,triviality_ami_dimension,lodo_tldr17,lodo_tldr17,-0.000413875618432242
pnull,vmf_pca100_lloyd100_coassoc,triviality_ami_hubness,lodo_tldr17,lodo_tldr17,0.042124552850812194
pnull,vmf_pca100_lloyd100_coassoc,triviality_n_effective_networks,lodo_tldr17,lodo_tldr17,100.0
pnull,vmf_pca100_lloyd100_coassoc,triviality_entropy_effective_networks,lodo_tldr17,lodo_tldr17,42.04691801530467
pnull,vmf_pca100_lloyd100_coassoc,triviality_median_max_membership,lodo_tldr17,lodo_tldr17,1.0
pnull,vmf_pca100_lloyd100_coassoc,triviality_frac_confident,lodo_tldr17,lodo_tldr17,1.0
rand,vmf_pca100_lloyd100_coassoc,reliability_within,lodo_tldr17,lodo_tldr17,0.0002857004532094567
rand,vmf_pca100_lloyd100_coassoc,fidelity_within,lodo_tldr17,lodo_tldr17,0.002298588817692959
rand,vmf_pca100_lloyd100_coassoc,fidelity_within_r,lodo_tldr17,lodo_tldr17,0.047973928848720135
rand,vmf_pca100_lloyd100_coassoc,fidelity_within_insample,lodo_tldr17,lodo_tldr17,0.002293472728295831
rand,vmf_pca100_lloyd100_coassoc,triviality_ami_layer,lodo_tldr17,lodo_tldr17,0.0004726073347757988
rand,vmf_pca100_lloyd100_coassoc,triviality_ami_dimension,lodo_tldr17,lodo_tldr17,-0.0007255829008026658
rand,vmf_pca100_lloyd100_coassoc,triviality_ami_hubness,lodo_tldr17,lodo_tldr17,0.0005287575584214973
rand,vmf_pca100_lloyd100_coassoc,triviality_n_effective_networks,lodo_tldr17,lodo_tldr17,100.0
rand,vmf_pca100_lloyd100_coassoc,triviality_entropy_effective_networks,lodo_tldr17,lodo_tldr17,99.5839731526723
rand,vmf_pca100_lloyd100_coassoc,triviality_median_max_membership,lodo_tldr17,lodo_tldr17,1.0
rand,vmf_pca100_lloyd100_coassoc,triviality_frac_confident,lodo_tldr17,lodo_tldr17,1.0
pnull,vmf_pca100_lloyd100,reliability_within_coassoc,pair_wikitext_bookcorpus,pair_wikitext_bookcorpus,0.03677281445808467
pnull,vmf_pca100_lloyd100,reliability_within,pair_wikitext_bookcorpus,pair_wikitext_bookcorpus,0.01293639806221036
pnull,vmf_pca100_lloyd100,fidelity_within,pair_wikitext_bookcorpus,pair_wikitext_bookcorpus,0.0474636681145737
pnull,vmf_pca100_lloyd100,fidelity_within_r,pair_wikitext_bookcorpus,pair_wikitext_bookcorpus,0.21787010404938778
pnull,vmf_pca100_lloyd100,fidelity_within_insample,pair_wikitext_bookcorpus,pair_wikitext_bookcorpus,0.047650940920788476
pnull,vmf_pca100_lloyd100,triviality_ami_layer,pair_wikitext_bookcorpus,pair_wikitext_bookcorpus,0.056613514216898954
pnull,vmf_pca100_lloyd100,triviality_ami_dimension,pair_wikitext_bookcorpus,pair_wikitext_bookcorpus,-0.0010675134504277285
pnull,vmf_pca100_lloyd100,triviality_ami_hubness,pair_wikitext_bookcorpus,pair_wikitext_bookcorpus,0.038375900952878794
pnull,vmf_pca100_lloyd100,triviality_n_effective_networks,pair_wikitext_bookcorpus,pair_wikitext_bookcorpus,100.0
pnull,vmf_pca100_lloyd100,triviality_entropy_effective_networks,pair_wikitext_bookcorpus,pair_wikitext_bookcorpus,60.44122839277338
pnull,vmf_pca100_lloyd100,triviality_median_max_membership,pair_wikitext_bookcorpus,pair_wikitext_bookcorpus,0.375
pnull,vmf_pca100_lloyd100,triviality_frac_confident,pair_wikitext_bookcorpus,pair_wikitext_bookcorpus,0.22966746794871795
rand,vmf_pca100_lloyd100,reliability_within,pair_wikitext_bookcorpus,pair_wikitext_bookcorpus,0.00017405521218223283
rand,vmf_pca100_lloyd100,fidelity_within,pair_wikitext_bookcorpus,pair_wikitext_bookcorpus,0.002438664802095536
rand,vmf_pca100_lloyd100,fidelity_within_r,pair_wikitext_bookcorpus,pair_wikitext_bookcorpus,0.0494210430237607
rand,vmf_pca100_lloyd100,fidelity_within_insample,pair_wikitext_bookcorpus,pair_wikitext_bookcorpus,0.0024249535996093696
rand,vmf_pca100_lloyd100,triviality_ami_layer,pair_wikitext_bookcorpus,pair_wikitext_bookcorpus,0.0003616167856176655
rand,vmf_pca100_lloyd100,triviality_ami_dimension,pair_wikitext_bookcorpus,pair_wikitext_bookcorpus,0.0004182669233288466
rand,vmf_pca100_lloyd100,triviality_ami_hubness,pair_wikitext_bookcorpus,pair_wikitext_bookcorpus,0.0012130887004669784
rand,vmf_pca100_lloyd100,triviality_n_effective_networks,pair_wikitext_bookcorpus,pair_wikitext_bookcorpus,100.0
rand,vmf_pca100_lloyd100,triviality_entropy_effective_networks,pair_wikitext_bookcorpus,pair_wikitext_bookcorpus,99.5692347863813
rand,vmf_pca100_lloyd100,triviality_median_max_membership,pair_wikitext_bookcorpus,pair_wikitext_bookcorpus,1.0
rand,vmf_pca100_lloyd100,triviality_frac_confident,pair_wikitext_bookcorpus,pair_wikitext_bookcorpus,1.0
pnull,vmf_pca100_lloyd100_bm_degree,reliability_within_coassoc,pair_wikitext_bookcorpus,pair_wikitext_bookcorpus,0.03677281445808467
pnull,vmf_pca100_lloyd100_bm_degree,reliability_within,pair_wikitext_bookcorpus,pair_wikitext_bookcorpus,0.017019162727028136
pnull,vmf_pca100_lloyd100_bm_degree,fidelity_within,pair_wikitext_bookcorpus,pair_wikitext_bookcorpus,0.057274540103612104
pnull,vmf_pca100_lloyd100_bm_degree,fidelity_within_r,pair_wikitext_bookcorpus,pair_wikitext_bookcorpus,0.23932899095996765
pnull,vmf_pca100_lloyd100_bm_degree,fidelity_within_insample,pair_wikitext_bookcorpus,pair_wikitext_bookcorpus,0.057418351053425964
pnull,vmf_pca100_lloyd100_bm_degree,triviality_ami_layer,pair_wikitext_bookcorpus,pair_wikitext_bookcorpus,0.060323890060742014
pnull,vmf_pca100_lloyd100_bm_degree,triviality_ami_dimension,pair_wikitext_bookcorpus,pair_wikitext_bookcorpus,0.0007380622436366418
pnull,vmf_pca100_lloyd100_bm_degree,triviality_ami_hubness,pair_wikitext_bookcorpus,pair_wikitext_bookcorpus,0.04193403116986519
pnull,vmf_pca100_lloyd100_bm_degree,triviality_n_effective_networks,pair_wikitext_bookcorpus,pair_wikitext_bookcorpus,100.0
pnull,vmf_pca100_lloyd100_bm_degree,triviality_entropy_effective_networks,pair_wikitext_bookcorpus,pair_wikitext_bookcorpus,62.31322046267602
pnull,vmf_pca100_lloyd100_bm_degree,triviality_median_max_membership,pair_wikitext_bookcorpus,pair_wikitext_bookcorpus,1.0
pnull,vmf_pca100_lloyd100_bm_degree,triviality_frac_confident,pair_wikitext_bookcorpus,pair_wikitext_bookcorpus,1.0
rand,vmf_pca100_lloyd100_bm_degree,reliability_within,pair_wikitext_bookcorpus,pair_wikitext_bookcorpus,2.4313375630437415e-05
rand,vmf_pca100_lloyd100_bm_degree,fidelity_within,pair_wikitext_bookcorpus,pair_wikitext_bookcorpus,0.002190799765378837
rand,vmf_pca100_lloyd100_bm_degree,fidelity_within_r,pair_wikitext_bookcorpus,pair_wikitext_bookcorpus,0.04684574515317951
rand,vmf_pca100_lloyd100_bm_degree,fidelity_within_insample,pair_wikitext_bookcorpus,pair_wikitext_bookcorpus,0.0021860266455974164
rand,vmf_pca100_lloyd100_bm_degree,triviality_ami_layer,pair_wikitext_bookcorpus,pair_wikitext_bookcorpus,0.0007786702958596087
rand,vmf_pca100_lloyd100_bm_degree,triviality_ami_dimension,pair_wikitext_bookcorpus,pair_wikitext_bookcorpus,0.0005087680257525721
rand,vmf_pca100_lloyd100_bm_degree,triviality_ami_hubness,pair_wikitext_bookcorpus,pair_wikitext_bookcorpus,-0.00036880858217205274
rand,vmf_pca100_lloyd100_bm_degree,triviality_n_effective_networks,pair_wikitext_bookcorpus,pair_wikitext_bookcorpus,100.0
rand,vmf_pca100_lloyd100_bm_degree,triviality_entropy_effective_networks,pair_wikitext_bookcorpus,pair_wikitext_bookcorpus,99.49836832051682
rand,vmf_pca100_lloyd100_bm_degree,triviality_median_max_membership,pair_wikitext_bookcorpus,pair_wikitext_bookcorpus,1.0
rand,vmf_pca100_lloyd100_bm_degree,triviality_frac_confident,pair_wikitext_bookcorpus,pair_wikitext_bookcorpus,1.0
pnull,vmf_pca100_lloyd100_coassoc,reliability_within_coassoc,pair_wikitext_bookcorpus,pair_wikitext_bookcorpus,0.03677281445808467
pnull,vmf_pca100_lloyd100_coassoc,reliability_within,pair_wikitext_bookcorpus,pair_wikitext_bookcorpus,0.01694967726538086
pnull,vmf_pca100_lloyd100_coassoc,fidelity_within,pair_wikitext_bookcorpus,pair_wikitext_bookcorpus,0.04537179611069109
pnull,vmf_pca100_lloyd100_coassoc,fidelity_within_r,pair_wikitext_bookcorpus,pair_wikitext_bookcorpus,0.2130152633874795
pnull,vmf_pca100_lloyd100_coassoc,fidelity_within_insample,pair_wikitext_bookcorpus,pair_wikitext_bookcorpus,0.04555783938636593
pnull,vmf_pca100_lloyd100_coassoc,triviality_ami_layer,pair_wikitext_bookcorpus,pair_wikitext_bookcorpus,0.0576040476350018
pnull,vmf_pca100_lloyd100_coassoc,triviality_ami_dimension,pair_wikitext_bookcorpus,pair_wikitext_bookcorpus,-0.0015527120194148512
pnull,vmf_pca100_lloyd100_coassoc,triviality_ami_hubness,pair_wikitext_bookcorpus,pair_wikitext_bookcorpus,0.03881057374847101
pnull,vmf_pca100_lloyd100_coassoc,triviality_n_effective_networks,pair_wikitext_bookcorpus,pair_wikitext_bookcorpus,100.0
pnull,vmf_pca100_lloyd100_coassoc,triviality_entropy_effective_networks,pair_wikitext_bookcorpus,pair_wikitext_bookcorpus,43.921757173988986
pnull,vmf_pca100_lloyd100_coassoc,triviality_median_max_membership,pair_wikitext_bookcorpus,pair_wikitext_bookcorpus,1.0
pnull,vmf_pca100_lloyd100_coassoc,triviality_frac_confident,pair_wikitext_bookcorpus,pair_wikitext_bookcorpus,1.0
rand,vmf_pca100_lloyd100_coassoc,reliability_within,pair_wikitext_bookcorpus,pair_wikitext_bookcorpus,-9.235592996670781e-05
rand,vmf_pca100_lloyd100_coassoc,fidelity_within,pair_wikitext_bookcorpus,pair_wikitext_bookcorpus,0.0024332631213186406
rand,vmf_pca100_lloyd100_coassoc,fidelity_within_r,pair_wikitext_bookcorpus,pair_wikitext_bookcorpus,0.04936552284893458
rand,vmf_pca100_lloyd100_coassoc,fidelity_within_insample,pair_wikitext_bookcorpus,pair_wikitext_bookcorpus,0.0024376713936647976
rand,vmf_pca100_lloyd100_coassoc,triviality_ami_layer,pair_wikitext_bookcorpus,pair_wikitext_bookcorpus,0.0007755661641162453
rand,vmf_pca100_lloyd100_coassoc,triviality_ami_dimension,pair_wikitext_bookcorpus,pair_wikitext_bookcorpus,0.000506632337328817
rand,vmf_pca100_lloyd100_coassoc,triviality_ami_hubness,pair_wikitext_bookcorpus,pair_wikitext_bookcorpus,-0.0006258824159765358
rand,vmf_pca100_lloyd100_coassoc,triviality_n_effective_networks,pair_wikitext_bookcorpus,pair_wikitext_bookcorpus,100.0
rand,vmf_pca100_lloyd100_coassoc,triviality_entropy_effective_networks,pair_wikitext_bookcorpus,pair_wikitext_bookcorpus,99.4811961648706
rand,vmf_pca100_lloyd100_coassoc,triviality_median_max_membership,pair_wikitext_bookcorpus,pair_wikitext_bookcorpus,1.0
rand,vmf_pca100_lloyd100_coassoc,triviality_frac_confident,pair_wikitext_bookcorpus,pair_wikitext_bookcorpus,1.0
pnull,vmf_pca100_lloyd100,reliability_within_coassoc,pair_agnews_tldr17,pair_agnews_tldr17,0.04224019461384511
pnull,vmf_pca100_lloyd100,reliability_within,pair_agnews_tldr17,pair_agnews_tldr17,0.013279982212365907
pnull,vmf_pca100_lloyd100,fidelity_within,pair_agnews_tldr17,pair_agnews_tldr17,0.04177944171460335
pnull,vmf_pca100_lloyd100,fidelity_within_r,pair_agnews_tldr17,pair_agnews_tldr17,0.20440752044032137
pnull,vmf_pca100_lloyd100,fidelity_within_insample,pair_agnews_tldr17,pair_agnews_tldr17,0.04246327892976032
pnull,vmf_pca100_lloyd100,triviality_ami_layer,pair_agnews_tldr17,pair_agnews_tldr17,0.06148996302749576
pnull,vmf_pca100_lloyd100,triviality_ami_dimension,pair_agnews_tldr17,pair_agnews_tldr17,0.0006229346768313905
pnull,vmf_pca100_lloyd100,triviality_ami_hubness,pair_agnews_tldr17,pair_agnews_tldr17,0.03854007091736365
pnull,vmf_pca100_lloyd100,triviality_n_effective_networks,pair_agnews_tldr17,pair_agnews_tldr17,100.0
pnull,vmf_pca100_lloyd100,triviality_entropy_effective_networks,pair_agnews_tldr17,pair_agnews_tldr17,65.58739610298397
pnull,vmf_pca100_lloyd100,triviality_median_max_membership,pair_agnews_tldr17,pair_agnews_tldr17,0.3
pnull,vmf_pca100_lloyd100,triviality_frac_confident,pair_agnews_tldr17,pair_agnews_tldr17,0.13040865384615385
rand,vmf_pca100_lloyd100,reliability_within,pair_agnews_tldr17,pair_agnews_tldr17,3.3069687572406316e-05
rand,vmf_pca100_lloyd100,fidelity_within,pair_agnews_tldr17,pair_agnews_tldr17,0.0018668918907948084
rand,vmf_pca100_lloyd100,fidelity_within_r,pair_agnews_tldr17,pair_agnews_tldr17,0.043210279257950804
rand,vmf_pca100_lloyd100,fidelity_within_insample,pair_agnews_tldr17,pair_agnews_tldr17,0.0018626422076017946
rand,vmf_pca100_lloyd100,triviality_ami_layer,pair_agnews_tldr17,pair_agnews_tldr17,0.000434466785888114
rand,vmf_pca100_lloyd100,triviality_ami_dimension,pair_agnews_tldr17,pair_agnews_tldr17,0.0008860131325737998
rand,vmf_pca100_lloyd100,triviality_ami_hubness,pair_agnews_tldr17,pair_agnews_tldr17,0.0007098699137013913
rand,vmf_pca100_lloyd100,triviality_n_effective_networks,pair_agnews_tldr17,pair_agnews_tldr17,100.0
rand,vmf_pca100_lloyd100,triviality_entropy_effective_networks,pair_agnews_tldr17,pair_agnews_tldr17,99.6141115502258
rand,vmf_pca100_lloyd100,triviality_median_max_membership,pair_agnews_tldr17,pair_agnews_tldr17,1.0
rand,vmf_pca100_lloyd100,triviality_frac_confident,pair_agnews_tldr17,pair_agnews_tldr17,1.0
pnull,vmf_pca100_lloyd100_bm_degree,reliability_within_coassoc,pair_agnews_tldr17,pair_agnews_tldr17,0.04224019461384511
pnull,vmf_pca100_lloyd100_bm_degree,reliability_within,pair_agnews_tldr17,pair_agnews_tldr17,0.016768339260000667
pnull,vmf_pca100_lloyd100_bm_degree,fidelity_within,pair_agnews_tldr17,pair_agnews_tldr17,0.05111992614277805
pnull,vmf_pca100_lloyd100_bm_degree,fidelity_within_r,pair_agnews_tldr17,pair_agnews_tldr17,0.22610254525611137
pnull,vmf_pca100_lloyd100_bm_degree,fidelity_within_insample,pair_agnews_tldr17,pair_agnews_tldr17,0.05179428470901337
pnull,vmf_pca100_lloyd100_bm_degree,triviality_ami_layer,pair_agnews_tldr17,pair_agnews_tldr17,0.06210650721865397
pnull,vmf_pca100_lloyd100_bm_degree,triviality_ami_dimension,pair_agnews_tldr17,pair_agnews_tldr17,-0.0008146667572919728
pnull,vmf_pca100_lloyd100_bm_degree,triviality_ami_hubness,pair_agnews_tldr17,pair_agnews_tldr17,0.04093726220557034
pnull,vmf_pca100_lloyd100_bm_degree,triviality_n_effective_networks,pair_agnews_tldr17,pair_agnews_tldr17,100.0
pnull,vmf_pca100_lloyd100_bm_degree,triviality_entropy_effective_networks,pair_agnews_tldr17,pair_agnews_tldr17,67.95120582571566
pnull,vmf_pca100_lloyd100_bm_degree,triviality_median_max_membership,pair_agnews_tldr17,pair_agnews_tldr17,1.0
pnull,vmf_pca100_lloyd100_bm_degree,triviality_frac_confident,pair_agnews_tldr17,pair_agnews_tldr17,1.0
rand,vmf_pca100_lloyd100_bm_degree,reliability_within,pair_agnews_tldr17,pair_agnews_tldr17,0.00010243791655904948
rand,vmf_pca100_lloyd100_bm_degree,fidelity_within,pair_agnews_tldr17,pair_agnews_tldr17,0.0020316348789629624
rand,vmf_pca100_lloyd100_bm_degree,fidelity_within_r,pair_agnews_tldr17,pair_agnews_tldr17,0.04507673268140259
rand,vmf_pca100_lloyd100_bm_degree,fidelity_within_insample,pair_agnews_tldr17,pair_agnews_tldr17,0.002013159399772424
rand,vmf_pca100_lloyd100_bm_degree,triviality_ami_layer,pair_agnews_tldr17,pair_agnews_tldr17,0.0004383560915813826
rand,vmf_pca100_lloyd100_bm_degree,triviality_ami_dimension,pair_agnews_tldr17,pair_agnews_tldr17,-0.00042005528729994497
rand,vmf_pca100_lloyd100_bm_degree,triviality_ami_hubness,pair_agnews_tldr17,pair_agnews_tldr17,-0.00023449920734198673
rand,vmf_pca100_lloyd100_bm_degree,triviality_n_effective_networks,pair_agnews_tldr17,pair_agnews_tldr17,100.0
rand,vmf_pca100_lloyd100_bm_degree,triviality_entropy_effective_networks,pair_agnews_tldr17,pair_agnews_tldr17,99.53836955357147
rand,vmf_pca100_lloyd100_bm_degree,triviality_median_max_membership,pair_agnews_tldr17,pair_agnews_tldr17,1.0
rand,vmf_pca100_lloyd100_bm_degree,triviality_frac_confident,pair_agnews_tldr17,pair_agnews_tldr17,1.0
pnull,vmf_pca100_lloyd100_coassoc,reliability_within_coassoc,pair_agnews_tldr17,pair_agnews_tldr17,0.04224019461384511
pnull,vmf_pca100_lloyd100_coassoc,reliability_within,pair_agnews_tldr17,pair_agnews_tldr17,0.019033748202201297
pnull,vmf_pca100_lloyd100_coassoc,fidelity_within,pair_agnews_tldr17,pair_agnews_tldr17,0.04119567946302227
pnull,vmf_pca100_lloyd100_coassoc,fidelity_within_r,pair_agnews_tldr17,pair_agnews_tldr17,0.20297497474620707
pnull,vmf_pca100_lloyd100_coassoc,fidelity_within_insample,pair_agnews_tldr17,pair_agnews_tldr17,0.04189535824645363
pnull,vmf_pca100_lloyd100_coassoc,triviality_ami_layer,pair_agnews_tldr17,pair_agnews_tldr17,0.06141943744983918
pnull,vmf_pca100_lloyd100_coassoc,triviality_ami_dimension,pair_agnews_tldr17,pair_agnews_tldr17,5.7172595874275494e-05
pnull,vmf_pca100_lloyd100_coassoc,triviality_ami_hubness,pair_agnews_tldr17,pair_agnews_tldr17,0.04054468361016092
pnull,vmf_pca100_lloyd100_coassoc,triviality_n_effective_networks,pair_agnews_tldr17,pair_agnews_tldr17,100.0
pnull,vmf_pca100_lloyd100_coassoc,triviality_entropy_effective_networks,pair_agnews_tldr17,pair_agnews_tldr17,48.84537319551461
pnull,vmf_pca100_lloyd100_coassoc,triviality_median_max_membership,pair_agnews_tldr17,pair_agnews_tldr17,1.0
pnull,vmf_pca100_lloyd100_coassoc,triviality_frac_confident,pair_agnews_tldr17,pair_agnews_tldr17,1.0
rand,vmf_pca100_lloyd100_coassoc,reliability_within,pair_agnews_tldr17,pair_agnews_tldr17,-5.506583449777806e-05
rand,vmf_pca100_lloyd100_coassoc,fidelity_within,pair_agnews_tldr17,pair_agnews_tldr17,0.0016545749414427213
rand,vmf_pca100_lloyd100_coassoc,fidelity_within_r,pair_agnews_tldr17,pair_agnews_tldr17,0.04067972660861926
rand,vmf_pca100_lloyd100_coassoc,fidelity_within_insample,pair_agnews_tldr17,pair_agnews_tldr17,0.0016692780990865685
rand,vmf_pca100_lloyd100_coassoc,triviality_ami_layer,pair_agnews_tldr17,pair_agnews_tldr17,0.00011017671713458035
rand,vmf_pca100_lloyd100_coassoc,triviality_ami_dimension,pair_agnews_tldr17,pair_agnews_tldr17,0.00017482411685620786
rand,vmf_pca100_lloyd100_coassoc,triviality_ami_hubness,pair_agnews_tldr17,pair_agnews_tldr17,0.0007513926367737197
rand,vmf_pca100_lloyd100_coassoc,triviality_n_effective_networks,pair_agnews_tldr17,pair_agnews_tldr17,100.0
rand,vmf_pca100_lloyd100_coassoc,triviality_entropy_effective_networks,pair_agnews_tldr17,pair_agnews_tldr17,99.60160861071118
rand,vmf_pca100_lloyd100_coassoc,triviality_median_max_membership,pair_agnews_tldr17,pair_agnews_tldr17,1.0
rand,vmf_pca100_lloyd100_coassoc,triviality_frac_confident,pair_agnews_tldr17,pair_agnews_tldr17,1.0
pnull,vmf_pca100_lloyd100,reliability_within_coassoc,pair_wikitext_agnews,pair_wikitext_agnews,0.0424476947242529
pnull,vmf_pca100_lloyd100,reliability_within,pair_wikitext_agnews,pair_wikitext_agnews,0.013474856734779047
pnull,vmf_pca100_lloyd100,fidelity_within,pair_wikitext_agnews,pair_wikitext_agnews,0.04568636058488784
pnull,vmf_pca100_lloyd100,fidelity_within_r,pair_wikitext_agnews,pair_wikitext_agnews,0.2137457892813453
pnull,vmf_pca100_lloyd100,fidelity_within_insample,pair_wikitext_agnews,pair_wikitext_agnews,0.04608091582669094
pnull,vmf_pca100_lloyd100,triviality_ami_layer,pair_wikitext_agnews,pair_wikitext_agnews,0.060116564765224444
pnull,vmf_pca100_lloyd100,triviality_ami_dimension,pair_wikitext_agnews,pair_wikitext_agnews,-0.0002411758924388907
pnull,vmf_pca100_lloyd100,triviality_ami_hubness,pair_wikitext_agnews,pair_wikitext_agnews,0.03799680610520588
pnull,vmf_pca100_lloyd100,triviality_n_effective_networks,pair_wikitext_agnews,pair_wikitext_agnews,100.0
pnull,vmf_pca100_lloyd100,triviality_entropy_effective_networks,pair_wikitext_agnews,pair_wikitext_agnews,62.285391513873904
pnull,vmf_pca100_lloyd100,triviality_median_max_membership,pair_wikitext_agnews,pair_wikitext_agnews,0.35
pnull,vmf_pca100_lloyd100,triviality_frac_confident,pair_wikitext_agnews,pair_wikitext_agnews,0.16306089743589744
rand,vmf_pca100_lloyd100,reliability_within,pair_wikitext_agnews,pair_wikitext_agnews,-6.525725982710004e-05
rand,vmf_pca100_lloyd100,fidelity_within,pair_wikitext_agnews,pair_wikitext_agnews,0.0019130434823417808
rand,vmf_pca100_lloyd100,fidelity_within_r,pair_wikitext_agnews,pair_wikitext_agnews,0.04374420903167921
rand,vmf_pca100_lloyd100,fidelity_within_insample,pair_wikitext_agnews,pair_wikitext_agnews,0.0019159592715495277
rand,vmf_pca100_lloyd100,triviality_ami_layer,pair_wikitext_agnews,pair_wikitext_agnews,-2.9509212271434166e-05
rand,vmf_pca100_lloyd100,triviality_ami_dimension,pair_wikitext_agnews,pair_wikitext_agnews,3.4669262612065445e-05
rand,vmf_pca100_lloyd100,triviality_ami_hubness,pair_wikitext_agnews,pair_wikitext_agnews,-0.0002637138428481661
rand,vmf_pca100_lloyd100,triviality_n_effective_networks,pair_wikitext_agnews,pair_wikitext_agnews,100.0
rand,vmf_pca100_lloyd100,triviality_entropy_effective_networks,pair_wikitext_agnews,pair_wikitext_agnews,99.48996356618098
rand,vmf_pca100_lloyd100,triviality_median_max_membership,pair_wikitext_agnews,pair_wikitext_agnews,1.0
rand,vmf_pca100_lloyd100,triviality_frac_confident,pair_wikitext_agnews,pair_wikitext_agnews,1.0
pnull,vmf_pca100_lloyd100_bm_degree,reliability_within_coassoc,pair_wikitext_agnews,pair_wikitext_agnews,0.0424476947242529
pnull,vmf_pca100_lloyd100_bm_degree,reliability_within,pair_wikitext_agnews,pair_wikitext_agnews,0.02024810325238039
pnull,vmf_pca100_lloyd100_bm_degree,fidelity_within,pair_wikitext_agnews,pair_wikitext_agnews,0.055152291297266176
pnull,vmf_pca100_lloyd100_bm_degree,fidelity_within_r,pair_wikitext_agnews,pair_wikitext_agnews,0.23484706723513316
pnull,vmf_pca100_lloyd100_bm_degree,fidelity_within_insample,pair_wikitext_agnews,pair_wikitext_agnews,0.05558042782349637
pnull,vmf_pca100_lloyd100_bm_degree,triviality_ami_layer,pair_wikitext_agnews,pair_wikitext_agnews,0.06751380887625841
pnull,vmf_pca100_lloyd100_bm_degree,triviality_ami_dimension,pair_wikitext_agnews,pair_wikitext_agnews,0.00013792041596176217
pnull,vmf_pca100_lloyd100_bm_degree,triviality_ami_hubness,pair_wikitext_agnews,pair_wikitext_agnews,0.04023849761798096
pnull,vmf_pca100_lloyd100_bm_degree,triviality_n_effective_networks,pair_wikitext_agnews,pair_wikitext_agnews,100.0
pnull,vmf_pca100_lloyd100_bm_degree,triviality_entropy_effective_networks,pair_wikitext_agnews,pair_wikitext_agnews,65.4327174708055
pnull,vmf_pca100_lloyd100_bm_degree,triviality_median_max_membership,pair_wikitext_agnews,pair_wikitext_agnews,1.0
pnull,vmf_pca100_lloyd100_bm_degree,triviality_frac_confident,pair_wikitext_agnews,pair_wikitext_agnews,1.0
rand,vmf_pca100_lloyd100_bm_degree,reliability_within,pair_wikitext_agnews,pair_wikitext_agnews,-0.00011357592469187545
rand,vmf_pca100_lloyd100_bm_degree,fidelity_within,pair_wikitext_agnews,pair_wikitext_agnews,0.001959549495621604
rand,vmf_pca100_lloyd100_bm_degree,fidelity_within_r,pair_wikitext_agnews,pair_wikitext_agnews,0.04427293674943396
rand,vmf_pca100_lloyd100_bm_degree,fidelity_within_insample,pair_wikitext_agnews,pair_wikitext_agnews,0.0019495846074075729
rand,vmf_pca100_lloyd100_bm_degree,triviality_ami_layer,pair_wikitext_agnews,pair_wikitext_agnews,0.0007677530598505529
rand,vmf_pca100_lloyd100_bm_degree,triviality_ami_dimension,pair_wikitext_agnews,pair_wikitext_agnews,-0.0003431461546067472
rand,vmf_pca100_lloyd100_bm_degree,triviality_ami_hubness,pair_wikitext_agnews,pair_wikitext_agnews,-0.0003657702261600749
rand,vmf_pca100_lloyd100_bm_degree,triviality_n_effective_networks,pair_wikitext_agnews,pair_wikitext_agnews,100.0
rand,vmf_pca100_lloyd100_bm_degree,triviality_entropy_effective_networks,pair_wikitext_agnews,pair_wikitext_agnews,99.40816269159711
rand,vmf_pca100_lloyd100_bm_degree,triviality_median_max_membership,pair_wikitext_agnews,pair_wikitext_agnews,1.0
rand,vmf_pca100_lloyd100_bm_degree,triviality_frac_confident,pair_wikitext_agnews,pair_wikitext_agnews,1.0
pnull,vmf_pca100_lloyd100_coassoc,reliability_within_coassoc,pair_wikitext_agnews,pair_wikitext_agnews,0.0424476947242529
pnull,vmf_pca100_lloyd100_coassoc,reliability_within,pair_wikitext_agnews,pair_wikitext_agnews,0.019990820344822868
pnull,vmf_pca100_lloyd100_coassoc,fidelity_within,pair_wikitext_agnews,pair_wikitext_agnews,0.04389804802802988
pnull,vmf_pca100_lloyd100_coassoc,fidelity_within_r,pair_wikitext_agnews,pair_wikitext_agnews,0.20952113601058184
pnull,vmf_pca100_lloyd100_coassoc,fidelity_within_insample,pair_wikitext_agnews,pair_wikitext_agnews,0.044330921629715636
pnull,vmf_pca100_lloyd100_coassoc,triviality_ami_layer,pair_wikitext_agnews,pair_wikitext_agnews,0.06302382546520974
pnull,vmf_pca100_lloyd100_coassoc,triviality_ami_dimension,pair_wikitext_agnews,pair_wikitext_agnews,-4.0502021549605436e-05
pnull,vmf_pca100_lloyd100_coassoc,triviality_ami_hubness,pair_wikitext_agnews,pair_wikitext_agnews,0.03942177300122753
pnull,vmf_pca100_lloyd100_coassoc,triviality_n_effective_networks,pair_wikitext_agnews,pair_wikitext_agnews,100.0
pnull,vmf_pca100_lloyd100_coassoc,triviality_entropy_effective_networks,pair_wikitext_agnews,pair_wikitext_agnews,48.197072782481236
pnull,vmf_pca100_lloyd100_coassoc,triviality_median_max_membership,pair_wikitext_agnews,pair_wikitext_agnews,1.0
pnull,vmf_pca100_lloyd100_coassoc,triviality_frac_confident,pair_wikitext_agnews,pair_wikitext_agnews,1.0
rand,vmf_pca100_lloyd100_coassoc,reliability_within,pair_wikitext_agnews,pair_wikitext_agnews,-9.117957391188762e-06
rand,vmf_pca100_lloyd100_coassoc,fidelity_within,pair_wikitext_agnews,pair_wikitext_agnews,0.002530302248713201
rand,vmf_pca100_lloyd100_coassoc,fidelity_within_r,pair_wikitext_agnews,pair_wikitext_agnews,0.05030726761688897
rand,vmf_pca100_lloyd100_coassoc,fidelity_within_insample,pair_wikitext_agnews,pair_wikitext_agnews,0.002528955434522584
rand,vmf_pca100_lloyd100_coassoc,triviality_ami_layer,pair_wikitext_agnews,pair_wikitext_agnews,2.3991505426900776e-05
rand,vmf_pca100_lloyd100_coassoc,triviality_ami_dimension,pair_wikitext_agnews,pair_wikitext_agnews,0.0002123279473612267
rand,vmf_pca100_lloyd100_coassoc,triviality_ami_hubness,pair_wikitext_agnews,pair_wikitext_agnews,0.0005048145829574994
rand,vmf_pca100_lloyd100_coassoc,triviality_n_effective_networks,pair_wikitext_agnews,pair_wikitext_agnews,100.0
rand,vmf_pca100_lloyd100_coassoc,triviality_entropy_effective_networks,pair_wikitext_agnews,pair_wikitext_agnews,99.52841485669886
rand,vmf_pca100_lloyd100_coassoc,triviality_median_max_membership,pair_wikitext_agnews,pair_wikitext_agnews,1.0
rand,vmf_pca100_lloyd100_coassoc,triviality_frac_confident,pair_wikitext_agnews,pair_wikitext_agnews,1.0
pnull,vmf_pca100_lloyd100,reliability_within_coassoc,pair_bookcorpus_tldr17,pair_bookcorpus_tldr17,0.036766298902376315
pnull,vmf_pca100_lloyd100,reliability_within,pair_bookcorpus_tldr17,pair_bookcorpus_tldr17,0.012480435037451502
pnull,vmf_pca100_lloyd100,fidelity_within,pair_bookcorpus_tldr17,pair_bookcorpus_tldr17,0.046337989774135946
pnull,vmf_pca100_lloyd100,fidelity_within_r,pair_bookcorpus_tldr17,pair_bookcorpus_tldr17,0.21527505627764526
pnull,vmf_pca100_lloyd100,fidelity_within_insample,pair_bookcorpus_tldr17,pair_bookcorpus_tldr17,0.046826919202482054
pnull,vmf_pca100_lloyd100,triviality_ami_layer,pair_bookcorpus_tldr17,pair_bookcorpus_tldr17,0.05355385147045656
pnull,vmf_pca100_lloyd100,triviality_ami_dimension,pair_bookcorpus_tldr17,pair_bookcorpus_tldr17,-0.00020078674081250417
pnull,vmf_pca100_lloyd100,triviality_ami_hubness,pair_bookcorpus_tldr17,pair_bookcorpus_tldr17,0.038570728402471895
pnull,vmf_pca100_lloyd100,triviality_n_effective_networks,pair_bookcorpus_tldr17,pair_bookcorpus_tldr17,100.0
pnull,vmf_pca100_lloyd100,triviality_entropy_effective_networks,pair_bookcorpus_tldr17,pair_bookcorpus_tldr17,59.29488087973994
pnull,vmf_pca100_lloyd100,triviality_median_max_membership,pair_bookcorpus_tldr17,pair_bookcorpus_tldr17,0.375
pnull,vmf_pca100_lloyd100,triviality_frac_confident,pair_bookcorpus_tldr17,pair_bookcorpus_tldr17,0.23868189102564102
rand,vmf_pca100_lloyd100,reliability_within,pair_bookcorpus_tldr17,pair_bookcorpus_tldr17,7.775569760031655e-05
rand,vmf_pca100_lloyd100,fidelity_within,pair_bookcorpus_tldr17,pair_bookcorpus_tldr17,0.0019262949686825737
rand,vmf_pca100_lloyd100,fidelity_within_r,pair_bookcorpus_tldr17,pair_bookcorpus_tldr17,0.04394309976585117
rand,vmf_pca100_lloyd100,fidelity_within_insample,pair_bookcorpus_tldr17,pair_bookcorpus_tldr17,0.0019375983429609223
rand,vmf_pca100_lloyd100,triviality_ami_layer,pair_bookcorpus_tldr17,pair_bookcorpus_tldr17,-0.0006170773042886894
rand,vmf_pca100_lloyd100,triviality_ami_dimension,pair_bookcorpus_tldr17,pair_bookcorpus_tldr17,6.295396400318903e-05
rand,vmf_pca100_lloyd100,triviality_ami_hubness,pair_bookcorpus_tldr17,pair_bookcorpus_tldr17,-0.0005871399420582983
rand,vmf_pca100_lloyd100,triviality_n_effective_networks,pair_bookcorpus_tldr17,pair_bookcorpus_tldr17,100.0
rand,vmf_pca100_lloyd100,triviality_entropy_effective_networks,pair_bookcorpus_tldr17,pair_bookcorpus_tldr17,99.60699425627796
rand,vmf_pca100_lloyd100,triviality_median_max_membership,pair_bookcorpus_tldr17,pair_bookcorpus_tldr17,1.0
rand,vmf_pca100_lloyd100,triviality_frac_confident,pair_bookcorpus_tldr17,pair_bookcorpus_tldr17,1.0
pnull,vmf_pca100_lloyd100_bm_degree,reliability_within_coassoc,pair_bookcorpus_tldr17,pair_bookcorpus_tldr17,0.036766298902376315
pnull,vmf_pca100_lloyd100_bm_degree,reliability_within,pair_bookcorpus_tldr17,pair_bookcorpus_tldr17,0.0174909947309737
pnull,vmf_pca100_lloyd100_bm_degree,fidelity_within,pair_bookcorpus_tldr17,pair_bookcorpus_tldr17,0.05600888278773197
pnull,vmf_pca100_lloyd100_bm_degree,fidelity_within_r,pair_bookcorpus_tldr17,pair_bookcorpus_tldr17,0.23667314364836942
pnull,vmf_pca100_lloyd100_bm_degree,fidelity_within_insample,pair_bookcorpus_tldr17,pair_bookcorpus_tldr17,0.05654035731713847
pnull,vmf_pca100_lloyd100_bm_degree,triviality_ami_layer,pair_bookcorpus_tldr17,pair_bookcorpus_tldr17,0.054873830069546665
pnull,vmf_pca100_lloyd100_bm_degree,triviality_ami_dimension,pair_bookcorpus_tldr17,pair_bookcorpus_tldr17,-1.8328632615757195e-05
pnull,vmf_pca100_lloyd100_bm_degree,triviality_ami_hubness,pair_bookcorpus_tldr17,pair_bookcorpus_tldr17,0.04206513203663026
pnull,vmf_pca100_lloyd100_bm_degree,triviality_n_effective_networks,pair_bookcorpus_tldr17,pair_bookcorpus_tldr17,100.0
pnull,vmf_pca100_lloyd100_bm_degree,triviality_entropy_effective_networks,pair_bookcorpus_tldr17,pair_bookcorpus_tldr17,61.06456467656869
pnull,vmf_pca100_lloyd100_bm_degree,triviality_median_max_membership,pair_bookcorpus_tldr17,pair_bookcorpus_tldr17,1.0
pnull,vmf_pca100_lloyd100_bm_degree,triviality_frac_confident,pair_bookcorpus_tldr17,pair_bookcorpus_tldr17,1.0
rand,vmf_pca100_lloyd100_bm_degree,reliability_within,pair_bookcorpus_tldr17,pair_bookcorpus_tldr17,-0.00013150918127953506
rand,vmf_pca100_lloyd100_bm_degree,fidelity_within,pair_bookcorpus_tldr17,pair_bookcorpus_tldr17,0.0019591191401144847
rand,vmf_pca100_lloyd100_bm_degree,fidelity_within_r,pair_bookcorpus_tldr17,pair_bookcorpus_tldr17,0.04431528794132867
rand,vmf_pca100_lloyd100_bm_degree,fidelity_within_insample,pair_bookcorpus_tldr17,pair_bookcorpus_tldr17,0.00198344955030727
rand,vmf_pca100_lloyd100_bm_degree,triviality_ami_layer,pair_bookcorpus_tldr17,pair_bookcorpus_tldr17,-0.0008439896003795981
rand,vmf_pca100_lloyd100_bm_degree,triviality_ami_dimension,pair_bookcorpus_tldr17,pair_bookcorpus_tldr17,-0.0006780525341265048
rand,vmf_pca100_lloyd100_bm_degree,triviality_ami_hubness,pair_bookcorpus_tldr17,pair_bookcorpus_tldr17,-0.0003221270772024727
rand,vmf_pca100_lloyd100_bm_degree,triviality_n_effective_networks,pair_bookcorpus_tldr17,pair_bookcorpus_tldr17,100.0
rand,vmf_pca100_lloyd100_bm_degree,triviality_entropy_effective_networks,pair_bookcorpus_tldr17,pair_bookcorpus_tldr17,99.50734929484746
rand,vmf_pca100_lloyd100_bm_degree,triviality_median_max_membership,pair_bookcorpus_tldr17,pair_bookcorpus_tldr17,1.0
rand,vmf_pca100_lloyd100_bm_degree,triviality_frac_confident,pair_bookcorpus_tldr17,pair_bookcorpus_tldr17,1.0
pnull,vmf_pca100_lloyd100_coassoc,reliability_within_coassoc,pair_bookcorpus_tldr17,pair_bookcorpus_tldr17,0.036766298902376315
pnull,vmf_pca100_lloyd100_coassoc,reliability_within,pair_bookcorpus_tldr17,pair_bookcorpus_tldr17,0.019268999509852648
pnull,vmf_pca100_lloyd100_coassoc,fidelity_within,pair_bookcorpus_tldr17,pair_bookcorpus_tldr17,0.04533407109885268
pnull,vmf_pca100_lloyd100_coassoc,fidelity_within_r,pair_bookcorpus_tldr17,pair_bookcorpus_tldr17,0.2129303891175326
pnull,vmf_pca100_lloyd100_coassoc,fidelity_within_insample,pair_bookcorpus_tldr17,pair_bookcorpus_tldr17,0.04579427261426938
pnull,vmf_pca100_lloyd100_coassoc,triviality_ami_layer,pair_bookcorpus_tldr17,pair_bookcorpus_tldr17,0.05658789237705279
pnull,vmf_pca100_lloyd100_coassoc,triviality_ami_dimension,pair_bookcorpus_tldr17,pair_bookcorpus_tldr17,0.0003496915898580275
pnull,vmf_pca100_lloyd100_coassoc,triviality_ami_hubness,pair_bookcorpus_tldr17,pair_bookcorpus_tldr17,0.03951564370127964
pnull,vmf_pca100_lloyd100_coassoc,triviality_n_effective_networks,pair_bookcorpus_tldr17,pair_bookcorpus_tldr17,100.0
pnull,vmf_pca100_lloyd100_coassoc,triviality_entropy_effective_networks,pair_bookcorpus_tldr17,pair_bookcorpus_tldr17,37.657172141346614
pnull,vmf_pca100_lloyd100_coassoc,triviality_median_max_membership,pair_bookcorpus_tldr17,pair_bookcorpus_tldr17,1.0
pnull,vmf_pca100_lloyd100_coassoc,triviality_frac_confident,pair_bookcorpus_tldr17,pair_bookcorpus_tldr17,1.0
rand,vmf_pca100_lloyd100_coassoc,reliability_within,pair_bookcorpus_tldr17,pair_bookcorpus_tldr17,4.549716541236402e-06
rand,vmf_pca100_lloyd100_coassoc,fidelity_within,pair_bookcorpus_tldr17,pair_bookcorpus_tldr17,0.001856281903491075
rand,vmf_pca100_lloyd100_coassoc,fidelity_within_r,pair_bookcorpus_tldr17,pair_bookcorpus_tldr17,0.04313949970661868
rand,vmf_pca100_lloyd100_coassoc,fidelity_within_insample,pair_bookcorpus_tldr17,pair_bookcorpus_tldr17,0.0018822334997917745
rand,vmf_pca100_lloyd100_coassoc,triviality_ami_layer,pair_bookcorpus_tldr17,pair_bookcorpus_tldr17,0.0003026511724397937
rand,vmf_pca100_lloyd100_coassoc,triviality_ami_dimension,pair_bookcorpus_tldr17,pair_bookcorpus_tldr17,0.0005858161059710453
rand,vmf_pca100_lloyd100_coassoc,triviality_ami_hubness,pair_bookcorpus_tldr17,pair_bookcorpus_tldr17,-0.0004450754076712552
rand,vmf_pca100_lloyd100_coassoc,triviality_n_effective_networks,pair_bookcorpus_tldr17,pair_bookcorpus_tldr17,100.0
rand,vmf_pca100_lloyd100_coassoc,triviality_entropy_effective_networks,pair_bookcorpus_tldr17,pair_bookcorpus_tldr17,99.48318417846168
rand,vmf_pca100_lloyd100_coassoc,triviality_median_max_membership,pair_bookcorpus_tldr17,pair_bookcorpus_tldr17,1.0
rand,vmf_pca100_lloyd100_coassoc,triviality_frac_confident,pair_bookcorpus_tldr17,pair_bookcorpus_tldr17,1.0
pnull,vmf_pca100_lloyd100,reliability_within_coassoc,pair_wikitext_tldr17,pair_wikitext_tldr17,0.03981786662535802
pnull,vmf_pca100_lloyd100,reliability_within,pair_wikitext_tldr17,pair_wikitext_tldr17,0.012936399027803667
pnull,vmf_pca100_lloyd100,fidelity_within,pair_wikitext_tldr17,pair_wikitext_tldr17,0.0394736854474067
pnull,vmf_pca100_lloyd100,fidelity_within_r,pair_wikitext_tldr17,pair_wikitext_tldr17,0.1986903159737586
pnull,vmf_pca100_lloyd100,fidelity_within_insample,pair_wikitext_tldr17,pair_wikitext_tldr17,0.040050315732708563
pnull,vmf_pca100_lloyd100,triviality_ami_layer,pair_wikitext_tldr17,pair_wikitext_tldr17,0.0627285326192595
pnull,vmf_pca100_lloyd100,triviality_ami_dimension,pair_wikitext_tldr17,pair_wikitext_tldr17,-0.0006126476115898278
pnull,vmf_pca100_lloyd100,triviality_ami_hubness,pair_wikitext_tldr17,pair_wikitext_tldr17,0.03270158995939317
pnull,vmf_pca100_lloyd100,triviality_n_effective_networks,pair_wikitext_tldr17,pair_wikitext_tldr17,100.0
pnull,vmf_pca100_lloyd100,triviality_entropy_effective_networks,pair_wikitext_tldr17,pair_wikitext_tldr17,65.04201862206695
pnull,vmf_pca100_lloyd100,triviality_median_max_membership,pair_wikitext_tldr17,pair_wikitext_tldr17,0.325
pnull,vmf_pca100_lloyd100,triviality_frac_confident,pair_wikitext_tldr17,pair_wikitext_tldr17,0.17147435897435898
rand,vmf_pca100_lloyd100,reliability_within,pair_wikitext_tldr17,pair_wikitext_tldr17,-6.863543928935126e-05
rand,vmf_pca100_lloyd100,fidelity_within,pair_wikitext_tldr17,pair_wikitext_tldr17,0.002214312450716238
rand,vmf_pca100_lloyd100,fidelity_within_r,pair_wikitext_tldr17,pair_wikitext_tldr17,0.04708930475467693
rand,vmf_pca100_lloyd100,fidelity_within_insample,pair_wikitext_tldr17,pair_wikitext_tldr17,0.00221147846686931
rand,vmf_pca100_lloyd100,triviality_ami_layer,pair_wikitext_tldr17,pair_wikitext_tldr17,0.0008859723081139238
rand,vmf_pca100_lloyd100,triviality_ami_dimension,pair_wikitext_tldr17,pair_wikitext_tldr17,0.00022064411872688394
rand,vmf_pca100_lloyd100,triviality_ami_hubness,pair_wikitext_tldr17,pair_wikitext_tldr17,0.0006089394528055748
rand,vmf_pca100_lloyd100,triviality_n_effective_networks,pair_wikitext_tldr17,pair_wikitext_tldr17,100.0
rand,vmf_pca100_lloyd100,triviality_entropy_effective_networks,pair_wikitext_tldr17,pair_wikitext_tldr17,99.50827043504755
rand,vmf_pca100_lloyd100,triviality_median_max_membership,pair_wikitext_tldr17,pair_wikitext_tldr17,1.0
rand,vmf_pca100_lloyd100,triviality_frac_confident,pair_wikitext_tldr17,pair_wikitext_tldr17,1.0
pnull,vmf_pca100_lloyd100_bm_degree,reliability_within_coassoc,pair_wikitext_tldr17,pair_wikitext_tldr17,0.03981786662535802
pnull,vmf_pca100_lloyd100_bm_degree,reliability_within,pair_wikitext_tldr17,pair_wikitext_tldr17,0.018785703559337435
pnull,vmf_pca100_lloyd100_bm_degree,fidelity_within,pair_wikitext_tldr17,pair_wikitext_tldr17,0.05005531048100775
pnull,vmf_pca100_lloyd100_bm_degree,fidelity_within_r,pair_wikitext_tldr17,pair_wikitext_tldr17,0.22373971932639958
pnull,vmf_pca100_lloyd100_bm_degree,fidelity_within_insample,pair_wikitext_tldr17,pair_wikitext_tldr17,0.050724942318282396
pnull,vmf_pca100_lloyd100_bm_degree,triviality_ami_layer,pair_wikitext_tldr17,pair_wikitext_tldr17,0.06713224587070013
pnull,vmf_pca100_lloyd100_bm_degree,triviality_ami_dimension,pair_wikitext_tldr17,pair_wikitext_tldr17,-0.0014038754868746155
pnull,vmf_pca100_lloyd100_bm_degree,triviality_ami_hubness,pair_wikitext_tldr17,pair_wikitext_tldr17,0.03650083341187529
pnull,vmf_pca100_lloyd100_bm_degree,triviality_n_effective_networks,pair_wikitext_tldr17,pair_wikitext_tldr17,100.0
pnull,vmf_pca100_lloyd100_bm_degree,triviality_entropy_effective_networks,pair_wikitext_tldr17,pair_wikitext_tldr17,68.52560185598911
pnull,vmf_pca100_lloyd100_bm_degree,triviality_median_max_membership,pair_wikitext_tldr17,pair_wikitext_tldr17,1.0
pnull,vmf_pca100_lloyd100_bm_degree,triviality_frac_confident,pair_wikitext_tldr17,pair_wikitext_tldr17,1.0
rand,vmf_pca100_lloyd100_bm_degree,reliability_within,pair_wikitext_tldr17,pair_wikitext_tldr17,6.811875157770986e-05
rand,vmf_pca100_lloyd100_bm_degree,fidelity_within,pair_wikitext_tldr17,pair_wikitext_tldr17,0.0015598726873080615
rand,vmf_pca100_lloyd100_bm_degree,fidelity_within_r,pair_wikitext_tldr17,pair_wikitext_tldr17,0.03953403787440996
rand,vmf_pca100_lloyd100_bm_degree,fidelity_within_insample,pair_wikitext_tldr17,pair_wikitext_tldr17,0.0015662214144332998
rand,vmf_pca100_lloyd100_bm_degree,triviality_ami_layer,pair_wikitext_tldr17,pair_wikitext_tldr17,-0.00045744803893428126
rand,vmf_pca100_lloyd100_bm_degree,triviality_ami_dimension,pair_wikitext_tldr17,pair_wikitext_tldr17,0.00027634545350275585
rand,vmf_pca100_lloyd100_bm_degree,triviality_ami_hubness,pair_wikitext_tldr17,pair_wikitext_tldr17,0.00041723855665692553
rand,vmf_pca100_lloyd100_bm_degree,triviality_n_effective_networks,pair_wikitext_tldr17,pair_wikitext_tldr17,100.0
rand,vmf_pca100_lloyd100_bm_degree,triviality_entropy_effective_networks,pair_wikitext_tldr17,pair_wikitext_tldr17,99.56345204712984
rand,vmf_pca100_lloyd100_bm_degree,triviality_median_max_membership,pair_wikitext_tldr17,pair_wikitext_tldr17,1.0
rand,vmf_pca100_lloyd100_bm_degree,triviality_frac_confident,pair_wikitext_tldr17,pair_wikitext_tldr17,1.0
pnull,vmf_pca100_lloyd100_coassoc,reliability_within_coassoc,pair_wikitext_tldr17,pair_wikitext_tldr17,0.03981786662535802
pnull,vmf_pca100_lloyd100_coassoc,reliability_within,pair_wikitext_tldr17,pair_wikitext_tldr17,0.021145853260110162
pnull,vmf_pca100_lloyd100_coassoc,fidelity_within,pair_wikitext_tldr17,pair_wikitext_tldr17,0.039520218978737476
pnull,vmf_pca100_lloyd100_coassoc,fidelity_within_r,pair_wikitext_tldr17,pair_wikitext_tldr17,0.19880687356415255
pnull,vmf_pca100_lloyd100_coassoc,fidelity_within_insample,pair_wikitext_tldr17,pair_wikitext_tldr17,0.04005623186676921
pnull,vmf_pca100_lloyd100_coassoc,triviality_ami_layer,pair_wikitext_tldr17,pair_wikitext_tldr17,0.06495426192785085
pnull,vmf_pca100_lloyd100_coassoc,triviality_ami_dimension,pair_wikitext_tldr17,pair_wikitext_tldr17,-0.0022362874069331335
pnull,vmf_pca100_lloyd100_coassoc,triviality_ami_hubness,pair_wikitext_tldr17,pair_wikitext_tldr17,0.035520290023118586
pnull,vmf_pca100_lloyd100_coassoc,triviality_n_effective_networks,pair_wikitext_tldr17,pair_wikitext_tldr17,100.0
pnull,vmf_pca100_lloyd100_coassoc,triviality_entropy_effective_networks,pair_wikitext_tldr17,pair_wikitext_tldr17,48.19400564903722
pnull,vmf_pca100_lloyd100_coassoc,triviality_median_max_membership,pair_wikitext_tldr17,pair_wikitext_tldr17,1.0
pnull,vmf_pca100_lloyd100_coassoc,triviality_frac_confident,pair_wikitext_tldr17,pair_wikitext_tldr17,1.0
rand,vmf_pca100_lloyd100_coassoc,reliability_within,pair_wikitext_tldr17,pair_wikitext_tldr17,9.934164335456303e-05
rand,vmf_pca100_lloyd100_coassoc,fidelity_within,pair_wikitext_tldr17,pair_wikitext_tldr17,0.0020430363665098206
rand,vmf_pca100_lloyd100_coassoc,fidelity_within_r,pair_wikitext_tldr17,pair_wikitext_tldr17,0.04523426002325935
rand,vmf_pca100_lloyd100_coassoc,fidelity_within_insample,pair_wikitext_tldr17,pair_wikitext_tldr17,0.0020370306672463645
rand,vmf_pca100_lloyd100_coassoc,triviality_ami_layer,pair_wikitext_tldr17,pair_wikitext_tldr17,0.0010499359137309142
rand,vmf_pca100_lloyd100_coassoc,triviality_ami_dimension,pair_wikitext_tldr17,pair_wikitext_tldr17,0.0005113557477118382
rand,vmf_pca100_lloyd100_coassoc,triviality_ami_hubness,pair_wikitext_tldr17,pair_wikitext_tldr17,-1.9001310732314015e-05
rand,vmf_pca100_lloyd100_coassoc,triviality_n_effective_networks,pair_wikitext_tldr17,pair_wikitext_tldr17,100.0
rand,vmf_pca100_lloyd100_coassoc,triviality_entropy_effective_networks,pair_wikitext_tldr17,pair_wikitext_tldr17,99.51569456848203
rand,vmf_pca100_lloyd100_coassoc,triviality_median_max_membership,pair_wikitext_tldr17,pair_wikitext_tldr17,1.0
rand,vmf_pca100_lloyd100_coassoc,triviality_frac_confident,pair_wikitext_tldr17,pair_wikitext_tldr17,1.0
pnull,vmf_pca100_lloyd100,reliability_within_coassoc,pair_bookcorpus_agnews,pair_bookcorpus_agnews,0.03808631593450183
pnull,vmf_pca100_lloyd100,reliability_within,pair_bookcorpus_agnews,pair_bookcorpus_agnews,0.013018507828069004
pnull,vmf_pca100_lloyd100,fidelity_within,pair_bookcorpus_agnews,pair_bookcorpus_agnews,0.04503743057218679
pnull,vmf_pca100_lloyd100,fidelity_within_r,pair_bookcorpus_agnews,pair_bookcorpus_agnews,0.2122208649817639
pnull,vmf_pca100_lloyd100,fidelity_within_insample,pair_bookcorpus_agnews,pair_bookcorpus_agnews,0.04520730688034402
pnull,vmf_pca100_lloyd100,triviality_ami_layer,pair_bookcorpus_agnews,pair_bookcorpus_agnews,0.047339292476520065
pnull,vmf_pca100_lloyd100,triviality_ami_dimension,pair_bookcorpus_agnews,pair_bookcorpus_agnews,-0.0007061203761933693
pnull,vmf_pca100_lloyd100,triviality_ami_hubness,pair_bookcorpus_agnews,pair_bookcorpus_agnews,0.03954907278496345
pnull,vmf_pca100_lloyd100,triviality_n_effective_networks,pair_bookcorpus_agnews,pair_bookcorpus_agnews,100.0
pnull,vmf_pca100_lloyd100,triviality_entropy_effective_networks,pair_bookcorpus_agnews,pair_bookcorpus_agnews,59.06261340460966
pnull,vmf_pca100_lloyd100,triviality_median_max_membership,pair_bookcorpus_agnews,pair_bookcorpus_agnews,0.375
pnull,vmf_pca100_lloyd100,triviality_frac_confident,pair_bookcorpus_agnews,pair_bookcorpus_agnews,0.23477564102564102
rand,vmf_pca100_lloyd100,reliability_within,pair_bookcorpus_agnews,pair_bookcorpus_agnews,-7.50323753802828e-05
rand,vmf_pca100_lloyd100,fidelity_within,pair_bookcorpus_agnews,pair_bookcorpus_agnews,0.0018689978766600612
rand,vmf_pca100_lloyd100,fidelity_within_r,pair_bookcorpus_agnews,pair_bookcorpus_agnews,0.04323396336881822
rand,vmf_pca100_lloyd100,fidelity_within_insample,pair_bookcorpus_agnews,pair_bookcorpus_agnews,0.001872679858942683
rand,vmf_pca100_lloyd100,triviality_ami_layer,pair_bookcorpus_agnews,pair_bookcorpus_agnews,0.0009132556302278471
rand,vmf_pca100_lloyd100,triviality_ami_dimension,pair_bookcorpus_agnews,pair_bookcorpus_agnews,0.00015809645863704296
rand,vmf_pca100_lloyd100,triviality_ami_hubness,pair_bookcorpus_agnews,pair_bookcorpus_agnews,0.00018936506695827618
rand,vmf_pca100_lloyd100,triviality_n_effective_networks,pair_bookcorpus_agnews,pair_bookcorpus_agnews,100.0
rand,vmf_pca100_lloyd100,triviality_entropy_effective_networks,pair_bookcorpus_agnews,pair_bookcorpus_agnews,99.4402010331319
rand,vmf_pca100_lloyd100,triviality_median_max_membership,pair_bookcorpus_agnews,pair_bookcorpus_agnews,1.0
rand,vmf_pca100_lloyd100,triviality_frac_confident,pair_bookcorpus_agnews,pair_bookcorpus_agnews,1.0
pnull,vmf_pca100_lloyd100_bm_degree,reliability_within_coassoc,pair_bookcorpus_agnews,pair_bookcorpus_agnews,0.03808631593450183
pnull,vmf_pca100_lloyd100_bm_degree,reliability_within,pair_bookcorpus_agnews,pair_bookcorpus_agnews,0.01682245607810628
pnull,vmf_pca100_lloyd100_bm_degree,fidelity_within,pair_bookcorpus_agnews,pair_bookcorpus_agnews,0.056827911902290085
pnull,vmf_pca100_lloyd100_bm_degree,fidelity_within_r,pair_bookcorpus_agnews,pair_bookcorpus_agnews,0.2383865131986154
pnull,vmf_pca100_lloyd100_bm_degree,fidelity_within_insample,pair_bookcorpus_agnews,pair_bookcorpus_agnews,0.05697935426481793
pnull,vmf_pca100_lloyd100_bm_degree,triviality_ami_layer,pair_bookcorpus_agnews,pair_bookcorpus_agnews,0.05420717228013702
pnull,vmf_pca100_lloyd100_bm_degree,triviality_ami_dimension,pair_bookcorpus_agnews,pair_bookcorpus_agnews,2.667103877204132e-06
pnull,vmf_pca100_lloyd100_bm_degree,triviality_ami_hubness,pair_bookcorpus_agnews,pair_bookcorpus_agnews,0.04495716323551741
pnull,vmf_pca100_lloyd100_bm_degree,triviality_n_effective_networks,pair_bookcorpus_agnews,pair_bookcorpus_agnews,100.0
pnull,vmf_pca100_lloyd100_bm_degree,triviality_entropy_effective_networks,pair_bookcorpus_agnews,pair_bookcorpus_agnews,60.30317690902176
pnull,vmf_pca100_lloyd100_bm_degree,triviality_median_max_membership,pair_bookcorpus_agnews,pair_bookcorpus_agnews,1.0
pnull,vmf_pca100_lloyd100_bm_degree,triviality_frac_confident,pair_bookcorpus_agnews,pair_bookcorpus_agnews,1.0
rand,vmf_pca100_lloyd100_bm_degree,reliability_within,pair_bookcorpus_agnews,pair_bookcorpus_agnews,0.00015926269838333667
rand,vmf_pca100_lloyd100_bm_degree,fidelity_within,pair_bookcorpus_agnews,pair_bookcorpus_agnews,0.0017577189408690685
rand,vmf_pca100_lloyd100_bm_degree,fidelity_within_r,pair_bookcorpus_agnews,pair_bookcorpus_agnews,0.041928051695917255
rand,vmf_pca100_lloyd100_bm_degree,fidelity_within_insample,pair_bookcorpus_agnews,pair_bookcorpus_agnews,0.001781175307955296
rand,vmf_pca100_lloyd100_bm_degree,triviality_ami_layer,pair_bookcorpus_agnews,pair_bookcorpus_agnews,-0.0005000234249019114
rand,vmf_pca100_lloyd100_bm_degree,triviality_ami_dimension,pair_bookcorpus_agnews,pair_bookcorpus_agnews,0.00035574777945695656
rand,vmf_pca100_lloyd100_bm_degree,triviality_ami_hubness,pair_bookcorpus_agnews,pair_bookcorpus_agnews,-0.00032149735123737687
rand,vmf_pca100_lloyd100_bm_degree,triviality_n_effective_networks,pair_bookcorpus_agnews,pair_bookcorpus_agnews,100.0
rand,vmf_pca100_lloyd100_bm_degree,triviality_entropy_effective_networks,pair_bookcorpus_agnews,pair_bookcorpus_agnews,99.53611111050725
rand,vmf_pca100_lloyd100_bm_degree,triviality_median_max_membership,pair_bookcorpus_agnews,pair_bookcorpus_agnews,1.0
rand,vmf_pca100_lloyd100_bm_degree,triviality_frac_confident,pair_bookcorpus_agnews,pair_bookcorpus_agnews,1.0
pnull,vmf_pca100_lloyd100_coassoc,reliability_within_coassoc,pair_bookcorpus_agnews,pair_bookcorpus_agnews,0.03808631593450183
pnull,vmf_pca100_lloyd100_coassoc,reliability_within,pair_bookcorpus_agnews,pair_bookcorpus_agnews,0.02275667378224077
pnull,vmf_pca100_lloyd100_coassoc,fidelity_within,pair_bookcorpus_agnews,pair_bookcorpus_agnews,0.044520091337696854
pnull,vmf_pca100_lloyd100_coassoc,fidelity_within_r,pair_bookcorpus_agnews,pair_bookcorpus_agnews,0.21099847377430941
pnull,vmf_pca100_lloyd100_coassoc,fidelity_within_insample,pair_bookcorpus_agnews,pair_bookcorpus_agnews,0.04468847987826208
pnull,vmf_pca100_lloyd100_coassoc,triviality_ami_layer,pair_bookcorpus_agnews,pair_bookcorpus_agnews,0.04954307578781311
pnull,vmf_pca100_lloyd100_coassoc,triviality_ami_dimension,pair_bookcorpus_agnews,pair_bookcorpus_agnews,-0.00041289136337574803
pnull,vmf_pca100_lloyd100_coassoc,triviality_ami_hubness,pair_bookcorpus_agnews,pair_bookcorpus_agnews,0.04256527493764107
pnull,vmf_pca100_lloyd100_coassoc,triviality_n_effective_networks,pair_bookcorpus_agnews,pair_bookcorpus_agnews,100.0
pnull,vmf_pca100_lloyd100_coassoc,triviality_entropy_effective_networks,pair_bookcorpus_agnews,pair_bookcorpus_agnews,38.34657565708962
pnull,vmf_pca100_lloyd100_coassoc,triviality_median_max_membership,pair_bookcorpus_agnews,pair_bookcorpus_agnews,1.0
pnull,vmf_pca100_lloyd100_coassoc,triviality_frac_confident,pair_bookcorpus_agnews,pair_bookcorpus_agnews,1.0
rand,vmf_pca100_lloyd100_coassoc,reliability_within,pair_bookcorpus_agnews,pair_bookcorpus_agnews,1.3155736908224671e-05
rand,vmf_pca100_lloyd100_coassoc,fidelity_within,pair_bookcorpus_agnews,pair_bookcorpus_agnews,0.0018716181571438728
rand,vmf_pca100_lloyd100_coassoc,fidelity_within_r,pair_bookcorpus_agnews,pair_bookcorpus_agnews,0.043264252031579783
rand,vmf_pca100_lloyd100_coassoc,fidelity_within_insample,pair_bookcorpus_agnews,pair_bookcorpus_agnews,0.001873277626525116
rand,vmf_pca100_lloyd100_coassoc,triviality_ami_layer,pair_bookcorpus_agnews,pair_bookcorpus_agnews,0.00014627346231168388
rand,vmf_pca100_lloyd100_coassoc,triviality_ami_dimension,pair_bookcorpus_agnews,pair_bookcorpus_agnews,0.0007528817903921098
rand,vmf_pca100_lloyd100_coassoc,triviality_ami_hubness,pair_bookcorpus_agnews,pair_bookcorpus_agnews,0.0004589540251272483
rand,vmf_pca100_lloyd100_coassoc,triviality_n_effective_networks,pair_bookcorpus_agnews,pair_bookcorpus_agnews,100.0
rand,vmf_pca100_lloyd100_coassoc,triviality_entropy_effective_networks,pair_bookcorpus_agnews,pair_bookcorpus_agnews,99.46958871954328
rand,vmf_pca100_lloyd100_coassoc,triviality_median_max_membership,pair_bookcorpus_agnews,pair_bookcorpus_agnews,1.0
rand,vmf_pca100_lloyd100_coassoc,triviality_frac_confident,pair_bookcorpus_agnews,pair_bookcorpus_agnews,1.0
pnull,vmf_pca100_lloyd100,reliability_within_coassoc,pool_all,pool_all,0.047875312284560656
pnull,vmf_pca100_lloyd100,reliability_within,pool_all,pool_all,0.015333432845615027
pnull,vmf_pca100_lloyd100,fidelity_within,pool_all,pool_all,0.048749802414912446
pnull,vmf_pca100_lloyd100,fidelity_within_r,pool_all,pool_all,0.2208040072023465
pnull,vmf_pca100_lloyd100,fidelity_within_insample,pool_all,pool_all,0.049059981984369117
pnull,vmf_pca100_lloyd100,triviality_ami_layer,pool_all,pool_all,0.06430751846409226
pnull,vmf_pca100_lloyd100,triviality_ami_dimension,pool_all,pool_all,0.0002601464442510763
pnull,vmf_pca100_lloyd100,triviality_ami_hubness,pool_all,pool_all,0.04023714972638562
pnull,vmf_pca100_lloyd100,triviality_n_effective_networks,pool_all,pool_all,100.0
pnull,vmf_pca100_lloyd100,triviality_entropy_effective_networks,pool_all,pool_all,61.333323797247694
pnull,vmf_pca100_lloyd100,triviality_median_max_membership,pool_all,pool_all,0.3
pnull,vmf_pca100_lloyd100,triviality_frac_confident,pool_all,pool_all,0.10446714743589744
rand,vmf_pca100_lloyd100,reliability_within,pool_all,pool_all,3.710552573900532e-05
rand,vmf_pca100_lloyd100,fidelity_within,pool_all,pool_all,0.0020818600357263017
rand,vmf_pca100_lloyd100,fidelity_within_r,pool_all,pool_all,0.04567734777058091
rand,vmf_pca100_lloyd100,fidelity_within_insample,pool_all,pool_all,0.0020880750354697053
rand,vmf_pca100_lloyd100,triviality_ami_layer,pool_all,pool_all,0.00018732443095490387
rand,vmf_pca100_lloyd100,triviality_ami_dimension,pool_all,pool_all,0.00016716335836036082
rand,vmf_pca100_lloyd100,triviality_ami_hubness,pool_all,pool_all,-0.00022091892524733837
rand,vmf_pca100_lloyd100,triviality_n_effective_networks,pool_all,pool_all,100.0
rand,vmf_pca100_lloyd100,triviality_entropy_effective_networks,pool_all,pool_all,99.34423711958905
rand,vmf_pca100_lloyd100,triviality_median_max_membership,pool_all,pool_all,1.0
rand,vmf_pca100_lloyd100,triviality_frac_confident,pool_all,pool_all,1.0
pnull,vmf_pca100_lloyd100_bm_degree,reliability_within_coassoc,pool_all,pool_all,0.047875312284560656
pnull,vmf_pca100_lloyd100_bm_degree,reliability_within,pool_all,pool_all,0.017203878114276743
pnull,vmf_pca100_lloyd100_bm_degree,fidelity_within,pool_all,pool_all,0.05655739106212765
pnull,vmf_pca100_lloyd100_bm_degree,fidelity_within_r,pool_all,pool_all,0.23782763908203894
pnull,vmf_pca100_lloyd100_bm_degree,fidelity_within_insample,pool_all,pool_all,0.05689435723015002
pnull,vmf_pca100_lloyd100_bm_degree,triviality_ami_layer,pool_all,pool_all,0.0652480493941518
pnull,vmf_pca100_lloyd100_bm_degree,triviality_ami_dimension,pool_all,pool_all,-0.0012020775336514843
pnull,vmf_pca100_lloyd100_bm_degree,triviality_ami_hubness,pool_all,pool_all,0.041534635558174555
pnull,vmf_pca100_lloyd100_bm_degree,triviality_n_effective_networks,pool_all,pool_all,100.0
pnull,vmf_pca100_lloyd100_bm_degree,triviality_entropy_effective_networks,pool_all,pool_all,65.65192565112449
pnull,vmf_pca100_lloyd100_bm_degree,triviality_median_max_membership,pool_all,pool_all,1.0
pnull,vmf_pca100_lloyd100_bm_degree,triviality_frac_confident,pool_all,pool_all,1.0
rand,vmf_pca100_lloyd100_bm_degree,reliability_within,pool_all,pool_all,-0.00013733903941472503
rand,vmf_pca100_lloyd100_bm_degree,fidelity_within,pool_all,pool_all,0.002044302384610619
rand,vmf_pca100_lloyd100_bm_degree,fidelity_within_r,pool_all,pool_all,0.04526477391541203
rand,vmf_pca100_lloyd100_bm_degree,fidelity_within_insample,pool_all,pool_all,0.002038590885879099
rand,vmf_pca100_lloyd100_bm_degree,triviality_ami_layer,pool_all,pool_all,-0.0002675456978605838
rand,vmf_pca100_lloyd100_bm_degree,triviality_ami_dimension,pool_all,pool_all,-0.00044316254668107057
rand,vmf_pca100_lloyd100_bm_degree,triviality_ami_hubness,pool_all,pool_all,-0.0002713388414037247
rand,vmf_pca100_lloyd100_bm_degree,triviality_n_effective_networks,pool_all,pool_all,100.0
rand,vmf_pca100_lloyd100_bm_degree,triviality_entropy_effective_networks,pool_all,pool_all,99.50141919340638
rand,vmf_pca100_lloyd100_bm_degree,triviality_median_max_membership,pool_all,pool_all,1.0
rand,vmf_pca100_lloyd100_bm_degree,triviality_frac_confident,pool_all,pool_all,1.0
pnull,vmf_pca100_lloyd100_coassoc,reliability_within_coassoc,pool_all,pool_all,0.047875312284560656
pnull,vmf_pca100_lloyd100_coassoc,reliability_within,pool_all,pool_all,0.029014276605421406
pnull,vmf_pca100_lloyd100_coassoc,fidelity_within,pool_all,pool_all,0.04624215444493085
pnull,vmf_pca100_lloyd100_coassoc,fidelity_within_r,pool_all,pool_all,0.2150505656929849
pnull,vmf_pca100_lloyd100_coassoc,fidelity_within_insample,pool_all,pool_all,0.04652303249534995
pnull,vmf_pca100_lloyd100_coassoc,triviality_ami_layer,pool_all,pool_all,0.06714997326592585
pnull,vmf_pca100_lloyd100_coassoc,triviality_ami_dimension,pool_all,pool_all,0.0002133144261427391
pnull,vmf_pca100_lloyd100_coassoc,triviality_ami_hubness,pool_all,pool_all,0.041464187228373424
pnull,vmf_pca100_lloyd100_coassoc,triviality_n_effective_networks,pool_all,pool_all,100.0
pnull,vmf_pca100_lloyd100_coassoc,triviality_entropy_effective_networks,pool_all,pool_all,40.7925366325814
pnull,vmf_pca100_lloyd100_coassoc,triviality_median_max_membership,pool_all,pool_all,1.0
pnull,vmf_pca100_lloyd100_coassoc,triviality_frac_confident,pool_all,pool_all,1.0
rand,vmf_pca100_lloyd100_coassoc,reliability_within,pool_all,pool_all,9.307625018598892e-06
rand,vmf_pca100_lloyd100_coassoc,fidelity_within,pool_all,pool_all,0.002202130278563752
rand,vmf_pca100_lloyd100_coassoc,fidelity_within_r,pool_all,pool_all,0.04697537635110713
rand,vmf_pca100_lloyd100_coassoc,fidelity_within_insample,pool_all,pool_all,0.0022121719920121796
rand,vmf_pca100_lloyd100_coassoc,triviality_ami_layer,pool_all,pool_all,0.0008963268580862739
rand,vmf_pca100_lloyd100_coassoc,triviality_ami_dimension,pool_all,pool_all,-8.476218388371555e-05
rand,vmf_pca100_lloyd100_coassoc,triviality_ami_hubness,pool_all,pool_all,0.00023102455491502146
rand,vmf_pca100_lloyd100_coassoc,triviality_n_effective_networks,pool_all,pool_all,100.0
rand,vmf_pca100_lloyd100_coassoc,triviality_entropy_effective_networks,pool_all,pool_all,99.43826858260658
rand,vmf_pca100_lloyd100_coassoc,triviality_median_max_membership,pool_all,pool_all,1.0
rand,vmf_pca100_lloyd100_coassoc,triviality_frac_confident,pool_all,pool_all,1.0
pnull,vmf_pca100_lloyd100,fidelity_across_halves,wikitext,bookcorpus,0.18564933653915233
pnull,vmf_pca100_lloyd100,reliability_across_halves,wikitext,bookcorpus,0.007267222066836455
rand,vmf_pca100_lloyd100,fidelity_across_halves,wikitext,bookcorpus,0.0339354684840291
rand,vmf_pca100_lloyd100,reliability_across_halves,wikitext,bookcorpus,-8.696666456842408e-05
pnull,vmf_pca100_lloyd100_bm_degree,fidelity_across_halves,wikitext,bookcorpus,0.2036442618040411
pnull,vmf_pca100_lloyd100_bm_degree,reliability_across_halves,wikitext,bookcorpus,0.01526137571313804
rand,vmf_pca100_lloyd100_bm_degree,fidelity_across_halves,wikitext,bookcorpus,0.0399166856166966
rand,vmf_pca100_lloyd100_bm_degree,reliability_across_halves,wikitext,bookcorpus,-0.00012235977382405225
pnull,vmf_pca100_lloyd100_coassoc,fidelity_across_halves,wikitext,bookcorpus,0.18276941042282122
pnull,vmf_pca100_lloyd100_coassoc,reliability_across_halves,wikitext,bookcorpus,0.01469091536265842
rand,vmf_pca100_lloyd100_coassoc,fidelity_across_halves,wikitext,bookcorpus,0.03175971954371346
rand,vmf_pca100_lloyd100_coassoc,reliability_across_halves,wikitext,bookcorpus,9.806031724898632e-05
pnull,vmf_pca100_lloyd100,fidelity_across_halves,wikitext,agnews,0.19555393778908106
pnull,vmf_pca100_lloyd100,reliability_across_halves,wikitext,agnews,0.010438421956819988
rand,vmf_pca100_lloyd100,fidelity_across_halves,wikitext,agnews,0.034212501637037845
rand,vmf_pca100_lloyd100,reliability_across_halves,wikitext,agnews,-0.00011017369566010029
pnull,vmf_pca100_lloyd100_bm_degree,fidelity_across_halves,wikitext,agnews,0.21826157928645765
pnull,vmf_pca100_lloyd100_bm_degree,reliability_across_halves,wikitext,agnews,0.01622173424183884
rand,vmf_pca100_lloyd100_bm_degree,fidelity_across_halves,wikitext,agnews,0.03827160854525608
rand,vmf_pca100_lloyd100_bm_degree,reliability_across_halves,wikitext,agnews,0.00011098735646788212
pnull,vmf_pca100_lloyd100_coassoc,fidelity_across_halves,wikitext,agnews,0.19328299224751044
pnull,vmf_pca100_lloyd100_coassoc,reliability_across_halves,wikitext,agnews,0.014164678054315816
rand,vmf_pca100_lloyd100_coassoc,fidelity_across_halves,wikitext,agnews,0.03179298380250698
rand,vmf_pca100_lloyd100_coassoc,reliability_across_halves,wikitext,agnews,-5.752571479051545e-05
pnull,vmf_pca100_lloyd100,fidelity_across_halves,wikitext,tldr17,0.17097409290610818
pnull,vmf_pca100_lloyd100,reliability_across_halves,wikitext,tldr17,0.009627751940662985
rand,vmf_pca100_lloyd100,fidelity_across_halves,wikitext,tldr17,0.03411981256730621
rand,vmf_pca100_lloyd100,reliability_across_halves,wikitext,tldr17,-6.195956862125916e-05
pnull,vmf_pca100_lloyd100_bm_degree,fidelity_across_halves,wikitext,tldr17,0.19607251904254755
pnull,vmf_pca100_lloyd100_bm_degree,reliability_across_halves,wikitext,tldr17,0.015278310324684068
rand,vmf_pca100_lloyd100_bm_degree,fidelity_across_halves,wikitext,tldr17,0.03724146323158308
rand,vmf_pca100_lloyd100_bm_degree,reliability_across_halves,wikitext,tldr17,-1.183194944781079e-05
pnull,vmf_pca100_lloyd100_coassoc,fidelity_across_halves,wikitext,tldr17,0.16915821509106466
pnull,vmf_pca100_lloyd100_coassoc,reliability_across_halves,wikitext,tldr17,0.014461617491122833
rand,vmf_pca100_lloyd100_coassoc,fidelity_across_halves,wikitext,tldr17,0.03078156974732924
rand,vmf_pca100_lloyd100_coassoc,reliability_across_halves,wikitext,tldr17,7.864729840203599e-05
pnull,vmf_pca100_lloyd100,fidelity_across_halves,wikitext,lodo_wikitext,0.1839325104147181
pnull,vmf_pca100_lloyd100,reliability_across_halves,wikitext,lodo_wikitext,0.010708629466262502
rand,vmf_pca100_lloyd100,fidelity_across_halves,wikitext,lodo_wikitext,0.03704657542418933
rand,vmf_pca100_lloyd100,reliability_across_halves,wikitext,lodo_wikitext,-7.564875683348795e-05
pnull,vmf_pca100_lloyd100_bm_degree,fidelity_across_halves,wikitext,lodo_wikitext,0.2074466971822242
pnull,vmf_pca100_lloyd100_bm_degree,reliability_across_halves,wikitext,lodo_wikitext,0.01635504026595838
rand,vmf_pca100_lloyd100_bm_degree,fidelity_across_halves,wikitext,lodo_wikitext,0.041423416607787374
rand,vmf_pca100_lloyd100_bm_degree,reliability_across_halves,wikitext,lodo_wikitext,-0.00010280285996659737
pnull,vmf_pca100_lloyd100_coassoc,fidelity_across_halves,wikitext,lodo_wikitext,0.1812434994223879
pnull,vmf_pca100_lloyd100_coassoc,reliability_across_halves,wikitext,lodo_wikitext,0.017902054566755195
rand,vmf_pca100_lloyd100_coassoc,fidelity_across_halves,wikitext,lodo_wikitext,0.03304908704798429
rand,vmf_pca100_lloyd100_coassoc,reliability_across_halves,wikitext,lodo_wikitext,0.0001712707854949995
pnull,vmf_pca100_lloyd100,fidelity_across_halves,bookcorpus,wikitext,0.17220824030153586
pnull,vmf_pca100_lloyd100,reliability_across_halves,bookcorpus,wikitext,0.00951486676206996
rand,vmf_pca100_lloyd100,fidelity_across_halves,bookcorpus,wikitext,0.029574801137277094
rand,vmf_pca100_lloyd100,reliability_across_halves,bookcorpus,wikitext,-5.62204513457252e-05
pnull,vmf_pca100_lloyd100_bm_degree,fidelity_across_halves,bookcorpus,wikitext,0.19564103588215526
pnull,vmf_pca100_lloyd100_bm_degree,reliability_across_halves,bookcorpus,wikitext,0.013322326767562948
rand,vmf_pca100_lloyd100_bm_degree,fidelity_across_halves,bookcorpus,wikitext,0.033305892326203165
rand,vmf_pca100_lloyd100_bm_degree,reliability_across_halves,bookcorpus,wikitext,-5.162034565793245e-05
pnull,vmf_pca100_lloyd100_coassoc,fidelity_across_halves,bookcorpus,wikitext,0.17137879879963303
pnull,vmf_pca100_lloyd100_coassoc,reliability_across_halves,bookcorpus,wikitext,0.014716691141307803
rand,vmf_pca100_lloyd100_coassoc,fidelity_across_halves,bookcorpus,wikitext,0.03653900708346379
rand,vmf_pca100_lloyd100_coassoc,reliability_across_halves,bookcorpus,wikitext,3.83350323156549e-05
pnull,vmf_pca100_lloyd100,fidelity_across_halves,bookcorpus,agnews,0.16926711961866464
pnull,vmf_pca100_lloyd100,reliability_across_halves,bookcorpus,agnews,0.009518803659400048
rand,vmf_pca100_lloyd100,fidelity_across_halves,bookcorpus,agnews,0.021505268351852944
rand,vmf_pca100_lloyd100,reliability_across_halves,bookcorpus,agnews,7.59902159325284e-05
pnull,vmf_pca100_lloyd100_bm_degree,fidelity_across_halves,bookcorpus,agnews,0.1958142703127359
pnull,vmf_pca100_lloyd100_bm_degree,reliability_across_halves,bookcorpus,agnews,0.012732160993402495
rand,vmf_pca100_lloyd100_bm_degree,fidelity_across_halves,bookcorpus,agnews,0.029366051578475074
rand,vmf_pca100_lloyd100_bm_degree,reliability_across_halves,bookcorpus,agnews,-2.2074339545910396e-05
pnull,vmf_pca100_lloyd100_coassoc,fidelity_across_halves,bookcorpus,agnews,0.16964472846055376
pnull,vmf_pca100_lloyd100_coassoc,reliability_across_halves,bookcorpus,agnews,0.013641468952292998
rand,vmf_pca100_lloyd100_coassoc,fidelity_across_halves,bookcorpus,agnews,0.02681991835696397
rand,vmf_pca100_lloyd100_coassoc,reliability_across_halves,bookcorpus,agnews,0.00017455329897951338
pnull,vmf_pca100_lloyd100,fidelity_across_halves,bookcorpus,tldr17,0.1703668273202322
pnull,vmf_pca100_lloyd100,reliability_across_halves,bookcorpus,tldr17,0.010543944608397393
rand,vmf_pca100_lloyd100,fidelity_across_halves,bookcorpus,tldr17,0.02994393614546143
rand,vmf_pca100_lloyd100,reliability_across_halves,bookcorpus,tldr17,6.677493128997718e-05
pnull,vmf_pca100_lloyd100_bm_degree,fidelity_across_halves,bookcorpus,tldr17,0.19714803952040383
pnull,vmf_pca100_lloyd100_bm_degree,reliability_across_halves,bookcorpus,tldr17,0.012622605357758644
rand,vmf_pca100_lloyd100_bm_degree,fidelity_across_halves,bookcorpus,tldr17,0.03636460783683121
rand,vmf_pca100_lloyd100_bm_degree,reliability_across_halves,bookcorpus,tldr17,-5.655394572565005e-05
pnull,vmf_pca100_lloyd100_coassoc,fidelity_across_halves,bookcorpus,tldr17,0.17074872414929793
pnull,vmf_pca100_lloyd100_coassoc,reliability_across_halves,bookcorpus,tldr17,0.014912946698012044
rand,vmf_pca100_lloyd100_coassoc,fidelity_across_halves,bookcorpus,tldr17,0.036640122938114986
rand,vmf_pca100_lloyd100_coassoc,reliability_across_halves,bookcorpus,tldr17,-4.4529103787371635e-05
pnull,vmf_pca100_lloyd100,fidelity_across_halves,bookcorpus,lodo_bookcorpus,0.16625867695279994
pnull,vmf_pca100_lloyd100,reliability_across_halves,bookcorpus,lodo_bookcorpus,0.010549038322410692
rand,vmf_pca100_lloyd100,fidelity_across_halves,bookcorpus,lodo_bookcorpus,0.026791478019009694
rand,vmf_pca100_lloyd100,reliability_across_halves,bookcorpus,lodo_bookcorpus,-5.0137603984632624e-05
pnull,vmf_pca100_lloyd100_bm_degree,fidelity_across_halves,bookcorpus,lodo_bookcorpus,0.19350205994099026
pnull,vmf_pca100_lloyd100_bm_degree,reliability_across_halves,bookcorpus,lodo_bookcorpus,0.012518616970534906
rand,vmf_pca100_lloyd100_bm_degree,fidelity_across_halves,bookcorpus,lodo_bookcorpus,0.03480843319023802
rand,vmf_pca100_lloyd100_bm_degree,reliability_across_halves,bookcorpus,lodo_bookcorpus,-0.00017488869379297036
pnull,vmf_pca100_lloyd100_coassoc,fidelity_across_halves,bookcorpus,lodo_bookcorpus,0.16643560709080413
pnull,vmf_pca100_lloyd100_coassoc,reliability_across_halves,bookcorpus,lodo_bookcorpus,0.020429943941989534
rand,vmf_pca100_lloyd100_coassoc,fidelity_across_halves,bookcorpus,lodo_bookcorpus,0.03363171173836967
rand,vmf_pca100_lloyd100_coassoc,reliability_across_halves,bookcorpus,lodo_bookcorpus,-5.724971984256109e-05
pnull,vmf_pca100_lloyd100,fidelity_across_halves,agnews,wikitext,0.17786105681331463
pnull,vmf_pca100_lloyd100,reliability_across_halves,agnews,wikitext,0.011584481860146285
rand,vmf_pca100_lloyd100,fidelity_across_halves,agnews,wikitext,0.03475345257065919
rand,vmf_pca100_lloyd100,reliability_across_halves,agnews,wikitext,-0.0002599299895870661
pnull,vmf_pca100_lloyd100_bm_degree,fidelity_across_halves,agnews,wikitext,0.19906256752058166
pnull,vmf_pca100_lloyd100_bm_degree,reliability_across_halves,agnews,wikitext,0.017473236637449444
rand,vmf_pca100_lloyd100_bm_degree,fidelity_across_halves,agnews,wikitext,0.045120906149654194
rand,vmf_pca100_lloyd100_bm_degree,reliability_across_halves,agnews,wikitext,-0.00014143167092855433
pnull,vmf_pca100_lloyd100_coassoc,fidelity_across_halves,agnews,wikitext,0.17348058110566644
pnull,vmf_pca100_lloyd100_coassoc,reliability_across_halves,agnews,wikitext,0.015900425058013923
rand,vmf_pca100_lloyd100_coassoc,fidelity_across_halves,agnews,wikitext,0.034468787013799504
rand,vmf_pca100_lloyd100_coassoc,reliability_across_halves,agnews,wikitext,7.711828821480959e-05
pnull,vmf_pca100_lloyd100,fidelity_across_halves,agnews,bookcorpus,0.17329751553437575
pnull,vmf_pca100_lloyd100,reliability_across_halves,agnews,bookcorpus,0.008164976868589365
rand,vmf_pca100_lloyd100,fidelity_across_halves,agnews,bookcorpus,0.03316453158715616
rand,vmf_pca100_lloyd100,reliability_across_halves,agnews,bookcorpus,-5.631956028633689e-05
pnull,vmf_pca100_lloyd100_bm_degree,fidelity_across_halves,agnews,bookcorpus,0.1914784800201976
pnull,vmf_pca100_lloyd100_bm_degree,reliability_across_halves,agnews,bookcorpus,0.014656842049416297
rand,vmf_pca100_lloyd100_bm_degree,fidelity_across_halves,agnews,bookcorpus,0.035332202367155
rand,vmf_pca100_lloyd100_bm_degree,reliability_across_halves,agnews,bookcorpus,-4.509707455744259e-05
pnull,vmf_pca100_lloyd100_coassoc,fidelity_across_halves,agnews,bookcorpus,0.16947505693175652
pnull,vmf_pca100_lloyd100_coassoc,reliability_across_halves,agnews,bookcorpus,0.015227372245191714
rand,vmf_pca100_lloyd100_coassoc,fidelity_across_halves,agnews,bookcorpus,0.032442354637905416
rand,vmf_pca100_lloyd100_coassoc,reliability_across_halves,agnews,bookcorpus,6.436455340013177e-05
pnull,vmf_pca100_lloyd100,fidelity_across_halves,agnews,tldr17,0.15579460828438813
pnull,vmf_pca100_lloyd100,reliability_across_halves,agnews,tldr17,0.010607119250227746
rand,vmf_pca100_lloyd100,fidelity_across_halves,agnews,tldr17,0.028669243050031587
rand,vmf_pca100_lloyd100,reliability_across_halves,agnews,tldr17,-0.00011072034319704722
pnull,vmf_pca100_lloyd100_bm_degree,fidelity_across_halves,agnews,tldr17,0.17857221431416306
pnull,vmf_pca100_lloyd100_bm_degree,reliability_across_halves,agnews,tldr17,0.015510484159964338
rand,vmf_pca100_lloyd100_bm_degree,fidelity_across_halves,agnews,tldr17,0.038939844204354576
rand,vmf_pca100_lloyd100_bm_degree,reliability_across_halves,agnews,tldr17,-3.6200642108679106e-05
pnull,vmf_pca100_lloyd100_coassoc,fidelity_across_halves,agnews,tldr17,0.1515103872465745
pnull,vmf_pca100_lloyd100_coassoc,reliability_across_halves,agnews,tldr17,0.014826582552776576
rand,vmf_pca100_lloyd100_coassoc,fidelity_across_halves,agnews,tldr17,0.029681523405215866
rand,vmf_pca100_lloyd100_coassoc,reliability_across_halves,agnews,tldr17,2.9192387475770546e-05
pnull,vmf_pca100_lloyd100,fidelity_across_halves,agnews,lodo_agnews,0.16697203650369602
pnull,vmf_pca100_lloyd100,reliability_across_halves,agnews,lodo_agnews,0.01168114747807735
rand,vmf_pca100_lloyd100,fidelity_across_halves,agnews,lodo_agnews,0.03515928225976548
rand,vmf_pca100_lloyd100,reliability_across_halves,agnews,lodo_agnews,-8.154143441736724e-05
pnull,vmf_pca100_lloyd100_bm_degree,fidelity_across_halves,agnews,lodo_agnews,0.18934355758129504
pnull,vmf_pca100_lloyd100_bm_degree,reliability_across_halves,agnews,lodo_agnews,0.017882507655376977
rand,vmf_pca100_lloyd100_bm_degree,fidelity_across_halves,agnews,lodo_agnews,0.04216302687253385
rand,vmf_pca100_lloyd100_bm_degree,reliability_across_halves,agnews,lodo_agnews,0.0001500287839608406
pnull,vmf_pca100_lloyd100_coassoc,fidelity_across_halves,agnews,lodo_agnews,0.16233115974390788
pnull,vmf_pca100_lloyd100_coassoc,reliability_across_halves,agnews,lodo_agnews,0.01716113926436222
rand,vmf_pca100_lloyd100_coassoc,fidelity_across_halves,agnews,lodo_agnews,0.034169378663328455
rand,vmf_pca100_lloyd100_coassoc,reliability_across_halves,agnews,lodo_agnews,2.2955898334321834e-05
pnull,vmf_pca100_lloyd100,fidelity_across_halves,tldr17,wikitext,0.1812413339893284
pnull,vmf_pca100_lloyd100,reliability_across_halves,tldr17,wikitext,0.010518538342724853
rand,vmf_pca100_lloyd100,fidelity_across_halves,tldr17,wikitext,0.03006683217859448
rand,vmf_pca100_lloyd100,reliability_across_halves,tldr17,wikitext,-0.00023202609523258243
pnull,vmf_pca100_lloyd100_bm_degree,fidelity_across_halves,tldr17,wikitext,0.20670051133263143
pnull,vmf_pca100_lloyd100_bm_degree,reliability_across_halves,tldr17,wikitext,0.013698161189154784
rand,vmf_pca100_lloyd100_bm_degree,fidelity_across_halves,tldr17,wikitext,0.03137461730134908
rand,vmf_pca100_lloyd100_bm_degree,reliability_across_halves,tldr17,wikitext,1.8234871788393362e-05
pnull,vmf_pca100_lloyd100_coassoc,fidelity_across_halves,tldr17,wikitext,0.1753245947738253
pnull,vmf_pca100_lloyd100_coassoc,reliability_across_halves,tldr17,wikitext,0.014550689495344844
rand,vmf_pca100_lloyd100_coassoc,fidelity_across_halves,tldr17,wikitext,0.036335109916893996
rand,vmf_pca100_lloyd100_coassoc,reliability_across_halves,tldr17,wikitext,6.243589750250724e-05
pnull,vmf_pca100_lloyd100,fidelity_across_halves,tldr17,bookcorpus,0.19889689852379075
pnull,vmf_pca100_lloyd100,reliability_across_halves,tldr17,bookcorpus,0.008203240003162414
rand,vmf_pca100_lloyd100,fidelity_across_halves,tldr17,bookcorpus,0.033700313291483236
rand,vmf_pca100_lloyd100,reliability_across_halves,tldr17,bookcorpus,-8.391009497435575e-05
pnull,vmf_pca100_lloyd100_bm_degree,fidelity_across_halves,tldr17,bookcorpus,0.22107454581202352
pnull,vmf_pca100_lloyd100_bm_degree,reliability_across_halves,tldr17,bookcorpus,0.013229211759124795
rand,vmf_pca100_lloyd100_bm_degree,fidelity_across_halves,tldr17,bookcorpus,0.031006130411203685
rand,vmf_pca100_lloyd100_bm_degree,reliability_across_halves,tldr17,bookcorpus,3.1037972599652035e-06
pnull,vmf_pca100_lloyd100_coassoc,fidelity_across_halves,tldr17,bookcorpus,0.19299698085997868
pnull,vmf_pca100_lloyd100_coassoc,reliability_across_halves,tldr17,bookcorpus,0.014268580218887664
rand,vmf_pca100_lloyd100_coassoc,fidelity_across_halves,tldr17,bookcorpus,0.038791058517512654
rand,vmf_pca100_lloyd100_coassoc,reliability_across_halves,tldr17,bookcorpus,-1.7805318364269825e-06
pnull,vmf_pca100_lloyd100,fidelity_across_halves,tldr17,agnews,0.19052069724341988
pnull,vmf_pca100_lloyd100,reliability_across_halves,tldr17,agnews,0.011380933115789606
rand,vmf_pca100_lloyd100,fidelity_across_halves,tldr17,agnews,0.028635247943508503
rand,vmf_pca100_lloyd100,reliability_across_halves,tldr17,agnews,-1.459489347398649e-06
pnull,vmf_pca100_lloyd100_bm_degree,fidelity_across_halves,tldr17,agnews,0.21454623088336758
pnull,vmf_pca100_lloyd100_bm_degree,reliability_across_halves,tldr17,agnews,0.014207598349435954
rand,vmf_pca100_lloyd100_bm_degree,fidelity_across_halves,tldr17,agnews,0.026653348217694217
rand,vmf_pca100_lloyd100_bm_degree,reliability_across_halves,tldr17,agnews,6.676267488090944e-05
pnull,vmf_pca100_lloyd100_coassoc,fidelity_across_halves,tldr17,agnews,0.18492004537898613
pnull,vmf_pca100_lloyd100_coassoc,reliability_across_halves,tldr17,agnews,0.013509419986697723
rand,vmf_pca100_lloyd100_coassoc,fidelity_across_halves,tldr17,agnews,0.027309876457398023
rand,vmf_pca100_lloyd100_coassoc,reliability_across_halves,tldr17,agnews,-9.55627229420578e-05
pnull,vmf_pca100_lloyd100,fidelity_across_halves,tldr17,lodo_tldr17,0.19052211303826708
pnull,vmf_pca100_lloyd100,reliability_across_halves,tldr17,lodo_tldr17,0.012457453230692372
rand,vmf_pca100_lloyd100,fidelity_across_halves,tldr17,lodo_tldr17,0.034377589469406125
rand,vmf_pca100_lloyd100,reliability_across_halves,tldr17,lodo_tldr17,-0.00011610972113188162
pnull,vmf_pca100_lloyd100_bm_degree,fidelity_across_halves,tldr17,lodo_tldr17,0.21701395879530308
pnull,vmf_pca100_lloyd100_bm_degree,reliability_across_halves,tldr17,lodo_tldr17,0.01487541491798169
rand,vmf_pca100_lloyd100_bm_degree,fidelity_across_halves,tldr17,lodo_tldr17,0.03277592357543797
rand,vmf_pca100_lloyd100_bm_degree,reliability_across_halves,tldr17,lodo_tldr17,6.100444641345625e-05
pnull,vmf_pca100_lloyd100_coassoc,fidelity_across_halves,tldr17,lodo_tldr17,0.1845180263031342
pnull,vmf_pca100_lloyd100_coassoc,reliability_across_halves,tldr17,lodo_tldr17,0.017116873839668117
rand,vmf_pca100_lloyd100_coassoc,fidelity_across_halves,tldr17,lodo_tldr17,0.03845145274726612
rand,vmf_pca100_lloyd100_coassoc,reliability_across_halves,tldr17,lodo_tldr17,0.0001040914472141031
pnull,vmf_pca100_lloyd100,fidelity_across_halves,lodo_wikitext,wikitext,0.2110089065823984
pnull,vmf_pca100_lloyd100,reliability_across_halves,lodo_wikitext,wikitext,0.01266056004387002
rand,vmf_pca100_lloyd100,fidelity_across_halves,lodo_wikitext,wikitext,0.03286060165271998
rand,vmf_pca100_lloyd100,reliability_across_halves,lodo_wikitext,wikitext,7.067827550225296e-05
pnull,vmf_pca100_lloyd100_bm_degree,fidelity_across_halves,lodo_wikitext,wikitext,0.2283487147893124
pnull,vmf_pca100_lloyd100_bm_degree,reliability_across_halves,lodo_wikitext,wikitext,0.016624612770503693
rand,vmf_pca100_lloyd100_bm_degree,fidelity_across_halves,lodo_wikitext,wikitext,0.0387735298263278
rand,vmf_pca100_lloyd100_bm_degree,reliability_across_halves,lodo_wikitext,wikitext,-6.80038651281459e-05
pnull,vmf_pca100_lloyd100_coassoc,fidelity_across_halves,lodo_wikitext,wikitext,0.2086394006653338
pnull,vmf_pca100_lloyd100_coassoc,reliability_across_halves,lodo_wikitext,wikitext,0.01917515039049221
rand,vmf_pca100_lloyd100_coassoc,fidelity_across_halves,lodo_wikitext,wikitext,0.04138268361286205
rand,vmf_pca100_lloyd100_coassoc,reliability_across_halves,lodo_wikitext,wikitext,-0.0002269568114426029
pnull,vmf_pca100_lloyd100,fidelity_across_halves,lodo_bookcorpus,bookcorpus,0.2076831102795821
pnull,vmf_pca100_lloyd100,reliability_across_halves,lodo_bookcorpus,bookcorpus,0.007902157432076508
rand,vmf_pca100_lloyd100,fidelity_across_halves,lodo_bookcorpus,bookcorpus,0.03160637854964938
rand,vmf_pca100_lloyd100,reliability_across_halves,lodo_bookcorpus,bookcorpus,-4.441514791927126e-05
pnull,vmf_pca100_lloyd100_bm_degree,fidelity_across_halves,lodo_bookcorpus,bookcorpus,0.2224749246247841
pnull,vmf_pca100_lloyd100_bm_degree,reliability_across_halves,lodo_bookcorpus,bookcorpus,0.013804741315726756
rand,vmf_pca100_lloyd100_bm_degree,fidelity_across_halves,lodo_bookcorpus,bookcorpus,0.03618084247068285
rand,vmf_pca100_lloyd100_bm_degree,reliability_across_halves,lodo_bookcorpus,bookcorpus,9.283876662742595e-06
pnull,vmf_pca100_lloyd100_coassoc,fidelity_across_halves,lodo_bookcorpus,bookcorpus,0.20645068403771766
pnull,vmf_pca100_lloyd100_coassoc,reliability_across_halves,lodo_bookcorpus,bookcorpus,0.019296491675024303
rand,vmf_pca100_lloyd100_coassoc,fidelity_across_halves,lodo_bookcorpus,bookcorpus,0.04135125117191642
rand,vmf_pca100_lloyd100_coassoc,reliability_across_halves,lodo_bookcorpus,bookcorpus,-9.169141720391642e-05
pnull,vmf_pca100_lloyd100,fidelity_across_halves,lodo_agnews,agnews,0.21404406245867716
pnull,vmf_pca100_lloyd100,reliability_across_halves,lodo_agnews,agnews,0.012242395660186457
rand,vmf_pca100_lloyd100,fidelity_across_halves,lodo_agnews,agnews,0.02784351732718254
rand,vmf_pca100_lloyd100,reliability_across_halves,lodo_agnews,agnews,9.836278705611243e-05
pnull,vmf_pca100_lloyd100_bm_degree,fidelity_across_halves,lodo_agnews,agnews,0.2322208733920103
pnull,vmf_pca100_lloyd100_bm_degree,reliability_across_halves,lodo_agnews,agnews,0.01624033271106922
rand,vmf_pca100_lloyd100_bm_degree,fidelity_across_halves,lodo_agnews,agnews,0.02734070059307403
rand,vmf_pca100_lloyd100_bm_degree,reliability_across_halves,lodo_agnews,agnews,0.0002865640105269505
pnull,vmf_pca100_lloyd100_coassoc,fidelity_across_halves,lodo_agnews,agnews,0.21216615689355375
pnull,vmf_pca100_lloyd100_coassoc,reliability_across_halves,lodo_agnews,agnews,0.015894887645240326
rand,vmf_pca100_lloyd100_coassoc,fidelity_across_halves,lodo_agnews,agnews,0.033771784787159406
rand,vmf_pca100_lloyd100_coassoc,reliability_across_halves,lodo_agnews,agnews,0.00013201332771736193
pnull,vmf_pca100_lloyd100,fidelity_across_halves,lodo_tldr17,tldr17,0.20047895369475124
pnull,vmf_pca100_lloyd100,reliability_across_halves,lodo_tldr17,tldr17,0.01247346219433367
rand,vmf_pca100_lloyd100,fidelity_across_halves,lodo_tldr17,tldr17,0.038194230353305596
rand,vmf_pca100_lloyd100,reliability_across_halves,lodo_tldr17,tldr17,-7.269387946235443e-06
pnull,vmf_pca100_lloyd100_bm_degree,fidelity_across_halves,lodo_tldr17,tldr17,0.22316492887337114
pnull,vmf_pca100_lloyd100_bm_degree,reliability_across_halves,lodo_tldr17,tldr17,0.015430798142069681
rand,vmf_pca100_lloyd100_bm_degree,fidelity_across_halves,lodo_tldr17,tldr17,0.03737204749510841
rand,vmf_pca100_lloyd100_bm_degree,reliability_across_halves,lodo_tldr17,tldr17,0.00012181570315827797
pnull,vmf_pca100_lloyd100_coassoc,fidelity_across_halves,lodo_tldr17,tldr17,0.19590904559521347
pnull,vmf_pca100_lloyd100_coassoc,reliability_across_halves,lodo_tldr17,tldr17,0.01775284178938591
rand,vmf_pca100_lloyd100_coassoc,fidelity_across_halves,lodo_tldr17,tldr17,0.04134443269842387
rand,vmf_pca100_lloyd100_coassoc,reliability_across_halves,lodo_tldr17,tldr17,0.00013778889339479747
pnull,vmf_pca100_lloyd100,fidelity_across_halves,pair_wikitext_bookcorpus,pair_agnews_tldr17,0.20204075342103675
pnull,vmf_pca100_lloyd100,reliability_across_halves,pair_wikitext_bookcorpus,pair_agnews_tldr17,0.012230763476166813
rand,vmf_pca100_lloyd100,fidelity_across_halves,pair_wikitext_bookcorpus,pair_agnews_tldr17,0.04057613280212733
rand,vmf_pca100_lloyd100,reliability_across_halves,pair_wikitext_bookcorpus,pair_agnews_tldr17,0.0001689318911550569
pnull,vmf_pca100_lloyd100_bm_degree,fidelity_across_halves,pair_wikitext_bookcorpus,pair_agnews_tldr17,0.22282830779738516
pnull,vmf_pca100_lloyd100_bm_degree,reliability_across_halves,pair_wikitext_bookcorpus,pair_agnews_tldr17,0.017278428804546928
rand,vmf_pca100_lloyd100_bm_degree,fidelity_across_halves,pair_wikitext_bookcorpus,pair_agnews_tldr17,0.030997903734395912
rand,vmf_pca100_lloyd100_bm_degree,reliability_across_halves,pair_wikitext_bookcorpus,pair_agnews_tldr17,8.539261922479539e-06
pnull,vmf_pca100_lloyd100_coassoc,fidelity_across_halves,pair_wikitext_bookcorpus,pair_agnews_tldr17,0.1967529566853249
pnull,vmf_pca100_lloyd100_coassoc,reliability_across_halves,pair_wikitext_bookcorpus,pair_agnews_tldr17,0.019551158689609945
rand,vmf_pca100_lloyd100_coassoc,fidelity_across_halves,pair_wikitext_bookcorpus,pair_agnews_tldr17,0.031724596101379156
rand,vmf_pca100_lloyd100_coassoc,reliability_across_halves,pair_wikitext_bookcorpus,pair_agnews_tldr17,-2.494331890974735e-05
pnull,vmf_pca100_lloyd100,fidelity_across_halves,pair_agnews_tldr17,pair_wikitext_bookcorpus,0.2004978625115155
pnull,vmf_pca100_lloyd100,reliability_across_halves,pair_agnews_tldr17,pair_wikitext_bookcorpus,0.012351174546486996
rand,vmf_pca100_lloyd100,fidelity_across_halves,pair_agnews_tldr17,pair_wikitext_bookcorpus,0.03761243859931174
rand,vmf_pca100_lloyd100,reliability_across_halves,pair_agnews_tldr17,pair_wikitext_bookcorpus,4.860251782747059e-05
pnull,vmf_pca100_lloyd100_bm_degree,fidelity_across_halves,pair_agnews_tldr17,pair_wikitext_bookcorpus,0.2195682877037824
pnull,vmf_pca100_lloyd100_bm_degree,reliability_across_halves,pair_agnews_tldr17,pair_wikitext_bookcorpus,0.01547310591846721
rand,vmf_pca100_lloyd100_bm_degree,fidelity_across_halves,pair_agnews_tldr17,pair_wikitext_bookcorpus,0.04342146907874577
rand,vmf_pca100_lloyd100_bm_degree,reliability_across_halves,pair_agnews_tldr17,pair_wikitext_bookcorpus,-0.00018786359916805764
pnull,vmf_pca100_lloyd100_coassoc,fidelity_across_halves,pair_agnews_tldr17,pair_wikitext_bookcorpus,0.19773078042209083
pnull,vmf_pca100_lloyd100_coassoc,reliability_across_halves,pair_agnews_tldr17,pair_wikitext_bookcorpus,0.015918565219777397
rand,vmf_pca100_lloyd100_coassoc,fidelity_across_halves,pair_agnews_tldr17,pair_wikitext_bookcorpus,0.03639589231206724
rand,vmf_pca100_lloyd100_coassoc,reliability_across_halves,pair_agnews_tldr17,pair_wikitext_bookcorpus,-2.0085930464099288e-05
pnull,vmf_pca100_lloyd100,fidelity_across_halves,pair_wikitext_agnews,pair_bookcorpus_tldr17,0.19224479273369546
pnull,vmf_pca100_lloyd100,reliability_across_halves,pair_wikitext_agnews,pair_bookcorpus_tldr17,0.011176348927826426
rand,vmf_pca100_lloyd100,fidelity_across_halves,pair_wikitext_agnews,pair_bookcorpus_tldr17,0.03360130870534996
rand,vmf_pca100_lloyd100,reliability_across_halves,pair_wikitext_agnews,pair_bookcorpus_tldr17,1.966066186588698e-05
pnull,vmf_pca100_lloyd100_bm_degree,fidelity_across_halves,pair_wikitext_agnews,pair_bookcorpus_tldr17,0.2101268627976111
pnull,vmf_pca100_lloyd100_bm_degree,reliability_across_halves,pair_wikitext_agnews,pair_bookcorpus_tldr17,0.019846595144415564
rand,vmf_pca100_lloyd100_bm_degree,fidelity_across_halves,pair_wikitext_agnews,pair_bookcorpus_tldr17,0.03375802616453256
rand,vmf_pca100_lloyd100_bm_degree,reliability_across_halves,pair_wikitext_agnews,pair_bookcorpus_tldr17,3.812433379114558e-05
pnull,vmf_pca100_lloyd100_coassoc,fidelity_across_halves,pair_wikitext_agnews,pair_bookcorpus_tldr17,0.1886070593282328
pnull,vmf_pca100_lloyd100_coassoc,reliability_across_halves,pair_wikitext_agnews,pair_bookcorpus_tldr17,0.01953650451096481
rand,vmf_pca100_lloyd100_coassoc,fidelity_across_halves,pair_wikitext_agnews,pair_bookcorpus_tldr17,0.03402071282891765
rand,vmf_pca100_lloyd100_coassoc,reliability_across_halves,pair_wikitext_agnews,pair_bookcorpus_tldr17,5.624833058965532e-05
pnull,vmf_pca100_lloyd100,fidelity_across_halves,pair_bookcorpus_tldr17,pair_wikitext_agnews,0.19836846255916069
pnull,vmf_pca100_lloyd100,reliability_across_halves,pair_bookcorpus_tldr17,pair_wikitext_agnews,0.013353519091644506
rand,vmf_pca100_lloyd100,fidelity_across_halves,pair_bookcorpus_tldr17,pair_wikitext_agnews,0.03560631844143597
rand,vmf_pca100_lloyd100,reliability_across_halves,pair_bookcorpus_tldr17,pair_wikitext_agnews,-0.00011575138791545678
pnull,vmf_pca100_lloyd100_bm_degree,fidelity_across_halves,pair_bookcorpus_tldr17,pair_wikitext_agnews,0.22236481594068946
pnull,vmf_pca100_lloyd100_bm_degree,reliability_across_halves,pair_bookcorpus_tldr17,pair_wikitext_agnews,0.016233637259998906
rand,vmf_pca100_lloyd100_bm_degree,fidelity_across_halves,pair_bookcorpus_tldr17,pair_wikitext_agnews,0.031365382097827695
rand,vmf_pca100_lloyd100_bm_degree,reliability_across_halves,pair_bookcorpus_tldr17,pair_wikitext_agnews,7.60202980980446e-05
pnull,vmf_pca100_lloyd100_coassoc,fidelity_across_halves,pair_bookcorpus_tldr17,pair_wikitext_agnews,0.1943503932258968
pnull,vmf_pca100_lloyd100_coassoc,reliability_across_halves,pair_bookcorpus_tldr17,pair_wikitext_agnews,0.019051005268999225
rand,vmf_pca100_lloyd100_coassoc,fidelity_across_halves,pair_bookcorpus_tldr17,pair_wikitext_agnews,0.030116185423201255
rand,vmf_pca100_lloyd100_coassoc,reliability_across_halves,pair_bookcorpus_tldr17,pair_wikitext_agnews,-7.428299213480914e-05
pnull,vmf_pca100_lloyd100,fidelity_across_halves,pair_wikitext_tldr17,pair_bookcorpus_agnews,0.20494365808046158
pnull,vmf_pca100_lloyd100,reliability_across_halves,pair_wikitext_tldr17,pair_bookcorpus_agnews,0.012945584489196102
rand,vmf_pca100_lloyd100,fidelity_across_halves,pair_wikitext_tldr17,pair_bookcorpus_agnews,0.04202954123440708
rand,vmf_pca100_lloyd100,reliability_across_halves,pair_wikitext_tldr17,pair_bookcorpus_agnews,2.2523217230296876e-05
pnull,vmf_pca100_lloyd100_bm_degree,fidelity_across_halves,pair_wikitext_tldr17,pair_bookcorpus_agnews,0.2274386748279449
pnull,vmf_pca100_lloyd100_bm_degree,reliability_across_halves,pair_wikitext_tldr17,pair_bookcorpus_agnews,0.018031376831832188
rand,vmf_pca100_lloyd100_bm_degree,fidelity_across_halves,pair_wikitext_tldr17,pair_bookcorpus_agnews,0.03563963303659831
rand,vmf_pca100_lloyd100_bm_degree,reliability_across_halves,pair_wikitext_tldr17,pair_bookcorpus_agnews,8.12920236589375e-05
pnull,vmf_pca100_lloyd100_coassoc,fidelity_across_halves,pair_wikitext_tldr17,pair_bookcorpus_agnews,0.20359665549802472
pnull,vmf_pca100_lloyd100_coassoc,reliability_across_halves,pair_wikitext_tldr17,pair_bookcorpus_agnews,0.019205575594107287
rand,vmf_pca100_lloyd100_coassoc,fidelity_across_halves,pair_wikitext_tldr17,pair_bookcorpus_agnews,0.04132912631247271
rand,vmf_pca100_lloyd100_coassoc,reliability_across_halves,pair_wikitext_tldr17,pair_bookcorpus_agnews,-2.490428352032086e-05
pnull,vmf_pca100_lloyd100,fidelity_across_halves,pair_bookcorpus_agnews,pair_wikitext_tldr17,0.19214548988683158
pnull,vmf_pca100_lloyd100,reliability_across_halves,pair_bookcorpus_agnews,pair_wikitext_tldr17,0.012251161648785418
rand,vmf_pca100_lloyd100,fidelity_across_halves,pair_bookcorpus_agnews,pair_wikitext_tldr17,0.037842887426213966
rand,vmf_pca100_lloyd100,reliability_across_halves,pair_bookcorpus_agnews,pair_wikitext_tldr17,-7.364718171548241e-06
pnull,vmf_pca100_lloyd100_bm_degree,fidelity_across_halves,pair_bookcorpus_agnews,pair_wikitext_tldr17,0.2212665742194221
pnull,vmf_pca100_lloyd100_bm_degree,reliability_across_halves,pair_bookcorpus_agnews,pair_wikitext_tldr17,0.016505732408247414
rand,vmf_pca100_lloyd100_bm_degree,fidelity_across_halves,pair_bookcorpus_agnews,pair_wikitext_tldr17,0.03786965108371345
rand,vmf_pca100_lloyd100_bm_degree,reliability_across_halves,pair_bookcorpus_agnews,pair_wikitext_tldr17,0.0001420585995501597
pnull,vmf_pca100_lloyd100_coassoc,fidelity_across_halves,pair_bookcorpus_agnews,pair_wikitext_tldr17,0.18989757492815873
pnull,vmf_pca100_lloyd100_coassoc,reliability_across_halves,pair_bookcorpus_agnews,pair_wikitext_tldr17,0.023468588700311342
rand,vmf_pca100_lloyd100_coassoc,fidelity_across_halves,pair_bookcorpus_agnews,pair_wikitext_tldr17,0.03692443177755318
rand,vmf_pca100_lloyd100_coassoc,reliability_across_halves,pair_bookcorpus_agnews,pair_wikitext_tldr17,3.097076216851166e-05
