tree,variant,metric,fit,eval,value
real,(ceiling),fidelity_within,wikitext,wikitext,0.9801254890166184
real,(ceiling),fidelity_within_r,wikitext,wikitext,0.990048060108855
real,fisher_pca_lloyd,reliability_within,wikitext,wikitext,0.8162497686579872
real,fisher_pca_lloyd,fidelity_within,wikitext,wikitext,0.18187242858818764
real,fisher_pca_lloyd,fidelity_within_r,wikitext,wikitext,0.42648104535388626
real,fisher_pca_lloyd,fidelity_within_insample,wikitext,wikitext,0.17933991402548244
real,fisher_pca_lloyd,reliability_ceiling,wikitext,wikitext,0.8006755025792042
real,fisher_pca_lloyd,triviality_ami_layer,wikitext,wikitext,0.0970381794522711
real,fisher_pca_lloyd,triviality_ami_dimension,wikitext,wikitext,0.25823052156820986
real,fisher_pca_lloyd,triviality_ami_hubness,wikitext,wikitext,0.25984909113936633
real,fisher_pca_lloyd,triviality_ami_noise_scale,wikitext,wikitext,0.07672476492228703
real,fisher_pca_lloyd,triviality_n_effective_networks,wikitext,wikitext,50.0
real,fisher_pca_lloyd,triviality_median_max_membership,wikitext,wikitext,0.6
real,fisher_pca_lloyd,triviality_frac_confident,wikitext,wikitext,0.5989583333333334
real,nopca_lloyd,reliability_within,wikitext,wikitext,0.8131572565590938
real,nopca_lloyd,fidelity_within,wikitext,wikitext,0.17429014781126173
real,nopca_lloyd,fidelity_within_r,wikitext,wikitext,0.4174975542922039
real,nopca_lloyd,fidelity_within_insample,wikitext,wikitext,0.17175429095204864
real,nopca_lloyd,reliability_ceiling,wikitext,wikitext,0.8282416267566347
real,nopca_lloyd,triviality_ami_layer,wikitext,wikitext,0.10569903845457862
real,nopca_lloyd,triviality_ami_dimension,wikitext,wikitext,0.22269561111682956
real,nopca_lloyd,triviality_ami_hubness,wikitext,wikitext,0.26723758879195514
real,nopca_lloyd,triviality_ami_noise_scale,wikitext,wikitext,0.07917386671076786
real,nopca_lloyd,triviality_n_effective_networks,wikitext,wikitext,46.0
real,nopca_lloyd,triviality_median_max_membership,wikitext,wikitext,0.675
real,nopca_lloyd,triviality_frac_confident,wikitext,wikitext,0.7085336538461539
real,vmf_lloyd,reliability_within,wikitext,wikitext,0.5994910984647612
real,vmf_lloyd,fidelity_within,wikitext,wikitext,0.12745432325166284
real,vmf_lloyd,fidelity_within_r,wikitext,wikitext,0.35702268877206905
real,vmf_lloyd,fidelity_within_insample,wikitext,wikitext,0.12553883036201663
real,vmf_lloyd,reliability_ceiling,wikitext,wikitext,0.4979597903505558
real,vmf_lloyd,triviality_ami_layer,wikitext,wikitext,0.06918904307593668
real,vmf_lloyd,triviality_ami_dimension,wikitext,wikitext,0.35684279020317106
real,vmf_lloyd,triviality_ami_hubness,wikitext,wikitext,0.10086429871738349
real,vmf_lloyd,triviality_ami_noise_scale,wikitext,wikitext,0.06034304743483749
real,vmf_lloyd,triviality_n_effective_networks,wikitext,wikitext,49.0
real,vmf_lloyd,triviality_median_max_membership,wikitext,wikitext,0.425
real,vmf_lloyd,triviality_frac_confident,wikitext,wikitext,0.33263221153846156
real,vmf_lloyd100,reliability_within,wikitext,wikitext,0.4204327200414383
real,vmf_lloyd100,fidelity_within,wikitext,wikitext,0.14200743050544673
real,vmf_lloyd100,fidelity_within_r,wikitext,wikitext,0.37685008118201485
real,vmf_lloyd100,fidelity_within_insample,wikitext,wikitext,0.14028805224474405
real,vmf_lloyd100,reliability_ceiling,wikitext,wikitext,0.3956612626663548
real,vmf_lloyd100,triviality_ami_layer,wikitext,wikitext,0.03304395173402826
real,vmf_lloyd100,triviality_ami_dimension,wikitext,wikitext,0.4682653526788607
real,vmf_lloyd100,triviality_ami_hubness,wikitext,wikitext,0.07266427033981633
real,vmf_lloyd100,triviality_ami_noise_scale,wikitext,wikitext,0.05187404319824011
real,vmf_lloyd100,triviality_n_effective_networks,wikitext,wikitext,100.0
real,vmf_lloyd100,triviality_median_max_membership,wikitext,wikitext,0.35
real,vmf_lloyd100,triviality_frac_confident,wikitext,wikitext,0.2492988782051282
real,vmf_ward,reliability_within,wikitext,wikitext,0.24359603920092995
real,vmf_ward,fidelity_within,wikitext,wikitext,0.12027528695386414
real,vmf_ward,fidelity_within_r,wikitext,wikitext,0.3468144774977216
real,vmf_ward,fidelity_within_insample,wikitext,wikitext,0.11913799721518437
real,vmf_ward,reliability_ceiling,wikitext,wikitext,1.0
real,vmf_ward,triviality_ami_layer,wikitext,wikitext,0.04557109660752877
real,vmf_ward,triviality_ami_dimension,wikitext,wikitext,0.5351011456611627
real,vmf_ward,triviality_ami_hubness,wikitext,wikitext,0.07035097265121737
real,vmf_ward,triviality_ami_noise_scale,wikitext,wikitext,0.05850508399418878
real,vmf_ward,triviality_n_effective_networks,wikitext,wikitext,50.0
real,vmf_ward,triviality_median_max_membership,wikitext,wikitext,1.0
real,vmf_ward,triviality_frac_confident,wikitext,wikitext,1.0
real,vmf_ward100,reliability_within,wikitext,wikitext,0.3958476579994687
real,vmf_ward100,fidelity_within,wikitext,wikitext,0.15298122246173462
real,vmf_ward100,fidelity_within_r,wikitext,wikitext,0.39113318277404435
real,vmf_ward100,fidelity_within_insample,wikitext,wikitext,0.15194937275601894
real,vmf_ward100,reliability_ceiling,wikitext,wikitext,1.0
real,vmf_ward100,triviality_ami_layer,wikitext,wikitext,0.04356517970251504
real,vmf_ward100,triviality_ami_dimension,wikitext,wikitext,0.6162452624062377
real,vmf_ward100,triviality_ami_hubness,wikitext,wikitext,0.07523209714835773
real,vmf_ward100,triviality_ami_noise_scale,wikitext,wikitext,0.06304169214209013
real,vmf_ward100,triviality_n_effective_networks,wikitext,wikitext,100.0
real,vmf_ward100,triviality_median_max_membership,wikitext,wikitext,1.0
real,vmf_ward100,triviality_frac_confident,wikitext,wikitext,1.0
real,(ceiling),fidelity_within,bookcorpus,bookcorpus,0.9932568094407094
real,(ceiling),fidelity_within_r,bookcorpus,bookcorpus,0.9966256066606636
real,fisher_pca_lloyd,reliability_within,bookcorpus,bookcorpus,0.5691267574144119
real,fisher_pca_lloyd,fidelity_within,bookcorpus,bookcorpus,0.2495663999159371
real,fisher_pca_lloyd,fidelity_within_r,bookcorpus,bookcorpus,0.4995727061991733
real,fisher_pca_lloyd,fidelity_within_insample,bookcorpus,bookcorpus,0.2485949792274852
real,fisher_pca_lloyd,reliability_ceiling,bookcorpus,bookcorpus,0.5411961081868889
real,fisher_pca_lloyd,triviality_ami_layer,bookcorpus,bookcorpus,0.034340697403574726
real,fisher_pca_lloyd,triviality_ami_dimension,bookcorpus,bookcorpus,0.2421410872557363
real,fisher_pca_lloyd,triviality_ami_hubness,bookcorpus,bookcorpus,0.314835328155822
real,fisher_pca_lloyd,triviality_ami_noise_scale,bookcorpus,bookcorpus,0.033770813784702404
real,fisher_pca_lloyd,triviality_n_effective_networks,bookcorpus,bookcorpus,50.0
real,fisher_pca_lloyd,triviality_median_max_membership,bookcorpus,bookcorpus,0.525
real,fisher_pca_lloyd,triviality_frac_confident,bookcorpus,bookcorpus,0.5332532051282052
real,nopca_lloyd,reliability_within,bookcorpus,bookcorpus,0.8067086964601579
real,nopca_lloyd,fidelity_within,bookcorpus,bookcorpus,0.2483129920683116
real,nopca_lloyd,fidelity_within_r,bookcorpus,bookcorpus,0.4983167917957598
real,nopca_lloyd,fidelity_within_insample,bookcorpus,bookcorpus,0.24730347668756592
real,nopca_lloyd,reliability_ceiling,bookcorpus,bookcorpus,0.790140739935941
real,nopca_lloyd,triviality_ami_layer,bookcorpus,bookcorpus,0.028432084777351384
real,nopca_lloyd,triviality_ami_dimension,bookcorpus,bookcorpus,0.2300509215448592
real,nopca_lloyd,triviality_ami_hubness,bookcorpus,bookcorpus,0.3145037670138149
real,nopca_lloyd,triviality_ami_noise_scale,bookcorpus,bookcorpus,0.03455485024537773
real,nopca_lloyd,triviality_n_effective_networks,bookcorpus,bookcorpus,50.0
real,nopca_lloyd,triviality_median_max_membership,bookcorpus,bookcorpus,0.525
real,nopca_lloyd,triviality_frac_confident,bookcorpus,bookcorpus,0.5349559294871795
real,vmf_lloyd,reliability_within,bookcorpus,bookcorpus,0.6453380736071475
real,vmf_lloyd,fidelity_within,bookcorpus,bookcorpus,0.1757272026721276
real,vmf_lloyd,fidelity_within_r,bookcorpus,bookcorpus,0.41920385555975076
real,vmf_lloyd,fidelity_within_insample,bookcorpus,bookcorpus,0.17528680421756337
real,vmf_lloyd,reliability_ceiling,bookcorpus,bookcorpus,0.5636258156252908
real,vmf_lloyd,triviality_ami_layer,bookcorpus,bookcorpus,0.03368969534408942
real,vmf_lloyd,triviality_ami_dimension,bookcorpus,bookcorpus,0.31057598490937494
real,vmf_lloyd,triviality_ami_hubness,bookcorpus,bookcorpus,0.13334223688587185
real,vmf_lloyd,triviality_ami_noise_scale,bookcorpus,bookcorpus,0.03488680625807951
real,vmf_lloyd,triviality_n_effective_networks,bookcorpus,bookcorpus,50.0
real,vmf_lloyd,triviality_median_max_membership,bookcorpus,bookcorpus,0.45
real,vmf_lloyd,triviality_frac_confident,bookcorpus,bookcorpus,0.3892227564102564
real,vmf_lloyd100,reliability_within,bookcorpus,bookcorpus,0.5872897846487136
real,vmf_lloyd100,fidelity_within,bookcorpus,bookcorpus,0.19193422632723878
real,vmf_lloyd100,fidelity_within_r,bookcorpus,bookcorpus,0.4381078408264047
real,vmf_lloyd100,fidelity_within_insample,bookcorpus,bookcorpus,0.19165830601788414
real,vmf_lloyd100,reliability_ceiling,bookcorpus,bookcorpus,0.5037697910135375
real,vmf_lloyd100,triviality_ami_layer,bookcorpus,bookcorpus,0.025013630034353036
real,vmf_lloyd100,triviality_ami_dimension,bookcorpus,bookcorpus,0.3899490580561263
real,vmf_lloyd100,triviality_ami_hubness,bookcorpus,bookcorpus,0.11835937146807626
real,vmf_lloyd100,triviality_ami_noise_scale,bookcorpus,bookcorpus,0.0383172843334933
real,vmf_lloyd100,triviality_n_effective_networks,bookcorpus,bookcorpus,100.0
real,vmf_lloyd100,triviality_median_max_membership,bookcorpus,bookcorpus,0.4
real,vmf_lloyd100,triviality_frac_confident,bookcorpus,bookcorpus,0.28916266025641024
real,vmf_ward,reliability_within,bookcorpus,bookcorpus,0.31013819985976254
real,vmf_ward,fidelity_within,bookcorpus,bookcorpus,0.13556498835332287
real,vmf_ward,fidelity_within_r,bookcorpus,bookcorpus,0.3681969700584737
real,vmf_ward,fidelity_within_insample,bookcorpus,bookcorpus,0.13532861391457873
real,vmf_ward,reliability_ceiling,bookcorpus,bookcorpus,1.0
real,vmf_ward,triviality_ami_layer,bookcorpus,bookcorpus,0.03750213680631878
real,vmf_ward,triviality_ami_dimension,bookcorpus,bookcorpus,0.5115603800659836
real,vmf_ward,triviality_ami_hubness,bookcorpus,bookcorpus,0.08120436295387112
real,vmf_ward,triviality_ami_noise_scale,bookcorpus,bookcorpus,0.047107828091175946
real,vmf_ward,triviality_n_effective_networks,bookcorpus,bookcorpus,50.0
real,vmf_ward,triviality_median_max_membership,bookcorpus,bookcorpus,1.0
real,vmf_ward,triviality_frac_confident,bookcorpus,bookcorpus,1.0
real,vmf_ward100,reliability_within,bookcorpus,bookcorpus,0.3342339173701866
real,vmf_ward100,fidelity_within,bookcorpus,bookcorpus,0.16614250992368784
real,vmf_ward100,fidelity_within_r,bookcorpus,bookcorpus,0.40761005768574865
real,vmf_ward100,fidelity_within_insample,bookcorpus,bookcorpus,0.16623420517242682
real,vmf_ward100,reliability_ceiling,bookcorpus,bookcorpus,1.0
real,vmf_ward100,triviality_ami_layer,bookcorpus,bookcorpus,0.03194305090427348
real,vmf_ward100,triviality_ami_dimension,bookcorpus,bookcorpus,0.5978241995320303
real,vmf_ward100,triviality_ami_hubness,bookcorpus,bookcorpus,0.08191529967964618
real,vmf_ward100,triviality_ami_noise_scale,bookcorpus,bookcorpus,0.0529206676794094
real,vmf_ward100,triviality_n_effective_networks,bookcorpus,bookcorpus,100.0
real,vmf_ward100,triviality_median_max_membership,bookcorpus,bookcorpus,1.0
real,vmf_ward100,triviality_frac_confident,bookcorpus,bookcorpus,1.0
real,(ceiling),fidelity_within,agnews,agnews,0.9846233382613736
real,(ceiling),fidelity_within_r,agnews,agnews,0.9923313927390373
real,fisher_pca_lloyd,reliability_within,agnews,agnews,0.8477610555085517
real,fisher_pca_lloyd,fidelity_within,agnews,agnews,0.14782694852328515
real,fisher_pca_lloyd,fidelity_within_r,agnews,agnews,0.3844978745178257
real,fisher_pca_lloyd,fidelity_within_insample,agnews,agnews,0.14730576825973063
real,fisher_pca_lloyd,reliability_ceiling,agnews,agnews,0.8360026317301469
real,fisher_pca_lloyd,triviality_ami_layer,agnews,agnews,0.11666723640169267
real,fisher_pca_lloyd,triviality_ami_dimension,agnews,agnews,0.2656403894755391
real,fisher_pca_lloyd,triviality_ami_hubness,agnews,agnews,0.21613049840063514
real,fisher_pca_lloyd,triviality_ami_noise_scale,agnews,agnews,0.0826454735878714
real,fisher_pca_lloyd,triviality_n_effective_networks,agnews,agnews,49.0
real,fisher_pca_lloyd,triviality_median_max_membership,agnews,agnews,0.675
real,fisher_pca_lloyd,triviality_frac_confident,agnews,agnews,0.6603565705128205
real,nopca_lloyd,reliability_within,agnews,agnews,0.8419963218773177
real,nopca_lloyd,fidelity_within,agnews,agnews,0.13515181470654314
real,nopca_lloyd,fidelity_within_r,agnews,agnews,0.3676458592981458
real,nopca_lloyd,fidelity_within_insample,agnews,agnews,0.13473728467865687
real,nopca_lloyd,reliability_ceiling,agnews,agnews,0.8539469309334867
real,nopca_lloyd,triviality_ami_layer,agnews,agnews,0.13652871900544328
real,nopca_lloyd,triviality_ami_dimension,agnews,agnews,0.21280647456238796
real,nopca_lloyd,triviality_ami_hubness,agnews,agnews,0.23703679443987732
real,nopca_lloyd,triviality_ami_noise_scale,agnews,agnews,0.09018949115753819
real,nopca_lloyd,triviality_n_effective_networks,agnews,agnews,46.0
real,nopca_lloyd,triviality_median_max_membership,agnews,agnews,0.675
real,nopca_lloyd,triviality_frac_confident,agnews,agnews,0.6947115384615384
real,vmf_lloyd,reliability_within,agnews,agnews,0.47274521617903004
real,vmf_lloyd,fidelity_within,agnews,agnews,0.0949496209403885
real,vmf_lloyd,fidelity_within_r,agnews,agnews,0.30815832581092134
real,vmf_lloyd,fidelity_within_insample,agnews,agnews,0.09497096743627997
real,vmf_lloyd,reliability_ceiling,agnews,agnews,0.4329345200848673
real,vmf_lloyd,triviality_ami_layer,agnews,agnews,0.061667411250985175
real,vmf_lloyd,triviality_ami_dimension,agnews,agnews,0.41551845287140676
real,vmf_lloyd,triviality_ami_hubness,agnews,agnews,0.06711917094649635
real,vmf_lloyd,triviality_ami_noise_scale,agnews,agnews,0.059951266645350505
real,vmf_lloyd,triviality_n_effective_networks,agnews,agnews,50.0
real,vmf_lloyd,triviality_median_max_membership,agnews,agnews,0.325
real,vmf_lloyd,triviality_frac_confident,agnews,agnews,0.24419070512820512
real,vmf_lloyd100,reliability_within,agnews,agnews,0.5397702414368241
real,vmf_lloyd100,fidelity_within,agnews,agnews,0.12297926788021663
real,vmf_lloyd100,fidelity_within_r,agnews,agnews,0.35070071645626033
real,vmf_lloyd100,fidelity_within_insample,agnews,agnews,0.12276336495518236
real,vmf_lloyd100,reliability_ceiling,agnews,agnews,0.47163688290776984
real,vmf_lloyd100,triviality_ami_layer,agnews,agnews,0.04275899668282227
real,vmf_lloyd100,triviality_ami_dimension,agnews,agnews,0.5348268200108484
real,vmf_lloyd100,triviality_ami_hubness,agnews,agnews,0.05590984658822697
real,vmf_lloyd100,triviality_ami_noise_scale,agnews,agnews,0.06720046498868336
real,vmf_lloyd100,triviality_n_effective_networks,agnews,agnews,100.0
real,vmf_lloyd100,triviality_median_max_membership,agnews,agnews,0.375
real,vmf_lloyd100,triviality_frac_confident,agnews,agnews,0.2915665064102564
real,vmf_ward,reliability_within,agnews,agnews,0.3454278998631864
real,vmf_ward,fidelity_within,agnews,agnews,0.1044474092354648
real,vmf_ward,fidelity_within_r,agnews,agnews,0.32320129851199897
real,vmf_ward,fidelity_within_insample,agnews,agnews,0.10406251677624556
real,vmf_ward,reliability_ceiling,agnews,agnews,1.0
real,vmf_ward,triviality_ami_layer,agnews,agnews,0.06782286713901053
real,vmf_ward,triviality_ami_dimension,agnews,agnews,0.5428460444116678
real,vmf_ward,triviality_ami_hubness,agnews,agnews,0.06681005081336532
real,vmf_ward,triviality_ami_noise_scale,agnews,agnews,0.06903891291833827
real,vmf_ward,triviality_n_effective_networks,agnews,agnews,50.0
real,vmf_ward,triviality_median_max_membership,agnews,agnews,1.0
real,vmf_ward,triviality_frac_confident,agnews,agnews,1.0
real,vmf_ward100,reliability_within,agnews,agnews,0.5290296257342922
real,vmf_ward100,fidelity_within,agnews,agnews,0.14492025858228486
real,vmf_ward100,fidelity_within_r,agnews,agnews,0.38069926222853717
real,vmf_ward100,fidelity_within_insample,agnews,agnews,0.1445219282378507
real,vmf_ward100,reliability_ceiling,agnews,agnews,1.0
real,vmf_ward100,triviality_ami_layer,agnews,agnews,0.052002494724385596
real,vmf_ward100,triviality_ami_dimension,agnews,agnews,0.6159363937712914
real,vmf_ward100,triviality_ami_hubness,agnews,agnews,0.07269595282396409
real,vmf_ward100,triviality_ami_noise_scale,agnews,agnews,0.07073204869918337
real,vmf_ward100,triviality_n_effective_networks,agnews,agnews,100.0
real,vmf_ward100,triviality_median_max_membership,agnews,agnews,1.0
real,vmf_ward100,triviality_frac_confident,agnews,agnews,1.0
real,(ceiling),fidelity_within,tldr17,tldr17,0.977654968251753
real,(ceiling),fidelity_within_r,tldr17,tldr17,0.9889055326739661
real,fisher_pca_lloyd,reliability_within,tldr17,tldr17,0.792709243655296
real,fisher_pca_lloyd,fidelity_within,tldr17,tldr17,0.18465930462089042
real,fisher_pca_lloyd,fidelity_within_r,tldr17,tldr17,0.4298483904580119
real,fisher_pca_lloyd,fidelity_within_insample,tldr17,tldr17,0.19058075298407795
real,fisher_pca_lloyd,reliability_ceiling,tldr17,tldr17,0.8062647049474071
real,fisher_pca_lloyd,triviality_ami_layer,tldr17,tldr17,0.08653432783899877
real,fisher_pca_lloyd,triviality_ami_dimension,tldr17,tldr17,0.2674331965012108
real,fisher_pca_lloyd,triviality_ami_hubness,tldr17,tldr17,0.2610532681936201
real,fisher_pca_lloyd,triviality_ami_noise_scale,tldr17,tldr17,0.06933638662210043
real,fisher_pca_lloyd,triviality_n_effective_networks,tldr17,tldr17,50.0
real,fisher_pca_lloyd,triviality_median_max_membership,tldr17,tldr17,0.65
real,fisher_pca_lloyd,triviality_frac_confident,tldr17,tldr17,0.6911057692307693
real,nopca_lloyd,reliability_within,tldr17,tldr17,0.6719405186786966
real,nopca_lloyd,fidelity_within,tldr17,tldr17,0.17640355917393868
real,nopca_lloyd,fidelity_within_r,tldr17,tldr17,0.420140568048326
real,nopca_lloyd,fidelity_within_insample,tldr17,tldr17,0.18243930954864285
real,nopca_lloyd,reliability_ceiling,tldr17,tldr17,0.6585271560854203
real,nopca_lloyd,triviality_ami_layer,tldr17,tldr17,0.08607114430092318
real,nopca_lloyd,triviality_ami_dimension,tldr17,tldr17,0.24583284282594237
real,nopca_lloyd,triviality_ami_hubness,tldr17,tldr17,0.26894687044819066
real,nopca_lloyd,triviality_ami_noise_scale,tldr17,tldr17,0.06872093087925935
real,nopca_lloyd,triviality_n_effective_networks,tldr17,tldr17,46.0
real,nopca_lloyd,triviality_median_max_membership,tldr17,tldr17,0.575
real,nopca_lloyd,triviality_frac_confident,tldr17,tldr17,0.6151842948717948
real,vmf_lloyd,reliability_within,tldr17,tldr17,0.5611162010883688
real,vmf_lloyd,fidelity_within,tldr17,tldr17,0.12568719235454573
real,vmf_lloyd,fidelity_within_r,tldr17,tldr17,0.35467272661446664
real,vmf_lloyd,fidelity_within_insample,tldr17,tldr17,0.13063947127148567
real,vmf_lloyd,reliability_ceiling,tldr17,tldr17,0.5178396620937838
real,vmf_lloyd,triviality_ami_layer,tldr17,tldr17,0.06766052918977056
real,vmf_lloyd,triviality_ami_dimension,tldr17,tldr17,0.3572754131865042
real,vmf_lloyd,triviality_ami_hubness,tldr17,tldr17,0.10375177050692125
real,vmf_lloyd,triviality_ami_noise_scale,tldr17,tldr17,0.05973669479200887
real,vmf_lloyd,triviality_n_effective_networks,tldr17,tldr17,50.0
real,vmf_lloyd,triviality_median_max_membership,tldr17,tldr17,0.425
real,vmf_lloyd,triviality_frac_confident,tldr17,tldr17,0.3265224358974359
real,vmf_lloyd100,reliability_within,tldr17,tldr17,0.425578655699443
real,vmf_lloyd100,fidelity_within,tldr17,tldr17,0.13917784506953135
real,vmf_lloyd100,fidelity_within_r,tldr17,tldr17,0.3731690792898111
real,vmf_lloyd100,fidelity_within_insample,tldr17,tldr17,0.14286153994914685
real,vmf_lloyd100,reliability_ceiling,tldr17,tldr17,0.3264117707882693
real,vmf_lloyd100,triviality_ami_layer,tldr17,tldr17,0.03489486701201487
real,vmf_lloyd100,triviality_ami_dimension,tldr17,tldr17,0.465770493020442
real,vmf_lloyd100,triviality_ami_hubness,tldr17,tldr17,0.0746544864821932
real,vmf_lloyd100,triviality_ami_noise_scale,tldr17,tldr17,0.053405892855801496
real,vmf_lloyd100,triviality_n_effective_networks,tldr17,tldr17,100.0
real,vmf_lloyd100,triviality_median_max_membership,tldr17,tldr17,0.375
real,vmf_lloyd100,triviality_frac_confident,tldr17,tldr17,0.26963141025641024
real,vmf_ward,reliability_within,tldr17,tldr17,0.2586983370566036
real,vmf_ward,fidelity_within,tldr17,tldr17,0.12155886769675506
real,vmf_ward,fidelity_within_r,tldr17,tldr17,0.34872269605425527
real,vmf_ward,fidelity_within_insample,tldr17,tldr17,0.12309198590681736
real,vmf_ward,reliability_ceiling,tldr17,tldr17,1.0
real,vmf_ward,triviality_ami_layer,tldr17,tldr17,0.05480793245416593
real,vmf_ward,triviality_ami_dimension,tldr17,tldr17,0.5420705919737603
real,vmf_ward,triviality_ami_hubness,tldr17,tldr17,0.07175885548232995
real,vmf_ward,triviality_ami_noise_scale,tldr17,tldr17,0.05433302606267562
real,vmf_ward,triviality_n_effective_networks,tldr17,tldr17,50.0
real,vmf_ward,triviality_median_max_membership,tldr17,tldr17,1.0
real,vmf_ward,triviality_frac_confident,tldr17,tldr17,1.0
real,vmf_ward100,reliability_within,tldr17,tldr17,0.4039368438232493
real,vmf_ward100,fidelity_within,tldr17,tldr17,0.15876939953147617
real,vmf_ward100,fidelity_within_r,tldr17,tldr17,0.39851963762578263
real,vmf_ward100,fidelity_within_insample,tldr17,tldr17,0.1603175272440467
real,vmf_ward100,reliability_ceiling,tldr17,tldr17,1.0
real,vmf_ward100,triviality_ami_layer,tldr17,tldr17,0.043721614289438576
real,vmf_ward100,triviality_ami_dimension,tldr17,tldr17,0.6147384616033245
real,vmf_ward100,triviality_ami_hubness,tldr17,tldr17,0.07985552111466342
real,vmf_ward100,triviality_ami_noise_scale,tldr17,tldr17,0.058994576495365623
real,vmf_ward100,triviality_n_effective_networks,tldr17,tldr17,100.0
real,vmf_ward100,triviality_median_max_membership,tldr17,tldr17,1.0
real,vmf_ward100,triviality_frac_confident,tldr17,tldr17,1.0
real,(ceiling),fidelity_across,wikitext,bookcorpus,0.5466188420503373
real,fisher_pca_lloyd,fidelity_across,wikitext,bookcorpus,0.32599547868803747
real,fisher_pca_lloyd,reliability_across,wikitext,bookcorpus,0.11241545672183756
real,nopca_lloyd,fidelity_across,wikitext,bookcorpus,0.32440677313642124
real,nopca_lloyd,reliability_across,wikitext,bookcorpus,0.13992324283232416
real,vmf_lloyd,fidelity_across,wikitext,bookcorpus,0.2543451107437408
real,vmf_lloyd,reliability_across,wikitext,bookcorpus,0.08593255597048782
real,vmf_lloyd100,fidelity_across,wikitext,bookcorpus,0.27777172407280315
real,vmf_lloyd100,reliability_across,wikitext,bookcorpus,0.07783395485683145
real,vmf_ward,fidelity_across,wikitext,bookcorpus,0.27096736103576907
real,vmf_ward,reliability_across,wikitext,bookcorpus,0.07496128408711802
real,vmf_ward100,fidelity_across,wikitext,bookcorpus,0.3023359239026522
real,vmf_ward100,reliability_across,wikitext,bookcorpus,0.14095799487659555
real,(ceiling),fidelity_across,wikitext,agnews,0.6023094325019461
real,fisher_pca_lloyd,fidelity_across,wikitext,agnews,0.2766150367949773
real,fisher_pca_lloyd,reliability_across,wikitext,agnews,0.20984039656096562
real,nopca_lloyd,fidelity_across,wikitext,agnews,0.27580542021478316
real,nopca_lloyd,reliability_across,wikitext,agnews,0.22651783064533354
real,vmf_lloyd,fidelity_across,wikitext,agnews,0.2117105099240065
real,vmf_lloyd,reliability_across,wikitext,agnews,0.07223314471612954
real,vmf_lloyd100,fidelity_across,wikitext,agnews,0.2476316283529328
real,vmf_lloyd100,reliability_across,wikitext,agnews,0.08890063774496482
real,vmf_ward,fidelity_across,wikitext,agnews,0.2613729042520885
real,vmf_ward,reliability_across,wikitext,agnews,0.08533505688887627
real,vmf_ward100,fidelity_across,wikitext,agnews,0.31095805904421164
real,vmf_ward100,reliability_across,wikitext,agnews,0.17411002434707545
real,(ceiling),fidelity_across,wikitext,tldr17,0.5425762276030526
real,fisher_pca_lloyd,fidelity_across,wikitext,tldr17,0.27386924924298855
real,fisher_pca_lloyd,reliability_across,wikitext,tldr17,0.1548298647268859
real,nopca_lloyd,fidelity_across,wikitext,tldr17,0.2741539310253902
real,nopca_lloyd,reliability_across,wikitext,tldr17,0.15356179504158998
real,vmf_lloyd,fidelity_across,wikitext,tldr17,0.21087843228216716
real,vmf_lloyd,reliability_across,wikitext,tldr17,0.0710654490556163
real,vmf_lloyd100,fidelity_across,wikitext,tldr17,0.24061248344709796
real,vmf_lloyd100,reliability_across,wikitext,tldr17,0.07003988661697841
real,vmf_ward,fidelity_across,wikitext,tldr17,0.250052753463174
real,vmf_ward,reliability_across,wikitext,tldr17,0.0722152123517694
real,vmf_ward100,fidelity_across,wikitext,tldr17,0.2903652727377176
real,vmf_ward100,reliability_across,wikitext,tldr17,0.138524760657511
real,(ceiling),fidelity_across,bookcorpus,wikitext,0.5466188420503372
real,fisher_pca_lloyd,fidelity_across,bookcorpus,wikitext,0.28131385166919415
real,fisher_pca_lloyd,reliability_across,bookcorpus,wikitext,0.11241545672183756
real,nopca_lloyd,fidelity_across,bookcorpus,wikitext,0.2817886462860371
real,nopca_lloyd,reliability_across,bookcorpus,wikitext,0.13992324283232416
real,vmf_lloyd,fidelity_across,bookcorpus,wikitext,0.221557860106674
real,vmf_lloyd,reliability_across,bookcorpus,wikitext,0.08593255597048782
real,vmf_lloyd100,fidelity_across,bookcorpus,wikitext,0.2450513838682356
real,vmf_lloyd100,reliability_across,bookcorpus,wikitext,0.07783395485683145
real,vmf_ward,fidelity_across,bookcorpus,wikitext,0.26610863254328493
real,vmf_ward,reliability_across,bookcorpus,wikitext,0.07496128408711802
real,vmf_ward100,fidelity_across,bookcorpus,wikitext,0.30420364197775224
real,vmf_ward100,reliability_across,bookcorpus,wikitext,0.14095799487659555
real,(ceiling),fidelity_across,bookcorpus,agnews,0.42538220810453253
real,fisher_pca_lloyd,fidelity_across,bookcorpus,agnews,0.18448141206839197
real,fisher_pca_lloyd,reliability_across,bookcorpus,agnews,0.055313273746509316
real,nopca_lloyd,fidelity_across,bookcorpus,agnews,0.18541931577244092
real,nopca_lloyd,reliability_across,bookcorpus,agnews,0.07406917746953635
real,vmf_lloyd,fidelity_across,bookcorpus,agnews,0.12929166230266848
real,vmf_lloyd,reliability_across,bookcorpus,agnews,0.03915244624566983
real,vmf_lloyd100,fidelity_across,bookcorpus,agnews,0.15495629517485163
real,vmf_lloyd100,reliability_across,bookcorpus,agnews,0.048145027612421364
real,vmf_ward,fidelity_across,bookcorpus,agnews,0.2001199625817697
real,vmf_ward,reliability_across,bookcorpus,agnews,0.06233943619617118
real,vmf_ward100,fidelity_across,bookcorpus,agnews,0.23936795636797722
real,vmf_ward100,reliability_across,bookcorpus,agnews,0.133560864657234
real,(ceiling),fidelity_across,bookcorpus,tldr17,0.5532346231608439
real,fisher_pca_lloyd,fidelity_across,bookcorpus,tldr17,0.22823862587669516
real,fisher_pca_lloyd,reliability_across,bookcorpus,tldr17,0.0810314178066111
real,nopca_lloyd,fidelity_across,bookcorpus,tldr17,0.22877560676795497
real,nopca_lloyd,reliability_across,bookcorpus,tldr17,0.09177416844703246
real,vmf_lloyd,fidelity_across,bookcorpus,tldr17,0.16670046983040787
real,vmf_lloyd,reliability_across,bookcorpus,tldr17,0.06282721496713256
real,vmf_lloyd100,fidelity_across,bookcorpus,tldr17,0.19326378987065343
real,vmf_lloyd100,reliability_across,bookcorpus,tldr17,0.06117374310602261
real,vmf_ward,fidelity_across,bookcorpus,tldr17,0.22761536659358125
real,vmf_ward,reliability_across,bookcorpus,tldr17,0.0672350560327281
real,vmf_ward100,fidelity_across,bookcorpus,tldr17,0.2725662654226131
real,vmf_ward100,reliability_across,bookcorpus,tldr17,0.12704832523038248
real,(ceiling),fidelity_across,agnews,wikitext,0.602309432501946
real,fisher_pca_lloyd,fidelity_across,agnews,wikitext,0.3205288904092423
real,fisher_pca_lloyd,reliability_across,agnews,wikitext,0.20984039656096562
real,nopca_lloyd,fidelity_across,agnews,wikitext,0.3171295983422405
real,nopca_lloyd,reliability_across,agnews,wikitext,0.22651783064533354
real,vmf_lloyd,fidelity_across,agnews,wikitext,0.23929847815129807
real,vmf_lloyd,reliability_across,agnews,wikitext,0.07223314471612954
real,vmf_lloyd100,fidelity_across,agnews,wikitext,0.2654269615516619
real,vmf_lloyd100,reliability_across,agnews,wikitext,0.08890063774496482
real,vmf_ward,fidelity_across,agnews,wikitext,0.26549931396929977
real,vmf_ward,reliability_across,agnews,wikitext,0.08533505688887627
real,vmf_ward100,fidelity_across,agnews,wikitext,0.302236081719235
real,vmf_ward100,reliability_across,agnews,wikitext,0.17411002434707545
real,(ceiling),fidelity_across,agnews,bookcorpus,0.42538220810453253
real,fisher_pca_lloyd,fidelity_across,agnews,bookcorpus,0.2602634451069705
real,fisher_pca_lloyd,reliability_across,agnews,bookcorpus,0.055313273746509316
real,nopca_lloyd,fidelity_across,agnews,bookcorpus,0.25616052019018826
real,nopca_lloyd,reliability_across,agnews,bookcorpus,0.07406917746953635
real,vmf_lloyd,fidelity_across,agnews,bookcorpus,0.18867736479316058
real,vmf_lloyd,reliability_across,agnews,bookcorpus,0.03915244624566983
real,vmf_lloyd100,fidelity_across,agnews,bookcorpus,0.21119576735050938
real,vmf_lloyd100,reliability_across,agnews,bookcorpus,0.048145027612421364
real,vmf_ward,fidelity_across,agnews,bookcorpus,0.21425036942253176
real,vmf_ward,reliability_across,agnews,bookcorpus,0.06233943619617118
real,vmf_ward100,fidelity_across,agnews,bookcorpus,0.24101276658973622
real,vmf_ward100,reliability_across,agnews,bookcorpus,0.133560864657234
real,(ceiling),fidelity_across,agnews,tldr17,0.5165559481581137
real,fisher_pca_lloyd,fidelity_across,agnews,tldr17,0.2966504831597609
real,fisher_pca_lloyd,reliability_across,agnews,tldr17,0.18903351846333513
real,nopca_lloyd,fidelity_across,agnews,tldr17,0.2925404325447176
real,nopca_lloyd,reliability_across,agnews,tldr17,0.20070210738242714
real,vmf_lloyd,fidelity_across,agnews,tldr17,0.22010633223744985
real,vmf_lloyd,reliability_across,agnews,tldr17,0.06298288117134886
real,vmf_lloyd100,fidelity_across,agnews,tldr17,0.24413866155979
real,vmf_lloyd100,reliability_across,agnews,tldr17,0.07524977838974317
real,vmf_ward,fidelity_across,agnews,tldr17,0.24179069874790324
real,vmf_ward,reliability_across,agnews,tldr17,0.08408714760300419
real,vmf_ward100,fidelity_across,agnews,tldr17,0.27401245214186953
real,vmf_ward100,reliability_across,agnews,tldr17,0.17425699584105805
real,(ceiling),fidelity_across,tldr17,wikitext,0.5425762276030527
real,fisher_pca_lloyd,fidelity_across,tldr17,wikitext,0.27991122703944754
real,fisher_pca_lloyd,reliability_across,tldr17,wikitext,0.1548298647268859
real,nopca_lloyd,fidelity_across,tldr17,wikitext,0.2818091235802646
real,nopca_lloyd,reliability_across,tldr17,wikitext,0.15356179504158998
real,vmf_lloyd,fidelity_across,tldr17,wikitext,0.22369564441303508
real,vmf_lloyd,reliability_across,tldr17,wikitext,0.0710654490556163
real,vmf_lloyd100,fidelity_across,tldr17,wikitext,0.24462416735484846
real,vmf_lloyd100,reliability_across,tldr17,wikitext,0.07003988661697841
real,vmf_ward,fidelity_across,tldr17,wikitext,0.2412471814789539
real,vmf_ward,reliability_across,tldr17,wikitext,0.0722152123517694
real,vmf_ward100,fidelity_across,tldr17,wikitext,0.2840640141973639
real,vmf_ward100,reliability_across,tldr17,wikitext,0.138524760657511
real,(ceiling),fidelity_across,tldr17,bookcorpus,0.5532346231608439
real,fisher_pca_lloyd,fidelity_across,tldr17,bookcorpus,0.2775932611872698
real,fisher_pca_lloyd,reliability_across,tldr17,bookcorpus,0.0810314178066111
real,nopca_lloyd,fidelity_across,tldr17,bookcorpus,0.27632222649359817
real,nopca_lloyd,reliability_across,tldr17,bookcorpus,0.09177416844703246
real,vmf_lloyd,fidelity_across,tldr17,bookcorpus,0.22040411030806792
real,vmf_lloyd,reliability_across,tldr17,bookcorpus,0.06282721496713256
real,vmf_lloyd100,fidelity_across,tldr17,bookcorpus,0.23648846081154576
real,vmf_lloyd100,reliability_across,tldr17,bookcorpus,0.06117374310602261
real,vmf_ward,fidelity_across,tldr17,bookcorpus,0.2419082865025277
real,vmf_ward,reliability_across,tldr17,bookcorpus,0.0672350560327281
real,vmf_ward100,fidelity_across,tldr17,bookcorpus,0.28175576512858064
real,vmf_ward100,reliability_across,tldr17,bookcorpus,0.12704832523038248
real,(ceiling),fidelity_across,tldr17,agnews,0.5165559481581137
real,fisher_pca_lloyd,fidelity_across,tldr17,agnews,0.25957250469727833
real,fisher_pca_lloyd,reliability_across,tldr17,agnews,0.18903351846333513
real,nopca_lloyd,fidelity_across,tldr17,agnews,0.2595258971643949
real,nopca_lloyd,reliability_across,tldr17,agnews,0.20070210738242714
real,vmf_lloyd,fidelity_across,tldr17,agnews,0.20575703491656536
real,vmf_lloyd,reliability_across,tldr17,agnews,0.06298288117134886
real,vmf_lloyd100,fidelity_across,tldr17,agnews,0.23334684731092323
real,vmf_lloyd100,reliability_across,tldr17,agnews,0.07524977838974317
real,vmf_ward,fidelity_across,tldr17,agnews,0.23311343664888112
real,vmf_ward,reliability_across,tldr17,agnews,0.08408714760300419
real,vmf_ward100,fidelity_across,tldr17,agnews,0.2795021271651355
real,vmf_ward100,reliability_across,tldr17,agnews,0.17425699584105805
real,(ceiling),fidelity_across_halves,wikitext,bookcorpus,0.5407400405693968
real,fisher_pca_lloyd,fidelity_across_halves,wikitext,bookcorpus,0.32530427392352335
real,fisher_pca_lloyd,reliability_across_halves,wikitext,bookcorpus,0.11400729556859088
real,nopca_lloyd,fidelity_across_halves,wikitext,bookcorpus,0.3246321157649063
real,nopca_lloyd,reliability_across_halves,wikitext,bookcorpus,0.14637012679295444
real,vmf_lloyd,fidelity_across_halves,wikitext,bookcorpus,0.25998096933196496
real,vmf_lloyd,reliability_across_halves,wikitext,bookcorpus,0.09280067325000009
real,vmf_lloyd100,fidelity_across_halves,wikitext,bookcorpus,0.2734796971619662
real,vmf_lloyd100,reliability_across_halves,wikitext,bookcorpus,0.07816104170504194
real,vmf_ward,fidelity_across_halves,wikitext,bookcorpus,0.27888643680174674
real,vmf_ward,reliability_across_halves,wikitext,bookcorpus,0.06711480081842704
real,vmf_ward100,fidelity_across_halves,wikitext,bookcorpus,0.3034725043320807
real,vmf_ward100,reliability_across_halves,wikitext,bookcorpus,0.13523093072095402
real,(ceiling),fidelity_across_halves,wikitext,agnews,0.6015652423150111
real,fisher_pca_lloyd,fidelity_across_halves,wikitext,agnews,0.28285811542869077
real,fisher_pca_lloyd,reliability_across_halves,wikitext,agnews,0.21647155354253267
real,nopca_lloyd,fidelity_across_halves,wikitext,agnews,0.27725103773499515
real,nopca_lloyd,reliability_across_halves,wikitext,agnews,0.22129049874018653
real,vmf_lloyd,fidelity_across_halves,wikitext,agnews,0.21693438548333188
real,vmf_lloyd,reliability_across_halves,wikitext,agnews,0.07988377996417856
real,vmf_lloyd100,fidelity_across_halves,wikitext,agnews,0.24887866752663854
real,vmf_lloyd100,reliability_across_halves,wikitext,agnews,0.09650445030756233
real,vmf_ward,fidelity_across_halves,wikitext,agnews,0.26744725583899187
real,vmf_ward,reliability_across_halves,wikitext,agnews,0.07579295661760821
real,vmf_ward100,fidelity_across_halves,wikitext,agnews,0.30553115147315646
real,vmf_ward100,reliability_across_halves,wikitext,agnews,0.17588913804483747
real,(ceiling),fidelity_across_halves,wikitext,tldr17,0.5386321691774711
real,fisher_pca_lloyd,fidelity_across_halves,wikitext,tldr17,0.27432012894795493
real,fisher_pca_lloyd,reliability_across_halves,wikitext,tldr17,0.15917613792297744
real,nopca_lloyd,fidelity_across_halves,wikitext,tldr17,0.2736778850034562
real,nopca_lloyd,reliability_across_halves,wikitext,tldr17,0.1599659519738588
real,vmf_lloyd,fidelity_across_halves,wikitext,tldr17,0.21600691322828308
real,vmf_lloyd,reliability_across_halves,wikitext,tldr17,0.07573401066882211
real,vmf_lloyd100,fidelity_across_halves,wikitext,tldr17,0.24079130110303668
real,vmf_lloyd100,reliability_across_halves,wikitext,tldr17,0.07497805558420001
real,vmf_ward,fidelity_across_halves,wikitext,tldr17,0.2528095335109888
real,vmf_ward,reliability_across_halves,wikitext,tldr17,0.061193387917093646
real,vmf_ward100,fidelity_across_halves,wikitext,tldr17,0.28643533051700243
real,vmf_ward100,reliability_across_halves,wikitext,tldr17,0.1286605533765927
real,(ceiling),fidelity_across_halves,bookcorpus,wikitext,0.5501664149992685
real,fisher_pca_lloyd,fidelity_across_halves,bookcorpus,wikitext,0.28378505651629654
real,fisher_pca_lloyd,reliability_across_halves,bookcorpus,wikitext,0.1308325616181193
real,nopca_lloyd,fidelity_across_halves,bookcorpus,wikitext,0.2846159615043748
real,nopca_lloyd,reliability_across_halves,bookcorpus,wikitext,0.14316614993678553
real,vmf_lloyd,fidelity_across_halves,bookcorpus,wikitext,0.22400353535116482
real,vmf_lloyd,reliability_across_halves,bookcorpus,wikitext,0.09228384129460068
real,vmf_lloyd100,fidelity_across_halves,bookcorpus,wikitext,0.2485027615309335
real,vmf_lloyd100,reliability_across_halves,bookcorpus,wikitext,0.0761753141582777
real,vmf_ward,fidelity_across_halves,bookcorpus,wikitext,0.2696846870800171
real,vmf_ward,reliability_across_halves,bookcorpus,wikitext,0.06471676365808285
real,vmf_ward100,fidelity_across_halves,bookcorpus,wikitext,0.3022086260642093
real,vmf_ward100,reliability_across_halves,bookcorpus,wikitext,0.1420470540018387
real,(ceiling),fidelity_across_halves,bookcorpus,agnews,0.4265405146873672
real,fisher_pca_lloyd,fidelity_across_halves,bookcorpus,agnews,0.18356488776050642
real,fisher_pca_lloyd,reliability_across_halves,bookcorpus,agnews,0.05961274321704078
real,nopca_lloyd,fidelity_across_halves,bookcorpus,agnews,0.1840694116501527
real,nopca_lloyd,reliability_across_halves,bookcorpus,agnews,0.07350669329452307
real,vmf_lloyd,fidelity_across_halves,bookcorpus,agnews,0.1288663941234777
real,vmf_lloyd,reliability_across_halves,bookcorpus,agnews,0.03562820481599054
real,vmf_lloyd100,fidelity_across_halves,bookcorpus,agnews,0.1574388108308152
real,vmf_lloyd100,reliability_across_halves,bookcorpus,agnews,0.053758778432980436
real,vmf_ward,fidelity_across_halves,bookcorpus,agnews,0.20302401846367343
real,vmf_ward,reliability_across_halves,bookcorpus,agnews,0.060453463466945564
real,vmf_ward100,fidelity_across_halves,bookcorpus,agnews,0.23777857713561495
real,vmf_ward100,reliability_across_halves,bookcorpus,agnews,0.14167677031695916
real,(ceiling),fidelity_across_halves,bookcorpus,tldr17,0.5550945548915478
real,fisher_pca_lloyd,fidelity_across_halves,bookcorpus,tldr17,0.22622607878726134
real,fisher_pca_lloyd,reliability_across_halves,bookcorpus,tldr17,0.08964372885642967
real,nopca_lloyd,fidelity_across_halves,bookcorpus,tldr17,0.2267842182779157
real,nopca_lloyd,reliability_across_halves,bookcorpus,tldr17,0.09605061147473949
real,vmf_lloyd,fidelity_across_halves,bookcorpus,tldr17,0.16579500650740037
real,vmf_lloyd,reliability_across_halves,bookcorpus,tldr17,0.05804650546721839
real,vmf_lloyd100,fidelity_across_halves,bookcorpus,tldr17,0.1951601897921405
real,vmf_lloyd100,reliability_across_halves,bookcorpus,tldr17,0.0587391937819993
real,vmf_ward,fidelity_across_halves,bookcorpus,tldr17,0.23101713077837402
real,vmf_ward,reliability_across_halves,bookcorpus,tldr17,0.06281965723639786
real,vmf_ward100,fidelity_across_halves,bookcorpus,tldr17,0.2695132973532981
real,vmf_ward100,reliability_across_halves,bookcorpus,tldr17,0.12050353100821232
real,(ceiling),fidelity_across_halves,agnews,wikitext,0.5995085154623985
real,fisher_pca_lloyd,fidelity_across_halves,agnews,wikitext,0.32026881911841704
real,fisher_pca_lloyd,reliability_across_halves,agnews,wikitext,0.21335311279758776
real,nopca_lloyd,fidelity_across_halves,agnews,wikitext,0.3141006560930553
real,nopca_lloyd,reliability_across_halves,agnews,wikitext,0.22424153080849282
real,vmf_lloyd,fidelity_across_halves,agnews,wikitext,0.23515099846632706
real,vmf_lloyd,reliability_across_halves,agnews,wikitext,0.0805968974874995
real,vmf_lloyd100,fidelity_across_halves,agnews,wikitext,0.27189290833200747
real,vmf_lloyd100,reliability_across_halves,agnews,wikitext,0.0938295213330333
real,vmf_ward,fidelity_across_halves,agnews,wikitext,0.26391778940727556
real,vmf_ward,reliability_across_halves,agnews,wikitext,0.08388406500516855
real,vmf_ward100,fidelity_across_halves,agnews,wikitext,0.3048588276255277
real,vmf_ward100,reliability_across_halves,agnews,wikitext,0.16752203745172886
real,(ceiling),fidelity_across_halves,agnews,bookcorpus,0.4228868751136002
real,fisher_pca_lloyd,fidelity_across_halves,agnews,bookcorpus,0.2572705909837856
real,fisher_pca_lloyd,reliability_across_halves,agnews,bookcorpus,0.05923131488658352
real,nopca_lloyd,fidelity_across_halves,agnews,bookcorpus,0.2562707264356272
real,nopca_lloyd,reliability_across_halves,agnews,bookcorpus,0.07361310514991046
real,vmf_lloyd,fidelity_across_halves,agnews,bookcorpus,0.18805237773583436
real,vmf_lloyd,reliability_across_halves,agnews,bookcorpus,0.036589397430133896
real,vmf_lloyd100,fidelity_across_halves,agnews,bookcorpus,0.2159752723540625
real,vmf_lloyd100,reliability_across_halves,agnews,bookcorpus,0.053108261257850196
real,vmf_ward,fidelity_across_halves,agnews,bookcorpus,0.21268361400956723
real,vmf_ward,reliability_across_halves,agnews,bookcorpus,0.054773111663909614
real,vmf_ward100,fidelity_across_halves,agnews,bookcorpus,0.24140116430823355
real,vmf_ward100,reliability_across_halves,agnews,bookcorpus,0.1303354902998752
real,(ceiling),fidelity_across_halves,agnews,tldr17,0.5137840354406988
real,fisher_pca_lloyd,fidelity_across_halves,agnews,tldr17,0.29393321184899257
real,fisher_pca_lloyd,reliability_across_halves,agnews,tldr17,0.18630024640261086
real,nopca_lloyd,fidelity_across_halves,agnews,tldr17,0.2896149785134151
real,nopca_lloyd,reliability_across_halves,agnews,tldr17,0.1920517725669369
real,vmf_lloyd,fidelity_across_halves,agnews,tldr17,0.2183687341301759
real,vmf_lloyd,reliability_across_halves,agnews,tldr17,0.060699073123429696
real,vmf_lloyd100,fidelity_across_halves,agnews,tldr17,0.2510272232388188
real,vmf_lloyd100,reliability_across_halves,agnews,tldr17,0.0827789373847211
real,vmf_ward,fidelity_across_halves,agnews,tldr17,0.2406724847180478
real,vmf_ward,reliability_across_halves,agnews,tldr17,0.08128530626451887
real,vmf_ward100,fidelity_across_halves,agnews,tldr17,0.27633128330633866
real,vmf_ward100,reliability_across_halves,agnews,tldr17,0.1624345013021642
real,(ceiling),fidelity_across_halves,tldr17,wikitext,0.5427923746027475
real,fisher_pca_lloyd,fidelity_across_halves,tldr17,wikitext,0.28403714435252336
real,fisher_pca_lloyd,reliability_across_halves,tldr17,wikitext,0.15256926096213305
real,nopca_lloyd,fidelity_across_halves,tldr17,wikitext,0.2803307977131019
real,nopca_lloyd,reliability_across_halves,tldr17,wikitext,0.14750700136311734
real,vmf_lloyd,fidelity_across_halves,tldr17,wikitext,0.2204887266287986
real,vmf_lloyd,reliability_across_halves,tldr17,wikitext,0.06728282087628287
real,vmf_lloyd100,fidelity_across_halves,tldr17,wikitext,0.24427689934129987
real,vmf_lloyd100,reliability_across_halves,tldr17,wikitext,0.06898706334931513
real,vmf_ward,fidelity_across_halves,tldr17,wikitext,0.2521341816382176
real,vmf_ward,reliability_across_halves,tldr17,wikitext,0.0684847784766374
real,vmf_ward100,fidelity_across_halves,tldr17,wikitext,0.28376096020782027
real,vmf_ward100,reliability_across_halves,tldr17,wikitext,0.13493429956421285
real,(ceiling),fidelity_across_halves,tldr17,bookcorpus,0.5486373918851337
real,fisher_pca_lloyd,fidelity_across_halves,tldr17,bookcorpus,0.27591947119913796
real,fisher_pca_lloyd,reliability_across_halves,tldr17,bookcorpus,0.08055200850474396
real,nopca_lloyd,fidelity_across_halves,tldr17,bookcorpus,0.2739687686632333
real,nopca_lloyd,reliability_across_halves,tldr17,bookcorpus,0.09200051637598435
real,vmf_lloyd,fidelity_across_halves,tldr17,bookcorpus,0.21338483881850187
real,vmf_lloyd,reliability_across_halves,tldr17,bookcorpus,0.05307202481748319
real,vmf_lloyd100,fidelity_across_halves,tldr17,bookcorpus,0.2348014041646146
real,vmf_lloyd100,reliability_across_halves,tldr17,bookcorpus,0.055542160488628166
real,vmf_ward,fidelity_across_halves,tldr17,bookcorpus,0.2461037561749278
real,vmf_ward,reliability_across_halves,tldr17,bookcorpus,0.06160344085224623
real,vmf_ward100,fidelity_across_halves,tldr17,bookcorpus,0.2762829665607687
real,vmf_ward100,reliability_across_halves,tldr17,bookcorpus,0.12464203858259078
real,(ceiling),fidelity_across_halves,tldr17,agnews,0.5165400654006588
real,fisher_pca_lloyd,fidelity_across_halves,tldr17,agnews,0.2655867316696814
real,fisher_pca_lloyd,reliability_across_halves,tldr17,agnews,0.1821723484162298
real,nopca_lloyd,fidelity_across_halves,tldr17,agnews,0.25713760329841107
real,nopca_lloyd,reliability_across_halves,tldr17,agnews,0.18652867188572783
real,vmf_lloyd,fidelity_across_halves,tldr17,agnews,0.20480188574761965
real,vmf_lloyd,reliability_across_halves,tldr17,agnews,0.07736202131442031
real,vmf_lloyd100,fidelity_across_halves,tldr17,agnews,0.23339247622231749
real,vmf_lloyd100,reliability_across_halves,tldr17,agnews,0.08007730819853866
real,vmf_ward,fidelity_across_halves,tldr17,agnews,0.24398837119919486
real,vmf_ward,reliability_across_halves,tldr17,agnews,0.10955727322238057
real,vmf_ward100,fidelity_across_halves,tldr17,agnews,0.27835368229337926
real,vmf_ward100,reliability_across_halves,tldr17,agnews,0.20933114842249917
null,(ceiling),fidelity_within,wikitext,wikitext,0.23291282208222475
null,(ceiling),fidelity_within_r,wikitext,wikitext,0.6138366842483074
null,fisher_pca_lloyd,reliability_within,wikitext,wikitext,0.4563137408891586
null,fisher_pca_lloyd,fidelity_within,wikitext,wikitext,0.4790117536131062
null,fisher_pca_lloyd,fidelity_within_r,wikitext,wikitext,0.7012300511160042
null,fisher_pca_lloyd,fidelity_within_insample,wikitext,wikitext,0.671707048547719
null,fisher_pca_lloyd,reliability_ceiling,wikitext,wikitext,0.8069773162344672
null,fisher_pca_lloyd,triviality_ami_layer,wikitext,wikitext,0.05316017489645235
null,fisher_pca_lloyd,triviality_ami_dimension,wikitext,wikitext,0.05953667304242962
null,fisher_pca_lloyd,triviality_ami_hubness,wikitext,wikitext,0.23129948479069076
null,fisher_pca_lloyd,triviality_ami_noise_scale,wikitext,wikitext,0.2260380045490333
null,fisher_pca_lloyd,triviality_n_effective_networks,wikitext,wikitext,50.0
null,fisher_pca_lloyd,triviality_median_max_membership,wikitext,wikitext,0.725
null,fisher_pca_lloyd,triviality_frac_confident,wikitext,wikitext,0.819511217948718
null,nopca_lloyd,reliability_within,wikitext,wikitext,0.4346663670753014
null,nopca_lloyd,fidelity_within,wikitext,wikitext,0.4825736815303967
null,nopca_lloyd,fidelity_within_r,wikitext,wikitext,0.7033299503387882
null,nopca_lloyd,fidelity_within_insample,wikitext,wikitext,0.6706343975747087
null,nopca_lloyd,reliability_ceiling,wikitext,wikitext,0.7923927481206118
null,nopca_lloyd,triviality_ami_layer,wikitext,wikitext,0.08794911988256579
null,nopca_lloyd,triviality_ami_dimension,wikitext,wikitext,0.053341715767854854
null,nopca_lloyd,triviality_ami_hubness,wikitext,wikitext,0.294835008918059
null,nopca_lloyd,triviality_ami_noise_scale,wikitext,wikitext,0.28809992731699496
null,nopca_lloyd,triviality_n_effective_networks,wikitext,wikitext,50.0
null,nopca_lloyd,triviality_median_max_membership,wikitext,wikitext,0.725
null,nopca_lloyd,triviality_frac_confident,wikitext,wikitext,0.8528645833333334
null,vmf_lloyd,reliability_within,wikitext,wikitext,0.10960168476694702
null,vmf_lloyd,fidelity_within,wikitext,wikitext,0.031430270768142865
null,vmf_lloyd,fidelity_within_r,wikitext,wikitext,0.1825564552684868
null,vmf_lloyd,fidelity_within_insample,wikitext,wikitext,0.05181715202316084
null,vmf_lloyd,reliability_ceiling,wikitext,wikitext,0.6447394258865189
null,vmf_lloyd,triviality_ami_layer,wikitext,wikitext,0.08492042789782342
null,vmf_lloyd,triviality_ami_dimension,wikitext,wikitext,0.03328087487904195
null,vmf_lloyd,triviality_ami_hubness,wikitext,wikitext,0.07888042262873357
null,vmf_lloyd,triviality_ami_noise_scale,wikitext,wikitext,0.07836128830550175
null,vmf_lloyd,triviality_n_effective_networks,wikitext,wikitext,49.0
null,vmf_lloyd,triviality_median_max_membership,wikitext,wikitext,0.525
null,vmf_lloyd,triviality_frac_confident,wikitext,wikitext,0.5180288461538461
null,vmf_lloyd100,reliability_within,wikitext,wikitext,0.11213749539975337
null,vmf_lloyd100,fidelity_within,wikitext,wikitext,0.029326099778995918
null,vmf_lloyd100,fidelity_within_r,wikitext,wikitext,0.17934239523524573
null,vmf_lloyd100,fidelity_within_insample,wikitext,wikitext,0.05484477589668113
null,vmf_lloyd100,reliability_ceiling,wikitext,wikitext,0.5551521550632842
null,vmf_lloyd100,triviality_ami_layer,wikitext,wikitext,0.07274441036375713
null,vmf_lloyd100,triviality_ami_dimension,wikitext,wikitext,0.024741588875098735
null,vmf_lloyd100,triviality_ami_hubness,wikitext,wikitext,0.06925108224361984
null,vmf_lloyd100,triviality_ami_noise_scale,wikitext,wikitext,0.06860007255336098
null,vmf_lloyd100,triviality_n_effective_networks,wikitext,wikitext,91.0
null,vmf_lloyd100,triviality_median_max_membership,wikitext,wikitext,0.45
null,vmf_lloyd100,triviality_frac_confident,wikitext,wikitext,0.3808092948717949
null,vmf_ward,reliability_within,wikitext,wikitext,0.043318262332036575
null,vmf_ward,fidelity_within,wikitext,wikitext,0.04305577758277235
null,vmf_ward,fidelity_within_r,wikitext,wikitext,0.211589914229287
null,vmf_ward,fidelity_within_insample,wikitext,wikitext,0.06487611822363926
null,vmf_ward,reliability_ceiling,wikitext,wikitext,1.0
null,vmf_ward,triviality_ami_layer,wikitext,wikitext,0.06071943955962363
null,vmf_ward,triviality_ami_dimension,wikitext,wikitext,0.02530835477890017
null,vmf_ward,triviality_ami_hubness,wikitext,wikitext,0.06287657893979556
null,vmf_ward,triviality_ami_noise_scale,wikitext,wikitext,0.06113630671274071
null,vmf_ward,triviality_n_effective_networks,wikitext,wikitext,50.0
null,vmf_ward,triviality_median_max_membership,wikitext,wikitext,1.0
null,vmf_ward,triviality_frac_confident,wikitext,wikitext,1.0
null,vmf_ward100,reliability_within,wikitext,wikitext,0.04672584399816763
null,vmf_ward100,fidelity_within,wikitext,wikitext,0.06320133501878833
null,vmf_ward100,fidelity_within_r,wikitext,wikitext,0.258184074592981
null,vmf_ward100,fidelity_within_insample,wikitext,wikitext,0.10185576520274942
null,vmf_ward100,reliability_ceiling,wikitext,wikitext,1.0
null,vmf_ward100,triviality_ami_layer,wikitext,wikitext,0.059319564449679146
null,vmf_ward100,triviality_ami_dimension,wikitext,wikitext,0.02102629899217287
null,vmf_ward100,triviality_ami_hubness,wikitext,wikitext,0.06407976328259232
null,vmf_ward100,triviality_ami_noise_scale,wikitext,wikitext,0.06254872189261229
null,vmf_ward100,triviality_n_effective_networks,wikitext,wikitext,100.0
null,vmf_ward100,triviality_median_max_membership,wikitext,wikitext,1.0
null,vmf_ward100,triviality_frac_confident,wikitext,wikitext,1.0
null,(ceiling),fidelity_within,bookcorpus,bookcorpus,0.24863577001356574
null,(ceiling),fidelity_within_r,bookcorpus,bookcorpus,0.6237499182922475
null,fisher_pca_lloyd,reliability_within,bookcorpus,bookcorpus,0.5960414660277743
null,fisher_pca_lloyd,fidelity_within,bookcorpus,bookcorpus,0.4801644537493823
null,fisher_pca_lloyd,fidelity_within_r,bookcorpus,bookcorpus,0.7037112823183452
null,fisher_pca_lloyd,fidelity_within_insample,bookcorpus,bookcorpus,0.6849576017057779
null,fisher_pca_lloyd,reliability_ceiling,bookcorpus,bookcorpus,0.9125401802826258
null,fisher_pca_lloyd,triviality_ami_layer,bookcorpus,bookcorpus,0.02811982451639449
null,fisher_pca_lloyd,triviality_ami_dimension,bookcorpus,bookcorpus,0.05188544561392886
null,fisher_pca_lloyd,triviality_ami_hubness,bookcorpus,bookcorpus,0.4359030644705915
null,fisher_pca_lloyd,triviality_ami_noise_scale,bookcorpus,bookcorpus,0.43172342318760615
null,fisher_pca_lloyd,triviality_n_effective_networks,bookcorpus,bookcorpus,50.0
null,fisher_pca_lloyd,triviality_median_max_membership,bookcorpus,bookcorpus,0.875
null,fisher_pca_lloyd,triviality_frac_confident,bookcorpus,bookcorpus,0.9138621794871795
null,nopca_lloyd,reliability_within,bookcorpus,bookcorpus,0.5848544332488945
null,nopca_lloyd,fidelity_within,bookcorpus,bookcorpus,0.48386522256897646
null,nopca_lloyd,fidelity_within_r,bookcorpus,bookcorpus,0.7058300134374103
null,nopca_lloyd,fidelity_within_insample,bookcorpus,bookcorpus,0.6835847746689199
null,nopca_lloyd,reliability_ceiling,bookcorpus,bookcorpus,0.9072349530317877
null,nopca_lloyd,triviality_ami_layer,bookcorpus,bookcorpus,0.02784011484384522
null,nopca_lloyd,triviality_ami_dimension,bookcorpus,bookcorpus,0.050365609738678686
null,nopca_lloyd,triviality_ami_hubness,bookcorpus,bookcorpus,0.43349689215882026
null,nopca_lloyd,triviality_ami_noise_scale,bookcorpus,bookcorpus,0.429153492721739
null,nopca_lloyd,triviality_n_effective_networks,bookcorpus,bookcorpus,50.0
null,nopca_lloyd,triviality_median_max_membership,bookcorpus,bookcorpus,0.825
null,nopca_lloyd,triviality_frac_confident,bookcorpus,bookcorpus,0.8980368589743589
null,vmf_lloyd,reliability_within,bookcorpus,bookcorpus,0.20563528051978414
null,vmf_lloyd,fidelity_within,bookcorpus,bookcorpus,0.006790099351153822
null,vmf_lloyd,fidelity_within_r,bookcorpus,bookcorpus,0.09811731813815948
null,vmf_lloyd,fidelity_within_insample,bookcorpus,bookcorpus,0.022985366003990038
null,vmf_lloyd,reliability_ceiling,bookcorpus,bookcorpus,0.5763743121681975
null,vmf_lloyd,triviality_ami_layer,bookcorpus,bookcorpus,0.023626890892822956
null,vmf_lloyd,triviality_ami_dimension,bookcorpus,bookcorpus,0.02323492744344346
null,vmf_lloyd,triviality_ami_hubness,bookcorpus,bookcorpus,0.09877829599230423
null,vmf_lloyd,triviality_ami_noise_scale,bookcorpus,bookcorpus,0.09766178349908572
null,vmf_lloyd,triviality_n_effective_networks,bookcorpus,bookcorpus,50.0
null,vmf_lloyd,triviality_median_max_membership,bookcorpus,bookcorpus,0.525
null,vmf_lloyd,triviality_frac_confident,bookcorpus,bookcorpus,0.5092147435897436
null,vmf_lloyd100,reliability_within,bookcorpus,bookcorpus,0.15902609982237492
null,vmf_lloyd100,fidelity_within,bookcorpus,bookcorpus,0.011734104612142082
null,vmf_lloyd100,fidelity_within_r,bookcorpus,bookcorpus,0.12471812235398186
null,vmf_lloyd100,fidelity_within_insample,bookcorpus,bookcorpus,0.03489831443988356
null,vmf_lloyd100,reliability_ceiling,bookcorpus,bookcorpus,0.5806608482061235
null,vmf_lloyd100,triviality_ami_layer,bookcorpus,bookcorpus,0.02421060203607203
null,vmf_lloyd100,triviality_ami_dimension,bookcorpus,bookcorpus,0.01803485855709727
null,vmf_lloyd100,triviality_ami_hubness,bookcorpus,bookcorpus,0.0976984023692804
null,vmf_lloyd100,triviality_ami_noise_scale,bookcorpus,bookcorpus,0.09614174669032895
null,vmf_lloyd100,triviality_n_effective_networks,bookcorpus,bookcorpus,95.0
null,vmf_lloyd100,triviality_median_max_membership,bookcorpus,bookcorpus,0.475
null,vmf_lloyd100,triviality_frac_confident,bookcorpus,bookcorpus,0.4231770833333333
null,vmf_ward,reliability_within,bookcorpus,bookcorpus,0.07851550402635427
null,vmf_ward,fidelity_within,bookcorpus,bookcorpus,0.017622910080607124
null,vmf_ward,fidelity_within_r,bookcorpus,bookcorpus,0.14003941392182773
null,vmf_ward,fidelity_within_insample,bookcorpus,bookcorpus,0.034190781373806156
null,vmf_ward,reliability_ceiling,bookcorpus,bookcorpus,1.0
null,vmf_ward,triviality_ami_layer,bookcorpus,bookcorpus,0.022770737199676976
null,vmf_ward,triviality_ami_dimension,bookcorpus,bookcorpus,0.01714246290284961
null,vmf_ward,triviality_ami_hubness,bookcorpus,bookcorpus,0.10588236602187877
null,vmf_ward,triviality_ami_noise_scale,bookcorpus,bookcorpus,0.10428271462712499
null,vmf_ward,triviality_n_effective_networks,bookcorpus,bookcorpus,50.0
null,vmf_ward,triviality_median_max_membership,bookcorpus,bookcorpus,1.0
null,vmf_ward,triviality_frac_confident,bookcorpus,bookcorpus,1.0
null,vmf_ward100,reliability_within,bookcorpus,bookcorpus,0.06825518517296643
null,vmf_ward100,fidelity_within,bookcorpus,bookcorpus,0.030517009701447217
null,vmf_ward100,fidelity_within_r,bookcorpus,bookcorpus,0.1863733775096372
null,vmf_ward100,fidelity_within_insample,bookcorpus,bookcorpus,0.0633530956536027
null,vmf_ward100,reliability_ceiling,bookcorpus,bookcorpus,1.0
null,vmf_ward100,triviality_ami_layer,bookcorpus,bookcorpus,0.023148410818488563
null,vmf_ward100,triviality_ami_dimension,bookcorpus,bookcorpus,0.015434182170866687
null,vmf_ward100,triviality_ami_hubness,bookcorpus,bookcorpus,0.11217372634270387
null,vmf_ward100,triviality_ami_noise_scale,bookcorpus,bookcorpus,0.11046673742960074
null,vmf_ward100,triviality_n_effective_networks,bookcorpus,bookcorpus,100.0
null,vmf_ward100,triviality_median_max_membership,bookcorpus,bookcorpus,1.0
null,vmf_ward100,triviality_frac_confident,bookcorpus,bookcorpus,1.0
null,(ceiling),fidelity_within,agnews,agnews,0.2627087734771233
null,(ceiling),fidelity_within_r,agnews,agnews,0.6251224793650081
null,fisher_pca_lloyd,reliability_within,agnews,agnews,0.5205620732058853
null,fisher_pca_lloyd,fidelity_within,agnews,agnews,0.4957155045849252
null,fisher_pca_lloyd,fidelity_within_r,agnews,agnews,0.7105317660330346
null,fisher_pca_lloyd,fidelity_within_insample,agnews,agnews,0.6724754445271137
null,fisher_pca_lloyd,reliability_ceiling,agnews,agnews,0.8148244344968484
null,fisher_pca_lloyd,triviality_ami_layer,agnews,agnews,0.03960749421374696
null,fisher_pca_lloyd,triviality_ami_dimension,agnews,agnews,0.06413424571734974
null,fisher_pca_lloyd,triviality_ami_hubness,agnews,agnews,0.3598519753643498
null,fisher_pca_lloyd,triviality_ami_noise_scale,agnews,agnews,0.3541965018684919
null,fisher_pca_lloyd,triviality_n_effective_networks,agnews,agnews,50.0
null,fisher_pca_lloyd,triviality_median_max_membership,agnews,agnews,0.95
null,fisher_pca_lloyd,triviality_frac_confident,agnews,agnews,0.9202724358974359
null,nopca_lloyd,reliability_within,agnews,agnews,0.5028395111741464
null,nopca_lloyd,fidelity_within,agnews,agnews,0.4936643846845362
null,nopca_lloyd,fidelity_within_r,agnews,agnews,0.7096335176938491
null,nopca_lloyd,fidelity_within_insample,agnews,agnews,0.6776187489035506
null,nopca_lloyd,reliability_ceiling,agnews,agnews,0.9199320638412154
null,nopca_lloyd,triviality_ami_layer,agnews,agnews,0.041493550130981494
null,nopca_lloyd,triviality_ami_dimension,agnews,agnews,0.06454109895423141
null,nopca_lloyd,triviality_ami_hubness,agnews,agnews,0.3659555285311979
null,nopca_lloyd,triviality_ami_noise_scale,agnews,agnews,0.35976002144894603
null,nopca_lloyd,triviality_n_effective_networks,agnews,agnews,50.0
null,nopca_lloyd,triviality_median_max_membership,agnews,agnews,0.9
null,nopca_lloyd,triviality_frac_confident,agnews,agnews,0.9222756410256411
null,vmf_lloyd,reliability_within,agnews,agnews,0.19335542196799363
null,vmf_lloyd,fidelity_within,agnews,agnews,0.005094132867265788
null,vmf_lloyd,fidelity_within_r,agnews,agnews,0.08566140591993317
null,vmf_lloyd,fidelity_within_insample,agnews,agnews,0.01828855013294539
null,vmf_lloyd,reliability_ceiling,agnews,agnews,0.555677569123958
null,vmf_lloyd,triviality_ami_layer,agnews,agnews,0.034029775136732776
null,vmf_lloyd,triviality_ami_dimension,agnews,agnews,0.0259651254351166
null,vmf_lloyd,triviality_ami_hubness,agnews,agnews,0.06902007902200322
null,vmf_lloyd,triviality_ami_noise_scale,agnews,agnews,0.06790212017717193
null,vmf_lloyd,triviality_n_effective_networks,agnews,agnews,50.0
null,vmf_lloyd,triviality_median_max_membership,agnews,agnews,0.525
null,vmf_lloyd,triviality_frac_confident,agnews,agnews,0.5210336538461539
null,vmf_lloyd100,reliability_within,agnews,agnews,0.1868144990656919
null,vmf_lloyd100,fidelity_within,agnews,agnews,0.006964648748777336
null,vmf_lloyd100,fidelity_within_r,agnews,agnews,0.09894648171929044
null,vmf_lloyd100,fidelity_within_insample,agnews,agnews,0.02391691759283998
null,vmf_lloyd100,reliability_ceiling,agnews,agnews,0.5850360758611348
null,vmf_lloyd100,triviality_ami_layer,agnews,agnews,0.031005918347815388
null,vmf_lloyd100,triviality_ami_dimension,agnews,agnews,0.021097964316829747
null,vmf_lloyd100,triviality_ami_hubness,agnews,agnews,0.06586205030992413
null,vmf_lloyd100,triviality_ami_noise_scale,agnews,agnews,0.0652040423277031
null,vmf_lloyd100,triviality_n_effective_networks,agnews,agnews,94.0
null,vmf_lloyd100,triviality_median_max_membership,agnews,agnews,0.475
null,vmf_lloyd100,triviality_frac_confident,agnews,agnews,0.4092548076923077
null,vmf_ward,reliability_within,agnews,agnews,0.08322607692653727
null,vmf_ward,fidelity_within,agnews,agnews,0.016286299669472593
null,vmf_ward,fidelity_within_r,agnews,agnews,0.13443597004452945
null,vmf_ward,fidelity_within_insample,agnews,agnews,0.032276199708264564
null,vmf_ward,reliability_ceiling,agnews,agnews,1.0
null,vmf_ward,triviality_ami_layer,agnews,agnews,0.030147644305952737
null,vmf_ward,triviality_ami_dimension,agnews,agnews,0.024518375392886402
null,vmf_ward,triviality_ami_hubness,agnews,agnews,0.07247168664338144
null,vmf_ward,triviality_ami_noise_scale,agnews,agnews,0.07147432686140193
null,vmf_ward,triviality_n_effective_networks,agnews,agnews,50.0
null,vmf_ward,triviality_median_max_membership,agnews,agnews,1.0
null,vmf_ward,triviality_frac_confident,agnews,agnews,1.0
null,vmf_ward100,reliability_within,agnews,agnews,0.07266473165303527
null,vmf_ward100,fidelity_within,agnews,agnews,0.01961996297163604
null,vmf_ward100,fidelity_within_r,agnews,agnews,0.14946858490817588
null,vmf_ward100,fidelity_within_insample,agnews,agnews,0.042038692308423165
null,vmf_ward100,reliability_ceiling,agnews,agnews,1.0
null,vmf_ward100,triviality_ami_layer,agnews,agnews,0.032705807561082434
null,vmf_ward100,triviality_ami_dimension,agnews,agnews,0.021665286563146455
null,vmf_ward100,triviality_ami_hubness,agnews,agnews,0.08010394548239055
null,vmf_ward100,triviality_ami_noise_scale,agnews,agnews,0.07885514825339958
null,vmf_ward100,triviality_n_effective_networks,agnews,agnews,100.0
null,vmf_ward100,triviality_median_max_membership,agnews,agnews,1.0
null,vmf_ward100,triviality_frac_confident,agnews,agnews,1.0
null,(ceiling),fidelity_within,tldr17,tldr17,0.23320600601994523
null,(ceiling),fidelity_within_r,tldr17,tldr17,0.6171795222436083
null,fisher_pca_lloyd,reliability_within,tldr17,tldr17,0.6101092996359243
null,fisher_pca_lloyd,fidelity_within,tldr17,tldr17,0.4793938370692631
null,fisher_pca_lloyd,fidelity_within_r,tldr17,tldr17,0.7029035692010632
null,fisher_pca_lloyd,fidelity_within_insample,tldr17,tldr17,0.6769955905955065
null,fisher_pca_lloyd,reliability_ceiling,tldr17,tldr17,0.6083938465647588
null,fisher_pca_lloyd,triviality_ami_layer,tldr17,tldr17,0.16952377626425938
null,fisher_pca_lloyd,triviality_ami_dimension,tldr17,tldr17,0.04984893266398245
null,fisher_pca_lloyd,triviality_ami_hubness,tldr17,tldr17,0.34436188950337676
null,fisher_pca_lloyd,triviality_ami_noise_scale,tldr17,tldr17,0.3408938056411525
null,fisher_pca_lloyd,triviality_n_effective_networks,tldr17,tldr17,50.0
null,fisher_pca_lloyd,triviality_median_max_membership,tldr17,tldr17,0.725
null,fisher_pca_lloyd,triviality_frac_confident,tldr17,tldr17,0.8452524038461539
null,nopca_lloyd,reliability_within,tldr17,tldr17,0.6041635753321816
null,nopca_lloyd,fidelity_within,tldr17,tldr17,0.4792390168500599
null,nopca_lloyd,fidelity_within_r,tldr17,tldr17,0.7027240094646461
null,nopca_lloyd,fidelity_within_insample,tldr17,tldr17,0.6760379285913168
null,nopca_lloyd,reliability_ceiling,tldr17,tldr17,0.8552058668359819
null,nopca_lloyd,triviality_ami_layer,tldr17,tldr17,0.166870747516232
null,nopca_lloyd,triviality_ami_dimension,tldr17,tldr17,0.047609066465610556
null,nopca_lloyd,triviality_ami_hubness,tldr17,tldr17,0.33248692055844015
null,nopca_lloyd,triviality_ami_noise_scale,tldr17,tldr17,0.3289333250171097
null,nopca_lloyd,triviality_n_effective_networks,tldr17,tldr17,50.0
null,nopca_lloyd,triviality_median_max_membership,tldr17,tldr17,0.675
null,nopca_lloyd,triviality_frac_confident,tldr17,tldr17,0.8720953525641025
null,vmf_lloyd,reliability_within,tldr17,tldr17,0.16080043541889188
null,vmf_lloyd,fidelity_within,tldr17,tldr17,0.033993244989241944
null,vmf_lloyd,fidelity_within_r,tldr17,tldr17,0.1896933786600247
null,vmf_lloyd,fidelity_within_insample,tldr17,tldr17,0.054686808366022466
null,vmf_lloyd,reliability_ceiling,tldr17,tldr17,0.6614641722017969
null,vmf_lloyd,triviality_ami_layer,tldr17,tldr17,0.10464970584374593
null,vmf_lloyd,triviality_ami_dimension,tldr17,tldr17,0.03103686926569217
null,vmf_lloyd,triviality_ami_hubness,tldr17,tldr17,0.07552193070506119
null,vmf_lloyd,triviality_ami_noise_scale,tldr17,tldr17,0.07508923785751569
null,vmf_lloyd,triviality_n_effective_networks,tldr17,tldr17,47.0
null,vmf_lloyd,triviality_median_max_membership,tldr17,tldr17,0.55
null,vmf_lloyd,triviality_frac_confident,tldr17,tldr17,0.5727163461538461
null,vmf_lloyd100,reliability_within,tldr17,tldr17,0.1699620324024616
null,vmf_lloyd100,fidelity_within,tldr17,tldr17,0.034498384133232474
null,vmf_lloyd100,fidelity_within_r,tldr17,tldr17,0.1930732960724554
null,vmf_lloyd100,fidelity_within_insample,tldr17,tldr17,0.06018850401318643
null,vmf_lloyd100,reliability_ceiling,tldr17,tldr17,0.5872900751240353
null,vmf_lloyd100,triviality_ami_layer,tldr17,tldr17,0.09668973729301797
null,vmf_lloyd100,triviality_ami_dimension,tldr17,tldr17,0.025965588750251817
null,vmf_lloyd100,triviality_ami_hubness,tldr17,tldr17,0.06688623534979458
null,vmf_lloyd100,triviality_ami_noise_scale,tldr17,tldr17,0.06631834176269288
null,vmf_lloyd100,triviality_n_effective_networks,tldr17,tldr17,91.0
null,vmf_lloyd100,triviality_median_max_membership,tldr17,tldr17,0.475
null,vmf_lloyd100,triviality_frac_confident,tldr17,tldr17,0.4007411858974359
null,vmf_ward,reliability_within,tldr17,tldr17,0.0778594341353942
null,vmf_ward,fidelity_within,tldr17,tldr17,0.06809760388020702
null,vmf_ward,fidelity_within_r,tldr17,tldr17,0.265156884387781
null,vmf_ward,fidelity_within_insample,tldr17,tldr17,0.097099959357408
null,vmf_ward,reliability_ceiling,tldr17,tldr17,1.0
null,vmf_ward,triviality_ami_layer,tldr17,tldr17,0.08507998364722517
null,vmf_ward,triviality_ami_dimension,tldr17,tldr17,0.024883220063354545
null,vmf_ward,triviality_ami_hubness,tldr17,tldr17,0.06129834644008999
null,vmf_ward,triviality_ami_noise_scale,tldr17,tldr17,0.06048511662504283
null,vmf_ward,triviality_n_effective_networks,tldr17,tldr17,50.0
null,vmf_ward,triviality_median_max_membership,tldr17,tldr17,1.0
null,vmf_ward,triviality_frac_confident,tldr17,tldr17,1.0
null,vmf_ward100,reliability_within,tldr17,tldr17,0.062106330303827874
null,vmf_ward100,fidelity_within,tldr17,tldr17,0.0746004776774194
null,vmf_ward100,fidelity_within_r,tldr17,tldr17,0.2803378100763402
null,vmf_ward100,fidelity_within_insample,tldr17,tldr17,0.11758654845898242
null,vmf_ward100,reliability_ceiling,tldr17,tldr17,1.0
null,vmf_ward100,triviality_ami_layer,tldr17,tldr17,0.08406403909963163
null,vmf_ward100,triviality_ami_dimension,tldr17,tldr17,0.020912500141687388
null,vmf_ward100,triviality_ami_hubness,tldr17,tldr17,0.0654311824355364
null,vmf_ward100,triviality_ami_noise_scale,tldr17,tldr17,0.06438854386528194
null,vmf_ward100,triviality_n_effective_networks,tldr17,tldr17,100.0
null,vmf_ward100,triviality_median_max_membership,tldr17,tldr17,1.0
null,vmf_ward100,triviality_frac_confident,tldr17,tldr17,1.0
null,(ceiling),fidelity_across,wikitext,bookcorpus,0.5985178034609452
null,fisher_pca_lloyd,fidelity_across,wikitext,bookcorpus,0.7151892135767723
null,fisher_pca_lloyd,reliability_across,wikitext,bookcorpus,0.3831467617662617
null,nopca_lloyd,fidelity_across,wikitext,bookcorpus,0.7185792064661498
null,nopca_lloyd,reliability_across,wikitext,bookcorpus,0.3691221741410991
null,vmf_lloyd,fidelity_across,wikitext,bookcorpus,0.30548070536517863
null,vmf_lloyd,reliability_across,wikitext,bookcorpus,0.09236369460524786
null,vmf_lloyd100,fidelity_across,wikitext,bookcorpus,0.2454492725246571
null,vmf_lloyd100,reliability_across,wikitext,bookcorpus,0.10221257239751916
null,vmf_ward,fidelity_across,wikitext,bookcorpus,0.23926665737684596
null,vmf_ward,reliability_across,wikitext,bookcorpus,0.06156422188631201
null,vmf_ward100,fidelity_across,wikitext,bookcorpus,0.2528477778268557
null,vmf_ward100,reliability_across,wikitext,bookcorpus,0.06046115866138677
null,(ceiling),fidelity_across,wikitext,agnews,0.5934993324675116
null,fisher_pca_lloyd,fidelity_across,wikitext,agnews,0.7120816572361556
null,fisher_pca_lloyd,reliability_across,wikitext,agnews,0.35253417670424914
null,nopca_lloyd,fidelity_across,wikitext,agnews,0.7129872009314413
null,nopca_lloyd,reliability_across,wikitext,agnews,0.3405990525621389
null,vmf_lloyd,fidelity_across,wikitext,agnews,0.31769470108047343
null,vmf_lloyd,reliability_across,wikitext,agnews,0.10561285472565923
null,vmf_lloyd100,fidelity_across,wikitext,agnews,0.2558396650788271
null,vmf_lloyd100,reliability_across,wikitext,agnews,0.11728947020076186
null,vmf_ward,fidelity_across,wikitext,agnews,0.2454992082902381
null,vmf_ward,reliability_across,wikitext,agnews,0.05413229724311891
null,vmf_ward100,fidelity_across,wikitext,agnews,0.2584345362532198
null,vmf_ward100,reliability_across,wikitext,agnews,0.06944737938042378
null,(ceiling),fidelity_across,wikitext,tldr17,0.5917128148985642
null,fisher_pca_lloyd,fidelity_across,wikitext,tldr17,0.7104640694476339
null,fisher_pca_lloyd,reliability_across,wikitext,tldr17,0.3888807021044167
null,nopca_lloyd,fidelity_across,wikitext,tldr17,0.7145838745938419
null,nopca_lloyd,reliability_across,wikitext,tldr17,0.40854483972697375
null,vmf_lloyd,fidelity_across,wikitext,tldr17,0.29651622568324515
null,vmf_lloyd,reliability_across,wikitext,tldr17,0.1978306629068629
null,vmf_lloyd100,fidelity_across,wikitext,tldr17,0.23381644446313796
null,vmf_lloyd100,reliability_across,wikitext,tldr17,0.18187847140440183
null,vmf_ward,fidelity_across,wikitext,tldr17,0.22785296046580047
null,vmf_ward,reliability_across,wikitext,tldr17,0.09939566110302808
null,vmf_ward100,fidelity_across,wikitext,tldr17,0.24128538609287045
null,vmf_ward100,reliability_across,wikitext,tldr17,0.08384470033304409
null,(ceiling),fidelity_across,bookcorpus,wikitext,0.5985178034609452
null,fisher_pca_lloyd,fidelity_across,bookcorpus,wikitext,0.7140086397235659
null,fisher_pca_lloyd,reliability_across,bookcorpus,wikitext,0.3831467617662617
null,nopca_lloyd,fidelity_across,bookcorpus,wikitext,0.7162013044971678
null,nopca_lloyd,reliability_across,bookcorpus,wikitext,0.3691221741410991
null,vmf_lloyd,fidelity_across,bookcorpus,wikitext,0.12905154980914196
null,vmf_lloyd,reliability_across,bookcorpus,wikitext,0.09236369460524786
null,vmf_lloyd100,fidelity_across,bookcorpus,wikitext,0.11411680399430744
null,vmf_lloyd100,reliability_across,bookcorpus,wikitext,0.10221257239751916
null,vmf_ward,fidelity_across,bookcorpus,wikitext,0.14788205719844905
null,vmf_ward,reliability_across,bookcorpus,wikitext,0.06156422188631201
null,vmf_ward100,fidelity_across,bookcorpus,wikitext,0.17503346067367093
null,vmf_ward100,reliability_across,bookcorpus,wikitext,0.06046115866138677
null,(ceiling),fidelity_across,bookcorpus,agnews,0.5904107267495978
null,fisher_pca_lloyd,fidelity_across,bookcorpus,agnews,0.7087767953728155
null,fisher_pca_lloyd,reliability_across,bookcorpus,agnews,0.26047658137679275
null,nopca_lloyd,fidelity_across,bookcorpus,agnews,0.7132825759533908
null,nopca_lloyd,reliability_across,bookcorpus,agnews,0.26114522678863394
null,vmf_lloyd,fidelity_across,bookcorpus,agnews,0.14768388732146676
null,vmf_lloyd,reliability_across,bookcorpus,agnews,0.08221164611535327
null,vmf_lloyd100,fidelity_across,bookcorpus,agnews,0.1294213899075685
null,vmf_lloyd100,reliability_across,bookcorpus,agnews,0.1019660001872177
null,vmf_ward,fidelity_across,bookcorpus,agnews,0.16460795611434967
null,vmf_ward,reliability_across,bookcorpus,agnews,0.04643063853307917
null,vmf_ward100,fidelity_across,bookcorpus,agnews,0.19268879260855498
null,vmf_ward100,reliability_across,bookcorpus,agnews,0.05774491345128265
null,(ceiling),fidelity_across,bookcorpus,tldr17,0.589589993713892
null,fisher_pca_lloyd,fidelity_across,bookcorpus,tldr17,0.7075580070598015
null,fisher_pca_lloyd,reliability_across,bookcorpus,tldr17,0.3024403352297536
null,nopca_lloyd,fidelity_across,bookcorpus,tldr17,0.7106883379531729
null,nopca_lloyd,reliability_across,bookcorpus,tldr17,0.3008642663693532
null,vmf_lloyd,fidelity_across,bookcorpus,tldr17,0.1282947118898484
null,vmf_lloyd,reliability_across,bookcorpus,tldr17,0.07785110850573332
null,vmf_lloyd100,fidelity_across,bookcorpus,tldr17,0.1133142304885582
null,vmf_lloyd100,reliability_across,bookcorpus,tldr17,0.082740899830454
null,vmf_ward,fidelity_across,bookcorpus,tldr17,0.1468051116240788
null,vmf_ward,reliability_across,bookcorpus,tldr17,0.05777645278158752
null,vmf_ward100,fidelity_across,bookcorpus,tldr17,0.1735184418259541
null,vmf_ward100,reliability_across,bookcorpus,tldr17,0.040100215640058424
null,(ceiling),fidelity_across,agnews,wikitext,0.5934993324675116
null,fisher_pca_lloyd,fidelity_across,agnews,wikitext,0.7075249082973344
null,fisher_pca_lloyd,reliability_across,agnews,wikitext,0.35253417670424914
null,nopca_lloyd,fidelity_across,agnews,wikitext,0.7083731123381695
null,nopca_lloyd,reliability_across,agnews,wikitext,0.3405990525621389
null,vmf_lloyd,fidelity_across,agnews,wikitext,0.09319732832562805
null,vmf_lloyd,reliability_across,agnews,wikitext,0.10561285472565923
null,vmf_lloyd100,fidelity_across,agnews,wikitext,0.08798327619866116
null,vmf_lloyd100,reliability_across,agnews,wikitext,0.11728947020076186
null,vmf_ward,fidelity_across,agnews,wikitext,0.11378843796672732
null,vmf_ward,reliability_across,agnews,wikitext,0.05413229724311891
null,vmf_ward100,fidelity_across,agnews,wikitext,0.12256085339391408
null,vmf_ward100,reliability_across,agnews,wikitext,0.06944737938042378
null,(ceiling),fidelity_across,agnews,bookcorpus,0.5904107267495977
null,fisher_pca_lloyd,fidelity_across,agnews,bookcorpus,0.7088667148597029
null,fisher_pca_lloyd,reliability_across,agnews,bookcorpus,0.26047658137679275
null,nopca_lloyd,fidelity_across,agnews,bookcorpus,0.7131890581808067
null,nopca_lloyd,reliability_across,agnews,bookcorpus,0.26114522678863394
null,vmf_lloyd,fidelity_across,agnews,bookcorpus,0.10095735118807396
null,vmf_lloyd,reliability_across,agnews,bookcorpus,0.08221164611535327
null,vmf_lloyd100,fidelity_across,agnews,bookcorpus,0.09489262518475966
null,vmf_lloyd100,reliability_across,agnews,bookcorpus,0.1019660001872177
null,vmf_ward,fidelity_across,agnews,bookcorpus,0.1233292077600574
null,vmf_ward,reliability_across,agnews,bookcorpus,0.04643063853307917
null,vmf_ward100,fidelity_across,agnews,bookcorpus,0.13319622489910724
null,vmf_ward100,reliability_across,agnews,bookcorpus,0.05774491345128265
null,(ceiling),fidelity_across,agnews,tldr17,0.5879032932615887
null,fisher_pca_lloyd,fidelity_across,agnews,tldr17,0.7024849545530595
null,fisher_pca_lloyd,reliability_across,agnews,tldr17,0.2701550407462506
null,nopca_lloyd,fidelity_across,agnews,tldr17,0.7044168612515587
null,nopca_lloyd,reliability_across,agnews,tldr17,0.2709653454606699
null,vmf_lloyd,fidelity_across,agnews,tldr17,0.09069897463093117
null,vmf_lloyd,reliability_across,agnews,tldr17,0.08333672652228317
null,vmf_lloyd100,fidelity_across,agnews,tldr17,0.08596047536004733
null,vmf_lloyd100,reliability_across,agnews,tldr17,0.09275221431415233
null,vmf_ward,fidelity_across,agnews,tldr17,0.11170539946511765
null,vmf_ward,reliability_across,agnews,tldr17,0.048744603141369705
null,vmf_ward100,fidelity_across,agnews,tldr17,0.12140380294484257
null,vmf_ward100,reliability_across,agnews,tldr17,0.04109427348274737
null,(ceiling),fidelity_across,tldr17,wikitext,0.5917128148985642
null,fisher_pca_lloyd,fidelity_across,tldr17,wikitext,0.7155581914248051
null,fisher_pca_lloyd,reliability_across,tldr17,wikitext,0.3888807021044167
null,nopca_lloyd,fidelity_across,tldr17,wikitext,0.7164369897413019
null,nopca_lloyd,reliability_across,tldr17,wikitext,0.40854483972697375
null,vmf_lloyd,fidelity_across,tldr17,wikitext,0.2758985307987869
null,vmf_lloyd,reliability_across,tldr17,wikitext,0.1978306629068629
null,vmf_lloyd100,fidelity_across,tldr17,wikitext,0.19028268843851456
null,vmf_lloyd100,reliability_across,tldr17,wikitext,0.18187847140440183
null,vmf_ward,fidelity_across,tldr17,wikitext,0.24146965930936756
null,vmf_ward,reliability_across,tldr17,wikitext,0.09939566110302808
null,vmf_ward100,fidelity_across,tldr17,wikitext,0.25841112929822035
null,vmf_ward100,reliability_across,tldr17,wikitext,0.08384470033304409
null,(ceiling),fidelity_across,tldr17,bookcorpus,0.589589993713892
null,fisher_pca_lloyd,fidelity_across,tldr17,bookcorpus,0.7146669104376738
null,fisher_pca_lloyd,reliability_across,tldr17,bookcorpus,0.3024403352297536
null,nopca_lloyd,fidelity_across,tldr17,bookcorpus,0.7157769036387329
null,nopca_lloyd,reliability_across,tldr17,bookcorpus,0.3008642663693532
null,vmf_lloyd,fidelity_across,tldr17,bookcorpus,0.28509188024538157
null,vmf_lloyd,reliability_across,tldr17,bookcorpus,0.07785110850573332
null,vmf_lloyd100,fidelity_across,tldr17,bookcorpus,0.1994460911063728
null,vmf_lloyd100,reliability_across,tldr17,bookcorpus,0.082740899830454
null,vmf_ward,fidelity_across,tldr17,bookcorpus,0.2526484809856371
null,vmf_ward,reliability_across,tldr17,bookcorpus,0.05777645278158752
null,vmf_ward100,fidelity_across,tldr17,bookcorpus,0.2702976670191991
null,vmf_ward100,reliability_across,tldr17,bookcorpus,0.040100215640058424
null,(ceiling),fidelity_across,tldr17,agnews,0.5879032932615889
null,fisher_pca_lloyd,fidelity_across,tldr17,agnews,0.7092153174238107
null,fisher_pca_lloyd,reliability_across,tldr17,agnews,0.2701550407462506
null,nopca_lloyd,fidelity_across,tldr17,agnews,0.7085439394698058
null,nopca_lloyd,reliability_across,tldr17,agnews,0.2709653454606699
null,vmf_lloyd,fidelity_across,tldr17,agnews,0.2945180766207689
null,vmf_lloyd,reliability_across,tldr17,agnews,0.08333672652228317
null,vmf_lloyd100,fidelity_across,tldr17,agnews,0.20406293194832748
null,vmf_lloyd100,reliability_across,tldr17,agnews,0.09275221431415233
null,vmf_ward,fidelity_across,tldr17,agnews,0.2569846402119432
null,vmf_ward,reliability_across,tldr17,agnews,0.048744603141369705
null,vmf_ward100,fidelity_across,tldr17,agnews,0.2736763952801678
null,vmf_ward100,reliability_across,tldr17,agnews,0.04109427348274737
null,(ceiling),fidelity_across_halves,wikitext,bookcorpus,0.611895701338441
null,fisher_pca_lloyd,fidelity_across_halves,wikitext,bookcorpus,0.7012998689536786
null,fisher_pca_lloyd,reliability_across_halves,wikitext,bookcorpus,0.30743188529999466
null,nopca_lloyd,fidelity_across_halves,wikitext,bookcorpus,0.7033608902506563
null,nopca_lloyd,reliability_across_halves,wikitext,bookcorpus,0.2682279111590418
null,vmf_lloyd,fidelity_across_halves,wikitext,bookcorpus,0.19320148486267902
null,vmf_lloyd,reliability_across_halves,wikitext,bookcorpus,0.07123782593541798
null,vmf_lloyd100,fidelity_across_halves,wikitext,bookcorpus,0.18968829646418334
null,vmf_lloyd100,reliability_across_halves,wikitext,bookcorpus,0.07391975067880012
null,vmf_ward,fidelity_across_halves,wikitext,bookcorpus,0.2210556504725203
null,vmf_ward,reliability_across_halves,wikitext,bookcorpus,0.04954497572847395
null,vmf_ward100,fidelity_across_halves,wikitext,bookcorpus,0.2680367728875905
null,vmf_ward100,reliability_across_halves,wikitext,bookcorpus,0.048677038540213415
null,(ceiling),fidelity_across_halves,wikitext,agnews,0.6095577034173343
null,fisher_pca_lloyd,fidelity_across_halves,wikitext,agnews,0.6984900970636557
null,fisher_pca_lloyd,reliability_across_halves,wikitext,agnews,0.28639947838208374
null,nopca_lloyd,fidelity_across_halves,wikitext,agnews,0.7030457860030594
null,nopca_lloyd,reliability_across_halves,wikitext,agnews,0.2679642973377856
null,vmf_lloyd,fidelity_across_halves,wikitext,agnews,0.19902303208885253
null,vmf_lloyd,reliability_across_halves,wikitext,agnews,0.07297936078177682
null,vmf_lloyd100,fidelity_across_halves,wikitext,agnews,0.19542491117730565
null,vmf_lloyd100,reliability_across_halves,wikitext,agnews,0.07564064611700617
null,vmf_ward,fidelity_across_halves,wikitext,agnews,0.22758980803259485
null,vmf_ward,reliability_across_halves,wikitext,agnews,0.03896966821804243
null,vmf_ward100,fidelity_across_halves,wikitext,agnews,0.2755935379027618
null,vmf_ward100,reliability_across_halves,wikitext,agnews,0.05683241298763054
null,(ceiling),fidelity_across_halves,wikitext,tldr17,0.6120164350305569
null,fisher_pca_lloyd,fidelity_across_halves,wikitext,tldr17,0.6984162338011205
null,fisher_pca_lloyd,reliability_across_halves,wikitext,tldr17,0.3103378452545464
null,nopca_lloyd,fidelity_across_halves,wikitext,tldr17,0.7016918519460901
null,nopca_lloyd,reliability_across_halves,wikitext,tldr17,0.34305828479950146
null,vmf_lloyd,fidelity_across_halves,wikitext,tldr17,0.1826494245855518
null,vmf_lloyd,reliability_across_halves,wikitext,tldr17,0.08197801004886957
null,vmf_lloyd100,fidelity_across_halves,wikitext,tldr17,0.17845276683077127
null,vmf_lloyd100,reliability_across_halves,wikitext,tldr17,0.08343448960218722
null,vmf_ward,fidelity_across_halves,wikitext,tldr17,0.21016250867689182
null,vmf_ward,reliability_across_halves,wikitext,tldr17,0.04551829519356174
null,vmf_ward100,fidelity_across_halves,wikitext,tldr17,0.2583039030251045
null,vmf_ward100,reliability_across_halves,wikitext,tldr17,0.04343027126211155
null,(ceiling),fidelity_across_halves,bookcorpus,wikitext,0.6117332449866377
null,fisher_pca_lloyd,fidelity_across_halves,bookcorpus,wikitext,0.6897532693028247
null,fisher_pca_lloyd,reliability_across_halves,bookcorpus,wikitext,0.30256980746293843
null,nopca_lloyd,fidelity_across_halves,bookcorpus,wikitext,0.6913612803361229
null,nopca_lloyd,reliability_across_halves,bookcorpus,wikitext,0.2785069876713442
null,vmf_lloyd,fidelity_across_halves,bookcorpus,wikitext,0.08417503786951319
null,vmf_lloyd,reliability_across_halves,bookcorpus,wikitext,0.0663727597991997
null,vmf_lloyd100,fidelity_across_halves,bookcorpus,wikitext,0.11005700000961176
null,vmf_lloyd100,reliability_across_halves,bookcorpus,wikitext,0.06489347014993367
null,vmf_ward,fidelity_across_halves,bookcorpus,wikitext,0.12250664774596712
null,vmf_ward,reliability_across_halves,bookcorpus,wikitext,0.020612814258817093
null,vmf_ward100,fidelity_across_halves,bookcorpus,wikitext,0.16760486598806276
null,vmf_ward100,reliability_across_halves,bookcorpus,wikitext,0.025747659266670705
null,(ceiling),fidelity_across_halves,bookcorpus,agnews,0.611553819937914
null,fisher_pca_lloyd,fidelity_across_halves,bookcorpus,agnews,0.68925081118095
null,fisher_pca_lloyd,reliability_across_halves,bookcorpus,agnews,0.24288171183449847
null,nopca_lloyd,fidelity_across_halves,bookcorpus,agnews,0.6912045515822404
null,nopca_lloyd,reliability_across_halves,bookcorpus,agnews,0.23601102571872556
null,vmf_lloyd,fidelity_across_halves,bookcorpus,agnews,0.0966327735477289
null,vmf_lloyd,reliability_across_halves,bookcorpus,agnews,0.09361840927619237
null,vmf_lloyd100,fidelity_across_halves,bookcorpus,agnews,0.12472800129384932
null,vmf_lloyd100,reliability_across_halves,bookcorpus,agnews,0.07835598937728161
null,vmf_ward,fidelity_across_halves,bookcorpus,agnews,0.13711225253201406
null,vmf_ward,reliability_across_halves,bookcorpus,agnews,0.027537255604109783
null,vmf_ward100,fidelity_across_halves,bookcorpus,agnews,0.18577041928874033
null,vmf_ward100,reliability_across_halves,bookcorpus,agnews,0.03893419447336977
null,(ceiling),fidelity_across_halves,bookcorpus,tldr17,0.6069698312393916
null,fisher_pca_lloyd,fidelity_across_halves,bookcorpus,tldr17,0.6865826045905554
null,fisher_pca_lloyd,reliability_across_halves,bookcorpus,tldr17,0.25868615787336885
null,nopca_lloyd,fidelity_across_halves,bookcorpus,tldr17,0.6877325229702486
null,nopca_lloyd,reliability_across_halves,bookcorpus,tldr17,0.2611189863454408
null,vmf_lloyd,fidelity_across_halves,bookcorpus,tldr17,0.08332441817623519
null,vmf_lloyd,reliability_across_halves,bookcorpus,tldr17,0.0536831754650123
null,vmf_lloyd100,fidelity_across_halves,bookcorpus,tldr17,0.10890713339417653
null,vmf_lloyd100,reliability_across_halves,bookcorpus,tldr17,0.051331437935106784
null,vmf_ward,fidelity_across_halves,bookcorpus,tldr17,0.12212036881689725
null,vmf_ward,reliability_across_halves,bookcorpus,tldr17,0.022653306294185754
null,vmf_ward100,fidelity_across_halves,bookcorpus,tldr17,0.1665977735348653
null,vmf_ward100,reliability_across_halves,bookcorpus,tldr17,0.027237641238525158
null,(ceiling),fidelity_across_halves,agnews,wikitext,0.6086252989178091
null,fisher_pca_lloyd,fidelity_across_halves,agnews,wikitext,0.6936339334369471
null,fisher_pca_lloyd,reliability_across_halves,agnews,wikitext,0.27699564155041073
null,nopca_lloyd,fidelity_across_halves,agnews,wikitext,0.6919312701946793
null,nopca_lloyd,reliability_across_halves,agnews,wikitext,0.2632918295866705
null,vmf_lloyd,fidelity_across_halves,agnews,wikitext,0.06853741806099099
null,vmf_lloyd,reliability_across_halves,agnews,wikitext,0.07332140587449311
null,vmf_lloyd100,fidelity_across_halves,agnews,wikitext,0.08053082241812135
null,vmf_lloyd100,reliability_across_halves,agnews,wikitext,0.0808798723594945
null,vmf_ward,fidelity_across_halves,agnews,wikitext,0.11013791711254368
null,vmf_ward,reliability_across_halves,agnews,wikitext,0.030606079386643725
null,vmf_ward100,fidelity_across_halves,agnews,wikitext,0.12371895502863099
null,vmf_ward100,reliability_across_halves,agnews,wikitext,0.02648560516933481
null,(ceiling),fidelity_across_halves,agnews,bookcorpus,0.6077313353181494
null,fisher_pca_lloyd,fidelity_across_halves,agnews,bookcorpus,0.6956058284749648
null,fisher_pca_lloyd,reliability_across_halves,agnews,bookcorpus,0.23783330032904804
null,nopca_lloyd,fidelity_across_halves,agnews,bookcorpus,0.693669439796924
null,nopca_lloyd,reliability_across_halves,agnews,bookcorpus,0.23429684577824653
null,vmf_lloyd,fidelity_across_halves,agnews,bookcorpus,0.07371317925938371
null,vmf_lloyd,reliability_across_halves,agnews,bookcorpus,0.08037192655521626
null,vmf_lloyd100,fidelity_across_halves,agnews,bookcorpus,0.08636272170604001
null,vmf_lloyd100,reliability_across_halves,agnews,bookcorpus,0.08906614295238911
null,vmf_ward,fidelity_across_halves,agnews,bookcorpus,0.11872702190454253
null,vmf_ward,reliability_across_halves,agnews,bookcorpus,0.055390639960135865
null,vmf_ward100,fidelity_across_halves,agnews,bookcorpus,0.13282529764704393
null,vmf_ward100,reliability_across_halves,agnews,bookcorpus,0.03260576308159043
null,(ceiling),fidelity_across_halves,agnews,tldr17,0.5981018932363803
null,fisher_pca_lloyd,fidelity_across_halves,agnews,tldr17,0.684088058788189
null,fisher_pca_lloyd,reliability_across_halves,agnews,tldr17,0.22710901276758796
null,nopca_lloyd,fidelity_across_halves,agnews,tldr17,0.6830054575109242
null,nopca_lloyd,reliability_across_halves,agnews,tldr17,0.2224734563313708
null,vmf_lloyd,fidelity_across_halves,agnews,tldr17,0.0668907919825729
null,vmf_lloyd,reliability_across_halves,agnews,tldr17,0.05532956531965398
null,vmf_lloyd100,fidelity_across_halves,agnews,tldr17,0.07865839143645341
null,vmf_lloyd100,reliability_across_halves,agnews,tldr17,0.05882519513794603
null,vmf_ward,fidelity_across_halves,agnews,tldr17,0.10840925605855291
null,vmf_ward,reliability_across_halves,agnews,tldr17,0.03084965550165115
null,vmf_ward100,fidelity_across_halves,agnews,tldr17,0.12170100699178825
null,vmf_ward100,reliability_across_halves,agnews,tldr17,0.026502139941042887
null,(ceiling),fidelity_across_halves,tldr17,wikitext,0.6124958678433566
null,fisher_pca_lloyd,fidelity_across_halves,tldr17,wikitext,0.6966907033172032
null,fisher_pca_lloyd,reliability_across_halves,tldr17,wikitext,0.34738339084114983
null,nopca_lloyd,fidelity_across_halves,tldr17,wikitext,0.6978399892082157
null,nopca_lloyd,reliability_across_halves,tldr17,wikitext,0.31574173689400503
null,vmf_lloyd,fidelity_across_halves,tldr17,wikitext,0.1834331678626387
null,vmf_lloyd,reliability_across_halves,tldr17,wikitext,0.09937025029691696
null,vmf_lloyd100,fidelity_across_halves,tldr17,wikitext,0.18638689809965328
null,vmf_lloyd100,reliability_across_halves,tldr17,wikitext,0.08936164293950734
null,vmf_ward,fidelity_across_halves,tldr17,wikitext,0.26002008568006846
null,vmf_ward,reliability_across_halves,tldr17,wikitext,0.03935298852982208
null,vmf_ward100,fidelity_across_halves,tldr17,wikitext,0.27418092631804
null,vmf_ward100,reliability_across_halves,tldr17,wikitext,0.0421315820343888
null,(ceiling),fidelity_across_halves,tldr17,bookcorpus,0.6079459943744818
null,fisher_pca_lloyd,fidelity_across_halves,tldr17,bookcorpus,0.6961453560279542
null,fisher_pca_lloyd,reliability_across_halves,tldr17,bookcorpus,0.2723319898624239
null,nopca_lloyd,fidelity_across_halves,tldr17,bookcorpus,0.6973498243978365
null,nopca_lloyd,reliability_across_halves,tldr17,bookcorpus,0.265547795697242
null,vmf_lloyd,fidelity_across_halves,tldr17,bookcorpus,0.19276179976976607
null,vmf_lloyd,reliability_across_halves,tldr17,bookcorpus,0.05684190445602877
null,vmf_lloyd100,fidelity_across_halves,tldr17,bookcorpus,0.19685415199708634
null,vmf_lloyd100,reliability_across_halves,tldr17,bookcorpus,0.05547712955402907
null,vmf_ward,fidelity_across_halves,tldr17,bookcorpus,0.2706658172699866
null,vmf_ward,reliability_across_halves,tldr17,bookcorpus,0.03213869986380098
null,vmf_ward100,fidelity_across_halves,tldr17,bookcorpus,0.28500864178538904
null,vmf_ward100,reliability_across_halves,tldr17,bookcorpus,0.029909247361237224
null,(ceiling),fidelity_across_halves,tldr17,agnews,0.6052593775332098
null,fisher_pca_lloyd,fidelity_across_halves,tldr17,agnews,0.6870841539803669
null,fisher_pca_lloyd,reliability_across_halves,tldr17,agnews,0.2477530930907036
null,nopca_lloyd,fidelity_across_halves,tldr17,agnews,0.6896251575637946
null,nopca_lloyd,reliability_across_halves,tldr17,agnews,0.2482883526761665
null,vmf_lloyd,fidelity_across_halves,tldr17,agnews,0.1956602681359936
null,vmf_lloyd,reliability_across_halves,tldr17,agnews,0.05960939697040411
null,vmf_lloyd100,fidelity_across_halves,tldr17,agnews,0.20038252400623022
null,vmf_lloyd100,reliability_across_halves,tldr17,agnews,0.059364984958329314
null,vmf_ward,fidelity_across_halves,tldr17,agnews,0.2768879683285831
null,vmf_ward,reliability_across_halves,tldr17,agnews,0.02709977748760366
null,vmf_ward100,fidelity_across_halves,tldr17,agnews,0.2901453798760411
null,vmf_ward100,reliability_across_halves,tldr17,agnews,0.03582025499870091
pnull,fisher_pca_lloyd,reliability_within,wikitext,wikitext,0.018635535392157284
pnull,fisher_pca_lloyd,fidelity_within,wikitext,wikitext,0.040262593471819264
pnull,fisher_pca_lloyd,fidelity_within_r,wikitext,wikitext,0.20065578128280098
pnull,fisher_pca_lloyd,fidelity_within_insample,wikitext,wikitext,0.040458144623175096
pnull,fisher_pca_lloyd,triviality_ami_layer,wikitext,wikitext,0.05316017489645235
pnull,fisher_pca_lloyd,triviality_ami_dimension,wikitext,wikitext,0.05953667304242962
pnull,fisher_pca_lloyd,triviality_ami_hubness,wikitext,wikitext,0.013235248696707023
pnull,fisher_pca_lloyd,triviality_n_effective_networks,wikitext,wikitext,50.0
pnull,fisher_pca_lloyd,triviality_median_max_membership,wikitext,wikitext,0.725
pnull,fisher_pca_lloyd,triviality_frac_confident,wikitext,wikitext,0.819511217948718
rand,fisher_pca_lloyd,reliability_within,wikitext,wikitext,-3.525465890163119e-05
rand,fisher_pca_lloyd,fidelity_within,wikitext,wikitext,0.000318809621925209
rand,fisher_pca_lloyd,fidelity_within_r,wikitext,wikitext,0.01786426849427142
rand,fisher_pca_lloyd,fidelity_within_insample,wikitext,wikitext,0.0003043489981786607
rand,fisher_pca_lloyd,triviality_ami_layer,wikitext,wikitext,-0.00025172810100689236
rand,fisher_pca_lloyd,triviality_ami_dimension,wikitext,wikitext,0.0006405544715179567
rand,fisher_pca_lloyd,triviality_ami_hubness,wikitext,wikitext,-0.00021483524412126972
rand,fisher_pca_lloyd,triviality_n_effective_networks,wikitext,wikitext,50.0
rand,fisher_pca_lloyd,triviality_median_max_membership,wikitext,wikitext,1.0
rand,fisher_pca_lloyd,triviality_frac_confident,wikitext,wikitext,1.0
pnull,nopca_lloyd,reliability_within,wikitext,wikitext,0.04853575621536789
pnull,nopca_lloyd,fidelity_within,wikitext,wikitext,0.041828484123845766
pnull,nopca_lloyd,fidelity_within_r,wikitext,wikitext,0.20452043424798236
pnull,nopca_lloyd,fidelity_within_insample,wikitext,wikitext,0.04197717791912592
pnull,nopca_lloyd,triviality_ami_layer,wikitext,wikitext,0.08794911988256579
pnull,nopca_lloyd,triviality_ami_dimension,wikitext,wikitext,0.053341715767854854
pnull,nopca_lloyd,triviality_ami_hubness,wikitext,wikitext,0.01856342065691714
pnull,nopca_lloyd,triviality_n_effective_networks,wikitext,wikitext,50.0
pnull,nopca_lloyd,triviality_median_max_membership,wikitext,wikitext,0.725
pnull,nopca_lloyd,triviality_frac_confident,wikitext,wikitext,0.8528645833333334
rand,nopca_lloyd,reliability_within,wikitext,wikitext,3.765851439099963e-05
rand,nopca_lloyd,fidelity_within,wikitext,wikitext,0.0005293768267297105
rand,nopca_lloyd,fidelity_within_r,wikitext,wikitext,0.023016108487562595
rand,nopca_lloyd,fidelity_within_insample,wikitext,wikitext,0.0005089975343869346
rand,nopca_lloyd,triviality_ami_layer,wikitext,wikitext,-0.000302278225472623
rand,nopca_lloyd,triviality_ami_dimension,wikitext,wikitext,-0.0007015759269832817
rand,nopca_lloyd,triviality_ami_hubness,wikitext,wikitext,0.0007885941651589464
rand,nopca_lloyd,triviality_n_effective_networks,wikitext,wikitext,50.0
rand,nopca_lloyd,triviality_median_max_membership,wikitext,wikitext,1.0
rand,nopca_lloyd,triviality_frac_confident,wikitext,wikitext,1.0
pnull,vmf_lloyd,reliability_within,wikitext,wikitext,0.018737991574939192
pnull,vmf_lloyd,fidelity_within,wikitext,wikitext,0.006606635027681551
pnull,vmf_lloyd,fidelity_within_r,wikitext,wikitext,0.081281989971988
pnull,vmf_lloyd,fidelity_within_insample,wikitext,wikitext,0.006617774917988539
pnull,vmf_lloyd,triviality_ami_layer,wikitext,wikitext,0.08492042789782342
pnull,vmf_lloyd,triviality_ami_dimension,wikitext,wikitext,0.03328087487904195
pnull,vmf_lloyd,triviality_ami_hubness,wikitext,wikitext,0.009880956082405055
pnull,vmf_lloyd,triviality_n_effective_networks,wikitext,wikitext,49.0
pnull,vmf_lloyd,triviality_median_max_membership,wikitext,wikitext,0.525
pnull,vmf_lloyd,triviality_frac_confident,wikitext,wikitext,0.5180288461538461
rand,vmf_lloyd,reliability_within,wikitext,wikitext,-2.9058477144906968e-05
rand,vmf_lloyd,fidelity_within,wikitext,wikitext,0.0006229336663529095
rand,vmf_lloyd,fidelity_within_r,wikitext,wikitext,0.02496633034414664
rand,vmf_lloyd,fidelity_within_insample,wikitext,wikitext,0.0005999953038711148
rand,vmf_lloyd,triviality_ami_layer,wikitext,wikitext,-7.865786326192221e-05
rand,vmf_lloyd,triviality_ami_dimension,wikitext,wikitext,-0.0016977291935293228
rand,vmf_lloyd,triviality_ami_hubness,wikitext,wikitext,0.0005991425839358426
rand,vmf_lloyd,triviality_n_effective_networks,wikitext,wikitext,50.0
rand,vmf_lloyd,triviality_median_max_membership,wikitext,wikitext,1.0
rand,vmf_lloyd,triviality_frac_confident,wikitext,wikitext,1.0
pnull,vmf_lloyd100,reliability_within,wikitext,wikitext,0.009075250897136865
pnull,vmf_lloyd100,fidelity_within,wikitext,wikitext,0.006583266087004436
pnull,vmf_lloyd100,fidelity_within_r,wikitext,wikitext,0.08113879572652094
pnull,vmf_lloyd100,fidelity_within_insample,wikitext,wikitext,0.006549633111178066
pnull,vmf_lloyd100,triviality_ami_layer,wikitext,wikitext,0.07274441036375713
pnull,vmf_lloyd100,triviality_ami_dimension,wikitext,wikitext,0.024741588875098735
pnull,vmf_lloyd100,triviality_ami_hubness,wikitext,wikitext,0.009539291552628941
pnull,vmf_lloyd100,triviality_n_effective_networks,wikitext,wikitext,91.0
pnull,vmf_lloyd100,triviality_median_max_membership,wikitext,wikitext,0.45
pnull,vmf_lloyd100,triviality_frac_confident,wikitext,wikitext,0.3808092948717949
rand,vmf_lloyd100,reliability_within,wikitext,wikitext,2.884178825220848e-07
rand,vmf_lloyd100,fidelity_within,wikitext,wikitext,0.000838339857297421
rand,vmf_lloyd100,fidelity_within_r,wikitext,wikitext,0.028958375576000315
rand,vmf_lloyd100,fidelity_within_insample,wikitext,wikitext,0.000820895552099743
rand,vmf_lloyd100,triviality_ami_layer,wikitext,wikitext,-0.0003549453135442525
rand,vmf_lloyd100,triviality_ami_dimension,wikitext,wikitext,-7.607070282310364e-05
rand,vmf_lloyd100,triviality_ami_hubness,wikitext,wikitext,-0.00033960028502834187
rand,vmf_lloyd100,triviality_n_effective_networks,wikitext,wikitext,100.0
rand,vmf_lloyd100,triviality_median_max_membership,wikitext,wikitext,1.0
rand,vmf_lloyd100,triviality_frac_confident,wikitext,wikitext,1.0
pnull,vmf_ward,reliability_within,wikitext,wikitext,0.006506687217641763
pnull,vmf_ward,fidelity_within,wikitext,wikitext,0.00501991855074424
pnull,vmf_ward,fidelity_within_r,wikitext,wikitext,0.0708523325478878
pnull,vmf_ward,fidelity_within_insample,wikitext,wikitext,0.005020956774026142
pnull,vmf_ward,triviality_ami_layer,wikitext,wikitext,0.06071943955962363
pnull,vmf_ward,triviality_ami_dimension,wikitext,wikitext,0.02530835477890017
pnull,vmf_ward,triviality_ami_hubness,wikitext,wikitext,0.006121926499752329
pnull,vmf_ward,triviality_n_effective_networks,wikitext,wikitext,50.0
pnull,vmf_ward,triviality_median_max_membership,wikitext,wikitext,1.0
pnull,vmf_ward,triviality_frac_confident,wikitext,wikitext,1.0
rand,vmf_ward,reliability_within,wikitext,wikitext,-1.4419950616525102e-05
rand,vmf_ward,fidelity_within,wikitext,wikitext,0.0003225932548316379
rand,vmf_ward,fidelity_within_r,wikitext,wikitext,0.017965436297851977
rand,vmf_ward,fidelity_within_insample,wikitext,wikitext,0.0003165595010130584
rand,vmf_ward,triviality_ami_layer,wikitext,wikitext,0.00035833761302329724
rand,vmf_ward,triviality_ami_dimension,wikitext,wikitext,-0.00041878890063352253
rand,vmf_ward,triviality_ami_hubness,wikitext,wikitext,-0.0006910872599781855
rand,vmf_ward,triviality_n_effective_networks,wikitext,wikitext,50.0
rand,vmf_ward,triviality_median_max_membership,wikitext,wikitext,1.0
rand,vmf_ward,triviality_frac_confident,wikitext,wikitext,1.0
pnull,vmf_ward100,reliability_within,wikitext,wikitext,0.011606579394031029
pnull,vmf_ward100,fidelity_within,wikitext,wikitext,0.007149650951709052
pnull,vmf_ward100,fidelity_within_r,wikitext,wikitext,0.08455680942611135
pnull,vmf_ward100,fidelity_within_insample,wikitext,wikitext,0.007124990552115795
pnull,vmf_ward100,triviality_ami_layer,wikitext,wikitext,0.059319564449679146
pnull,vmf_ward100,triviality_ami_dimension,wikitext,wikitext,0.02102629899217287
pnull,vmf_ward100,triviality_ami_hubness,wikitext,wikitext,0.0058054042684701325
pnull,vmf_ward100,triviality_n_effective_networks,wikitext,wikitext,100.0
pnull,vmf_ward100,triviality_median_max_membership,wikitext,wikitext,1.0
pnull,vmf_ward100,triviality_frac_confident,wikitext,wikitext,1.0
rand,vmf_ward100,reliability_within,wikitext,wikitext,-0.0001463197019102259
rand,vmf_ward100,fidelity_within,wikitext,wikitext,0.0009755292985001995
rand,vmf_ward100,fidelity_within_r,wikitext,wikitext,0.031240618329230217
rand,vmf_ward100,fidelity_within_insample,wikitext,wikitext,0.0009437710702976387
rand,vmf_ward100,triviality_ami_layer,wikitext,wikitext,0.0016150889487355506
rand,vmf_ward100,triviality_ami_dimension,wikitext,wikitext,-0.0016402085380396259
rand,vmf_ward100,triviality_ami_hubness,wikitext,wikitext,0.00019265069966420672
rand,vmf_ward100,triviality_n_effective_networks,wikitext,wikitext,100.0
rand,vmf_ward100,triviality_median_max_membership,wikitext,wikitext,1.0
rand,vmf_ward100,triviality_frac_confident,wikitext,wikitext,1.0
pnull,fisher_pca_lloyd,reliability_within,bookcorpus,bookcorpus,0.010777338813584244
pnull,fisher_pca_lloyd,fidelity_within,bookcorpus,bookcorpus,0.03285840270859686
pnull,fisher_pca_lloyd,fidelity_within_r,bookcorpus,bookcorpus,0.18127745839249634
pnull,fisher_pca_lloyd,fidelity_within_insample,bookcorpus,bookcorpus,0.03303006002093334
pnull,fisher_pca_lloyd,triviality_ami_layer,bookcorpus,bookcorpus,0.02811982451639449
pnull,fisher_pca_lloyd,triviality_ami_dimension,bookcorpus,bookcorpus,0.05188544561392886
pnull,fisher_pca_lloyd,triviality_ami_hubness,bookcorpus,bookcorpus,0.007634136419168007
pnull,fisher_pca_lloyd,triviality_n_effective_networks,bookcorpus,bookcorpus,50.0
pnull,fisher_pca_lloyd,triviality_median_max_membership,bookcorpus,bookcorpus,0.875
pnull,fisher_pca_lloyd,triviality_frac_confident,bookcorpus,bookcorpus,0.9138621794871795
rand,fisher_pca_lloyd,reliability_within,bookcorpus,bookcorpus,-1.0633229689558326e-06
rand,fisher_pca_lloyd,fidelity_within,bookcorpus,bookcorpus,0.0006390261306696843
rand,fisher_pca_lloyd,fidelity_within_r,bookcorpus,bookcorpus,0.02534004692159079
rand,fisher_pca_lloyd,fidelity_within_insample,bookcorpus,bookcorpus,0.0006442365694221408
rand,fisher_pca_lloyd,triviality_ami_layer,bookcorpus,bookcorpus,-0.00028329068952522956
rand,fisher_pca_lloyd,triviality_ami_dimension,bookcorpus,bookcorpus,0.0010855671639117266
rand,fisher_pca_lloyd,triviality_ami_hubness,bookcorpus,bookcorpus,-0.0005627760930414873
rand,fisher_pca_lloyd,triviality_n_effective_networks,bookcorpus,bookcorpus,50.0
rand,fisher_pca_lloyd,triviality_median_max_membership,bookcorpus,bookcorpus,1.0
rand,fisher_pca_lloyd,triviality_frac_confident,bookcorpus,bookcorpus,1.0
pnull,nopca_lloyd,reliability_within,bookcorpus,bookcorpus,0.013573311623387877
pnull,nopca_lloyd,fidelity_within,bookcorpus,bookcorpus,0.03312807678436824
pnull,nopca_lloyd,fidelity_within_r,bookcorpus,bookcorpus,0.18201976514004412
pnull,nopca_lloyd,fidelity_within_insample,bookcorpus,bookcorpus,0.03330547782380444
pnull,nopca_lloyd,triviality_ami_layer,bookcorpus,bookcorpus,0.02784011484384522
pnull,nopca_lloyd,triviality_ami_dimension,bookcorpus,bookcorpus,0.050365609738678686
pnull,nopca_lloyd,triviality_ami_hubness,bookcorpus,bookcorpus,0.008226411882418589
pnull,nopca_lloyd,triviality_n_effective_networks,bookcorpus,bookcorpus,50.0
pnull,nopca_lloyd,triviality_median_max_membership,bookcorpus,bookcorpus,0.825
pnull,nopca_lloyd,triviality_frac_confident,bookcorpus,bookcorpus,0.8980368589743589
rand,nopca_lloyd,reliability_within,bookcorpus,bookcorpus,-4.7154728258787594e-05
rand,nopca_lloyd,fidelity_within,bookcorpus,bookcorpus,0.0006905292020249476
rand,nopca_lloyd,fidelity_within_r,bookcorpus,bookcorpus,0.026338275754743276
rand,nopca_lloyd,fidelity_within_insample,bookcorpus,bookcorpus,0.0006809025199827623
rand,nopca_lloyd,triviality_ami_layer,bookcorpus,bookcorpus,-0.0003361009384107747
rand,nopca_lloyd,triviality_ami_dimension,bookcorpus,bookcorpus,-0.0014256332702591403
rand,nopca_lloyd,triviality_ami_hubness,bookcorpus,bookcorpus,0.00015849065177691045
rand,nopca_lloyd,triviality_n_effective_networks,bookcorpus,bookcorpus,50.0
rand,nopca_lloyd,triviality_median_max_membership,bookcorpus,bookcorpus,1.0
rand,nopca_lloyd,triviality_frac_confident,bookcorpus,bookcorpus,1.0
pnull,vmf_lloyd,reliability_within,bookcorpus,bookcorpus,0.001977545168636818
pnull,vmf_lloyd,fidelity_within,bookcorpus,bookcorpus,0.0013682201309428432
pnull,vmf_lloyd,fidelity_within_r,bookcorpus,bookcorpus,0.03703156501332178
pnull,vmf_lloyd,fidelity_within_insample,bookcorpus,bookcorpus,0.001364411517991715
pnull,vmf_lloyd,triviality_ami_layer,bookcorpus,bookcorpus,0.023626890892822956
pnull,vmf_lloyd,triviality_ami_dimension,bookcorpus,bookcorpus,0.02323492744344346
pnull,vmf_lloyd,triviality_ami_hubness,bookcorpus,bookcorpus,0.0011539197729106294
pnull,vmf_lloyd,triviality_n_effective_networks,bookcorpus,bookcorpus,50.0
pnull,vmf_lloyd,triviality_median_max_membership,bookcorpus,bookcorpus,0.525
pnull,vmf_lloyd,triviality_frac_confident,bookcorpus,bookcorpus,0.5092147435897436
rand,vmf_lloyd,reliability_within,bookcorpus,bookcorpus,-4.253805512397288e-05
rand,vmf_lloyd,fidelity_within,bookcorpus,bookcorpus,0.001069095562116873
rand,vmf_lloyd,fidelity_within_r,bookcorpus,bookcorpus,0.0327442752710927
rand,vmf_lloyd,fidelity_within_insample,bookcorpus,bookcorpus,0.0010767377064496708
rand,vmf_lloyd,triviality_ami_layer,bookcorpus,bookcorpus,-0.00035496976900071923
rand,vmf_lloyd,triviality_ami_dimension,bookcorpus,bookcorpus,-0.0013672647825730838
rand,vmf_lloyd,triviality_ami_hubness,bookcorpus,bookcorpus,-0.0004522804553397285
rand,vmf_lloyd,triviality_n_effective_networks,bookcorpus,bookcorpus,50.0
rand,vmf_lloyd,triviality_median_max_membership,bookcorpus,bookcorpus,1.0
rand,vmf_lloyd,triviality_frac_confident,bookcorpus,bookcorpus,1.0
pnull,vmf_lloyd100,reliability_within,bookcorpus,bookcorpus,0.0037727058620792763
pnull,vmf_lloyd100,fidelity_within,bookcorpus,bookcorpus,0.0023001307772585466
pnull,vmf_lloyd100,fidelity_within_r,bookcorpus,bookcorpus,0.04799235969719209
pnull,vmf_lloyd100,fidelity_within_insample,bookcorpus,bookcorpus,0.0022911116027563017
pnull,vmf_lloyd100,triviality_ami_layer,bookcorpus,bookcorpus,0.02421060203607203
pnull,vmf_lloyd100,triviality_ami_dimension,bookcorpus,bookcorpus,0.01803485855709727
pnull,vmf_lloyd100,triviality_ami_hubness,bookcorpus,bookcorpus,0.0014848579798868334
pnull,vmf_lloyd100,triviality_n_effective_networks,bookcorpus,bookcorpus,95.0
pnull,vmf_lloyd100,triviality_median_max_membership,bookcorpus,bookcorpus,0.475
pnull,vmf_lloyd100,triviality_frac_confident,bookcorpus,bookcorpus,0.4231770833333333
rand,vmf_lloyd100,reliability_within,bookcorpus,bookcorpus,0.00010248259684482909
rand,vmf_lloyd100,fidelity_within,bookcorpus,bookcorpus,0.0012941756862416831
rand,vmf_lloyd100,fidelity_within_r,bookcorpus,bookcorpus,0.03601826061060805
rand,vmf_lloyd100,fidelity_within_insample,bookcorpus,bookcorpus,0.001286101661930994
rand,vmf_lloyd100,triviality_ami_layer,bookcorpus,bookcorpus,0.0014413773098621015
rand,vmf_lloyd100,triviality_ami_dimension,bookcorpus,bookcorpus,-0.00019852570081242796
rand,vmf_lloyd100,triviality_ami_hubness,bookcorpus,bookcorpus,0.0008854180976866091
rand,vmf_lloyd100,triviality_n_effective_networks,bookcorpus,bookcorpus,100.0
rand,vmf_lloyd100,triviality_median_max_membership,bookcorpus,bookcorpus,1.0
rand,vmf_lloyd100,triviality_frac_confident,bookcorpus,bookcorpus,1.0
pnull,vmf_ward,reliability_within,bookcorpus,bookcorpus,0.0031576391206768234
pnull,vmf_ward,fidelity_within,bookcorpus,bookcorpus,0.0014636445751297078
pnull,vmf_ward,fidelity_within_r,bookcorpus,bookcorpus,0.03829818951924753
pnull,vmf_ward,fidelity_within_insample,bookcorpus,bookcorpus,0.0014624762150279302
pnull,vmf_ward,triviality_ami_layer,bookcorpus,bookcorpus,0.022770737199676976
pnull,vmf_ward,triviality_ami_dimension,bookcorpus,bookcorpus,0.01714246290284961
pnull,vmf_ward,triviality_ami_hubness,bookcorpus,bookcorpus,0.0017943577516680751
pnull,vmf_ward,triviality_n_effective_networks,bookcorpus,bookcorpus,50.0
pnull,vmf_ward,triviality_median_max_membership,bookcorpus,bookcorpus,1.0
pnull,vmf_ward,triviality_frac_confident,bookcorpus,bookcorpus,1.0
rand,vmf_ward,reliability_within,bookcorpus,bookcorpus,-3.277720962140869e-05
rand,vmf_ward,fidelity_within,bookcorpus,bookcorpus,0.0007139871628535355
rand,vmf_ward,fidelity_within_r,bookcorpus,bookcorpus,0.02677834175138984
rand,vmf_ward,fidelity_within_insample,bookcorpus,bookcorpus,0.0007182740898079576
rand,vmf_ward,triviality_ami_layer,bookcorpus,bookcorpus,0.0004267918572061521
rand,vmf_ward,triviality_ami_dimension,bookcorpus,bookcorpus,0.0023942625501387586
rand,vmf_ward,triviality_ami_hubness,bookcorpus,bookcorpus,-0.000704033560535419
rand,vmf_ward,triviality_n_effective_networks,bookcorpus,bookcorpus,50.0
rand,vmf_ward,triviality_median_max_membership,bookcorpus,bookcorpus,1.0
rand,vmf_ward,triviality_frac_confident,bookcorpus,bookcorpus,1.0
pnull,vmf_ward100,reliability_within,bookcorpus,bookcorpus,0.007732756799902136
pnull,vmf_ward100,fidelity_within,bookcorpus,bookcorpus,0.0026818665298168343
pnull,vmf_ward100,fidelity_within_r,bookcorpus,bookcorpus,0.05181660486649631
pnull,vmf_ward100,fidelity_within_insample,bookcorpus,bookcorpus,0.0026894442371877547
pnull,vmf_ward100,triviality_ami_layer,bookcorpus,bookcorpus,0.023148410818488563
pnull,vmf_ward100,triviality_ami_dimension,bookcorpus,bookcorpus,0.015434182170866687
pnull,vmf_ward100,triviality_ami_hubness,bookcorpus,bookcorpus,0.001637096315201899
pnull,vmf_ward100,triviality_n_effective_networks,bookcorpus,bookcorpus,100.0
pnull,vmf_ward100,triviality_median_max_membership,bookcorpus,bookcorpus,1.0
pnull,vmf_ward100,triviality_frac_confident,bookcorpus,bookcorpus,1.0
rand,vmf_ward100,reliability_within,bookcorpus,bookcorpus,3.736057171029789e-05
rand,vmf_ward100,fidelity_within,bookcorpus,bookcorpus,0.0016856633185797776
rand,vmf_ward100,fidelity_within_r,bookcorpus,bookcorpus,0.04109488263654187
rand,vmf_ward100,fidelity_within_insample,bookcorpus,bookcorpus,0.0016794314705347313
rand,vmf_ward100,triviality_ami_layer,bookcorpus,bookcorpus,-0.0008973428055317128
rand,vmf_ward100,triviality_ami_dimension,bookcorpus,bookcorpus,0.00043591490228038016
rand,vmf_ward100,triviality_ami_hubness,bookcorpus,bookcorpus,-0.00023340465961991535
rand,vmf_ward100,triviality_n_effective_networks,bookcorpus,bookcorpus,100.0
rand,vmf_ward100,triviality_median_max_membership,bookcorpus,bookcorpus,1.0
rand,vmf_ward100,triviality_frac_confident,bookcorpus,bookcorpus,1.0
pnull,fisher_pca_lloyd,reliability_within,agnews,agnews,0.04755954743193045
pnull,fisher_pca_lloyd,fidelity_within,agnews,agnews,0.04367139422489841
pnull,fisher_pca_lloyd,fidelity_within_r,agnews,agnews,0.20900565113348393
pnull,fisher_pca_lloyd,fidelity_within_insample,agnews,agnews,0.04377120642558696
pnull,fisher_pca_lloyd,triviality_ami_layer,agnews,agnews,0.03960749421374696
pnull,fisher_pca_lloyd,triviality_ami_dimension,agnews,agnews,0.06413424571734974
pnull,fisher_pca_lloyd,triviality_ami_hubness,agnews,agnews,0.014931029942004114
pnull,fisher_pca_lloyd,triviality_n_effective_networks,agnews,agnews,50.0
pnull,fisher_pca_lloyd,triviality_median_max_membership,agnews,agnews,0.95
pnull,fisher_pca_lloyd,triviality_frac_confident,agnews,agnews,0.9202724358974359
rand,fisher_pca_lloyd,reliability_within,agnews,agnews,4.0026326790795175e-05
rand,fisher_pca_lloyd,fidelity_within,agnews,agnews,0.00027666397911318974
rand,fisher_pca_lloyd,fidelity_within_r,agnews,agnews,0.016980254705818473
rand,fisher_pca_lloyd,fidelity_within_insample,agnews,agnews,0.0002857491533551082
rand,fisher_pca_lloyd,triviality_ami_layer,agnews,agnews,-1.2360772838254491e-05
rand,fisher_pca_lloyd,triviality_ami_dimension,agnews,agnews,-0.0010246319462059474
rand,fisher_pca_lloyd,triviality_ami_hubness,agnews,agnews,0.0003188774097256326
rand,fisher_pca_lloyd,triviality_n_effective_networks,agnews,agnews,50.0
rand,fisher_pca_lloyd,triviality_median_max_membership,agnews,agnews,1.0
rand,fisher_pca_lloyd,triviality_frac_confident,agnews,agnews,1.0
pnull,nopca_lloyd,reliability_within,agnews,agnews,0.051122180683927404
pnull,nopca_lloyd,fidelity_within,agnews,agnews,0.04410241109648094
pnull,nopca_lloyd,fidelity_within_r,agnews,agnews,0.21003419312226904
pnull,nopca_lloyd,fidelity_within_insample,agnews,agnews,0.04419546055716739
pnull,nopca_lloyd,triviality_ami_layer,agnews,agnews,0.041493550130981494
pnull,nopca_lloyd,triviality_ami_dimension,agnews,agnews,0.06454109895423141
pnull,nopca_lloyd,triviality_ami_hubness,agnews,agnews,0.01541748620092532
pnull,nopca_lloyd,triviality_n_effective_networks,agnews,agnews,50.0
pnull,nopca_lloyd,triviality_median_max_membership,agnews,agnews,0.9
pnull,nopca_lloyd,triviality_frac_confident,agnews,agnews,0.9222756410256411
rand,nopca_lloyd,reliability_within,agnews,agnews,2.4754684508242108e-05
rand,nopca_lloyd,fidelity_within,agnews,agnews,0.0003108311081716497
rand,nopca_lloyd,fidelity_within_r,agnews,agnews,0.017958278202422837
rand,nopca_lloyd,fidelity_within_insample,agnews,agnews,0.00032420836588842317
rand,nopca_lloyd,triviality_ami_layer,agnews,agnews,0.0008582430281447857
rand,nopca_lloyd,triviality_ami_dimension,agnews,agnews,7.607893084136677e-05
rand,nopca_lloyd,triviality_ami_hubness,agnews,agnews,-4.50423284349156e-05
rand,nopca_lloyd,triviality_n_effective_networks,agnews,agnews,50.0
rand,nopca_lloyd,triviality_median_max_membership,agnews,agnews,1.0
rand,nopca_lloyd,triviality_frac_confident,agnews,agnews,1.0
pnull,vmf_lloyd,reliability_within,agnews,agnews,0.02350590821020212
pnull,vmf_lloyd,fidelity_within,agnews,agnews,0.0013547928088395444
pnull,vmf_lloyd,fidelity_within_r,agnews,agnews,0.036965727213616274
pnull,vmf_lloyd,fidelity_within_insample,agnews,agnews,0.0013691784276922414
pnull,vmf_lloyd,triviality_ami_layer,agnews,agnews,0.034029775136732776
pnull,vmf_lloyd,triviality_ami_dimension,agnews,agnews,0.0259651254351166
pnull,vmf_lloyd,triviality_ami_hubness,agnews,agnews,0.004652957590178148
pnull,vmf_lloyd,triviality_n_effective_networks,agnews,agnews,50.0
pnull,vmf_lloyd,triviality_median_max_membership,agnews,agnews,0.525
pnull,vmf_lloyd,triviality_frac_confident,agnews,agnews,0.5210336538461539
rand,vmf_lloyd,reliability_within,agnews,agnews,0.00014772657884504057
rand,vmf_lloyd,fidelity_within,agnews,agnews,0.00018267193087129208
rand,vmf_lloyd,fidelity_within_r,agnews,agnews,0.01394070704217791
rand,vmf_lloyd,fidelity_within_insample,agnews,agnews,0.00019630347465005027
rand,vmf_lloyd,triviality_ami_layer,agnews,agnews,-8.078394400549579e-05
rand,vmf_lloyd,triviality_ami_dimension,agnews,agnews,-0.0005641393124955148
rand,vmf_lloyd,triviality_ami_hubness,agnews,agnews,0.0009052098074414742
rand,vmf_lloyd,triviality_n_effective_networks,agnews,agnews,50.0
rand,vmf_lloyd,triviality_median_max_membership,agnews,agnews,1.0
rand,vmf_lloyd,triviality_frac_confident,agnews,agnews,1.0
pnull,vmf_lloyd100,reliability_within,agnews,agnews,0.04423987456757847
pnull,vmf_lloyd100,fidelity_within,agnews,agnews,0.0020064442926932546
pnull,vmf_lloyd100,fidelity_within_r,agnews,agnews,0.04492371924949874
pnull,vmf_lloyd100,fidelity_within_insample,agnews,agnews,0.002027983379583209
pnull,vmf_lloyd100,triviality_ami_layer,agnews,agnews,0.031005918347815388
pnull,vmf_lloyd100,triviality_ami_dimension,agnews,agnews,0.021097964316829747
pnull,vmf_lloyd100,triviality_ami_hubness,agnews,agnews,0.004582775534458889
pnull,vmf_lloyd100,triviality_n_effective_networks,agnews,agnews,94.0
pnull,vmf_lloyd100,triviality_median_max_membership,agnews,agnews,0.475
pnull,vmf_lloyd100,triviality_frac_confident,agnews,agnews,0.4092548076923077
rand,vmf_lloyd100,reliability_within,agnews,agnews,1.4261021133962816e-05
rand,vmf_lloyd100,fidelity_within,agnews,agnews,0.0005087556760470235
rand,vmf_lloyd100,fidelity_within_r,agnews,agnews,0.022813066842439257
rand,vmf_lloyd100,fidelity_within_insample,agnews,agnews,0.0005247908201256868
rand,vmf_lloyd100,triviality_ami_layer,agnews,agnews,-0.00047205337949042357
rand,vmf_lloyd100,triviality_ami_dimension,agnews,agnews,0.0005685789248700085
rand,vmf_lloyd100,triviality_ami_hubness,agnews,agnews,-0.00032618432447211463
rand,vmf_lloyd100,triviality_n_effective_networks,agnews,agnews,100.0
rand,vmf_lloyd100,triviality_median_max_membership,agnews,agnews,1.0
rand,vmf_lloyd100,triviality_frac_confident,agnews,agnews,1.0
pnull,vmf_ward,reliability_within,agnews,agnews,0.021865381502365507
pnull,vmf_ward,fidelity_within,agnews,agnews,0.0017498239774489388
pnull,vmf_ward,fidelity_within_r,agnews,agnews,0.041970732320363614
pnull,vmf_ward,fidelity_within_insample,agnews,agnews,0.0017755864552404521
pnull,vmf_ward,triviality_ami_layer,agnews,agnews,0.030147644305952737
pnull,vmf_ward,triviality_ami_dimension,agnews,agnews,0.024518375392886402
pnull,vmf_ward,triviality_ami_hubness,agnews,agnews,0.004270651130912836
pnull,vmf_ward,triviality_n_effective_networks,agnews,agnews,50.0
pnull,vmf_ward,triviality_median_max_membership,agnews,agnews,1.0
pnull,vmf_ward,triviality_frac_confident,agnews,agnews,1.0
rand,vmf_ward,reliability_within,agnews,agnews,-4.929691693355053e-05
rand,vmf_ward,fidelity_within,agnews,agnews,0.0002452139962046962
rand,vmf_ward,fidelity_within_r,agnews,agnews,0.016029538113909243
rand,vmf_ward,fidelity_within_insample,agnews,agnews,0.00026459259052580286
rand,vmf_ward,triviality_ami_layer,agnews,agnews,0.0006586077353802026
rand,vmf_ward,triviality_ami_dimension,agnews,agnews,-0.0009104594854787317
rand,vmf_ward,triviality_ami_hubness,agnews,agnews,-0.0002607992914337695
rand,vmf_ward,triviality_n_effective_networks,agnews,agnews,50.0
rand,vmf_ward,triviality_median_max_membership,agnews,agnews,1.0
rand,vmf_ward,triviality_frac_confident,agnews,agnews,1.0
pnull,vmf_ward100,reliability_within,agnews,agnews,0.03299804985741154
pnull,vmf_ward100,fidelity_within,agnews,agnews,0.0025675450695394897
pnull,vmf_ward100,fidelity_within_r,agnews,agnews,0.050786084439974725
pnull,vmf_ward100,fidelity_within_insample,agnews,agnews,0.0025846223630950904
pnull,vmf_ward100,triviality_ami_layer,agnews,agnews,0.032705807561082434
pnull,vmf_ward100,triviality_ami_dimension,agnews,agnews,0.021665286563146455
pnull,vmf_ward100,triviality_ami_hubness,agnews,agnews,0.004973144175483685
pnull,vmf_ward100,triviality_n_effective_networks,agnews,agnews,100.0
pnull,vmf_ward100,triviality_median_max_membership,agnews,agnews,1.0
pnull,vmf_ward100,triviality_frac_confident,agnews,agnews,1.0
rand,vmf_ward100,reliability_within,agnews,agnews,1.2727642101691257e-05
rand,vmf_ward100,fidelity_within,agnews,agnews,0.0006297627641979053
rand,vmf_ward100,fidelity_within_r,agnews,agnews,0.025329575950957865
rand,vmf_ward100,fidelity_within_insample,agnews,agnews,0.0006193345020363283
rand,vmf_ward100,triviality_ami_layer,agnews,agnews,-0.0007293572621157102
rand,vmf_ward100,triviality_ami_dimension,agnews,agnews,-0.0009933484824519404
rand,vmf_ward100,triviality_ami_hubness,agnews,agnews,-0.0002881583044976437
rand,vmf_ward100,triviality_n_effective_networks,agnews,agnews,100.0
rand,vmf_ward100,triviality_median_max_membership,agnews,agnews,1.0
rand,vmf_ward100,triviality_frac_confident,agnews,agnews,1.0
pnull,fisher_pca_lloyd,reliability_within,tldr17,tldr17,0.06269810344347153
pnull,fisher_pca_lloyd,fidelity_within,tldr17,tldr17,0.04629805563378897
pnull,fisher_pca_lloyd,fidelity_within_r,tldr17,tldr17,0.21525855697700533
pnull,fisher_pca_lloyd,fidelity_within_insample,tldr17,tldr17,0.046700543789983784
pnull,fisher_pca_lloyd,triviality_ami_layer,tldr17,tldr17,0.16952377626425938
pnull,fisher_pca_lloyd,triviality_ami_dimension,tldr17,tldr17,0.04984893266398245
pnull,fisher_pca_lloyd,triviality_ami_hubness,tldr17,tldr17,0.021592308602637857
pnull,fisher_pca_lloyd,triviality_n_effective_networks,tldr17,tldr17,50.0
pnull,fisher_pca_lloyd,triviality_median_max_membership,tldr17,tldr17,0.725
pnull,fisher_pca_lloyd,triviality_frac_confident,tldr17,tldr17,0.8452524038461539
rand,fisher_pca_lloyd,reliability_within,tldr17,tldr17,-0.00012216281701506274
rand,fisher_pca_lloyd,fidelity_within,tldr17,tldr17,0.0006965694805929346
rand,fisher_pca_lloyd,fidelity_within_r,tldr17,tldr17,0.02704877755170346
rand,fisher_pca_lloyd,fidelity_within_insample,tldr17,tldr17,0.0007495958086398691
rand,fisher_pca_lloyd,triviality_ami_layer,tldr17,tldr17,8.225573859643132e-05
rand,fisher_pca_lloyd,triviality_ami_dimension,tldr17,tldr17,2.776934523589215e-05
rand,fisher_pca_lloyd,triviality_ami_hubness,tldr17,tldr17,0.0007201521202881822
rand,fisher_pca_lloyd,triviality_n_effective_networks,tldr17,tldr17,50.0
rand,fisher_pca_lloyd,triviality_median_max_membership,tldr17,tldr17,1.0
rand,fisher_pca_lloyd,triviality_frac_confident,tldr17,tldr17,1.0
pnull,nopca_lloyd,reliability_within,tldr17,tldr17,0.06793842316168663
pnull,nopca_lloyd,fidelity_within,tldr17,tldr17,0.04633817973959542
pnull,nopca_lloyd,fidelity_within_r,tldr17,tldr17,0.21535202901170009
pnull,nopca_lloyd,fidelity_within_insample,tldr17,tldr17,0.04675548583395561
pnull,nopca_lloyd,triviality_ami_layer,tldr17,tldr17,0.166870747516232
pnull,nopca_lloyd,triviality_ami_dimension,tldr17,tldr17,0.047609066465610556
pnull,nopca_lloyd,triviality_ami_hubness,tldr17,tldr17,0.02136926468202359
pnull,nopca_lloyd,triviality_n_effective_networks,tldr17,tldr17,50.0
pnull,nopca_lloyd,triviality_median_max_membership,tldr17,tldr17,0.675
pnull,nopca_lloyd,triviality_frac_confident,tldr17,tldr17,0.8720953525641025
rand,nopca_lloyd,reliability_within,tldr17,tldr17,-1.670411259341504e-05
rand,nopca_lloyd,fidelity_within,tldr17,tldr17,0.00043644162185507707
rand,nopca_lloyd,fidelity_within_r,tldr17,tldr17,0.021717207253471198
rand,nopca_lloyd,fidelity_within_insample,tldr17,tldr17,0.0004926263018473209
rand,nopca_lloyd,triviality_ami_layer,tldr17,tldr17,-0.0002791901141109006
rand,nopca_lloyd,triviality_ami_dimension,tldr17,tldr17,0.0009365316819239451
rand,nopca_lloyd,triviality_ami_hubness,tldr17,tldr17,6.221208151537824e-05
rand,nopca_lloyd,triviality_n_effective_networks,tldr17,tldr17,50.0
rand,nopca_lloyd,triviality_median_max_membership,tldr17,tldr17,1.0
rand,nopca_lloyd,triviality_frac_confident,tldr17,tldr17,1.0
pnull,vmf_lloyd,reliability_within,tldr17,tldr17,0.026024975870699185
pnull,vmf_lloyd,fidelity_within,tldr17,tldr17,0.005884478168764251
pnull,vmf_lloyd,fidelity_within_r,tldr17,tldr17,0.07697880366421837
pnull,vmf_lloyd,fidelity_within_insample,tldr17,tldr17,0.006264574751076446
pnull,vmf_lloyd,triviality_ami_layer,tldr17,tldr17,0.10464970584374593
pnull,vmf_lloyd,triviality_ami_dimension,tldr17,tldr17,0.03103686926569217
pnull,vmf_lloyd,triviality_ami_hubness,tldr17,tldr17,0.006447038099053436
pnull,vmf_lloyd,triviality_n_effective_networks,tldr17,tldr17,47.0
pnull,vmf_lloyd,triviality_median_max_membership,tldr17,tldr17,0.55
pnull,vmf_lloyd,triviality_frac_confident,tldr17,tldr17,0.5727163461538461
rand,vmf_lloyd,reliability_within,tldr17,tldr17,8.551093919958377e-05
rand,vmf_lloyd,fidelity_within,tldr17,tldr17,0.00026021350580962554
rand,vmf_lloyd,fidelity_within_r,tldr17,tldr17,0.017181785554563993
rand,vmf_lloyd,fidelity_within_insample,tldr17,tldr17,0.0003054169495371184
rand,vmf_lloyd,triviality_ami_layer,tldr17,tldr17,-0.0007834838912692099
rand,vmf_lloyd,triviality_ami_dimension,tldr17,tldr17,0.0008152196701198551
rand,vmf_lloyd,triviality_ami_hubness,tldr17,tldr17,-0.0005136582806409096
rand,vmf_lloyd,triviality_n_effective_networks,tldr17,tldr17,50.0
rand,vmf_lloyd,triviality_median_max_membership,tldr17,tldr17,1.0
rand,vmf_lloyd,triviality_frac_confident,tldr17,tldr17,1.0
pnull,vmf_lloyd100,reliability_within,tldr17,tldr17,0.011663904754193762
pnull,vmf_lloyd100,fidelity_within,tldr17,tldr17,0.006350481277927034
pnull,vmf_lloyd100,fidelity_within_r,tldr17,tldr17,0.079947190609421
pnull,vmf_lloyd100,fidelity_within_insample,tldr17,tldr17,0.006735020156487415
pnull,vmf_lloyd100,triviality_ami_layer,tldr17,tldr17,0.09668973729301797
pnull,vmf_lloyd100,triviality_ami_dimension,tldr17,tldr17,0.025965588750251817
pnull,vmf_lloyd100,triviality_ami_hubness,tldr17,tldr17,0.006397256889400987
pnull,vmf_lloyd100,triviality_n_effective_networks,tldr17,tldr17,91.0
pnull,vmf_lloyd100,triviality_median_max_membership,tldr17,tldr17,0.475
pnull,vmf_lloyd100,triviality_frac_confident,tldr17,tldr17,0.4007411858974359
rand,vmf_lloyd100,reliability_within,tldr17,tldr17,3.4605350039630777e-05
rand,vmf_lloyd100,fidelity_within,tldr17,tldr17,0.0009447560476065764
rand,vmf_lloyd100,fidelity_within_r,tldr17,tldr17,0.03130906862171304
rand,vmf_lloyd100,fidelity_within_insample,tldr17,tldr17,0.0010217459094626902
rand,vmf_lloyd100,triviality_ami_layer,tldr17,tldr17,0.000509880711400453
rand,vmf_lloyd100,triviality_ami_dimension,tldr17,tldr17,-4.546709529831128e-05
rand,vmf_lloyd100,triviality_ami_hubness,tldr17,tldr17,-0.00041050470154295476
rand,vmf_lloyd100,triviality_n_effective_networks,tldr17,tldr17,100.0
rand,vmf_lloyd100,triviality_median_max_membership,tldr17,tldr17,1.0
rand,vmf_lloyd100,triviality_frac_confident,tldr17,tldr17,1.0
pnull,vmf_ward,reliability_within,tldr17,tldr17,0.007982479545633766
pnull,vmf_ward,fidelity_within,tldr17,tldr17,0.006538533604346974
pnull,vmf_ward,fidelity_within_r,tldr17,tldr17,0.08110312122719784
pnull,vmf_ward,fidelity_within_insample,tldr17,tldr17,0.006856905468132446
pnull,vmf_ward,triviality_ami_layer,tldr17,tldr17,0.08507998364722517
pnull,vmf_ward,triviality_ami_dimension,tldr17,tldr17,0.024883220063354545
pnull,vmf_ward,triviality_ami_hubness,tldr17,tldr17,0.006080156108633366
pnull,vmf_ward,triviality_n_effective_networks,tldr17,tldr17,50.0
pnull,vmf_ward,triviality_median_max_membership,tldr17,tldr17,1.0
pnull,vmf_ward,triviality_frac_confident,tldr17,tldr17,1.0
rand,vmf_ward,reliability_within,tldr17,tldr17,9.07792445024295e-05
rand,vmf_ward,fidelity_within,tldr17,tldr17,0.0002976359975416232
rand,vmf_ward,fidelity_within_r,tldr17,tldr17,0.018235345628574026
rand,vmf_ward,fidelity_within_insample,tldr17,tldr17,0.0003359479207311056
rand,vmf_ward,triviality_ami_layer,tldr17,tldr17,-0.0003618976037058552
rand,vmf_ward,triviality_ami_dimension,tldr17,tldr17,0.0022355850789508563
rand,vmf_ward,triviality_ami_hubness,tldr17,tldr17,0.0003990967483847778
rand,vmf_ward,triviality_n_effective_networks,tldr17,tldr17,50.0
rand,vmf_ward,triviality_median_max_membership,tldr17,tldr17,1.0
rand,vmf_ward,triviality_frac_confident,tldr17,tldr17,1.0
pnull,vmf_ward100,reliability_within,tldr17,tldr17,0.012164041136500086
pnull,vmf_ward100,fidelity_within,tldr17,tldr17,0.007936093887124462
pnull,vmf_ward100,fidelity_within_r,tldr17,tldr17,0.08930769314203554
pnull,vmf_ward100,fidelity_within_insample,tldr17,tldr17,0.008301056315833222
pnull,vmf_ward100,triviality_ami_layer,tldr17,tldr17,0.08406403909963163
pnull,vmf_ward100,triviality_ami_dimension,tldr17,tldr17,0.020912500141687388
pnull,vmf_ward100,triviality_ami_hubness,tldr17,tldr17,0.005964711730100827
pnull,vmf_ward100,triviality_n_effective_networks,tldr17,tldr17,100.0
pnull,vmf_ward100,triviality_median_max_membership,tldr17,tldr17,1.0
pnull,vmf_ward100,triviality_frac_confident,tldr17,tldr17,1.0
rand,vmf_ward100,reliability_within,tldr17,tldr17,7.4729663365394915e-06
rand,vmf_ward100,fidelity_within,tldr17,tldr17,0.0008647610349866719
rand,vmf_ward100,fidelity_within_r,tldr17,tldr17,0.030002705752805305
rand,vmf_ward100,fidelity_within_insample,tldr17,tldr17,0.0009363122719699968
rand,vmf_ward100,triviality_ami_layer,tldr17,tldr17,-0.0006700607922960635
rand,vmf_ward100,triviality_ami_dimension,tldr17,tldr17,-0.000847204601932518
rand,vmf_ward100,triviality_ami_hubness,tldr17,tldr17,0.0005659823393343957
rand,vmf_ward100,triviality_n_effective_networks,tldr17,tldr17,100.0
rand,vmf_ward100,triviality_median_max_membership,tldr17,tldr17,1.0
rand,vmf_ward100,triviality_frac_confident,tldr17,tldr17,1.0
pnull,fisher_pca_lloyd,fidelity_across_halves,wikitext,bookcorpus,0.17823648945352044
pnull,fisher_pca_lloyd,reliability_across_halves,wikitext,bookcorpus,0.013957476638352739
rand,fisher_pca_lloyd,fidelity_across_halves,wikitext,bookcorpus,0.01636110733252989
rand,fisher_pca_lloyd,reliability_across_halves,wikitext,bookcorpus,-8.654471348971878e-05
pnull,nopca_lloyd,fidelity_across_halves,wikitext,bookcorpus,0.17728178628174496
pnull,nopca_lloyd,reliability_across_halves,wikitext,bookcorpus,0.01713868068986632
rand,nopca_lloyd,fidelity_across_halves,wikitext,bookcorpus,0.017146043543057342
rand,nopca_lloyd,reliability_across_halves,wikitext,bookcorpus,-5.940832260234254e-06
pnull,vmf_lloyd,fidelity_across_halves,wikitext,bookcorpus,0.047912930076255605
pnull,vmf_lloyd,reliability_across_halves,wikitext,bookcorpus,0.0032475610237422585
rand,vmf_lloyd,fidelity_across_halves,wikitext,bookcorpus,0.017087726351658845
rand,vmf_lloyd,reliability_across_halves,wikitext,bookcorpus,-5.5211914936521853e-05
pnull,vmf_lloyd100,fidelity_across_halves,wikitext,bookcorpus,0.04752987773411008
pnull,vmf_lloyd100,reliability_across_halves,wikitext,bookcorpus,0.004997476899036502
rand,vmf_lloyd100,fidelity_across_halves,wikitext,bookcorpus,0.021534075230810246
rand,vmf_lloyd100,reliability_across_halves,wikitext,bookcorpus,3.989411201823784e-05
pnull,vmf_ward,fidelity_across_halves,wikitext,bookcorpus,0.04886853662962866
pnull,vmf_ward,reliability_across_halves,wikitext,bookcorpus,0.0071167133492611905
rand,vmf_ward,fidelity_across_halves,wikitext,bookcorpus,0.018402428832614694
rand,vmf_ward,reliability_across_halves,wikitext,bookcorpus,-5.766789796063962e-05
pnull,vmf_ward100,fidelity_across_halves,wikitext,bookcorpus,0.06379751987691092
pnull,vmf_ward100,reliability_across_halves,wikitext,bookcorpus,0.01071977773494151
rand,vmf_ward100,fidelity_across_halves,wikitext,bookcorpus,0.028945878446245608
rand,vmf_ward100,reliability_across_halves,wikitext,bookcorpus,0.00010382631776579399
pnull,fisher_pca_lloyd,fidelity_across_halves,wikitext,agnews,0.20354800918496022
pnull,fisher_pca_lloyd,reliability_across_halves,wikitext,agnews,0.032232524665538456
rand,fisher_pca_lloyd,fidelity_across_halves,wikitext,agnews,0.006260748464457188
rand,fisher_pca_lloyd,reliability_across_halves,wikitext,agnews,3.6805204324550305e-05
pnull,nopca_lloyd,fidelity_across_halves,wikitext,agnews,0.2027835556330453
pnull,nopca_lloyd,reliability_across_halves,wikitext,agnews,0.061598317051792265
rand,nopca_lloyd,fidelity_across_halves,wikitext,agnews,0.014705310441605073
rand,nopca_lloyd,reliability_across_halves,wikitext,agnews,2.021016476242027e-05
pnull,vmf_lloyd,fidelity_across_halves,wikitext,agnews,0.05965584990245688
pnull,vmf_lloyd,reliability_across_halves,wikitext,agnews,0.015547731624467374
rand,vmf_lloyd,fidelity_across_halves,wikitext,agnews,0.011484878264771781
rand,vmf_lloyd,reliability_across_halves,wikitext,agnews,-3.140481954579284e-05
pnull,vmf_lloyd100,fidelity_across_halves,wikitext,agnews,0.05714343196630268
pnull,vmf_lloyd100,reliability_across_halves,wikitext,agnews,0.021374096016101622
rand,vmf_lloyd100,fidelity_across_halves,wikitext,agnews,0.014909916863223734
rand,vmf_lloyd100,reliability_across_halves,wikitext,agnews,0.00010899625391585721
pnull,vmf_ward,fidelity_across_halves,wikitext,agnews,0.056088197563506366
pnull,vmf_ward,reliability_across_halves,wikitext,agnews,0.013921367412089995
rand,vmf_ward,fidelity_across_halves,wikitext,agnews,0.010337701540156063
rand,vmf_ward,reliability_across_halves,wikitext,agnews,6.112183644097237e-05
pnull,vmf_ward100,fidelity_across_halves,wikitext,agnews,0.07156109011547339
pnull,vmf_ward100,reliability_across_halves,wikitext,agnews,0.028318497532500896
rand,vmf_ward100,fidelity_across_halves,wikitext,agnews,0.015920217009471944
rand,vmf_ward100,reliability_across_halves,wikitext,agnews,7.92862332347999e-05
pnull,fisher_pca_lloyd,fidelity_across_halves,wikitext,tldr17,0.2042789431841973
pnull,fisher_pca_lloyd,reliability_across_halves,wikitext,tldr17,0.047294112904612884
rand,fisher_pca_lloyd,fidelity_across_halves,wikitext,tldr17,0.006853527139817965
rand,fisher_pca_lloyd,reliability_across_halves,wikitext,tldr17,-4.665532060427018e-05
pnull,nopca_lloyd,fidelity_across_halves,wikitext,tldr17,0.20514151156161275
pnull,nopca_lloyd,reliability_across_halves,wikitext,tldr17,0.07503407903780554
rand,nopca_lloyd,fidelity_across_halves,wikitext,tldr17,0.01514681498598612
rand,nopca_lloyd,reliability_across_halves,wikitext,tldr17,-2.433653879087644e-05
pnull,vmf_lloyd,fidelity_across_halves,wikitext,tldr17,0.06245729137262979
pnull,vmf_lloyd,reliability_across_halves,wikitext,tldr17,0.021218964292641477
rand,vmf_lloyd,fidelity_across_halves,wikitext,tldr17,0.011818471227195274
rand,vmf_lloyd,reliability_across_halves,wikitext,tldr17,-3.27947132805657e-05
pnull,vmf_lloyd100,fidelity_across_halves,wikitext,tldr17,0.0608786539975222
pnull,vmf_lloyd100,reliability_across_halves,wikitext,tldr17,0.01054147975495686
rand,vmf_lloyd100,fidelity_across_halves,wikitext,tldr17,0.011015601746213135
rand,vmf_lloyd100,reliability_across_halves,wikitext,tldr17,0.0001089238359013991
pnull,vmf_ward,fidelity_across_halves,wikitext,tldr17,0.05945788649911024
pnull,vmf_ward,reliability_across_halves,wikitext,tldr17,0.007642193401559569
rand,vmf_ward,fidelity_across_halves,wikitext,tldr17,0.01197857943542755
rand,vmf_ward,reliability_across_halves,wikitext,tldr17,-3.332458163145082e-06
pnull,vmf_ward100,fidelity_across_halves,wikitext,tldr17,0.07332146723537672
pnull,vmf_ward100,reliability_across_halves,wikitext,tldr17,0.01254839514705157
rand,vmf_ward100,fidelity_across_halves,wikitext,tldr17,0.017539344023804384
rand,vmf_ward100,reliability_across_halves,wikitext,tldr17,-5.568901636232672e-05
pnull,fisher_pca_lloyd,fidelity_across_halves,bookcorpus,wikitext,0.19370441936373295
pnull,fisher_pca_lloyd,reliability_across_halves,bookcorpus,wikitext,0.01580906144939864
rand,fisher_pca_lloyd,fidelity_across_halves,bookcorpus,wikitext,0.016868025466939128
rand,fisher_pca_lloyd,reliability_across_halves,bookcorpus,wikitext,0.000127434406923421
pnull,nopca_lloyd,fidelity_across_halves,bookcorpus,wikitext,0.19414972753325896
pnull,nopca_lloyd,reliability_across_halves,bookcorpus,wikitext,0.018103205343312573
rand,nopca_lloyd,fidelity_across_halves,bookcorpus,wikitext,0.012752101519227527
rand,nopca_lloyd,reliability_across_halves,bookcorpus,wikitext,-2.901778230926395e-05
pnull,vmf_lloyd,fidelity_across_halves,bookcorpus,wikitext,0.019183001726147893
pnull,vmf_lloyd,reliability_across_halves,bookcorpus,wikitext,0.004239127052258663
rand,vmf_lloyd,fidelity_across_halves,bookcorpus,wikitext,0.018069073424982974
rand,vmf_lloyd,reliability_across_halves,bookcorpus,wikitext,-0.00014988445630903746
pnull,vmf_lloyd100,fidelity_across_halves,bookcorpus,wikitext,0.02876085262351514
pnull,vmf_lloyd100,reliability_across_halves,bookcorpus,wikitext,0.005774287592733635
rand,vmf_lloyd100,fidelity_across_halves,bookcorpus,wikitext,0.02008081343317891
rand,vmf_lloyd100,reliability_across_halves,bookcorpus,wikitext,6.046272213505266e-06
pnull,vmf_ward,fidelity_across_halves,bookcorpus,wikitext,0.029472158384746757
pnull,vmf_ward,reliability_across_halves,bookcorpus,wikitext,0.005085125147830138
rand,vmf_ward,fidelity_across_halves,bookcorpus,wikitext,0.0179644033261315
rand,vmf_ward,reliability_across_halves,bookcorpus,wikitext,-0.00021712740079178936
pnull,vmf_ward100,fidelity_across_halves,bookcorpus,wikitext,0.042404083379521076
pnull,vmf_ward100,reliability_across_halves,bookcorpus,wikitext,0.008200450197682868
rand,vmf_ward100,fidelity_across_halves,bookcorpus,wikitext,0.02402782577364303
rand,vmf_ward100,reliability_across_halves,bookcorpus,wikitext,-3.632225716306056e-05
pnull,fisher_pca_lloyd,fidelity_across_halves,bookcorpus,agnews,0.19587498421211427
pnull,fisher_pca_lloyd,reliability_across_halves,bookcorpus,agnews,0.028097140263783505
rand,fisher_pca_lloyd,fidelity_across_halves,bookcorpus,agnews,0.006568916063721676
rand,fisher_pca_lloyd,reliability_across_halves,bookcorpus,agnews,8.101967593629146e-06
pnull,nopca_lloyd,fidelity_across_halves,bookcorpus,agnews,0.196273876240542
pnull,nopca_lloyd,reliability_across_halves,bookcorpus,agnews,0.030466200511393655
rand,nopca_lloyd,fidelity_across_halves,bookcorpus,agnews,0.008192949794760443
rand,nopca_lloyd,reliability_across_halves,bookcorpus,agnews,-3.310413431752262e-05
pnull,vmf_lloyd,fidelity_across_halves,bookcorpus,agnews,0.008589749981522357
pnull,vmf_lloyd,reliability_across_halves,bookcorpus,agnews,0.013855617169118341
rand,vmf_lloyd,fidelity_across_halves,bookcorpus,agnews,0.01035486042091685
rand,vmf_lloyd,reliability_across_halves,bookcorpus,agnews,6.582568612408225e-05
pnull,vmf_lloyd100,fidelity_across_halves,bookcorpus,agnews,0.019943668217429267
pnull,vmf_lloyd100,reliability_across_halves,bookcorpus,agnews,0.02251127836124675
rand,vmf_lloyd100,fidelity_across_halves,bookcorpus,agnews,0.01045339020028864
rand,vmf_lloyd100,reliability_across_halves,bookcorpus,agnews,-6.166148265824317e-05
pnull,vmf_ward,fidelity_across_halves,bookcorpus,agnews,0.02041676355801268
pnull,vmf_ward,reliability_across_halves,bookcorpus,agnews,0.010236941916969798
rand,vmf_ward,fidelity_across_halves,bookcorpus,agnews,0.007946206382681759
rand,vmf_ward,reliability_across_halves,bookcorpus,agnews,9.845822412302024e-05
pnull,vmf_ward100,fidelity_across_halves,bookcorpus,agnews,0.034675004787903675
pnull,vmf_ward100,reliability_across_halves,bookcorpus,agnews,0.019772666091705776
rand,vmf_ward100,fidelity_across_halves,bookcorpus,agnews,0.014210895864786981
rand,vmf_ward100,reliability_across_halves,bookcorpus,agnews,0.0001942080214388448
pnull,fisher_pca_lloyd,fidelity_across_halves,bookcorpus,tldr17,0.19923532898957633
pnull,fisher_pca_lloyd,reliability_across_halves,bookcorpus,tldr17,0.018105552367104753
rand,fisher_pca_lloyd,fidelity_across_halves,bookcorpus,tldr17,0.00915833014656615
rand,fisher_pca_lloyd,reliability_across_halves,bookcorpus,tldr17,7.589097381099364e-05
pnull,nopca_lloyd,fidelity_across_halves,bookcorpus,tldr17,0.19993596788514145
pnull,nopca_lloyd,reliability_across_halves,bookcorpus,tldr17,0.023735494364297408
rand,nopca_lloyd,fidelity_across_halves,bookcorpus,tldr17,0.01191618002945276
rand,nopca_lloyd,reliability_across_halves,bookcorpus,tldr17,-2.5355135757539267e-05
pnull,vmf_lloyd,fidelity_across_halves,bookcorpus,tldr17,0.01473572639758756
pnull,vmf_lloyd,reliability_across_halves,bookcorpus,tldr17,0.002842415878397635
rand,vmf_lloyd,fidelity_across_halves,bookcorpus,tldr17,0.016542943670923245
rand,vmf_lloyd,reliability_across_halves,bookcorpus,tldr17,-2.8910402602193004e-05
pnull,vmf_lloyd100,fidelity_across_halves,bookcorpus,tldr17,0.024700367536172847
pnull,vmf_lloyd100,reliability_across_halves,bookcorpus,tldr17,0.0035940342419573754
rand,vmf_lloyd100,fidelity_across_halves,bookcorpus,tldr17,0.015895880125963713
rand,vmf_lloyd100,reliability_across_halves,bookcorpus,tldr17,5.110020248042068e-05
pnull,vmf_ward,fidelity_across_halves,bookcorpus,tldr17,0.026234903045921444
pnull,vmf_ward,reliability_across_halves,bookcorpus,tldr17,0.006056766727629129
rand,vmf_ward,fidelity_across_halves,bookcorpus,tldr17,0.011511943085632987
rand,vmf_ward,reliability_across_halves,bookcorpus,tldr17,5.207287820914572e-05
pnull,vmf_ward100,fidelity_across_halves,bookcorpus,tldr17,0.04092259600908511
pnull,vmf_ward100,reliability_across_halves,bookcorpus,tldr17,0.00834690174377438
rand,vmf_ward100,fidelity_across_halves,bookcorpus,tldr17,0.018796177408265013
rand,vmf_ward100,reliability_across_halves,bookcorpus,tldr17,0.00016606384254286128
pnull,fisher_pca_lloyd,fidelity_across_halves,agnews,wikitext,0.19615473547577825
pnull,fisher_pca_lloyd,reliability_across_halves,agnews,wikitext,0.036445898915977215
rand,fisher_pca_lloyd,fidelity_across_halves,agnews,wikitext,0.014954503577696534
rand,fisher_pca_lloyd,reliability_across_halves,agnews,wikitext,-1.7355625978427167e-05
pnull,nopca_lloyd,fidelity_across_halves,agnews,wikitext,0.19667263350684172
pnull,nopca_lloyd,reliability_across_halves,agnews,wikitext,0.04776128042525697
rand,nopca_lloyd,fidelity_across_halves,agnews,wikitext,0.014046012590492788
rand,nopca_lloyd,reliability_across_halves,agnews,wikitext,-2.7621538957472796e-05
pnull,vmf_lloyd,fidelity_across_halves,agnews,wikitext,0.02614272589720405
pnull,vmf_lloyd,reliability_across_halves,agnews,wikitext,0.012771242297253085
rand,vmf_lloyd,fidelity_across_halves,agnews,wikitext,0.01252941135661
rand,vmf_lloyd,reliability_across_halves,agnews,wikitext,1.7905199180555904e-06
pnull,vmf_lloyd100,fidelity_across_halves,agnews,wikitext,0.03444517403521585
pnull,vmf_lloyd100,reliability_across_halves,agnews,wikitext,0.0196394565630008
rand,vmf_lloyd100,fidelity_across_halves,agnews,wikitext,0.015997808645279523
rand,vmf_lloyd100,reliability_across_halves,agnews,wikitext,-8.754387793143285e-06
pnull,vmf_ward,fidelity_across_halves,agnews,wikitext,0.027828686470753625
pnull,vmf_ward,reliability_across_halves,agnews,wikitext,0.010535889319679047
rand,vmf_ward,fidelity_across_halves,agnews,wikitext,0.013101399831562657
rand,vmf_ward,reliability_across_halves,agnews,wikitext,0.00018416327789794857
pnull,vmf_ward100,fidelity_across_halves,agnews,wikitext,0.03724417747511016
pnull,vmf_ward100,reliability_across_halves,agnews,wikitext,0.01670660974517836
rand,vmf_ward100,fidelity_across_halves,agnews,wikitext,0.020666774828147928
rand,vmf_ward100,reliability_across_halves,agnews,wikitext,-0.00015016229814333778
pnull,fisher_pca_lloyd,fidelity_across_halves,agnews,bookcorpus,0.17656930043637764
pnull,fisher_pca_lloyd,reliability_across_halves,agnews,bookcorpus,0.026434812269019205
rand,fisher_pca_lloyd,fidelity_across_halves,agnews,bookcorpus,0.013824681874169478
rand,fisher_pca_lloyd,reliability_across_halves,agnews,bookcorpus,1.6099899667522355e-05
pnull,nopca_lloyd,fidelity_across_halves,agnews,bookcorpus,0.17708780778180835
pnull,nopca_lloyd,reliability_across_halves,agnews,bookcorpus,0.029776753924849752
rand,nopca_lloyd,fidelity_across_halves,agnews,bookcorpus,0.008106060652263561
rand,nopca_lloyd,reliability_across_halves,agnews,bookcorpus,-8.205791195735871e-05
pnull,vmf_lloyd,fidelity_across_halves,agnews,bookcorpus,0.02236050841917452
pnull,vmf_lloyd,reliability_across_halves,agnews,bookcorpus,0.012447068702851121
rand,vmf_lloyd,fidelity_across_halves,agnews,bookcorpus,0.010875338339186453
rand,vmf_lloyd,reliability_across_halves,agnews,bookcorpus,-4.098632079619141e-06
pnull,vmf_lloyd100,fidelity_across_halves,agnews,bookcorpus,0.02885032939498986
pnull,vmf_lloyd100,reliability_across_halves,agnews,bookcorpus,0.022268484245225102
rand,vmf_lloyd100,fidelity_across_halves,agnews,bookcorpus,0.012908194837346738
rand,vmf_lloyd100,reliability_across_halves,agnews,bookcorpus,-7.374508415233803e-05
pnull,vmf_ward,fidelity_across_halves,agnews,bookcorpus,0.021404884963960303
pnull,vmf_ward,reliability_across_halves,agnews,bookcorpus,0.01573581381301004
rand,vmf_ward,fidelity_across_halves,agnews,bookcorpus,0.013270334606708133
rand,vmf_ward,reliability_across_halves,agnews,bookcorpus,-7.279069520277145e-06
pnull,vmf_ward100,fidelity_across_halves,agnews,bookcorpus,0.029386971668352888
pnull,vmf_ward100,reliability_across_halves,agnews,bookcorpus,0.020378144409139227
rand,vmf_ward100,fidelity_across_halves,agnews,bookcorpus,0.019855678849832793
rand,vmf_ward100,reliability_across_halves,agnews,bookcorpus,0.00014222286612579615
pnull,fisher_pca_lloyd,fidelity_across_halves,agnews,tldr17,0.1992985442822084
pnull,fisher_pca_lloyd,reliability_across_halves,agnews,tldr17,0.06527452285474664
rand,fisher_pca_lloyd,fidelity_across_halves,agnews,tldr17,0.019549184104467862
rand,fisher_pca_lloyd,reliability_across_halves,agnews,tldr17,7.581747503694943e-05
pnull,nopca_lloyd,fidelity_across_halves,agnews,tldr17,0.19963676999404426
pnull,nopca_lloyd,reliability_across_halves,agnews,tldr17,0.07934018239376438
rand,nopca_lloyd,fidelity_across_halves,agnews,tldr17,0.01673374594405144
rand,nopca_lloyd,reliability_across_halves,agnews,tldr17,6.200145861849194e-05
pnull,vmf_lloyd,fidelity_across_halves,agnews,tldr17,0.02653001102226865
pnull,vmf_lloyd,reliability_across_halves,agnews,tldr17,0.010854307346767999
rand,vmf_lloyd,fidelity_across_halves,agnews,tldr17,0.011954775989988281
rand,vmf_lloyd,reliability_across_halves,agnews,tldr17,-9.526861888615922e-05
pnull,vmf_lloyd100,fidelity_across_halves,agnews,tldr17,0.03161986806250426
pnull,vmf_lloyd100,reliability_across_halves,agnews,tldr17,0.01456642422549361
rand,vmf_lloyd100,fidelity_across_halves,agnews,tldr17,0.019312831516770795
rand,vmf_lloyd100,reliability_across_halves,agnews,tldr17,-0.00010126145996592172
pnull,vmf_ward,fidelity_across_halves,agnews,tldr17,0.03032956417059902
pnull,vmf_ward,reliability_across_halves,agnews,tldr17,0.011401188326887784
rand,vmf_ward,fidelity_across_halves,agnews,tldr17,0.01254734578931075
rand,vmf_ward,reliability_across_halves,agnews,tldr17,2.4462337422499342e-05
pnull,vmf_ward100,fidelity_across_halves,agnews,tldr17,0.03829513175543595
pnull,vmf_ward100,reliability_across_halves,agnews,tldr17,0.01730992993021702
rand,vmf_ward100,fidelity_across_halves,agnews,tldr17,0.019970651826840113
rand,vmf_ward100,reliability_across_halves,agnews,tldr17,0.0001525263684477945
pnull,fisher_pca_lloyd,fidelity_across_halves,tldr17,wikitext,0.21484752953641034
pnull,fisher_pca_lloyd,reliability_across_halves,tldr17,wikitext,0.048018982904097486
rand,fisher_pca_lloyd,fidelity_across_halves,tldr17,wikitext,0.017589937760930038
rand,fisher_pca_lloyd,reliability_across_halves,tldr17,wikitext,-0.00010913474952921761
pnull,nopca_lloyd,fidelity_across_halves,tldr17,wikitext,0.21497793582398886
pnull,nopca_lloyd,reliability_across_halves,tldr17,wikitext,0.0620404166845686
rand,nopca_lloyd,fidelity_across_halves,tldr17,wikitext,0.012905273366380265
rand,nopca_lloyd,reliability_across_halves,tldr17,wikitext,-6.0896924315115184e-05
pnull,vmf_lloyd,fidelity_across_halves,tldr17,wikitext,0.08676033313856239
pnull,vmf_lloyd,reliability_across_halves,tldr17,wikitext,0.02209097665209847
rand,vmf_lloyd,fidelity_across_halves,tldr17,wikitext,0.008474387230672384
rand,vmf_lloyd,reliability_across_halves,tldr17,wikitext,-0.0001726745302489085
pnull,vmf_lloyd100,fidelity_across_halves,tldr17,wikitext,0.0865485741683841
pnull,vmf_lloyd100,reliability_across_halves,tldr17,wikitext,0.00991185197132425
rand,vmf_lloyd100,fidelity_across_halves,tldr17,wikitext,0.016232841645393476
rand,vmf_lloyd100,reliability_across_halves,tldr17,wikitext,-0.00010867781808127628
pnull,vmf_ward,fidelity_across_halves,tldr17,wikitext,0.08582784980890908
pnull,vmf_ward,reliability_across_halves,tldr17,wikitext,0.007156707445358978
rand,vmf_ward,fidelity_across_halves,tldr17,wikitext,0.00870723500880202
rand,vmf_ward,reliability_across_halves,tldr17,wikitext,0.0001067753294391988
pnull,vmf_ward100,fidelity_across_halves,tldr17,wikitext,0.0922873027660561
pnull,vmf_ward100,reliability_across_halves,tldr17,wikitext,0.011548730760622565
rand,vmf_ward100,fidelity_across_halves,tldr17,wikitext,0.018657324161691403
rand,vmf_ward100,reliability_across_halves,tldr17,wikitext,-0.00012140814586167432
pnull,fisher_pca_lloyd,fidelity_across_halves,tldr17,bookcorpus,0.1813020548030216
pnull,fisher_pca_lloyd,reliability_across_halves,tldr17,bookcorpus,0.01782975265340576
rand,fisher_pca_lloyd,fidelity_across_halves,tldr17,bookcorpus,0.019449884658843387
rand,fisher_pca_lloyd,reliability_across_halves,tldr17,bookcorpus,-3.7580139989944376e-05
pnull,nopca_lloyd,fidelity_across_halves,tldr17,bookcorpus,0.18135697599408146
pnull,nopca_lloyd,reliability_across_halves,tldr17,bookcorpus,0.020441317701017217
rand,nopca_lloyd,fidelity_across_halves,tldr17,bookcorpus,0.0166988443801673
rand,nopca_lloyd,reliability_across_halves,tldr17,bookcorpus,0.0001263861374765813
pnull,vmf_lloyd,fidelity_across_halves,tldr17,bookcorpus,0.05990553415814996
pnull,vmf_lloyd,reliability_across_halves,tldr17,bookcorpus,0.002119052037216018
rand,vmf_lloyd,fidelity_across_halves,tldr17,bookcorpus,0.01594112622966032
rand,vmf_lloyd,reliability_across_halves,tldr17,bookcorpus,-2.724350468310383e-05
pnull,vmf_lloyd100,fidelity_across_halves,tldr17,bookcorpus,0.06189373219856351
pnull,vmf_lloyd100,reliability_across_halves,tldr17,bookcorpus,0.003478667524265347
rand,vmf_lloyd100,fidelity_across_halves,tldr17,bookcorpus,0.014339716311679098
rand,vmf_lloyd100,reliability_across_halves,tldr17,bookcorpus,5.2229386367555094e-05
pnull,vmf_ward,fidelity_across_halves,tldr17,bookcorpus,0.06481855909255414
pnull,vmf_ward,reliability_across_halves,tldr17,bookcorpus,0.009221885171702447
rand,vmf_ward,fidelity_across_halves,tldr17,bookcorpus,0.014140412939378443
rand,vmf_ward,reliability_across_halves,tldr17,bookcorpus,-0.00014527752623271742
pnull,vmf_ward100,fidelity_across_halves,tldr17,bookcorpus,0.07056748475049969
pnull,vmf_ward100,reliability_across_halves,tldr17,bookcorpus,0.01244519437658003
rand,vmf_ward100,fidelity_across_halves,tldr17,bookcorpus,0.02031724230008024
rand,vmf_ward100,reliability_across_halves,tldr17,bookcorpus,-4.358813867512415e-05
pnull,fisher_pca_lloyd,fidelity_across_halves,tldr17,agnews,0.20871680053912778
pnull,fisher_pca_lloyd,reliability_across_halves,tldr17,agnews,0.06389999487484346
rand,fisher_pca_lloyd,fidelity_across_halves,tldr17,agnews,0.011723894946090534
rand,fisher_pca_lloyd,reliability_across_halves,tldr17,agnews,-0.00015138218929309079
pnull,nopca_lloyd,fidelity_across_halves,tldr17,agnews,0.20921713210667178
pnull,nopca_lloyd,reliability_across_halves,tldr17,agnews,0.06886317952663218
rand,nopca_lloyd,fidelity_across_halves,tldr17,agnews,0.009900505114701787
rand,nopca_lloyd,reliability_across_halves,tldr17,agnews,-8.684906987218159e-05
pnull,vmf_lloyd,fidelity_across_halves,tldr17,agnews,0.06699554460711425
pnull,vmf_lloyd,reliability_across_halves,tldr17,agnews,0.013822585591392211
rand,vmf_lloyd,fidelity_across_halves,tldr17,agnews,0.009548093343219086
rand,vmf_lloyd,reliability_across_halves,tldr17,agnews,8.476933296075973e-05
pnull,vmf_lloyd100,fidelity_across_halves,tldr17,agnews,0.06741190097439
pnull,vmf_lloyd100,reliability_across_halves,tldr17,agnews,0.014442022116190733
rand,vmf_lloyd100,fidelity_across_halves,tldr17,agnews,0.013943207572217793
rand,vmf_lloyd100,reliability_across_halves,tldr17,agnews,0.00013009391345340782
pnull,vmf_ward,fidelity_across_halves,tldr17,agnews,0.07523366723634868
pnull,vmf_ward,reliability_across_halves,tldr17,agnews,0.01316376022309287
rand,vmf_ward,fidelity_across_halves,tldr17,agnews,0.00940143160034614
rand,vmf_ward,reliability_across_halves,tldr17,agnews,0.00014512366032861979
pnull,vmf_ward100,fidelity_across_halves,tldr17,agnews,0.08247009362710314
pnull,vmf_ward100,reliability_across_halves,tldr17,agnews,0.02351997369364222
rand,vmf_ward100,fidelity_across_halves,tldr17,agnews,0.01549501295793512
rand,vmf_ward100,reliability_across_halves,tldr17,agnews,1.6469613106367915e-05
