tree,variant,metric,fit,eval,value
real,(ceiling),fidelity_within,wikitext,wikitext,0.9801254890166184
real,(ceiling),fidelity_within_r,wikitext,wikitext,0.990048060108855
real,current,reliability_within,wikitext,wikitext,0.07245530768308794
real,current,fidelity_within,wikitext,wikitext,0.07805297588163795
real,current,fidelity_within_r,wikitext,wikitext,0.2793815324675637
real,current,fidelity_within_insample,wikitext,wikitext,0.07776323125094542
real,current,reliability_ceiling,wikitext,wikitext,0.06527383413331665
real,current,triviality_ami_layer,wikitext,wikitext,0.030679026152422895
real,current,triviality_ami_hubness,wikitext,wikitext,0.03287085535611033
real,current,triviality_ami_noise_scale,wikitext,wikitext,0.058474834476953334
real,current,triviality_n_effective_networks,wikitext,wikitext,49.0
real,current,triviality_median_max_membership,wikitext,wikitext,0.2
real,current,triviality_frac_confident,wikitext,wikitext,0.031350160256410256
real,fisher_pca,reliability_within,wikitext,wikitext,0.19377669234919642
real,fisher_pca,fidelity_within,wikitext,wikitext,0.06172028692017861
real,fisher_pca,fidelity_within_r,wikitext,wikitext,0.24844393066815773
real,fisher_pca,fidelity_within_insample,wikitext,wikitext,0.06093378812132888
real,fisher_pca,reliability_ceiling,wikitext,wikitext,0.10190975198061637
real,fisher_pca,triviality_ami_layer,wikitext,wikitext,0.008055027489420668
real,fisher_pca,triviality_ami_hubness,wikitext,wikitext,0.09689582421992687
real,fisher_pca,triviality_ami_noise_scale,wikitext,wikitext,0.028582420032877663
real,fisher_pca,triviality_n_effective_networks,wikitext,wikitext,50.0
real,fisher_pca,triviality_median_max_membership,wikitext,wikitext,0.25
real,fisher_pca,triviality_frac_confident,wikitext,wikitext,0.05939503205128205
real,legacy,reliability_within,wikitext,wikitext,0.46223886451837876
real,legacy,fidelity_within,wikitext,wikitext,0.057049976845192085
real,legacy,fidelity_within_r,wikitext,wikitext,0.23885162758070894
real,legacy,fidelity_within_insample,wikitext,wikitext,0.057226049962575076
real,legacy,reliability_ceiling,wikitext,wikitext,0.3729456593732789
real,legacy,triviality_ami_layer,wikitext,wikitext,0.013166500611813228
real,legacy,triviality_ami_hubness,wikitext,wikitext,0.07937225126547605
real,legacy,triviality_ami_noise_scale,wikitext,wikitext,0.05775288281349392
real,legacy,triviality_n_effective_networks,wikitext,wikitext,49.0
real,legacy,triviality_median_max_membership,wikitext,wikitext,0.35
real,legacy,triviality_frac_confident,wikitext,wikitext,0.288661858974359
real,nopca_fisher,reliability_within,wikitext,wikitext,0.7515360750705852
real,nopca_fisher,fidelity_within,wikitext,wikitext,0.1399178097613848
real,nopca_fisher,fidelity_within_r,wikitext,wikitext,0.37408110516756127
real,nopca_fisher,fidelity_within_insample,wikitext,wikitext,0.13715851197754148
real,nopca_fisher,reliability_ceiling,wikitext,wikitext,0.4566478105603826
real,nopca_fisher,triviality_ami_layer,wikitext,wikitext,0.04052563136341183
real,nopca_fisher,triviality_ami_hubness,wikitext,wikitext,0.2920899706019372
real,nopca_fisher,triviality_ami_noise_scale,wikitext,wikitext,0.037075384574801244
real,nopca_fisher,triviality_n_effective_networks,wikitext,wikitext,25.0
real,nopca_fisher,triviality_median_max_membership,wikitext,wikitext,0.55
real,nopca_fisher,triviality_frac_confident,wikitext,wikitext,0.546875
real,vmf_profile,reliability_within,wikitext,wikitext,0.4819690584131037
real,vmf_profile,fidelity_within,wikitext,wikitext,0.11210441594974185
real,vmf_profile,fidelity_within_r,wikitext,wikitext,0.3348355531394793
real,vmf_profile,fidelity_within_insample,wikitext,wikitext,0.11033050286929202
real,vmf_profile,reliability_ceiling,wikitext,wikitext,0.36441502224611816
real,vmf_profile,triviality_ami_layer,wikitext,wikitext,0.06763491677798956
real,vmf_profile,triviality_ami_hubness,wikitext,wikitext,0.10004501492174543
real,vmf_profile,triviality_ami_noise_scale,wikitext,wikitext,0.05911829301392704
real,vmf_profile,triviality_n_effective_networks,wikitext,wikitext,50.0
real,vmf_profile,triviality_median_max_membership,wikitext,wikitext,0.4
real,vmf_profile,triviality_frac_confident,wikitext,wikitext,0.24389022435897437
real,(ceiling:surrogate),fidelity_within,wikitext,wikitext,0.9395656421640699
real,(ceiling:surrogate),fidelity_within_r,wikitext,wikitext,0.9697350364193219
real,vmf_z,reliability_within,wikitext,wikitext,0.4745441448945415
real,vmf_z,fidelity_within,wikitext,wikitext,0.10908902271103849
real,vmf_z,fidelity_within_r,wikitext,wikitext,0.3303029419612694
real,vmf_z,fidelity_within_insample,wikitext,wikitext,0.10727578142551764
real,vmf_z,reliability_ceiling,wikitext,wikitext,0.36344235874677655
real,vmf_z,triviality_ami_layer,wikitext,wikitext,0.022876217258878503
real,vmf_z,triviality_ami_hubness,wikitext,wikitext,0.0769625072725918
real,vmf_z,triviality_ami_noise_scale,wikitext,wikitext,0.04386219084127546
real,vmf_z,triviality_n_effective_networks,wikitext,wikitext,50.0
real,vmf_z,triviality_median_max_membership,wikitext,wikitext,0.4
real,vmf_z,triviality_frac_confident,wikitext,wikitext,0.26872996794871795
real,(ceiling),fidelity_within,bookcorpus,bookcorpus,0.9932568094407094
real,(ceiling),fidelity_within_r,bookcorpus,bookcorpus,0.9966256066606636
real,current,reliability_within,bookcorpus,bookcorpus,0.11678314371607111
real,current,fidelity_within,bookcorpus,bookcorpus,0.07572568367928012
real,current,fidelity_within_r,bookcorpus,bookcorpus,0.2751889785116154
real,current,fidelity_within_insample,bookcorpus,bookcorpus,0.07574614552033176
real,current,reliability_ceiling,bookcorpus,bookcorpus,0.09348275478510303
real,current,triviality_ami_layer,bookcorpus,bookcorpus,0.027845651622682675
real,current,triviality_ami_hubness,bookcorpus,bookcorpus,0.03578365232107378
real,current,triviality_ami_noise_scale,bookcorpus,bookcorpus,0.035656394682218644
real,current,triviality_n_effective_networks,bookcorpus,bookcorpus,50.0
real,current,triviality_median_max_membership,bookcorpus,bookcorpus,0.2
real,current,triviality_frac_confident,bookcorpus,bookcorpus,0.03715945512820513
real,fisher_pca,reliability_within,bookcorpus,bookcorpus,0.02173933044745755
real,fisher_pca,fidelity_within,bookcorpus,bookcorpus,0.056539970808379025
real,fisher_pca,fidelity_within_r,bookcorpus,bookcorpus,0.2377879264541063
real,fisher_pca,fidelity_within_insample,bookcorpus,bookcorpus,0.056649786531895896
real,fisher_pca,reliability_ceiling,bookcorpus,bookcorpus,0.02491637582229684
real,fisher_pca,triviality_ami_layer,bookcorpus,bookcorpus,0.009393425145770722
real,fisher_pca,triviality_ami_hubness,bookcorpus,bookcorpus,0.04115729982727541
real,fisher_pca,triviality_ami_noise_scale,bookcorpus,bookcorpus,0.021077436973212214
real,fisher_pca,triviality_n_effective_networks,bookcorpus,bookcorpus,50.0
real,fisher_pca,triviality_median_max_membership,bookcorpus,bookcorpus,0.15
real,fisher_pca,triviality_frac_confident,bookcorpus,bookcorpus,0.015124198717948718
real,legacy,reliability_within,bookcorpus,bookcorpus,0.49438802268399396
real,legacy,fidelity_within,bookcorpus,bookcorpus,0.06681332441713239
real,legacy,fidelity_within_r,bookcorpus,bookcorpus,0.25848918965647566
real,legacy,fidelity_within_insample,bookcorpus,bookcorpus,0.0667921846621965
real,legacy,reliability_ceiling,bookcorpus,bookcorpus,0.38839754206358357
real,legacy,triviality_ami_layer,bookcorpus,bookcorpus,0.01626845316898177
real,legacy,triviality_ami_hubness,bookcorpus,bookcorpus,0.06932807492080266
real,legacy,triviality_ami_noise_scale,bookcorpus,bookcorpus,0.07147363323478932
real,legacy,triviality_n_effective_networks,bookcorpus,bookcorpus,50.0
real,legacy,triviality_median_max_membership,bookcorpus,bookcorpus,0.35
real,legacy,triviality_frac_confident,bookcorpus,bookcorpus,0.22566105769230768
real,nopca_fisher,reliability_within,bookcorpus,bookcorpus,0.73786650891076
real,nopca_fisher,fidelity_within,bookcorpus,bookcorpus,0.22508924529250762
real,nopca_fisher,fidelity_within_r,bookcorpus,bookcorpus,0.4744437202361362
real,nopca_fisher,fidelity_within_insample,bookcorpus,bookcorpus,0.2238616283611472
real,nopca_fisher,reliability_ceiling,bookcorpus,bookcorpus,0.7035756819590681
real,nopca_fisher,triviality_ami_layer,bookcorpus,bookcorpus,0.02445929437822795
real,nopca_fisher,triviality_ami_hubness,bookcorpus,bookcorpus,0.339586380398222
real,nopca_fisher,triviality_ami_noise_scale,bookcorpus,bookcorpus,0.021762898539155928
real,nopca_fisher,triviality_n_effective_networks,bookcorpus,bookcorpus,37.0
real,nopca_fisher,triviality_median_max_membership,bookcorpus,bookcorpus,0.45
real,nopca_fisher,triviality_frac_confident,bookcorpus,bookcorpus,0.4206730769230769
real,vmf_profile,reliability_within,bookcorpus,bookcorpus,0.6152904656378076
real,vmf_profile,fidelity_within,bookcorpus,bookcorpus,0.16623241366421582
real,vmf_profile,fidelity_within_r,bookcorpus,bookcorpus,0.4077221027510331
real,vmf_profile,fidelity_within_insample,bookcorpus,bookcorpus,0.16571622268523467
real,vmf_profile,reliability_ceiling,bookcorpus,bookcorpus,0.4754519829520824
real,vmf_profile,triviality_ami_layer,bookcorpus,bookcorpus,0.034708821149326476
real,vmf_profile,triviality_ami_hubness,bookcorpus,bookcorpus,0.13500170437119396
real,vmf_profile,triviality_ami_noise_scale,bookcorpus,bookcorpus,0.03370581700267829
real,vmf_profile,triviality_n_effective_networks,bookcorpus,bookcorpus,49.0
real,vmf_profile,triviality_median_max_membership,bookcorpus,bookcorpus,0.45
real,vmf_profile,triviality_frac_confident,bookcorpus,bookcorpus,0.3563701923076923
real,(ceiling:surrogate),fidelity_within,bookcorpus,bookcorpus,0.955981353913919
real,(ceiling:surrogate),fidelity_within_r,bookcorpus,bookcorpus,0.9779280567955839
real,vmf_z,reliability_within,bookcorpus,bookcorpus,0.5333440008571911
real,vmf_z,fidelity_within,bookcorpus,bookcorpus,0.18004517003481846
real,vmf_z,fidelity_within_r,bookcorpus,bookcorpus,0.4243285016107777
real,vmf_z,fidelity_within_insample,bookcorpus,bookcorpus,0.17975081284099725
real,vmf_z,reliability_ceiling,bookcorpus,bookcorpus,0.43803937303941715
real,vmf_z,triviality_ami_layer,bookcorpus,bookcorpus,0.02780278072389748
real,vmf_z,triviality_ami_hubness,bookcorpus,bookcorpus,0.1187094044746004
real,vmf_z,triviality_ami_noise_scale,bookcorpus,bookcorpus,0.04456823191728598
real,vmf_z,triviality_n_effective_networks,bookcorpus,bookcorpus,50.0
real,vmf_z,triviality_median_max_membership,bookcorpus,bookcorpus,0.4
real,vmf_z,triviality_frac_confident,bookcorpus,bookcorpus,0.28014823717948717
real,(ceiling),fidelity_within,agnews,agnews,0.9846233382613736
real,(ceiling),fidelity_within_r,agnews,agnews,0.9923313927390373
real,current,reliability_within,agnews,agnews,0.11936701556531079
real,current,fidelity_within,agnews,agnews,0.07113871367995162
real,current,fidelity_within_r,agnews,agnews,0.2667412874106913
real,current,fidelity_within_insample,agnews,agnews,0.07130911716168964
real,current,reliability_ceiling,agnews,agnews,0.07717079020181829
real,current,triviality_ami_layer,agnews,agnews,0.02913174365371082
real,current,triviality_ami_hubness,agnews,agnews,0.04143096776436018
real,current,triviality_ami_noise_scale,agnews,agnews,0.05209621830603487
real,current,triviality_n_effective_networks,agnews,agnews,50.0
real,current,triviality_median_max_membership,agnews,agnews,0.2
real,current,triviality_frac_confident,agnews,agnews,0.04787660256410257
real,fisher_pca,reliability_within,agnews,agnews,0.18426990081656278
real,fisher_pca,fidelity_within,agnews,agnews,0.06476667174039796
real,fisher_pca,fidelity_within_r,agnews,agnews,0.2545159059553467
real,fisher_pca,fidelity_within_insample,agnews,agnews,0.0645114102117289
real,fisher_pca,reliability_ceiling,agnews,agnews,0.14746621690820752
real,fisher_pca,triviality_ami_layer,agnews,agnews,0.0108245710632007
real,fisher_pca,triviality_ami_hubness,agnews,agnews,0.07457418695329893
real,fisher_pca,triviality_ami_noise_scale,agnews,agnews,0.03541301128140545
real,fisher_pca,triviality_n_effective_networks,agnews,agnews,50.0
real,fisher_pca,triviality_median_max_membership,agnews,agnews,0.25
real,fisher_pca,triviality_frac_confident,agnews,agnews,0.04176682692307692
real,legacy,reliability_within,agnews,agnews,0.4290708412186923
real,legacy,fidelity_within,agnews,agnews,0.06296468891742402
real,legacy,fidelity_within_r,agnews,agnews,0.25095097324819204
real,legacy,fidelity_within_insample,agnews,agnews,0.06286998377021136
real,legacy,reliability_ceiling,agnews,agnews,0.42318149175837355
real,legacy,triviality_ami_layer,agnews,agnews,0.017561188047484536
real,legacy,triviality_ami_hubness,agnews,agnews,0.10055827925446524
real,legacy,triviality_ami_noise_scale,agnews,agnews,0.05922987724810457
real,legacy,triviality_n_effective_networks,agnews,agnews,50.0
real,legacy,triviality_median_max_membership,agnews,agnews,0.35
real,legacy,triviality_frac_confident,agnews,agnews,0.2532051282051282
real,nopca_fisher,reliability_within,agnews,agnews,0.6691075561492541
real,nopca_fisher,fidelity_within,agnews,agnews,0.10941405898373457
real,nopca_fisher,fidelity_within_r,agnews,agnews,0.3307956729082826
real,nopca_fisher,fidelity_within_insample,agnews,agnews,0.10922384210118463
real,nopca_fisher,reliability_ceiling,agnews,agnews,0.7061838428372211
real,nopca_fisher,triviality_ami_layer,agnews,agnews,0.029892164324378554
real,nopca_fisher,triviality_ami_hubness,agnews,agnews,0.27184522602634353
real,nopca_fisher,triviality_ami_noise_scale,agnews,agnews,0.04312531211667481
real,nopca_fisher,triviality_n_effective_networks,agnews,agnews,23.0
real,nopca_fisher,triviality_median_max_membership,agnews,agnews,0.5
real,nopca_fisher,triviality_frac_confident,agnews,agnews,0.4862780448717949
real,vmf_profile,reliability_within,agnews,agnews,0.5874036457214441
real,vmf_profile,fidelity_within,agnews,agnews,0.08305275434409287
real,vmf_profile,fidelity_within_r,agnews,agnews,0.28820974462607596
real,vmf_profile,fidelity_within_insample,agnews,agnews,0.0831750595557682
real,vmf_profile,reliability_ceiling,agnews,agnews,0.4612211184144112
real,vmf_profile,triviality_ami_layer,agnews,agnews,0.06855883996569449
real,vmf_profile,triviality_ami_hubness,agnews,agnews,0.0690615774525835
real,vmf_profile,triviality_ami_noise_scale,agnews,agnews,0.061859300218028435
real,vmf_profile,triviality_n_effective_networks,agnews,agnews,50.0
real,vmf_profile,triviality_median_max_membership,agnews,agnews,0.35
real,vmf_profile,triviality_frac_confident,agnews,agnews,0.25410657051282054
real,(ceiling:surrogate),fidelity_within,agnews,agnews,0.9443294887128681
real,(ceiling:surrogate),fidelity_within_r,agnews,agnews,0.9722981167114733
real,vmf_z,reliability_within,agnews,agnews,0.4699354922429264
real,vmf_z,fidelity_within,agnews,agnews,0.08888009988209189
real,vmf_z,fidelity_within_r,agnews,agnews,0.298189889901396
real,vmf_z,fidelity_within_insample,agnews,agnews,0.08940574796410428
real,vmf_z,reliability_ceiling,agnews,agnews,0.3470700288020716
real,vmf_z,triviality_ami_layer,agnews,agnews,0.03455199026631366
real,vmf_z,triviality_ami_hubness,agnews,agnews,0.0704878473750512
real,vmf_z,triviality_ami_noise_scale,agnews,agnews,0.06933071356474092
real,vmf_z,triviality_n_effective_networks,agnews,agnews,50.0
real,vmf_z,triviality_median_max_membership,agnews,agnews,0.35
real,vmf_z,triviality_frac_confident,agnews,agnews,0.2419871794871795
real,(ceiling),fidelity_within,tldr17,tldr17,0.977654968251753
real,(ceiling),fidelity_within_r,tldr17,tldr17,0.9889055326739661
real,current,reliability_within,tldr17,tldr17,0.13548179473806513
real,current,fidelity_within,tldr17,tldr17,0.08259886045736409
real,current,fidelity_within_r,tldr17,tldr17,0.28746388226512043
real,current,fidelity_within_insample,tldr17,tldr17,0.08264896625626394
real,current,reliability_ceiling,tldr17,tldr17,0.0721970105778489
real,current,triviality_ami_layer,tldr17,tldr17,0.023420533183215218
real,current,triviality_ami_hubness,tldr17,tldr17,0.031263477107966946
real,current,triviality_ami_noise_scale,tldr17,tldr17,0.047034382998544906
real,current,triviality_n_effective_networks,tldr17,tldr17,49.0
real,current,triviality_median_max_membership,tldr17,tldr17,0.2
real,current,triviality_frac_confident,tldr17,tldr17,0.055989583333333336
real,fisher_pca,reliability_within,tldr17,tldr17,0.11085983232956782
real,fisher_pca,fidelity_within,tldr17,tldr17,0.06345069564001371
real,fisher_pca,fidelity_within_r,tldr17,tldr17,0.2519690807847507
real,fisher_pca,fidelity_within_insample,tldr17,tldr17,0.06376389882942224
real,fisher_pca,reliability_ceiling,tldr17,tldr17,0.02271329504889053
real,fisher_pca,triviality_ami_layer,tldr17,tldr17,0.003653768972248373
real,fisher_pca,triviality_ami_hubness,tldr17,tldr17,0.06452502437254491
real,fisher_pca,triviality_ami_noise_scale,tldr17,tldr17,0.02892517886625417
real,fisher_pca,triviality_n_effective_networks,tldr17,tldr17,49.0
real,fisher_pca,triviality_median_max_membership,tldr17,tldr17,0.25
real,fisher_pca,triviality_frac_confident,tldr17,tldr17,0.00891426282051282
real,legacy,reliability_within,tldr17,tldr17,0.497309698040293
real,legacy,fidelity_within,tldr17,tldr17,0.06911627512014573
real,legacy,fidelity_within_r,tldr17,tldr17,0.2629722265136607
real,legacy,fidelity_within_insample,tldr17,tldr17,0.06947494868980097
real,legacy,reliability_ceiling,tldr17,tldr17,0.4367199537916743
real,legacy,triviality_ami_layer,tldr17,tldr17,0.017393697866217913
real,legacy,triviality_ami_hubness,tldr17,tldr17,0.1013463023726832
real,legacy,triviality_ami_noise_scale,tldr17,tldr17,0.05529860354322185
real,legacy,triviality_n_effective_networks,tldr17,tldr17,50.0
real,legacy,triviality_median_max_membership,tldr17,tldr17,0.4
real,legacy,triviality_frac_confident,tldr17,tldr17,0.2959735576923077
real,nopca_fisher,reliability_within,tldr17,tldr17,0.6326405147459363
real,nopca_fisher,fidelity_within,tldr17,tldr17,0.1436565282766128
real,nopca_fisher,fidelity_within_r,tldr17,tldr17,0.3791870227567953
real,nopca_fisher,fidelity_within_insample,tldr17,tldr17,0.14976303861379092
real,nopca_fisher,reliability_ceiling,tldr17,tldr17,0.6987416342803519
real,nopca_fisher,triviality_ami_layer,tldr17,tldr17,0.03171047743490157
real,nopca_fisher,triviality_ami_hubness,tldr17,tldr17,0.29711966551454777
real,nopca_fisher,triviality_ami_noise_scale,tldr17,tldr17,0.038653359954647366
real,nopca_fisher,triviality_n_effective_networks,tldr17,tldr17,26.0
real,nopca_fisher,triviality_median_max_membership,tldr17,tldr17,0.55
real,nopca_fisher,triviality_frac_confident,tldr17,tldr17,0.5569911858974359
real,vmf_profile,reliability_within,tldr17,tldr17,0.3732229523555813
real,vmf_profile,fidelity_within,tldr17,tldr17,0.10843691419304058
real,vmf_profile,fidelity_within_r,tldr17,tldr17,0.3294602014938593
real,vmf_profile,fidelity_within_insample,tldr17,tldr17,0.11318782290813678
real,vmf_profile,reliability_ceiling,tldr17,tldr17,0.3694132844005287
real,vmf_profile,triviality_ami_layer,tldr17,tldr17,0.06489039056863981
real,vmf_profile,triviality_ami_hubness,tldr17,tldr17,0.09723634250900888
real,vmf_profile,triviality_ami_noise_scale,tldr17,tldr17,0.05809139145001384
real,vmf_profile,triviality_n_effective_networks,tldr17,tldr17,50.0
real,vmf_profile,triviality_median_max_membership,tldr17,tldr17,0.4
real,vmf_profile,triviality_frac_confident,tldr17,tldr17,0.296875
real,(ceiling:surrogate),fidelity_within,tldr17,tldr17,0.9382534544277152
real,(ceiling:surrogate),fidelity_within_r,tldr17,tldr17,0.9692183426407932
real,vmf_z,reliability_within,tldr17,tldr17,0.4464177095203901
real,vmf_z,fidelity_within,tldr17,tldr17,0.10686267650627412
real,vmf_z,fidelity_within_r,tldr17,tldr17,0.32703023647690166
real,vmf_z,fidelity_within_insample,tldr17,tldr17,0.11246231847319788
real,vmf_z,reliability_ceiling,tldr17,tldr17,0.33638539033849196
real,vmf_z,triviality_ami_layer,tldr17,tldr17,0.02136500488266623
real,vmf_z,triviality_ami_hubness,tldr17,tldr17,0.0725531250324132
real,vmf_z,triviality_ami_noise_scale,tldr17,tldr17,0.04941239361759831
real,vmf_z,triviality_n_effective_networks,tldr17,tldr17,50.0
real,vmf_z,triviality_median_max_membership,tldr17,tldr17,0.4
real,vmf_z,triviality_frac_confident,tldr17,tldr17,0.25831330128205127
real,(ceiling),fidelity_within,codeparrot,codeparrot,0.7490998081368669
real,(ceiling),fidelity_within_r,codeparrot,codeparrot,0.874630668143073
real,current,reliability_within,codeparrot,codeparrot,0.11361640846226856
real,current,fidelity_within,codeparrot,codeparrot,0.3684850258381389
real,current,fidelity_within_r,codeparrot,codeparrot,0.6126285624927285
real,current,fidelity_within_insample,codeparrot,codeparrot,0.47852827524369357
real,current,reliability_ceiling,codeparrot,codeparrot,0.1727952396854258
real,current,triviality_ami_layer,codeparrot,codeparrot,0.08141819500155859
real,current,triviality_ami_hubness,codeparrot,codeparrot,0.17853650714388355
real,current,triviality_ami_noise_scale,codeparrot,codeparrot,0.04655993462040295
real,current,triviality_n_effective_networks,codeparrot,codeparrot,50.0
real,current,triviality_median_max_membership,codeparrot,codeparrot,0.3
real,current,triviality_frac_confident,codeparrot,codeparrot,0.13080929487179488
real,fisher_pca,reliability_within,codeparrot,codeparrot,0.08363284238169434
real,fisher_pca,fidelity_within,codeparrot,codeparrot,0.28489889065332086
real,fisher_pca,fidelity_within_r,codeparrot,codeparrot,0.5375132012691743
real,fisher_pca,fidelity_within_insample,codeparrot,codeparrot,0.3543586921022034
real,fisher_pca,reliability_ceiling,codeparrot,codeparrot,0.093637965958821
real,fisher_pca,triviality_ami_layer,codeparrot,codeparrot,0.07840638239064174
real,fisher_pca,triviality_ami_hubness,codeparrot,codeparrot,0.12651100955202027
real,fisher_pca,triviality_ami_noise_scale,codeparrot,codeparrot,0.0383436207139687
real,fisher_pca,triviality_n_effective_networks,codeparrot,codeparrot,50.0
real,fisher_pca,triviality_median_max_membership,codeparrot,codeparrot,0.2
real,fisher_pca,triviality_frac_confident,codeparrot,codeparrot,0.05108173076923077
real,legacy,reliability_within,codeparrot,codeparrot,0.2875075648980589
real,legacy,fidelity_within,codeparrot,codeparrot,0.20428732206515465
real,legacy,fidelity_within_r,codeparrot,codeparrot,0.45454909581317793
real,legacy,fidelity_within_insample,codeparrot,codeparrot,0.24404999433213825
real,legacy,reliability_ceiling,codeparrot,codeparrot,0.40635827247277034
real,legacy,triviality_ami_layer,codeparrot,codeparrot,0.08384165532051747
real,legacy,triviality_ami_hubness,codeparrot,codeparrot,0.0951653712215899
real,legacy,triviality_ami_noise_scale,codeparrot,codeparrot,0.06506923980735158
real,legacy,triviality_n_effective_networks,codeparrot,codeparrot,50.0
real,legacy,triviality_median_max_membership,codeparrot,codeparrot,0.3
real,legacy,triviality_frac_confident,codeparrot,codeparrot,0.18900240384615385
real,nopca_fisher,reliability_within,codeparrot,codeparrot,0.24921645692304326
real,nopca_fisher,fidelity_within,codeparrot,codeparrot,0.6053298385772279
real,nopca_fisher,fidelity_within_r,codeparrot,codeparrot,0.7830477964215868
real,nopca_fisher,fidelity_within_insample,codeparrot,codeparrot,0.7550819579962955
real,nopca_fisher,reliability_ceiling,codeparrot,codeparrot,0.5351994528236237
real,nopca_fisher,triviality_ami_layer,codeparrot,codeparrot,0.04697303393449576
real,nopca_fisher,triviality_ami_hubness,codeparrot,codeparrot,0.5074326901986781
real,nopca_fisher,triviality_ami_noise_scale,codeparrot,codeparrot,0.032037818878392535
real,nopca_fisher,triviality_n_effective_networks,codeparrot,codeparrot,50.0
real,nopca_fisher,triviality_median_max_membership,codeparrot,codeparrot,0.5
real,nopca_fisher,triviality_frac_confident,codeparrot,codeparrot,0.45142227564102566
real,vmf_profile,reliability_within,codeparrot,codeparrot,0.1924012656041574
real,vmf_profile,fidelity_within,codeparrot,codeparrot,0.43796126618523934
real,vmf_profile,fidelity_within_r,codeparrot,codeparrot,0.6679393585643808
real,vmf_profile,fidelity_within_insample,codeparrot,codeparrot,0.570895683171161
real,vmf_profile,reliability_ceiling,codeparrot,codeparrot,0.32852795823472547
real,vmf_profile,triviality_ami_layer,codeparrot,codeparrot,0.06359887193778876
real,vmf_profile,triviality_ami_hubness,codeparrot,codeparrot,0.23497626500974395
real,vmf_profile,triviality_ami_noise_scale,codeparrot,codeparrot,0.03758631861284913
real,vmf_profile,triviality_n_effective_networks,codeparrot,codeparrot,50.0
real,vmf_profile,triviality_median_max_membership,codeparrot,codeparrot,0.45
real,vmf_profile,triviality_frac_confident,codeparrot,codeparrot,0.3272235576923077
real,(ceiling:surrogate),fidelity_within,codeparrot,codeparrot,0.45265343018462634
real,(ceiling:surrogate),fidelity_within_r,codeparrot,codeparrot,0.7962193981220327
real,vmf_z,reliability_within,codeparrot,codeparrot,0.19160106691281956
real,vmf_z,fidelity_within,codeparrot,codeparrot,0.2873608514461711
real,vmf_z,fidelity_within_r,codeparrot,codeparrot,0.6058421265134991
real,vmf_z,fidelity_within_insample,codeparrot,codeparrot,0.48897174215085915
real,vmf_z,reliability_ceiling,codeparrot,codeparrot,0.35427792054197144
real,vmf_z,triviality_ami_layer,codeparrot,codeparrot,0.05159844572641278
real,vmf_z,triviality_ami_hubness,codeparrot,codeparrot,0.17926443631482283
real,vmf_z,triviality_ami_noise_scale,codeparrot,codeparrot,0.042925873400445715
real,vmf_z,triviality_n_effective_networks,codeparrot,codeparrot,50.0
real,vmf_z,triviality_median_max_membership,codeparrot,codeparrot,0.45
real,vmf_z,triviality_frac_confident,codeparrot,codeparrot,0.3529647435897436
real,(ceiling),fidelity_within,random,random,0.9940193440617267
real,(ceiling),fidelity_within_r,random,random,0.9970089562565188
real,current,reliability_within,random,random,0.06741894939702771
real,current,fidelity_within,random,random,0.06118615731470323
real,current,fidelity_within_r,random,random,0.24735848120693782
real,current,fidelity_within_insample,random,random,0.06133342369219097
real,current,reliability_ceiling,random,random,0.02931172887847261
real,current,triviality_ami_layer,random,random,0.012658424272471769
real,current,triviality_ami_hubness,random,random,0.044357260888512356
real,current,triviality_ami_noise_scale,random,random,0.04313890467393728
real,current,triviality_n_effective_networks,random,random,49.0
real,current,triviality_median_max_membership,random,random,0.15
real,current,triviality_frac_confident,random,random,0.020332532051282052
real,fisher_pca,reliability_within,random,random,0.1646685499621317
real,fisher_pca,fidelity_within,random,random,0.01904817437310713
real,fisher_pca,fidelity_within_r,random,random,0.13801516388677845
real,fisher_pca,fidelity_within_insample,random,random,0.019078293225857634
real,fisher_pca,reliability_ceiling,random,random,0.1763464706134
real,fisher_pca,triviality_ami_layer,random,random,-0.0027713104556284967
real,fisher_pca,triviality_ami_hubness,random,random,0.021868065837465134
real,fisher_pca,triviality_ami_noise_scale,random,random,0.02503378575658553
real,fisher_pca,triviality_n_effective_networks,random,random,34.0
real,fisher_pca,triviality_median_max_membership,random,random,0.4
real,fisher_pca,triviality_frac_confident,random,random,0.2663261217948718
real,legacy,reliability_within,random,random,0.3194686104470864
real,legacy,fidelity_within,random,random,0.06236116865094832
real,legacy,fidelity_within_r,random,random,0.2497222688814044
real,legacy,fidelity_within_insample,random,random,0.06229593696426128
real,legacy,reliability_ceiling,random,random,0.2836877276242942
real,legacy,triviality_ami_layer,random,random,0.080057967846693
real,legacy,triviality_ami_hubness,random,random,0.10669052650064564
real,legacy,triviality_ami_noise_scale,random,random,0.08298524445213272
real,legacy,triviality_n_effective_networks,random,random,50.0
real,legacy,triviality_median_max_membership,random,random,0.3
real,legacy,triviality_frac_confident,random,random,0.18189102564102563
real,nopca_fisher,reliability_within,random,random,0.7126902276896605
real,nopca_fisher,fidelity_within,random,random,0.1356695801577924
real,nopca_fisher,fidelity_within_r,random,random,0.36833369882568423
real,nopca_fisher,fidelity_within_insample,random,random,0.13547423637368017
real,nopca_fisher,reliability_ceiling,random,random,0.6507172301786843
real,nopca_fisher,triviality_ami_layer,random,random,0.07655438855686085
real,nopca_fisher,triviality_ami_hubness,random,random,0.33143545798799257
real,nopca_fisher,triviality_ami_noise_scale,random,random,0.06298939682613636
real,nopca_fisher,triviality_n_effective_networks,random,random,25.0
real,nopca_fisher,triviality_median_max_membership,random,random,0.5
real,nopca_fisher,triviality_frac_confident,random,random,0.45813301282051283
real,vmf_profile,reliability_within,random,random,0.47560088780988546
real,vmf_profile,fidelity_within,random,random,0.11357528613913959
real,vmf_profile,fidelity_within_r,random,random,0.33700933728675075
real,vmf_profile,fidelity_within_insample,random,random,0.11366027874669327
real,vmf_profile,reliability_ceiling,random,random,0.39930115370524344
real,vmf_profile,triviality_ami_layer,random,random,0.033334007067421255
real,vmf_profile,triviality_ami_hubness,random,random,0.12146430087198735
real,vmf_profile,triviality_ami_noise_scale,random,random,0.061191312603010084
real,vmf_profile,triviality_n_effective_networks,random,random,50.0
real,vmf_profile,triviality_median_max_membership,random,random,0.35
real,vmf_profile,triviality_frac_confident,random,random,0.24128605769230768
real,(ceiling:surrogate),fidelity_within,random,random,0.9593675827087106
real,(ceiling:surrogate),fidelity_within_r,random,random,0.9796248841877002
real,vmf_z,reliability_within,random,random,0.45936548847010794
real,vmf_z,fidelity_within,random,random,0.11917480387082591
real,vmf_z,fidelity_within_r,random,random,0.34524717343074063
real,vmf_z,fidelity_within_insample,random,random,0.11819210076370246
real,vmf_z,reliability_ceiling,random,random,0.28205535009958044
real,vmf_z,triviality_ami_layer,random,random,0.05526427281385548
real,vmf_z,triviality_ami_hubness,random,random,0.11329335992094762
real,vmf_z,triviality_ami_noise_scale,random,random,0.14269048388721917
real,vmf_z,triviality_n_effective_networks,random,random,50.0
real,vmf_z,triviality_median_max_membership,random,random,0.35
real,vmf_z,triviality_frac_confident,random,random,0.26342147435897434
real,(ceiling),fidelity_within,whitespace,whitespace,1.0
real,(ceiling),fidelity_within_r,whitespace,whitespace,0.9999999999999998
real,current,reliability_within,whitespace,whitespace,0.26429385254941906
real,current,fidelity_within,whitespace,whitespace,0.6467828604831521
real,current,fidelity_within_r,whitespace,whitespace,0.804228114705731
real,current,fidelity_within_insample,whitespace,whitespace,0.6467828604831521
real,current,reliability_ceiling,whitespace,whitespace,0.2408454093387001
real,current,triviality_ami_layer,whitespace,whitespace,0.07032097941172048
real,current,triviality_ami_hubness,whitespace,whitespace,0.28261197505742625
real,current,triviality_ami_noise_scale,whitespace,whitespace,0.15193284844962462
real,current,triviality_n_effective_networks,whitespace,whitespace,50.0
real,current,triviality_median_max_membership,whitespace,whitespace,0.4
real,current,triviality_frac_confident,whitespace,whitespace,0.24749599358974358
real,fisher_pca,reliability_within,whitespace,whitespace,0.30425918010259756
real,fisher_pca,fidelity_within,whitespace,whitespace,0.6099449506811667
real,fisher_pca,fidelity_within_r,whitespace,whitespace,0.780989725080442
real,fisher_pca,fidelity_within_insample,whitespace,whitespace,0.6099449506811667
real,fisher_pca,reliability_ceiling,whitespace,whitespace,0.2758626295211153
real,fisher_pca,triviality_ami_layer,whitespace,whitespace,0.09183516356201667
real,fisher_pca,triviality_ami_hubness,whitespace,whitespace,0.2715412703462199
real,fisher_pca,triviality_ami_noise_scale,whitespace,whitespace,0.17032689811480717
real,fisher_pca,triviality_n_effective_networks,whitespace,whitespace,50.0
real,fisher_pca,triviality_median_max_membership,whitespace,whitespace,0.4
real,fisher_pca,triviality_frac_confident,whitespace,whitespace,0.21233974358974358
real,legacy,reliability_within,whitespace,whitespace,0.6677512366801898
real,legacy,fidelity_within,whitespace,whitespace,0.21704021445574306
real,legacy,fidelity_within_r,whitespace,whitespace,0.4658757500189866
real,legacy,fidelity_within_insample,whitespace,whitespace,0.21704021445574306
real,legacy,reliability_ceiling,whitespace,whitespace,0.5243927124610553
real,legacy,triviality_ami_layer,whitespace,whitespace,0.11900813638692559
real,legacy,triviality_ami_hubness,whitespace,whitespace,0.19850849997871026
real,legacy,triviality_ami_noise_scale,whitespace,whitespace,0.10581996050994111
real,legacy,triviality_n_effective_networks,whitespace,whitespace,37.0
real,legacy,triviality_median_max_membership,whitespace,whitespace,0.5
real,legacy,triviality_frac_confident,whitespace,whitespace,0.4980969551282051
real,nopca_fisher,reliability_within,whitespace,whitespace,0.5910764412433805
real,nopca_fisher,fidelity_within,whitespace,whitespace,0.7469449531908918
real,nopca_fisher,fidelity_within_r,whitespace,whitespace,0.8642597718226234
real,nopca_fisher,fidelity_within_insample,whitespace,whitespace,0.7469449531908918
real,nopca_fisher,reliability_ceiling,whitespace,whitespace,0.5340226712758241
real,nopca_fisher,triviality_ami_layer,whitespace,whitespace,0.08551927987558663
real,nopca_fisher,triviality_ami_hubness,whitespace,whitespace,0.4394657006560826
real,nopca_fisher,triviality_ami_noise_scale,whitespace,whitespace,0.18721765772550372
real,nopca_fisher,triviality_n_effective_networks,whitespace,whitespace,50.0
real,nopca_fisher,triviality_median_max_membership,whitespace,whitespace,0.55
real,nopca_fisher,triviality_frac_confident,whitespace,whitespace,0.5728165064102564
real,vmf_profile,reliability_within,whitespace,whitespace,0.43786127361970023
real,vmf_profile,fidelity_within,whitespace,whitespace,0.6777290922604818
real,vmf_profile,fidelity_within_r,whitespace,whitespace,0.8232430335329199
real,vmf_profile,fidelity_within_insample,whitespace,whitespace,0.6777290922604818
real,vmf_profile,reliability_ceiling,whitespace,whitespace,0.4748653834931887
real,vmf_profile,triviality_ami_layer,whitespace,whitespace,0.058732475983119405
real,vmf_profile,triviality_ami_hubness,whitespace,whitespace,0.2690109333363676
real,vmf_profile,triviality_ami_noise_scale,whitespace,whitespace,0.14180137080558025
real,vmf_profile,triviality_n_effective_networks,whitespace,whitespace,50.0
real,vmf_profile,triviality_median_max_membership,whitespace,whitespace,0.55
real,vmf_profile,triviality_frac_confident,whitespace,whitespace,0.5172275641025641
real,(ceiling:surrogate),fidelity_within,whitespace,whitespace,0.9075405887677486
real,(ceiling:surrogate),fidelity_within_r,whitespace,whitespace,0.9533994967353241
real,vmf_z,reliability_within,whitespace,whitespace,0.43265380889444366
real,vmf_z,fidelity_within,whitespace,whitespace,0.1410257918229213
real,vmf_z,fidelity_within_r,whitespace,whitespace,0.3755340359909116
real,vmf_z,fidelity_within_insample,whitespace,whitespace,0.14342814751273447
real,vmf_z,reliability_ceiling,whitespace,whitespace,0.41846827795024294
real,vmf_z,triviality_ami_layer,whitespace,whitespace,0.06050518070702138
real,vmf_z,triviality_ami_hubness,whitespace,whitespace,0.20425390999747545
real,vmf_z,triviality_ami_noise_scale,whitespace,whitespace,0.09609845514965887
real,vmf_z,triviality_n_effective_networks,whitespace,whitespace,50.0
real,vmf_z,triviality_median_max_membership,whitespace,whitespace,0.5
real,vmf_z,triviality_frac_confident,whitespace,whitespace,0.4781650641025641
real,(ceiling),fidelity_across,wikitext,bookcorpus,0.5466188420503373
real,(ceiling:surrogate),fidelity_across,wikitext,bookcorpus,0.5322238326659654
real,current,fidelity_across,wikitext,bookcorpus,0.21493721935037638
real,current,reliability_across,wikitext,bookcorpus,0.03809130685451061
real,fisher_pca,fidelity_across,wikitext,bookcorpus,0.21414095307575903
real,fisher_pca,reliability_across,wikitext,bookcorpus,0.04867976417520785
real,legacy,fidelity_across,wikitext,bookcorpus,0.21323128124708615
real,legacy,reliability_across,wikitext,bookcorpus,0.2610372094077264
real,nopca_fisher,fidelity_across,wikitext,bookcorpus,0.3027440157390386
real,nopca_fisher,reliability_across,wikitext,bookcorpus,0.18883564893355587
real,vmf_profile,fidelity_across,wikitext,bookcorpus,0.24949674880962386
real,vmf_profile,reliability_across,wikitext,bookcorpus,0.10302531582777125
real,vmf_z,fidelity_across,wikitext,bookcorpus,0.2614399055275656
real,vmf_z,reliability_across,wikitext,bookcorpus,0.07470011851271294
real,(ceiling),fidelity_across,wikitext,agnews,0.6023094325019461
real,(ceiling:surrogate),fidelity_across,wikitext,agnews,0.5796912044137229
real,current,fidelity_across,wikitext,agnews,0.23694231852510958
real,current,reliability_across,wikitext,agnews,0.04390906136867884
real,fisher_pca,fidelity_across,wikitext,agnews,0.21755850142916283
real,fisher_pca,reliability_across,wikitext,agnews,0.19323258160559925
real,legacy,fidelity_across,wikitext,agnews,0.2169210717047656
real,legacy,reliability_across,wikitext,agnews,0.2862833034971458
real,nopca_fisher,fidelity_across,wikitext,agnews,0.2280397744870008
real,nopca_fisher,reliability_across,wikitext,agnews,0.1934058313484845
real,vmf_profile,fidelity_across,wikitext,agnews,0.19817927005711264
real,vmf_profile,reliability_across,wikitext,agnews,0.12793996848486064
real,vmf_z,fidelity_across,wikitext,agnews,0.17788110187561257
real,vmf_z,reliability_across,wikitext,agnews,0.06726683653831272
real,(ceiling),fidelity_across,wikitext,tldr17,0.5425762276030526
real,(ceiling:surrogate),fidelity_across,wikitext,tldr17,0.5272134161254234
real,current,fidelity_across,wikitext,tldr17,0.22390383101129344
real,current,reliability_across,wikitext,tldr17,0.03419101910291829
real,fisher_pca,fidelity_across,wikitext,tldr17,0.21589521557356928
real,fisher_pca,reliability_across,wikitext,tldr17,0.14430819649935822
real,legacy,fidelity_across,wikitext,tldr17,0.21181373458856562
real,legacy,reliability_across,wikitext,tldr17,0.24584794533630847
real,nopca_fisher,fidelity_across,wikitext,tldr17,0.22934245519992863
real,nopca_fisher,reliability_across,wikitext,tldr17,0.18163121944003013
real,vmf_profile,fidelity_across,wikitext,tldr17,0.19479096360143242
real,vmf_profile,reliability_across,wikitext,tldr17,0.06506289953933365
real,vmf_z,fidelity_across,wikitext,tldr17,0.1810213781951806
real,vmf_z,reliability_across,wikitext,tldr17,0.04604546277672303
real,(ceiling),fidelity_across,wikitext,codeparrot,0.15553313921166909
real,(ceiling:surrogate),fidelity_across,wikitext,codeparrot,0.21285602300809073
real,current,fidelity_across,wikitext,codeparrot,0.10067082487235068
real,current,reliability_across,wikitext,codeparrot,0.011378862544780616
real,fisher_pca,fidelity_across,wikitext,codeparrot,0.11128696752643212
real,fisher_pca,reliability_across,wikitext,codeparrot,0.007535353826464774
real,legacy,fidelity_across,wikitext,codeparrot,0.0973288680552879
real,legacy,reliability_across,wikitext,codeparrot,0.0692208761036444
real,nopca_fisher,fidelity_across,wikitext,codeparrot,0.1111932019884397
real,nopca_fisher,reliability_across,wikitext,codeparrot,0.00968573928725342
real,vmf_profile,fidelity_across,wikitext,codeparrot,0.08522037611571032
real,vmf_profile,reliability_across,wikitext,codeparrot,0.01369646054970855
real,vmf_z,fidelity_across,wikitext,codeparrot,0.131754990923517
real,vmf_z,reliability_across,wikitext,codeparrot,0.009105410573454023
real,(ceiling),fidelity_across,wikitext,random,0.3965247736239997
real,(ceiling:surrogate),fidelity_across,wikitext,random,0.37352799974758727
real,current,fidelity_across,wikitext,random,0.16236475870743947
real,current,reliability_across,wikitext,random,0.010600820218338055
real,fisher_pca,fidelity_across,wikitext,random,0.16462768298251984
real,fisher_pca,reliability_across,wikitext,random,0.09168678476874781
real,legacy,fidelity_across,wikitext,random,0.1679544053717766
real,legacy,reliability_across,wikitext,random,0.05435678118589048
real,nopca_fisher,fidelity_across,wikitext,random,0.1211724153617349
real,nopca_fisher,reliability_across,wikitext,random,0.028842344860226386
real,vmf_profile,fidelity_across,wikitext,random,0.1186842082732561
real,vmf_profile,reliability_across,wikitext,random,0.035861879108698806
real,vmf_z,fidelity_across,wikitext,random,0.13070285875332005
real,vmf_z,reliability_across,wikitext,random,0.016986786258673364
real,(ceiling),fidelity_across,wikitext,whitespace,0.02215006589399315
real,(ceiling:surrogate),fidelity_across,wikitext,whitespace,0.12169063656603528
real,current,fidelity_across,wikitext,whitespace,0.023548695977642278
real,current,reliability_across,wikitext,whitespace,0.0052738055233138665
real,fisher_pca,fidelity_across,wikitext,whitespace,0.04689319180379114
real,fisher_pca,reliability_across,wikitext,whitespace,0.0038173432724788467
real,legacy,fidelity_across,wikitext,whitespace,0.05020615552115295
real,legacy,reliability_across,wikitext,whitespace,-0.009860154694284778
real,nopca_fisher,fidelity_across,wikitext,whitespace,0.0002739817213110626
real,nopca_fisher,reliability_across,wikitext,whitespace,0.0015723491392255835
real,vmf_profile,fidelity_across,wikitext,whitespace,0.0025010391549414516
real,vmf_profile,reliability_across,wikitext,whitespace,0.002134641577365497
real,vmf_z,fidelity_across,wikitext,whitespace,0.15157717256035186
real,vmf_z,reliability_across,wikitext,whitespace,0.002752608366030493
real,(ceiling),fidelity_across,bookcorpus,wikitext,0.5466188420503372
real,(ceiling:surrogate),fidelity_across,bookcorpus,wikitext,0.5322238326659654
real,current,fidelity_across,bookcorpus,wikitext,0.2095460368728428
real,current,reliability_across,bookcorpus,wikitext,0.03809130685451061
real,fisher_pca,fidelity_across,bookcorpus,wikitext,0.19101542027694182
real,fisher_pca,reliability_across,bookcorpus,wikitext,0.04867976417520785
real,legacy,fidelity_across,bookcorpus,wikitext,0.20979686141895124
real,legacy,reliability_across,bookcorpus,wikitext,0.2610372094077264
real,nopca_fisher,fidelity_across,bookcorpus,wikitext,0.2605904765664913
real,nopca_fisher,reliability_across,bookcorpus,wikitext,0.18883564893355587
real,vmf_profile,fidelity_across,bookcorpus,wikitext,0.21481747748234606
real,vmf_profile,reliability_across,bookcorpus,wikitext,0.10302531582777125
real,vmf_z,fidelity_across,bookcorpus,wikitext,0.2251739002898507
real,vmf_z,reliability_across,bookcorpus,wikitext,0.07470011851271294
real,(ceiling),fidelity_across,bookcorpus,agnews,0.42538220810453253
real,(ceiling:surrogate),fidelity_across,bookcorpus,agnews,0.40890464216275424
real,current,fidelity_across,bookcorpus,agnews,0.1567557383231134
real,current,reliability_across,bookcorpus,agnews,0.028603593762533176
real,fisher_pca,fidelity_across,bookcorpus,agnews,0.15707784877305767
real,fisher_pca,reliability_across,bookcorpus,agnews,0.030067208464189105
real,legacy,fidelity_across,bookcorpus,agnews,0.1880253754172312
real,legacy,reliability_across,bookcorpus,agnews,0.24347436440161274
real,nopca_fisher,fidelity_across,bookcorpus,agnews,0.16004750738778772
real,nopca_fisher,reliability_across,bookcorpus,agnews,0.10349233036258655
real,vmf_profile,fidelity_across,bookcorpus,agnews,0.12456760260350816
real,vmf_profile,reliability_across,bookcorpus,agnews,0.056253347787546655
real,vmf_z,fidelity_across,bookcorpus,agnews,0.1319692170354631
real,vmf_z,reliability_across,bookcorpus,agnews,0.044231075008256966
real,(ceiling),fidelity_across,bookcorpus,tldr17,0.5532346231608439
real,(ceiling:surrogate),fidelity_across,bookcorpus,tldr17,0.5264688967709267
real,current,fidelity_across,bookcorpus,tldr17,0.18237159128942193
real,current,reliability_across,bookcorpus,tldr17,0.03489007937599548
real,fisher_pca,fidelity_across,bookcorpus,tldr17,0.17737134879707642
real,fisher_pca,reliability_across,bookcorpus,tldr17,0.032735891910221596
real,legacy,fidelity_across,bookcorpus,tldr17,0.21142884518618615
real,legacy,reliability_across,bookcorpus,tldr17,0.2536743672275726
real,nopca_fisher,fidelity_across,bookcorpus,tldr17,0.20141675597005618
real,nopca_fisher,reliability_across,bookcorpus,tldr17,0.13272254953092102
real,vmf_profile,fidelity_across,bookcorpus,tldr17,0.15886289504193815
real,vmf_profile,reliability_across,bookcorpus,tldr17,0.05807195243012157
real,vmf_z,fidelity_across,bookcorpus,tldr17,0.15906449431702033
real,vmf_z,reliability_across,bookcorpus,tldr17,0.06095365280384881
real,(ceiling),fidelity_across,bookcorpus,codeparrot,0.11324691627973242
real,(ceiling:surrogate),fidelity_across,bookcorpus,codeparrot,0.14876031741404674
real,current,fidelity_across,bookcorpus,codeparrot,0.07800703125908727
real,current,reliability_across,bookcorpus,codeparrot,0.009702178003471746
real,fisher_pca,fidelity_across,bookcorpus,codeparrot,0.07220605758484891
real,fisher_pca,reliability_across,bookcorpus,codeparrot,0.007643408935909235
real,legacy,fidelity_across,bookcorpus,codeparrot,0.06357579772760512
real,legacy,reliability_across,bookcorpus,codeparrot,0.04459008397865776
real,nopca_fisher,fidelity_across,bookcorpus,codeparrot,0.0677347164123896
real,nopca_fisher,reliability_across,bookcorpus,codeparrot,0.0068949970053128005
real,vmf_profile,fidelity_across,bookcorpus,codeparrot,0.06417835202704263
real,vmf_profile,reliability_across,bookcorpus,codeparrot,0.010735230999230377
real,vmf_z,fidelity_across,bookcorpus,codeparrot,0.1028479670991781
real,vmf_z,reliability_across,bookcorpus,codeparrot,0.013511758441837851
real,(ceiling),fidelity_across,bookcorpus,random,0.32520835752117894
real,(ceiling:surrogate),fidelity_across,bookcorpus,random,0.3110413232334134
real,current,fidelity_across,bookcorpus,random,0.11216975989244551
real,current,reliability_across,bookcorpus,random,0.010714647344477423
real,fisher_pca,fidelity_across,bookcorpus,random,0.11383661042918287
real,fisher_pca,reliability_across,bookcorpus,random,0.021484588792888136
real,legacy,fidelity_across,bookcorpus,random,0.14843781077525767
real,legacy,reliability_across,bookcorpus,random,0.0784160695094948
real,nopca_fisher,fidelity_across,bookcorpus,random,0.09713096633325315
real,nopca_fisher,reliability_across,bookcorpus,random,0.030909941852748386
real,vmf_profile,fidelity_across,bookcorpus,random,0.08116928658716474
real,vmf_profile,reliability_across,bookcorpus,random,0.019190567254695444
real,vmf_z,fidelity_across,bookcorpus,random,0.10948735093693861
real,vmf_z,reliability_across,bookcorpus,random,0.01969135054113252
real,(ceiling),fidelity_across,bookcorpus,whitespace,0.02942963791115192
real,(ceiling:surrogate),fidelity_across,bookcorpus,whitespace,0.10332363593672504
real,current,fidelity_across,bookcorpus,whitespace,0.016002206862975023
real,current,reliability_across,bookcorpus,whitespace,0.0045233896327918416
real,fisher_pca,fidelity_across,bookcorpus,whitespace,0.04226277845589484
real,fisher_pca,reliability_across,bookcorpus,whitespace,0.006365362351881724
real,legacy,fidelity_across,bookcorpus,whitespace,0.05570028035421998
real,legacy,reliability_across,bookcorpus,whitespace,-0.03069428141179268
real,nopca_fisher,fidelity_across,bookcorpus,whitespace,0.022263989117809906
real,nopca_fisher,reliability_across,bookcorpus,whitespace,0.00025896252362816227
real,vmf_profile,fidelity_across,bookcorpus,whitespace,0.004463175396051723
real,vmf_profile,reliability_across,bookcorpus,whitespace,0.0021505049618230497
real,vmf_z,fidelity_across,bookcorpus,whitespace,0.10878210049545528
real,vmf_z,reliability_across,bookcorpus,whitespace,0.002380103052506111
real,(ceiling),fidelity_across,agnews,wikitext,0.602309432501946
real,(ceiling:surrogate),fidelity_across,agnews,wikitext,0.579691204413723
real,current,fidelity_across,agnews,wikitext,0.2257765576059949
real,current,reliability_across,agnews,wikitext,0.04390906136867884
real,fisher_pca,fidelity_across,agnews,wikitext,0.2209234403016237
real,fisher_pca,reliability_across,agnews,wikitext,0.19323258160559925
real,legacy,fidelity_across,agnews,wikitext,0.21100275316202388
real,legacy,reliability_across,agnews,wikitext,0.2862833034971458
real,nopca_fisher,fidelity_across,agnews,wikitext,0.26620839706518484
real,nopca_fisher,reliability_across,agnews,wikitext,0.1934058313484845
real,vmf_profile,fidelity_across,agnews,wikitext,0.2244708753230092
real,vmf_profile,reliability_across,agnews,wikitext,0.12793996848486064
real,vmf_z,fidelity_across,agnews,wikitext,0.23773806296265407
real,vmf_z,reliability_across,agnews,wikitext,0.06726683653831272
real,(ceiling),fidelity_across,agnews,bookcorpus,0.42538220810453253
real,(ceiling:surrogate),fidelity_across,agnews,bookcorpus,0.4089046421627543
real,current,fidelity_across,agnews,bookcorpus,0.1900272438839509
real,current,reliability_across,agnews,bookcorpus,0.028603593762533176
real,fisher_pca,fidelity_across,agnews,bookcorpus,0.19673424247527907
real,fisher_pca,reliability_across,agnews,bookcorpus,0.030067208464189105
real,legacy,fidelity_across,agnews,bookcorpus,0.18359189027633444
real,legacy,reliability_across,agnews,bookcorpus,0.24347436440161274
real,nopca_fisher,fidelity_across,agnews,bookcorpus,0.2153813386340834
real,nopca_fisher,reliability_across,agnews,bookcorpus,0.10349233036258655
real,vmf_profile,fidelity_across,agnews,bookcorpus,0.18192389529018396
real,vmf_profile,reliability_across,agnews,bookcorpus,0.056253347787546655
real,vmf_z,fidelity_across,agnews,bookcorpus,0.2110079148898477
real,vmf_z,reliability_across,agnews,bookcorpus,0.044231075008256966
real,(ceiling),fidelity_across,agnews,tldr17,0.5165559481581137
real,(ceiling:surrogate),fidelity_across,agnews,tldr17,0.498683012064044
real,current,fidelity_across,agnews,tldr17,0.21556174549484353
real,current,reliability_across,agnews,tldr17,0.02793956113275949
real,fisher_pca,fidelity_across,agnews,tldr17,0.21237805533158496
real,fisher_pca,reliability_across,agnews,tldr17,0.21753984175068639
real,legacy,fidelity_across,agnews,tldr17,0.20853790399405867
real,legacy,reliability_across,agnews,tldr17,0.23260379021341104
real,nopca_fisher,fidelity_across,agnews,tldr17,0.24362140204187738
real,nopca_fisher,reliability_across,agnews,tldr17,0.1755890837998605
real,vmf_profile,fidelity_across,agnews,tldr17,0.2090566071924924
real,vmf_profile,reliability_across,agnews,tldr17,0.0729964673800741
real,vmf_z,fidelity_across,agnews,tldr17,0.22205476199306404
real,vmf_z,reliability_across,agnews,tldr17,0.06488376098081253
real,(ceiling),fidelity_across,agnews,codeparrot,0.15023444512355313
real,(ceiling:surrogate),fidelity_across,agnews,codeparrot,0.1939701201733346
real,current,fidelity_across,agnews,codeparrot,0.08146013590586224
real,current,reliability_across,agnews,codeparrot,0.012194876337626928
real,fisher_pca,fidelity_across,agnews,codeparrot,0.07113123052314321
real,fisher_pca,reliability_across,agnews,codeparrot,0.0038902540927367884
real,legacy,fidelity_across,agnews,codeparrot,0.08395888907581514
real,legacy,reliability_across,agnews,codeparrot,0.0688839397086484
real,nopca_fisher,fidelity_across,agnews,codeparrot,0.09536263243093092
real,nopca_fisher,reliability_across,agnews,codeparrot,0.009742270390478093
real,vmf_profile,fidelity_across,agnews,codeparrot,0.07610837302990947
real,vmf_profile,reliability_across,agnews,codeparrot,0.019902851969410627
real,vmf_z,fidelity_across,agnews,codeparrot,0.1446135344285051
real,vmf_z,reliability_across,agnews,codeparrot,0.013240309302401292
real,(ceiling),fidelity_across,agnews,random,0.4484324999233414
real,(ceiling:surrogate),fidelity_across,agnews,random,0.43288494817113377
real,current,fidelity_across,agnews,random,0.16688341028752246
real,current,reliability_across,agnews,random,0.012460241237213473
real,fisher_pca,fidelity_across,agnews,random,0.167290802489519
real,fisher_pca,reliability_across,agnews,random,0.13010599791611613
real,legacy,fidelity_across,agnews,random,0.1764598186062058
real,legacy,reliability_across,agnews,random,0.07046291955934873
real,nopca_fisher,fidelity_across,agnews,random,0.1727040887051023
real,nopca_fisher,reliability_across,agnews,random,0.09950893209378202
real,vmf_profile,fidelity_across,agnews,random,0.16762247620112156
real,vmf_profile,reliability_across,agnews,random,0.09192143180283743
real,vmf_z,fidelity_across,agnews,random,0.19947438581826943
real,vmf_z,reliability_across,agnews,random,0.039644056962208865
real,(ceiling),fidelity_across,agnews,whitespace,0.04543504555121564
real,(ceiling:surrogate),fidelity_across,agnews,whitespace,0.13442656359360136
real,current,fidelity_across,agnews,whitespace,0.03470382405819396
real,current,reliability_across,agnews,whitespace,0.0062567862121149865
real,fisher_pca,fidelity_across,agnews,whitespace,0.045124796360181116
real,fisher_pca,reliability_across,agnews,whitespace,0.00265286861071435
real,legacy,fidelity_across,agnews,whitespace,0.05606571520279539
real,legacy,reliability_across,agnews,whitespace,-0.04247031124113257
real,nopca_fisher,fidelity_across,agnews,whitespace,0.0547512046671774
real,nopca_fisher,reliability_across,agnews,whitespace,0.005641469752701775
real,vmf_profile,fidelity_across,agnews,whitespace,0.04615561415079475
real,vmf_profile,reliability_across,agnews,whitespace,-0.0011989753575118178
real,vmf_z,fidelity_across,agnews,whitespace,0.25147367853349717
real,vmf_z,reliability_across,agnews,whitespace,0.001365609024302869
real,(ceiling),fidelity_across,tldr17,wikitext,0.5425762276030527
real,(ceiling:surrogate),fidelity_across,tldr17,wikitext,0.5272134161254235
real,current,fidelity_across,tldr17,wikitext,0.21096935132883285
real,current,reliability_across,tldr17,wikitext,0.03419101910291829
real,fisher_pca,fidelity_across,tldr17,wikitext,0.19361409489155756
real,fisher_pca,reliability_across,tldr17,wikitext,0.14430819649935822
real,legacy,fidelity_across,tldr17,wikitext,0.21034051443433677
real,legacy,reliability_across,tldr17,wikitext,0.24584794533630847
real,nopca_fisher,fidelity_across,tldr17,wikitext,0.24161732682104461
real,nopca_fisher,reliability_across,tldr17,wikitext,0.18163121944003013
real,vmf_profile,fidelity_across,tldr17,wikitext,0.2113787384423982
real,vmf_profile,reliability_across,tldr17,wikitext,0.06506289953933365
real,vmf_z,fidelity_across,tldr17,wikitext,0.2073653095482753
real,vmf_z,reliability_across,tldr17,wikitext,0.04604546277672303
real,(ceiling),fidelity_across,tldr17,bookcorpus,0.5532346231608439
real,(ceiling:surrogate),fidelity_across,tldr17,bookcorpus,0.5264688967709267
real,current,fidelity_across,tldr17,bookcorpus,0.21221475517262534
real,current,reliability_across,tldr17,bookcorpus,0.03489007937599548
real,fisher_pca,fidelity_across,tldr17,bookcorpus,0.19940791214160458
real,fisher_pca,reliability_across,tldr17,bookcorpus,0.032735891910221596
real,legacy,fidelity_across,tldr17,bookcorpus,0.21280042945280192
real,legacy,reliability_across,tldr17,bookcorpus,0.2536743672275726
real,nopca_fisher,fidelity_across,tldr17,bookcorpus,0.24728397240338212
real,nopca_fisher,reliability_across,tldr17,bookcorpus,0.13272254953092102
real,vmf_profile,fidelity_across,tldr17,bookcorpus,0.2077306376004556
real,vmf_profile,reliability_across,tldr17,bookcorpus,0.05807195243012157
real,vmf_z,fidelity_across,tldr17,bookcorpus,0.21274852076382145
real,vmf_z,reliability_across,tldr17,bookcorpus,0.06095365280384881
real,(ceiling),fidelity_across,tldr17,agnews,0.5165559481581137
real,(ceiling:surrogate),fidelity_across,tldr17,agnews,0.49868301206404403
real,current,fidelity_across,tldr17,agnews,0.1995444022801611
real,current,reliability_across,tldr17,agnews,0.02793956113275949
real,fisher_pca,fidelity_across,tldr17,agnews,0.18475178315858234
real,fisher_pca,reliability_across,tldr17,agnews,0.21753984175068639
real,legacy,fidelity_across,tldr17,agnews,0.21312462422153092
real,legacy,reliability_across,tldr17,agnews,0.23260379021341104
real,nopca_fisher,fidelity_across,tldr17,agnews,0.22013483385542756
real,nopca_fisher,reliability_across,tldr17,agnews,0.1755890837998605
real,vmf_profile,fidelity_across,tldr17,agnews,0.19582944525220752
real,vmf_profile,reliability_across,tldr17,agnews,0.0729964673800741
real,vmf_z,fidelity_across,tldr17,agnews,0.19807703052701417
real,vmf_z,reliability_across,tldr17,agnews,0.06488376098081253
real,(ceiling),fidelity_across,tldr17,codeparrot,0.18349812180415218
real,(ceiling:surrogate),fidelity_across,tldr17,codeparrot,0.23507982460856894
real,current,fidelity_across,tldr17,codeparrot,0.10591497722779755
real,current,reliability_across,tldr17,codeparrot,0.014984012894400016
real,fisher_pca,fidelity_across,tldr17,codeparrot,0.07250660925513357
real,fisher_pca,reliability_across,tldr17,codeparrot,0.004182910786561846
real,legacy,fidelity_across,tldr17,codeparrot,0.11193785955020555
real,legacy,reliability_across,tldr17,codeparrot,0.07252724762879963
real,nopca_fisher,fidelity_across,tldr17,codeparrot,0.17049766038191372
real,nopca_fisher,reliability_across,tldr17,codeparrot,0.017932108421523554
real,vmf_profile,fidelity_across,tldr17,codeparrot,0.13112598476991164
real,vmf_profile,reliability_across,tldr17,codeparrot,0.016098305146549148
real,vmf_z,fidelity_across,tldr17,codeparrot,0.19798343337068997
real,vmf_z,reliability_across,tldr17,codeparrot,0.010681092202032972
real,(ceiling),fidelity_across,tldr17,random,0.35368056298707246
real,(ceiling:surrogate),fidelity_across,tldr17,random,0.32755885400153134
real,current,fidelity_across,tldr17,random,0.13737595486819737
real,current,reliability_across,tldr17,random,0.01214769022455913
real,fisher_pca,fidelity_across,tldr17,random,0.13052246080813473
real,fisher_pca,reliability_across,tldr17,random,0.12272397243014817
real,legacy,fidelity_across,tldr17,random,0.1606977067846382
real,legacy,reliability_across,tldr17,random,0.04917268018434139
real,nopca_fisher,fidelity_across,tldr17,random,0.11733873957736858
real,nopca_fisher,reliability_across,tldr17,random,0.020964602513002185
real,vmf_profile,fidelity_across,tldr17,random,0.1164771612826608
real,vmf_profile,reliability_across,tldr17,random,0.019045636614456803
real,vmf_z,fidelity_across,tldr17,random,0.15224106859836076
real,vmf_z,reliability_across,tldr17,random,0.013979677741989221
real,(ceiling),fidelity_across,tldr17,whitespace,0.030067436902856452
real,(ceiling:surrogate),fidelity_across,tldr17,whitespace,0.12998136725434503
real,current,fidelity_across,tldr17,whitespace,0.015038800146863037
real,current,reliability_across,tldr17,whitespace,0.00607159291825327
real,fisher_pca,fidelity_across,tldr17,whitespace,0.03998926558626393
real,fisher_pca,reliability_across,tldr17,whitespace,0.0013545565673655873
real,legacy,fidelity_across,tldr17,whitespace,0.05375721654275312
real,legacy,reliability_across,tldr17,whitespace,-0.015171317746929248
real,nopca_fisher,fidelity_across,tldr17,whitespace,0.017133155393157944
real,nopca_fisher,reliability_across,tldr17,whitespace,0.001001710580869514
real,vmf_profile,fidelity_across,tldr17,whitespace,0.008030846382335272
real,vmf_profile,reliability_across,tldr17,whitespace,0.006199697432973199
real,vmf_z,fidelity_across,tldr17,whitespace,0.21116119693025712
real,vmf_z,reliability_across,tldr17,whitespace,0.0038115678306050813
real,(ceiling),fidelity_across,codeparrot,wikitext,0.15553313921166909
real,(ceiling:surrogate),fidelity_across,codeparrot,wikitext,0.21285602300809067
real,current,fidelity_across,codeparrot,wikitext,0.04333594955456194
real,current,reliability_across,codeparrot,wikitext,0.011378862544780616
real,fisher_pca,fidelity_across,codeparrot,wikitext,0.0400108722006193
real,fisher_pca,reliability_across,codeparrot,wikitext,0.007535353826464774
real,legacy,fidelity_across,codeparrot,wikitext,0.08007841773574181
real,legacy,reliability_across,codeparrot,wikitext,0.0692208761036444
real,nopca_fisher,fidelity_across,codeparrot,wikitext,0.06082346933390363
real,nopca_fisher,reliability_across,codeparrot,wikitext,0.00968573928725342
real,vmf_profile,fidelity_across,codeparrot,wikitext,0.045501735707545135
real,vmf_profile,reliability_across,codeparrot,wikitext,0.01369646054970855
real,vmf_z,fidelity_across,codeparrot,wikitext,0.09440297356360229
real,vmf_z,reliability_across,codeparrot,wikitext,0.009105410573454023
real,(ceiling),fidelity_across,codeparrot,bookcorpus,0.11324691627973243
real,(ceiling:surrogate),fidelity_across,codeparrot,bookcorpus,0.14876031741404677
real,current,fidelity_across,codeparrot,bookcorpus,0.025983784781925184
real,current,reliability_across,codeparrot,bookcorpus,0.009702178003471746
real,fisher_pca,fidelity_across,codeparrot,bookcorpus,0.024858803289224032
real,fisher_pca,reliability_across,codeparrot,bookcorpus,0.007643408935909235
real,legacy,fidelity_across,codeparrot,bookcorpus,0.06279495985953032
real,legacy,reliability_across,codeparrot,bookcorpus,0.04459008397865776
real,nopca_fisher,fidelity_across,codeparrot,bookcorpus,0.03683152854866359
real,nopca_fisher,reliability_across,codeparrot,bookcorpus,0.0068949970053128005
real,vmf_profile,fidelity_across,codeparrot,bookcorpus,0.02626220479544583
real,vmf_profile,reliability_across,codeparrot,bookcorpus,0.010735230999230377
real,vmf_z,fidelity_across,codeparrot,bookcorpus,0.067556428682198
real,vmf_z,reliability_across,codeparrot,bookcorpus,0.013511758441837851
real,(ceiling),fidelity_across,codeparrot,agnews,0.15023444512355313
real,(ceiling:surrogate),fidelity_across,codeparrot,agnews,0.1939701201733346
real,current,fidelity_across,codeparrot,agnews,0.034335502852368006
real,current,reliability_across,codeparrot,agnews,0.012194876337626928
real,fisher_pca,fidelity_across,codeparrot,agnews,0.03347202078859446
real,fisher_pca,reliability_across,codeparrot,agnews,0.0038902540927367884
real,legacy,fidelity_across,codeparrot,agnews,0.06688559878628633
real,legacy,reliability_across,codeparrot,agnews,0.0688839397086484
real,nopca_fisher,fidelity_across,codeparrot,agnews,0.050292269335259265
real,nopca_fisher,reliability_across,codeparrot,agnews,0.009742270390478093
real,vmf_profile,fidelity_across,codeparrot,agnews,0.03355578085107138
real,vmf_profile,reliability_across,codeparrot,agnews,0.019902851969410627
real,vmf_z,fidelity_across,codeparrot,agnews,0.08364364890730745
real,vmf_z,reliability_across,codeparrot,agnews,0.013240309302401292
real,(ceiling),fidelity_across,codeparrot,tldr17,0.1834981218041522
real,(ceiling:surrogate),fidelity_across,codeparrot,tldr17,0.23507982460856897
real,current,fidelity_across,codeparrot,tldr17,0.06923787832096637
real,current,reliability_across,codeparrot,tldr17,0.014984012894400016
real,fisher_pca,fidelity_across,codeparrot,tldr17,0.05925548939749715
real,fisher_pca,reliability_across,codeparrot,tldr17,0.004182910786561846
real,legacy,fidelity_across,codeparrot,tldr17,0.10123949054031132
real,legacy,reliability_across,codeparrot,tldr17,0.07252724762879963
real,nopca_fisher,fidelity_across,codeparrot,tldr17,0.09428360894468145
real,nopca_fisher,reliability_across,codeparrot,tldr17,0.017932108421523554
real,vmf_profile,fidelity_across,codeparrot,tldr17,0.0698046843864331
real,vmf_profile,reliability_across,codeparrot,tldr17,0.016098305146549148
real,vmf_z,fidelity_across,codeparrot,tldr17,0.1207154870448206
real,vmf_z,reliability_across,codeparrot,tldr17,0.010681092202032972
real,(ceiling),fidelity_across,codeparrot,random,0.10126734244983698
real,(ceiling:surrogate),fidelity_across,codeparrot,random,0.14926640994848192
real,current,fidelity_across,codeparrot,random,0.00034679770309254613
real,current,reliability_across,codeparrot,random,0.005769499725700925
real,fisher_pca,fidelity_across,codeparrot,random,0.0031923575911816777
real,fisher_pca,reliability_across,codeparrot,random,0.006057741283308604
real,legacy,fidelity_across,codeparrot,random,0.03233661702109142
real,legacy,reliability_across,codeparrot,random,0.012993168857929026
real,nopca_fisher,fidelity_across,codeparrot,random,0.011653953971676963
real,nopca_fisher,reliability_across,codeparrot,random,0.008558641385600418
real,vmf_profile,fidelity_across,codeparrot,random,0.0005672395805762934
real,vmf_profile,reliability_across,codeparrot,random,0.020534911353424407
real,vmf_z,fidelity_across,codeparrot,random,0.06849295204525557
real,vmf_z,reliability_across,codeparrot,random,0.016333910025571486
real,(ceiling),fidelity_across,codeparrot,whitespace,0.0046397271324008955
real,(ceiling:surrogate),fidelity_across,codeparrot,whitespace,0.0729955975572838
real,current,fidelity_across,codeparrot,whitespace,-0.021605956557000906
real,current,reliability_across,codeparrot,whitespace,0.007194178255921002
real,fisher_pca,fidelity_across,codeparrot,whitespace,-0.015960015238144214
real,fisher_pca,reliability_across,codeparrot,whitespace,0.00888517199640252
real,legacy,fidelity_across,codeparrot,whitespace,0.01185313946160954
real,legacy,reliability_across,codeparrot,whitespace,-0.00799102118177439
real,nopca_fisher,fidelity_across,codeparrot,whitespace,-0.011416189447630377
real,nopca_fisher,reliability_across,codeparrot,whitespace,0.005618468280499227
real,vmf_profile,fidelity_across,codeparrot,whitespace,-0.028697507692149155
real,vmf_profile,reliability_across,codeparrot,whitespace,0.0015213820938584628
real,vmf_z,fidelity_across,codeparrot,whitespace,0.06172176721287068
real,vmf_z,reliability_across,codeparrot,whitespace,0.0029965466459525806
real,(ceiling),fidelity_across,random,wikitext,0.3965247736239997
real,(ceiling:surrogate),fidelity_across,random,wikitext,0.3735279997475873
real,current,fidelity_across,random,wikitext,0.1604372476232781
real,current,reliability_across,random,wikitext,0.010600820218338055
real,fisher_pca,fidelity_across,random,wikitext,0.1854134660314664
real,fisher_pca,reliability_across,random,wikitext,0.09168678476874781
real,legacy,fidelity_across,random,wikitext,0.17990586523392432
real,legacy,reliability_across,random,wikitext,0.05435678118589048
real,nopca_fisher,fidelity_across,random,wikitext,0.1342221629373516
real,nopca_fisher,reliability_across,random,wikitext,0.028842344860226386
real,vmf_profile,fidelity_across,random,wikitext,0.13063469999514268
real,vmf_profile,reliability_across,random,wikitext,0.035861879108698806
real,vmf_z,fidelity_across,random,wikitext,0.16261547504556453
real,vmf_z,reliability_across,random,wikitext,0.016986786258673364
real,(ceiling),fidelity_across,random,bookcorpus,0.32520835752117894
real,(ceiling:surrogate),fidelity_across,random,bookcorpus,0.3110413232334134
real,current,fidelity_across,random,bookcorpus,0.14319254332799874
real,current,reliability_across,random,bookcorpus,0.010714647344477423
real,fisher_pca,fidelity_across,random,bookcorpus,0.16462263802289198
real,fisher_pca,reliability_across,random,bookcorpus,0.021484588792888136
real,legacy,fidelity_across,random,bookcorpus,0.15833881297004912
real,legacy,reliability_across,random,bookcorpus,0.0784160695094948
real,nopca_fisher,fidelity_across,random,bookcorpus,0.12745906854742353
real,nopca_fisher,reliability_across,random,bookcorpus,0.030909941852748386
real,vmf_profile,fidelity_across,random,bookcorpus,0.12280879818325957
real,vmf_profile,reliability_across,random,bookcorpus,0.019190567254695444
real,vmf_z,fidelity_across,random,bookcorpus,0.17437314714161803
real,vmf_z,reliability_across,random,bookcorpus,0.01969135054113252
real,(ceiling),fidelity_across,random,agnews,0.4484324999233414
real,(ceiling:surrogate),fidelity_across,random,agnews,0.4328849481711337
real,current,fidelity_across,random,agnews,0.17527563512043784
real,current,reliability_across,random,agnews,0.012460241237213473
real,fisher_pca,fidelity_across,random,agnews,0.2023060176496149
real,fisher_pca,reliability_across,random,agnews,0.13010599791611613
real,legacy,fidelity_across,random,agnews,0.2090626472669623
real,legacy,reliability_across,random,agnews,0.07046291955934873
real,nopca_fisher,fidelity_across,random,agnews,0.1600048547945488
real,nopca_fisher,reliability_across,random,agnews,0.09950893209378202
real,vmf_profile,fidelity_across,random,agnews,0.15327535734608122
real,vmf_profile,reliability_across,random,agnews,0.09192143180283743
real,vmf_z,fidelity_across,random,agnews,0.1868397513800835
real,vmf_z,reliability_across,random,agnews,0.039644056962208865
real,(ceiling),fidelity_across,random,tldr17,0.35368056298707246
real,(ceiling:surrogate),fidelity_across,random,tldr17,0.32755885400153134
real,current,fidelity_across,random,tldr17,0.15222020242822804
real,current,reliability_across,random,tldr17,0.01214769022455913
real,fisher_pca,fidelity_across,random,tldr17,0.18266288276668202
real,fisher_pca,reliability_across,random,tldr17,0.12272397243014817
real,legacy,fidelity_across,random,tldr17,0.17617645822456554
real,legacy,reliability_across,random,tldr17,0.04917268018434139
real,nopca_fisher,fidelity_across,random,tldr17,0.128605776665276
real,nopca_fisher,reliability_across,random,tldr17,0.020964602513002185
real,vmf_profile,fidelity_across,random,tldr17,0.12560806678183759
real,vmf_profile,reliability_across,random,tldr17,0.019045636614456803
real,vmf_z,fidelity_across,random,tldr17,0.15804437152582101
real,vmf_z,reliability_across,random,tldr17,0.013979677741989221
real,(ceiling),fidelity_across,random,codeparrot,0.10126734244983698
real,(ceiling:surrogate),fidelity_across,random,codeparrot,0.14926640994848192
real,current,fidelity_across,random,codeparrot,0.04822070763925973
real,current,reliability_across,random,codeparrot,0.005769499725700925
real,fisher_pca,fidelity_across,random,codeparrot,0.05650879291088629
real,fisher_pca,reliability_across,random,codeparrot,0.006057741283308604
real,legacy,fidelity_across,random,codeparrot,0.05056859724479528
real,legacy,reliability_across,random,codeparrot,0.012993168857929026
real,nopca_fisher,fidelity_across,random,codeparrot,0.02881811769312832
real,nopca_fisher,reliability_across,random,codeparrot,0.008558641385600418
real,vmf_profile,fidelity_across,random,codeparrot,0.0298264800933225
real,vmf_profile,reliability_across,random,codeparrot,0.020534911353424407
real,vmf_z,fidelity_across,random,codeparrot,0.12355865289695502
real,vmf_z,reliability_across,random,codeparrot,0.016333910025571486
real,(ceiling),fidelity_across,random,whitespace,0.07563503491408995
real,(ceiling:surrogate),fidelity_across,random,whitespace,0.10852079160952866
real,current,fidelity_across,random,whitespace,0.04157318362304296
real,current,reliability_across,random,whitespace,0.002584063325040505
real,fisher_pca,fidelity_across,random,whitespace,0.038392398676064386
real,fisher_pca,reliability_across,random,whitespace,0.0025682402499204006
real,legacy,fidelity_across,random,whitespace,0.11949423785552676
real,legacy,reliability_across,random,whitespace,0.038654918046417
real,nopca_fisher,fidelity_across,random,whitespace,0.11290518018872894
real,nopca_fisher,reliability_across,random,whitespace,0.027081888112372776
real,vmf_profile,fidelity_across,random,whitespace,0.08048635634920356
real,vmf_profile,reliability_across,random,whitespace,-0.0013631830059862423
real,vmf_z,fidelity_across,random,whitespace,0.1606101793111694
real,vmf_z,reliability_across,random,whitespace,0.005453098938018862
real,(ceiling),fidelity_across,whitespace,wikitext,0.022150065893993147
real,(ceiling:surrogate),fidelity_across,whitespace,wikitext,0.12169063656603529
real,current,fidelity_across,whitespace,wikitext,0.00908797715452977
real,current,reliability_across,whitespace,wikitext,0.0052738055233138665
real,fisher_pca,fidelity_across,whitespace,wikitext,0.00889220705021818
real,fisher_pca,reliability_across,whitespace,wikitext,0.0038173432724788467
real,legacy,fidelity_across,whitespace,wikitext,0.010525336990831094
real,legacy,reliability_across,whitespace,wikitext,-0.009860154694284778
real,nopca_fisher,fidelity_across,whitespace,wikitext,0.01133919723765219
real,nopca_fisher,reliability_across,whitespace,wikitext,0.0015723491392255835
real,vmf_profile,fidelity_across,whitespace,wikitext,0.014163834741641325
real,vmf_profile,reliability_across,whitespace,wikitext,0.002134641577365497
real,vmf_z,fidelity_across,whitespace,wikitext,0.021123748027879863
real,vmf_z,reliability_across,whitespace,wikitext,0.002752608366030493
real,(ceiling),fidelity_across,whitespace,bookcorpus,0.029429637911151923
real,(ceiling:surrogate),fidelity_across,whitespace,bookcorpus,0.10332363593672506
real,current,fidelity_across,whitespace,bookcorpus,0.016567854013359223
real,current,reliability_across,whitespace,bookcorpus,0.0045233896327918416
real,fisher_pca,fidelity_across,whitespace,bookcorpus,0.01755776065017278
real,fisher_pca,reliability_across,whitespace,bookcorpus,0.006365362351881724
real,legacy,fidelity_across,whitespace,bookcorpus,0.02680573552448515
real,legacy,reliability_across,whitespace,bookcorpus,-0.03069428141179268
real,nopca_fisher,fidelity_across,whitespace,bookcorpus,0.02105426882708001
real,nopca_fisher,reliability_across,whitespace,bookcorpus,0.00025896252362816227
real,vmf_profile,fidelity_across,whitespace,bookcorpus,0.02186882767769757
real,vmf_profile,reliability_across,whitespace,bookcorpus,0.0021505049618230497
real,vmf_z,fidelity_across,whitespace,bookcorpus,0.028347164147013465
real,vmf_z,reliability_across,whitespace,bookcorpus,0.002380103052506111
real,(ceiling),fidelity_across,whitespace,agnews,0.04543504555121564
real,(ceiling:surrogate),fidelity_across,whitespace,agnews,0.13442656359360136
real,current,fidelity_across,whitespace,agnews,0.02879638525720321
real,current,reliability_across,whitespace,agnews,0.0062567862121149865
real,fisher_pca,fidelity_across,whitespace,agnews,0.033073089746185495
real,fisher_pca,reliability_across,whitespace,agnews,0.00265286861071435
real,legacy,fidelity_across,whitespace,agnews,0.04967257132152401
real,legacy,reliability_across,whitespace,agnews,-0.04247031124113257
real,nopca_fisher,fidelity_across,whitespace,agnews,0.035510259342454456
real,nopca_fisher,reliability_across,whitespace,agnews,0.005641469752701775
real,vmf_profile,fidelity_across,whitespace,agnews,0.03031221980521489
real,vmf_profile,reliability_across,whitespace,agnews,-0.0011989753575118178
real,vmf_z,fidelity_across,whitespace,agnews,0.03513440890378478
real,vmf_z,reliability_across,whitespace,agnews,0.001365609024302869
real,(ceiling),fidelity_across,whitespace,tldr17,0.030067436902856452
real,(ceiling:surrogate),fidelity_across,whitespace,tldr17,0.12998136725434503
real,current,fidelity_across,whitespace,tldr17,0.015594212424555507
real,current,reliability_across,whitespace,tldr17,0.00607159291825327
real,fisher_pca,fidelity_across,whitespace,tldr17,0.017437700081669998
real,fisher_pca,reliability_across,whitespace,tldr17,0.0013545565673655873
real,legacy,fidelity_across,whitespace,tldr17,0.025997107391172204
real,legacy,reliability_across,whitespace,tldr17,-0.015171317746929248
real,nopca_fisher,fidelity_across,whitespace,tldr17,0.02040310184982017
real,nopca_fisher,reliability_across,whitespace,tldr17,0.001001710580869514
real,vmf_profile,fidelity_across,whitespace,tldr17,0.02060357500352215
real,vmf_profile,reliability_across,whitespace,tldr17,0.006199697432973199
real,vmf_z,fidelity_across,whitespace,tldr17,0.02611714679498342
real,vmf_z,reliability_across,whitespace,tldr17,0.0038115678306050813
real,(ceiling),fidelity_across,whitespace,codeparrot,0.004639727132400895
real,(ceiling:surrogate),fidelity_across,whitespace,codeparrot,0.0729955975572838
real,current,fidelity_across,whitespace,codeparrot,-0.004049789100313394
real,current,reliability_across,whitespace,codeparrot,0.007194178255921002
real,fisher_pca,fidelity_across,whitespace,codeparrot,0.00031285796729307375
real,fisher_pca,reliability_across,whitespace,codeparrot,0.00888517199640252
real,legacy,fidelity_across,whitespace,codeparrot,-0.009068136918998776
real,legacy,reliability_across,whitespace,codeparrot,-0.00799102118177439
real,nopca_fisher,fidelity_across,whitespace,codeparrot,-0.002239506545848057
real,nopca_fisher,reliability_across,whitespace,codeparrot,0.005618468280499227
real,vmf_profile,fidelity_across,whitespace,codeparrot,0.0071025024399549615
real,vmf_profile,reliability_across,whitespace,codeparrot,0.0015213820938584628
real,vmf_z,fidelity_across,whitespace,codeparrot,0.017562860059224812
real,vmf_z,reliability_across,whitespace,codeparrot,0.0029965466459525806
real,(ceiling),fidelity_across,whitespace,random,0.07563503491408995
real,(ceiling:surrogate),fidelity_across,whitespace,random,0.10852079160952866
real,current,fidelity_across,whitespace,random,0.05914076693484158
real,current,reliability_across,whitespace,random,0.002584063325040505
real,fisher_pca,fidelity_across,whitespace,random,0.06619352872829364
real,fisher_pca,reliability_across,whitespace,random,0.0025682402499204006
real,legacy,fidelity_across,whitespace,random,0.1089998594206717
real,legacy,reliability_across,whitespace,random,0.038654918046417
real,nopca_fisher,fidelity_across,whitespace,random,0.07103625039686533
real,nopca_fisher,reliability_across,whitespace,random,0.027081888112372776
real,vmf_profile,fidelity_across,whitespace,random,0.05559590194898938
real,vmf_profile,reliability_across,whitespace,random,-0.0013631830059862423
real,vmf_z,fidelity_across,whitespace,random,0.044090539254050036
real,vmf_z,reliability_across,whitespace,random,0.005453098938018862
real,(ceiling),fidelity_across_halves,wikitext,bookcorpus,0.5407400405693968
real,(ceiling:surrogate),fidelity_across_halves,wikitext,bookcorpus,0.5241622888871883
real,current,fidelity_across_halves,wikitext,bookcorpus,0.2106311572621263
real,current,reliability_across_halves,wikitext,bookcorpus,0.026573484100277708
real,fisher_pca,fidelity_across_halves,wikitext,bookcorpus,0.2182169924591733
real,fisher_pca,reliability_across_halves,wikitext,bookcorpus,0.07735258910663129
real,legacy,fidelity_across_halves,wikitext,bookcorpus,0.2022776235590089
real,legacy,reliability_across_halves,wikitext,bookcorpus,0.23139950672817933
real,nopca_fisher,fidelity_across_halves,wikitext,bookcorpus,0.3006796888444311
real,nopca_fisher,reliability_across_halves,wikitext,bookcorpus,0.22280715520317493
real,vmf_profile,fidelity_across_halves,wikitext,bookcorpus,0.23996751031634478
real,vmf_profile,reliability_across_halves,wikitext,bookcorpus,0.12228197511624424
real,vmf_z,fidelity_across_halves,wikitext,bookcorpus,0.25040095709394383
real,vmf_z,reliability_across_halves,wikitext,bookcorpus,0.07793277032807182
real,(ceiling),fidelity_across_halves,wikitext,agnews,0.6015652423150111
real,(ceiling:surrogate),fidelity_across_halves,wikitext,agnews,0.5778705492413867
real,current,fidelity_across_halves,wikitext,agnews,0.23657998913224793
real,current,reliability_across_halves,wikitext,agnews,0.03444339165464919
real,fisher_pca,fidelity_across_halves,wikitext,agnews,0.18244057297475252
real,fisher_pca,reliability_across_halves,wikitext,agnews,0.12144721841488747
real,legacy,fidelity_across_halves,wikitext,agnews,0.2187195496598774
real,legacy,reliability_across_halves,wikitext,agnews,0.28281028840392036
real,nopca_fisher,fidelity_across_halves,wikitext,agnews,0.22389787019634166
real,nopca_fisher,reliability_across_halves,wikitext,agnews,0.20592648495577956
real,vmf_profile,fidelity_across_halves,wikitext,agnews,0.19793937416460725
real,vmf_profile,reliability_across_halves,wikitext,agnews,0.1283827330775934
real,vmf_z,fidelity_across_halves,wikitext,agnews,0.171923322005357
real,vmf_z,reliability_across_halves,wikitext,agnews,0.06100976548807114
real,(ceiling),fidelity_across_halves,wikitext,tldr17,0.5386321691774711
real,(ceiling:surrogate),fidelity_across_halves,wikitext,tldr17,0.5224725169033341
real,current,fidelity_across_halves,wikitext,tldr17,0.22500159864348054
real,current,reliability_across_halves,wikitext,tldr17,0.033319925697091704
real,fisher_pca,fidelity_across_halves,wikitext,tldr17,0.18503046887078758
real,fisher_pca,reliability_across_halves,wikitext,tldr17,0.11365866709181179
real,legacy,fidelity_across_halves,wikitext,tldr17,0.21636050809951263
real,legacy,reliability_across_halves,wikitext,tldr17,0.2939052881260601
real,nopca_fisher,fidelity_across_halves,wikitext,tldr17,0.2210272343214164
real,nopca_fisher,reliability_across_halves,wikitext,tldr17,0.15367873635913298
real,vmf_profile,fidelity_across_halves,wikitext,tldr17,0.19623168058459034
real,vmf_profile,reliability_across_halves,wikitext,tldr17,0.06934958025557768
real,vmf_z,fidelity_across_halves,wikitext,tldr17,0.17579461558766799
real,vmf_z,reliability_across_halves,wikitext,tldr17,0.04500637600709132
real,(ceiling),fidelity_across_halves,wikitext,codeparrot,0.15051719447088646
real,(ceiling:surrogate),fidelity_across_halves,wikitext,codeparrot,0.20493430866533352
real,current,fidelity_across_halves,wikitext,codeparrot,0.08697129019137584
real,current,reliability_across_halves,wikitext,codeparrot,0.011897449941629336
real,fisher_pca,fidelity_across_halves,wikitext,codeparrot,0.08613108207455045
real,fisher_pca,reliability_across_halves,wikitext,codeparrot,0.006254900931078765
real,legacy,fidelity_across_halves,wikitext,codeparrot,0.10878770670953528
real,legacy,reliability_across_halves,wikitext,codeparrot,0.07093254470437269
real,nopca_fisher,fidelity_across_halves,wikitext,codeparrot,0.10318128862118386
real,nopca_fisher,reliability_across_halves,wikitext,codeparrot,0.01035964809729297
real,vmf_profile,fidelity_across_halves,wikitext,codeparrot,0.08191107024775422
real,vmf_profile,reliability_across_halves,wikitext,codeparrot,0.013495912671325631
real,vmf_z,fidelity_across_halves,wikitext,codeparrot,0.12602147029776029
real,vmf_z,reliability_across_halves,wikitext,codeparrot,0.009187497308108626
real,(ceiling),fidelity_across_halves,wikitext,random,0.39673650894182283
real,(ceiling:surrogate),fidelity_across_halves,wikitext,random,0.3732161807057244
real,current,fidelity_across_halves,wikitext,random,0.16297222135880132
real,current,reliability_across_halves,wikitext,random,0.017291567972391817
real,fisher_pca,fidelity_across_halves,wikitext,random,0.12601823663111908
real,fisher_pca,reliability_across_halves,wikitext,random,0.1163163315279042
real,legacy,fidelity_across_halves,wikitext,random,0.16756565400908868
real,legacy,reliability_across_halves,wikitext,random,0.07336344983633933
real,nopca_fisher,fidelity_across_halves,wikitext,random,0.11989208922861952
real,nopca_fisher,reliability_across_halves,wikitext,random,0.05218307604438682
real,vmf_profile,fidelity_across_halves,wikitext,random,0.12232013627267152
real,vmf_profile,reliability_across_halves,wikitext,random,0.028933060107074113
real,vmf_z,fidelity_across_halves,wikitext,random,0.12787279015758532
real,vmf_z,reliability_across_halves,wikitext,random,0.017099489592618335
real,(ceiling),fidelity_across_halves,wikitext,whitespace,0.02236405078203489
real,(ceiling:surrogate),fidelity_across_halves,wikitext,whitespace,0.13461472277510203
real,current,fidelity_across_halves,wikitext,whitespace,0.029205554406378315
real,current,reliability_across_halves,wikitext,whitespace,0.004347736979701132
real,fisher_pca,fidelity_across_halves,wikitext,whitespace,0.038554780143714974
real,fisher_pca,reliability_across_halves,wikitext,whitespace,0.0017946073752998241
real,legacy,fidelity_across_halves,wikitext,whitespace,0.055278159840612615
real,legacy,reliability_across_halves,wikitext,whitespace,-0.028045608251773182
real,nopca_fisher,fidelity_across_halves,wikitext,whitespace,0.004161871237455212
real,nopca_fisher,reliability_across_halves,wikitext,whitespace,0.0008654754251941793
real,vmf_profile,fidelity_across_halves,wikitext,whitespace,0.004564042464867188
real,vmf_profile,reliability_across_halves,wikitext,whitespace,0.0028669745491240513
real,vmf_z,fidelity_across_halves,wikitext,whitespace,0.07294572596099576
real,vmf_z,reliability_across_halves,wikitext,whitespace,0.003136018296144147
real,(ceiling),fidelity_across_halves,bookcorpus,wikitext,0.5501664149992685
real,(ceiling:surrogate),fidelity_across_halves,bookcorpus,wikitext,0.5339156728713504
real,current,fidelity_across_halves,bookcorpus,wikitext,0.20444058167968265
real,current,reliability_across_halves,bookcorpus,wikitext,0.037879649064201354
real,fisher_pca,fidelity_across_halves,bookcorpus,wikitext,0.18672346229997422
real,fisher_pca,reliability_across_halves,bookcorpus,wikitext,0.006653217349627293
real,legacy,fidelity_across_halves,bookcorpus,wikitext,0.20629388522186112
real,legacy,reliability_across_halves,bookcorpus,wikitext,0.2578455304842061
real,nopca_fisher,fidelity_across_halves,bookcorpus,wikitext,0.2566949009344147
real,nopca_fisher,reliability_across_halves,bookcorpus,wikitext,0.21986720022456538
real,vmf_profile,fidelity_across_halves,bookcorpus,wikitext,0.21451172399215265
real,vmf_profile,reliability_across_halves,bookcorpus,wikitext,0.10086964698653066
real,vmf_z,fidelity_across_halves,bookcorpus,wikitext,0.23715854490422225
real,vmf_z,reliability_across_halves,bookcorpus,wikitext,0.07929962034030469
real,(ceiling),fidelity_across_halves,bookcorpus,agnews,0.4265405146873672
real,(ceiling:surrogate),fidelity_across_halves,bookcorpus,agnews,0.4092214524078624
real,current,fidelity_across_halves,bookcorpus,agnews,0.17613528445415547
real,current,reliability_across_halves,bookcorpus,agnews,0.024590892187941915
real,fisher_pca,fidelity_across_halves,bookcorpus,agnews,0.15614089242366036
real,fisher_pca,reliability_across_halves,bookcorpus,agnews,0.002741019823134569
real,legacy,fidelity_across_halves,bookcorpus,agnews,0.1954573959704923
real,legacy,reliability_across_halves,bookcorpus,agnews,0.17957865269274226
real,nopca_fisher,fidelity_across_halves,bookcorpus,agnews,0.15320434026424243
real,nopca_fisher,reliability_across_halves,bookcorpus,agnews,0.10348246218540573
real,vmf_profile,fidelity_across_halves,bookcorpus,agnews,0.12527501877217737
real,vmf_profile,reliability_across_halves,bookcorpus,agnews,0.059134288140116925
real,vmf_z,fidelity_across_halves,bookcorpus,agnews,0.1519748913461467
real,vmf_z,reliability_across_halves,bookcorpus,agnews,0.04431792000957469
real,(ceiling),fidelity_across_halves,bookcorpus,tldr17,0.5550945548915478
real,(ceiling:surrogate),fidelity_across_halves,bookcorpus,tldr17,0.5266231392867862
real,current,fidelity_across_halves,bookcorpus,tldr17,0.1987058683870465
real,current,reliability_across_halves,bookcorpus,tldr17,0.02631265148755059
real,fisher_pca,fidelity_across_halves,bookcorpus,tldr17,0.17635597432660768
real,fisher_pca,reliability_across_halves,bookcorpus,tldr17,0.009782521729797437
real,legacy,fidelity_across_halves,bookcorpus,tldr17,0.2150259272133476
real,legacy,reliability_across_halves,bookcorpus,tldr17,0.26733906446233274
real,nopca_fisher,fidelity_across_halves,bookcorpus,tldr17,0.1955652627775205
real,nopca_fisher,reliability_across_halves,bookcorpus,tldr17,0.13322515149089184
real,vmf_profile,fidelity_across_halves,bookcorpus,tldr17,0.15786146464768136
real,vmf_profile,reliability_across_halves,bookcorpus,tldr17,0.06882632271488351
real,vmf_z,fidelity_across_halves,bookcorpus,tldr17,0.1775309819715955
real,vmf_z,reliability_across_halves,bookcorpus,tldr17,0.058048345818721335
real,(ceiling),fidelity_across_halves,bookcorpus,codeparrot,0.111730611938205
real,(ceiling:surrogate),fidelity_across_halves,bookcorpus,codeparrot,0.14767760942963312
real,current,fidelity_across_halves,bookcorpus,codeparrot,0.07971832299520122
real,current,reliability_across_halves,bookcorpus,codeparrot,0.008338928295310284
real,fisher_pca,fidelity_across_halves,bookcorpus,codeparrot,0.07086786814844427
real,fisher_pca,reliability_across_halves,bookcorpus,codeparrot,0.009400632869410907
real,legacy,fidelity_across_halves,bookcorpus,codeparrot,0.07833233206401913
real,legacy,reliability_across_halves,bookcorpus,codeparrot,0.05729094276074154
real,nopca_fisher,fidelity_across_halves,bookcorpus,codeparrot,0.0582724201341393
real,nopca_fisher,reliability_across_halves,bookcorpus,codeparrot,0.008446696799483715
real,vmf_profile,fidelity_across_halves,bookcorpus,codeparrot,0.0588616455313387
real,vmf_profile,reliability_across_halves,bookcorpus,codeparrot,0.011337156538874441
real,vmf_z,fidelity_across_halves,bookcorpus,codeparrot,0.12178265415939951
real,vmf_z,reliability_across_halves,bookcorpus,codeparrot,0.014622626710599782
real,(ceiling),fidelity_across_halves,bookcorpus,random,0.3250275948236393
real,(ceiling:surrogate),fidelity_across_halves,bookcorpus,random,0.31020216989592675
real,current,fidelity_across_halves,bookcorpus,random,0.12566140433376083
real,current,reliability_across_halves,bookcorpus,random,0.012973826435811778
real,fisher_pca,fidelity_across_halves,bookcorpus,random,0.11659526347033118
real,fisher_pca,reliability_across_halves,bookcorpus,random,0.005613741823149652
real,legacy,fidelity_across_halves,bookcorpus,random,0.15768286313355764
real,legacy,reliability_across_halves,bookcorpus,random,0.07858922827370814
real,nopca_fisher,fidelity_across_halves,bookcorpus,random,0.09155308651137667
real,nopca_fisher,reliability_across_halves,bookcorpus,random,0.04264624172232998
real,vmf_profile,fidelity_across_halves,bookcorpus,random,0.08350548535948372
real,vmf_profile,reliability_across_halves,bookcorpus,random,0.02079991997211331
real,vmf_z,fidelity_across_halves,bookcorpus,random,0.1310137240310635
real,vmf_z,reliability_across_halves,bookcorpus,random,0.01889129093805934
real,(ceiling),fidelity_across_halves,bookcorpus,whitespace,0.029384733195868953
real,(ceiling:surrogate),fidelity_across_halves,bookcorpus,whitespace,0.11042863698934553
real,current,fidelity_across_halves,bookcorpus,whitespace,0.022251857775167742
real,current,reliability_across_halves,bookcorpus,whitespace,0.0035345227116612213
real,fisher_pca,fidelity_across_halves,bookcorpus,whitespace,0.037446583494467
real,fisher_pca,reliability_across_halves,bookcorpus,whitespace,0.007115660061654671
real,legacy,fidelity_across_halves,bookcorpus,whitespace,0.07036996571434188
real,legacy,reliability_across_halves,bookcorpus,whitespace,-0.050307539774372245
real,nopca_fisher,fidelity_across_halves,bookcorpus,whitespace,0.019329294644734138
real,nopca_fisher,reliability_across_halves,bookcorpus,whitespace,0.00148173745912857
real,vmf_profile,fidelity_across_halves,bookcorpus,whitespace,0.0033977734259446274
real,vmf_profile,reliability_across_halves,bookcorpus,whitespace,0.001736685309623795
real,vmf_z,fidelity_across_halves,bookcorpus,whitespace,0.16294365306502803
real,vmf_z,reliability_across_halves,bookcorpus,whitespace,0.0026962182109247115
real,(ceiling),fidelity_across_halves,agnews,wikitext,0.5995085154623985
real,(ceiling:surrogate),fidelity_across_halves,agnews,wikitext,0.576237732480006
real,current,fidelity_across_halves,agnews,wikitext,0.22030065939345322
real,current,reliability_across_halves,agnews,wikitext,0.03748432694948821
real,fisher_pca,fidelity_across_halves,agnews,wikitext,0.23459924187025613
real,fisher_pca,reliability_across_halves,agnews,wikitext,0.1580532756360162
real,legacy,fidelity_across_halves,agnews,wikitext,0.22080932421552227
real,legacy,reliability_across_halves,agnews,wikitext,0.3144501001648206
real,nopca_fisher,fidelity_across_halves,agnews,wikitext,0.2722048410043732
real,nopca_fisher,reliability_across_halves,agnews,wikitext,0.21045688782767027
real,vmf_profile,fidelity_across_halves,agnews,wikitext,0.21693200458291362
real,vmf_profile,reliability_across_halves,agnews,wikitext,0.09942165602406021
real,vmf_z,fidelity_across_halves,agnews,wikitext,0.23105175078871631
real,vmf_z,reliability_across_halves,agnews,wikitext,0.06167736140842464
real,(ceiling),fidelity_across_halves,agnews,bookcorpus,0.4228868751136002
real,(ceiling:surrogate),fidelity_across_halves,agnews,bookcorpus,0.40567429721751347
real,current,fidelity_across_halves,agnews,bookcorpus,0.18541009286404295
real,current,reliability_across_halves,agnews,bookcorpus,0.026196313465530408
real,fisher_pca,fidelity_across_halves,agnews,bookcorpus,0.20358609740073955
real,fisher_pca,reliability_across_halves,agnews,bookcorpus,0.07584670893255326
real,legacy,fidelity_across_halves,agnews,bookcorpus,0.19345646543911124
real,legacy,reliability_across_halves,agnews,bookcorpus,0.23742168525382934
real,nopca_fisher,fidelity_across_halves,agnews,bookcorpus,0.2213780037920757
real,nopca_fisher,reliability_across_halves,agnews,bookcorpus,0.10440305602639958
real,vmf_profile,fidelity_across_halves,agnews,bookcorpus,0.17583220743231015
real,vmf_profile,reliability_across_halves,agnews,bookcorpus,0.0639541799894503
real,vmf_z,fidelity_across_halves,agnews,bookcorpus,0.2071168628706331
real,vmf_z,reliability_across_halves,agnews,bookcorpus,0.044411791605190674
real,(ceiling),fidelity_across_halves,agnews,tldr17,0.5137840354406988
real,(ceiling:surrogate),fidelity_across_halves,agnews,tldr17,0.4951739398050045
real,current,fidelity_across_halves,agnews,tldr17,0.20754448963743993
real,current,reliability_across_halves,agnews,tldr17,0.030311323689066312
real,fisher_pca,fidelity_across_halves,agnews,tldr17,0.22773487573021778
real,fisher_pca,reliability_across_halves,agnews,tldr17,0.1641908562499041
real,legacy,fidelity_across_halves,agnews,tldr17,0.21963237411431472
real,legacy,reliability_across_halves,agnews,tldr17,0.29056358035605645
real,nopca_fisher,fidelity_across_halves,agnews,tldr17,0.24981309681692612
real,nopca_fisher,reliability_across_halves,agnews,tldr17,0.15792824293777685
real,vmf_profile,fidelity_across_halves,agnews,tldr17,0.2029918975217217
real,vmf_profile,reliability_across_halves,agnews,tldr17,0.07429958245789674
real,vmf_z,fidelity_across_halves,agnews,tldr17,0.21499901346197114
real,vmf_z,reliability_across_halves,agnews,tldr17,0.052654479359129355
real,(ceiling),fidelity_across_halves,agnews,codeparrot,0.1465100042417221
real,(ceiling:surrogate),fidelity_across_halves,agnews,codeparrot,0.18841724514220023
real,current,fidelity_across_halves,agnews,codeparrot,0.07853707486701189
real,current,reliability_across_halves,agnews,codeparrot,0.01309564999793579
real,fisher_pca,fidelity_across_halves,agnews,codeparrot,0.09425008621920601
real,fisher_pca,reliability_across_halves,agnews,codeparrot,0.005358044630603818
real,legacy,fidelity_across_halves,agnews,codeparrot,0.08357268934663563
real,legacy,reliability_across_halves,agnews,codeparrot,0.07078762227985423
real,nopca_fisher,fidelity_across_halves,agnews,codeparrot,0.10019402365725127
real,nopca_fisher,reliability_across_halves,agnews,codeparrot,0.009590991095326767
real,vmf_profile,fidelity_across_halves,agnews,codeparrot,0.06903987109775934
real,vmf_profile,reliability_across_halves,agnews,codeparrot,0.021132518442562698
real,vmf_z,fidelity_across_halves,agnews,codeparrot,0.1449623493357526
real,vmf_z,reliability_across_halves,agnews,codeparrot,0.016781503219714725
real,(ceiling),fidelity_across_halves,agnews,random,0.44728303974847416
real,(ceiling:surrogate),fidelity_across_halves,agnews,random,0.4303472823206109
real,current,fidelity_across_halves,agnews,random,0.1629187997396882
real,current,reliability_across_halves,agnews,random,0.02326904230624327
real,fisher_pca,fidelity_across_halves,agnews,random,0.17777730271579836
real,fisher_pca,reliability_across_halves,agnews,random,0.1511063648479693
real,legacy,fidelity_across_halves,agnews,random,0.17734289778428447
real,legacy,reliability_across_halves,agnews,random,0.07437832027042936
real,nopca_fisher,fidelity_across_halves,agnews,random,0.17877291103546533
real,nopca_fisher,reliability_across_halves,agnews,random,0.12825350219931994
real,vmf_profile,fidelity_across_halves,agnews,random,0.16674423740230138
real,vmf_profile,reliability_across_halves,agnews,random,0.08256725092861905
real,vmf_z,fidelity_across_halves,agnews,random,0.20007362382513222
real,vmf_z,reliability_across_halves,agnews,random,0.04455072523772825
real,(ceiling),fidelity_across_halves,agnews,whitespace,0.045630491828776445
real,(ceiling:surrogate),fidelity_across_halves,agnews,whitespace,0.1461290628521163
real,current,fidelity_across_halves,agnews,whitespace,0.04018786637326563
real,current,reliability_across_halves,agnews,whitespace,0.006380513230205629
real,fisher_pca,fidelity_across_halves,agnews,whitespace,0.04293753108001658
real,fisher_pca,reliability_across_halves,agnews,whitespace,0.004249623293570588
real,legacy,fidelity_across_halves,agnews,whitespace,0.0611527584393285
real,legacy,reliability_across_halves,agnews,whitespace,-0.07296048805185305
real,nopca_fisher,fidelity_across_halves,agnews,whitespace,0.05854177326540882
real,nopca_fisher,reliability_across_halves,agnews,whitespace,0.00643209823751156
real,vmf_profile,fidelity_across_halves,agnews,whitespace,0.05149875128075834
real,vmf_profile,reliability_across_halves,agnews,whitespace,-0.002248780115816436
real,vmf_z,fidelity_across_halves,agnews,whitespace,0.2422452092484753
real,vmf_z,reliability_across_halves,agnews,whitespace,0.0010961367054772503
real,(ceiling),fidelity_across_halves,tldr17,wikitext,0.5427923746027475
real,(ceiling:surrogate),fidelity_across_halves,tldr17,wikitext,0.5274562039165417
real,current,fidelity_across_halves,tldr17,wikitext,0.21074308012920925
real,current,reliability_across_halves,tldr17,wikitext,0.026896456741642365
real,fisher_pca,fidelity_across_halves,tldr17,wikitext,0.20947985999963037
real,fisher_pca,reliability_across_halves,tldr17,wikitext,0.06961130654233612
real,legacy,fidelity_across_halves,tldr17,wikitext,0.1998684075657068
real,legacy,reliability_across_halves,tldr17,wikitext,0.2958281444487048
real,nopca_fisher,fidelity_across_halves,tldr17,wikitext,0.2410977061267727
real,nopca_fisher,reliability_across_halves,tldr17,wikitext,0.1670622089756837
real,vmf_profile,fidelity_across_halves,tldr17,wikitext,0.2025411050497166
real,vmf_profile,reliability_across_halves,tldr17,wikitext,0.058532928734047675
real,vmf_z,fidelity_across_halves,tldr17,wikitext,0.19263203877324322
real,vmf_z,reliability_across_halves,tldr17,wikitext,0.05223222357519074
real,(ceiling),fidelity_across_halves,tldr17,bookcorpus,0.5486373918851337
real,(ceiling:surrogate),fidelity_across_halves,tldr17,bookcorpus,0.5196786272201652
real,current,fidelity_across_halves,tldr17,bookcorpus,0.20829630189035453
real,current,reliability_across_halves,tldr17,bookcorpus,0.03429882997805526
real,fisher_pca,fidelity_across_halves,tldr17,bookcorpus,0.20488315116496236
real,fisher_pca,reliability_across_halves,tldr17,bookcorpus,0.053134630434517896
real,legacy,fidelity_across_halves,tldr17,bookcorpus,0.20361853914811465
real,legacy,reliability_across_halves,tldr17,bookcorpus,0.297914021241683
real,nopca_fisher,fidelity_across_halves,tldr17,bookcorpus,0.2410184085196342
real,nopca_fisher,reliability_across_halves,tldr17,bookcorpus,0.13062769351050524
real,vmf_profile,fidelity_across_halves,tldr17,bookcorpus,0.19757650892536707
real,vmf_profile,reliability_across_halves,tldr17,bookcorpus,0.049273720207692204
real,vmf_z,fidelity_across_halves,tldr17,bookcorpus,0.19837931366934794
real,vmf_z,reliability_across_halves,tldr17,bookcorpus,0.04937491497483173
real,(ceiling),fidelity_across_halves,tldr17,agnews,0.5165400654006588
real,(ceiling:surrogate),fidelity_across_halves,tldr17,agnews,0.4982096897683551
real,current,fidelity_across_halves,tldr17,agnews,0.20189097740855247
real,current,reliability_across_halves,tldr17,agnews,0.030352783414481072
real,fisher_pca,fidelity_across_halves,tldr17,agnews,0.2085981325164267
real,fisher_pca,reliability_across_halves,tldr17,agnews,0.055917799404425615
real,legacy,fidelity_across_halves,tldr17,agnews,0.20419443331866374
real,legacy,reliability_across_halves,tldr17,agnews,0.21445402530994814
real,nopca_fisher,fidelity_across_halves,tldr17,agnews,0.2172458404500567
real,nopca_fisher,reliability_across_halves,tldr17,agnews,0.17600937988659573
real,vmf_profile,fidelity_across_halves,tldr17,agnews,0.18596061868733874
real,vmf_profile,reliability_across_halves,tldr17,agnews,0.06432857668031754
real,vmf_z,fidelity_across_halves,tldr17,agnews,0.18231853108562554
real,vmf_z,reliability_across_halves,tldr17,agnews,0.05816591414135849
real,(ceiling),fidelity_across_halves,tldr17,codeparrot,0.18076735193205884
real,(ceiling:surrogate),fidelity_across_halves,tldr17,codeparrot,0.2271912053324574
real,current,fidelity_across_halves,tldr17,codeparrot,0.09956176940979215
real,current,reliability_across_halves,tldr17,codeparrot,0.013125380459117113
real,fisher_pca,fidelity_across_halves,tldr17,codeparrot,0.1163721040419401
real,fisher_pca,reliability_across_halves,tldr17,codeparrot,0.005970677650129726
real,legacy,fidelity_across_halves,tldr17,codeparrot,0.11256668415369675
real,legacy,reliability_across_halves,tldr17,codeparrot,0.06511971562025987
real,nopca_fisher,fidelity_across_halves,tldr17,codeparrot,0.1814607714889009
real,nopca_fisher,reliability_across_halves,tldr17,codeparrot,0.022203774104173513
real,vmf_profile,fidelity_across_halves,tldr17,codeparrot,0.13662224523766206
real,vmf_profile,reliability_across_halves,tldr17,codeparrot,0.01582267874938493
real,vmf_z,fidelity_across_halves,tldr17,codeparrot,0.1883486120115883
real,vmf_z,reliability_across_halves,tldr17,codeparrot,0.01567026067485864
real,(ceiling),fidelity_across_halves,tldr17,random,0.3518286933394926
real,(ceiling:surrogate),fidelity_across_halves,tldr17,random,0.32595728443173505
real,current,fidelity_across_halves,tldr17,random,0.14737308599164947
real,current,reliability_across_halves,tldr17,random,0.013955839903860918
real,fisher_pca,fidelity_across_halves,tldr17,random,0.14801935844845396
real,fisher_pca,reliability_across_halves,tldr17,random,0.04564054308342443
real,legacy,fidelity_across_halves,tldr17,random,0.15424143590588665
real,legacy,reliability_across_halves,tldr17,random,0.055902260017684925
real,nopca_fisher,fidelity_across_halves,tldr17,random,0.11567190889663087
real,nopca_fisher,reliability_across_halves,tldr17,random,0.02130319826886302
real,vmf_profile,fidelity_across_halves,tldr17,random,0.115535539312145
real,vmf_profile,reliability_across_halves,tldr17,random,0.01865950424198751
real,vmf_z,fidelity_across_halves,tldr17,random,0.14067956029838113
real,vmf_z,reliability_across_halves,tldr17,random,0.01687977947888143
real,(ceiling),fidelity_across_halves,tldr17,whitespace,0.02944688320501442
real,(ceiling:surrogate),fidelity_across_halves,tldr17,whitespace,0.1390719059400912
real,current,fidelity_across_halves,tldr17,whitespace,0.024504352259511433
real,current,reliability_across_halves,tldr17,whitespace,0.004152098451355029
real,fisher_pca,fidelity_across_halves,tldr17,whitespace,0.04430685903219591
real,fisher_pca,reliability_across_halves,tldr17,whitespace,0.0025743250994405514
real,legacy,fidelity_across_halves,tldr17,whitespace,0.05301612407392497
real,legacy,reliability_across_halves,tldr17,whitespace,-0.026602541246265383
real,nopca_fisher,fidelity_across_halves,tldr17,whitespace,0.01469226373566067
real,nopca_fisher,reliability_across_halves,tldr17,whitespace,0.001370186385137095
real,vmf_profile,fidelity_across_halves,tldr17,whitespace,0.011897456477213637
real,vmf_profile,reliability_across_halves,tldr17,whitespace,0.006839467397032529
real,vmf_z,fidelity_across_halves,tldr17,whitespace,0.11807330670442763
real,vmf_z,reliability_across_halves,tldr17,whitespace,0.003875919559805903
real,(ceiling),fidelity_across_halves,codeparrot,wikitext,0.15499728602734472
real,(ceiling:surrogate),fidelity_across_halves,codeparrot,wikitext,0.21177384232878313
real,current,fidelity_across_halves,codeparrot,wikitext,0.04986816921608363
real,current,reliability_across_halves,codeparrot,wikitext,0.013721126188464605
real,fisher_pca,fidelity_across_halves,codeparrot,wikitext,0.05018016908679099
real,fisher_pca,reliability_across_halves,codeparrot,wikitext,0.009291194398356437
real,legacy,fidelity_across_halves,codeparrot,wikitext,0.073690320779244
real,legacy,reliability_across_halves,codeparrot,wikitext,0.06430072416439835
real,nopca_fisher,fidelity_across_halves,codeparrot,wikitext,0.05907618278944344
real,nopca_fisher,reliability_across_halves,codeparrot,wikitext,0.009188887950516405
real,vmf_profile,fidelity_across_halves,codeparrot,wikitext,0.043937725543762005
real,vmf_profile,reliability_across_halves,codeparrot,wikitext,0.011685424590704513
real,vmf_z,fidelity_across_halves,codeparrot,wikitext,0.08922069470003847
real,vmf_z,reliability_across_halves,codeparrot,wikitext,0.012269194061063185
real,(ceiling),fidelity_across_halves,codeparrot,bookcorpus,0.11195316877477288
real,(ceiling:surrogate),fidelity_across_halves,codeparrot,bookcorpus,0.1468456007882344
real,current,fidelity_across_halves,codeparrot,bookcorpus,0.033716381526233026
real,current,reliability_across_halves,codeparrot,bookcorpus,0.010303318647775474
real,fisher_pca,fidelity_across_halves,codeparrot,bookcorpus,0.02870633762796841
real,fisher_pca,reliability_across_halves,codeparrot,bookcorpus,0.010941526137402282
real,legacy,fidelity_across_halves,codeparrot,bookcorpus,0.04693307030544213
real,legacy,reliability_across_halves,codeparrot,bookcorpus,0.05112047485913414
real,nopca_fisher,fidelity_across_halves,codeparrot,bookcorpus,0.0354161594349646
real,nopca_fisher,reliability_across_halves,codeparrot,bookcorpus,0.007455511326913074
real,vmf_profile,fidelity_across_halves,codeparrot,bookcorpus,0.024646413923201424
real,vmf_profile,reliability_across_halves,codeparrot,bookcorpus,0.009625854989106205
real,vmf_z,fidelity_across_halves,codeparrot,bookcorpus,0.06482977200072633
real,vmf_z,reliability_across_halves,codeparrot,bookcorpus,0.011950054140443856
real,(ceiling),fidelity_across_halves,codeparrot,agnews,0.14902379597436988
real,(ceiling:surrogate),fidelity_across_halves,codeparrot,agnews,0.19256217193892136
real,current,fidelity_across_halves,codeparrot,agnews,0.03859665263368801
real,current,reliability_across_halves,codeparrot,agnews,0.012031211542031699
real,fisher_pca,fidelity_across_halves,codeparrot,agnews,0.03833084202714928
real,fisher_pca,reliability_across_halves,codeparrot,agnews,0.0032522138999503455
real,legacy,fidelity_across_halves,codeparrot,agnews,0.06483461049569862
real,legacy,reliability_across_halves,codeparrot,agnews,0.04789887832841943
real,nopca_fisher,fidelity_across_halves,codeparrot,agnews,0.04724795245106872
real,nopca_fisher,reliability_across_halves,codeparrot,agnews,0.010178638334993193
real,vmf_profile,fidelity_across_halves,codeparrot,agnews,0.03291336504208608
real,vmf_profile,reliability_across_halves,codeparrot,agnews,0.019458728448302962
real,vmf_z,fidelity_across_halves,codeparrot,agnews,0.07921298616062618
real,vmf_z,reliability_across_halves,codeparrot,agnews,0.019219521703975118
real,(ceiling),fidelity_across_halves,codeparrot,tldr17,0.1787825750605867
real,(ceiling:surrogate),fidelity_across_halves,codeparrot,tldr17,0.23113174224365038
real,current,fidelity_across_halves,codeparrot,tldr17,0.06599165302757412
real,current,reliability_across_halves,codeparrot,tldr17,0.014269789529191638
real,fisher_pca,fidelity_across_halves,codeparrot,tldr17,0.07074400356745512
real,fisher_pca,reliability_across_halves,codeparrot,tldr17,0.009647668067911869
real,legacy,fidelity_across_halves,codeparrot,tldr17,0.097151914409294
real,legacy,reliability_across_halves,codeparrot,tldr17,0.05241366160181005
real,nopca_fisher,fidelity_across_halves,codeparrot,tldr17,0.0871605888735504
real,nopca_fisher,reliability_across_halves,codeparrot,tldr17,0.015466914242281549
real,vmf_profile,fidelity_across_halves,codeparrot,tldr17,0.06484696538548283
real,vmf_profile,reliability_across_halves,codeparrot,tldr17,0.014643427745561596
real,vmf_z,fidelity_across_halves,codeparrot,tldr17,0.11040027980937463
real,vmf_z,reliability_across_halves,codeparrot,tldr17,0.007118973229680728
real,(ceiling),fidelity_across_halves,codeparrot,random,0.09896388697604887
real,(ceiling:surrogate),fidelity_across_halves,codeparrot,random,0.1454582693955653
real,current,fidelity_across_halves,codeparrot,random,0.005869922984307002
real,current,reliability_across_halves,codeparrot,random,0.008712157438413009
real,fisher_pca,fidelity_across_halves,codeparrot,random,0.006928894272838786
real,fisher_pca,reliability_across_halves,codeparrot,random,0.009715532445752609
real,legacy,fidelity_across_halves,codeparrot,random,0.02674374006564703
real,legacy,reliability_across_halves,codeparrot,random,0.003121581889162783
real,nopca_fisher,fidelity_across_halves,codeparrot,random,0.00901625342374801
real,nopca_fisher,reliability_across_halves,codeparrot,random,0.007270353867884339
real,vmf_profile,fidelity_across_halves,codeparrot,random,0.0011533870212867504
real,vmf_profile,reliability_across_halves,codeparrot,random,0.014962247715851473
real,vmf_z,fidelity_across_halves,codeparrot,random,0.06855130002654576
real,vmf_z,reliability_across_halves,codeparrot,random,0.01809987665042969
real,(ceiling),fidelity_across_halves,codeparrot,whitespace,0.0010033365795308403
real,(ceiling:surrogate),fidelity_across_halves,codeparrot,whitespace,0.07061672036997592
real,current,fidelity_across_halves,codeparrot,whitespace,-0.0218299948900825
real,current,reliability_across_halves,codeparrot,whitespace,0.006357035999185492
real,fisher_pca,fidelity_across_halves,codeparrot,whitespace,-0.014008642395439681
real,fisher_pca,reliability_across_halves,codeparrot,whitespace,0.011679078451548336
real,legacy,fidelity_across_halves,codeparrot,whitespace,-0.005082630636719071
real,legacy,reliability_across_halves,codeparrot,whitespace,-0.013312335542066055
real,nopca_fisher,fidelity_across_halves,codeparrot,whitespace,-0.016175918776705083
real,nopca_fisher,reliability_across_halves,codeparrot,whitespace,0.005139816352693625
real,vmf_profile,fidelity_across_halves,codeparrot,whitespace,-0.02780370947627603
real,vmf_profile,reliability_across_halves,codeparrot,whitespace,0.001764438635738574
real,vmf_z,fidelity_across_halves,codeparrot,whitespace,0.06405787432848191
real,vmf_z,reliability_across_halves,codeparrot,whitespace,0.00375413356683427
real,(ceiling),fidelity_across_halves,random,wikitext,0.3951205057760654
real,(ceiling:surrogate),fidelity_across_halves,random,wikitext,0.3723845149553854
real,current,fidelity_across_halves,random,wikitext,0.1562407748873774
real,current,reliability_across_halves,random,wikitext,0.015767256298320587
real,fisher_pca,fidelity_across_halves,random,wikitext,0.12991730574962415
real,fisher_pca,reliability_across_halves,random,wikitext,0.02338242307463406
real,legacy,fidelity_across_halves,random,wikitext,0.1823006581612662
real,legacy,reliability_across_halves,random,wikitext,0.0720269414875247
real,nopca_fisher,fidelity_across_halves,random,wikitext,0.14198101802041005
real,nopca_fisher,reliability_across_halves,random,wikitext,0.040081424511786964
real,vmf_profile,fidelity_across_halves,random,wikitext,0.1348478081381797
real,vmf_profile,reliability_across_halves,random,wikitext,0.02758569649144556
real,vmf_z,fidelity_across_halves,random,wikitext,0.16392416739284044
real,vmf_z,reliability_across_halves,random,wikitext,0.017482690959370606
real,(ceiling),fidelity_across_halves,random,bookcorpus,0.32489852265368563
real,(ceiling:surrogate),fidelity_across_halves,random,bookcorpus,0.3101063873445679
real,current,fidelity_across_halves,random,bookcorpus,0.14028162193980787
real,current,reliability_across_halves,random,bookcorpus,0.012011283703869937
real,fisher_pca,fidelity_across_halves,random,bookcorpus,0.11131465733268664
real,fisher_pca,reliability_across_halves,random,bookcorpus,0.019189215711336742
real,legacy,fidelity_across_halves,random,bookcorpus,0.15872653227269454
real,legacy,reliability_across_halves,random,bookcorpus,0.07767456567322915
real,nopca_fisher,fidelity_across_halves,random,bookcorpus,0.13386716102043272
real,nopca_fisher,reliability_across_halves,random,bookcorpus,0.029618379310718087
real,vmf_profile,fidelity_across_halves,random,bookcorpus,0.12797790687811997
real,vmf_profile,reliability_across_halves,random,bookcorpus,0.021607852359493702
real,vmf_z,fidelity_across_halves,random,bookcorpus,0.17448289681670875
real,vmf_z,reliability_across_halves,random,bookcorpus,0.015199182351226212
real,(ceiling),fidelity_across_halves,random,agnews,0.44837377111871335
real,(ceiling:surrogate),fidelity_across_halves,random,agnews,0.4322225477916001
real,current,fidelity_across_halves,random,agnews,0.17295886355992288
real,current,reliability_across_halves,random,agnews,0.01820820630672514
real,fisher_pca,fidelity_across_halves,random,agnews,0.14232950381276657
real,fisher_pca,reliability_across_halves,random,agnews,0.19351780378190728
real,legacy,fidelity_across_halves,random,agnews,0.21096604030629348
real,legacy,reliability_across_halves,random,agnews,0.05875998023841658
real,nopca_fisher,fidelity_across_halves,random,agnews,0.16773578713970674
real,nopca_fisher,reliability_across_halves,random,agnews,0.11837655778015434
real,vmf_profile,fidelity_across_halves,random,agnews,0.15626903994752211
real,vmf_profile,reliability_across_halves,random,agnews,0.08961174692026862
real,vmf_z,fidelity_across_halves,random,agnews,0.18794578255597097
real,vmf_z,reliability_across_halves,random,agnews,0.05015167933442316
real,(ceiling),fidelity_across_halves,random,tldr17,0.35448313437964835
real,(ceiling:surrogate),fidelity_across_halves,random,tldr17,0.3283767427635423
real,current,fidelity_across_halves,random,tldr17,0.152919591646838
real,current,reliability_across_halves,random,tldr17,0.013160422404648679
real,fisher_pca,fidelity_across_halves,random,tldr17,0.12556947211987401
real,fisher_pca,reliability_across_halves,random,tldr17,0.06556230060421865
real,legacy,fidelity_across_halves,random,tldr17,0.17926180678091896
real,legacy,reliability_across_halves,random,tldr17,0.06031451296017724
real,nopca_fisher,fidelity_across_halves,random,tldr17,0.1351183443793867
real,nopca_fisher,reliability_across_halves,random,tldr17,0.020521148589732793
real,vmf_profile,fidelity_across_halves,random,tldr17,0.12993239559733843
real,vmf_profile,reliability_across_halves,random,tldr17,0.025773450274565173
real,vmf_z,fidelity_across_halves,random,tldr17,0.16045593206479858
real,vmf_z,reliability_across_halves,random,tldr17,0.013399580554314835
real,(ceiling),fidelity_across_halves,random,codeparrot,0.1007723703300215
real,(ceiling:surrogate),fidelity_across_halves,random,codeparrot,0.14967177435469342
real,current,fidelity_across_halves,random,codeparrot,0.05409151247222522
real,current,reliability_across_halves,random,codeparrot,0.00766126560121182
real,fisher_pca,fidelity_across_halves,random,codeparrot,0.045628150799123635
real,fisher_pca,reliability_across_halves,random,codeparrot,0.0027871441519566856
real,legacy,fidelity_across_halves,random,codeparrot,0.05658927477046324
real,legacy,reliability_across_halves,random,codeparrot,0.02885891355728001
real,nopca_fisher,fidelity_across_halves,random,codeparrot,0.03610151323524373
real,nopca_fisher,reliability_across_halves,random,codeparrot,0.007149501067420848
real,vmf_profile,fidelity_across_halves,random,codeparrot,0.026166943361405858
real,vmf_profile,reliability_across_halves,random,codeparrot,0.0211075759648757
real,vmf_z,fidelity_across_halves,random,codeparrot,0.13364251419678916
real,vmf_z,reliability_across_halves,random,codeparrot,0.015391888196404375
real,(ceiling),fidelity_across_halves,random,whitespace,0.07560420656537979
real,(ceiling:surrogate),fidelity_across_halves,random,whitespace,0.11757030364436344
real,current,fidelity_across_halves,random,whitespace,0.04314110892498492
real,current,reliability_across_halves,random,whitespace,0.0034256779505722843
real,fisher_pca,fidelity_across_halves,random,whitespace,0.024297561912033118
real,fisher_pca,reliability_across_halves,random,whitespace,0.0006682600503970425
real,legacy,fidelity_across_halves,random,whitespace,0.11951616417234273
real,legacy,reliability_across_halves,random,whitespace,-0.001767061835380782
real,nopca_fisher,fidelity_across_halves,random,whitespace,0.11002754368418455
real,nopca_fisher,reliability_across_halves,random,whitespace,0.01987320131451974
real,vmf_profile,fidelity_across_halves,random,whitespace,0.08410760068607524
real,vmf_profile,reliability_across_halves,random,whitespace,-0.0026917180074367748
real,vmf_z,fidelity_across_halves,random,whitespace,0.13919197529088653
real,vmf_z,reliability_across_halves,random,whitespace,0.0049795353503114285
real,(ceiling),fidelity_across_halves,whitespace,wikitext,0.021924116575994815
real,(ceiling:surrogate),fidelity_across_halves,whitespace,wikitext,0.13257476163969928
real,current,fidelity_across_halves,whitespace,wikitext,0.00924030753330933
real,current,reliability_across_halves,whitespace,wikitext,0.00509169438879406
real,fisher_pca,fidelity_across_halves,whitespace,wikitext,0.003563605233833636
real,fisher_pca,reliability_across_halves,whitespace,wikitext,0.0024066183536871526
real,legacy,fidelity_across_halves,whitespace,wikitext,0.012531513238468177
real,legacy,reliability_across_halves,whitespace,wikitext,-0.02568043430431631
real,nopca_fisher,fidelity_across_halves,whitespace,wikitext,0.011137053640115102
real,nopca_fisher,reliability_across_halves,whitespace,wikitext,0.0007463905602652312
real,vmf_profile,fidelity_across_halves,whitespace,wikitext,0.012954137611393819
real,vmf_profile,reliability_across_halves,whitespace,wikitext,0.003969104712847241
real,vmf_z,fidelity_across_halves,whitespace,wikitext,0.0217113692422513
real,vmf_z,reliability_across_halves,whitespace,wikitext,0.0030736004631010884
real,(ceiling),fidelity_across_halves,whitespace,bookcorpus,0.029440085017253058
real,(ceiling:surrogate),fidelity_across_halves,whitespace,bookcorpus,0.10938534823383897
real,current,fidelity_across_halves,whitespace,bookcorpus,0.018536604710574393
real,current,reliability_across_halves,whitespace,bookcorpus,0.004220690924065141
real,fisher_pca,fidelity_across_halves,whitespace,bookcorpus,0.01168335699103491
real,fisher_pca,reliability_across_halves,whitespace,bookcorpus,0.005153765507576083
real,legacy,fidelity_across_halves,whitespace,bookcorpus,0.027508592751129192
real,legacy,reliability_across_halves,whitespace,bookcorpus,-0.02386234510119971
real,nopca_fisher,fidelity_across_halves,whitespace,bookcorpus,0.020854676999334663
real,nopca_fisher,reliability_across_halves,whitespace,bookcorpus,0.0010953884445106547
real,vmf_profile,fidelity_across_halves,whitespace,bookcorpus,0.019969033830829812
real,vmf_profile,reliability_across_halves,whitespace,bookcorpus,0.0018787053530920105
real,vmf_z,fidelity_across_halves,whitespace,bookcorpus,0.02938601998175655
real,vmf_z,reliability_across_halves,whitespace,bookcorpus,0.0017127628861540304
real,(ceiling),fidelity_across_halves,whitespace,agnews,0.04519404588293724
real,(ceiling:surrogate),fidelity_across_halves,whitespace,agnews,0.14238461798082933
real,current,fidelity_across_halves,whitespace,agnews,0.027691708067643945
real,current,reliability_across_halves,whitespace,agnews,0.005272082716012858
real,fisher_pca,fidelity_across_halves,whitespace,agnews,0.028289123093983418
real,fisher_pca,reliability_across_halves,whitespace,agnews,0.0008654390150999705
real,legacy,fidelity_across_halves,whitespace,agnews,0.05340485323798319
real,legacy,reliability_across_halves,whitespace,agnews,-0.008001254980412192
real,nopca_fisher,fidelity_across_halves,whitespace,agnews,0.03529003173041097
real,nopca_fisher,reliability_across_halves,whitespace,agnews,0.00862638569932194
real,vmf_profile,fidelity_across_halves,whitespace,agnews,0.030620083581963647
real,vmf_profile,reliability_across_halves,whitespace,agnews,-0.001701972088439191
real,vmf_z,fidelity_across_halves,whitespace,agnews,0.03598786272499739
real,vmf_z,reliability_across_halves,whitespace,agnews,0.001189958341814012
real,(ceiling),fidelity_across_halves,whitespace,tldr17,0.030632226895114103
real,(ceiling:surrogate),fidelity_across_halves,whitespace,tldr17,0.13545380840940816
real,current,fidelity_across_halves,whitespace,tldr17,0.01631192942551632
real,current,reliability_across_halves,whitespace,tldr17,0.005681948553550468
real,fisher_pca,fidelity_across_halves,whitespace,tldr17,0.013947233262133698
real,fisher_pca,reliability_across_halves,whitespace,tldr17,0.002979308036840493
real,legacy,fidelity_across_halves,whitespace,tldr17,0.028147472669639573
real,legacy,reliability_across_halves,whitespace,tldr17,-0.011663787653071338
real,nopca_fisher,fidelity_across_halves,whitespace,tldr17,0.0210956543065151
real,nopca_fisher,reliability_across_halves,whitespace,tldr17,0.0022529131479135356
real,vmf_profile,fidelity_across_halves,whitespace,tldr17,0.020682867255905964
real,vmf_profile,reliability_across_halves,whitespace,tldr17,0.003777003928035385
real,vmf_z,fidelity_across_halves,whitespace,tldr17,0.02737115943092742
real,vmf_z,reliability_across_halves,whitespace,tldr17,0.0032794146260298526
real,(ceiling),fidelity_across_halves,whitespace,codeparrot,0.0096170216359544
real,(ceiling:surrogate),fidelity_across_halves,whitespace,codeparrot,0.08018855246553236
real,current,fidelity_across_halves,whitespace,codeparrot,0.007484919004911947
real,current,reliability_across_halves,whitespace,codeparrot,0.006827402741060308
real,fisher_pca,fidelity_across_halves,whitespace,codeparrot,-0.0033325041092258237
real,fisher_pca,reliability_across_halves,whitespace,codeparrot,0.008288757152550268
real,legacy,fidelity_across_halves,whitespace,codeparrot,-0.011730133482387021
real,legacy,reliability_across_halves,whitespace,codeparrot,-0.007542890181165774
real,nopca_fisher,fidelity_across_halves,whitespace,codeparrot,0.006896057496206702
real,nopca_fisher,reliability_across_halves,whitespace,codeparrot,0.004862692260165766
real,vmf_profile,fidelity_across_halves,whitespace,codeparrot,0.010875765415959733
real,vmf_profile,reliability_across_halves,whitespace,codeparrot,0.0018761648004346019
real,vmf_z,fidelity_across_halves,whitespace,codeparrot,0.018506677643297154
real,vmf_z,reliability_across_halves,whitespace,codeparrot,0.0036373584910204607
real,(ceiling),fidelity_across_halves,whitespace,random,0.07560128160066243
real,(ceiling:surrogate),fidelity_across_halves,whitespace,random,0.11682809307288926
real,current,fidelity_across_halves,whitespace,random,0.057058064132343385
real,current,reliability_across_halves,whitespace,random,0.0041005133462442885
real,fisher_pca,fidelity_across_halves,whitespace,random,0.06449694502682322
real,fisher_pca,reliability_across_halves,whitespace,random,0.0017459964000854963
real,legacy,fidelity_across_halves,whitespace,random,0.11142053989710285
real,legacy,reliability_across_halves,whitespace,random,0.07416071922448235
real,nopca_fisher,fidelity_across_halves,whitespace,random,0.0700037637340148
real,nopca_fisher,reliability_across_halves,whitespace,random,0.023735492649447062
real,vmf_profile,fidelity_across_halves,whitespace,random,0.05596633720622878
real,vmf_profile,reliability_across_halves,whitespace,random,-0.0016133519270384675
real,vmf_z,fidelity_across_halves,whitespace,random,0.04517963928850634
real,vmf_z,reliability_across_halves,whitespace,random,0.003922289847618364
null,(ceiling),fidelity_within,wikitext,wikitext,0.23291282208222475
null,(ceiling),fidelity_within_r,wikitext,wikitext,0.6138366842483074
null,current,reliability_within,wikitext,wikitext,0.03076904754371774
null,current,fidelity_within,wikitext,wikitext,0.13387190801190896
null,current,fidelity_within_r,wikitext,wikitext,0.3689816107796514
null,current,fidelity_within_insample,wikitext,wikitext,0.17600409819880414
null,current,reliability_ceiling,wikitext,wikitext,0.1306246191508625
null,current,triviality_ami_layer,wikitext,wikitext,0.04069679432172475
null,current,triviality_ami_hubness,wikitext,wikitext,0.0750684156602514
null,current,triviality_ami_noise_scale,wikitext,wikitext,0.07322727127821649
null,current,triviality_n_effective_networks,wikitext,wikitext,50.0
null,current,triviality_median_max_membership,wikitext,wikitext,0.3
null,current,triviality_frac_confident,wikitext,wikitext,0.08473557692307693
null,fisher_pca,reliability_within,wikitext,wikitext,0.4488028108012592
null,fisher_pca,fidelity_within,wikitext,wikitext,0.16873895360829583
null,fisher_pca,fidelity_within_r,wikitext,wikitext,0.41125032467500616
null,fisher_pca,fidelity_within_insample,wikitext,wikitext,0.18822278441158902
null,fisher_pca,reliability_ceiling,wikitext,wikitext,0.5894236821521942
null,fisher_pca,triviality_ami_layer,wikitext,wikitext,0.1531057298506248
null,fisher_pca,triviality_ami_hubness,wikitext,wikitext,0.22887695676544517
null,fisher_pca,triviality_ami_noise_scale,wikitext,wikitext,0.22881152125012216
null,fisher_pca,triviality_n_effective_networks,wikitext,wikitext,50.0
null,fisher_pca,triviality_median_max_membership,wikitext,wikitext,0.45
null,fisher_pca,triviality_frac_confident,wikitext,wikitext,0.39633413461538464
null,legacy,reliability_within,wikitext,wikitext,0.6547554866166628
null,legacy,fidelity_within,wikitext,wikitext,0.3178414876328094
null,legacy,fidelity_within_r,wikitext,wikitext,0.5642103802317744
null,legacy,fidelity_within_insample,wikitext,wikitext,0.34853643344777263
null,legacy,reliability_ceiling,wikitext,wikitext,0.616529103366987
null,legacy,triviality_ami_layer,wikitext,wikitext,0.10635442156381228
null,legacy,triviality_ami_hubness,wikitext,wikitext,0.24810011739511634
null,legacy,triviality_ami_noise_scale,wikitext,wikitext,0.2504936919062945
null,legacy,triviality_n_effective_networks,wikitext,wikitext,50.0
null,legacy,triviality_median_max_membership,wikitext,wikitext,0.55
null,legacy,triviality_frac_confident,wikitext,wikitext,0.5071113782051282
null,nopca_fisher,reliability_within,wikitext,wikitext,0.4612876023524453
null,nopca_fisher,fidelity_within,wikitext,wikitext,0.5613768925157306
null,nopca_fisher,fidelity_within_r,wikitext,wikitext,0.7492546846891391
null,nopca_fisher,fidelity_within_insample,wikitext,wikitext,0.5665413103319579
null,nopca_fisher,reliability_ceiling,wikitext,wikitext,0.5786598209381999
null,nopca_fisher,triviality_ami_layer,wikitext,wikitext,0.07345032254333472
null,nopca_fisher,triviality_ami_hubness,wikitext,wikitext,0.24764190668530042
null,nopca_fisher,triviality_ami_noise_scale,wikitext,wikitext,0.24226210337760382
null,nopca_fisher,triviality_n_effective_networks,wikitext,wikitext,17.0
null,nopca_fisher,triviality_median_max_membership,wikitext,wikitext,0.65
null,nopca_fisher,triviality_frac_confident,wikitext,wikitext,0.7073317307692307
null,vmf_profile,reliability_within,wikitext,wikitext,0.2804535362598801
null,vmf_profile,fidelity_within,wikitext,wikitext,0.05748689018622499
null,vmf_profile,fidelity_within_r,wikitext,wikitext,0.24524386950327146
null,vmf_profile,fidelity_within_insample,wikitext,wikitext,0.08929117111165519
null,vmf_profile,reliability_ceiling,wikitext,wikitext,0.7051524754203473
null,vmf_profile,triviality_ami_layer,wikitext,wikitext,0.05174767824009624
null,vmf_profile,triviality_ami_hubness,wikitext,wikitext,0.04946066941078138
null,vmf_profile,triviality_ami_noise_scale,wikitext,wikitext,0.04830371724118948
null,vmf_profile,triviality_n_effective_networks,wikitext,wikitext,43.0
null,vmf_profile,triviality_median_max_membership,wikitext,wikitext,0.5
null,vmf_profile,triviality_frac_confident,wikitext,wikitext,0.47836538461538464
null,(ceiling:surrogate),fidelity_within,wikitext,wikitext,-1.0007049667295966
null,(ceiling:surrogate),fidelity_within_r,wikitext,wikitext,-9.203603983546504e-06
null,vmf_z,reliability_within,wikitext,wikitext,0.5181186168225055
null,vmf_z,fidelity_within,wikitext,wikitext,-0.010013795984679774
null,vmf_z,fidelity_within_r,wikitext,wikitext,0.00021274482125453674
null,vmf_z,fidelity_within_insample,wikitext,wikitext,0.01004955955178577
null,vmf_z,reliability_ceiling,wikitext,wikitext,0.6323881887519996
null,vmf_z,triviality_ami_layer,wikitext,wikitext,0.03924426632080787
null,vmf_z,triviality_ami_hubness,wikitext,wikitext,0.010880133669347673
null,vmf_z,triviality_ami_noise_scale,wikitext,wikitext,0.05601666928242313
null,vmf_z,triviality_n_effective_networks,wikitext,wikitext,21.0
null,vmf_z,triviality_median_max_membership,wikitext,wikitext,0.55
null,vmf_z,triviality_frac_confident,wikitext,wikitext,0.5144230769230769
null,(ceiling),fidelity_within,bookcorpus,bookcorpus,0.24863577001356574
null,(ceiling),fidelity_within_r,bookcorpus,bookcorpus,0.6237499182922475
null,current,reliability_within,bookcorpus,bookcorpus,0.05778301523584573
null,current,fidelity_within,bookcorpus,bookcorpus,0.10565233050503642
null,current,fidelity_within_r,bookcorpus,bookcorpus,0.3299695677155292
null,current,fidelity_within_insample,bookcorpus,bookcorpus,0.15005343350302625
null,current,reliability_ceiling,bookcorpus,bookcorpus,0.2218770912295553
null,current,triviality_ami_layer,bookcorpus,bookcorpus,0.021737935490864793
null,current,triviality_ami_hubness,bookcorpus,bookcorpus,0.11965915956362502
null,current,triviality_ami_noise_scale,bookcorpus,bookcorpus,0.11987929098423039
null,current,triviality_n_effective_networks,bookcorpus,bookcorpus,50.0
null,current,triviality_median_max_membership,bookcorpus,bookcorpus,0.35
null,current,triviality_frac_confident,bookcorpus,bookcorpus,0.1875
null,fisher_pca,reliability_within,bookcorpus,bookcorpus,0.27912358692055345
null,fisher_pca,fidelity_within,bookcorpus,bookcorpus,0.12059514912581726
null,fisher_pca,fidelity_within_r,bookcorpus,bookcorpus,0.34899309999455436
null,fisher_pca,fidelity_within_insample,bookcorpus,bookcorpus,0.147632839406855
null,fisher_pca,reliability_ceiling,bookcorpus,bookcorpus,0.4696624899901801
null,fisher_pca,triviality_ami_layer,bookcorpus,bookcorpus,0.08602073931163896
null,fisher_pca,triviality_ami_hubness,bookcorpus,bookcorpus,0.22421256295888708
null,fisher_pca,triviality_ami_noise_scale,bookcorpus,bookcorpus,0.2250509093118781
null,fisher_pca,triviality_n_effective_networks,bookcorpus,bookcorpus,50.0
null,fisher_pca,triviality_median_max_membership,bookcorpus,bookcorpus,0.45
null,fisher_pca,triviality_frac_confident,bookcorpus,bookcorpus,0.35096153846153844
null,legacy,reliability_within,bookcorpus,bookcorpus,0.4396454618014944
null,legacy,fidelity_within,bookcorpus,bookcorpus,0.32453397972332665
null,legacy,fidelity_within_r,bookcorpus,bookcorpus,0.5702623290602602
null,legacy,fidelity_within_insample,bookcorpus,bookcorpus,0.35635600585936056
null,legacy,reliability_ceiling,bookcorpus,bookcorpus,0.3641220071252046
null,legacy,triviality_ami_layer,bookcorpus,bookcorpus,0.10121650989490855
null,legacy,triviality_ami_hubness,bookcorpus,bookcorpus,0.2144449756198336
null,legacy,triviality_ami_noise_scale,bookcorpus,bookcorpus,0.21541531073281664
null,legacy,triviality_n_effective_networks,bookcorpus,bookcorpus,49.0
null,legacy,triviality_median_max_membership,bookcorpus,bookcorpus,0.45
null,legacy,triviality_frac_confident,bookcorpus,bookcorpus,0.3518629807692308
null,nopca_fisher,reliability_within,bookcorpus,bookcorpus,0.6252108163586528
null,nopca_fisher,fidelity_within,bookcorpus,bookcorpus,0.5664862586926388
null,nopca_fisher,fidelity_within_r,bookcorpus,bookcorpus,0.7526761958371676
null,nopca_fisher,fidelity_within_insample,bookcorpus,bookcorpus,0.5772320339483962
null,nopca_fisher,reliability_ceiling,bookcorpus,bookcorpus,0.7572681523407044
null,nopca_fisher,triviality_ami_layer,bookcorpus,bookcorpus,0.027200570428922793
null,nopca_fisher,triviality_ami_hubness,bookcorpus,bookcorpus,0.43947882423060053
null,nopca_fisher,triviality_ami_noise_scale,bookcorpus,bookcorpus,0.4348529405484258
null,nopca_fisher,triviality_n_effective_networks,bookcorpus,bookcorpus,22.0
null,nopca_fisher,triviality_median_max_membership,bookcorpus,bookcorpus,0.65
null,nopca_fisher,triviality_frac_confident,bookcorpus,bookcorpus,0.6891025641025641
null,vmf_profile,reliability_within,bookcorpus,bookcorpus,0.3294228398893706
null,vmf_profile,fidelity_within,bookcorpus,bookcorpus,0.007393479046441609
null,vmf_profile,fidelity_within_r,bookcorpus,bookcorpus,0.1011298755986891
null,vmf_profile,fidelity_within_insample,bookcorpus,bookcorpus,0.023900196227714887
null,vmf_profile,reliability_ceiling,bookcorpus,bookcorpus,0.6622741496188856
null,vmf_profile,triviality_ami_layer,bookcorpus,bookcorpus,0.020155060493659543
null,vmf_profile,triviality_ami_hubness,bookcorpus,bookcorpus,0.09519849953221558
null,vmf_profile,triviality_ami_noise_scale,bookcorpus,bookcorpus,0.0940758357014823
null,vmf_profile,triviality_n_effective_networks,bookcorpus,bookcorpus,49.0
null,vmf_profile,triviality_median_max_membership,bookcorpus,bookcorpus,0.5
null,vmf_profile,triviality_frac_confident,bookcorpus,bookcorpus,0.4506209935897436
null,(ceiling:surrogate),fidelity_within,bookcorpus,bookcorpus,-0.9601211748448073
null,(ceiling:surrogate),fidelity_within_r,bookcorpus,bookcorpus,5.6813883884547306e-05
null,vmf_z,reliability_within,bookcorpus,bookcorpus,0.578668991188404
null,vmf_z,fidelity_within,bookcorpus,bookcorpus,-0.019579123071797433
null,vmf_z,fidelity_within_r,bookcorpus,bookcorpus,-2.31822894943133e-05
null,vmf_z,fidelity_within_insample,bookcorpus,bookcorpus,0.020382618197527513
null,vmf_z,reliability_ceiling,bookcorpus,bookcorpus,0.748754121235619
null,vmf_z,triviality_ami_layer,bookcorpus,bookcorpus,0.01667751042498638
null,vmf_z,triviality_ami_hubness,bookcorpus,bookcorpus,0.0170714554358769
null,vmf_z,triviality_ami_noise_scale,bookcorpus,bookcorpus,0.1500403557135177
null,vmf_z,triviality_n_effective_networks,bookcorpus,bookcorpus,27.0
null,vmf_z,triviality_median_max_membership,bookcorpus,bookcorpus,0.55
null,vmf_z,triviality_frac_confident,bookcorpus,bookcorpus,0.5436698717948718
null,(ceiling),fidelity_within,agnews,agnews,0.2627087734771233
null,(ceiling),fidelity_within_r,agnews,agnews,0.6251224793650081
null,current,reliability_within,agnews,agnews,0.051422977486067736
null,current,fidelity_within,agnews,agnews,0.12932077771517603
null,current,fidelity_within_r,agnews,agnews,0.36309692491942774
null,current,fidelity_within_insample,agnews,agnews,0.17669151823009743
null,current,reliability_ceiling,agnews,agnews,0.19328462512529365
null,current,triviality_ami_layer,agnews,agnews,0.028741907684285712
null,current,triviality_ami_hubness,agnews,agnews,0.09553208849426888
null,current,triviality_ami_noise_scale,agnews,agnews,0.09408244889681872
null,current,triviality_n_effective_networks,agnews,agnews,50.0
null,current,triviality_median_max_membership,agnews,agnews,0.35
null,current,triviality_frac_confident,agnews,agnews,0.14453125
null,fisher_pca,reliability_within,agnews,agnews,0.37670396691021113
null,fisher_pca,fidelity_within,agnews,agnews,0.14317818710813834
null,fisher_pca,fidelity_within_r,agnews,agnews,0.3793249258083183
null,fisher_pca,fidelity_within_insample,agnews,agnews,0.17041300925938851
null,fisher_pca,reliability_ceiling,agnews,agnews,0.5417575662793248
null,fisher_pca,triviality_ami_layer,agnews,agnews,0.13148222177049512
null,fisher_pca,triviality_ami_hubness,agnews,agnews,0.21986193749531108
null,fisher_pca,triviality_ami_noise_scale,agnews,agnews,0.22103600324936867
null,fisher_pca,triviality_n_effective_networks,agnews,agnews,50.0
null,fisher_pca,triviality_median_max_membership,agnews,agnews,0.45
null,fisher_pca,triviality_frac_confident,agnews,agnews,0.3899238782051282
null,legacy,reliability_within,agnews,agnews,0.5310099809441355
null,legacy,fidelity_within,agnews,agnews,0.3194684081482745
null,legacy,fidelity_within_r,agnews,agnews,0.5655007822746005
null,legacy,fidelity_within_insample,agnews,agnews,0.35201568725268806
null,legacy,reliability_ceiling,agnews,agnews,0.5594687386496754
null,legacy,triviality_ami_layer,agnews,agnews,0.104616455008783
null,legacy,triviality_ami_hubness,agnews,agnews,0.22244328947232717
null,legacy,triviality_ami_noise_scale,agnews,agnews,0.22421493686791635
null,legacy,triviality_n_effective_networks,agnews,agnews,49.0
null,legacy,triviality_median_max_membership,agnews,agnews,0.45
null,legacy,triviality_frac_confident,agnews,agnews,0.4332932692307692
null,nopca_fisher,reliability_within,agnews,agnews,0.5382483574273519
null,nopca_fisher,fidelity_within,agnews,agnews,0.5505246217177173
null,nopca_fisher,fidelity_within_r,agnews,agnews,0.7420723890496014
null,nopca_fisher,fidelity_within_insample,agnews,agnews,0.5520283933829867
null,nopca_fisher,reliability_ceiling,agnews,agnews,0.6923217513238457
null,nopca_fisher,triviality_ami_layer,agnews,agnews,0.04490105523516385
null,nopca_fisher,triviality_ami_hubness,agnews,agnews,0.35867138567612566
null,nopca_fisher,triviality_ami_noise_scale,agnews,agnews,0.353340282541831
null,nopca_fisher,triviality_n_effective_networks,agnews,agnews,25.0
null,nopca_fisher,triviality_median_max_membership,agnews,agnews,0.55
null,nopca_fisher,triviality_frac_confident,agnews,agnews,0.5619991987179487
null,vmf_profile,reliability_within,agnews,agnews,0.30748956690002593
null,vmf_profile,fidelity_within,agnews,agnews,0.008283256570004838
null,vmf_profile,fidelity_within_r,agnews,agnews,0.10347053009453908
null,vmf_profile,fidelity_within_insample,agnews,agnews,0.024100466665377684
null,vmf_profile,reliability_ceiling,agnews,agnews,0.6730321290286322
null,vmf_profile,triviality_ami_layer,agnews,agnews,0.03175089469038024
null,vmf_profile,triviality_ami_hubness,agnews,agnews,0.06522848069910464
null,vmf_profile,triviality_ami_noise_scale,agnews,agnews,0.06474069709716096
null,vmf_profile,triviality_n_effective_networks,agnews,agnews,49.0
null,vmf_profile,triviality_median_max_membership,agnews,agnews,0.5
null,vmf_profile,triviality_frac_confident,agnews,agnews,0.4684495192307692
null,(ceiling:surrogate),fidelity_within,agnews,agnews,-1.0008623953802647
null,(ceiling:surrogate),fidelity_within_r,agnews,agnews,3.977841756969329e-05
null,vmf_z,reliability_within,agnews,agnews,0.5073622202748916
null,vmf_z,fidelity_within,agnews,agnews,-0.011725818641510122
null,vmf_z,fidelity_within_r,agnews,agnews,0.00023263036186147915
null,vmf_z,fidelity_within_insample,agnews,agnews,0.011764995666328493
null,vmf_z,reliability_ceiling,agnews,agnews,0.5880684585225113
null,vmf_z,triviality_ami_layer,agnews,agnews,0.02001984283368573
null,vmf_z,triviality_ami_hubness,agnews,agnews,0.016440900810469887
null,vmf_z,triviality_ami_noise_scale,agnews,agnews,0.0975997338914723
null,vmf_z,triviality_n_effective_networks,agnews,agnews,28.0
null,vmf_z,triviality_median_max_membership,agnews,agnews,0.5
null,vmf_z,triviality_frac_confident,agnews,agnews,0.45923477564102566
null,(ceiling),fidelity_within,tldr17,tldr17,0.23320600601994523
null,(ceiling),fidelity_within_r,tldr17,tldr17,0.6171795222436083
null,current,reliability_within,tldr17,tldr17,0.024618054615258535
null,current,fidelity_within,tldr17,tldr17,0.14555707199381684
null,current,fidelity_within_r,tldr17,tldr17,0.38508915647912256
null,current,fidelity_within_insample,tldr17,tldr17,0.1906722991966796
null,current,reliability_ceiling,tldr17,tldr17,0.10678889866664978
null,current,triviality_ami_layer,tldr17,tldr17,0.041153972582452944
null,current,triviality_ami_hubness,tldr17,tldr17,0.06268111561101124
null,current,triviality_ami_noise_scale,tldr17,tldr17,0.061937778234625075
null,current,triviality_n_effective_networks,tldr17,tldr17,50.0
null,current,triviality_median_max_membership,tldr17,tldr17,0.3
null,current,triviality_frac_confident,tldr17,tldr17,0.09645432692307693
null,fisher_pca,reliability_within,tldr17,tldr17,0.38048393412019443
null,fisher_pca,fidelity_within,tldr17,tldr17,0.1550560192496382
null,fisher_pca,fidelity_within_r,tldr17,tldr17,0.3949375569434919
null,fisher_pca,fidelity_within_insample,tldr17,tldr17,0.1801787816475049
null,fisher_pca,reliability_ceiling,tldr17,tldr17,0.5080904442447277
null,fisher_pca,triviality_ami_layer,tldr17,tldr17,0.14120306485326192
null,fisher_pca,triviality_ami_hubness,tldr17,tldr17,0.2175737537968408
null,fisher_pca,triviality_ami_noise_scale,tldr17,tldr17,0.21660540061128009
null,fisher_pca,triviality_n_effective_networks,tldr17,tldr17,50.0
null,fisher_pca,triviality_median_max_membership,tldr17,tldr17,0.45
null,fisher_pca,triviality_frac_confident,tldr17,tldr17,0.39833733974358976
null,legacy,reliability_within,tldr17,tldr17,0.6661587523372219
null,legacy,fidelity_within,tldr17,tldr17,0.29907326891293695
null,legacy,fidelity_within_r,tldr17,tldr17,0.5480531966887867
null,legacy,fidelity_within_insample,tldr17,tldr17,0.3398374238570844
null,legacy,reliability_ceiling,tldr17,tldr17,0.6770267627699259
null,legacy,triviality_ami_layer,tldr17,tldr17,0.1236723997072117
null,legacy,triviality_ami_hubness,tldr17,tldr17,0.271655469990288
null,legacy,triviality_ami_noise_scale,tldr17,tldr17,0.2728274907702435
null,legacy,triviality_n_effective_networks,tldr17,tldr17,50.0
null,legacy,triviality_median_max_membership,tldr17,tldr17,0.55
null,legacy,triviality_frac_confident,tldr17,tldr17,0.5262419871794872
null,nopca_fisher,reliability_within,tldr17,tldr17,0.6101700382798794
null,nopca_fisher,fidelity_within,tldr17,tldr17,0.5613757717958087
null,nopca_fisher,fidelity_within_r,tldr17,tldr17,0.7492759240060878
null,nopca_fisher,fidelity_within_insample,tldr17,tldr17,0.5678483500286161
null,nopca_fisher,reliability_ceiling,tldr17,tldr17,0.5897510341376092
null,nopca_fisher,triviality_ami_layer,tldr17,tldr17,0.1479812498595077
null,nopca_fisher,triviality_ami_hubness,tldr17,tldr17,0.3281605460870426
null,nopca_fisher,triviality_ami_noise_scale,tldr17,tldr17,0.3229283480063336
null,nopca_fisher,triviality_n_effective_networks,tldr17,tldr17,20.0
null,nopca_fisher,triviality_median_max_membership,tldr17,tldr17,0.65
null,nopca_fisher,triviality_frac_confident,tldr17,tldr17,0.733573717948718
null,vmf_profile,reliability_within,tldr17,tldr17,0.24040899468952234
null,vmf_profile,fidelity_within,tldr17,tldr17,0.0497029789130401
null,vmf_profile,fidelity_within_r,tldr17,tldr17,0.22834590265523624
null,vmf_profile,fidelity_within_insample,tldr17,tldr17,0.07685204542792967
null,vmf_profile,reliability_ceiling,tldr17,tldr17,0.5029021981795532
null,vmf_profile,triviality_ami_layer,tldr17,tldr17,0.09785506092446289
null,vmf_profile,triviality_ami_hubness,tldr17,tldr17,0.06636670630657521
null,vmf_profile,triviality_ami_noise_scale,tldr17,tldr17,0.06557375150074078
null,vmf_profile,triviality_n_effective_networks,tldr17,tldr17,42.0
null,vmf_profile,triviality_median_max_membership,tldr17,tldr17,0.5
null,vmf_profile,triviality_frac_confident,tldr17,tldr17,0.4014423076923077
null,(ceiling:surrogate),fidelity_within,tldr17,tldr17,-1.0562884991872776
null,(ceiling:surrogate),fidelity_within_r,tldr17,tldr17,0.0001728397910538707
null,vmf_z,reliability_within,tldr17,tldr17,0.3346798662475557
null,vmf_z,fidelity_within,tldr17,tldr17,-0.010875182614233703
null,vmf_z,fidelity_within_r,tldr17,tldr17,0.00019824654083803182
null,vmf_z,fidelity_within_insample,tldr17,tldr17,0.010331398533842462
null,vmf_z,reliability_ceiling,tldr17,tldr17,0.6653969430459347
null,vmf_z,triviality_ami_layer,tldr17,tldr17,0.04177433977946157
null,vmf_z,triviality_ami_hubness,tldr17,tldr17,0.013496464002335666
null,vmf_z,triviality_ami_noise_scale,tldr17,tldr17,0.04540678073803969
null,vmf_z,triviality_n_effective_networks,tldr17,tldr17,22.0
null,vmf_z,triviality_median_max_membership,tldr17,tldr17,0.5
null,vmf_z,triviality_frac_confident,tldr17,tldr17,0.3450520833333333
null,(ceiling),fidelity_within,codeparrot,codeparrot,0.0727433178032254
null,(ceiling),fidelity_within_r,codeparrot,codeparrot,0.506782997654441
null,current,reliability_within,codeparrot,codeparrot,0.022350225349191306
null,current,fidelity_within,codeparrot,codeparrot,0.09025654208503775
null,current,fidelity_within_r,codeparrot,codeparrot,0.3202535698380664
null,current,fidelity_within_insample,codeparrot,codeparrot,0.15672582744494212
null,current,reliability_ceiling,codeparrot,codeparrot,0.17406651321952998
null,current,triviality_ami_layer,codeparrot,codeparrot,0.025271014312317666
null,current,triviality_ami_hubness,codeparrot,codeparrot,0.04964343611587058
null,current,triviality_ami_noise_scale,codeparrot,codeparrot,0.04931667372004158
null,current,triviality_n_effective_networks,codeparrot,codeparrot,50.0
null,current,triviality_median_max_membership,codeparrot,codeparrot,0.3
null,current,triviality_frac_confident,codeparrot,codeparrot,0.1201923076923077
null,fisher_pca,reliability_within,codeparrot,codeparrot,0.1812026551107247
null,fisher_pca,fidelity_within,codeparrot,codeparrot,0.15532922015933925
null,fisher_pca,fidelity_within_r,codeparrot,codeparrot,0.4069842257867551
null,fisher_pca,fidelity_within_insample,codeparrot,codeparrot,0.20193066483795352
null,fisher_pca,reliability_ceiling,codeparrot,codeparrot,0.6123776555274145
null,fisher_pca,triviality_ami_layer,codeparrot,codeparrot,0.031209187608790857
null,fisher_pca,triviality_ami_hubness,codeparrot,codeparrot,0.13209548682745892
null,fisher_pca,triviality_ami_noise_scale,codeparrot,codeparrot,0.13431267739133632
null,fisher_pca,triviality_n_effective_networks,codeparrot,codeparrot,50.0
null,fisher_pca,triviality_median_max_membership,codeparrot,codeparrot,0.4
null,fisher_pca,triviality_frac_confident,codeparrot,codeparrot,0.3629807692307692
null,legacy,reliability_within,codeparrot,codeparrot,0.290321807520379
null,legacy,fidelity_within,codeparrot,codeparrot,0.2268419695844056
null,legacy,fidelity_within_r,codeparrot,codeparrot,0.48737972769413596
null,legacy,fidelity_within_insample,codeparrot,codeparrot,0.30330922057382737
null,legacy,reliability_ceiling,codeparrot,codeparrot,0.5178143407047677
null,legacy,triviality_ami_layer,codeparrot,codeparrot,0.04707878363320627
null,legacy,triviality_ami_hubness,codeparrot,codeparrot,0.17345973364026937
null,legacy,triviality_ami_noise_scale,codeparrot,codeparrot,0.1758153006452644
null,legacy,triviality_n_effective_networks,codeparrot,codeparrot,50.0
null,legacy,triviality_median_max_membership,codeparrot,codeparrot,0.45
null,legacy,triviality_frac_confident,codeparrot,codeparrot,0.3821113782051282
null,nopca_fisher,reliability_within,codeparrot,codeparrot,0.22781826667731978
null,nopca_fisher,fidelity_within,codeparrot,codeparrot,0.40104982778006926
null,nopca_fisher,fidelity_within_r,codeparrot,codeparrot,0.641325197402163
null,nopca_fisher,fidelity_within_insample,codeparrot,codeparrot,0.4860081070637373
null,nopca_fisher,reliability_ceiling,codeparrot,codeparrot,0.6323121197520758
null,nopca_fisher,triviality_ami_layer,codeparrot,codeparrot,0.0978554799424572
null,nopca_fisher,triviality_ami_hubness,codeparrot,codeparrot,0.3564027991595047
null,nopca_fisher,triviality_ami_noise_scale,codeparrot,codeparrot,0.3455757688790754
null,nopca_fisher,triviality_n_effective_networks,codeparrot,codeparrot,19.0
null,nopca_fisher,triviality_median_max_membership,codeparrot,codeparrot,0.55
null,nopca_fisher,triviality_frac_confident,codeparrot,codeparrot,0.5922475961538461
null,vmf_profile,reliability_within,codeparrot,codeparrot,0.030588131837355072
null,vmf_profile,fidelity_within,codeparrot,codeparrot,0.01384956020677297
null,vmf_profile,fidelity_within_r,codeparrot,codeparrot,0.16413146865503755
null,vmf_profile,fidelity_within_insample,codeparrot,codeparrot,0.05544166389552141
null,vmf_profile,reliability_ceiling,codeparrot,codeparrot,0.39571421439581805
null,vmf_profile,triviality_ami_layer,codeparrot,codeparrot,0.03616727290638398
null,vmf_profile,triviality_ami_hubness,codeparrot,codeparrot,0.027557286426816496
null,vmf_profile,triviality_ami_noise_scale,codeparrot,codeparrot,0.027163371697544916
null,vmf_profile,triviality_n_effective_networks,codeparrot,codeparrot,49.0
null,vmf_profile,triviality_median_max_membership,codeparrot,codeparrot,0.45
null,vmf_profile,triviality_frac_confident,codeparrot,codeparrot,0.35927483974358976
null,(ceiling:surrogate),fidelity_within,codeparrot,codeparrot,-0.9483776664800214
null,(ceiling:surrogate),fidelity_within_r,codeparrot,codeparrot,-6.28381572718695e-05
null,vmf_z,reliability_within,codeparrot,codeparrot,0.01241508256306907
null,vmf_z,fidelity_within,codeparrot,codeparrot,-0.017147745788528512
null,vmf_z,fidelity_within_r,codeparrot,codeparrot,0.00021058693480638312
null,vmf_z,fidelity_within_insample,codeparrot,codeparrot,0.018141305031188715
null,vmf_z,reliability_ceiling,codeparrot,codeparrot,0.31554193685248405
null,vmf_z,triviality_ami_layer,codeparrot,codeparrot,0.0204618412023802
null,vmf_z,triviality_ami_hubness,codeparrot,codeparrot,0.014551315531001568
null,vmf_z,triviality_ami_noise_scale,codeparrot,codeparrot,0.027766615799774838
null,vmf_z,triviality_n_effective_networks,codeparrot,codeparrot,46.0
null,vmf_z,triviality_median_max_membership,codeparrot,codeparrot,0.4
null,vmf_z,triviality_frac_confident,codeparrot,codeparrot,0.26772836538461536
null,(ceiling),fidelity_within,random,random,0.23114059758173444
null,(ceiling),fidelity_within_r,random,random,0.6156228792466375
null,current,reliability_within,random,random,0.10234258906679984
null,current,fidelity_within,random,random,0.02806401203469855
null,current,fidelity_within_r,random,random,0.1837804764435299
null,current,fidelity_within_insample,random,random,0.06723453858630057
null,current,reliability_ceiling,random,random,0.251689309706694
null,current,triviality_ami_layer,random,random,0.050158605488114294
null,current,triviality_ami_hubness,random,random,0.12166092351449374
null,current,triviality_ami_noise_scale,random,random,0.12182082987909768
null,current,triviality_n_effective_networks,random,random,50.0
null,current,triviality_median_max_membership,random,random,0.4
null,current,triviality_frac_confident,random,random,0.2481971153846154
null,fisher_pca,reliability_within,random,random,0.4258334028095485
null,fisher_pca,fidelity_within,random,random,0.10503045560787949
null,fisher_pca,fidelity_within_r,random,random,0.32724329012243203
null,fisher_pca,fidelity_within_insample,random,random,0.13876975726563212
null,fisher_pca,reliability_ceiling,random,random,0.41513276399361
null,fisher_pca,triviality_ami_layer,random,random,0.0432406651408231
null,fisher_pca,triviality_ami_hubness,random,random,0.2314784727526317
null,fisher_pca,triviality_ami_noise_scale,random,random,0.23232021598770894
null,fisher_pca,triviality_n_effective_networks,random,random,50.0
null,fisher_pca,triviality_median_max_membership,random,random,0.45
null,fisher_pca,triviality_frac_confident,random,random,0.3697916666666667
null,legacy,reliability_within,random,random,0.7297801194161176
null,legacy,fidelity_within,random,random,0.2805598063464215
null,legacy,fidelity_within_r,random,random,0.5303228896962192
null,legacy,fidelity_within_insample,random,random,0.30947998949265365
null,legacy,reliability_ceiling,random,random,0.6117099461642805
null,legacy,triviality_ami_layer,random,random,0.11076600197778347
null,legacy,triviality_ami_hubness,random,random,0.2610460991726304
null,legacy,triviality_ami_noise_scale,random,random,0.26103801707968327
null,legacy,triviality_n_effective_networks,random,random,49.0
null,legacy,triviality_median_max_membership,random,random,0.65
null,legacy,triviality_frac_confident,random,random,0.5795272435897436
null,nopca_fisher,reliability_within,random,random,0.6202407282491028
null,nopca_fisher,fidelity_within,random,random,0.5253526822963606
null,nopca_fisher,fidelity_within_r,random,random,0.7256974783201594
null,nopca_fisher,fidelity_within_insample,random,random,0.5797051964231991
null,nopca_fisher,reliability_ceiling,random,random,0.6552340487172693
null,nopca_fisher,triviality_ami_layer,random,random,0.059508663928947846
null,nopca_fisher,triviality_ami_hubness,random,random,0.37983937974089965
null,nopca_fisher,triviality_ami_noise_scale,random,random,0.3788679954614991
null,nopca_fisher,triviality_n_effective_networks,random,random,50.0
null,nopca_fisher,triviality_median_max_membership,random,random,0.5
null,nopca_fisher,triviality_frac_confident,random,random,0.4243790064102564
null,vmf_profile,reliability_within,random,random,0.19720770305007285
null,vmf_profile,fidelity_within,random,random,-0.0008422981111819716
null,vmf_profile,fidelity_within_r,random,random,0.08929456520562783
null,vmf_profile,fidelity_within_insample,random,random,0.03354194606704408
null,vmf_profile,reliability_ceiling,random,random,0.5106766814779949
null,vmf_profile,triviality_ami_layer,random,random,0.047151356374510754
null,vmf_profile,triviality_ami_hubness,random,random,0.07171545491119
null,vmf_profile,triviality_ami_noise_scale,random,random,0.07122947249305339
null,vmf_profile,triviality_n_effective_networks,random,random,50.0
null,vmf_profile,triviality_median_max_membership,random,random,0.5
null,vmf_profile,triviality_frac_confident,random,random,0.4675480769230769
null,(ceiling:surrogate),fidelity_within,random,random,-0.9597237914299661
null,(ceiling:surrogate),fidelity_within_r,random,random,0.00012627557143854486
null,vmf_z,reliability_within,random,random,0.510333519934321
null,vmf_z,fidelity_within,random,random,-0.04830004878464078
null,vmf_z,fidelity_within_r,random,random,0.0002185033055347837
null,vmf_z,fidelity_within_insample,random,random,0.05041420396962348
null,vmf_z,reliability_ceiling,random,random,0.6471306281846781
null,vmf_z,triviality_ami_layer,random,random,0.03807273028759478
null,vmf_z,triviality_ami_hubness,random,random,0.026187930083956895
null,vmf_z,triviality_ami_noise_scale,random,random,0.12820778990769172
null,vmf_z,triviality_n_effective_networks,random,random,49.0
null,vmf_z,triviality_median_max_membership,random,random,0.475
null,vmf_z,triviality_frac_confident,random,random,0.41256009615384615
null,(ceiling),fidelity_within,whitespace,whitespace,-0.5433845355435905
null,(ceiling),fidelity_within_r,whitespace,whitespace,0.22835716262890654
null,current,reliability_within,whitespace,whitespace,0.02408835575081738
null,current,fidelity_within,whitespace,whitespace,-0.19898539128919301
null,current,fidelity_within_r,whitespace,whitespace,0.08347687829154499
null,current,fidelity_within_insample,whitespace,whitespace,0.2886523530717423
null,current,reliability_ceiling,whitespace,whitespace,0.2793978016267337
null,current,triviality_ami_layer,whitespace,whitespace,0.008338830812400853
null,current,triviality_ami_hubness,whitespace,whitespace,0.03706997181717565
null,current,triviality_ami_noise_scale,whitespace,whitespace,0.03664931691072402
null,current,triviality_n_effective_networks,whitespace,whitespace,50.0
null,current,triviality_median_max_membership,whitespace,whitespace,0.4
null,current,triviality_frac_confident,whitespace,whitespace,0.27744391025641024
null,fisher_pca,reliability_within,whitespace,whitespace,0.26879590372069073
null,fisher_pca,fidelity_within,whitespace,whitespace,-0.08970620292906029
null,fisher_pca,fidelity_within_r,whitespace,whitespace,0.17548481216855158
null,fisher_pca,fidelity_within_insample,whitespace,whitespace,0.2730940812251609
null,fisher_pca,reliability_ceiling,whitespace,whitespace,0.22935431111904034
null,fisher_pca,triviality_ami_layer,whitespace,whitespace,0.02622912497137718
null,fisher_pca,triviality_ami_hubness,whitespace,whitespace,0.08406642986214137
null,fisher_pca,triviality_ami_noise_scale,whitespace,whitespace,0.08235204508662607
null,fisher_pca,triviality_n_effective_networks,whitespace,whitespace,50.0
null,fisher_pca,triviality_median_max_membership,whitespace,whitespace,0.35
null,fisher_pca,triviality_frac_confident,whitespace,whitespace,0.19170673076923078
null,legacy,reliability_within,whitespace,whitespace,0.22522415312377553
null,legacy,fidelity_within,whitespace,whitespace,0.08002342368717441
null,legacy,fidelity_within_r,whitespace,whitespace,0.30016045612336334
null,legacy,fidelity_within_insample,whitespace,whitespace,0.16039902646176873
null,legacy,reliability_ceiling,whitespace,whitespace,0.2229442938665868
null,legacy,triviality_ami_layer,whitespace,whitespace,0.04122027980028539
null,legacy,triviality_ami_hubness,whitespace,whitespace,0.1349862515706982
null,legacy,triviality_ami_noise_scale,whitespace,whitespace,0.13826054732944407
null,legacy,triviality_n_effective_networks,whitespace,whitespace,50.0
null,legacy,triviality_median_max_membership,whitespace,whitespace,0.3
null,legacy,triviality_frac_confident,whitespace,whitespace,0.14423076923076922
null,nopca_fisher,reliability_within,whitespace,whitespace,0.32641321194838296
null,nopca_fisher,fidelity_within,whitespace,whitespace,-0.1067457375152947
null,nopca_fisher,fidelity_within_r,whitespace,whitespace,0.2551562089717983
null,nopca_fisher,fidelity_within_insample,whitespace,whitespace,0.44844688471934324
null,nopca_fisher,reliability_ceiling,whitespace,whitespace,0.478592298443907
null,nopca_fisher,triviality_ami_layer,whitespace,whitespace,0.030969508849618608
null,nopca_fisher,triviality_ami_hubness,whitespace,whitespace,0.2318294384563166
null,nopca_fisher,triviality_ami_noise_scale,whitespace,whitespace,0.23381692923469322
null,nopca_fisher,triviality_n_effective_networks,whitespace,whitespace,50.0
null,nopca_fisher,triviality_median_max_membership,whitespace,whitespace,0.5
null,nopca_fisher,triviality_frac_confident,whitespace,whitespace,0.3961338141025641
null,vmf_profile,reliability_within,whitespace,whitespace,0.014850986537490824
null,vmf_profile,fidelity_within,whitespace,whitespace,-0.22138279518174464
null,vmf_profile,fidelity_within_r,whitespace,whitespace,0.07449260829822198
null,vmf_profile,fidelity_within_insample,whitespace,whitespace,0.3034148581342959
null,vmf_profile,reliability_ceiling,whitespace,whitespace,0.3204515405262375
null,vmf_profile,triviality_ami_layer,whitespace,whitespace,0.005745605709479747
null,vmf_profile,triviality_ami_hubness,whitespace,whitespace,0.03175662790634091
null,vmf_profile,triviality_ami_noise_scale,whitespace,whitespace,0.031251074839255315
null,vmf_profile,triviality_n_effective_networks,whitespace,whitespace,50.0
null,vmf_profile,triviality_median_max_membership,whitespace,whitespace,0.45
null,vmf_profile,triviality_frac_confident,whitespace,whitespace,0.3724959935897436
null,(ceiling:surrogate),fidelity_within,whitespace,whitespace,-1.0708978085753573
null,(ceiling:surrogate),fidelity_within_r,whitespace,whitespace,0.0023373904334326174
null,vmf_z,reliability_within,whitespace,whitespace,0.019970977997096555
null,vmf_z,fidelity_within,whitespace,whitespace,-0.27271097568613056
null,vmf_z,fidelity_within_r,whitespace,whitespace,0.000557986230224447
null,vmf_z,fidelity_within_insample,whitespace,whitespace,0.25405092931069695
null,vmf_z,reliability_ceiling,whitespace,whitespace,0.30950731927041814
null,vmf_z,triviality_ami_layer,whitespace,whitespace,0.0034553034308492025
null,vmf_z,triviality_ami_hubness,whitespace,whitespace,0.02517168936307753
null,vmf_z,triviality_ami_noise_scale,whitespace,whitespace,0.018268494558702875
null,vmf_z,triviality_n_effective_networks,whitespace,whitespace,50.0
null,vmf_z,triviality_median_max_membership,whitespace,whitespace,0.45
null,vmf_z,triviality_frac_confident,whitespace,whitespace,0.36017628205128205
null,(ceiling),fidelity_across,wikitext,bookcorpus,0.5985178034609452
null,(ceiling:surrogate),fidelity_across,wikitext,bookcorpus,-0.00011184761745488863
null,current,fidelity_across,wikitext,bookcorpus,0.3789997165907833
null,current,reliability_across,wikitext,bookcorpus,0.06160510423227752
null,fisher_pca,fidelity_across,wikitext,bookcorpus,0.3718188213415629
null,fisher_pca,reliability_across,wikitext,bookcorpus,0.2729520171842543
null,legacy,fidelity_across,wikitext,bookcorpus,0.5622260976082091
null,legacy,reliability_across,wikitext,bookcorpus,0.47649751846561783
null,nopca_fisher,fidelity_across,wikitext,bookcorpus,0.7167359581491899
null,nopca_fisher,reliability_across,wikitext,bookcorpus,0.4243074908121921
null,vmf_profile,fidelity_across,wikitext,bookcorpus,0.27469623279950023
null,vmf_profile,reliability_across,wikitext,bookcorpus,0.1801377869023261
null,vmf_z,fidelity_across,wikitext,bookcorpus,5.336301817745214e-05
null,vmf_z,reliability_across,wikitext,bookcorpus,0.3527215760949925
null,(ceiling),fidelity_across,wikitext,agnews,0.5934993324675116
null,(ceiling:surrogate),fidelity_across,wikitext,agnews,3.0206621689609607e-06
null,current,fidelity_across,wikitext,agnews,0.382704006095886
null,current,reliability_across,wikitext,agnews,0.06757710956139623
null,fisher_pca,fidelity_across,wikitext,agnews,0.3705787684608884
null,fisher_pca,reliability_across,wikitext,agnews,0.44147654804051345
null,legacy,fidelity_across,wikitext,agnews,0.554134788694319
null,legacy,reliability_across,wikitext,agnews,0.5240250164964058
null,nopca_fisher,fidelity_across,wikitext,agnews,0.7124438929362339
null,nopca_fisher,reliability_across,wikitext,agnews,0.3668493228417388
null,vmf_profile,fidelity_across,wikitext,agnews,0.28606506942550863
null,vmf_profile,reliability_across,wikitext,agnews,0.17746750899582214
null,vmf_z,fidelity_across,wikitext,agnews,5.427969866780121e-05
null,vmf_z,reliability_across,wikitext,agnews,0.4821334362016715
null,(ceiling),fidelity_across,wikitext,tldr17,0.5917128148985642
null,(ceiling:surrogate),fidelity_across,wikitext,tldr17,-1.9057133654926205e-05
null,current,fidelity_across,wikitext,tldr17,0.36955354975449956
null,current,reliability_across,wikitext,tldr17,0.07503305984368695
null,fisher_pca,fidelity_across,wikitext,tldr17,0.3651639895569531
null,fisher_pca,reliability_across,wikitext,tldr17,0.3476675787081581
null,legacy,fidelity_across,wikitext,tldr17,0.5578869935361247
null,legacy,reliability_across,wikitext,tldr17,0.6021119706794827
null,nopca_fisher,fidelity_across,wikitext,tldr17,0.7123139077560106
null,nopca_fisher,reliability_across,wikitext,tldr17,0.3674442854734188
null,vmf_profile,fidelity_across,wikitext,tldr17,0.26087091630209214
null,vmf_profile,reliability_across,wikitext,tldr17,0.22888871354133597
null,vmf_z,fidelity_across,wikitext,tldr17,-5.094434326396848e-05
null,vmf_z,reliability_across,wikitext,tldr17,0.536726172018297
null,(ceiling),fidelity_across,wikitext,codeparrot,0.5148173517074185
null,(ceiling:surrogate),fidelity_across,wikitext,codeparrot,3.5018941319907785e-06
null,current,fidelity_across,wikitext,codeparrot,0.30470917950487597
null,current,reliability_across,wikitext,codeparrot,0.0211154727720215
null,fisher_pca,fidelity_across,wikitext,codeparrot,0.3152104336544303
null,fisher_pca,reliability_across,wikitext,codeparrot,0.15180432656955772
null,legacy,fidelity_across,wikitext,codeparrot,0.490877208086343
null,legacy,reliability_across,wikitext,codeparrot,0.14922070070678922
null,nopca_fisher,fidelity_across,wikitext,codeparrot,0.6187773578192185
null,nopca_fisher,reliability_across,wikitext,codeparrot,0.12169145902859231
null,vmf_profile,fidelity_across,wikitext,codeparrot,0.21136314041017995
null,vmf_profile,reliability_across,wikitext,codeparrot,0.07772863614654989
null,vmf_z,fidelity_across,wikitext,codeparrot,2.3852912168952474e-05
null,vmf_z,reliability_across,wikitext,codeparrot,0.06612150982506677
null,(ceiling),fidelity_across,wikitext,random,0.5115667913266465
null,(ceiling:surrogate),fidelity_across,wikitext,random,9.670302575113872e-06
null,current,fidelity_across,wikitext,random,0.3746760771562432
null,current,reliability_across,wikitext,random,0.042497452444042856
null,fisher_pca,fidelity_across,wikitext,random,0.36918788679726694
null,fisher_pca,reliability_across,wikitext,random,0.12721783890420443
null,legacy,fidelity_across,wikitext,random,0.5100831460630636
null,legacy,reliability_across,wikitext,random,0.41686703258854524
null,nopca_fisher,fidelity_across,wikitext,random,0.6251885783440392
null,nopca_fisher,reliability_across,wikitext,random,0.08959771693170682
null,vmf_profile,fidelity_across,wikitext,random,0.31051154750603555
null,vmf_profile,reliability_across,wikitext,random,0.032898064197746886
null,vmf_z,fidelity_across,wikitext,random,0.00012927736746660696
null,vmf_z,reliability_across,wikitext,random,0.06148807178367616
null,(ceiling),fidelity_across,wikitext,whitespace,0.03691580670985317
null,(ceiling:surrogate),fidelity_across,wikitext,whitespace,6.282961906869526e-05
null,current,fidelity_across,wikitext,whitespace,0.02768060172801255
null,current,reliability_across,wikitext,whitespace,0.0013276953666046777
null,fisher_pca,fidelity_across,wikitext,whitespace,0.04040992764482689
null,fisher_pca,reliability_across,wikitext,whitespace,0.03277115747170572
null,legacy,fidelity_across,wikitext,whitespace,0.037753251299098234
null,legacy,reliability_across,wikitext,whitespace,0.019448394897480355
null,nopca_fisher,fidelity_across,wikitext,whitespace,0.029414004095279417
null,nopca_fisher,reliability_across,wikitext,whitespace,0.010573754770788136
null,vmf_profile,fidelity_across,wikitext,whitespace,0.008305403673226004
null,vmf_profile,reliability_across,wikitext,whitespace,0.0028030263465420252
null,vmf_z,fidelity_across,wikitext,whitespace,7.413295546631392e-05
null,vmf_z,reliability_across,wikitext,whitespace,0.0014555855130370485
null,(ceiling),fidelity_across,bookcorpus,wikitext,0.5985178034609452
null,(ceiling:surrogate),fidelity_across,bookcorpus,wikitext,-0.00011184761745488863
null,current,fidelity_across,bookcorpus,wikitext,0.2958028585124846
null,current,reliability_across,bookcorpus,wikitext,0.06160510423227752
null,fisher_pca,fidelity_across,bookcorpus,wikitext,0.32828345587116753
null,fisher_pca,reliability_across,bookcorpus,wikitext,0.2729520171842543
null,legacy,fidelity_across,bookcorpus,wikitext,0.523205398992661
null,legacy,reliability_across,bookcorpus,wikitext,0.47649751846561783
null,nopca_fisher,fidelity_across,bookcorpus,wikitext,0.7082422948745858
null,nopca_fisher,reliability_across,bookcorpus,wikitext,0.4243074908121921
null,vmf_profile,fidelity_across,bookcorpus,wikitext,0.12241687868168905
null,vmf_profile,reliability_across,bookcorpus,wikitext,0.1801377869023261
null,vmf_z,fidelity_across,bookcorpus,wikitext,0.00013428894003027173
null,vmf_z,reliability_across,bookcorpus,wikitext,0.3527215760949925
null,(ceiling),fidelity_across,bookcorpus,agnews,0.5904107267495978
null,(ceiling:surrogate),fidelity_across,bookcorpus,agnews,-1.775846181060394e-05
null,current,fidelity_across,bookcorpus,agnews,0.31742730030926536
null,current,reliability_across,bookcorpus,agnews,0.057934986761561225
null,fisher_pca,fidelity_across,bookcorpus,agnews,0.34314432354031216
null,fisher_pca,reliability_across,bookcorpus,agnews,0.23766913056079325
null,legacy,fidelity_across,bookcorpus,agnews,0.5323921201176716
null,legacy,reliability_across,bookcorpus,agnews,0.42699967300603736
null,nopca_fisher,fidelity_across,bookcorpus,agnews,0.7078221954204293
null,nopca_fisher,reliability_across,bookcorpus,agnews,0.30321775910895765
null,vmf_profile,fidelity_across,bookcorpus,agnews,0.1394641287798678
null,vmf_profile,reliability_across,bookcorpus,agnews,0.1717470781790135
null,vmf_z,fidelity_across,bookcorpus,agnews,0.00011043434721573915
null,vmf_z,reliability_across,bookcorpus,agnews,0.36917221212461243
null,(ceiling),fidelity_across,bookcorpus,tldr17,0.589589993713892
null,(ceiling:surrogate),fidelity_across,bookcorpus,tldr17,5.208983512388744e-05
null,current,fidelity_across,bookcorpus,tldr17,0.2970238442664966
null,current,reliability_across,bookcorpus,tldr17,0.058315746180453584
null,fisher_pca,fidelity_across,bookcorpus,tldr17,0.3325720560288497
null,fisher_pca,reliability_across,bookcorpus,tldr17,0.16889025488902681
null,legacy,fidelity_across,bookcorpus,tldr17,0.5280475345286774
null,legacy,reliability_across,bookcorpus,tldr17,0.4932973386628336
null,nopca_fisher,fidelity_across,bookcorpus,tldr17,0.7058815043793256
null,nopca_fisher,reliability_across,bookcorpus,tldr17,0.31545263014543135
null,vmf_profile,fidelity_across,bookcorpus,tldr17,0.12170656139968622
null,vmf_profile,reliability_across,bookcorpus,tldr17,0.09749818403827984
null,vmf_z,fidelity_across,bookcorpus,tldr17,-0.0002725960267222892
null,vmf_z,reliability_across,bookcorpus,tldr17,0.34608017250387757
null,(ceiling),fidelity_across,bookcorpus,codeparrot,0.5181350778489693
null,(ceiling:surrogate),fidelity_across,bookcorpus,codeparrot,0.00013603930166077485
null,current,fidelity_across,bookcorpus,codeparrot,0.2534040051149669
null,current,reliability_across,bookcorpus,codeparrot,0.011679115772310058
null,fisher_pca,fidelity_across,bookcorpus,codeparrot,0.28622184808427464
null,fisher_pca,reliability_across,bookcorpus,codeparrot,0.0994370641180618
null,legacy,fidelity_across,bookcorpus,codeparrot,0.465192184857421
null,legacy,reliability_across,bookcorpus,codeparrot,0.13493884570996467
null,nopca_fisher,fidelity_across,bookcorpus,codeparrot,0.6192083457613577
null,nopca_fisher,reliability_across,bookcorpus,codeparrot,0.12852472330987788
null,vmf_profile,fidelity_across,bookcorpus,codeparrot,0.11309095852541454
null,vmf_profile,reliability_across,bookcorpus,codeparrot,0.06538249134072208
null,vmf_z,fidelity_across,bookcorpus,codeparrot,6.364758754051831e-05
null,vmf_z,reliability_across,bookcorpus,codeparrot,0.08560780051002378
null,(ceiling),fidelity_across,bookcorpus,random,0.5256409814245475
null,(ceiling:surrogate),fidelity_across,bookcorpus,random,0.0003528236452263508
null,current,fidelity_across,bookcorpus,random,0.33600274468213226
null,current,reliability_across,bookcorpus,random,0.04221238162502533
null,fisher_pca,fidelity_across,bookcorpus,random,0.3584654424912973
null,fisher_pca,reliability_across,bookcorpus,random,0.09818554471002075
null,legacy,fidelity_across,bookcorpus,random,0.5075352702957524
null,legacy,reliability_across,bookcorpus,random,0.3754407238039041
null,nopca_fisher,fidelity_across,bookcorpus,random,0.635894478316078
null,nopca_fisher,reliability_across,bookcorpus,random,0.09620175720035616
null,vmf_profile,fidelity_across,bookcorpus,random,0.183957581233254
null,vmf_profile,reliability_across,bookcorpus,random,0.0675933234945806
null,vmf_z,fidelity_across,bookcorpus,random,6.54013014272349e-05
null,vmf_z,reliability_across,bookcorpus,random,0.11238347087963925
null,(ceiling),fidelity_across,bookcorpus,whitespace,0.035653632120050224
null,(ceiling:surrogate),fidelity_across,bookcorpus,whitespace,-4.175344539229536e-05
null,current,fidelity_across,bookcorpus,whitespace,0.031984092117375254
null,current,reliability_across,bookcorpus,whitespace,0.0007849798592658733
null,fisher_pca,fidelity_across,bookcorpus,whitespace,0.03109445582177325
null,fisher_pca,reliability_across,bookcorpus,whitespace,0.018295815258129924
null,legacy,fidelity_across,bookcorpus,whitespace,0.03854336003341626
null,legacy,reliability_across,bookcorpus,whitespace,0.018505365139084753
null,nopca_fisher,fidelity_across,bookcorpus,whitespace,0.034466994421032016
null,nopca_fisher,reliability_across,bookcorpus,whitespace,0.01703363313004503
null,vmf_profile,fidelity_across,bookcorpus,whitespace,0.04662401947406484
null,vmf_profile,reliability_across,bookcorpus,whitespace,0.002495904400161983
null,vmf_z,fidelity_across,bookcorpus,whitespace,0.0002763349878354412
null,vmf_z,reliability_across,bookcorpus,whitespace,0.003197516068342958
null,(ceiling),fidelity_across,agnews,wikitext,0.5934993324675116
null,(ceiling:surrogate),fidelity_across,agnews,wikitext,3.0206621689609607e-06
null,current,fidelity_across,agnews,wikitext,0.23276060989383135
null,current,reliability_across,agnews,wikitext,0.06757710956139623
null,fisher_pca,fidelity_across,agnews,wikitext,0.34001569016327166
null,fisher_pca,reliability_across,agnews,wikitext,0.44147654804051345
null,legacy,fidelity_across,agnews,wikitext,0.5155978539115327
null,legacy,reliability_across,agnews,wikitext,0.5240250164964058
null,nopca_fisher,fidelity_across,agnews,wikitext,0.7056746667198135
null,nopca_fisher,reliability_across,agnews,wikitext,0.3668493228417388
null,vmf_profile,fidelity_across,agnews,wikitext,0.08844630230710401
null,vmf_profile,reliability_across,agnews,wikitext,0.17746750899582214
null,vmf_z,fidelity_across,agnews,wikitext,-0.000134279544221534
null,vmf_z,reliability_across,agnews,wikitext,0.4821334362016715
null,(ceiling),fidelity_across,agnews,bookcorpus,0.5904107267495977
null,(ceiling:surrogate),fidelity_across,agnews,bookcorpus,-1.775846181060394e-05
null,current,fidelity_across,agnews,bookcorpus,0.2463232321304974
null,current,reliability_across,agnews,bookcorpus,0.057934986761561225
null,fisher_pca,fidelity_across,agnews,bookcorpus,0.35512687898641904
null,fisher_pca,reliability_across,agnews,bookcorpus,0.23766913056079325
null,legacy,fidelity_across,agnews,bookcorpus,0.5277972207754034
null,legacy,reliability_across,agnews,bookcorpus,0.42699967300603736
null,nopca_fisher,fidelity_across,agnews,bookcorpus,0.7096344241418506
null,nopca_fisher,reliability_across,agnews,bookcorpus,0.30321775910895765
null,vmf_profile,fidelity_across,agnews,bookcorpus,0.09565970921456776
null,vmf_profile,reliability_across,agnews,bookcorpus,0.1717470781790135
null,vmf_z,fidelity_across,agnews,bookcorpus,0.00013291479390541107
null,vmf_z,reliability_across,agnews,bookcorpus,0.36917221212461243
null,(ceiling),fidelity_across,agnews,tldr17,0.5879032932615887
null,(ceiling:surrogate),fidelity_across,agnews,tldr17,-0.00018168387348606888
null,current,fidelity_across,agnews,tldr17,0.23098429377403673
null,current,reliability_across,agnews,tldr17,0.0623865849718845
null,fisher_pca,fidelity_across,agnews,tldr17,0.3411559101974131
null,fisher_pca,reliability_across,agnews,tldr17,0.27760801163471255
null,legacy,fidelity_across,agnews,tldr17,0.5171402065427844
null,legacy,reliability_across,agnews,tldr17,0.4929293437642197
null,nopca_fisher,fidelity_across,agnews,tldr17,0.6997533003671877
null,nopca_fisher,reliability_across,agnews,tldr17,0.2659434676366047
null,vmf_profile,fidelity_across,agnews,tldr17,0.08650545467965959
null,vmf_profile,reliability_across,agnews,tldr17,0.0910579426211365
null,vmf_z,fidelity_across,agnews,tldr17,-2.5392725103066962e-05
null,vmf_z,reliability_across,agnews,tldr17,0.4725536957461103
null,(ceiling),fidelity_across,agnews,codeparrot,0.5097771687707398
null,(ceiling:surrogate),fidelity_across,agnews,codeparrot,0.00011504506570925909
null,current,fidelity_across,agnews,codeparrot,0.20095869761833707
null,current,reliability_across,agnews,codeparrot,0.008445402544869585
null,fisher_pca,fidelity_across,agnews,codeparrot,0.29571993040622196
null,fisher_pca,reliability_across,agnews,codeparrot,0.13175616285320133
null,legacy,fidelity_across,agnews,codeparrot,0.4518676477580462
null,legacy,reliability_across,agnews,codeparrot,0.14575372594602845
null,nopca_fisher,fidelity_across,agnews,codeparrot,0.6092339378729875
null,nopca_fisher,reliability_across,agnews,codeparrot,0.1186606234479449
null,vmf_profile,fidelity_across,agnews,codeparrot,0.08181229107953773
null,vmf_profile,reliability_across,agnews,codeparrot,0.06326160382567107
null,vmf_z,fidelity_across,agnews,codeparrot,-2.0144653300120506e-05
null,vmf_z,reliability_across,agnews,codeparrot,0.06347973205049291
null,(ceiling),fidelity_across,agnews,random,0.5483492130569708
null,(ceiling:surrogate),fidelity_across,agnews,random,-3.5127363518489266e-06
null,current,fidelity_across,agnews,random,0.30590725955630566
null,current,reliability_across,agnews,random,0.05362327746625285
null,fisher_pca,fidelity_across,agnews,random,0.3945707554634104
null,fisher_pca,reliability_across,agnews,random,0.12950799387704667
null,legacy,fidelity_across,agnews,random,0.5368412250231974
null,legacy,reliability_across,agnews,random,0.4472254234472485
null,nopca_fisher,fidelity_across,agnews,random,0.6609182408866923
null,nopca_fisher,reliability_across,agnews,random,0.14791847076242015
null,vmf_profile,fidelity_across,agnews,random,0.15621477819039425
null,vmf_profile,reliability_across,agnews,random,0.08626108970927725
null,vmf_z,fidelity_across,agnews,random,2.839656359808406e-06
null,vmf_z,reliability_across,agnews,random,0.09987267007447559
null,(ceiling),fidelity_across,agnews,whitespace,0.035814658199224685
null,(ceiling:surrogate),fidelity_across,agnews,whitespace,0.00013224710051676684
null,current,fidelity_across,agnews,whitespace,0.03610755018754417
null,current,reliability_across,agnews,whitespace,0.0005783696785555799
null,fisher_pca,fidelity_across,agnews,whitespace,0.03244031031583435
null,fisher_pca,reliability_across,agnews,whitespace,0.026592793585022624
null,legacy,fidelity_across,agnews,whitespace,0.03797708405230481
null,legacy,reliability_across,agnews,whitespace,0.023452180760700977
null,nopca_fisher,fidelity_across,agnews,whitespace,0.033617869302819126
null,nopca_fisher,reliability_across,agnews,whitespace,0.019504878339414826
null,vmf_profile,fidelity_across,agnews,whitespace,0.061280811473209504
null,vmf_profile,reliability_across,agnews,whitespace,0.0018948096456182367
null,vmf_z,fidelity_across,agnews,whitespace,0.00014258211111119396
null,vmf_z,reliability_across,agnews,whitespace,0.0016170268810784829
null,(ceiling),fidelity_across,tldr17,wikitext,0.5917128148985642
null,(ceiling:surrogate),fidelity_across,tldr17,wikitext,-1.9057133654926205e-05
null,current,fidelity_across,tldr17,wikitext,0.365685344518992
null,current,reliability_across,tldr17,wikitext,0.07503305984368695
null,fisher_pca,fidelity_across,tldr17,wikitext,0.36844965432912197
null,fisher_pca,reliability_across,tldr17,wikitext,0.3476675787081581
null,legacy,fidelity_across,tldr17,wikitext,0.5325434404827525
null,legacy,reliability_across,tldr17,wikitext,0.6021119706794827
null,nopca_fisher,fidelity_across,tldr17,wikitext,0.7138176703069392
null,nopca_fisher,reliability_across,tldr17,wikitext,0.3674442854734188
null,vmf_profile,fidelity_across,tldr17,wikitext,0.2608959440216452
null,vmf_profile,reliability_across,tldr17,wikitext,0.22888871354133597
null,vmf_z,fidelity_across,tldr17,wikitext,6.957406139231249e-06
null,vmf_z,reliability_across,tldr17,wikitext,0.536726172018297
null,(ceiling),fidelity_across,tldr17,bookcorpus,0.589589993713892
null,(ceiling:surrogate),fidelity_across,tldr17,bookcorpus,5.208983512388744e-05
null,current,fidelity_across,tldr17,bookcorpus,0.37641611364982724
null,current,reliability_across,tldr17,bookcorpus,0.058315746180453584
null,fisher_pca,fidelity_across,tldr17,bookcorpus,0.37666918648908826
null,fisher_pca,reliability_across,tldr17,bookcorpus,0.16889025488902681
null,legacy,fidelity_across,tldr17,bookcorpus,0.5413163545321209
null,legacy,reliability_across,tldr17,bookcorpus,0.4932973386628336
null,nopca_fisher,fidelity_across,tldr17,bookcorpus,0.7147672239175961
null,nopca_fisher,reliability_across,tldr17,bookcorpus,0.31545263014543135
null,vmf_profile,fidelity_across,tldr17,bookcorpus,0.27265109394766823
null,vmf_profile,reliability_across,tldr17,bookcorpus,0.09749818403827984
null,vmf_z,fidelity_across,tldr17,bookcorpus,8.673607621985759e-05
null,vmf_z,reliability_across,tldr17,bookcorpus,0.34608017250387757
null,(ceiling),fidelity_across,tldr17,agnews,0.5879032932615889
null,(ceiling:surrogate),fidelity_across,tldr17,agnews,-0.00018168387348606888
null,current,fidelity_across,tldr17,agnews,0.37712519622841156
null,current,reliability_across,tldr17,agnews,0.0623865849718845
null,fisher_pca,fidelity_across,tldr17,agnews,0.37062561419331164
null,fisher_pca,reliability_across,tldr17,agnews,0.27760801163471255
null,legacy,fidelity_across,tldr17,agnews,0.5270933200213003
null,legacy,reliability_across,tldr17,agnews,0.4929293437642197
null,nopca_fisher,fidelity_across,tldr17,agnews,0.7044255397704674
null,nopca_fisher,reliability_across,tldr17,agnews,0.2659434676366047
null,vmf_profile,fidelity_across,tldr17,agnews,0.27862738800958964
null,vmf_profile,reliability_across,tldr17,agnews,0.0910579426211365
null,vmf_z,fidelity_across,tldr17,agnews,0.0001955613671473694
null,vmf_z,reliability_across,tldr17,agnews,0.4725536957461103
null,(ceiling),fidelity_across,tldr17,codeparrot,0.5172180149413884
null,(ceiling:surrogate),fidelity_across,tldr17,codeparrot,0.0001769424873709899
null,current,fidelity_across,tldr17,codeparrot,0.30566488426200294
null,current,reliability_across,tldr17,codeparrot,0.020312606071389603
null,fisher_pca,fidelity_across,tldr17,codeparrot,0.3275924845193746
null,fisher_pca,reliability_across,tldr17,codeparrot,0.07328299832265814
null,legacy,fidelity_across,tldr17,codeparrot,0.4788379853457183
null,legacy,reliability_across,tldr17,codeparrot,0.14897831007317347
null,nopca_fisher,fidelity_across,tldr17,codeparrot,0.6240113392972427
null,nopca_fisher,reliability_across,tldr17,codeparrot,0.17782350448966186
null,vmf_profile,fidelity_across,tldr17,codeparrot,0.21836644347576734
null,vmf_profile,reliability_across,tldr17,codeparrot,0.06171970123824079
null,vmf_z,fidelity_across,tldr17,codeparrot,3.8675378556403264e-05
null,vmf_z,reliability_across,tldr17,codeparrot,0.06210368881307421
null,(ceiling),fidelity_across,tldr17,random,0.5032927956353158
null,(ceiling:surrogate),fidelity_across,tldr17,random,-5.55345873977201e-05
null,current,fidelity_across,tldr17,random,0.36170786367853053
null,current,reliability_across,tldr17,random,0.036573539803398926
null,fisher_pca,fidelity_across,tldr17,random,0.35835938934175865
null,fisher_pca,reliability_across,tldr17,random,0.10468074273628065
null,legacy,fidelity_across,tldr17,random,0.48395596520564316
null,legacy,reliability_across,tldr17,random,0.4139543701800721
null,nopca_fisher,fidelity_across,tldr17,random,0.6105712348122943
null,nopca_fisher,reliability_across,tldr17,random,0.0998993236664582
null,vmf_profile,fidelity_across,tldr17,random,0.29214037363745743
null,vmf_profile,reliability_across,tldr17,random,0.029593161923181302
null,vmf_z,fidelity_across,tldr17,random,0.00017472760190640922
null,vmf_z,reliability_across,tldr17,random,0.05999819174025521
null,(ceiling),fidelity_across,tldr17,whitespace,0.037403500765507934
null,(ceiling:surrogate),fidelity_across,tldr17,whitespace,4.23951808452677e-05
null,current,fidelity_across,tldr17,whitespace,0.024185066191404418
null,current,reliability_across,tldr17,whitespace,0.001186081325277045
null,fisher_pca,fidelity_across,tldr17,whitespace,0.04499506949288857
null,fisher_pca,reliability_across,tldr17,whitespace,0.022193814846008474
null,legacy,fidelity_across,tldr17,whitespace,0.037812339677982205
null,legacy,reliability_across,tldr17,whitespace,0.019156540867608225
null,nopca_fisher,fidelity_across,tldr17,whitespace,0.03442342795172181
null,nopca_fisher,reliability_across,tldr17,whitespace,0.018308484142362094
null,vmf_profile,fidelity_across,tldr17,whitespace,0.020060187932018907
null,vmf_profile,reliability_across,tldr17,whitespace,0.0036556664649052945
null,vmf_z,fidelity_across,tldr17,whitespace,0.0002892953237747261
null,vmf_z,reliability_across,tldr17,whitespace,0.0004063869328259258
null,(ceiling),fidelity_across,codeparrot,wikitext,0.5148173517074184
null,(ceiling:surrogate),fidelity_across,codeparrot,wikitext,3.5018941319907785e-06
null,current,fidelity_across,codeparrot,wikitext,0.37850768203722435
null,current,reliability_across,codeparrot,wikitext,0.0211154727720215
null,fisher_pca,fidelity_across,codeparrot,wikitext,0.3474221321885225
null,fisher_pca,reliability_across,codeparrot,wikitext,0.15180432656955772
null,legacy,fidelity_across,codeparrot,wikitext,0.4266856776009509
null,legacy,reliability_across,codeparrot,wikitext,0.14922070070678922
null,nopca_fisher,fidelity_across,codeparrot,wikitext,0.6933184115480129
null,nopca_fisher,reliability_across,codeparrot,wikitext,0.12169145902859231
null,vmf_profile,fidelity_across,codeparrot,wikitext,0.30068335214387437
null,vmf_profile,reliability_across,codeparrot,wikitext,0.07772863614654989
null,vmf_z,fidelity_across,codeparrot,wikitext,4.548592049865756e-05
null,vmf_z,reliability_across,codeparrot,wikitext,0.06612150982506677
null,(ceiling),fidelity_across,codeparrot,bookcorpus,0.5181350778489693
null,(ceiling:surrogate),fidelity_across,codeparrot,bookcorpus,0.00013603930166077485
null,current,fidelity_across,codeparrot,bookcorpus,0.38799316231684033
null,current,reliability_across,codeparrot,bookcorpus,0.011679115772310058
null,fisher_pca,fidelity_across,codeparrot,bookcorpus,0.3565366041425028
null,fisher_pca,reliability_across,codeparrot,bookcorpus,0.0994370641180618
null,legacy,fidelity_across,codeparrot,bookcorpus,0.43481871354269164
null,legacy,reliability_across,codeparrot,bookcorpus,0.13493884570996467
null,nopca_fisher,fidelity_across,codeparrot,bookcorpus,0.6971599347117898
null,nopca_fisher,reliability_across,codeparrot,bookcorpus,0.12852472330987788
null,vmf_profile,fidelity_across,codeparrot,bookcorpus,0.3118160237232127
null,vmf_profile,reliability_across,codeparrot,bookcorpus,0.06538249134072208
null,vmf_z,fidelity_across,codeparrot,bookcorpus,2.533918219128092e-05
null,vmf_z,reliability_across,codeparrot,bookcorpus,0.08560780051002378
null,(ceiling),fidelity_across,codeparrot,agnews,0.5097771687707398
null,(ceiling:surrogate),fidelity_across,codeparrot,agnews,0.0001150450657092591
null,current,fidelity_across,codeparrot,agnews,0.3851106889171505
null,current,reliability_across,codeparrot,agnews,0.008445402544869585
null,fisher_pca,fidelity_across,codeparrot,agnews,0.34701480623206926
null,fisher_pca,reliability_across,codeparrot,agnews,0.13175616285320133
null,legacy,fidelity_across,codeparrot,agnews,0.43029875347906776
null,legacy,reliability_across,codeparrot,agnews,0.14575372594602845
null,nopca_fisher,fidelity_across,codeparrot,agnews,0.6860890234370212
null,nopca_fisher,reliability_across,codeparrot,agnews,0.1186606234479449
null,vmf_profile,fidelity_across,codeparrot,agnews,0.311513707628397
null,vmf_profile,reliability_across,codeparrot,agnews,0.06326160382567107
null,vmf_z,fidelity_across,codeparrot,agnews,9.604534083105446e-06
null,vmf_z,reliability_across,codeparrot,agnews,0.06347973205049291
null,(ceiling),fidelity_across,codeparrot,tldr17,0.5172180149413884
null,(ceiling:surrogate),fidelity_across,codeparrot,tldr17,0.00017694248737098992
null,current,fidelity_across,codeparrot,tldr17,0.3862643438132465
null,current,reliability_across,codeparrot,tldr17,0.020312606071389603
null,fisher_pca,fidelity_across,codeparrot,tldr17,0.3526093267405221
null,fisher_pca,reliability_across,codeparrot,tldr17,0.07328299832265814
null,legacy,fidelity_across,codeparrot,tldr17,0.4347980247408788
null,legacy,reliability_across,codeparrot,tldr17,0.14897831007317347
null,nopca_fisher,fidelity_across,codeparrot,tldr17,0.6959363784166401
null,nopca_fisher,reliability_across,codeparrot,tldr17,0.17782350448966186
null,vmf_profile,fidelity_across,codeparrot,tldr17,0.30654671575758885
null,vmf_profile,reliability_across,codeparrot,tldr17,0.06171970123824079
null,vmf_z,fidelity_across,codeparrot,tldr17,7.636386913118658e-05
null,vmf_z,reliability_across,codeparrot,tldr17,0.06210368881307421
null,(ceiling),fidelity_across,codeparrot,random,0.4537824306773114
null,(ceiling:surrogate),fidelity_across,codeparrot,random,9.166329194999178e-05
null,current,fidelity_across,codeparrot,random,0.3655310447021048
null,current,reliability_across,codeparrot,random,0.008333315832507954
null,fisher_pca,fidelity_across,codeparrot,random,0.3431340229323393
null,fisher_pca,reliability_across,codeparrot,random,0.06700040130332846
null,legacy,fidelity_across,codeparrot,random,0.41228417662948685
null,legacy,reliability_across,codeparrot,random,0.16506633525027825
null,nopca_fisher,fidelity_across,codeparrot,random,0.6123831073259299
null,nopca_fisher,reliability_across,codeparrot,random,0.08133535778101285
null,vmf_profile,fidelity_across,codeparrot,random,0.31276469110935257
null,vmf_profile,reliability_across,codeparrot,random,0.03858281352565627
null,vmf_z,fidelity_across,codeparrot,random,-3.605047987116621e-05
null,vmf_z,reliability_across,codeparrot,random,0.05937764643696488
null,(ceiling),fidelity_across,codeparrot,whitespace,0.04840152003926525
null,(ceiling:surrogate),fidelity_across,codeparrot,whitespace,0.00032422309421675885
null,current,fidelity_across,codeparrot,whitespace,0.030146960968742233
null,current,reliability_across,codeparrot,whitespace,0.0010940594847580329
null,fisher_pca,fidelity_across,codeparrot,whitespace,0.0535262909579598
null,fisher_pca,reliability_across,codeparrot,whitespace,0.023535762965533915
null,legacy,fidelity_across,codeparrot,whitespace,0.053471881062923186
null,legacy,reliability_across,codeparrot,whitespace,0.022486333104126364
null,nopca_fisher,fidelity_across,codeparrot,whitespace,0.055947821404576645
null,nopca_fisher,reliability_across,codeparrot,whitespace,0.0311431044775704
null,vmf_profile,fidelity_across,codeparrot,whitespace,0.027356755464780294
null,vmf_profile,reliability_across,codeparrot,whitespace,0.004462920313262709
null,vmf_z,fidelity_across,codeparrot,whitespace,0.0004038158856678234
null,vmf_z,reliability_across,codeparrot,whitespace,0.011202797927030033
null,(ceiling),fidelity_across,random,wikitext,0.5115667913266465
null,(ceiling:surrogate),fidelity_across,random,wikitext,9.67030257511387e-06
null,current,fidelity_across,random,wikitext,0.08590353946055475
null,current,reliability_across,random,wikitext,0.042497452444042856
null,fisher_pca,fidelity_across,random,wikitext,0.22024820575554846
null,fisher_pca,reliability_across,random,wikitext,0.12721783890420443
null,legacy,fidelity_across,random,wikitext,0.3774943826549705
null,legacy,reliability_across,random,wikitext,0.41686703258854524
null,nopca_fisher,fidelity_across,random,wikitext,0.6323429943978535
null,nopca_fisher,reliability_across,random,wikitext,0.08959771693170682
null,vmf_profile,fidelity_across,random,wikitext,0.05246680113690024
null,vmf_profile,reliability_across,random,wikitext,0.032898064197746886
null,vmf_z,fidelity_across,random,wikitext,-1.364010661731841e-06
null,vmf_z,reliability_across,random,wikitext,0.06148807178367616
null,(ceiling),fidelity_across,random,bookcorpus,0.5256409814245475
null,(ceiling:surrogate),fidelity_across,random,bookcorpus,0.0003528236452263508
null,current,fidelity_across,random,bookcorpus,0.09005223114528325
null,current,reliability_across,random,bookcorpus,0.04221238162502533
null,fisher_pca,fidelity_across,random,bookcorpus,0.23681170479622282
null,fisher_pca,reliability_across,random,bookcorpus,0.09818554471002075
null,legacy,fidelity_across,random,bookcorpus,0.39437445839091045
null,legacy,reliability_across,random,bookcorpus,0.3754407238039041
null,nopca_fisher,fidelity_across,random,bookcorpus,0.6500482684755379
null,nopca_fisher,reliability_across,random,bookcorpus,0.09620175720035616
null,vmf_profile,fidelity_across,random,bookcorpus,0.052261224483676316
null,vmf_profile,reliability_across,random,bookcorpus,0.0675933234945806
null,vmf_z,fidelity_across,random,bookcorpus,0.00010474661714196185
null,vmf_z,reliability_across,random,bookcorpus,0.11238347087963925
null,(ceiling),fidelity_across,random,agnews,0.5483492130569708
null,(ceiling:surrogate),fidelity_across,random,agnews,-3.512736351848926e-06
null,current,fidelity_across,random,agnews,0.10005496084223575
null,current,reliability_across,random,agnews,0.05362327746625285
null,fisher_pca,fidelity_across,random,agnews,0.2539045258103626
null,fisher_pca,reliability_across,random,agnews,0.12950799387704667
null,legacy,fidelity_across,random,agnews,0.4105427583760392
null,legacy,reliability_across,random,agnews,0.4472254234472485
null,nopca_fisher,fidelity_across,random,agnews,0.6787711497713026
null,nopca_fisher,reliability_across,random,agnews,0.14791847076242015
null,vmf_profile,fidelity_across,random,agnews,0.058997889365672844
null,vmf_profile,reliability_across,random,agnews,0.08626108970927725
null,vmf_z,fidelity_across,random,agnews,-2.2689226300516306e-05
null,vmf_z,reliability_across,random,agnews,0.09987267007447559
null,(ceiling),fidelity_across,random,tldr17,0.5032927956353158
null,(ceiling:surrogate),fidelity_across,random,tldr17,-5.55345873977201e-05
null,current,fidelity_across,random,tldr17,0.08480292892043854
null,current,reliability_across,random,tldr17,0.036573539803398926
null,fisher_pca,fidelity_across,random,tldr17,0.21907775692945244
null,fisher_pca,reliability_across,random,tldr17,0.10468074273628065
null,legacy,fidelity_across,random,tldr17,0.37105665939913673
null,legacy,reliability_across,random,tldr17,0.4139543701800721
null,nopca_fisher,fidelity_across,random,tldr17,0.6216246174322954
null,nopca_fisher,reliability_across,random,tldr17,0.0998993236664582
null,vmf_profile,fidelity_across,random,tldr17,0.052130495799558314
null,vmf_profile,reliability_across,random,tldr17,0.029593161923181302
null,vmf_z,fidelity_across,random,tldr17,1.4948358741547444e-05
null,vmf_z,reliability_across,random,tldr17,0.05999819174025521
null,(ceiling),fidelity_across,random,codeparrot,0.4537824306773114
null,(ceiling:surrogate),fidelity_across,random,codeparrot,9.166329194999176e-05
null,current,fidelity_across,random,codeparrot,0.09682401304874565
null,current,reliability_across,random,codeparrot,0.008333315832507954
null,fisher_pca,fidelity_across,random,codeparrot,0.20924112832508754
null,fisher_pca,reliability_across,random,codeparrot,0.06700040130332846
null,legacy,fidelity_across,random,codeparrot,0.3559513960798303
null,legacy,reliability_across,random,codeparrot,0.16506633525027825
null,nopca_fisher,fidelity_across,random,codeparrot,0.5581825865943968
null,nopca_fisher,reliability_across,random,codeparrot,0.08133535778101285
null,vmf_profile,fidelity_across,random,codeparrot,0.06747067098812533
null,vmf_profile,reliability_across,random,codeparrot,0.03858281352565627
null,vmf_z,fidelity_across,random,codeparrot,1.0707166753292204e-05
null,vmf_z,reliability_across,random,codeparrot,0.05937764643696488
null,(ceiling),fidelity_across,random,whitespace,0.04345535276122174
null,(ceiling:surrogate),fidelity_across,random,whitespace,0.00015896358726269285
null,current,fidelity_across,random,whitespace,0.10007108668346516
null,current,reliability_across,random,whitespace,0.0006746760943381098
null,fisher_pca,fidelity_across,random,whitespace,0.06121335526053401
null,fisher_pca,reliability_across,random,whitespace,0.023836866628981667
null,legacy,fidelity_across,random,whitespace,0.05580984359416884
null,legacy,reliability_across,random,whitespace,0.030203270497859838
null,nopca_fisher,fidelity_across,random,whitespace,0.051444798458685284
null,nopca_fisher,reliability_across,random,whitespace,0.029042228654528626
null,vmf_profile,fidelity_across,random,whitespace,0.10994857144780044
null,vmf_profile,reliability_across,random,whitespace,0.0035991667576790857
null,vmf_z,fidelity_across,random,whitespace,0.0003166623835455251
null,vmf_z,reliability_across,random,whitespace,0.007763635888781729
null,(ceiling),fidelity_across,whitespace,wikitext,0.03691580670985317
null,(ceiling:surrogate),fidelity_across,whitespace,wikitext,6.282961906869526e-05
null,current,fidelity_across,whitespace,wikitext,-0.017470541124959552
null,current,reliability_across,whitespace,wikitext,0.0013276953666046777
null,fisher_pca,fidelity_across,whitespace,wikitext,0.03557148557352621
null,fisher_pca,reliability_across,whitespace,wikitext,0.03277115747170572
null,legacy,fidelity_across,whitespace,wikitext,0.048648665549505414
null,legacy,reliability_across,whitespace,wikitext,0.019448394897480355
null,nopca_fisher,fidelity_across,whitespace,wikitext,0.036751142909370864
null,nopca_fisher,reliability_across,whitespace,wikitext,0.010573754770788136
null,vmf_profile,fidelity_across,whitespace,wikitext,-0.01966519172563738
null,vmf_profile,reliability_across,whitespace,wikitext,0.0028030263465420252
null,vmf_z,fidelity_across,whitespace,wikitext,-0.0001887207817624139
null,vmf_z,reliability_across,whitespace,wikitext,0.0014555855130370485
null,(ceiling),fidelity_across,whitespace,bookcorpus,0.035653632120050224
null,(ceiling:surrogate),fidelity_across,whitespace,bookcorpus,-4.175344539229536e-05
null,current,fidelity_across,whitespace,bookcorpus,-0.02166813359710905
null,current,reliability_across,whitespace,bookcorpus,0.0007849798592658733
null,fisher_pca,fidelity_across,whitespace,bookcorpus,0.032882431812277554
null,fisher_pca,reliability_across,whitespace,bookcorpus,0.018295815258129924
null,legacy,fidelity_across,whitespace,bookcorpus,0.04593569095176332
null,legacy,reliability_across,whitespace,bookcorpus,0.018505365139084753
null,nopca_fisher,fidelity_across,whitespace,bookcorpus,0.03406539819978822
null,nopca_fisher,reliability_across,whitespace,bookcorpus,0.01703363313004503
null,vmf_profile,fidelity_across,whitespace,bookcorpus,-0.02385156408165746
null,vmf_profile,reliability_across,whitespace,bookcorpus,0.002495904400161983
null,vmf_z,fidelity_across,whitespace,bookcorpus,-0.0001934209011217015
null,vmf_z,reliability_across,whitespace,bookcorpus,0.003197516068342958
null,(ceiling),fidelity_across,whitespace,agnews,0.035814658199224685
null,(ceiling:surrogate),fidelity_across,whitespace,agnews,0.0001322471005167668
null,current,fidelity_across,whitespace,agnews,-0.02374967112748601
null,current,reliability_across,whitespace,agnews,0.0005783696785555799
null,fisher_pca,fidelity_across,whitespace,agnews,0.0325487572825623
null,fisher_pca,reliability_across,whitespace,agnews,0.026592793585022624
null,legacy,fidelity_across,whitespace,agnews,0.04710818534916808
null,legacy,reliability_across,whitespace,agnews,0.023452180760700977
null,nopca_fisher,fidelity_across,whitespace,agnews,0.03375495912461948
null,nopca_fisher,reliability_across,whitespace,agnews,0.019504878339414826
null,vmf_profile,fidelity_across,whitespace,agnews,-0.026114354106430437
null,vmf_profile,reliability_across,whitespace,agnews,0.0018948096456182367
null,vmf_z,fidelity_across,whitespace,agnews,0.00011279121598758579
null,vmf_z,reliability_across,whitespace,agnews,0.0016170268810784829
null,(ceiling),fidelity_across,whitespace,tldr17,0.037403500765507934
null,(ceiling:surrogate),fidelity_across,whitespace,tldr17,4.23951808452677e-05
null,current,fidelity_across,whitespace,tldr17,-0.016366164810146848
null,current,reliability_across,whitespace,tldr17,0.001186081325277045
null,fisher_pca,fidelity_across,whitespace,tldr17,0.0361918794105805
null,fisher_pca,reliability_across,whitespace,tldr17,0.022193814846008474
null,legacy,fidelity_across,whitespace,tldr17,0.04960482823273393
null,legacy,reliability_across,whitespace,tldr17,0.019156540867608225
null,nopca_fisher,fidelity_across,whitespace,tldr17,0.03780867984569226
null,nopca_fisher,reliability_across,whitespace,tldr17,0.018308484142362094
null,vmf_profile,fidelity_across,whitespace,tldr17,-0.018589168585630703
null,vmf_profile,reliability_across,whitespace,tldr17,0.0036556664649052945
null,vmf_z,fidelity_across,whitespace,tldr17,-0.00013969353400410028
null,vmf_z,reliability_across,whitespace,tldr17,0.0004063869328259258
null,(ceiling),fidelity_across,whitespace,codeparrot,0.04840152003926524
null,(ceiling:surrogate),fidelity_across,whitespace,codeparrot,0.00032422309421675885
null,current,fidelity_across,whitespace,codeparrot,-0.007537982118995606
null,current,reliability_across,whitespace,codeparrot,0.0010940594847580329
null,fisher_pca,fidelity_across,whitespace,codeparrot,0.056640076804256624
null,fisher_pca,reliability_across,whitespace,codeparrot,0.023535762965533915
null,legacy,fidelity_across,whitespace,codeparrot,0.07184026793773322
null,legacy,reliability_across,whitespace,codeparrot,0.022486333104126364
null,nopca_fisher,fidelity_across,whitespace,codeparrot,0.05668869524935085
null,nopca_fisher,reliability_across,whitespace,codeparrot,0.0311431044775704
null,vmf_profile,fidelity_across,whitespace,codeparrot,-0.010273929021441678
null,vmf_profile,reliability_across,whitespace,codeparrot,0.004462920313262709
null,vmf_z,fidelity_across,whitespace,codeparrot,0.00014677880276545483
null,vmf_z,reliability_across,whitespace,codeparrot,0.011202797927030033
null,(ceiling),fidelity_across,whitespace,random,0.04345535276122175
null,(ceiling:surrogate),fidelity_across,whitespace,random,0.00015896358726269285
null,current,fidelity_across,whitespace,random,-0.032124682335118775
null,current,reliability_across,whitespace,random,0.0006746760943381098
null,fisher_pca,fidelity_across,whitespace,random,0.04650691400278552
null,fisher_pca,reliability_across,whitespace,random,0.023836866628981667
null,legacy,fidelity_across,whitespace,random,0.06650594637318608
null,legacy,reliability_across,whitespace,random,0.030203270497859838
null,nopca_fisher,fidelity_across,whitespace,random,0.04549247353299493
null,nopca_fisher,reliability_across,whitespace,random,0.029042228654528626
null,vmf_profile,fidelity_across,whitespace,random,-0.03611687224760046
null,vmf_profile,reliability_across,whitespace,random,0.0035991667576790857
null,vmf_z,fidelity_across,whitespace,random,-6.449348943765952e-05
null,vmf_z,reliability_across,whitespace,random,0.007763635888781729
null,(ceiling),fidelity_across_halves,wikitext,bookcorpus,0.611895701338441
null,(ceiling:surrogate),fidelity_across_halves,wikitext,bookcorpus,3.3881053953038582e-06
null,current,fidelity_across_halves,wikitext,bookcorpus,0.38344579320269967
null,current,reliability_across_halves,wikitext,bookcorpus,0.024945316908008087
null,fisher_pca,fidelity_across_halves,wikitext,bookcorpus,0.4204457662820899
null,fisher_pca,reliability_across_halves,wikitext,bookcorpus,0.21432022485514401
null,legacy,fidelity_across_halves,wikitext,bookcorpus,0.575736712753549
null,legacy,reliability_across_halves,wikitext,bookcorpus,0.47955444652272156
null,nopca_fisher,fidelity_across_halves,wikitext,bookcorpus,0.7475577718492245
null,nopca_fisher,reliability_across_halves,wikitext,bookcorpus,0.35414665729533423
null,vmf_profile,fidelity_across_halves,wikitext,bookcorpus,0.2581806908107741
null,vmf_profile,reliability_across_halves,wikitext,bookcorpus,0.13337948161687885
null,vmf_z,fidelity_across_halves,wikitext,bookcorpus,0.0001464056222488951
null,vmf_z,reliability_across_halves,wikitext,bookcorpus,0.35567061860745747
null,(ceiling),fidelity_across_halves,wikitext,agnews,0.6095577034173343
null,(ceiling:surrogate),fidelity_across_halves,wikitext,agnews,-5.977845568190362e-05
null,current,fidelity_across_halves,wikitext,agnews,0.38228783274226336
null,current,reliability_across_halves,wikitext,agnews,0.028014690271140206
null,fisher_pca,fidelity_across_halves,wikitext,agnews,0.4112804370837603
null,fisher_pca,reliability_across_halves,wikitext,agnews,0.34806756762728613
null,legacy,fidelity_across_halves,wikitext,agnews,0.5649934344900711
null,legacy,reliability_across_halves,wikitext,agnews,0.5083404964653869
null,nopca_fisher,fidelity_across_halves,wikitext,agnews,0.746250003736983
null,nopca_fisher,reliability_across_halves,wikitext,agnews,0.3395231048926595
null,vmf_profile,fidelity_across_halves,wikitext,agnews,0.26873396363568564
null,vmf_profile,reliability_across_halves,wikitext,agnews,0.13211726405355947
null,vmf_z,fidelity_across_halves,wikitext,agnews,0.00014792273038092676
null,vmf_z,reliability_across_halves,wikitext,agnews,0.3614518734498833
null,(ceiling),fidelity_across_halves,wikitext,tldr17,0.6120164350305569
null,(ceiling:surrogate),fidelity_across_halves,wikitext,tldr17,0.0003661963403854198
null,current,fidelity_across_halves,wikitext,tldr17,0.3756631773714692
null,current,reliability_across_halves,wikitext,tldr17,0.02270586440708793
null,fisher_pca,fidelity_across_halves,wikitext,tldr17,0.4152500840727432
null,fisher_pca,reliability_across_halves,wikitext,tldr17,0.31039296263968735
null,legacy,fidelity_across_halves,wikitext,tldr17,0.571262629800774
null,legacy,reliability_across_halves,wikitext,tldr17,0.602240752184686
null,nopca_fisher,fidelity_across_halves,wikitext,tldr17,0.7450361445218241
null,nopca_fisher,reliability_across_halves,wikitext,tldr17,0.37745350043530856
null,vmf_profile,fidelity_across_halves,wikitext,tldr17,0.24575837979189058
null,vmf_profile,reliability_across_halves,wikitext,tldr17,0.1805266402715325
null,vmf_z,fidelity_across_halves,wikitext,tldr17,0.00023957617923883395
null,vmf_z,reliability_across_halves,wikitext,tldr17,0.47761838743152335
null,(ceiling),fidelity_across_halves,wikitext,codeparrot,0.5079642625708691
null,(ceiling:surrogate),fidelity_across_halves,wikitext,codeparrot,0.00020482169007746685
null,current,fidelity_across_halves,wikitext,codeparrot,0.2983235026482454
null,current,reliability_across_halves,wikitext,codeparrot,0.0063858939860503994
null,fisher_pca,fidelity_across_halves,wikitext,codeparrot,0.3467412172156658
null,fisher_pca,reliability_across_halves,wikitext,codeparrot,0.008405339060702274
null,legacy,fidelity_across_halves,wikitext,codeparrot,0.4778299242078969
null,legacy,reliability_across_halves,wikitext,codeparrot,0.1290543760322533
null,nopca_fisher,fidelity_across_halves,wikitext,codeparrot,0.6181548216738924
null,nopca_fisher,reliability_across_halves,wikitext,codeparrot,0.08154656201301991
null,vmf_profile,fidelity_across_halves,wikitext,codeparrot,0.18832804121371244
null,vmf_profile,reliability_across_halves,wikitext,codeparrot,0.024624625410336623
null,vmf_z,fidelity_across_halves,wikitext,codeparrot,0.0001198137995201711
null,vmf_z,reliability_across_halves,wikitext,codeparrot,0.009369978195174848
null,(ceiling),fidelity_across_halves,wikitext,random,0.5278709900838169
null,(ceiling:surrogate),fidelity_across_halves,wikitext,random,-1.337770636217235e-05
null,current,fidelity_across_halves,wikitext,random,0.36915976468460127
null,current,reliability_across_halves,wikitext,random,0.02353745630581305
null,fisher_pca,fidelity_across_halves,wikitext,random,0.3957591035825508
null,fisher_pca,reliability_across_halves,wikitext,random,0.07672870372777214
null,legacy,fidelity_across_halves,wikitext,random,0.5222381635851061
null,legacy,reliability_across_halves,wikitext,random,0.4480466804578452
null,nopca_fisher,fidelity_across_halves,wikitext,random,0.6478182628753525
null,nopca_fisher,reliability_across_halves,wikitext,random,0.12607574818155753
null,vmf_profile,fidelity_across_halves,wikitext,random,0.29116651768563634
null,vmf_profile,reliability_across_halves,wikitext,random,0.031866806058059007
null,vmf_z,fidelity_across_halves,wikitext,random,9.40093458906967e-05
null,vmf_z,reliability_across_halves,wikitext,random,0.07130257438973778
null,(ceiling),fidelity_across_halves,wikitext,whitespace,0.03848467826245369
null,(ceiling:surrogate),fidelity_across_halves,wikitext,whitespace,-0.00030676052417968387
null,current,fidelity_across_halves,wikitext,whitespace,0.02981701399108584
null,current,reliability_across_halves,wikitext,whitespace,0.0009936026873817554
null,fisher_pca,fidelity_across_halves,wikitext,whitespace,0.04220259093085057
null,fisher_pca,reliability_across_halves,wikitext,whitespace,0.039356837494050376
null,legacy,fidelity_across_halves,wikitext,whitespace,0.03859494904018908
null,legacy,reliability_across_halves,wikitext,whitespace,0.0025308380111194735
null,nopca_fisher,fidelity_across_halves,wikitext,whitespace,0.03457071817966832
null,nopca_fisher,reliability_across_halves,wikitext,whitespace,0.01156101042111797
null,vmf_profile,fidelity_across_halves,wikitext,whitespace,0.009609400947712126
null,vmf_profile,reliability_across_halves,wikitext,whitespace,0.00014959162275431377
null,vmf_z,fidelity_across_halves,wikitext,whitespace,3.790619525824357e-05
null,vmf_z,reliability_across_halves,wikitext,whitespace,0.00010136131611436435
null,(ceiling),fidelity_across_halves,bookcorpus,wikitext,0.6117332449866377
null,(ceiling:surrogate),fidelity_across_halves,bookcorpus,wikitext,-0.0002587192836670741
null,current,fidelity_across_halves,bookcorpus,wikitext,0.3095958753819225
null,current,reliability_across_halves,bookcorpus,wikitext,0.03131798268875795
null,fisher_pca,fidelity_across_halves,bookcorpus,wikitext,0.3163166607535763
null,fisher_pca,reliability_across_halves,bookcorpus,wikitext,0.2351959469337502
null,legacy,fidelity_across_halves,bookcorpus,wikitext,0.5457965686972651
null,legacy,reliability_across_halves,bookcorpus,wikitext,0.4109582624250128
null,nopca_fisher,fidelity_across_halves,bookcorpus,wikitext,0.7352160031255607
null,nopca_fisher,reliability_across_halves,bookcorpus,wikitext,0.33800677555512026
null,vmf_profile,fidelity_across_halves,bookcorpus,wikitext,0.08669848850553374
null,vmf_profile,reliability_across_halves,bookcorpus,wikitext,0.13185147943884737
null,vmf_z,fidelity_across_halves,bookcorpus,wikitext,-4.3358027589755e-05
null,vmf_z,reliability_across_halves,bookcorpus,wikitext,0.32225731144239067
null,(ceiling),fidelity_across_halves,bookcorpus,agnews,0.611553819937914
null,(ceiling:surrogate),fidelity_across_halves,bookcorpus,agnews,0.000113485170337445
null,current,fidelity_across_halves,bookcorpus,agnews,0.32794014326654664
null,current,reliability_across_halves,bookcorpus,agnews,0.0353898396449152
null,fisher_pca,fidelity_across_halves,bookcorpus,agnews,0.32280843051858626
null,fisher_pca,reliability_across_halves,bookcorpus,agnews,0.18816937596190725
null,legacy,fidelity_across_halves,bookcorpus,agnews,0.554571458326534
null,legacy,reliability_across_halves,bookcorpus,agnews,0.37754410248436726
null,nopca_fisher,fidelity_across_halves,bookcorpus,agnews,0.7373760014985078
null,nopca_fisher,reliability_across_halves,bookcorpus,agnews,0.29547264873025164
null,vmf_profile,fidelity_across_halves,bookcorpus,agnews,0.09943575908715348
null,vmf_profile,reliability_across_halves,bookcorpus,agnews,0.12454468540684548
null,vmf_z,fidelity_across_halves,bookcorpus,agnews,0.0002836517117932911
null,vmf_z,reliability_across_halves,bookcorpus,agnews,0.2711579839613565
null,(ceiling),fidelity_across_halves,bookcorpus,tldr17,0.6069698312393916
null,(ceiling:surrogate),fidelity_across_halves,bookcorpus,tldr17,0.00016596159363227016
null,current,fidelity_across_halves,bookcorpus,tldr17,0.3138726092988497
null,current,reliability_across_halves,bookcorpus,tldr17,0.022562041421423467
null,fisher_pca,fidelity_across_halves,bookcorpus,tldr17,0.3195201627503265
null,fisher_pca,reliability_across_halves,bookcorpus,tldr17,0.2057100832238489
null,legacy,fidelity_across_halves,bookcorpus,tldr17,0.5552764990497921
null,legacy,reliability_across_halves,bookcorpus,tldr17,0.41130737385695754
null,nopca_fisher,fidelity_across_halves,bookcorpus,tldr17,0.7347447387446187
null,nopca_fisher,reliability_across_halves,bookcorpus,tldr17,0.3160393501747965
null,vmf_profile,fidelity_across_halves,bookcorpus,tldr17,0.08675054103886151
null,vmf_profile,reliability_across_halves,bookcorpus,tldr17,0.07605187645231459
null,vmf_z,fidelity_across_halves,bookcorpus,tldr17,-6.42836218872518e-05
null,vmf_z,reliability_across_halves,bookcorpus,tldr17,0.32218587257756887
null,(ceiling),fidelity_across_halves,bookcorpus,codeparrot,0.5089694831770207
null,(ceiling:surrogate),fidelity_across_halves,bookcorpus,codeparrot,-4.3632214958042934e-05
null,current,fidelity_across_halves,bookcorpus,codeparrot,0.25515217749850183
null,current,reliability_across_halves,bookcorpus,codeparrot,0.0067382301307038935
null,fisher_pca,fidelity_across_halves,bookcorpus,codeparrot,0.27740226001493384
null,fisher_pca,reliability_across_halves,bookcorpus,codeparrot,0.02964197307152977
null,legacy,fidelity_across_halves,bookcorpus,codeparrot,0.46596169419103556
null,legacy,reliability_across_halves,bookcorpus,codeparrot,0.11501823762260602
null,nopca_fisher,fidelity_across_halves,bookcorpus,codeparrot,0.6144329308550387
null,nopca_fisher,reliability_across_halves,bookcorpus,codeparrot,0.08440848204017494
null,vmf_profile,fidelity_across_halves,bookcorpus,codeparrot,0.07993980477243119
null,vmf_profile,reliability_across_halves,bookcorpus,codeparrot,0.03122924644643658
null,vmf_z,fidelity_across_halves,bookcorpus,codeparrot,0.0001860538945523957
null,vmf_z,reliability_across_halves,bookcorpus,codeparrot,0.011537660271264587
null,(ceiling),fidelity_across_halves,bookcorpus,random,0.5419495360093369
null,(ceiling:surrogate),fidelity_across_halves,bookcorpus,random,2.2982572781391173e-05
null,current,fidelity_across_halves,bookcorpus,random,0.33685474538134963
null,current,reliability_across_halves,bookcorpus,random,0.03724592234756698
null,fisher_pca,fidelity_across_halves,bookcorpus,random,0.33110530211657324
null,fisher_pca,reliability_across_halves,bookcorpus,random,0.08442544040440063
null,legacy,fidelity_across_halves,bookcorpus,random,0.5288837283403874
null,legacy,reliability_across_halves,bookcorpus,random,0.371011642438158
null,nopca_fisher,fidelity_across_halves,bookcorpus,random,0.6560243996746244
null,nopca_fisher,reliability_across_halves,bookcorpus,random,0.13543743912657763
null,vmf_profile,fidelity_across_halves,bookcorpus,random,0.13397972278406484
null,vmf_profile,reliability_across_halves,bookcorpus,random,0.059155398320021
null,vmf_z,fidelity_across_halves,bookcorpus,random,-4.676247581625987e-06
null,vmf_z,reliability_across_halves,bookcorpus,random,0.09797669294734036
null,(ceiling),fidelity_across_halves,bookcorpus,whitespace,0.03778963020733606
null,(ceiling:surrogate),fidelity_across_halves,bookcorpus,whitespace,8.225576712997069e-05
null,current,fidelity_across_halves,bookcorpus,whitespace,0.030234423209205403
null,current,reliability_across_halves,bookcorpus,whitespace,0.001114524904674435
null,fisher_pca,fidelity_across_halves,bookcorpus,whitespace,0.04363405154585147
null,fisher_pca,reliability_across_halves,bookcorpus,whitespace,0.04326314740125818
null,legacy,fidelity_across_halves,bookcorpus,whitespace,0.042816871106251354
null,legacy,reliability_across_halves,bookcorpus,whitespace,0.007655129762782347
null,nopca_fisher,fidelity_across_halves,bookcorpus,whitespace,0.03750805905723088
null,nopca_fisher,reliability_across_halves,bookcorpus,whitespace,0.014081226907723317
null,vmf_profile,fidelity_across_halves,bookcorpus,whitespace,0.046082070694774845
null,vmf_profile,reliability_across_halves,bookcorpus,whitespace,0.00013053000032347536
null,vmf_z,fidelity_across_halves,bookcorpus,whitespace,6.708804305886963e-05
null,vmf_z,reliability_across_halves,bookcorpus,whitespace,0.0004664710362849492
null,(ceiling),fidelity_across_halves,agnews,wikitext,0.6086252989178091
null,(ceiling:surrogate),fidelity_across_halves,agnews,wikitext,0.00015419326995657617
null,current,fidelity_across_halves,agnews,wikitext,0.3265459033355329
null,current,reliability_across_halves,agnews,wikitext,0.03305691805220533
null,fisher_pca,fidelity_across_halves,agnews,wikitext,0.3528047225645941
null,fisher_pca,reliability_across_halves,agnews,wikitext,0.31806569327464834
null,legacy,fidelity_across_halves,agnews,wikitext,0.5406965134252913
null,legacy,reliability_across_halves,agnews,wikitext,0.5009970855267663
null,nopca_fisher,fidelity_across_halves,agnews,wikitext,0.7215588313395852
null,nopca_fisher,reliability_across_halves,agnews,wikitext,0.3073170804203442
null,vmf_profile,fidelity_across_halves,agnews,wikitext,0.08471982240636657
null,vmf_profile,reliability_across_halves,agnews,wikitext,0.1401139500994522
null,vmf_z,fidelity_across_halves,agnews,wikitext,0.00035624144703410324
null,vmf_z,reliability_across_halves,agnews,wikitext,0.3727319331334118
null,(ceiling),fidelity_across_halves,agnews,bookcorpus,0.6077313353181494
null,(ceiling:surrogate),fidelity_across_halves,agnews,bookcorpus,-0.0002098323214881708
null,current,fidelity_across_halves,agnews,bookcorpus,0.33952923512529004
null,current,reliability_across_halves,agnews,bookcorpus,0.0316834305283684
null,fisher_pca,fidelity_across_halves,agnews,bookcorpus,0.36769756751017674
null,fisher_pca,reliability_across_halves,agnews,bookcorpus,0.1736661913622804
null,legacy,fidelity_across_halves,agnews,bookcorpus,0.5528208223179979
null,legacy,reliability_across_halves,agnews,bookcorpus,0.4042200979054079
null,nopca_fisher,fidelity_across_halves,agnews,bookcorpus,0.7257990275923212
null,nopca_fisher,reliability_across_halves,agnews,bookcorpus,0.28688713408343863
null,vmf_profile,fidelity_across_halves,agnews,bookcorpus,0.09080783171991565
null,vmf_profile,reliability_across_halves,agnews,bookcorpus,0.13013690271061537
null,vmf_z,fidelity_across_halves,agnews,bookcorpus,-2.9148402071540192e-05
null,vmf_z,reliability_across_halves,agnews,bookcorpus,0.267365034762205
null,(ceiling),fidelity_across_halves,agnews,tldr17,0.5981018932363803
null,(ceiling:surrogate),fidelity_across_halves,agnews,tldr17,-3.0197454949831218e-05
null,current,fidelity_across_halves,agnews,tldr17,0.32856891220273016
null,current,reliability_across_halves,agnews,tldr17,0.02302325558893305
null,fisher_pca,fidelity_across_halves,agnews,tldr17,0.3528016270478298
null,fisher_pca,reliability_across_halves,agnews,tldr17,0.24755474891314524
null,legacy,fidelity_across_halves,agnews,tldr17,0.5410128494592276
null,legacy,reliability_across_halves,agnews,tldr17,0.4684895168721558
null,nopca_fisher,fidelity_across_halves,agnews,tldr17,0.7148334196218279
null,nopca_fisher,reliability_across_halves,agnews,tldr17,0.2643238710557605
null,vmf_profile,fidelity_across_halves,agnews,tldr17,0.08262669494957212
null,vmf_profile,reliability_across_halves,agnews,tldr17,0.08087064857466007
null,vmf_z,fidelity_across_halves,agnews,tldr17,8.369793424343231e-05
null,vmf_z,reliability_across_halves,agnews,tldr17,0.3452881991594049
null,(ceiling),fidelity_across_halves,agnews,codeparrot,0.49901117647101195
null,(ceiling:surrogate),fidelity_across_halves,agnews,codeparrot,0.00017089358216747217
null,current,fidelity_across_halves,agnews,codeparrot,0.2625120596627408
null,current,reliability_across_halves,agnews,codeparrot,0.0066227492634850635
null,fisher_pca,fidelity_across_halves,agnews,codeparrot,0.30209509634940135
null,fisher_pca,reliability_across_halves,agnews,codeparrot,0.02176901763644144
null,legacy,fidelity_across_halves,agnews,codeparrot,0.45502278521087924
null,legacy,reliability_across_halves,agnews,codeparrot,0.12432535953565331
null,nopca_fisher,fidelity_across_halves,agnews,codeparrot,0.5949720256443735
null,nopca_fisher,reliability_across_halves,agnews,codeparrot,0.08398226989656504
null,vmf_profile,fidelity_across_halves,agnews,codeparrot,0.0759529320515562
null,vmf_profile,reliability_across_halves,agnews,codeparrot,0.030033743967101022
null,vmf_z,fidelity_across_halves,agnews,codeparrot,0.00037225580503128273
null,vmf_z,reliability_across_halves,agnews,codeparrot,0.007172809283221076
null,(ceiling),fidelity_across_halves,agnews,random,0.5642423310268239
null,(ceiling:surrogate),fidelity_across_halves,agnews,random,0.00013518185075776353
null,current,fidelity_across_halves,agnews,random,0.38819710754871234
null,current,reliability_across_halves,agnews,random,0.04097214169276509
null,fisher_pca,fidelity_across_halves,agnews,random,0.3944884720643392
null,fisher_pca,reliability_across_halves,agnews,random,0.10906121604526016
null,legacy,fidelity_across_halves,agnews,random,0.552411948475607
null,legacy,reliability_across_halves,agnews,random,0.4645602824316961
null,nopca_fisher,fidelity_across_halves,agnews,random,0.6787721195038039
null,nopca_fisher,reliability_across_halves,agnews,random,0.202887359920818
null,vmf_profile,fidelity_across_halves,agnews,random,0.14192051378319182
null,vmf_profile,reliability_across_halves,agnews,random,0.07491891061098178
null,vmf_z,fidelity_across_halves,agnews,random,9.302153327659227e-05
null,vmf_z,reliability_across_halves,agnews,random,0.10286083638140701
null,(ceiling),fidelity_across_halves,agnews,whitespace,0.03779539915759395
null,(ceiling:surrogate),fidelity_across_halves,agnews,whitespace,-0.00011859642715411701
null,current,fidelity_across_halves,agnews,whitespace,0.031773755671717537
null,current,reliability_across_halves,agnews,whitespace,0.0008777739192789144
null,fisher_pca,fidelity_across_halves,agnews,whitespace,0.044612599164077095
null,fisher_pca,reliability_across_halves,agnews,whitespace,0.036671242567357314
null,legacy,fidelity_across_halves,agnews,whitespace,0.03961803614646289
null,legacy,reliability_across_halves,agnews,whitespace,0.006434460440248626
null,nopca_fisher,fidelity_across_halves,agnews,whitespace,0.03596920356091695
null,nopca_fisher,reliability_across_halves,agnews,whitespace,0.01636611325184758
null,vmf_profile,fidelity_across_halves,agnews,whitespace,0.048066347650574735
null,vmf_profile,reliability_across_halves,agnews,whitespace,0.00028638749189882086
null,vmf_z,fidelity_across_halves,agnews,whitespace,0.00022039786405223248
null,vmf_z,reliability_across_halves,agnews,whitespace,0.0003855651857652557
null,(ceiling),fidelity_across_halves,tldr17,wikitext,0.6124958678433566
null,(ceiling:surrogate),fidelity_across_halves,tldr17,wikitext,0.0001900577436670861
null,current,fidelity_across_halves,tldr17,wikitext,0.37495357055127526
null,current,reliability_across_halves,tldr17,wikitext,0.018453313313607608
null,fisher_pca,fidelity_across_halves,tldr17,wikitext,0.3833528306301938
null,fisher_pca,reliability_across_halves,tldr17,wikitext,0.3606372047282082
null,legacy,fidelity_across_halves,tldr17,wikitext,0.5387792777931333
null,legacy,reliability_across_halves,tldr17,wikitext,0.6146126551937188
null,nopca_fisher,fidelity_across_halves,tldr17,wikitext,0.7437682598992497
null,nopca_fisher,reliability_across_halves,tldr17,wikitext,0.3740325420206492
null,vmf_profile,fidelity_across_halves,tldr17,wikitext,0.2209257192615167
null,vmf_profile,reliability_across_halves,tldr17,wikitext,0.13745026523499518
null,vmf_z,fidelity_across_halves,tldr17,wikitext,0.00023991566196961418
null,vmf_z,reliability_across_halves,tldr17,wikitext,0.2955878012604733
null,(ceiling),fidelity_across_halves,tldr17,bookcorpus,0.6079459943744818
null,(ceiling:surrogate),fidelity_across_halves,tldr17,bookcorpus,-1.2453277606334017e-05
null,current,fidelity_across_halves,tldr17,bookcorpus,0.3879562092107631
null,current,reliability_across_halves,tldr17,bookcorpus,0.016522135296829884
null,fisher_pca,fidelity_across_halves,tldr17,bookcorpus,0.39498461691481473
null,fisher_pca,reliability_across_halves,tldr17,bookcorpus,0.20473196782287637
null,legacy,fidelity_across_halves,tldr17,bookcorpus,0.5437630026025831
null,legacy,reliability_across_halves,tldr17,bookcorpus,0.4932627110248939
null,nopca_fisher,fidelity_across_halves,tldr17,bookcorpus,0.74263816816035
null,nopca_fisher,reliability_across_halves,tldr17,bookcorpus,0.32153223768366673
null,vmf_profile,fidelity_across_halves,tldr17,bookcorpus,0.23192562292725324
null,vmf_profile,reliability_across_halves,tldr17,bookcorpus,0.0710722981465669
null,vmf_z,fidelity_across_halves,tldr17,bookcorpus,-8.955495453165995e-05
null,vmf_z,reliability_across_halves,tldr17,bookcorpus,0.22299817645627992
null,(ceiling),fidelity_across_halves,tldr17,agnews,0.6052593775332098
null,(ceiling:surrogate),fidelity_across_halves,tldr17,agnews,-0.0001141518232600618
null,current,fidelity_across_halves,tldr17,agnews,0.38657137785554685
null,current,reliability_across_halves,tldr17,agnews,0.018390296671365915
null,fisher_pca,fidelity_across_halves,tldr17,agnews,0.3846866484344396
null,fisher_pca,reliability_across_halves,tldr17,agnews,0.2680137914667648
null,legacy,fidelity_across_halves,tldr17,agnews,0.5327276499010415
null,legacy,reliability_across_halves,tldr17,agnews,0.48340999783463495
null,nopca_fisher,fidelity_across_halves,tldr17,agnews,0.7377913313849455
null,nopca_fisher,reliability_across_halves,tldr17,agnews,0.28587561495548597
null,vmf_profile,fidelity_across_halves,tldr17,agnews,0.23711904023185307
null,vmf_profile,reliability_across_halves,tldr17,agnews,0.07715410493243263
null,vmf_z,fidelity_across_halves,tldr17,agnews,3.419183871739787e-05
null,vmf_z,reliability_across_halves,tldr17,agnews,0.2183218532884213
null,(ceiling),fidelity_across_halves,tldr17,codeparrot,0.5096401116657964
null,(ceiling:surrogate),fidelity_across_halves,tldr17,codeparrot,0.00015448143236597572
null,current,fidelity_across_halves,tldr17,codeparrot,0.3012970415631503
null,current,reliability_across_halves,tldr17,codeparrot,0.004760989081372974
null,fisher_pca,fidelity_across_halves,tldr17,codeparrot,0.3265783765367078
null,fisher_pca,reliability_across_halves,tldr17,codeparrot,0.02351508093196778
null,legacy,fidelity_across_halves,tldr17,codeparrot,0.4639461574618572
null,legacy,reliability_across_halves,tldr17,codeparrot,0.12706986370971668
null,nopca_fisher,fidelity_across_halves,tldr17,codeparrot,0.6165775137596222
null,nopca_fisher,reliability_across_halves,tldr17,codeparrot,0.09499492337814781
null,vmf_profile,fidelity_across_halves,tldr17,codeparrot,0.17443603859031118
null,vmf_profile,reliability_across_halves,tldr17,codeparrot,0.018408838942214192
null,vmf_z,fidelity_across_halves,tldr17,codeparrot,7.614096111899846e-05
null,vmf_z,reliability_across_halves,tldr17,codeparrot,0.008834322046698755
null,(ceiling),fidelity_across_halves,tldr17,random,0.5192031883782814
null,(ceiling:surrogate),fidelity_across_halves,tldr17,random,0.00012813439571789822
null,current,fidelity_across_halves,tldr17,random,0.3698002558567858
null,current,reliability_across_halves,tldr17,random,0.012772640454732491
null,fisher_pca,fidelity_across_halves,tldr17,random,0.3667252445792487
null,fisher_pca,reliability_across_halves,tldr17,random,0.07522556706087524
null,legacy,fidelity_across_halves,tldr17,random,0.4852876437806616
null,legacy,reliability_across_halves,tldr17,random,0.432843385316306
null,nopca_fisher,fidelity_across_halves,tldr17,random,0.6339890290442768
null,nopca_fisher,reliability_across_halves,tldr17,random,0.12903296211989415
null,vmf_profile,fidelity_across_halves,tldr17,random,0.2519387082145154
null,vmf_profile,reliability_across_halves,tldr17,random,0.031184127503001653
null,vmf_z,fidelity_across_halves,tldr17,random,0.00021998387109595685
null,vmf_z,reliability_across_halves,tldr17,random,0.05552597094341647
null,(ceiling),fidelity_across_halves,tldr17,whitespace,0.03975233437516678
null,(ceiling:surrogate),fidelity_across_halves,tldr17,whitespace,0.00014427050499872822
null,current,fidelity_across_halves,tldr17,whitespace,0.02753922329525999
null,current,reliability_across_halves,tldr17,whitespace,0.0005688407592801055
null,fisher_pca,fidelity_across_halves,tldr17,whitespace,0.04345684777869343
null,fisher_pca,reliability_across_halves,tldr17,whitespace,0.038657955532237734
null,legacy,fidelity_across_halves,tldr17,whitespace,0.03951932205738316
null,legacy,reliability_across_halves,tldr17,whitespace,0.00441589934286852
null,nopca_fisher,fidelity_across_halves,tldr17,whitespace,0.036524525344487704
null,nopca_fisher,reliability_across_halves,tldr17,whitespace,0.013607377217985474
null,vmf_profile,fidelity_across_halves,tldr17,whitespace,0.018634081497566082
null,vmf_profile,reliability_across_halves,tldr17,whitespace,0.0013069773433316415
null,vmf_z,fidelity_across_halves,tldr17,whitespace,0.0001270523295179013
null,vmf_z,reliability_across_halves,tldr17,whitespace,0.00016502162912516565
null,(ceiling),fidelity_across_halves,codeparrot,wikitext,0.5467129511368664
null,(ceiling:surrogate),fidelity_across_halves,codeparrot,wikitext,-0.00013955542279206175
null,current,fidelity_across_halves,codeparrot,wikitext,0.35808655290371005
null,current,reliability_across_halves,codeparrot,wikitext,0.009259787646774284
null,fisher_pca,fidelity_across_halves,codeparrot,wikitext,0.41073989745850586
null,fisher_pca,reliability_across_halves,codeparrot,wikitext,0.024028623665127626
null,legacy,fidelity_across_halves,codeparrot,wikitext,0.5043767297180555
null,legacy,reliability_across_halves,codeparrot,wikitext,0.20120739487907888
null,nopca_fisher,fidelity_across_halves,codeparrot,wikitext,0.7013808505774662
null,nopca_fisher,reliability_across_halves,codeparrot,wikitext,0.15400345893976888
null,vmf_profile,fidelity_across_halves,codeparrot,wikitext,0.17664101023879716
null,vmf_profile,reliability_across_halves,codeparrot,wikitext,0.025442004888459543
null,vmf_z,fidelity_across_halves,codeparrot,wikitext,4.659915614481256e-05
null,vmf_z,reliability_across_halves,codeparrot,wikitext,0.01663980507564623
null,(ceiling),fidelity_across_halves,codeparrot,bookcorpus,0.547156073901036
null,(ceiling:surrogate),fidelity_across_halves,codeparrot,bookcorpus,0.00012703341517220808
null,current,fidelity_across_halves,codeparrot,bookcorpus,0.36724721534956983
null,current,reliability_across_halves,codeparrot,bookcorpus,0.008619612795311746
null,fisher_pca,fidelity_across_halves,codeparrot,bookcorpus,0.418223238659124
null,fisher_pca,reliability_across_halves,codeparrot,bookcorpus,0.030945585543967917
null,legacy,fidelity_across_halves,codeparrot,bookcorpus,0.5131787206812974
null,legacy,reliability_across_halves,codeparrot,bookcorpus,0.17724028389456023
null,nopca_fisher,fidelity_across_halves,codeparrot,bookcorpus,0.7012824253730824
null,nopca_fisher,reliability_across_halves,codeparrot,bookcorpus,0.16457591646385533
null,vmf_profile,fidelity_across_halves,codeparrot,bookcorpus,0.18586528260754834
null,vmf_profile,reliability_across_halves,codeparrot,bookcorpus,0.023042878134387004
null,vmf_z,fidelity_across_halves,codeparrot,bookcorpus,0.00013737073021852068
null,vmf_z,reliability_across_halves,codeparrot,bookcorpus,0.021124837374203384
null,(ceiling),fidelity_across_halves,codeparrot,agnews,0.5382363369885712
null,(ceiling:surrogate),fidelity_across_halves,codeparrot,agnews,-0.0003297159217245962
null,current,fidelity_across_halves,codeparrot,agnews,0.3655519253411747
null,current,reliability_across_halves,codeparrot,agnews,0.0074593579280220704
null,fisher_pca,fidelity_across_halves,codeparrot,agnews,0.40509582834006286
null,fisher_pca,reliability_across_halves,codeparrot,agnews,0.020911242911739788
null,legacy,fidelity_across_halves,codeparrot,agnews,0.5031062911064098
null,legacy,reliability_across_halves,codeparrot,agnews,0.17164087559944988
null,nopca_fisher,fidelity_across_halves,codeparrot,agnews,0.6913461034437085
null,nopca_fisher,reliability_across_halves,codeparrot,agnews,0.15027054659861525
null,vmf_profile,fidelity_across_halves,codeparrot,agnews,0.18638614936683584
null,vmf_profile,reliability_across_halves,codeparrot,agnews,0.022612420853388507
null,vmf_z,fidelity_across_halves,codeparrot,agnews,2.076251652265539e-05
null,vmf_z,reliability_across_halves,codeparrot,agnews,0.015614844468233873
null,(ceiling),fidelity_across_halves,codeparrot,tldr17,0.5511895801149874
null,(ceiling:surrogate),fidelity_across_halves,codeparrot,tldr17,7.141776416879883e-05
null,current,fidelity_across_halves,codeparrot,tldr17,0.3666036523012787
null,current,reliability_across_halves,codeparrot,tldr17,0.008477459343277332
null,fisher_pca,fidelity_across_halves,codeparrot,tldr17,0.4164561732253161
null,fisher_pca,reliability_across_halves,codeparrot,tldr17,0.03238040215326146
null,legacy,fidelity_across_halves,codeparrot,tldr17,0.51269044738192
null,legacy,reliability_across_halves,codeparrot,tldr17,0.20433427208990812
null,nopca_fisher,fidelity_across_halves,codeparrot,tldr17,0.7042113369764667
null,nopca_fisher,reliability_across_halves,codeparrot,tldr17,0.2061723920907202
null,vmf_profile,fidelity_across_halves,codeparrot,tldr17,0.1821477903568078
null,vmf_profile,reliability_across_halves,codeparrot,tldr17,0.02019568174458542
null,vmf_z,fidelity_across_halves,codeparrot,tldr17,-0.0001380922608511331
null,vmf_z,reliability_across_halves,codeparrot,tldr17,0.019500854191619725
null,(ceiling),fidelity_across_halves,codeparrot,random,0.4721911194993005
null,(ceiling:surrogate),fidelity_across_halves,codeparrot,random,5.5208321499642376e-05
null,current,fidelity_across_halves,codeparrot,random,0.34418296254191133
null,current,reliability_across_halves,codeparrot,random,0.00884784494818169
null,fisher_pca,fidelity_across_halves,codeparrot,random,0.3889191872216733
null,fisher_pca,reliability_across_halves,codeparrot,random,0.06509742169791903
null,legacy,fidelity_across_halves,codeparrot,random,0.46138494760072885
null,legacy,reliability_across_halves,codeparrot,random,0.20276433090676607
null,nopca_fisher,fidelity_across_halves,codeparrot,random,0.6117225058731568
null,nopca_fisher,reliability_across_halves,codeparrot,random,0.1328556560297629
null,vmf_profile,fidelity_across_halves,codeparrot,random,0.1925791590810278
null,vmf_profile,reliability_across_halves,codeparrot,random,0.011225207809092152
null,vmf_z,fidelity_across_halves,codeparrot,random,4.618449218301803e-05
null,vmf_z,reliability_across_halves,codeparrot,random,0.013932761916456237
null,(ceiling),fidelity_across_halves,codeparrot,whitespace,0.04953246340286261
null,(ceiling:surrogate),fidelity_across_halves,codeparrot,whitespace,0.00020441584145533586
null,current,fidelity_across_halves,codeparrot,whitespace,0.03233238283267786
null,current,reliability_across_halves,codeparrot,whitespace,0.0011318533447952027
null,fisher_pca,fidelity_across_halves,codeparrot,whitespace,0.050133847386721775
null,fisher_pca,reliability_across_halves,codeparrot,whitespace,0.017989438928467064
null,legacy,fidelity_across_halves,codeparrot,whitespace,0.048366008553228236
null,legacy,reliability_across_halves,codeparrot,whitespace,0.007880297449674594
null,nopca_fisher,fidelity_across_halves,codeparrot,whitespace,0.052808994950702216
null,nopca_fisher,reliability_across_halves,codeparrot,whitespace,0.031115803824661822
null,vmf_profile,fidelity_across_halves,codeparrot,whitespace,0.016284075224688853
null,vmf_profile,reliability_across_halves,codeparrot,whitespace,0.0005940372457245394
null,vmf_z,fidelity_across_halves,codeparrot,whitespace,9.724182379363421e-06
null,vmf_z,reliability_across_halves,codeparrot,whitespace,0.0005005571713945468
null,(ceiling),fidelity_across_halves,random,wikitext,0.5266137132563978
null,(ceiling:surrogate),fidelity_across_halves,random,wikitext,3.537327195569109e-05
null,current,fidelity_across_halves,random,wikitext,0.08471582150883583
null,current,reliability_across_halves,random,wikitext,0.02547917532671939
null,fisher_pca,fidelity_across_halves,random,wikitext,0.19212593069877917
null,fisher_pca,reliability_across_halves,random,wikitext,0.07342885056177818
null,legacy,fidelity_across_halves,random,wikitext,0.3905248302876401
null,legacy,reliability_across_halves,random,wikitext,0.46257609747984807
null,nopca_fisher,fidelity_across_halves,random,wikitext,0.6246746434916377
null,nopca_fisher,reliability_across_halves,random,wikitext,0.12374020180392999
null,vmf_profile,fidelity_across_halves,random,wikitext,0.04112608712315631
null,vmf_profile,reliability_across_halves,random,wikitext,0.03315710824925554
null,vmf_z,fidelity_across_halves,random,wikitext,0.00012013507397683222
null,vmf_z,reliability_across_halves,random,wikitext,0.067238947341255
null,(ceiling),fidelity_across_halves,random,bookcorpus,0.5386211396066954
null,(ceiling:surrogate),fidelity_across_halves,random,bookcorpus,9.866331005886236e-05
null,current,fidelity_across_halves,random,bookcorpus,0.08858382299087585
null,current,reliability_across_halves,random,bookcorpus,0.027901341589012234
null,fisher_pca,fidelity_across_halves,random,bookcorpus,0.20471432843113632
null,fisher_pca,reliability_across_halves,random,bookcorpus,0.06539362920852865
null,legacy,fidelity_across_halves,random,bookcorpus,0.4101016052393939
null,legacy,reliability_across_halves,random,bookcorpus,0.3884359405255045
null,nopca_fisher,fidelity_across_halves,random,bookcorpus,0.6403837587436018
null,nopca_fisher,reliability_across_halves,random,bookcorpus,0.14551734454043924
null,vmf_profile,fidelity_across_halves,random,bookcorpus,0.040267529902395294
null,vmf_profile,reliability_across_halves,random,bookcorpus,0.06525027756014337
null,vmf_z,fidelity_across_halves,random,bookcorpus,3.3360669168854896e-05
null,vmf_z,reliability_across_halves,random,bookcorpus,0.09091929916184438
null,(ceiling),fidelity_across_halves,random,agnews,0.5641058999285369
null,(ceiling:surrogate),fidelity_across_halves,random,agnews,0.0002440496181577007
null,current,fidelity_across_halves,random,agnews,0.10320951154314201
null,current,reliability_across_halves,random,agnews,0.03278816612972584
null,fisher_pca,fidelity_across_halves,random,agnews,0.2203392654961274
null,fisher_pca,reliability_across_halves,random,agnews,0.10044260849608114
null,legacy,fidelity_across_halves,random,agnews,0.42828107832896267
null,legacy,reliability_across_halves,random,agnews,0.47794910457870426
null,nopca_fisher,fidelity_across_halves,random,agnews,0.6679413680540529
null,nopca_fisher,reliability_across_halves,random,agnews,0.1926580185049355
null,vmf_profile,fidelity_across_halves,random,agnews,0.046827696880971756
null,vmf_profile,reliability_across_halves,random,agnews,0.08044755485845977
null,vmf_z,fidelity_across_halves,random,agnews,-4.5406640803635176e-05
null,vmf_z,reliability_across_halves,random,agnews,0.10358006770359912
null,(ceiling),fidelity_across_halves,random,tldr17,0.5192480670847043
null,(ceiling:surrogate),fidelity_across_halves,random,tldr17,0.00013398423187710397
null,current,fidelity_across_halves,random,tldr17,0.0839435556236201
null,current,reliability_across_halves,random,tldr17,0.016660566728236254
null,fisher_pca,fidelity_across_halves,random,tldr17,0.19028776367153483
null,fisher_pca,reliability_across_halves,random,tldr17,0.0935738830930777
null,legacy,fidelity_across_halves,random,tldr17,0.3874043858178516
null,legacy,reliability_across_halves,random,tldr17,0.45190975035274
null,nopca_fisher,fidelity_across_halves,random,tldr17,0.6128913373083668
null,nopca_fisher,reliability_across_halves,random,tldr17,0.135971428257075
null,vmf_profile,fidelity_across_halves,random,tldr17,0.04076707241697207
null,vmf_profile,reliability_across_halves,random,tldr17,0.011862414452867367
null,vmf_z,fidelity_across_halves,random,tldr17,2.5114938802230227e-05
null,vmf_z,reliability_across_halves,random,tldr17,0.060399638484398034
null,(ceiling),fidelity_across_halves,random,codeparrot,0.451825044110367
null,(ceiling:surrogate),fidelity_across_halves,random,codeparrot,0.0002468564156068939
null,current,fidelity_across_halves,random,codeparrot,0.09401420427464793
null,current,reliability_across_halves,random,codeparrot,0.007243356024130529
null,fisher_pca,fidelity_across_halves,random,codeparrot,0.1838559393465761
null,fisher_pca,reliability_across_halves,random,codeparrot,0.03714123637775067
null,legacy,fidelity_across_halves,random,codeparrot,0.35517974707144695
null,legacy,reliability_across_halves,random,codeparrot,0.12937274838878896
null,nopca_fisher,fidelity_across_halves,random,codeparrot,0.5356950361459986
null,nopca_fisher,reliability_across_halves,random,codeparrot,0.09737492365314764
null,vmf_profile,fidelity_across_halves,random,codeparrot,0.0552654514260662
null,vmf_profile,reliability_across_halves,random,codeparrot,0.028748500585228636
null,vmf_z,fidelity_across_halves,random,codeparrot,0.00010469534358394289
null,vmf_z,reliability_across_halves,random,codeparrot,0.01188605586069691
null,(ceiling),fidelity_across_halves,random,whitespace,0.04604113697200697
null,(ceiling:surrogate),fidelity_across_halves,random,whitespace,9.603150088316076e-05
null,current,fidelity_across_halves,random,whitespace,0.07812993214393343
null,current,reliability_across_halves,random,whitespace,0.0013810070223228964
null,fisher_pca,fidelity_across_halves,random,whitespace,0.06759710130995154
null,fisher_pca,reliability_across_halves,random,whitespace,0.019912817685538858
null,legacy,fidelity_across_halves,random,whitespace,0.048440880568807874
null,legacy,reliability_across_halves,random,whitespace,0.008011952666728444
null,nopca_fisher,fidelity_across_halves,random,whitespace,0.05119678934136558
null,nopca_fisher,reliability_across_halves,random,whitespace,0.04327438558830825
null,vmf_profile,fidelity_across_halves,random,whitespace,0.09237075743722985
null,vmf_profile,reliability_across_halves,random,whitespace,0.0009608233631678469
null,vmf_z,fidelity_across_halves,random,whitespace,0.00021559409280778172
null,vmf_z,reliability_across_halves,random,whitespace,0.001174219135108235
null,(ceiling),fidelity_across_halves,whitespace,wikitext,0.03877956431671109
null,(ceiling:surrogate),fidelity_across_halves,whitespace,wikitext,5.785885237668496e-05
null,current,fidelity_across_halves,whitespace,wikitext,-0.01473976732681599
null,current,reliability_across_halves,whitespace,wikitext,0.0012909683787797979
null,fisher_pca,fidelity_across_halves,whitespace,wikitext,0.030300572479190647
null,fisher_pca,reliability_across_halves,whitespace,wikitext,0.03594080706701567
null,legacy,fidelity_across_halves,whitespace,wikitext,0.04217733490143846
null,legacy,reliability_across_halves,whitespace,wikitext,0.011670426860070842
null,nopca_fisher,fidelity_across_halves,whitespace,wikitext,0.022288388599378952
null,nopca_fisher,reliability_across_halves,whitespace,wikitext,0.01107515069104385
null,vmf_profile,fidelity_across_halves,whitespace,wikitext,-0.016554089633464865
null,vmf_profile,reliability_across_halves,whitespace,wikitext,0.0002304144157557653
null,vmf_z,fidelity_across_halves,whitespace,wikitext,-3.700109470271425e-05
null,vmf_z,reliability_across_halves,whitespace,wikitext,8.639623959484938e-05
null,(ceiling),fidelity_across_halves,whitespace,bookcorpus,0.037447428047570466
null,(ceiling:surrogate),fidelity_across_halves,whitespace,bookcorpus,0.00017222371582349363
null,current,fidelity_across_halves,whitespace,bookcorpus,-0.017955183247019973
null,current,reliability_across_halves,whitespace,bookcorpus,0.0008763930851768434
null,fisher_pca,fidelity_across_halves,whitespace,bookcorpus,0.0288537043566067
null,fisher_pca,reliability_across_halves,whitespace,bookcorpus,0.03661477841192267
null,legacy,fidelity_across_halves,whitespace,bookcorpus,0.0385018663029351
null,legacy,reliability_across_halves,whitespace,bookcorpus,0.01012585177429563
null,nopca_fisher,fidelity_across_halves,whitespace,bookcorpus,0.01946751392233951
null,nopca_fisher,reliability_across_halves,whitespace,bookcorpus,0.016159497660751757
null,vmf_profile,fidelity_across_halves,whitespace,bookcorpus,-0.019788025928165958
null,vmf_profile,reliability_across_halves,whitespace,bookcorpus,0.0004903869997069147
null,vmf_z,fidelity_across_halves,whitespace,bookcorpus,2.026793380825222e-05
null,vmf_z,reliability_across_halves,whitespace,bookcorpus,8.022916013712492e-05
null,(ceiling),fidelity_across_halves,whitespace,agnews,0.03781041634254173
null,(ceiling:surrogate),fidelity_across_halves,whitespace,agnews,-0.00020346867129557368
null,current,fidelity_across_halves,whitespace,agnews,-0.01951287198593684
null,current,reliability_across_halves,whitespace,agnews,0.001059253395297463
null,fisher_pca,fidelity_across_halves,whitespace,agnews,0.02971061727545203
null,fisher_pca,reliability_across_halves,whitespace,agnews,0.031609333639981044
null,legacy,fidelity_across_halves,whitespace,agnews,0.03967982345671395
null,legacy,reliability_across_halves,whitespace,agnews,0.012858518311353054
null,nopca_fisher,fidelity_across_halves,whitespace,agnews,0.018726794541622627
null,nopca_fisher,reliability_across_halves,whitespace,agnews,0.0149191356119779
null,vmf_profile,fidelity_across_halves,whitespace,agnews,-0.021296771693195847
null,vmf_profile,reliability_across_halves,whitespace,agnews,0.00025259140000531954
null,vmf_z,fidelity_across_halves,whitespace,agnews,-1.2398015376159739e-05
null,vmf_z,reliability_across_halves,whitespace,agnews,-5.8698191940035195e-05
null,(ceiling),fidelity_across_halves,whitespace,tldr17,0.03869456797145765
null,(ceiling:surrogate),fidelity_across_halves,whitespace,tldr17,0.00012487109443203771
null,current,fidelity_across_halves,whitespace,tldr17,-0.01443237486222743
null,current,reliability_across_halves,whitespace,tldr17,0.0005491661647015829
null,fisher_pca,fidelity_across_halves,whitespace,tldr17,0.030449392448230698
null,fisher_pca,reliability_across_halves,whitespace,tldr17,0.025505121646513276
null,legacy,fidelity_across_halves,whitespace,tldr17,0.042570081235752344
null,legacy,reliability_across_halves,whitespace,tldr17,0.009997965015924334
null,nopca_fisher,fidelity_across_halves,whitespace,tldr17,0.022533768512635725
null,nopca_fisher,reliability_across_halves,whitespace,tldr17,0.013794114145933976
null,vmf_profile,fidelity_across_halves,whitespace,tldr17,-0.016379079542563315
null,vmf_profile,reliability_across_halves,whitespace,tldr17,0.0006027189113320084
null,vmf_z,fidelity_across_halves,whitespace,tldr17,-3.079193948725214e-05
null,vmf_z,reliability_across_halves,whitespace,tldr17,-0.0001423615646469298
null,(ceiling),fidelity_across_halves,whitespace,codeparrot,0.050786881507540245
null,(ceiling:surrogate),fidelity_across_halves,whitespace,codeparrot,0.00025761462846826243
null,current,fidelity_across_halves,whitespace,codeparrot,-0.007679246340418146
null,current,reliability_across_halves,whitespace,codeparrot,0.000835191487086671
null,fisher_pca,fidelity_across_halves,whitespace,codeparrot,0.04631474011347726
null,fisher_pca,reliability_across_halves,whitespace,codeparrot,0.007580180027020955
null,legacy,fidelity_across_halves,whitespace,codeparrot,0.06525462302761241
null,legacy,reliability_across_halves,whitespace,codeparrot,0.012595186763092169
null,nopca_fisher,fidelity_across_halves,whitespace,codeparrot,0.03908842645452718
null,nopca_fisher,reliability_across_halves,whitespace,codeparrot,0.028420371799986213
null,vmf_profile,fidelity_across_halves,whitespace,codeparrot,-0.01089497149130758
null,vmf_profile,reliability_across_halves,whitespace,codeparrot,0.0007777458892066798
null,vmf_z,fidelity_across_halves,whitespace,codeparrot,-0.00018078011122697654
null,vmf_z,reliability_across_halves,whitespace,codeparrot,0.0007696783916911303
null,(ceiling),fidelity_across_halves,whitespace,random,0.04575415856491066
null,(ceiling:surrogate),fidelity_across_halves,whitespace,random,0.00023134800476023223
null,current,fidelity_across_halves,whitespace,random,-0.026152256008108183
null,current,reliability_across_halves,whitespace,random,0.0015790242534337703
null,fisher_pca,fidelity_across_halves,whitespace,random,0.04296694956444744
null,fisher_pca,reliability_across_halves,whitespace,random,0.022378459522335904
null,legacy,fidelity_across_halves,whitespace,random,0.05563307909860626
null,legacy,reliability_across_halves,whitespace,random,0.01703283790734415
null,nopca_fisher,fidelity_across_halves,whitespace,random,0.025176644436177127
null,nopca_fisher,reliability_across_halves,whitespace,random,0.042934250515476426
null,vmf_profile,fidelity_across_halves,whitespace,random,-0.028803794198553993
null,vmf_profile,reliability_across_halves,whitespace,random,0.0008555502516877126
null,vmf_z,fidelity_across_halves,whitespace,random,0.00010345936679188629
null,vmf_z,reliability_across_halves,whitespace,random,0.0008008232314339333
pnull,current,reliability_within,wikitext,wikitext,0.005012085952015518
pnull,current,fidelity_within,wikitext,wikitext,0.007891855735029485
pnull,current,fidelity_within_r,wikitext,wikitext,0.08883754390155672
pnull,current,fidelity_within_insample,wikitext,wikitext,0.007853326590029908
pnull,current,triviality_ami_layer,wikitext,wikitext,0.04069679432172475
pnull,current,triviality_ami_hubness,wikitext,wikitext,0.0031036561437502454
pnull,current,triviality_n_effective_networks,wikitext,wikitext,50.0
pnull,current,triviality_median_max_membership,wikitext,wikitext,0.3
pnull,current,triviality_frac_confident,wikitext,wikitext,0.08473557692307693
rand,current,reliability_within,wikitext,wikitext,8.931120225603009e-06
rand,current,fidelity_within,wikitext,wikitext,0.0004353177055308466
rand,current,fidelity_within_r,wikitext,wikitext,0.02086798688647515
rand,current,fidelity_within_insample,wikitext,wikitext,0.0004293843254782326
rand,current,triviality_ami_layer,wikitext,wikitext,0.0002797038244228506
rand,current,triviality_ami_hubness,wikitext,wikitext,0.0004970030409371391
rand,current,triviality_n_effective_networks,wikitext,wikitext,50.0
rand,current,triviality_median_max_membership,wikitext,wikitext,1.0
rand,current,triviality_frac_confident,wikitext,wikitext,1.0
pnull,fisher_pca,reliability_within,wikitext,wikitext,0.026960842947037347
pnull,fisher_pca,fidelity_within,wikitext,wikitext,0.015082570850299404
pnull,fisher_pca,fidelity_within_r,wikitext,wikitext,0.1228116518310534
pnull,fisher_pca,fidelity_within_insample,wikitext,wikitext,0.015109239603305458
pnull,fisher_pca,triviality_ami_layer,wikitext,wikitext,0.1531057298506248
pnull,fisher_pca,triviality_ami_hubness,wikitext,wikitext,0.01653236928795064
pnull,fisher_pca,triviality_n_effective_networks,wikitext,wikitext,50.0
pnull,fisher_pca,triviality_median_max_membership,wikitext,wikitext,0.45
pnull,fisher_pca,triviality_frac_confident,wikitext,wikitext,0.39633413461538464
rand,fisher_pca,reliability_within,wikitext,wikitext,4.92848271063254e-05
rand,fisher_pca,fidelity_within,wikitext,wikitext,0.00039259521254220164
rand,fisher_pca,fidelity_within_r,wikitext,wikitext,0.01981730721163286
rand,fisher_pca,fidelity_within_insample,wikitext,wikitext,0.00039053370581287883
rand,fisher_pca,triviality_ami_layer,wikitext,wikitext,7.561988862746833e-05
rand,fisher_pca,triviality_ami_hubness,wikitext,wikitext,-0.0008527658500919994
rand,fisher_pca,triviality_n_effective_networks,wikitext,wikitext,50.0
rand,fisher_pca,triviality_median_max_membership,wikitext,wikitext,1.0
rand,fisher_pca,triviality_frac_confident,wikitext,wikitext,1.0
pnull,legacy,reliability_within,wikitext,wikitext,0.087441857294843
pnull,legacy,fidelity_within,wikitext,wikitext,0.02046817445681859
pnull,legacy,fidelity_within_r,wikitext,wikitext,0.14306776340796315
pnull,legacy,fidelity_within_insample,wikitext,wikitext,0.020449659446110657
pnull,legacy,triviality_ami_layer,wikitext,wikitext,0.10635442156381228
pnull,legacy,triviality_ami_hubness,wikitext,wikitext,0.01883354136211349
pnull,legacy,triviality_n_effective_networks,wikitext,wikitext,50.0
pnull,legacy,triviality_median_max_membership,wikitext,wikitext,0.55
pnull,legacy,triviality_frac_confident,wikitext,wikitext,0.5071113782051282
rand,legacy,reliability_within,wikitext,wikitext,-1.653255666029421e-05
rand,legacy,fidelity_within,wikitext,wikitext,0.0003836470864406749
rand,legacy,fidelity_within_r,wikitext,wikitext,0.019591186826605732
rand,legacy,fidelity_within_insample,wikitext,wikitext,0.0003767916525347914
rand,legacy,triviality_ami_layer,wikitext,wikitext,2.5155269804889783e-05
rand,legacy,triviality_ami_hubness,wikitext,wikitext,-0.0007593548275372749
rand,legacy,triviality_n_effective_networks,wikitext,wikitext,50.0
rand,legacy,triviality_median_max_membership,wikitext,wikitext,1.0
rand,legacy,triviality_frac_confident,wikitext,wikitext,1.0
pnull,nopca_fisher,reliability_within,wikitext,wikitext,0.03322531572039286
pnull,nopca_fisher,fidelity_within,wikitext,wikitext,0.038703485292714945
pnull,nopca_fisher,fidelity_within_r,wikitext,wikitext,0.19673232892322315
pnull,nopca_fisher,fidelity_within_insample,wikitext,wikitext,0.0388418669156827
pnull,nopca_fisher,triviality_ami_layer,wikitext,wikitext,0.07345032254333472
pnull,nopca_fisher,triviality_ami_hubness,wikitext,wikitext,0.023600304255308232
pnull,nopca_fisher,triviality_n_effective_networks,wikitext,wikitext,17.0
pnull,nopca_fisher,triviality_median_max_membership,wikitext,wikitext,0.65
pnull,nopca_fisher,triviality_frac_confident,wikitext,wikitext,0.7073317307692307
rand,nopca_fisher,reliability_within,wikitext,wikitext,2.327723599205611e-05
rand,nopca_fisher,fidelity_within,wikitext,wikitext,0.0003148978669675895
rand,nopca_fisher,fidelity_within_r,wikitext,wikitext,0.01775195864942347
rand,nopca_fisher,fidelity_within_insample,wikitext,wikitext,0.00030437789875348287
rand,nopca_fisher,triviality_ami_layer,wikitext,wikitext,-6.536012184202433e-05
rand,nopca_fisher,triviality_ami_hubness,wikitext,wikitext,-0.0002245159495677846
rand,nopca_fisher,triviality_n_effective_networks,wikitext,wikitext,50.0
rand,nopca_fisher,triviality_median_max_membership,wikitext,wikitext,1.0
rand,nopca_fisher,triviality_frac_confident,wikitext,wikitext,1.0
pnull,vmf_profile,reliability_within,wikitext,wikitext,0.0019032369748836547
pnull,vmf_profile,fidelity_within,wikitext,wikitext,0.005014236196753785
pnull,vmf_profile,fidelity_within_r,wikitext,wikitext,0.07081218833979691
pnull,vmf_profile,fidelity_within_insample,wikitext,wikitext,0.005042451746534726
pnull,vmf_profile,triviality_ami_layer,wikitext,wikitext,0.05174767824009624
pnull,vmf_profile,triviality_ami_hubness,wikitext,wikitext,0.0066476187416186746
pnull,vmf_profile,triviality_n_effective_networks,wikitext,wikitext,43.0
pnull,vmf_profile,triviality_median_max_membership,wikitext,wikitext,0.5
pnull,vmf_profile,triviality_frac_confident,wikitext,wikitext,0.47836538461538464
rand,vmf_profile,reliability_within,wikitext,wikitext,0.00021559537053739605
rand,vmf_profile,fidelity_within,wikitext,wikitext,0.00032603236761608034
rand,vmf_profile,fidelity_within_r,wikitext,wikitext,0.01806295306750294
rand,vmf_profile,fidelity_within_insample,wikitext,wikitext,0.00031514640228735846
rand,vmf_profile,triviality_ami_layer,wikitext,wikitext,-0.0001630230957315361
rand,vmf_profile,triviality_ami_hubness,wikitext,wikitext,-0.0005639753650811445
rand,vmf_profile,triviality_n_effective_networks,wikitext,wikitext,50.0
rand,vmf_profile,triviality_median_max_membership,wikitext,wikitext,1.0
rand,vmf_profile,triviality_frac_confident,wikitext,wikitext,1.0
pnull,vmf_z,reliability_within,wikitext,wikitext,0.0021803986937078954
pnull,vmf_z,fidelity_within,wikitext,wikitext,0.005870802604889147
pnull,vmf_z,fidelity_within_r,wikitext,wikitext,0.07666930228851958
pnull,vmf_z,fidelity_within_insample,wikitext,wikitext,0.0063200414838571195
pnull,vmf_z,triviality_ami_layer,wikitext,wikitext,0.03924426632080787
pnull,vmf_z,triviality_ami_hubness,wikitext,wikitext,0.006333238650068004
pnull,vmf_z,triviality_n_effective_networks,wikitext,wikitext,21.0
pnull,vmf_z,triviality_median_max_membership,wikitext,wikitext,0.55
pnull,vmf_z,triviality_frac_confident,wikitext,wikitext,0.5144230769230769
rand,vmf_z,reliability_within,wikitext,wikitext,1.3962613170244593e-05
rand,vmf_z,fidelity_within,wikitext,wikitext,0.000767459023549466
rand,vmf_z,fidelity_within_r,wikitext,wikitext,0.027711354604111744
rand,vmf_z,fidelity_within_insample,wikitext,wikitext,0.0007368612163690669
rand,vmf_z,triviality_ami_layer,wikitext,wikitext,-4.370019484876245e-05
rand,vmf_z,triviality_ami_hubness,wikitext,wikitext,7.461864521899445e-05
rand,vmf_z,triviality_n_effective_networks,wikitext,wikitext,50.0
rand,vmf_z,triviality_median_max_membership,wikitext,wikitext,1.0
rand,vmf_z,triviality_frac_confident,wikitext,wikitext,1.0
pnull,current,reliability_within,bookcorpus,bookcorpus,0.003475322629107497
pnull,current,fidelity_within,bookcorpus,bookcorpus,0.0060058505526771055
pnull,current,fidelity_within_r,bookcorpus,bookcorpus,0.07751737586916276
pnull,current,fidelity_within_insample,bookcorpus,bookcorpus,0.006035123082650862
pnull,current,triviality_ami_layer,bookcorpus,bookcorpus,0.021737935490864793
pnull,current,triviality_ami_hubness,bookcorpus,bookcorpus,0.0024069551412692564
pnull,current,triviality_n_effective_networks,bookcorpus,bookcorpus,50.0
pnull,current,triviality_median_max_membership,bookcorpus,bookcorpus,0.35
pnull,current,triviality_frac_confident,bookcorpus,bookcorpus,0.1875
rand,current,reliability_within,bookcorpus,bookcorpus,-0.00018381920298376917
rand,current,fidelity_within,bookcorpus,bookcorpus,0.0006604931399629699
rand,current,fidelity_within_r,bookcorpus,bookcorpus,0.025760260858927735
rand,current,fidelity_within_insample,bookcorpus,bookcorpus,0.0006618777315272606
rand,current,triviality_ami_layer,bookcorpus,bookcorpus,2.7860136873934568e-05
rand,current,triviality_ami_hubness,bookcorpus,bookcorpus,0.0005015180558489885
rand,current,triviality_n_effective_networks,bookcorpus,bookcorpus,50.0
rand,current,triviality_median_max_membership,bookcorpus,bookcorpus,1.0
rand,current,triviality_frac_confident,bookcorpus,bookcorpus,1.0
pnull,fisher_pca,reliability_within,bookcorpus,bookcorpus,0.00790624358709308
pnull,fisher_pca,fidelity_within,bookcorpus,bookcorpus,0.0055122218563011804
pnull,fisher_pca,fidelity_within_r,bookcorpus,bookcorpus,0.07426518711811364
pnull,fisher_pca,fidelity_within_insample,bookcorpus,bookcorpus,0.005524678414515094
pnull,fisher_pca,triviality_ami_layer,bookcorpus,bookcorpus,0.08602073931163896
pnull,fisher_pca,triviality_ami_hubness,bookcorpus,bookcorpus,0.0008278149015717214
pnull,fisher_pca,triviality_n_effective_networks,bookcorpus,bookcorpus,50.0
pnull,fisher_pca,triviality_median_max_membership,bookcorpus,bookcorpus,0.45
pnull,fisher_pca,triviality_frac_confident,bookcorpus,bookcorpus,0.35096153846153844
rand,fisher_pca,reliability_within,bookcorpus,bookcorpus,0.0001782313730429123
rand,fisher_pca,fidelity_within,bookcorpus,bookcorpus,0.0006963144876628302
rand,fisher_pca,fidelity_within_r,bookcorpus,bookcorpus,0.026446603575462434
rand,fisher_pca,fidelity_within_insample,bookcorpus,bookcorpus,0.0006950480326496367
rand,fisher_pca,triviality_ami_layer,bookcorpus,bookcorpus,-0.0006330696177712175
rand,fisher_pca,triviality_ami_hubness,bookcorpus,bookcorpus,0.0003430303256715108
rand,fisher_pca,triviality_n_effective_networks,bookcorpus,bookcorpus,50.0
rand,fisher_pca,triviality_median_max_membership,bookcorpus,bookcorpus,1.0
rand,fisher_pca,triviality_frac_confident,bookcorpus,bookcorpus,1.0
pnull,legacy,reliability_within,bookcorpus,bookcorpus,0.11339192835311393
pnull,legacy,fidelity_within,bookcorpus,bookcorpus,0.015015892156311605
pnull,legacy,fidelity_within_r,bookcorpus,bookcorpus,0.12255196480584347
pnull,legacy,fidelity_within_insample,bookcorpus,bookcorpus,0.01506895030085964
pnull,legacy,triviality_ami_layer,bookcorpus,bookcorpus,0.10121650989490855
pnull,legacy,triviality_ami_hubness,bookcorpus,bookcorpus,0.0027875201063518205
pnull,legacy,triviality_n_effective_networks,bookcorpus,bookcorpus,49.0
pnull,legacy,triviality_median_max_membership,bookcorpus,bookcorpus,0.45
pnull,legacy,triviality_frac_confident,bookcorpus,bookcorpus,0.3518629807692308
rand,legacy,reliability_within,bookcorpus,bookcorpus,-3.087408720148283e-05
rand,legacy,fidelity_within,bookcorpus,bookcorpus,0.0005737501897246089
rand,legacy,fidelity_within_r,bookcorpus,bookcorpus,0.02401868813991881
rand,legacy,fidelity_within_insample,bookcorpus,bookcorpus,0.0005676155451753706
rand,legacy,triviality_ami_layer,bookcorpus,bookcorpus,-0.00024101970419022157
rand,legacy,triviality_ami_hubness,bookcorpus,bookcorpus,0.0007574551924456296
rand,legacy,triviality_n_effective_networks,bookcorpus,bookcorpus,50.0
rand,legacy,triviality_median_max_membership,bookcorpus,bookcorpus,1.0
rand,legacy,triviality_frac_confident,bookcorpus,bookcorpus,1.0
pnull,nopca_fisher,reliability_within,bookcorpus,bookcorpus,0.014753295233284829
pnull,nopca_fisher,fidelity_within,bookcorpus,bookcorpus,0.030103098637307313
pnull,nopca_fisher,fidelity_within_r,bookcorpus,bookcorpus,0.1735114658389793
pnull,nopca_fisher,fidelity_within_insample,bookcorpus,bookcorpus,0.030278953783480445
pnull,nopca_fisher,triviality_ami_layer,bookcorpus,bookcorpus,0.027200570428922793
pnull,nopca_fisher,triviality_ami_hubness,bookcorpus,bookcorpus,0.01055152941463284
pnull,nopca_fisher,triviality_n_effective_networks,bookcorpus,bookcorpus,22.0
pnull,nopca_fisher,triviality_median_max_membership,bookcorpus,bookcorpus,0.65
pnull,nopca_fisher,triviality_frac_confident,bookcorpus,bookcorpus,0.6891025641025641
rand,nopca_fisher,reliability_within,bookcorpus,bookcorpus,4.156446051519347e-05
rand,nopca_fisher,fidelity_within,bookcorpus,bookcorpus,0.0006266052123655719
rand,nopca_fisher,fidelity_within_r,bookcorpus,bookcorpus,0.025094041501490714
rand,nopca_fisher,fidelity_within_insample,bookcorpus,bookcorpus,0.0006259814689004717
rand,nopca_fisher,triviality_ami_layer,bookcorpus,bookcorpus,0.0005994131684447212
rand,nopca_fisher,triviality_ami_hubness,bookcorpus,bookcorpus,-0.00014435417443403088
rand,nopca_fisher,triviality_n_effective_networks,bookcorpus,bookcorpus,50.0
rand,nopca_fisher,triviality_median_max_membership,bookcorpus,bookcorpus,1.0
rand,nopca_fisher,triviality_frac_confident,bookcorpus,bookcorpus,1.0
pnull,vmf_profile,reliability_within,bookcorpus,bookcorpus,-2.0249000804803776e-05
pnull,vmf_profile,fidelity_within,bookcorpus,bookcorpus,0.0011651333883083703
pnull,vmf_profile,fidelity_within_r,bookcorpus,bookcorpus,0.03417931142627062
pnull,vmf_profile,fidelity_within_insample,bookcorpus,bookcorpus,0.0011729634474973993
pnull,vmf_profile,triviality_ami_layer,bookcorpus,bookcorpus,0.020155060493659543
pnull,vmf_profile,triviality_ami_hubness,bookcorpus,bookcorpus,0.0013795907324548897
pnull,vmf_profile,triviality_n_effective_networks,bookcorpus,bookcorpus,49.0
pnull,vmf_profile,triviality_median_max_membership,bookcorpus,bookcorpus,0.5
pnull,vmf_profile,triviality_frac_confident,bookcorpus,bookcorpus,0.4506209935897436
rand,vmf_profile,reliability_within,bookcorpus,bookcorpus,9.876784167239291e-05
rand,vmf_profile,fidelity_within,bookcorpus,bookcorpus,0.0007554315625545316
rand,vmf_profile,fidelity_within_r,bookcorpus,bookcorpus,0.02754130384564507
rand,vmf_profile,fidelity_within_insample,bookcorpus,bookcorpus,0.0007609625274471732
rand,vmf_profile,triviality_ami_layer,bookcorpus,bookcorpus,0.00041578492713835176
rand,vmf_profile,triviality_ami_hubness,bookcorpus,bookcorpus,0.00024194725392395655
rand,vmf_profile,triviality_n_effective_networks,bookcorpus,bookcorpus,50.0
rand,vmf_profile,triviality_median_max_membership,bookcorpus,bookcorpus,1.0
rand,vmf_profile,triviality_frac_confident,bookcorpus,bookcorpus,1.0
pnull,vmf_z,reliability_within,bookcorpus,bookcorpus,0.00809516512427376
pnull,vmf_z,fidelity_within,bookcorpus,bookcorpus,0.0235688852234065
pnull,vmf_z,fidelity_within_r,bookcorpus,bookcorpus,0.15355362250288104
pnull,vmf_z,fidelity_within_insample,bookcorpus,bookcorpus,0.02429549096279693
pnull,vmf_z,triviality_ami_layer,bookcorpus,bookcorpus,0.01667751042498638
pnull,vmf_z,triviality_ami_hubness,bookcorpus,bookcorpus,0.027099809476000984
pnull,vmf_z,triviality_n_effective_networks,bookcorpus,bookcorpus,27.0
pnull,vmf_z,triviality_median_max_membership,bookcorpus,bookcorpus,0.55
pnull,vmf_z,triviality_frac_confident,bookcorpus,bookcorpus,0.5436698717948718
rand,vmf_z,reliability_within,bookcorpus,bookcorpus,-0.00012881048942062396
rand,vmf_z,fidelity_within,bookcorpus,bookcorpus,0.0008242841578575133
rand,vmf_z,fidelity_within_r,bookcorpus,bookcorpus,0.02882727269322396
rand,vmf_z,fidelity_within_insample,bookcorpus,bookcorpus,0.0008619023022304884
rand,vmf_z,triviality_ami_layer,bookcorpus,bookcorpus,0.0009291179833457991
rand,vmf_z,triviality_ami_hubness,bookcorpus,bookcorpus,0.0007694657597955108
rand,vmf_z,triviality_n_effective_networks,bookcorpus,bookcorpus,50.0
rand,vmf_z,triviality_median_max_membership,bookcorpus,bookcorpus,1.0
rand,vmf_z,triviality_frac_confident,bookcorpus,bookcorpus,1.0
pnull,current,reliability_within,agnews,agnews,0.006167109559772314
pnull,current,fidelity_within,agnews,agnews,0.00837959625892215
pnull,current,fidelity_within_r,agnews,agnews,0.09160381623136128
pnull,current,fidelity_within_insample,agnews,agnews,0.008366220060585738
pnull,current,triviality_ami_layer,agnews,agnews,0.028741907684285712
pnull,current,triviality_ami_hubness,agnews,agnews,0.004452538158501734
pnull,current,triviality_n_effective_networks,agnews,agnews,50.0
pnull,current,triviality_median_max_membership,agnews,agnews,0.35
pnull,current,triviality_frac_confident,agnews,agnews,0.14453125
rand,current,reliability_within,agnews,agnews,-0.00010969662531143837
rand,current,fidelity_within,agnews,agnews,0.0003205793374444488
rand,current,fidelity_within_r,agnews,agnews,0.01822750963749602
rand,current,fidelity_within_insample,agnews,agnews,0.00033090394921075905
rand,current,triviality_ami_layer,agnews,agnews,0.0003103294720015801
rand,current,triviality_ami_hubness,agnews,agnews,0.0005937571070114441
rand,current,triviality_n_effective_networks,agnews,agnews,50.0
rand,current,triviality_median_max_membership,agnews,agnews,1.0
rand,current,triviality_frac_confident,agnews,agnews,1.0
pnull,fisher_pca,reliability_within,agnews,agnews,0.022176337876973973
pnull,fisher_pca,fidelity_within,agnews,agnews,0.009526166905392874
pnull,fisher_pca,fidelity_within_r,agnews,agnews,0.09766212469106034
pnull,fisher_pca,fidelity_within_insample,agnews,agnews,0.009554876195095985
pnull,fisher_pca,triviality_ami_layer,agnews,agnews,0.13148222177049512
pnull,fisher_pca,triviality_ami_hubness,agnews,agnews,0.009366624257713566
pnull,fisher_pca,triviality_n_effective_networks,agnews,agnews,50.0
pnull,fisher_pca,triviality_median_max_membership,agnews,agnews,0.45
pnull,fisher_pca,triviality_frac_confident,agnews,agnews,0.3899238782051282
rand,fisher_pca,reliability_within,agnews,agnews,-5.441601343954469e-06
rand,fisher_pca,fidelity_within,agnews,agnews,0.00035189783553402076
rand,fisher_pca,fidelity_within_r,agnews,agnews,0.019067810710332544
rand,fisher_pca,fidelity_within_insample,agnews,agnews,0.0003569264461157351
rand,fisher_pca,triviality_ami_layer,agnews,agnews,0.00039545921493550193
rand,fisher_pca,triviality_ami_hubness,agnews,agnews,9.513494607134088e-05
rand,fisher_pca,triviality_n_effective_networks,agnews,agnews,50.0
rand,fisher_pca,triviality_median_max_membership,agnews,agnews,1.0
rand,fisher_pca,triviality_frac_confident,agnews,agnews,1.0
pnull,legacy,reliability_within,agnews,agnews,0.11242681762246005
pnull,legacy,fidelity_within,agnews,agnews,0.019503272094514967
pnull,legacy,fidelity_within_r,agnews,agnews,0.1396959481953753
pnull,legacy,fidelity_within_insample,agnews,agnews,0.0194935994760439
pnull,legacy,triviality_ami_layer,agnews,agnews,0.104616455008783
pnull,legacy,triviality_ami_hubness,agnews,agnews,0.006479195641744129
pnull,legacy,triviality_n_effective_networks,agnews,agnews,49.0
pnull,legacy,triviality_median_max_membership,agnews,agnews,0.45
pnull,legacy,triviality_frac_confident,agnews,agnews,0.4332932692307692
rand,legacy,reliability_within,agnews,agnews,7.637657052566386e-06
rand,legacy,fidelity_within,agnews,agnews,0.000332435537399145
rand,legacy,fidelity_within_r,agnews,agnews,0.018550067338678443
rand,legacy,fidelity_within_insample,agnews,agnews,0.00034602368086467106
rand,legacy,triviality_ami_layer,agnews,agnews,-0.00029644876841143875
rand,legacy,triviality_ami_hubness,agnews,agnews,-0.000516635790635789
rand,legacy,triviality_n_effective_networks,agnews,agnews,50.0
rand,legacy,triviality_median_max_membership,agnews,agnews,1.0
rand,legacy,triviality_frac_confident,agnews,agnews,1.0
pnull,nopca_fisher,reliability_within,agnews,agnews,0.06527919364167672
pnull,nopca_fisher,fidelity_within,agnews,agnews,0.03482570623766257
pnull,nopca_fisher,fidelity_within_r,agnews,agnews,0.186648405914947
pnull,nopca_fisher,fidelity_within_insample,agnews,agnews,0.03491327927374899
pnull,nopca_fisher,triviality_ami_layer,agnews,agnews,0.04490105523516385
pnull,nopca_fisher,triviality_ami_hubness,agnews,agnews,0.014374569537219347
pnull,nopca_fisher,triviality_n_effective_networks,agnews,agnews,25.0
pnull,nopca_fisher,triviality_median_max_membership,agnews,agnews,0.55
pnull,nopca_fisher,triviality_frac_confident,agnews,agnews,0.5619991987179487
rand,nopca_fisher,reliability_within,agnews,agnews,-1.872207592066027e-05
rand,nopca_fisher,fidelity_within,agnews,agnews,0.00023591369617970148
rand,nopca_fisher,fidelity_within_r,agnews,agnews,0.015734573705937484
rand,nopca_fisher,fidelity_within_insample,agnews,agnews,0.00024738965711512684
rand,nopca_fisher,triviality_ami_layer,agnews,agnews,-0.00021998346585349257
rand,nopca_fisher,triviality_ami_hubness,agnews,agnews,-0.000543264000273958
rand,nopca_fisher,triviality_n_effective_networks,agnews,agnews,50.0
rand,nopca_fisher,triviality_median_max_membership,agnews,agnews,1.0
rand,nopca_fisher,triviality_frac_confident,agnews,agnews,1.0
pnull,vmf_profile,reliability_within,agnews,agnews,0.017782112588494964
pnull,vmf_profile,fidelity_within,agnews,agnews,0.0014546899092827692
pnull,vmf_profile,fidelity_within_r,agnews,agnews,0.03829365775168928
pnull,vmf_profile,fidelity_within_insample,agnews,agnews,0.001479006089408763
pnull,vmf_profile,triviality_ami_layer,agnews,agnews,0.03175089469038024
pnull,vmf_profile,triviality_ami_hubness,agnews,agnews,0.004559166912709546
pnull,vmf_profile,triviality_n_effective_networks,agnews,agnews,49.0
pnull,vmf_profile,triviality_median_max_membership,agnews,agnews,0.5
pnull,vmf_profile,triviality_frac_confident,agnews,agnews,0.4684495192307692
rand,vmf_profile,reliability_within,agnews,agnews,-7.119426903182534e-05
rand,vmf_profile,fidelity_within,agnews,agnews,0.00022941825976441343
rand,vmf_profile,fidelity_within_r,agnews,agnews,0.015527259894650616
rand,vmf_profile,fidelity_within_insample,agnews,agnews,0.00024409117396761992
rand,vmf_profile,triviality_ami_layer,agnews,agnews,0.0001603300682256646
rand,vmf_profile,triviality_ami_hubness,agnews,agnews,0.0002718820315276463
rand,vmf_profile,triviality_n_effective_networks,agnews,agnews,50.0
rand,vmf_profile,triviality_median_max_membership,agnews,agnews,1.0
rand,vmf_profile,triviality_frac_confident,agnews,agnews,1.0
pnull,vmf_z,reliability_within,agnews,agnews,0.01927897386068784
pnull,vmf_z,fidelity_within,agnews,agnews,0.01526093253787697
pnull,vmf_z,fidelity_within_r,agnews,agnews,0.12367134208174788
pnull,vmf_z,fidelity_within_insample,agnews,agnews,0.015355515663982633
pnull,vmf_z,triviality_ami_layer,agnews,agnews,0.02001984283368573
pnull,vmf_z,triviality_ami_hubness,agnews,agnews,0.026683866152691492
pnull,vmf_z,triviality_n_effective_networks,agnews,agnews,28.0
pnull,vmf_z,triviality_median_max_membership,agnews,agnews,0.5
pnull,vmf_z,triviality_frac_confident,agnews,agnews,0.45923477564102566
rand,vmf_z,reliability_within,agnews,agnews,-7.901785671763575e-05
rand,vmf_z,fidelity_within,agnews,agnews,0.0004337380916298317
rand,vmf_z,fidelity_within_r,agnews,agnews,0.02160748317745152
rand,vmf_z,fidelity_within_insample,agnews,agnews,0.0004579065524131787
rand,vmf_z,triviality_ami_layer,agnews,agnews,4.399594805655017e-05
rand,vmf_z,triviality_ami_hubness,agnews,agnews,0.0004185296515439275
rand,vmf_z,triviality_n_effective_networks,agnews,agnews,50.0
rand,vmf_z,triviality_median_max_membership,agnews,agnews,1.0
rand,vmf_z,triviality_frac_confident,agnews,agnews,1.0
pnull,current,reliability_within,tldr17,tldr17,0.004094572007297619
pnull,current,fidelity_within,tldr17,tldr17,0.009414805620804545
pnull,current,fidelity_within_r,tldr17,tldr17,0.09721325902925476
pnull,current,fidelity_within_insample,tldr17,tldr17,0.009533027991976084
pnull,current,triviality_ami_layer,tldr17,tldr17,0.041153972582452944
pnull,current,triviality_ami_hubness,tldr17,tldr17,0.003518394277895662
pnull,current,triviality_n_effective_networks,tldr17,tldr17,50.0
pnull,current,triviality_median_max_membership,tldr17,tldr17,0.3
pnull,current,triviality_frac_confident,tldr17,tldr17,0.09645432692307693
rand,current,reliability_within,tldr17,tldr17,6.1152709460584275e-06
rand,current,fidelity_within,tldr17,tldr17,0.00033166194323919207
rand,current,fidelity_within_r,tldr17,tldr17,0.019146592704792614
rand,current,fidelity_within_insample,tldr17,tldr17,0.0003733581741676151
rand,current,triviality_ami_layer,tldr17,tldr17,-9.12730019039469e-05
rand,current,triviality_ami_hubness,tldr17,tldr17,-0.0002184571473328793
rand,current,triviality_n_effective_networks,tldr17,tldr17,50.0
rand,current,triviality_median_max_membership,tldr17,tldr17,1.0
rand,current,triviality_frac_confident,tldr17,tldr17,1.0
pnull,fisher_pca,reliability_within,tldr17,tldr17,0.019566399409251534
pnull,fisher_pca,fidelity_within,tldr17,tldr17,0.011585738682223679
pnull,fisher_pca,fidelity_within_r,tldr17,tldr17,0.10783429528245432
pnull,fisher_pca,fidelity_within_insample,tldr17,tldr17,0.012121606552350728
pnull,fisher_pca,triviality_ami_layer,tldr17,tldr17,0.14120306485326192
pnull,fisher_pca,triviality_ami_hubness,tldr17,tldr17,0.010358124052256586
pnull,fisher_pca,triviality_n_effective_networks,tldr17,tldr17,50.0
pnull,fisher_pca,triviality_median_max_membership,tldr17,tldr17,0.45
pnull,fisher_pca,triviality_frac_confident,tldr17,tldr17,0.39833733974358976
rand,fisher_pca,reliability_within,tldr17,tldr17,1.0366383042007166e-05
rand,fisher_pca,fidelity_within,tldr17,tldr17,0.00032626484040776393
rand,fisher_pca,fidelity_within_r,tldr17,tldr17,0.019030129019855912
rand,fisher_pca,fidelity_within_insample,tldr17,tldr17,0.00039799273021912107
rand,fisher_pca,triviality_ami_layer,tldr17,tldr17,0.0004665581231703647
rand,fisher_pca,triviality_ami_hubness,tldr17,tldr17,-0.0007436052882250738
rand,fisher_pca,triviality_n_effective_networks,tldr17,tldr17,50.0
rand,fisher_pca,triviality_median_max_membership,tldr17,tldr17,1.0
rand,fisher_pca,triviality_frac_confident,tldr17,tldr17,1.0
pnull,legacy,reliability_within,tldr17,tldr17,0.09877080192600932
pnull,legacy,fidelity_within,tldr17,tldr17,0.020655513817888216
pnull,legacy,fidelity_within_r,tldr17,tldr17,0.1438533980185263
pnull,legacy,fidelity_within_insample,tldr17,tldr17,0.02103842132338274
pnull,legacy,triviality_ami_layer,tldr17,tldr17,0.1236723997072117
pnull,legacy,triviality_ami_hubness,tldr17,tldr17,0.017316367135746018
pnull,legacy,triviality_n_effective_networks,tldr17,tldr17,50.0
pnull,legacy,triviality_median_max_membership,tldr17,tldr17,0.55
pnull,legacy,triviality_frac_confident,tldr17,tldr17,0.5262419871794872
rand,legacy,reliability_within,tldr17,tldr17,-3.34431992612217e-05
rand,legacy,fidelity_within,tldr17,tldr17,0.00044794413197368765
rand,legacy,fidelity_within_r,tldr17,tldr17,0.02197585766649983
rand,legacy,fidelity_within_insample,tldr17,tldr17,0.0004946372697753887
rand,legacy,triviality_ami_layer,tldr17,tldr17,-0.0004323332768440638
rand,legacy,triviality_ami_hubness,tldr17,tldr17,0.00019406435378803636
rand,legacy,triviality_n_effective_networks,tldr17,tldr17,50.0
rand,legacy,triviality_median_max_membership,tldr17,tldr17,1.0
rand,legacy,triviality_frac_confident,tldr17,tldr17,1.0
pnull,nopca_fisher,reliability_within,tldr17,tldr17,0.022422031255983285
pnull,nopca_fisher,fidelity_within,tldr17,tldr17,0.0407676815736413
pnull,nopca_fisher,fidelity_within_r,tldr17,tldr17,0.20200422600956483
pnull,nopca_fisher,fidelity_within_insample,tldr17,tldr17,0.041153414324612836
pnull,nopca_fisher,triviality_ami_layer,tldr17,tldr17,0.1479812498595077
pnull,nopca_fisher,triviality_ami_hubness,tldr17,tldr17,0.02630120332385872
pnull,nopca_fisher,triviality_n_effective_networks,tldr17,tldr17,20.0
pnull,nopca_fisher,triviality_median_max_membership,tldr17,tldr17,0.65
pnull,nopca_fisher,triviality_frac_confident,tldr17,tldr17,0.733573717948718
rand,nopca_fisher,reliability_within,tldr17,tldr17,1.9254994909608812e-05
rand,nopca_fisher,fidelity_within,tldr17,tldr17,0.0004693684728547254
rand,nopca_fisher,fidelity_within_r,tldr17,tldr17,0.022461214822905834
rand,nopca_fisher,fidelity_within_insample,tldr17,tldr17,0.0005236679197599958
rand,nopca_fisher,triviality_ami_layer,tldr17,tldr17,7.519216989404785e-07
rand,nopca_fisher,triviality_ami_hubness,tldr17,tldr17,-0.0001003096844917179
rand,nopca_fisher,triviality_n_effective_networks,tldr17,tldr17,50.0
rand,nopca_fisher,triviality_median_max_membership,tldr17,tldr17,1.0
rand,nopca_fisher,triviality_frac_confident,tldr17,tldr17,1.0
pnull,vmf_profile,reliability_within,tldr17,tldr17,0.026927906650278187
pnull,vmf_profile,fidelity_within,tldr17,tldr17,0.005590871152566623
pnull,vmf_profile,fidelity_within_r,tldr17,tldr17,0.07503818708906429
pnull,vmf_profile,fidelity_within_insample,tldr17,tldr17,0.005917423600375837
pnull,vmf_profile,triviality_ami_layer,tldr17,tldr17,0.09785506092446289
pnull,vmf_profile,triviality_ami_hubness,tldr17,tldr17,0.006413022988329565
pnull,vmf_profile,triviality_n_effective_networks,tldr17,tldr17,42.0
pnull,vmf_profile,triviality_median_max_membership,tldr17,tldr17,0.5
pnull,vmf_profile,triviality_frac_confident,tldr17,tldr17,0.4014423076923077
rand,vmf_profile,reliability_within,tldr17,tldr17,-7.45105511178282e-05
rand,vmf_profile,fidelity_within,tldr17,tldr17,0.0005146846523097492
rand,vmf_profile,fidelity_within_r,tldr17,tldr17,0.023444323260062423
rand,vmf_profile,fidelity_within_insample,tldr17,tldr17,0.0005587925029026941
rand,vmf_profile,triviality_ami_layer,tldr17,tldr17,0.0009868614738693143
rand,vmf_profile,triviality_ami_hubness,tldr17,tldr17,-0.0003265548139635061
rand,vmf_profile,triviality_n_effective_networks,tldr17,tldr17,50.0
rand,vmf_profile,triviality_median_max_membership,tldr17,tldr17,1.0
rand,vmf_profile,triviality_frac_confident,tldr17,tldr17,1.0
pnull,vmf_z,reliability_within,tldr17,tldr17,0.002646525348540247
pnull,vmf_z,fidelity_within,tldr17,tldr17,0.007406370113432703
pnull,vmf_z,fidelity_within_r,tldr17,tldr17,0.08608581102664724
pnull,vmf_z,fidelity_within_insample,tldr17,tldr17,0.007731148010784339
pnull,vmf_z,triviality_ami_layer,tldr17,tldr17,0.04177433977946157
pnull,vmf_z,triviality_ami_hubness,tldr17,tldr17,0.006258340012804585
pnull,vmf_z,triviality_n_effective_networks,tldr17,tldr17,22.0
pnull,vmf_z,triviality_median_max_membership,tldr17,tldr17,0.5
pnull,vmf_z,triviality_frac_confident,tldr17,tldr17,0.3450520833333333
rand,vmf_z,reliability_within,tldr17,tldr17,-4.922999238170868e-05
rand,vmf_z,fidelity_within,tldr17,tldr17,0.0010138222694950905
rand,vmf_z,fidelity_within_r,tldr17,tldr17,0.03185746615390565
rand,vmf_z,fidelity_within_insample,tldr17,tldr17,0.0010751891082440013
rand,vmf_z,triviality_ami_layer,tldr17,tldr17,3.6522157578780164e-05
rand,vmf_z,triviality_ami_hubness,tldr17,tldr17,-0.0003198112127517275
rand,vmf_z,triviality_n_effective_networks,tldr17,tldr17,50.0
rand,vmf_z,triviality_median_max_membership,tldr17,tldr17,1.0
rand,vmf_z,triviality_frac_confident,tldr17,tldr17,1.0
pnull,current,reliability_within,codeparrot,codeparrot,0.005105268285812904
pnull,current,fidelity_within,codeparrot,codeparrot,0.07472592678991363
pnull,current,fidelity_within_r,codeparrot,codeparrot,0.27549631003988023
pnull,current,fidelity_within_insample,codeparrot,codeparrot,0.08608851874913737
pnull,current,triviality_ami_layer,codeparrot,codeparrot,0.025271014312317666
pnull,current,triviality_ami_hubness,codeparrot,codeparrot,0.02379270734663221
pnull,current,triviality_n_effective_networks,codeparrot,codeparrot,50.0
pnull,current,triviality_median_max_membership,codeparrot,codeparrot,0.3
pnull,current,triviality_frac_confident,codeparrot,codeparrot,0.1201923076923077
rand,current,reliability_within,codeparrot,codeparrot,-2.3347158567086997e-05
rand,current,fidelity_within,codeparrot,codeparrot,0.0011443347630036849
rand,current,fidelity_within_r,codeparrot,codeparrot,0.04528070388321911
rand,current,fidelity_within_insample,codeparrot,codeparrot,0.002540500452126282
rand,current,triviality_ami_layer,codeparrot,codeparrot,0.00021238137996007435
rand,current,triviality_ami_hubness,codeparrot,codeparrot,0.0002295301834149519
rand,current,triviality_n_effective_networks,codeparrot,codeparrot,50.0
rand,current,triviality_median_max_membership,codeparrot,codeparrot,1.0
rand,current,triviality_frac_confident,codeparrot,codeparrot,1.0
pnull,fisher_pca,reliability_within,codeparrot,codeparrot,-0.0020994210671204144
pnull,fisher_pca,fidelity_within,codeparrot,codeparrot,0.06814041852433483
pnull,fisher_pca,fidelity_within_r,codeparrot,codeparrot,0.2630475345921017
pnull,fisher_pca,fidelity_within_insample,codeparrot,codeparrot,0.07671783196591853
pnull,fisher_pca,triviality_ami_layer,codeparrot,codeparrot,0.031209187608790857
pnull,fisher_pca,triviality_ami_hubness,codeparrot,codeparrot,0.02819705012598132
pnull,fisher_pca,triviality_n_effective_networks,codeparrot,codeparrot,50.0
pnull,fisher_pca,triviality_median_max_membership,codeparrot,codeparrot,0.4
pnull,fisher_pca,triviality_frac_confident,codeparrot,codeparrot,0.3629807692307692
rand,fisher_pca,reliability_within,codeparrot,codeparrot,-2.656798762233328e-05
rand,fisher_pca,fidelity_within,codeparrot,codeparrot,0.0008600120640358533
rand,fisher_pca,fidelity_within_r,codeparrot,codeparrot,0.041904692227638575
rand,fisher_pca,fidelity_within_insample,codeparrot,codeparrot,0.0021048048575682543
rand,fisher_pca,triviality_ami_layer,codeparrot,codeparrot,-0.00015388689174159219
rand,fisher_pca,triviality_ami_hubness,codeparrot,codeparrot,-7.910722373068201e-05
rand,fisher_pca,triviality_n_effective_networks,codeparrot,codeparrot,50.0
rand,fisher_pca,triviality_median_max_membership,codeparrot,codeparrot,1.0
rand,fisher_pca,triviality_frac_confident,codeparrot,codeparrot,1.0
pnull,legacy,reliability_within,codeparrot,codeparrot,0.07757661832998192
pnull,legacy,fidelity_within,codeparrot,codeparrot,0.08219229860617483
pnull,legacy,fidelity_within_r,codeparrot,codeparrot,0.2883512862506405
pnull,legacy,fidelity_within_insample,codeparrot,codeparrot,0.08865827992813968
pnull,legacy,triviality_ami_layer,codeparrot,codeparrot,0.04707878363320627
pnull,legacy,triviality_ami_hubness,codeparrot,codeparrot,0.029562969606734043
pnull,legacy,triviality_n_effective_networks,codeparrot,codeparrot,50.0
pnull,legacy,triviality_median_max_membership,codeparrot,codeparrot,0.45
pnull,legacy,triviality_frac_confident,codeparrot,codeparrot,0.3821113782051282
rand,legacy,reliability_within,codeparrot,codeparrot,-2.3213082874920417e-06
rand,legacy,fidelity_within,codeparrot,codeparrot,0.0007013847177925747
rand,legacy,fidelity_within_r,codeparrot,codeparrot,0.04015201655838028
rand,legacy,fidelity_within_insample,codeparrot,codeparrot,0.002090439715157988
rand,legacy,triviality_ami_layer,codeparrot,codeparrot,0.0007728099311379636
rand,legacy,triviality_ami_hubness,codeparrot,codeparrot,2.7410600578454417e-05
rand,legacy,triviality_n_effective_networks,codeparrot,codeparrot,50.0
rand,legacy,triviality_median_max_membership,codeparrot,codeparrot,1.0
rand,legacy,triviality_frac_confident,codeparrot,codeparrot,1.0
pnull,nopca_fisher,reliability_within,codeparrot,codeparrot,0.007843667560228236
pnull,nopca_fisher,fidelity_within,codeparrot,codeparrot,0.027864396010644055
pnull,nopca_fisher,fidelity_within_r,codeparrot,codeparrot,0.16987621457004648
pnull,nopca_fisher,fidelity_within_insample,codeparrot,codeparrot,0.03276044318261462
pnull,nopca_fisher,triviality_ami_layer,codeparrot,codeparrot,0.0978554799424572
pnull,nopca_fisher,triviality_ami_hubness,codeparrot,codeparrot,0.015705896570096863
pnull,nopca_fisher,triviality_n_effective_networks,codeparrot,codeparrot,19.0
pnull,nopca_fisher,triviality_median_max_membership,codeparrot,codeparrot,0.55
pnull,nopca_fisher,triviality_frac_confident,codeparrot,codeparrot,0.5922475961538461
rand,nopca_fisher,reliability_within,codeparrot,codeparrot,-1.5208178051570104e-05
rand,nopca_fisher,fidelity_within,codeparrot,codeparrot,0.0009444092726205167
rand,nopca_fisher,fidelity_within_r,codeparrot,codeparrot,0.0429370155787113
rand,nopca_fisher,fidelity_within_insample,codeparrot,codeparrot,0.002238168422793674
rand,nopca_fisher,triviality_ami_layer,codeparrot,codeparrot,0.0001495801177195451
rand,nopca_fisher,triviality_ami_hubness,codeparrot,codeparrot,-0.0009574687041034472
rand,nopca_fisher,triviality_n_effective_networks,codeparrot,codeparrot,50.0
rand,nopca_fisher,triviality_median_max_membership,codeparrot,codeparrot,1.0
rand,nopca_fisher,triviality_frac_confident,codeparrot,codeparrot,1.0
pnull,vmf_profile,reliability_within,codeparrot,codeparrot,0.009981273971188493
pnull,vmf_profile,fidelity_within,codeparrot,codeparrot,0.029738754730636252
pnull,vmf_profile,fidelity_within_r,codeparrot,codeparrot,0.17552879069376895
pnull,vmf_profile,fidelity_within_insample,codeparrot,codeparrot,0.03605335845411872
pnull,vmf_profile,triviality_ami_layer,codeparrot,codeparrot,0.03616727290638398
pnull,vmf_profile,triviality_ami_hubness,codeparrot,codeparrot,0.009716882457013897
pnull,vmf_profile,triviality_n_effective_networks,codeparrot,codeparrot,49.0
pnull,vmf_profile,triviality_median_max_membership,codeparrot,codeparrot,0.45
pnull,vmf_profile,triviality_frac_confident,codeparrot,codeparrot,0.35927483974358976
rand,vmf_profile,reliability_within,codeparrot,codeparrot,-6.168348990616091e-05
rand,vmf_profile,fidelity_within,codeparrot,codeparrot,0.0012117851234011434
rand,vmf_profile,fidelity_within_r,codeparrot,codeparrot,0.046306501173778915
rand,vmf_profile,fidelity_within_insample,codeparrot,codeparrot,0.00287532395947665
rand,vmf_profile,triviality_ami_layer,codeparrot,codeparrot,-5.6642052717927645e-06
rand,vmf_profile,triviality_ami_hubness,codeparrot,codeparrot,0.0003600664018008606
rand,vmf_profile,triviality_n_effective_networks,codeparrot,codeparrot,50.0
rand,vmf_profile,triviality_median_max_membership,codeparrot,codeparrot,1.0
rand,vmf_profile,triviality_frac_confident,codeparrot,codeparrot,1.0
pnull,vmf_z,reliability_within,codeparrot,codeparrot,0.005489757322927006
pnull,vmf_z,fidelity_within,codeparrot,codeparrot,0.01986155277527135
pnull,vmf_z,fidelity_within_r,codeparrot,codeparrot,0.22758197731653299
pnull,vmf_z,fidelity_within_insample,codeparrot,codeparrot,0.05259572990254335
pnull,vmf_z,triviality_ami_layer,codeparrot,codeparrot,0.0204618412023802
pnull,vmf_z,triviality_ami_hubness,codeparrot,codeparrot,0.016457702549876062
pnull,vmf_z,triviality_n_effective_networks,codeparrot,codeparrot,46.0
pnull,vmf_z,triviality_median_max_membership,codeparrot,codeparrot,0.4
pnull,vmf_z,triviality_frac_confident,codeparrot,codeparrot,0.26772836538461536
rand,vmf_z,reliability_within,codeparrot,codeparrot,-1.2552783915130926e-05
rand,vmf_z,fidelity_within,codeparrot,codeparrot,-0.028358658203943454
rand,vmf_z,fidelity_within_r,codeparrot,codeparrot,0.042843776487461085
rand,vmf_z,fidelity_within_insample,codeparrot,codeparrot,0.0023659172422021424
rand,vmf_z,triviality_ami_layer,codeparrot,codeparrot,0.00017387503275322167
rand,vmf_z,triviality_ami_hubness,codeparrot,codeparrot,0.000707396387974744
rand,vmf_z,triviality_n_effective_networks,codeparrot,codeparrot,50.0
rand,vmf_z,triviality_median_max_membership,codeparrot,codeparrot,1.0
rand,vmf_z,triviality_frac_confident,codeparrot,codeparrot,1.0
pnull,current,reliability_within,random,random,0.0057571466189570205
pnull,current,fidelity_within,random,random,0.010768975832423866
pnull,current,fidelity_within_r,random,random,0.10377399768929606
pnull,current,fidelity_within_insample,random,random,0.01072313221248089
pnull,current,triviality_ami_layer,random,random,0.050158605488114294
pnull,current,triviality_ami_hubness,random,random,0.03285002418171821
pnull,current,triviality_n_effective_networks,random,random,50.0
pnull,current,triviality_median_max_membership,random,random,0.4
pnull,current,triviality_frac_confident,random,random,0.2481971153846154
rand,current,reliability_within,random,random,8.65098411438311e-05
rand,current,fidelity_within,random,random,0.00028826732943865174
rand,current,fidelity_within_r,random,random,0.01697860181764959
rand,current,fidelity_within_insample,random,random,0.0002882149071260498
rand,current,triviality_ami_layer,random,random,0.000274996929708406
rand,current,triviality_ami_hubness,random,random,-0.0006708062446795905
rand,current,triviality_n_effective_networks,random,random,50.0
rand,current,triviality_median_max_membership,random,random,1.0
rand,current,triviality_frac_confident,random,random,1.0
pnull,fisher_pca,reliability_within,random,random,0.010368324193868796
pnull,fisher_pca,fidelity_within,random,random,0.009724210008491108
pnull,fisher_pca,fidelity_within_r,random,random,0.09861143729879937
pnull,fisher_pca,fidelity_within_insample,random,random,0.0097287530502147
pnull,fisher_pca,triviality_ami_layer,random,random,0.0432406651408231
pnull,fisher_pca,triviality_ami_hubness,random,random,0.03146424655389003
pnull,fisher_pca,triviality_n_effective_networks,random,random,50.0
pnull,fisher_pca,triviality_median_max_membership,random,random,0.45
pnull,fisher_pca,triviality_frac_confident,random,random,0.3697916666666667
rand,fisher_pca,reliability_within,random,random,-7.019096580257941e-06
rand,fisher_pca,fidelity_within,random,random,0.00041313026381639695
rand,fisher_pca,fidelity_within_r,random,random,0.020326188096721504
rand,fisher_pca,fidelity_within_insample,random,random,0.0004079067292502847
rand,fisher_pca,triviality_ami_layer,random,random,0.00014096765876838748
rand,fisher_pca,triviality_ami_hubness,random,random,-0.00036318570636550816
rand,fisher_pca,triviality_n_effective_networks,random,random,50.0
rand,fisher_pca,triviality_median_max_membership,random,random,1.0
rand,fisher_pca,triviality_frac_confident,random,random,1.0
pnull,legacy,reliability_within,random,random,0.1270640581089408
pnull,legacy,fidelity_within,random,random,0.014442656785073726
pnull,legacy,fidelity_within_r,random,random,0.12017762838477626
pnull,legacy,fidelity_within_insample,random,random,0.014448718736006838
pnull,legacy,triviality_ami_layer,random,random,0.11076600197778347
pnull,legacy,triviality_ami_hubness,random,random,0.014446488125392998
pnull,legacy,triviality_n_effective_networks,random,random,49.0
pnull,legacy,triviality_median_max_membership,random,random,0.65
pnull,legacy,triviality_frac_confident,random,random,0.5795272435897436
rand,legacy,reliability_within,random,random,2.4485119396855087e-05
rand,legacy,fidelity_within,random,random,0.00047459649427672446
rand,legacy,fidelity_within_r,random,random,0.021785425037569323
rand,legacy,fidelity_within_insample,random,random,0.00047710864018735144
rand,legacy,triviality_ami_layer,random,random,0.00032015250948772147
rand,legacy,triviality_ami_hubness,random,random,-0.0002486234998005043
rand,legacy,triviality_n_effective_networks,random,random,50.0
rand,legacy,triviality_median_max_membership,random,random,1.0
rand,legacy,triviality_frac_confident,random,random,1.0
pnull,nopca_fisher,reliability_within,random,random,0.09652688373132749
pnull,nopca_fisher,fidelity_within,random,random,0.039285788656591936
pnull,nopca_fisher,fidelity_within_r,random,random,0.1982064448739934
pnull,nopca_fisher,fidelity_within_insample,random,random,0.03929596623157483
pnull,nopca_fisher,triviality_ami_layer,random,random,0.059508663928947846
pnull,nopca_fisher,triviality_ami_hubness,random,random,0.02908446388059352
pnull,nopca_fisher,triviality_n_effective_networks,random,random,50.0
pnull,nopca_fisher,triviality_median_max_membership,random,random,0.5
pnull,nopca_fisher,triviality_frac_confident,random,random,0.4243790064102564
rand,nopca_fisher,reliability_within,random,random,3.3373132329189985e-05
rand,nopca_fisher,fidelity_within,random,random,0.0004524468555268113
rand,nopca_fisher,fidelity_within_r,random,random,0.021270940207800428
rand,nopca_fisher,fidelity_within_insample,random,random,0.0004517409481334944
rand,nopca_fisher,triviality_ami_layer,random,random,1.9675900912669994e-05
rand,nopca_fisher,triviality_ami_hubness,random,random,6.061202930131409e-05
rand,nopca_fisher,triviality_n_effective_networks,random,random,50.0
rand,nopca_fisher,triviality_median_max_membership,random,random,1.0
rand,nopca_fisher,triviality_frac_confident,random,random,1.0
pnull,vmf_profile,reliability_within,random,random,0.02942490900895319
pnull,vmf_profile,fidelity_within,random,random,0.009363746146583751
pnull,vmf_profile,fidelity_within_r,random,random,0.09676659947789648
pnull,vmf_profile,fidelity_within_insample,random,random,0.00933908323158772
pnull,vmf_profile,triviality_ami_layer,random,random,0.047151356374510754
pnull,vmf_profile,triviality_ami_hubness,random,random,0.030346418862143367
pnull,vmf_profile,triviality_n_effective_networks,random,random,50.0
pnull,vmf_profile,triviality_median_max_membership,random,random,0.5
pnull,vmf_profile,triviality_frac_confident,random,random,0.4675480769230769
rand,vmf_profile,reliability_within,random,random,-1.1544580143939756e-05
rand,vmf_profile,fidelity_within,random,random,0.0003839657456313761
rand,vmf_profile,fidelity_within_r,random,random,0.019595283677109988
rand,vmf_profile,fidelity_within_insample,random,random,0.00038174118592804174
rand,vmf_profile,triviality_ami_layer,random,random,-0.0001542255633271902
rand,vmf_profile,triviality_ami_hubness,random,random,-5.655743756856699e-05
rand,vmf_profile,triviality_n_effective_networks,random,random,50.0
rand,vmf_profile,triviality_median_max_membership,random,random,1.0
rand,vmf_profile,triviality_frac_confident,random,random,1.0
pnull,vmf_z,reliability_within,random,random,0.1505474759607734
pnull,vmf_z,fidelity_within,random,random,0.01895546558375094
pnull,vmf_z,fidelity_within_r,random,random,0.13777508555784265
pnull,vmf_z,fidelity_within_insample,random,random,0.02012397369022234
pnull,vmf_z,triviality_ami_layer,random,random,0.03807273028759478
pnull,vmf_z,triviality_ami_hubness,random,random,0.027278772782061176
pnull,vmf_z,triviality_n_effective_networks,random,random,49.0
pnull,vmf_z,triviality_median_max_membership,random,random,0.475
pnull,vmf_z,triviality_frac_confident,random,random,0.41256009615384615
rand,vmf_z,reliability_within,random,random,-8.340608571478218e-05
rand,vmf_z,fidelity_within,random,random,0.0006173522970408518
rand,vmf_z,fidelity_within_r,random,random,0.02512068320025908
rand,vmf_z,fidelity_within_insample,random,random,0.0006433495826468905
rand,vmf_z,triviality_ami_layer,random,random,6.818260616315593e-05
rand,vmf_z,triviality_ami_hubness,random,random,-0.0011453660759999514
rand,vmf_z,triviality_n_effective_networks,random,random,50.0
rand,vmf_z,triviality_median_max_membership,random,random,1.0
rand,vmf_z,triviality_frac_confident,random,random,1.0
pnull,current,reliability_within,whitespace,whitespace,0.009656503228636204
pnull,current,fidelity_within,whitespace,whitespace,0.04645690284320281
pnull,current,fidelity_within_r,whitespace,whitespace,0.21553863422412703
pnull,current,fidelity_within_insample,whitespace,whitespace,0.04645690284320281
pnull,current,triviality_ami_layer,whitespace,whitespace,0.008338830812400853
pnull,current,triviality_ami_hubness,whitespace,whitespace,0.022728307735566187
pnull,current,triviality_n_effective_networks,whitespace,whitespace,50.0
pnull,current,triviality_median_max_membership,whitespace,whitespace,0.4
pnull,current,triviality_frac_confident,whitespace,whitespace,0.27744391025641024
rand,current,reliability_within,whitespace,whitespace,-4.2536758102202095e-05
rand,current,fidelity_within,whitespace,whitespace,0.001602656997078289
rand,current,fidelity_within_r,whitespace,whitespace,0.04003319868656939
rand,current,fidelity_within_insample,whitespace,whitespace,0.001602656997078289
rand,current,triviality_ami_layer,whitespace,whitespace,0.0009611044859525386
rand,current,triviality_ami_hubness,whitespace,whitespace,2.125498923694531e-05
rand,current,triviality_n_effective_networks,whitespace,whitespace,50.0
rand,current,triviality_median_max_membership,whitespace,whitespace,1.0
rand,current,triviality_frac_confident,whitespace,whitespace,1.0
pnull,fisher_pca,reliability_within,whitespace,whitespace,0.07953504877605741
pnull,fisher_pca,fidelity_within,whitespace,whitespace,0.09401391776126278
pnull,fisher_pca,fidelity_within_r,whitespace,whitespace,0.3066168908609914
pnull,fisher_pca,fidelity_within_insample,whitespace,whitespace,0.09401391776126278
pnull,fisher_pca,triviality_ami_layer,whitespace,whitespace,0.02622912497137718
pnull,fisher_pca,triviality_ami_hubness,whitespace,whitespace,0.042275685306648034
pnull,fisher_pca,triviality_n_effective_networks,whitespace,whitespace,50.0
pnull,fisher_pca,triviality_median_max_membership,whitespace,whitespace,0.35
pnull,fisher_pca,triviality_frac_confident,whitespace,whitespace,0.19170673076923078
rand,fisher_pca,reliability_within,whitespace,whitespace,9.481298538315504e-05
rand,fisher_pca,fidelity_within,whitespace,whitespace,0.0020215753919848867
rand,fisher_pca,fidelity_within_r,whitespace,whitespace,0.044961932698505784
rand,fisher_pca,fidelity_within_insample,whitespace,whitespace,0.0020215753919848867
rand,fisher_pca,triviality_ami_layer,whitespace,whitespace,-0.0005638039490737005
rand,fisher_pca,triviality_ami_hubness,whitespace,whitespace,-6.799452162837323e-05
rand,fisher_pca,triviality_n_effective_networks,whitespace,whitespace,50.0
rand,fisher_pca,triviality_median_max_membership,whitespace,whitespace,1.0
rand,fisher_pca,triviality_frac_confident,whitespace,whitespace,1.0
pnull,legacy,reliability_within,whitespace,whitespace,-0.0025506141014587005
pnull,legacy,fidelity_within,whitespace,whitespace,0.16544125653297914
pnull,legacy,fidelity_within_r,whitespace,whitespace,0.40674470682847597
pnull,legacy,fidelity_within_insample,whitespace,whitespace,0.16544125653297914
pnull,legacy,triviality_ami_layer,whitespace,whitespace,0.04122027980028539
pnull,legacy,triviality_ami_hubness,whitespace,whitespace,0.09267712331168378
pnull,legacy,triviality_n_effective_networks,whitespace,whitespace,50.0
pnull,legacy,triviality_median_max_membership,whitespace,whitespace,0.3
pnull,legacy,triviality_frac_confident,whitespace,whitespace,0.14423076923076922
rand,legacy,reliability_within,whitespace,whitespace,1.9698633702432746e-05
rand,legacy,fidelity_within,whitespace,whitespace,0.0014578726382107332
rand,legacy,fidelity_within_r,whitespace,whitespace,0.038182098399781636
rand,legacy,fidelity_within_insample,whitespace,whitespace,0.0014578726382107332
rand,legacy,triviality_ami_layer,whitespace,whitespace,0.00010423634758782768
rand,legacy,triviality_ami_hubness,whitespace,whitespace,0.00034589135266281873
rand,legacy,triviality_n_effective_networks,whitespace,whitespace,50.0
rand,legacy,triviality_median_max_membership,whitespace,whitespace,1.0
rand,legacy,triviality_frac_confident,whitespace,whitespace,1.0
pnull,nopca_fisher,reliability_within,whitespace,whitespace,0.10186089611813333
pnull,nopca_fisher,fidelity_within,whitespace,whitespace,0.12195963851709568
pnull,nopca_fisher,fidelity_within_r,whitespace,whitespace,0.34922720185732836
pnull,nopca_fisher,fidelity_within_insample,whitespace,whitespace,0.12195963851709568
pnull,nopca_fisher,triviality_ami_layer,whitespace,whitespace,0.030969508849618608
pnull,nopca_fisher,triviality_ami_hubness,whitespace,whitespace,0.05398268443732175
pnull,nopca_fisher,triviality_n_effective_networks,whitespace,whitespace,50.0
pnull,nopca_fisher,triviality_median_max_membership,whitespace,whitespace,0.5
pnull,nopca_fisher,triviality_frac_confident,whitespace,whitespace,0.3961338141025641
rand,nopca_fisher,reliability_within,whitespace,whitespace,4.8282860102505293e-05
rand,nopca_fisher,fidelity_within,whitespace,whitespace,0.0018912322106349189
rand,nopca_fisher,fidelity_within_r,whitespace,whitespace,0.04348829969813669
rand,nopca_fisher,fidelity_within_insample,whitespace,whitespace,0.0018912322106349189
rand,nopca_fisher,triviality_ami_layer,whitespace,whitespace,-0.0005903426805987118
rand,nopca_fisher,triviality_ami_hubness,whitespace,whitespace,-0.0001714018703020629
rand,nopca_fisher,triviality_n_effective_networks,whitespace,whitespace,50.0
rand,nopca_fisher,triviality_median_max_membership,whitespace,whitespace,1.0
rand,nopca_fisher,triviality_frac_confident,whitespace,whitespace,1.0
pnull,vmf_profile,reliability_within,whitespace,whitespace,0.004047123139237395
pnull,vmf_profile,fidelity_within,whitespace,whitespace,0.0404318788636403
pnull,vmf_profile,fidelity_within_r,whitespace,whitespace,0.2010767984219983
pnull,vmf_profile,fidelity_within_insample,whitespace,whitespace,0.0404318788636403
pnull,vmf_profile,triviality_ami_layer,whitespace,whitespace,0.005745605709479747
pnull,vmf_profile,triviality_ami_hubness,whitespace,whitespace,0.01914876643382187
pnull,vmf_profile,triviality_n_effective_networks,whitespace,whitespace,50.0
pnull,vmf_profile,triviality_median_max_membership,whitespace,whitespace,0.45
pnull,vmf_profile,triviality_frac_confident,whitespace,whitespace,0.3724959935897436
rand,vmf_profile,reliability_within,whitespace,whitespace,-0.00019586871002487053
rand,vmf_profile,fidelity_within,whitespace,whitespace,0.0015508492612672509
rand,vmf_profile,fidelity_within_r,whitespace,whitespace,0.039380823521950326
rand,vmf_profile,fidelity_within_insample,whitespace,whitespace,0.0015508492612672509
rand,vmf_profile,triviality_ami_layer,whitespace,whitespace,0.0005714383001686661
rand,vmf_profile,triviality_ami_hubness,whitespace,whitespace,0.0003273662418484594
rand,vmf_profile,triviality_n_effective_networks,whitespace,whitespace,50.0
rand,vmf_profile,triviality_median_max_membership,whitespace,whitespace,1.0
rand,vmf_profile,triviality_frac_confident,whitespace,whitespace,1.0
pnull,vmf_z,reliability_within,whitespace,whitespace,0.0017758156353791187
pnull,vmf_z,fidelity_within,whitespace,whitespace,0.002729354402643769
pnull,vmf_z,fidelity_within_r,whitespace,whitespace,0.05224326011650823
pnull,vmf_z,fidelity_within_insample,whitespace,whitespace,0.002784358414880672
pnull,vmf_z,triviality_ami_layer,whitespace,whitespace,0.0034553034308492025
pnull,vmf_z,triviality_ami_hubness,whitespace,whitespace,0.003031503840830928
pnull,vmf_z,triviality_n_effective_networks,whitespace,whitespace,50.0
pnull,vmf_z,triviality_median_max_membership,whitespace,whitespace,0.45
pnull,vmf_z,triviality_frac_confident,whitespace,whitespace,0.36017628205128205
rand,vmf_z,reliability_within,whitespace,whitespace,0.00013464342966025355
rand,vmf_z,fidelity_within,whitespace,whitespace,0.0007491294358815681
rand,vmf_z,fidelity_within_r,whitespace,whitespace,0.027370241820288358
rand,vmf_z,fidelity_within_insample,whitespace,whitespace,0.0007612217566006496
rand,vmf_z,triviality_ami_layer,whitespace,whitespace,0.0003813179245485175
rand,vmf_z,triviality_ami_hubness,whitespace,whitespace,0.00032763404607301854
rand,vmf_z,triviality_n_effective_networks,whitespace,whitespace,50.0
rand,vmf_z,triviality_median_max_membership,whitespace,whitespace,1.0
rand,vmf_z,triviality_frac_confident,whitespace,whitespace,1.0
pnull,current,fidelity_across_halves,wikitext,bookcorpus,0.076723585998521
pnull,current,reliability_across_halves,wikitext,bookcorpus,0.0033414324185328855
rand,current,fidelity_across_halves,wikitext,bookcorpus,0.012944900827211031
rand,current,reliability_across_halves,wikitext,bookcorpus,6.486157386035695e-05
pnull,fisher_pca,fidelity_across_halves,wikitext,bookcorpus,0.08370915880333761
pnull,fisher_pca,reliability_across_halves,wikitext,bookcorpus,0.01754066821739466
rand,fisher_pca,fidelity_across_halves,wikitext,bookcorpus,0.01550925063154924
rand,fisher_pca,reliability_across_halves,wikitext,bookcorpus,-2.270678880251626e-05
pnull,legacy,fidelity_across_halves,wikitext,bookcorpus,0.11420711220561523
pnull,legacy,reliability_across_halves,wikitext,bookcorpus,0.11124622999999514
rand,legacy,fidelity_across_halves,wikitext,bookcorpus,0.011207398475552674
rand,legacy,reliability_across_halves,wikitext,bookcorpus,2.1628930464940763e-05
pnull,nopca_fisher,fidelity_across_halves,wikitext,bookcorpus,0.17111578498510707
pnull,nopca_fisher,reliability_across_halves,wikitext,bookcorpus,0.03148400445016859
rand,nopca_fisher,fidelity_across_halves,wikitext,bookcorpus,0.021666975659438144
rand,nopca_fisher,reliability_across_halves,wikitext,bookcorpus,3.857234703793964e-05
pnull,vmf_profile,fidelity_across_halves,wikitext,bookcorpus,0.05272061576832077
pnull,vmf_profile,reliability_across_halves,wikitext,bookcorpus,-0.00042969558007045815
rand,vmf_profile,fidelity_across_halves,wikitext,bookcorpus,0.017651639819523054
rand,vmf_profile,reliability_across_halves,wikitext,bookcorpus,0.00010651386408430034
pnull,vmf_z,fidelity_across_halves,wikitext,bookcorpus,0.11187796613324173
pnull,vmf_z,reliability_across_halves,wikitext,bookcorpus,0.0036635009565907616
rand,vmf_z,fidelity_across_halves,wikitext,bookcorpus,0.023744292111930958
rand,vmf_z,reliability_across_halves,wikitext,bookcorpus,2.7000913166039315e-05
pnull,current,fidelity_across_halves,wikitext,agnews,0.09162585276582595
pnull,current,reliability_across_halves,wikitext,agnews,0.005026992880406599
rand,current,fidelity_across_halves,wikitext,agnews,0.008830448291357587
rand,current,reliability_across_halves,wikitext,agnews,3.63441918764002e-05
pnull,fisher_pca,fidelity_across_halves,wikitext,agnews,0.10302956365462311
pnull,fisher_pca,reliability_across_halves,wikitext,agnews,0.026577347378907597
rand,fisher_pca,fidelity_across_halves,wikitext,agnews,0.00784333965310582
rand,fisher_pca,reliability_across_halves,wikitext,agnews,1.8244969598323258e-05
pnull,legacy,fidelity_across_halves,wikitext,agnews,0.13546343809859057
pnull,legacy,reliability_across_halves,wikitext,agnews,0.09800125609373665
rand,legacy,fidelity_across_halves,wikitext,agnews,0.007856741529722263
rand,legacy,reliability_across_halves,wikitext,agnews,3.9286226733325545e-05
pnull,nopca_fisher,fidelity_across_halves,wikitext,agnews,0.19700278382567005
pnull,nopca_fisher,reliability_across_halves,wikitext,agnews,0.052300443821430974
rand,nopca_fisher,fidelity_across_halves,wikitext,agnews,0.008321035852101148
rand,nopca_fisher,reliability_across_halves,wikitext,agnews,-5.913516568847447e-05
pnull,vmf_profile,fidelity_across_halves,wikitext,agnews,0.07573703102717003
pnull,vmf_profile,reliability_across_halves,wikitext,agnews,0.0008135155192155032
rand,vmf_profile,fidelity_across_halves,wikitext,agnews,0.010086249039817058
rand,vmf_profile,reliability_across_halves,wikitext,agnews,-5.412525201363964e-05
pnull,vmf_z,fidelity_across_halves,wikitext,agnews,0.08167538516788839
pnull,vmf_z,reliability_across_halves,wikitext,agnews,0.00759747423052474
rand,vmf_z,fidelity_across_halves,wikitext,agnews,0.01871167025887053
rand,vmf_z,reliability_across_halves,wikitext,agnews,3.870726402340811e-05
pnull,current,fidelity_across_halves,wikitext,tldr17,0.08989069264136443
pnull,current,reliability_across_halves,wikitext,tldr17,0.004478909194652736
rand,current,fidelity_across_halves,wikitext,tldr17,0.013935669707152844
rand,current,reliability_across_halves,wikitext,tldr17,-0.00019223671610381926
pnull,fisher_pca,fidelity_across_halves,wikitext,tldr17,0.11018041319948828
pnull,fisher_pca,reliability_across_halves,wikitext,tldr17,0.024586845851571358
rand,fisher_pca,fidelity_across_halves,wikitext,tldr17,0.009323500348693663
rand,fisher_pca,reliability_across_halves,wikitext,tldr17,-2.231074863480593e-06
pnull,legacy,fidelity_across_halves,wikitext,tldr17,0.13750982932516512
pnull,legacy,reliability_across_halves,wikitext,tldr17,0.0997446211355849
rand,legacy,fidelity_across_halves,wikitext,tldr17,0.010102121836471481
rand,legacy,reliability_across_halves,wikitext,tldr17,-2.4830834401733882e-05
pnull,nopca_fisher,fidelity_across_halves,wikitext,tldr17,0.1969177744506422
pnull,nopca_fisher,reliability_across_halves,wikitext,tldr17,0.03542410629105203
rand,nopca_fisher,fidelity_across_halves,wikitext,tldr17,0.012238821658201815
rand,nopca_fisher,reliability_across_halves,wikitext,tldr17,3.0439929922142793e-05
pnull,vmf_profile,fidelity_across_halves,wikitext,tldr17,0.06702867457136291
pnull,vmf_profile,reliability_across_halves,wikitext,tldr17,0.005208841691933146
rand,vmf_profile,fidelity_across_halves,wikitext,tldr17,0.01229514911583561
rand,vmf_profile,reliability_across_halves,wikitext,tldr17,-5.520316894400059e-05
pnull,vmf_z,fidelity_across_halves,wikitext,tldr17,0.07488067030851614
pnull,vmf_z,reliability_across_halves,wikitext,tldr17,0.0008154491798563449
rand,vmf_z,fidelity_across_halves,wikitext,tldr17,0.01800679792212483
rand,vmf_z,reliability_across_halves,wikitext,tldr17,-8.958989160989147e-05
pnull,current,fidelity_across_halves,wikitext,codeparrot,0.044412680001090776
pnull,current,reliability_across_halves,wikitext,codeparrot,0.003647936802823055
rand,current,fidelity_across_halves,wikitext,codeparrot,-0.000911946425484888
rand,current,reliability_across_halves,wikitext,codeparrot,-4.977169674379034e-05
pnull,fisher_pca,fidelity_across_halves,wikitext,codeparrot,0.07860258035777826
pnull,fisher_pca,reliability_across_halves,wikitext,codeparrot,0.017569621320153793
rand,fisher_pca,fidelity_across_halves,wikitext,codeparrot,0.008929651301309476
rand,fisher_pca,reliability_across_halves,wikitext,codeparrot,9.044542795575726e-05
pnull,legacy,fidelity_across_halves,wikitext,codeparrot,0.07953674096156368
pnull,legacy,reliability_across_halves,wikitext,codeparrot,0.026657928572128477
rand,legacy,fidelity_across_halves,wikitext,codeparrot,0.007887331462613181
rand,legacy,reliability_across_halves,wikitext,codeparrot,-4.949163688861742e-06
pnull,nopca_fisher,fidelity_across_halves,wikitext,codeparrot,0.10573713857841877
pnull,nopca_fisher,reliability_across_halves,wikitext,codeparrot,0.010935169654368007
rand,nopca_fisher,fidelity_across_halves,wikitext,codeparrot,-0.0006734682040343119
rand,nopca_fisher,reliability_across_halves,wikitext,codeparrot,-4.9206943333303415e-05
pnull,vmf_profile,fidelity_across_halves,wikitext,codeparrot,0.03725864217548392
pnull,vmf_profile,reliability_across_halves,wikitext,codeparrot,0.0034289210983761173
rand,vmf_profile,fidelity_across_halves,wikitext,codeparrot,0.004550538110511548
rand,vmf_profile,reliability_across_halves,wikitext,codeparrot,-7.494500623280989e-05
pnull,vmf_z,fidelity_across_halves,wikitext,codeparrot,0.06667419165758053
pnull,vmf_z,reliability_across_halves,wikitext,codeparrot,0.0033195146887772804
rand,vmf_z,fidelity_across_halves,wikitext,codeparrot,0.008461642554650055
rand,vmf_z,reliability_across_halves,wikitext,codeparrot,1.9952942909248776e-05
pnull,current,fidelity_across_halves,wikitext,random,0.06799200573067377
pnull,current,reliability_across_halves,wikitext,random,0.005337998078891671
rand,current,fidelity_across_halves,wikitext,random,0.008671212308356288
rand,current,reliability_across_halves,wikitext,random,-8.493166528835482e-05
pnull,fisher_pca,fidelity_across_halves,wikitext,random,0.045420659381181165
pnull,fisher_pca,reliability_across_halves,wikitext,random,0.016835942346731646
rand,fisher_pca,fidelity_across_halves,wikitext,random,0.004367994983887603
rand,fisher_pca,reliability_across_halves,wikitext,random,2.088558797563581e-05
pnull,legacy,fidelity_across_halves,wikitext,random,0.09473620222628826
pnull,legacy,reliability_across_halves,wikitext,random,0.11026738568983373
rand,legacy,fidelity_across_halves,wikitext,random,0.004764154395813969
rand,legacy,reliability_across_halves,wikitext,random,2.5002773514030946e-05
pnull,nopca_fisher,fidelity_across_halves,wikitext,random,0.148650984948451
pnull,nopca_fisher,reliability_across_halves,wikitext,random,0.020258169362898266
rand,nopca_fisher,fidelity_across_halves,wikitext,random,0.0021555006121906253
rand,nopca_fisher,reliability_across_halves,wikitext,random,-6.109104081389758e-05
pnull,vmf_profile,fidelity_across_halves,wikitext,random,0.05995002310778714
pnull,vmf_profile,reliability_across_halves,wikitext,random,0.00860715472529247
rand,vmf_profile,fidelity_across_halves,wikitext,random,0.005816811775629702
rand,vmf_profile,reliability_across_halves,wikitext,random,8.073572190588942e-05
pnull,vmf_z,fidelity_across_halves,wikitext,random,0.10712754189135472
pnull,vmf_z,reliability_across_halves,wikitext,random,0.015240257033375615
rand,vmf_z,fidelity_across_halves,wikitext,random,0.013368831953828044
rand,vmf_z,reliability_across_halves,wikitext,random,-8.174044758028664e-05
pnull,current,fidelity_across_halves,wikitext,whitespace,0.020207014550459895
pnull,current,reliability_across_halves,wikitext,whitespace,0.0022482974632123762
rand,current,fidelity_across_halves,wikitext,whitespace,0.014737662437474647
rand,current,reliability_across_halves,wikitext,whitespace,4.9516194022448246e-05
pnull,fisher_pca,fidelity_across_halves,wikitext,whitespace,-0.029548540591809256
pnull,fisher_pca,reliability_across_halves,wikitext,whitespace,0.018458434754323044
rand,fisher_pca,fidelity_across_halves,wikitext,whitespace,-0.00047614897628026667
rand,fisher_pca,reliability_across_halves,wikitext,whitespace,8.606532135452194e-06
pnull,legacy,fidelity_across_halves,wikitext,whitespace,-0.0019326439896713357
pnull,legacy,reliability_across_halves,wikitext,whitespace,-0.018243007828322527
rand,legacy,fidelity_across_halves,wikitext,whitespace,0.006914295545151884
rand,legacy,reliability_across_halves,wikitext,whitespace,-2.382037715142048e-05
pnull,nopca_fisher,fidelity_across_halves,wikitext,whitespace,0.026378876877551527
pnull,nopca_fisher,reliability_across_halves,wikitext,whitespace,0.004550762440639998
rand,nopca_fisher,fidelity_across_halves,wikitext,whitespace,0.0037227258820002216
rand,nopca_fisher,reliability_across_halves,wikitext,whitespace,-3.959399302577703e-05
pnull,vmf_profile,fidelity_across_halves,wikitext,whitespace,0.03318445241245881
pnull,vmf_profile,reliability_across_halves,wikitext,whitespace,0.0014196183202611185
rand,vmf_profile,fidelity_across_halves,wikitext,whitespace,-0.0024709831662644405
rand,vmf_profile,reliability_across_halves,wikitext,whitespace,0.00012081159725375597
pnull,vmf_z,fidelity_across_halves,wikitext,whitespace,0.02227251045460568
pnull,vmf_z,reliability_across_halves,wikitext,whitespace,0.0011866314227170088
rand,vmf_z,fidelity_across_halves,wikitext,whitespace,0.004223168887840174
rand,vmf_z,reliability_across_halves,wikitext,whitespace,6.140841960723072e-05
pnull,current,fidelity_across_halves,bookcorpus,wikitext,0.07248561048170782
pnull,current,reliability_across_halves,bookcorpus,wikitext,0.004195438110056789
rand,current,fidelity_across_halves,bookcorpus,wikitext,0.012879110337723997
rand,current,reliability_across_halves,bookcorpus,wikitext,-2.0221634304396742e-05
pnull,fisher_pca,fidelity_across_halves,bookcorpus,wikitext,0.08246723250244818
pnull,fisher_pca,reliability_across_halves,bookcorpus,wikitext,0.007970483319640004
rand,fisher_pca,fidelity_across_halves,bookcorpus,wikitext,0.013290239853551622
rand,fisher_pca,reliability_across_halves,bookcorpus,wikitext,6.0549943066402333e-05
pnull,legacy,fidelity_across_halves,bookcorpus,wikitext,0.1338566884160975
pnull,legacy,reliability_across_halves,bookcorpus,wikitext,0.09655344801928069
rand,legacy,fidelity_across_halves,bookcorpus,wikitext,0.01568829743160338
rand,legacy,reliability_across_halves,bookcorpus,wikitext,-3.896824208117726e-05
pnull,nopca_fisher,fidelity_across_halves,bookcorpus,wikitext,0.18508337026975333
pnull,nopca_fisher,reliability_across_halves,bookcorpus,wikitext,0.0229417347119825
rand,nopca_fisher,fidelity_across_halves,bookcorpus,wikitext,0.012415926905217485
rand,nopca_fisher,reliability_across_halves,bookcorpus,wikitext,-4.199874053337205e-05
pnull,vmf_profile,fidelity_across_halves,bookcorpus,wikitext,0.01918514705825738
pnull,vmf_profile,reliability_across_halves,bookcorpus,wikitext,-0.0018369564632679932
rand,vmf_profile,fidelity_across_halves,bookcorpus,wikitext,0.015159148827350376
rand,vmf_profile,reliability_across_halves,bookcorpus,wikitext,6.300400466609933e-05
pnull,vmf_z,fidelity_across_halves,bookcorpus,wikitext,0.09752222869621291
pnull,vmf_z,reliability_across_halves,bookcorpus,wikitext,0.0014893712241452433
rand,vmf_z,fidelity_across_halves,bookcorpus,wikitext,0.015530949397555137
rand,vmf_z,reliability_across_halves,bookcorpus,wikitext,-4.061766078743173e-05
pnull,current,fidelity_across_halves,bookcorpus,agnews,0.07022250354906316
pnull,current,reliability_across_halves,bookcorpus,agnews,0.004488717855392472
rand,current,fidelity_across_halves,bookcorpus,agnews,0.008131072561577603
rand,current,reliability_across_halves,bookcorpus,agnews,-0.0001303214962948118
pnull,fisher_pca,fidelity_across_halves,bookcorpus,agnews,0.06853495034852056
pnull,fisher_pca,reliability_across_halves,bookcorpus,agnews,0.006373781115085294
rand,fisher_pca,fidelity_across_halves,bookcorpus,agnews,0.007679725901061395
rand,fisher_pca,reliability_across_halves,bookcorpus,agnews,0.00012392499185225644
pnull,legacy,fidelity_across_halves,bookcorpus,agnews,0.12943829451576147
pnull,legacy,reliability_across_halves,bookcorpus,agnews,0.09694126327482236
rand,legacy,fidelity_across_halves,bookcorpus,agnews,0.007108534766873719
rand,legacy,reliability_across_halves,bookcorpus,agnews,-1.7416398291036346e-05
pnull,nopca_fisher,fidelity_across_halves,bookcorpus,agnews,0.1864392145243763
pnull,nopca_fisher,reliability_across_halves,bookcorpus,agnews,0.04596803911443018
rand,nopca_fisher,fidelity_across_halves,bookcorpus,agnews,0.008589419854509278
rand,nopca_fisher,reliability_across_halves,bookcorpus,agnews,-5.610467923576943e-05
pnull,vmf_profile,fidelity_across_halves,bookcorpus,agnews,0.011190087654762199
pnull,vmf_profile,reliability_across_halves,bookcorpus,agnews,0.0088519347297553
rand,vmf_profile,fidelity_across_halves,bookcorpus,agnews,0.008420808593661028
rand,vmf_profile,reliability_across_halves,bookcorpus,agnews,-0.0001079135196748416
pnull,vmf_z,fidelity_across_halves,bookcorpus,agnews,0.0940505252618945
pnull,vmf_z,reliability_across_halves,bookcorpus,agnews,0.015053377019613453
rand,vmf_z,fidelity_across_halves,bookcorpus,agnews,0.009808458864777726
rand,vmf_z,reliability_across_halves,bookcorpus,agnews,-6.808184156781764e-05
pnull,current,fidelity_across_halves,bookcorpus,tldr17,0.07509017644849338
pnull,current,reliability_across_halves,bookcorpus,tldr17,0.0032700353454170467
rand,current,fidelity_across_halves,bookcorpus,tldr17,0.012640614740776147
rand,current,reliability_across_halves,bookcorpus,tldr17,-0.00011800127614325679
pnull,fisher_pca,fidelity_across_halves,bookcorpus,tldr17,0.07934597271912186
pnull,fisher_pca,reliability_across_halves,bookcorpus,tldr17,0.009082328350459551
rand,fisher_pca,fidelity_across_halves,bookcorpus,tldr17,0.012994707060592295
rand,fisher_pca,reliability_across_halves,bookcorpus,tldr17,6.562948233269661e-05
pnull,legacy,fidelity_across_halves,bookcorpus,tldr17,0.13714238635980758
pnull,legacy,reliability_across_halves,bookcorpus,tldr17,0.09852304382739446
rand,legacy,fidelity_across_halves,bookcorpus,tldr17,0.009668711354232156
rand,legacy,reliability_across_halves,bookcorpus,tldr17,2.697933323082695e-06
pnull,nopca_fisher,fidelity_across_halves,bookcorpus,tldr17,0.19021372548722632
pnull,nopca_fisher,reliability_across_halves,bookcorpus,tldr17,0.027143339816380126
rand,nopca_fisher,fidelity_across_halves,bookcorpus,tldr17,0.009906226530696057
rand,nopca_fisher,reliability_across_halves,bookcorpus,tldr17,7.892358461486788e-06
pnull,vmf_profile,fidelity_across_halves,bookcorpus,tldr17,0.019908503873094213
pnull,vmf_profile,reliability_across_halves,bookcorpus,tldr17,-0.00382079966299962
rand,vmf_profile,fidelity_across_halves,bookcorpus,tldr17,0.015524539309351222
rand,vmf_profile,reliability_across_halves,bookcorpus,tldr17,1.9780167855420437e-05
pnull,vmf_z,fidelity_across_halves,bookcorpus,tldr17,0.10113165362504052
pnull,vmf_z,reliability_across_halves,bookcorpus,tldr17,0.0007274217918642936
rand,vmf_z,fidelity_across_halves,bookcorpus,tldr17,0.011183748958073496
rand,vmf_z,reliability_across_halves,bookcorpus,tldr17,-0.00010313150465501583
pnull,current,fidelity_across_halves,bookcorpus,codeparrot,0.052960190503621656
pnull,current,reliability_across_halves,bookcorpus,codeparrot,0.0027047035032851585
rand,current,fidelity_across_halves,bookcorpus,codeparrot,0.010725565201279454
rand,current,reliability_across_halves,bookcorpus,codeparrot,3.6624786157501904e-05
pnull,fisher_pca,fidelity_across_halves,bookcorpus,codeparrot,0.05976223929191553
pnull,fisher_pca,reliability_across_halves,bookcorpus,codeparrot,0.010142730258318033
rand,fisher_pca,fidelity_across_halves,bookcorpus,codeparrot,0.00216774360603252
rand,fisher_pca,reliability_across_halves,bookcorpus,codeparrot,-9.226985332616409e-05
pnull,legacy,fidelity_across_halves,bookcorpus,codeparrot,0.08305389089502593
pnull,legacy,reliability_across_halves,bookcorpus,codeparrot,0.04817910091364286
rand,legacy,fidelity_across_halves,bookcorpus,codeparrot,-0.00020726822852468646
rand,legacy,reliability_across_halves,bookcorpus,codeparrot,6.527826393537774e-05
pnull,nopca_fisher,fidelity_across_halves,bookcorpus,codeparrot,0.1063638339324509
pnull,nopca_fisher,reliability_across_halves,bookcorpus,codeparrot,0.011890027844435509
rand,nopca_fisher,fidelity_across_halves,bookcorpus,codeparrot,-0.00670526272340138
rand,nopca_fisher,reliability_across_halves,bookcorpus,codeparrot,-5.34862221165623e-06
pnull,vmf_profile,fidelity_across_halves,bookcorpus,codeparrot,0.019098087356108472
pnull,vmf_profile,reliability_across_halves,bookcorpus,codeparrot,0.004519542573862904
rand,vmf_profile,fidelity_across_halves,bookcorpus,codeparrot,-0.0035045304478753783
rand,vmf_profile,reliability_across_halves,bookcorpus,codeparrot,1.323419451988147e-05
pnull,vmf_z,fidelity_across_halves,bookcorpus,codeparrot,0.09969398574682987
pnull,vmf_z,reliability_across_halves,bookcorpus,codeparrot,0.004775570838513747
rand,vmf_z,fidelity_across_halves,bookcorpus,codeparrot,0.0009440263437947108
rand,vmf_z,reliability_across_halves,bookcorpus,codeparrot,0.00019472605187409258
pnull,current,fidelity_across_halves,bookcorpus,random,0.057393355707014294
pnull,current,reliability_across_halves,bookcorpus,random,0.005211374293518785
rand,current,fidelity_across_halves,bookcorpus,random,0.004321659018652256
rand,current,reliability_across_halves,bookcorpus,random,9.786167358080096e-06
pnull,fisher_pca,fidelity_across_halves,bookcorpus,random,0.038366475911606496
pnull,fisher_pca,reliability_across_halves,bookcorpus,random,0.007691870238949323
rand,fisher_pca,fidelity_across_halves,bookcorpus,random,0.005556599376201534
rand,fisher_pca,reliability_across_halves,bookcorpus,random,-4.971852944241007e-05
pnull,legacy,fidelity_across_halves,bookcorpus,random,0.09595698939949132
pnull,legacy,reliability_across_halves,bookcorpus,random,0.09990901844181208
rand,legacy,fidelity_across_halves,bookcorpus,random,0.0030663068947225135
rand,legacy,reliability_across_halves,bookcorpus,random,5.082288236642504e-05
pnull,nopca_fisher,fidelity_across_halves,bookcorpus,random,0.1478809261487378
pnull,nopca_fisher,reliability_across_halves,bookcorpus,random,0.031258256693672014
rand,nopca_fisher,fidelity_across_halves,bookcorpus,random,0.002735680870442042
rand,nopca_fisher,reliability_across_halves,bookcorpus,random,-4.861015827908722e-05
pnull,vmf_profile,fidelity_across_halves,bookcorpus,random,0.006226590740028069
pnull,vmf_profile,reliability_across_halves,bookcorpus,random,0.015361849595187224
rand,vmf_profile,fidelity_across_halves,bookcorpus,random,0.008529394297694642
rand,vmf_profile,reliability_across_halves,bookcorpus,random,9.451667806952376e-05
pnull,vmf_z,fidelity_across_halves,bookcorpus,random,0.12211119018669035
pnull,vmf_z,reliability_across_halves,bookcorpus,random,0.03157414138919123
rand,vmf_z,fidelity_across_halves,bookcorpus,random,0.00172931100035375
rand,vmf_z,reliability_across_halves,bookcorpus,random,8.938242888110812e-05
pnull,current,fidelity_across_halves,bookcorpus,whitespace,0.02659111686428501
pnull,current,reliability_across_halves,bookcorpus,whitespace,0.0029088542102121413
rand,current,fidelity_across_halves,bookcorpus,whitespace,0.0015493042148543735
rand,current,reliability_across_halves,bookcorpus,whitespace,2.182383546194443e-05
pnull,fisher_pca,fidelity_across_halves,bookcorpus,whitespace,-0.008840263938911005
pnull,fisher_pca,reliability_across_halves,bookcorpus,whitespace,0.021743816962307316
rand,fisher_pca,fidelity_across_halves,bookcorpus,whitespace,0.0004774055104176088
rand,fisher_pca,reliability_across_halves,bookcorpus,whitespace,4.852118148582735e-05
pnull,legacy,fidelity_across_halves,bookcorpus,whitespace,0.01735642604027931
pnull,legacy,reliability_across_halves,bookcorpus,whitespace,-0.014329930746120304
rand,legacy,fidelity_across_halves,bookcorpus,whitespace,0.00394528614178403
rand,legacy,reliability_across_halves,bookcorpus,whitespace,-4.410511389190892e-05
pnull,nopca_fisher,fidelity_across_halves,bookcorpus,whitespace,0.04426109712038127
pnull,nopca_fisher,reliability_across_halves,bookcorpus,whitespace,0.006330426260240509
rand,nopca_fisher,fidelity_across_halves,bookcorpus,whitespace,-0.0002132604240832786
rand,nopca_fisher,reliability_across_halves,bookcorpus,whitespace,-8.322283614750801e-05
pnull,vmf_profile,fidelity_across_halves,bookcorpus,whitespace,-0.0003776863435636003
pnull,vmf_profile,reliability_across_halves,bookcorpus,whitespace,-0.0004972140483608012
rand,vmf_profile,fidelity_across_halves,bookcorpus,whitespace,0.003181027133342898
rand,vmf_profile,reliability_across_halves,bookcorpus,whitespace,6.541720985874063e-05
pnull,vmf_z,fidelity_across_halves,bookcorpus,whitespace,0.022655093822727936
pnull,vmf_z,reliability_across_halves,bookcorpus,whitespace,0.0007207431780588133
rand,vmf_z,fidelity_across_halves,bookcorpus,whitespace,-0.002546995889661163
rand,vmf_z,reliability_across_halves,bookcorpus,whitespace,-1.0781442726291551e-05
pnull,current,fidelity_across_halves,agnews,wikitext,0.074096527033708
pnull,current,reliability_across_halves,agnews,wikitext,0.005963387547111943
rand,current,fidelity_across_halves,agnews,wikitext,0.012670776514856283
rand,current,reliability_across_halves,agnews,wikitext,5.289398843295143e-05
pnull,fisher_pca,fidelity_across_halves,agnews,wikitext,0.0923352161469109
pnull,fisher_pca,reliability_across_halves,agnews,wikitext,0.02283865586919738
rand,fisher_pca,fidelity_across_halves,agnews,wikitext,0.013197244498680889
rand,fisher_pca,reliability_across_halves,agnews,wikitext,3.0648247591373986e-05
pnull,legacy,fidelity_across_halves,agnews,wikitext,0.12897321566845985
pnull,legacy,reliability_across_halves,agnews,wikitext,0.09650724781755464
rand,legacy,fidelity_across_halves,agnews,wikitext,0.011460939629352353
rand,legacy,reliability_across_halves,agnews,wikitext,-5.0394407839255896e-05
pnull,nopca_fisher,fidelity_across_halves,agnews,wikitext,0.17520651708875914
pnull,nopca_fisher,reliability_across_halves,agnews,wikitext,0.04699463535379463
rand,nopca_fisher,fidelity_across_halves,agnews,wikitext,0.00972583094163126
rand,nopca_fisher,reliability_across_halves,agnews,wikitext,6.950312260378926e-05
pnull,vmf_profile,fidelity_across_halves,agnews,wikitext,0.026679102669298772
pnull,vmf_profile,reliability_across_halves,agnews,wikitext,0.0009675270837704685
rand,vmf_profile,fidelity_across_halves,agnews,wikitext,0.010900569086886617
rand,vmf_profile,reliability_across_halves,agnews,wikitext,5.876441979725628e-06
pnull,vmf_z,fidelity_across_halves,agnews,wikitext,0.09934417979458239
pnull,vmf_z,reliability_across_halves,agnews,wikitext,0.008896841593526363
rand,vmf_z,fidelity_across_halves,agnews,wikitext,0.021774773477361932
rand,vmf_z,reliability_across_halves,agnews,wikitext,2.6167614183320977e-05
pnull,current,fidelity_across_halves,agnews,bookcorpus,0.06655942600236217
pnull,current,reliability_across_halves,agnews,bookcorpus,0.004342116177859102
rand,current,fidelity_across_halves,agnews,bookcorpus,0.008333788964327965
rand,current,reliability_across_halves,agnews,bookcorpus,-2.7777223653779336e-06
pnull,fisher_pca,fidelity_across_halves,agnews,bookcorpus,0.0728440882933955
pnull,fisher_pca,reliability_across_halves,agnews,bookcorpus,0.01891957140846047
rand,fisher_pca,fidelity_across_halves,agnews,bookcorpus,0.016616048415993595
rand,fisher_pca,reliability_across_halves,agnews,bookcorpus,-7.1074178803988e-05
pnull,legacy,fidelity_across_halves,agnews,bookcorpus,0.11237259095837629
pnull,legacy,reliability_across_halves,agnews,bookcorpus,0.10942170089945374
rand,legacy,fidelity_across_halves,agnews,bookcorpus,0.007803065888334845
rand,legacy,reliability_across_halves,agnews,bookcorpus,-5.342886531740251e-06
pnull,nopca_fisher,fidelity_across_halves,agnews,bookcorpus,0.15790085250075248
pnull,nopca_fisher,reliability_across_halves,agnews,bookcorpus,0.048477969070119906
rand,nopca_fisher,fidelity_across_halves,agnews,bookcorpus,0.005551380874918846
rand,nopca_fisher,reliability_across_halves,agnews,bookcorpus,-2.4698436616241635e-05
pnull,vmf_profile,fidelity_across_halves,agnews,bookcorpus,0.023591908916551784
pnull,vmf_profile,reliability_across_halves,agnews,bookcorpus,0.00953187494019423
rand,vmf_profile,fidelity_across_halves,agnews,bookcorpus,0.006572165921571582
rand,vmf_profile,reliability_across_halves,agnews,bookcorpus,-0.00010905616266430222
pnull,vmf_z,fidelity_across_halves,agnews,bookcorpus,0.12851115010275008
pnull,vmf_z,reliability_across_halves,agnews,bookcorpus,0.01566553769835082
rand,vmf_z,fidelity_across_halves,agnews,bookcorpus,0.015024002008233055
rand,vmf_z,reliability_across_halves,agnews,bookcorpus,0.00011172433003128114
pnull,current,fidelity_across_halves,agnews,tldr17,0.07792661465020104
pnull,current,reliability_across_halves,agnews,tldr17,0.004505253667547187
rand,current,fidelity_across_halves,agnews,tldr17,0.014074804302413587
rand,current,reliability_across_halves,agnews,tldr17,5.800846210974717e-05
pnull,fisher_pca,fidelity_across_halves,agnews,tldr17,0.09090270794290288
pnull,fisher_pca,reliability_across_halves,agnews,tldr17,0.02129427960293785
rand,fisher_pca,fidelity_across_halves,agnews,tldr17,0.014504960501770425
rand,fisher_pca,reliability_across_halves,agnews,tldr17,-1.7647719522972567e-05
pnull,legacy,fidelity_across_halves,agnews,tldr17,0.13187952079592596
pnull,legacy,reliability_across_halves,agnews,tldr17,0.09216529661351001
rand,legacy,fidelity_across_halves,agnews,tldr17,0.013150149448228813
rand,legacy,reliability_across_halves,agnews,tldr17,3.156418416346383e-05
pnull,nopca_fisher,fidelity_across_halves,agnews,tldr17,0.17867317950539927
pnull,nopca_fisher,reliability_across_halves,agnews,tldr17,0.036494326997613805
rand,nopca_fisher,fidelity_across_halves,agnews,tldr17,0.010277758194592118
rand,nopca_fisher,reliability_across_halves,agnews,tldr17,-3.2213740708454456e-05
pnull,vmf_profile,fidelity_across_halves,agnews,tldr17,0.026588135534661994
pnull,vmf_profile,reliability_across_halves,agnews,tldr17,-0.002774786850668015
rand,vmf_profile,fidelity_across_halves,agnews,tldr17,0.008984817680252239
rand,vmf_profile,reliability_across_halves,agnews,tldr17,-0.00011958274583946744
pnull,vmf_z,fidelity_across_halves,agnews,tldr17,0.10259121976777569
pnull,vmf_z,reliability_across_halves,agnews,tldr17,0.00309040318653892
rand,vmf_z,fidelity_across_halves,agnews,tldr17,0.021286221952737085
rand,vmf_z,reliability_across_halves,agnews,tldr17,-1.566076677801301e-05
pnull,current,fidelity_across_halves,agnews,codeparrot,0.02781856560514889
pnull,current,reliability_across_halves,agnews,codeparrot,0.003305153065899311
rand,current,fidelity_across_halves,agnews,codeparrot,0.01254338562411916
rand,current,reliability_across_halves,agnews,codeparrot,-0.0001028657378678272
pnull,fisher_pca,fidelity_across_halves,agnews,codeparrot,0.04272671185270183
pnull,fisher_pca,reliability_across_halves,agnews,codeparrot,0.020744160674625783
rand,fisher_pca,fidelity_across_halves,agnews,codeparrot,0.00575950896104434
rand,fisher_pca,reliability_across_halves,agnews,codeparrot,3.8582061703892414e-05
pnull,legacy,fidelity_across_halves,agnews,codeparrot,0.05362227678049171
pnull,legacy,reliability_across_halves,agnews,codeparrot,0.031607349302560726
rand,legacy,fidelity_across_halves,agnews,codeparrot,0.00793461713974166
rand,legacy,reliability_across_halves,agnews,codeparrot,-6.463199366196731e-05
pnull,nopca_fisher,fidelity_across_halves,agnews,codeparrot,0.08258642136868025
pnull,nopca_fisher,reliability_across_halves,agnews,codeparrot,0.021024737211785896
rand,nopca_fisher,fidelity_across_halves,agnews,codeparrot,0.01181343406952698
rand,nopca_fisher,reliability_across_halves,agnews,codeparrot,4.30959682792474e-05
pnull,vmf_profile,fidelity_across_halves,agnews,codeparrot,0.010953978679648499
pnull,vmf_profile,reliability_across_halves,agnews,codeparrot,0.009999985025233318
rand,vmf_profile,fidelity_across_halves,agnews,codeparrot,0.00508523440753573
rand,vmf_profile,reliability_across_halves,agnews,codeparrot,-0.00014963874954385115
pnull,vmf_z,fidelity_across_halves,agnews,codeparrot,0.10401524053745276
pnull,vmf_z,reliability_across_halves,agnews,codeparrot,0.005661901916171901
rand,vmf_z,fidelity_across_halves,agnews,codeparrot,0.02756978168715328
rand,vmf_z,reliability_across_halves,agnews,codeparrot,-5.577727726364706e-06
pnull,current,fidelity_across_halves,agnews,random,0.0920814502946181
pnull,current,reliability_across_halves,agnews,random,0.0077405216308825695
rand,current,fidelity_across_halves,agnews,random,0.00954787978701207
rand,current,reliability_across_halves,agnews,random,-0.0002589158094736835
pnull,fisher_pca,fidelity_across_halves,agnews,random,0.07749521024985673
pnull,fisher_pca,reliability_across_halves,agnews,random,0.007556103616751124
rand,fisher_pca,fidelity_across_halves,agnews,random,0.01096195301188535
rand,fisher_pca,reliability_across_halves,agnews,random,-4.325556817673052e-06
pnull,legacy,fidelity_across_halves,agnews,random,0.11749424455073293
pnull,legacy,reliability_across_halves,agnews,random,0.11057456213775162
rand,legacy,fidelity_across_halves,agnews,random,0.007104741620206123
rand,legacy,reliability_across_halves,agnews,random,3.1787819177252364e-05
pnull,nopca_fisher,fidelity_across_halves,agnews,random,0.155581712867079
pnull,nopca_fisher,reliability_across_halves,agnews,random,0.05698865358934832
rand,nopca_fisher,fidelity_across_halves,agnews,random,0.0052862664343854004
rand,nopca_fisher,reliability_across_halves,agnews,random,-1.9638819846447957e-05
pnull,vmf_profile,fidelity_across_halves,agnews,random,0.04575928291698318
pnull,vmf_profile,reliability_across_halves,agnews,random,0.025378419157021034
rand,vmf_profile,fidelity_across_halves,agnews,random,0.005758778904603178
rand,vmf_profile,reliability_across_halves,agnews,random,-0.00018826984746345545
pnull,vmf_z,fidelity_across_halves,agnews,random,0.15355904943294407
pnull,vmf_z,reliability_across_halves,agnews,random,0.04317489091170035
rand,vmf_z,fidelity_across_halves,agnews,random,0.017690818959930115
rand,vmf_z,reliability_across_halves,agnews,random,-0.00013617362645780166
pnull,current,fidelity_across_halves,agnews,whitespace,0.05185638858694877
pnull,current,reliability_across_halves,agnews,whitespace,0.003439620767947988
rand,current,fidelity_across_halves,agnews,whitespace,0.002015802405531356
rand,current,reliability_across_halves,agnews,whitespace,0.00018619811632683678
pnull,fisher_pca,fidelity_across_halves,agnews,whitespace,0.03210434517930972
pnull,fisher_pca,reliability_across_halves,agnews,whitespace,0.02225959113004482
rand,fisher_pca,fidelity_across_halves,agnews,whitespace,0.006836391722476149
rand,fisher_pca,reliability_across_halves,agnews,whitespace,-2.5381267306889636e-06
pnull,legacy,fidelity_across_halves,agnews,whitespace,0.017040223562295377
pnull,legacy,reliability_across_halves,agnews,whitespace,-0.01785787941345777
rand,legacy,fidelity_across_halves,agnews,whitespace,0.006951420396813123
rand,legacy,reliability_across_halves,agnews,whitespace,-1.4797999680924345e-05
pnull,nopca_fisher,fidelity_across_halves,agnews,whitespace,0.030468293784168158
pnull,nopca_fisher,reliability_across_halves,agnews,whitespace,0.012658133114289979
rand,nopca_fisher,fidelity_across_halves,agnews,whitespace,-0.0011556964138263973
rand,nopca_fisher,reliability_across_halves,agnews,whitespace,-6.92925729787259e-05
pnull,vmf_profile,fidelity_across_halves,agnews,whitespace,0.06928222139386055
pnull,vmf_profile,reliability_across_halves,agnews,whitespace,-0.0004625063157096503
rand,vmf_profile,fidelity_across_halves,agnews,whitespace,-0.005199921695361
rand,vmf_profile,reliability_across_halves,agnews,whitespace,4.823015404843446e-05
pnull,vmf_z,fidelity_across_halves,agnews,whitespace,0.03138374744021818
pnull,vmf_z,reliability_across_halves,agnews,whitespace,0.0014375943254517408
rand,vmf_z,fidelity_across_halves,agnews,whitespace,0.00019229119424229806
rand,vmf_z,reliability_across_halves,agnews,whitespace,-8.848066292432894e-05
pnull,current,fidelity_across_halves,tldr17,wikitext,0.09273660592757413
pnull,current,reliability_across_halves,tldr17,wikitext,0.003245158308438782
rand,current,fidelity_across_halves,tldr17,wikitext,0.013729606479585198
rand,current,reliability_across_halves,tldr17,wikitext,-1.3187536795980365e-05
pnull,fisher_pca,fidelity_across_halves,tldr17,wikitext,0.11340871627998352
pnull,fisher_pca,reliability_across_halves,tldr17,wikitext,0.022003631515608718
rand,fisher_pca,fidelity_across_halves,tldr17,wikitext,0.011599130671574831
rand,fisher_pca,reliability_across_halves,tldr17,wikitext,2.7628770288504345e-05
pnull,legacy,fidelity_across_halves,tldr17,wikitext,0.1431091880787831
pnull,legacy,reliability_across_halves,tldr17,wikitext,0.09030903013745098
rand,legacy,fidelity_across_halves,tldr17,wikitext,0.01543978545442894
rand,legacy,reliability_across_halves,tldr17,wikitext,-5.346466357778735e-05
pnull,nopca_fisher,fidelity_across_halves,tldr17,wikitext,0.20077619180335038
pnull,nopca_fisher,reliability_across_halves,tldr17,wikitext,0.03236544847053109
rand,nopca_fisher,fidelity_across_halves,tldr17,wikitext,0.018125170582955017
rand,nopca_fisher,reliability_across_halves,tldr17,wikitext,2.1510114791549207e-05
pnull,vmf_profile,fidelity_across_halves,tldr17,wikitext,0.08218975679501797
pnull,vmf_profile,reliability_across_halves,tldr17,wikitext,0.020528160169555366
rand,vmf_profile,fidelity_across_halves,tldr17,wikitext,0.012157454263559153
rand,vmf_profile,reliability_across_halves,tldr17,wikitext,-2.733044683486888e-05
pnull,vmf_z,fidelity_across_halves,tldr17,wikitext,0.0754916516396385
pnull,vmf_z,reliability_across_halves,tldr17,wikitext,0.004886715363156069
rand,vmf_z,fidelity_across_halves,tldr17,wikitext,0.022578212552378414
rand,vmf_z,reliability_across_halves,tldr17,wikitext,-5.307995892161096e-06
pnull,current,fidelity_across_halves,tldr17,bookcorpus,0.08241564348882278
pnull,current,reliability_across_halves,tldr17,bookcorpus,0.0026932448279152017
rand,current,fidelity_across_halves,tldr17,bookcorpus,0.009916647519054194
rand,current,reliability_across_halves,tldr17,bookcorpus,2.7320713129251657e-05
pnull,fisher_pca,fidelity_across_halves,tldr17,bookcorpus,0.08115855878785598
pnull,fisher_pca,reliability_across_halves,tldr17,bookcorpus,0.018462636442648443
rand,fisher_pca,fidelity_across_halves,tldr17,bookcorpus,0.010962794533168748
rand,fisher_pca,reliability_across_halves,tldr17,bookcorpus,-1.9475962999099404e-06
pnull,legacy,fidelity_across_halves,tldr17,bookcorpus,0.11928885727477166
pnull,legacy,reliability_across_halves,tldr17,bookcorpus,0.10526512844905736
rand,legacy,fidelity_across_halves,tldr17,bookcorpus,0.015917869744862964
rand,legacy,reliability_across_halves,tldr17,bookcorpus,-7.948719779137986e-06
pnull,nopca_fisher,fidelity_across_halves,tldr17,bookcorpus,0.17019925784487575
pnull,nopca_fisher,reliability_across_halves,tldr17,bookcorpus,0.023481577887921
rand,nopca_fisher,fidelity_across_halves,tldr17,bookcorpus,0.019575912882123073
rand,nopca_fisher,reliability_across_halves,tldr17,bookcorpus,2.10063132921503e-05
pnull,vmf_profile,fidelity_across_halves,tldr17,bookcorpus,0.058026887219229245
pnull,vmf_profile,reliability_across_halves,tldr17,bookcorpus,0.0005681133727943181
rand,vmf_profile,fidelity_across_halves,tldr17,bookcorpus,0.011493577321630982
rand,vmf_profile,reliability_across_halves,tldr17,bookcorpus,-7.088284450983381e-06
pnull,vmf_z,fidelity_across_halves,tldr17,bookcorpus,0.11276083942687003
pnull,vmf_z,reliability_across_halves,tldr17,bookcorpus,0.006641922856313119
rand,vmf_z,fidelity_across_halves,tldr17,bookcorpus,0.019345966149674914
rand,vmf_z,reliability_across_halves,tldr17,bookcorpus,-0.00011506567551847457
pnull,current,fidelity_across_halves,tldr17,agnews,0.09406914594761898
pnull,current,reliability_across_halves,tldr17,agnews,0.003735022752724683
rand,current,fidelity_across_halves,tldr17,agnews,0.008308831302467234
rand,current,reliability_across_halves,tldr17,agnews,0.00011109354082202115
pnull,fisher_pca,fidelity_across_halves,tldr17,agnews,0.09789001264795999
pnull,fisher_pca,reliability_across_halves,tldr17,agnews,0.020012854725546647
rand,fisher_pca,fidelity_across_halves,tldr17,agnews,0.010710378681620504
rand,fisher_pca,reliability_across_halves,tldr17,agnews,-4.969851511389851e-05
pnull,legacy,fidelity_across_halves,tldr17,agnews,0.13436518957796223
pnull,legacy,reliability_across_halves,tldr17,agnews,0.08732044798573971
rand,legacy,fidelity_across_halves,tldr17,agnews,0.014037865674726745
rand,legacy,reliability_across_halves,tldr17,agnews,-3.5432912246418334e-05
pnull,nopca_fisher,fidelity_across_halves,tldr17,agnews,0.19457971980824693
pnull,nopca_fisher,reliability_across_halves,tldr17,agnews,0.03501905950150504
rand,nopca_fisher,fidelity_across_halves,tldr17,agnews,0.011374517906474995
rand,nopca_fisher,reliability_across_halves,tldr17,agnews,-3.113689920542374e-05
pnull,vmf_profile,fidelity_across_halves,tldr17,agnews,0.0735650444399383
pnull,vmf_profile,reliability_across_halves,tldr17,agnews,0.006536994392499119
rand,vmf_profile,fidelity_across_halves,tldr17,agnews,0.011721632064664438
rand,vmf_profile,reliability_across_halves,tldr17,agnews,2.0044706361484074e-05
pnull,vmf_z,fidelity_across_halves,tldr17,agnews,0.0825301808055612
pnull,vmf_z,reliability_across_halves,tldr17,agnews,0.007284926904607438
rand,vmf_z,fidelity_across_halves,tldr17,agnews,0.016356063637843064
rand,vmf_z,reliability_across_halves,tldr17,agnews,3.2633336873803196e-05
pnull,current,fidelity_across_halves,tldr17,codeparrot,0.05414594188528365
pnull,current,reliability_across_halves,tldr17,codeparrot,0.003068625997654919
rand,current,fidelity_across_halves,tldr17,codeparrot,0.005305351149263238
rand,current,reliability_across_halves,tldr17,codeparrot,-0.0001364117482465024
pnull,fisher_pca,fidelity_across_halves,tldr17,codeparrot,0.066891238136058
pnull,fisher_pca,reliability_across_halves,tldr17,codeparrot,0.019174923688389953
rand,fisher_pca,fidelity_across_halves,tldr17,codeparrot,0.010399204085935277
rand,fisher_pca,reliability_across_halves,tldr17,codeparrot,8.963605418556198e-05
pnull,legacy,fidelity_across_halves,tldr17,codeparrot,0.08978352634024264
pnull,legacy,reliability_across_halves,tldr17,codeparrot,0.035393698607294896
rand,legacy,fidelity_across_halves,tldr17,codeparrot,0.013755758721510965
rand,legacy,reliability_across_halves,tldr17,codeparrot,8.404444912243962e-05
pnull,nopca_fisher,fidelity_across_halves,tldr17,codeparrot,0.1167792238555407
pnull,nopca_fisher,reliability_across_halves,tldr17,codeparrot,0.008891634333601203
rand,nopca_fisher,fidelity_across_halves,tldr17,codeparrot,0.02308723051009674
rand,nopca_fisher,reliability_across_halves,tldr17,codeparrot,-3.731725532004356e-05
pnull,vmf_profile,fidelity_across_halves,tldr17,codeparrot,0.05018972890976416
pnull,vmf_profile,reliability_across_halves,tldr17,codeparrot,0.004939077914394198
rand,vmf_profile,fidelity_across_halves,tldr17,codeparrot,0.009869305190967351
rand,vmf_profile,reliability_across_halves,tldr17,codeparrot,0.00011966899450887546
pnull,vmf_z,fidelity_across_halves,tldr17,codeparrot,0.07916976113616088
pnull,vmf_z,reliability_across_halves,tldr17,codeparrot,0.004989787429143579
rand,vmf_z,fidelity_across_halves,tldr17,codeparrot,0.022502590112198823
rand,vmf_z,reliability_across_halves,tldr17,codeparrot,5.619373414119997e-05
pnull,current,fidelity_across_halves,tldr17,random,0.07168395637376554
pnull,current,reliability_across_halves,tldr17,random,0.003009638669972164
rand,current,fidelity_across_halves,tldr17,random,0.003118826614028205
rand,current,reliability_across_halves,tldr17,random,8.147780085100387e-05
pnull,fisher_pca,fidelity_across_halves,tldr17,random,0.048287667286266434
pnull,fisher_pca,reliability_across_halves,tldr17,random,0.01643008653481526
rand,fisher_pca,fidelity_across_halves,tldr17,random,0.0022953870725039758
rand,fisher_pca,reliability_across_halves,tldr17,random,1.9513165826522813e-05
pnull,legacy,fidelity_across_halves,tldr17,random,0.09136850079474174
pnull,legacy,reliability_across_halves,tldr17,random,0.10731687812553843
rand,legacy,fidelity_across_halves,tldr17,random,0.003426848709690781
rand,legacy,reliability_across_halves,tldr17,random,4.158487193020619e-05
pnull,nopca_fisher,fidelity_across_halves,tldr17,random,0.13747387592443702
pnull,nopca_fisher,reliability_across_halves,tldr17,random,0.01498493155008829
rand,nopca_fisher,fidelity_across_halves,tldr17,random,0.005324347744198991
rand,nopca_fisher,reliability_across_halves,tldr17,random,6.796334565165415e-07
pnull,vmf_profile,fidelity_across_halves,tldr17,random,0.040469072171521535
pnull,vmf_profile,reliability_across_halves,tldr17,random,0.005040056160554769
rand,vmf_profile,fidelity_across_halves,tldr17,random,0.0025178986587972192
rand,vmf_profile,reliability_across_halves,tldr17,random,-2.7886798351069966e-05
pnull,vmf_z,fidelity_across_halves,tldr17,random,0.10708900341887323
pnull,vmf_z,reliability_across_halves,tldr17,random,0.012844238658352113
rand,vmf_z,fidelity_across_halves,tldr17,random,0.009676552496256615
rand,vmf_z,reliability_across_halves,tldr17,random,-3.766247903885121e-06
pnull,current,fidelity_across_halves,tldr17,whitespace,0.02528332353449908
pnull,current,reliability_across_halves,tldr17,whitespace,0.0017044118949005411
rand,current,fidelity_across_halves,tldr17,whitespace,-0.0005105043910015898
rand,current,reliability_across_halves,tldr17,whitespace,3.0160751007985078e-05
pnull,fisher_pca,fidelity_across_halves,tldr17,whitespace,-0.02565454247549216
pnull,fisher_pca,reliability_across_halves,tldr17,whitespace,0.018123603523904765
rand,fisher_pca,fidelity_across_halves,tldr17,whitespace,-0.008307664056107828
rand,fisher_pca,reliability_across_halves,tldr17,whitespace,5.281918061809058e-05
pnull,legacy,fidelity_across_halves,tldr17,whitespace,0.007069204626423435
pnull,legacy,reliability_across_halves,tldr17,whitespace,-0.011598282040976618
rand,legacy,fidelity_across_halves,tldr17,whitespace,0.0037559236206229168
rand,legacy,reliability_across_halves,tldr17,whitespace,-9.209647704677076e-06
pnull,nopca_fisher,fidelity_across_halves,tldr17,whitespace,0.015303303698464655
pnull,nopca_fisher,reliability_across_halves,tldr17,whitespace,0.004940189902991234
rand,nopca_fisher,fidelity_across_halves,tldr17,whitespace,0.0006084814222390038
rand,nopca_fisher,reliability_across_halves,tldr17,whitespace,1.0358956906602945e-05
pnull,vmf_profile,fidelity_across_halves,tldr17,whitespace,-0.002156930818145457
pnull,vmf_profile,reliability_across_halves,tldr17,whitespace,0.004198610031373699
rand,vmf_profile,fidelity_across_halves,tldr17,whitespace,0.0025472400454113666
rand,vmf_profile,reliability_across_halves,tldr17,whitespace,-2.553694091212839e-05
pnull,vmf_z,fidelity_across_halves,tldr17,whitespace,0.028949774125360365
pnull,vmf_z,reliability_across_halves,tldr17,whitespace,0.0012521064414617075
rand,vmf_z,fidelity_across_halves,tldr17,whitespace,-0.0036416091716205243
rand,vmf_z,reliability_across_halves,tldr17,whitespace,-6.77702968242968e-05
pnull,current,fidelity_across_halves,codeparrot,wikitext,0.013466263413003013
pnull,current,reliability_across_halves,codeparrot,wikitext,0.003941385200476373
rand,current,fidelity_across_halves,codeparrot,wikitext,0.0019954510762862556
rand,current,reliability_across_halves,codeparrot,wikitext,0.00015167619170595667
pnull,fisher_pca,fidelity_across_halves,codeparrot,wikitext,0.01462966226472418
pnull,fisher_pca,reliability_across_halves,codeparrot,wikitext,0.016357519566528294
rand,fisher_pca,fidelity_across_halves,codeparrot,wikitext,0.003940007551381765
rand,fisher_pca,reliability_across_halves,codeparrot,wikitext,-8.685858055140343e-07
pnull,legacy,fidelity_across_halves,codeparrot,wikitext,0.0211799593365392
pnull,legacy,reliability_across_halves,codeparrot,wikitext,0.0313632842356885
rand,legacy,fidelity_across_halves,codeparrot,wikitext,0.0026123060488832694
rand,legacy,reliability_across_halves,codeparrot,wikitext,-1.5159699478069177e-05
pnull,nopca_fisher,fidelity_across_halves,codeparrot,wikitext,0.09229439903218901
pnull,nopca_fisher,reliability_across_halves,codeparrot,wikitext,0.009407892775665672
rand,nopca_fisher,fidelity_across_halves,codeparrot,wikitext,-0.001144518712002234
rand,nopca_fisher,reliability_across_halves,codeparrot,wikitext,4.330496095084242e-05
pnull,vmf_profile,fidelity_across_halves,codeparrot,wikitext,-0.006424844319293223
pnull,vmf_profile,reliability_across_halves,codeparrot,wikitext,0.0029004290381793984
rand,vmf_profile,fidelity_across_halves,codeparrot,wikitext,0.003880179960255103
rand,vmf_profile,reliability_across_halves,codeparrot,wikitext,2.279250983207018e-05
pnull,vmf_z,fidelity_across_halves,codeparrot,wikitext,0.05423430214022665
pnull,vmf_z,reliability_across_halves,codeparrot,wikitext,0.004125895009280515
rand,vmf_z,fidelity_across_halves,codeparrot,wikitext,0.008651874998121667
rand,vmf_z,reliability_across_halves,codeparrot,wikitext,-7.017091784048003e-05
pnull,current,fidelity_across_halves,codeparrot,bookcorpus,0.01971448524632286
pnull,current,reliability_across_halves,codeparrot,bookcorpus,0.002968985405760773
rand,current,fidelity_across_halves,codeparrot,bookcorpus,0.001449226756261393
rand,current,reliability_across_halves,codeparrot,bookcorpus,-3.9277764231982965e-05
pnull,fisher_pca,fidelity_across_halves,codeparrot,bookcorpus,0.023868664189687864
pnull,fisher_pca,reliability_across_halves,codeparrot,bookcorpus,0.020469004230472907
rand,fisher_pca,fidelity_across_halves,codeparrot,bookcorpus,0.0057318085628870405
rand,fisher_pca,reliability_across_halves,codeparrot,bookcorpus,7.978556687332996e-05
pnull,legacy,fidelity_across_halves,codeparrot,bookcorpus,0.0316946974526093
pnull,legacy,reliability_across_halves,codeparrot,bookcorpus,0.04521987167703082
rand,legacy,fidelity_across_halves,codeparrot,bookcorpus,0.002745813206757224
rand,legacy,reliability_across_halves,codeparrot,bookcorpus,3.947354485673756e-05
pnull,nopca_fisher,fidelity_across_halves,codeparrot,bookcorpus,0.09006855562299404
pnull,nopca_fisher,reliability_across_halves,codeparrot,bookcorpus,0.01406250721384436
rand,nopca_fisher,fidelity_across_halves,codeparrot,bookcorpus,0.0002536606182943083
rand,nopca_fisher,reliability_across_halves,codeparrot,bookcorpus,-1.3929085402940885e-05
pnull,vmf_profile,fidelity_across_halves,codeparrot,bookcorpus,0.004385756183546617
pnull,vmf_profile,reliability_across_halves,codeparrot,bookcorpus,0.004356316634696123
rand,vmf_profile,fidelity_across_halves,codeparrot,bookcorpus,-0.002560735145243085
rand,vmf_profile,reliability_across_halves,codeparrot,bookcorpus,6.682738065884725e-05
pnull,vmf_z,fidelity_across_halves,codeparrot,bookcorpus,0.07120287944051033
pnull,vmf_z,reliability_across_halves,codeparrot,bookcorpus,0.004797248006825731
rand,vmf_z,fidelity_across_halves,codeparrot,bookcorpus,0.007299068363041992
rand,vmf_z,reliability_across_halves,codeparrot,bookcorpus,6.607091022334049e-05
pnull,current,fidelity_across_halves,codeparrot,agnews,0.009700071888926985
pnull,current,reliability_across_halves,codeparrot,agnews,0.003755865859800529
rand,current,fidelity_across_halves,codeparrot,agnews,6.669544450661977e-06
rand,current,reliability_across_halves,codeparrot,agnews,7.835666864286462e-05
pnull,fisher_pca,fidelity_across_halves,codeparrot,agnews,0.017464646013713107
pnull,fisher_pca,reliability_across_halves,codeparrot,agnews,0.029928985684617077
rand,fisher_pca,fidelity_across_halves,codeparrot,agnews,0.0041518091174630265
rand,fisher_pca,reliability_across_halves,codeparrot,agnews,-0.00010622793904183736
pnull,legacy,fidelity_across_halves,codeparrot,agnews,0.026781645492597112
pnull,legacy,reliability_across_halves,codeparrot,agnews,0.029288912619517007
rand,legacy,fidelity_across_halves,codeparrot,agnews,6.955675330446793e-05
rand,legacy,reliability_across_halves,codeparrot,agnews,-1.1750491879255879e-05
pnull,nopca_fisher,fidelity_across_halves,codeparrot,agnews,0.08200559234011325
pnull,nopca_fisher,reliability_across_halves,codeparrot,agnews,0.021137545251512537
rand,nopca_fisher,fidelity_across_halves,codeparrot,agnews,0.0022073565710647577
rand,nopca_fisher,reliability_across_halves,codeparrot,agnews,5.188650085596477e-05
pnull,vmf_profile,fidelity_across_halves,codeparrot,agnews,-0.004627536129216525
pnull,vmf_profile,reliability_across_halves,codeparrot,agnews,0.0057504456202582006
rand,vmf_profile,fidelity_across_halves,codeparrot,agnews,0.0020106286735392834
rand,vmf_profile,reliability_across_halves,codeparrot,agnews,2.3188694524635986e-06
pnull,vmf_z,fidelity_across_halves,codeparrot,agnews,0.05549222022707398
pnull,vmf_z,reliability_across_halves,codeparrot,agnews,0.0066889512964521895
rand,vmf_z,fidelity_across_halves,codeparrot,agnews,0.004881930202723795
rand,vmf_z,reliability_across_halves,codeparrot,agnews,3.922295099512453e-05
pnull,current,fidelity_across_halves,codeparrot,tldr17,0.025973708709299107
pnull,current,reliability_across_halves,codeparrot,tldr17,0.003276744494555287
rand,current,fidelity_across_halves,codeparrot,tldr17,0.0023171026215997475
rand,current,reliability_across_halves,codeparrot,tldr17,-3.372707279148802e-05
pnull,fisher_pca,fidelity_across_halves,codeparrot,tldr17,0.03194489764606047
pnull,fisher_pca,reliability_across_halves,codeparrot,tldr17,0.027479243798190917
rand,fisher_pca,fidelity_across_halves,codeparrot,tldr17,0.00271493638441222
rand,fisher_pca,reliability_across_halves,codeparrot,tldr17,-7.321468909199175e-05
pnull,legacy,fidelity_across_halves,codeparrot,tldr17,0.041654498238951815
pnull,legacy,reliability_across_halves,codeparrot,tldr17,0.03647778937426961
rand,legacy,fidelity_across_halves,codeparrot,tldr17,0.006879590592575446
rand,legacy,reliability_across_halves,codeparrot,tldr17,-4.608665552148806e-05
pnull,nopca_fisher,fidelity_across_halves,codeparrot,tldr17,0.10219060191057175
pnull,nopca_fisher,reliability_across_halves,codeparrot,tldr17,0.009633050347454836
rand,nopca_fisher,fidelity_across_halves,codeparrot,tldr17,0.003085640510312595
rand,nopca_fisher,reliability_across_halves,codeparrot,tldr17,8.256078200153411e-05
pnull,vmf_profile,fidelity_across_halves,codeparrot,tldr17,0.005544072787438544
pnull,vmf_profile,reliability_across_halves,codeparrot,tldr17,0.00264774496561637
rand,vmf_profile,fidelity_across_halves,codeparrot,tldr17,0.006747302925395851
rand,vmf_profile,reliability_across_halves,codeparrot,tldr17,-8.282882221881774e-05
pnull,vmf_z,fidelity_across_halves,codeparrot,tldr17,0.07035521178704651
pnull,vmf_z,reliability_across_halves,codeparrot,tldr17,0.003575463918125613
rand,vmf_z,fidelity_across_halves,codeparrot,tldr17,0.010775867587191248
rand,vmf_z,reliability_across_halves,codeparrot,tldr17,-5.015358428312439e-05
pnull,current,fidelity_across_halves,codeparrot,random,0.013665097627388824
pnull,current,reliability_across_halves,codeparrot,random,0.004036292400192534
rand,current,fidelity_across_halves,codeparrot,random,-0.0006851678322222028
rand,current,reliability_across_halves,codeparrot,random,0.00017004802891012845
pnull,fisher_pca,fidelity_across_halves,codeparrot,random,0.022750991218720228
pnull,fisher_pca,reliability_across_halves,codeparrot,random,0.004178508395340832
rand,fisher_pca,fidelity_across_halves,codeparrot,random,0.0019512872151019312
rand,fisher_pca,reliability_across_halves,codeparrot,random,-6.658634312806679e-05
pnull,legacy,fidelity_across_halves,codeparrot,random,0.03362269973777497
pnull,legacy,reliability_across_halves,codeparrot,random,0.038040225621411544
rand,legacy,fidelity_across_halves,codeparrot,random,-0.0029187587672867676
rand,legacy,reliability_across_halves,codeparrot,random,-5.411817336756107e-05
pnull,nopca_fisher,fidelity_across_halves,codeparrot,random,0.05574198522823476
pnull,nopca_fisher,reliability_across_halves,codeparrot,random,0.02496482561444385
rand,nopca_fisher,fidelity_across_halves,codeparrot,random,0.0005156174123100744
rand,nopca_fisher,reliability_across_halves,codeparrot,random,0.00012233578066441072
pnull,vmf_profile,fidelity_across_halves,codeparrot,random,0.007295109584186632
pnull,vmf_profile,reliability_across_halves,codeparrot,random,0.008076895077415023
rand,vmf_profile,fidelity_across_halves,codeparrot,random,0.004011848398330839
rand,vmf_profile,reliability_across_halves,codeparrot,random,5.659859446469355e-05
pnull,vmf_z,fidelity_across_halves,codeparrot,random,0.06700755665437025
pnull,vmf_z,reliability_across_halves,codeparrot,random,0.01179782490968894
rand,vmf_z,fidelity_across_halves,codeparrot,random,0.0041783461125120625
rand,vmf_z,reliability_across_halves,codeparrot,random,-0.00010521808892846295
pnull,current,fidelity_across_halves,codeparrot,whitespace,0.012979738428591792
pnull,current,reliability_across_halves,codeparrot,whitespace,0.0015701140591942724
rand,current,fidelity_across_halves,codeparrot,whitespace,-0.003301070304179702
rand,current,reliability_across_halves,codeparrot,whitespace,0.0001232906157449679
pnull,fisher_pca,fidelity_across_halves,codeparrot,whitespace,0.03425155655492145
pnull,fisher_pca,reliability_across_halves,codeparrot,whitespace,0.011761599128249972
rand,fisher_pca,fidelity_across_halves,codeparrot,whitespace,0.01147661874012073
rand,fisher_pca,reliability_across_halves,codeparrot,whitespace,-7.148772093550402e-05
pnull,legacy,fidelity_across_halves,codeparrot,whitespace,0.05098421553121356
pnull,legacy,reliability_across_halves,codeparrot,whitespace,-0.01212660962681766
rand,legacy,fidelity_across_halves,codeparrot,whitespace,0.0029419442550086376
rand,legacy,reliability_across_halves,codeparrot,whitespace,-3.011185196059388e-05
pnull,nopca_fisher,fidelity_across_halves,codeparrot,whitespace,0.03537430214992112
pnull,nopca_fisher,reliability_across_halves,codeparrot,whitespace,0.013056257734152695
rand,nopca_fisher,fidelity_across_halves,codeparrot,whitespace,-0.004627453930818809
rand,nopca_fisher,reliability_across_halves,codeparrot,whitespace,4.016792602491547e-05
pnull,vmf_profile,fidelity_across_halves,codeparrot,whitespace,-0.0016251523725696138
pnull,vmf_profile,reliability_across_halves,codeparrot,whitespace,0.0008119380321008885
rand,vmf_profile,fidelity_across_halves,codeparrot,whitespace,-0.0020516998184505154
rand,vmf_profile,reliability_across_halves,codeparrot,whitespace,-3.909468444644719e-05
pnull,vmf_z,fidelity_across_halves,codeparrot,whitespace,0.013391540379137793
pnull,vmf_z,reliability_across_halves,codeparrot,whitespace,0.0003069069187984209
rand,vmf_z,fidelity_across_halves,codeparrot,whitespace,0.00648723101681111
rand,vmf_z,reliability_across_halves,codeparrot,whitespace,4.8548163145733315e-05
pnull,current,fidelity_across_halves,random,wikitext,-0.0020769669860656744
pnull,current,reliability_across_halves,random,wikitext,0.00541660984258153
rand,current,fidelity_across_halves,random,wikitext,0.0008921553147911815
rand,current,reliability_across_halves,random,wikitext,0.000139235676758505
pnull,fisher_pca,fidelity_across_halves,random,wikitext,0.021071215677750277
pnull,fisher_pca,reliability_across_halves,random,wikitext,0.006651514918432302
rand,fisher_pca,fidelity_across_halves,random,wikitext,0.00569282020586377
rand,fisher_pca,reliability_across_halves,random,wikitext,-8.33549940014482e-06
pnull,legacy,fidelity_across_halves,random,wikitext,0.08604166121879958
pnull,legacy,reliability_across_halves,random,wikitext,0.0775814869492922
rand,legacy,fidelity_across_halves,random,wikitext,0.007813453943688918
rand,legacy,reliability_across_halves,random,wikitext,5.790426897140218e-05
pnull,nopca_fisher,fidelity_across_halves,random,wikitext,0.15251026645862162
pnull,nopca_fisher,reliability_across_halves,random,wikitext,0.020782378795564726
rand,nopca_fisher,fidelity_across_halves,random,wikitext,0.0017812603201049085
rand,nopca_fisher,reliability_across_halves,random,wikitext,2.3360263927960335e-05
pnull,vmf_profile,fidelity_across_halves,random,wikitext,-0.005580167045276559
pnull,vmf_profile,reliability_across_halves,random,wikitext,0.007417033843820468
rand,vmf_profile,fidelity_across_halves,random,wikitext,0.007025630499439773
rand,vmf_profile,reliability_across_halves,random,wikitext,5.0848166471732055e-05
pnull,vmf_z,fidelity_across_halves,random,wikitext,0.09368511680800072
pnull,vmf_z,reliability_across_halves,random,wikitext,0.011405710238889116
rand,vmf_z,fidelity_across_halves,random,wikitext,0.013425224306037157
rand,vmf_z,reliability_across_halves,random,wikitext,5.351590652054224e-05
pnull,current,fidelity_across_halves,random,bookcorpus,0.005603508119947952
pnull,current,reliability_across_halves,random,bookcorpus,0.0035734655709038486
rand,current,fidelity_across_halves,random,bookcorpus,-0.00032338050049510094
rand,current,reliability_across_halves,random,bookcorpus,-0.00014708384852839555
pnull,fisher_pca,fidelity_across_halves,random,bookcorpus,0.027364488657457726
pnull,fisher_pca,reliability_across_halves,random,bookcorpus,0.007946523113027543
rand,fisher_pca,fidelity_across_halves,random,bookcorpus,-0.00010069763491236632
rand,fisher_pca,reliability_across_halves,random,bookcorpus,7.682843299364191e-05
pnull,legacy,fidelity_across_halves,random,bookcorpus,0.0799532066042244
pnull,legacy,reliability_across_halves,random,bookcorpus,0.09926387006949478
rand,legacy,fidelity_across_halves,random,bookcorpus,0.006998022771212833
rand,legacy,reliability_across_halves,random,bookcorpus,-6.952547044234165e-06
pnull,nopca_fisher,fidelity_across_halves,random,bookcorpus,0.14607798142863043
pnull,nopca_fisher,reliability_across_halves,random,bookcorpus,0.033125842212518714
rand,nopca_fisher,fidelity_across_halves,random,bookcorpus,0.003181886670628443
rand,nopca_fisher,reliability_across_halves,random,bookcorpus,-4.603479108226636e-05
pnull,vmf_profile,fidelity_across_halves,random,bookcorpus,0.0020840036968592345
pnull,vmf_profile,reliability_across_halves,random,bookcorpus,0.015561742377024408
rand,vmf_profile,fidelity_across_halves,random,bookcorpus,0.008815726530322062
rand,vmf_profile,reliability_across_halves,random,bookcorpus,5.31095379329917e-05
pnull,vmf_z,fidelity_across_halves,random,bookcorpus,0.06817127547280726
pnull,vmf_z,reliability_across_halves,random,bookcorpus,0.02542514273808794
rand,vmf_z,fidelity_across_halves,random,bookcorpus,0.010740940709396551
rand,vmf_z,reliability_across_halves,random,bookcorpus,-3.522878934214278e-05
pnull,current,fidelity_across_halves,random,agnews,0.04267796289566791
pnull,current,reliability_across_halves,random,agnews,0.005309794714739799
rand,current,fidelity_across_halves,random,agnews,0.0037718053532840023
rand,current,reliability_across_halves,random,agnews,-0.00020762505439272306
pnull,fisher_pca,fidelity_across_halves,random,agnews,0.05032080259758278
pnull,fisher_pca,reliability_across_halves,random,agnews,0.012578011971730103
rand,fisher_pca,fidelity_across_halves,random,agnews,0.009301411901802349
rand,fisher_pca,reliability_across_halves,random,agnews,-1.4229897727186895e-05
pnull,legacy,fidelity_across_halves,random,agnews,0.102063362858131
pnull,legacy,reliability_across_halves,random,agnews,0.09709978761471327
rand,legacy,fidelity_across_halves,random,agnews,0.011477990059172135
rand,legacy,reliability_across_halves,random,agnews,4.374662736338346e-05
pnull,nopca_fisher,fidelity_across_halves,random,agnews,0.18145490733655323
pnull,nopca_fisher,reliability_across_halves,random,agnews,0.057183470985890744
rand,nopca_fisher,fidelity_across_halves,random,agnews,0.004141362707996441
rand,nopca_fisher,reliability_across_halves,random,agnews,-3.0514771678094335e-05
pnull,vmf_profile,fidelity_across_halves,random,agnews,0.037788891137323484
pnull,vmf_profile,reliability_across_halves,random,agnews,0.023861400753562006
rand,vmf_profile,fidelity_across_halves,random,agnews,0.00860306346641897
rand,vmf_profile,reliability_across_halves,random,agnews,-8.464259867670236e-05
pnull,vmf_z,fidelity_across_halves,random,agnews,0.06285119881500215
pnull,vmf_z,reliability_across_halves,random,agnews,0.03980578047847191
rand,vmf_z,fidelity_across_halves,random,agnews,0.015438661847674548
rand,vmf_z,reliability_across_halves,random,agnews,-1.8155466913919093e-05
pnull,current,fidelity_across_halves,random,tldr17,0.009812568441541122
pnull,current,reliability_across_halves,random,tldr17,0.0028921977087606283
rand,current,fidelity_across_halves,random,tldr17,0.0002687891966026379
rand,current,reliability_across_halves,random,tldr17,6.18179796165858e-05
pnull,fisher_pca,fidelity_across_halves,random,tldr17,0.029297138714831764
pnull,fisher_pca,reliability_across_halves,random,tldr17,0.0072660079033539235
rand,fisher_pca,fidelity_across_halves,random,tldr17,0.005587481174143478
rand,fisher_pca,reliability_across_halves,random,tldr17,2.6907723412810983e-05
pnull,legacy,fidelity_across_halves,random,tldr17,0.08822298878272171
pnull,legacy,reliability_across_halves,random,tldr17,0.09111479985034521
rand,legacy,fidelity_across_halves,random,tldr17,0.005403081646949128
rand,legacy,reliability_across_halves,random,tldr17,-2.9667033660122526e-05
pnull,nopca_fisher,fidelity_across_halves,random,tldr17,0.15821224975378048
pnull,nopca_fisher,reliability_across_halves,random,tldr17,0.018686635249876685
rand,nopca_fisher,fidelity_across_halves,random,tldr17,0.00044333616428852615
rand,nopca_fisher,reliability_across_halves,random,tldr17,3.925577650148753e-05
pnull,vmf_profile,fidelity_across_halves,random,tldr17,0.0063898659236592634
pnull,vmf_profile,reliability_across_halves,random,tldr17,0.0010225600482362367
rand,vmf_profile,fidelity_across_halves,random,tldr17,0.005334217776434175
rand,vmf_profile,reliability_across_halves,random,tldr17,-8.665347013879398e-05
pnull,vmf_z,fidelity_across_halves,random,tldr17,0.08403341321245242
pnull,vmf_z,reliability_across_halves,random,tldr17,0.010487552724790707
rand,vmf_z,fidelity_across_halves,random,tldr17,0.015737886190721664
rand,vmf_z,reliability_across_halves,random,tldr17,-7.200323291114342e-05
pnull,current,fidelity_across_halves,random,codeparrot,-0.029042442943531525
pnull,current,reliability_across_halves,random,codeparrot,0.0023778807936999883
rand,current,fidelity_across_halves,random,codeparrot,0.004790262858033729
rand,current,reliability_across_halves,random,codeparrot,-2.037894112982412e-05
pnull,fisher_pca,fidelity_across_halves,random,codeparrot,-0.013433517658736498
pnull,fisher_pca,reliability_across_halves,random,codeparrot,0.005812012629574738
rand,fisher_pca,fidelity_across_halves,random,codeparrot,-0.006957663063693874
rand,fisher_pca,reliability_across_halves,random,codeparrot,3.119461637090742e-06
pnull,legacy,fidelity_across_halves,random,codeparrot,0.017589007993139023
pnull,legacy,reliability_across_halves,random,codeparrot,0.02503115927486889
rand,legacy,fidelity_across_halves,random,codeparrot,0.0004696944976407827
rand,legacy,reliability_across_halves,random,codeparrot,0.00011729755102033435
pnull,nopca_fisher,fidelity_across_halves,random,codeparrot,0.04783056688057703
pnull,nopca_fisher,reliability_across_halves,random,codeparrot,0.023286145138056318
rand,nopca_fisher,fidelity_across_halves,random,codeparrot,-0.007856934954597909
rand,nopca_fisher,reliability_across_halves,random,codeparrot,-6.509069476154153e-05
pnull,vmf_profile,fidelity_across_halves,random,codeparrot,-0.020346864856796272
pnull,vmf_profile,reliability_across_halves,random,codeparrot,0.012898697087307374
rand,vmf_profile,fidelity_across_halves,random,codeparrot,0.006040365159679778
rand,vmf_profile,reliability_across_halves,random,codeparrot,-6.674604943678643e-05
pnull,vmf_z,fidelity_across_halves,random,codeparrot,0.12715242074592908
pnull,vmf_z,reliability_across_halves,random,codeparrot,0.013066105930800643
rand,vmf_z,fidelity_across_halves,random,codeparrot,0.020051941720384485
rand,vmf_z,reliability_across_halves,random,codeparrot,-0.00017283999591751132
pnull,current,fidelity_across_halves,random,whitespace,0.2243331076150585
pnull,current,reliability_across_halves,random,whitespace,0.005207112784778971
rand,current,fidelity_across_halves,random,whitespace,0.02291677906350827
rand,current,reliability_across_halves,random,whitespace,7.617680085153324e-05
pnull,fisher_pca,fidelity_across_halves,random,whitespace,0.13188884612741472
pnull,fisher_pca,reliability_across_halves,random,whitespace,0.011520075873469817
rand,fisher_pca,fidelity_across_halves,random,whitespace,0.011196873956278412
rand,fisher_pca,reliability_across_halves,random,whitespace,1.0889320695705123e-05
pnull,legacy,fidelity_across_halves,random,whitespace,0.026798179629299118
pnull,legacy,reliability_across_halves,random,whitespace,-0.03470772439530538
rand,legacy,fidelity_across_halves,random,whitespace,0.012921566386548917
rand,legacy,reliability_across_halves,random,whitespace,1.9584116498993694e-05
pnull,nopca_fisher,fidelity_across_halves,random,whitespace,0.08110724360594254
pnull,nopca_fisher,reliability_across_halves,random,whitespace,0.03206348750871784
rand,nopca_fisher,fidelity_across_halves,random,whitespace,0.013663272893394194
rand,nopca_fisher,reliability_across_halves,random,whitespace,6.858822191217337e-05
pnull,vmf_profile,fidelity_across_halves,random,whitespace,0.23022345316859766
pnull,vmf_profile,reliability_across_halves,random,whitespace,0.0014204632901923977
rand,vmf_profile,fidelity_across_halves,random,whitespace,0.022445717033630384
rand,vmf_profile,reliability_across_halves,random,whitespace,-1.6057212504563217e-05
pnull,vmf_z,fidelity_across_halves,random,whitespace,-0.011790259908567665
pnull,vmf_z,reliability_across_halves,random,whitespace,0.00111800158532416
rand,vmf_z,fidelity_across_halves,random,whitespace,0.001328408512206919
rand,vmf_z,reliability_across_halves,random,whitespace,-0.00020294723443981325
pnull,current,fidelity_across_halves,whitespace,wikitext,0.007609599438394738
pnull,current,reliability_across_halves,whitespace,wikitext,0.0029632285158739217
rand,current,fidelity_across_halves,whitespace,wikitext,0.004027074669845616
rand,current,reliability_across_halves,whitespace,wikitext,-6.926614637360708e-05
pnull,fisher_pca,fidelity_across_halves,whitespace,wikitext,-0.0012340730607275118
pnull,fisher_pca,reliability_across_halves,whitespace,wikitext,0.018803038963935627
rand,fisher_pca,fidelity_across_halves,whitespace,wikitext,0.002485671867085865
rand,fisher_pca,reliability_across_halves,whitespace,wikitext,-3.156634358975898e-05
pnull,legacy,fidelity_across_halves,whitespace,wikitext,0.0012169958749231006
pnull,legacy,reliability_across_halves,whitespace,wikitext,-0.02056979159156783
rand,legacy,fidelity_across_halves,whitespace,wikitext,0.001555016698961774
rand,legacy,reliability_across_halves,whitespace,wikitext,1.8802320923128096e-05
pnull,nopca_fisher,fidelity_across_halves,whitespace,wikitext,0.007093680155907187
pnull,nopca_fisher,reliability_across_halves,whitespace,wikitext,0.004843548401181807
rand,nopca_fisher,fidelity_across_halves,whitespace,wikitext,-0.000985227732914646
rand,nopca_fisher,reliability_across_halves,whitespace,wikitext,-8.411219446614315e-05
pnull,vmf_profile,fidelity_across_halves,whitespace,wikitext,0.010172927665464024
pnull,vmf_profile,reliability_across_halves,whitespace,wikitext,0.0017168233438872413
rand,vmf_profile,fidelity_across_halves,whitespace,wikitext,-0.0011873954445658077
rand,vmf_profile,reliability_across_halves,whitespace,wikitext,-0.0001245133489690823
pnull,vmf_z,fidelity_across_halves,whitespace,wikitext,0.006737563082595903
pnull,vmf_z,reliability_across_halves,whitespace,wikitext,0.0012194560887428855
rand,vmf_z,fidelity_across_halves,whitespace,wikitext,0.004893768611038377
rand,vmf_z,reliability_across_halves,whitespace,wikitext,-0.00010901336089710371
pnull,current,fidelity_across_halves,whitespace,bookcorpus,0.014926088228441848
pnull,current,reliability_across_halves,whitespace,bookcorpus,0.0023535335478425084
rand,current,fidelity_across_halves,whitespace,bookcorpus,0.002927444809515045
rand,current,reliability_across_halves,whitespace,bookcorpus,-2.9450565103074995e-05
pnull,fisher_pca,fidelity_across_halves,whitespace,bookcorpus,0.00632669586432809
pnull,fisher_pca,reliability_across_halves,whitespace,bookcorpus,0.02046392763789016
rand,fisher_pca,fidelity_across_halves,whitespace,bookcorpus,0.005418855609281877
rand,fisher_pca,reliability_across_halves,whitespace,bookcorpus,-2.6190389840502888e-05
pnull,legacy,fidelity_across_halves,whitespace,bookcorpus,0.014786788915590791
pnull,legacy,reliability_across_halves,whitespace,bookcorpus,-0.015058371271592989
rand,legacy,fidelity_across_halves,whitespace,bookcorpus,0.005292692551541744
rand,legacy,reliability_across_halves,whitespace,bookcorpus,4.273823770701356e-05
pnull,nopca_fisher,fidelity_across_halves,whitespace,bookcorpus,0.01507690612172709
pnull,nopca_fisher,reliability_across_halves,whitespace,bookcorpus,0.006771681333438095
rand,nopca_fisher,fidelity_across_halves,whitespace,bookcorpus,-0.00323947273999866
rand,nopca_fisher,reliability_across_halves,whitespace,bookcorpus,0.00010222105405973433
pnull,vmf_profile,fidelity_across_halves,whitespace,bookcorpus,0.017071456928741256
pnull,vmf_profile,reliability_across_halves,whitespace,bookcorpus,-0.0004469825772803343
rand,vmf_profile,fidelity_across_halves,whitespace,bookcorpus,-0.004416764065743621
rand,vmf_profile,reliability_across_halves,whitespace,bookcorpus,0.0001554988157747851
pnull,vmf_z,fidelity_across_halves,whitespace,bookcorpus,0.000425161254096309
pnull,vmf_z,reliability_across_halves,whitespace,bookcorpus,0.0006088178131269312
rand,vmf_z,fidelity_across_halves,whitespace,bookcorpus,0.007049981601042143
rand,vmf_z,reliability_across_halves,whitespace,bookcorpus,0.00023593097071508565
pnull,current,fidelity_across_halves,whitespace,agnews,0.023064737280452417
pnull,current,reliability_across_halves,whitespace,agnews,0.0035406838515013336
rand,current,fidelity_across_halves,whitespace,agnews,0.003847198473294116
rand,current,reliability_across_halves,whitespace,agnews,4.2215428571429974e-05
pnull,fisher_pca,fidelity_across_halves,whitespace,agnews,0.03013058839424813
pnull,fisher_pca,reliability_across_halves,whitespace,agnews,0.013830009329840576
rand,fisher_pca,fidelity_across_halves,whitespace,agnews,0.004815358889500008
rand,fisher_pca,reliability_across_halves,whitespace,agnews,0.0001181401763088272
pnull,legacy,fidelity_across_halves,whitespace,agnews,0.031002555777457644
pnull,legacy,reliability_across_halves,whitespace,agnews,-0.019099574612908524
rand,legacy,fidelity_across_halves,whitespace,agnews,0.002582194881429076
rand,legacy,reliability_across_halves,whitespace,agnews,-1.7832480645964141e-06
pnull,nopca_fisher,fidelity_across_halves,whitespace,agnews,0.0375063222651712
pnull,nopca_fisher,reliability_across_halves,whitespace,agnews,0.012204083426688966
rand,nopca_fisher,fidelity_across_halves,whitespace,agnews,0.00591039278996991
rand,nopca_fisher,reliability_across_halves,whitespace,agnews,-3.203572477867743e-05
pnull,vmf_profile,fidelity_across_halves,whitespace,agnews,0.021375310000146617
pnull,vmf_profile,reliability_across_halves,whitespace,agnews,-0.00037390273762889586
rand,vmf_profile,fidelity_across_halves,whitespace,agnews,0.0034866290226411778
rand,vmf_profile,reliability_across_halves,whitespace,agnews,-0.00014473014415395985
pnull,vmf_z,fidelity_across_halves,whitespace,agnews,-0.009206316581807608
pnull,vmf_z,reliability_across_halves,whitespace,agnews,0.0010615332400832488
rand,vmf_z,fidelity_across_halves,whitespace,agnews,0.0077300319179592495
rand,vmf_z,reliability_across_halves,whitespace,agnews,2.357470654401314e-05
pnull,current,fidelity_across_halves,whitespace,tldr17,0.019036104795464335
pnull,current,reliability_across_halves,whitespace,tldr17,0.0024098564426523477
rand,current,fidelity_across_halves,whitespace,tldr17,0.005656451013162225
rand,current,reliability_across_halves,whitespace,tldr17,6.470762361556073e-06
pnull,fisher_pca,fidelity_across_halves,whitespace,tldr17,0.0060993218262607425
pnull,fisher_pca,reliability_across_halves,whitespace,tldr17,0.016574433267585828
rand,fisher_pca,fidelity_across_halves,whitespace,tldr17,-0.0020526618984607393
rand,fisher_pca,reliability_across_halves,whitespace,tldr17,6.61718763880892e-05
pnull,legacy,fidelity_across_halves,whitespace,tldr17,0.011076778891328052
pnull,legacy,reliability_across_halves,whitespace,tldr17,-0.011326107414355085
rand,legacy,fidelity_across_halves,whitespace,tldr17,0.001182636406599361
rand,legacy,reliability_across_halves,whitespace,tldr17,1.323502522153917e-05
pnull,nopca_fisher,fidelity_across_halves,whitespace,tldr17,0.015443174010090766
pnull,nopca_fisher,reliability_across_halves,whitespace,tldr17,0.006057147950049766
rand,nopca_fisher,fidelity_across_halves,whitespace,tldr17,-0.00033516275533883717
rand,nopca_fisher,reliability_across_halves,whitespace,tldr17,0.00018000856589724413
pnull,vmf_profile,fidelity_across_halves,whitespace,tldr17,0.019663461491789335
pnull,vmf_profile,reliability_across_halves,whitespace,tldr17,0.003379159481097347
rand,vmf_profile,fidelity_across_halves,whitespace,tldr17,-0.0007862876399073389
rand,vmf_profile,reliability_across_halves,whitespace,tldr17,-0.00010924552931960155
pnull,vmf_z,fidelity_across_halves,whitespace,tldr17,-0.002782729290539086
pnull,vmf_z,reliability_across_halves,whitespace,tldr17,0.0012818954844906996
rand,vmf_z,fidelity_across_halves,whitespace,tldr17,0.00541767103862658
rand,vmf_z,reliability_across_halves,whitespace,tldr17,3.204875852898706e-05
pnull,current,fidelity_across_halves,whitespace,codeparrot,0.02374227880200701
pnull,current,reliability_across_halves,whitespace,codeparrot,0.0016005516628820444
rand,current,fidelity_across_halves,whitespace,codeparrot,-7.401905794974114e-05
rand,current,reliability_across_halves,whitespace,codeparrot,-9.924123182504746e-05
pnull,fisher_pca,fidelity_across_halves,whitespace,codeparrot,-0.02757447270249333
pnull,fisher_pca,reliability_across_halves,whitespace,codeparrot,0.004235833689150598
rand,fisher_pca,fidelity_across_halves,whitespace,codeparrot,0.0007587717885950714
rand,fisher_pca,reliability_across_halves,whitespace,codeparrot,-0.00013040514298749275
pnull,legacy,fidelity_across_halves,whitespace,codeparrot,-0.021975567623792193
pnull,legacy,reliability_across_halves,whitespace,codeparrot,-0.009389658053047508
rand,legacy,fidelity_across_halves,whitespace,codeparrot,-0.007392828949358631
rand,legacy,reliability_across_halves,whitespace,codeparrot,-2.9376698489062333e-05
pnull,nopca_fisher,fidelity_across_halves,whitespace,codeparrot,-0.004912322141970819
pnull,nopca_fisher,reliability_across_halves,whitespace,codeparrot,0.014095934717893704
rand,nopca_fisher,fidelity_across_halves,whitespace,codeparrot,-0.000980837367355731
rand,nopca_fisher,reliability_across_halves,whitespace,codeparrot,-6.728712539984441e-06
pnull,vmf_profile,fidelity_across_halves,whitespace,codeparrot,0.021874808450135504
pnull,vmf_profile,reliability_across_halves,whitespace,codeparrot,0.00040643858248645215
rand,vmf_profile,fidelity_across_halves,whitespace,codeparrot,-0.0008802339198110816
rand,vmf_profile,reliability_across_halves,whitespace,codeparrot,0.00014399850434108086
pnull,vmf_z,fidelity_across_halves,whitespace,codeparrot,0.006521177876309745
pnull,vmf_z,reliability_across_halves,whitespace,codeparrot,0.00022737138079981554
rand,vmf_z,fidelity_across_halves,whitespace,codeparrot,0.005912985682677446
rand,vmf_z,reliability_across_halves,whitespace,codeparrot,7.954788726635138e-05
pnull,current,fidelity_across_halves,whitespace,random,0.03755878386588662
pnull,current,reliability_across_halves,whitespace,random,0.005382582200113335
rand,current,fidelity_across_halves,whitespace,random,0.010210372116947843
rand,current,reliability_across_halves,whitespace,random,-3.411814160067388e-05
pnull,fisher_pca,fidelity_across_halves,whitespace,random,0.07938539012169538
pnull,fisher_pca,reliability_across_halves,whitespace,random,0.011955200412855521
rand,fisher_pca,fidelity_across_halves,whitespace,random,0.014003696457518817
rand,fisher_pca,reliability_across_halves,whitespace,random,-2.211628755666306e-06
pnull,legacy,fidelity_across_halves,whitespace,random,0.07617883430977239
pnull,legacy,reliability_across_halves,whitespace,random,-0.04012027187644815
rand,legacy,fidelity_across_halves,whitespace,random,0.011432468124983202
rand,legacy,reliability_across_halves,whitespace,random,-2.8313960998167007e-06
pnull,nopca_fisher,fidelity_across_halves,whitespace,random,0.08044342761707618
pnull,nopca_fisher,reliability_across_halves,whitespace,random,0.03392690211924138
rand,nopca_fisher,fidelity_across_halves,whitespace,random,0.006021503558860688
rand,nopca_fisher,reliability_across_halves,whitespace,random,-3.804352561704718e-05
pnull,vmf_profile,fidelity_across_halves,whitespace,random,0.03727878469377361
pnull,vmf_profile,reliability_across_halves,whitespace,random,0.0016539818615618435
rand,vmf_profile,fidelity_across_halves,whitespace,random,0.003247366186964659
rand,vmf_profile,reliability_across_halves,whitespace,random,-5.711466573649696e-05
pnull,vmf_z,fidelity_across_halves,whitespace,random,-0.013767126466709457
pnull,vmf_z,reliability_across_halves,whitespace,random,0.0005504066251873798
rand,vmf_z,fidelity_across_halves,whitespace,random,0.008759519609400001
rand,vmf_z,reliability_across_halves,whitespace,random,2.6074412434836827e-05
