tree,variant,metric,fit,eval,value
real,(ceiling),fidelity_within,wikitext,wikitext,0.9801254890166184
real,(ceiling),fidelity_within_r,wikitext,wikitext,0.9900480601088553
real,binarize_global_lloyd,reliability_within,wikitext,wikitext,0.7633506184645624
real,binarize_global_lloyd,fidelity_within,wikitext,wikitext,0.16653873288472731
real,binarize_global_lloyd,fidelity_within_r,wikitext,wikitext,0.4081131371001316
real,binarize_global_lloyd,fidelity_within_insample,wikitext,wikitext,0.16368894812989665
real,binarize_global_lloyd,reliability_ceiling,wikitext,wikitext,0.7731333402700223
real,binarize_global_lloyd,triviality_ami_layer,wikitext,wikitext,0.07621106623082931
real,binarize_global_lloyd,triviality_ami_dimension,wikitext,wikitext,0.24159414047327268
real,binarize_global_lloyd,triviality_ami_hubness,wikitext,wikitext,0.2768191853816667
real,binarize_global_lloyd,triviality_ami_noise_scale,wikitext,wikitext,0.06059227739439971
real,binarize_global_lloyd,triviality_n_effective_networks,wikitext,wikitext,50.0
real,binarize_global_lloyd,triviality_median_max_membership,wikitext,wikitext,0.625
real,binarize_global_lloyd,triviality_frac_confident,wikitext,wikitext,0.6590544871794872
real,binarize_global_lloyd100,reliability_within,wikitext,wikitext,0.7537456852708838
real,binarize_global_lloyd100,fidelity_within,wikitext,wikitext,0.199543921293304
real,binarize_global_lloyd100,fidelity_within_r,wikitext,wikitext,0.4467174460584915
real,binarize_global_lloyd100,fidelity_within_insample,wikitext,wikitext,0.19705359240813147
real,binarize_global_lloyd100,reliability_ceiling,wikitext,wikitext,0.7610603287263348
real,binarize_global_lloyd100,triviality_ami_layer,wikitext,wikitext,0.07442247691701082
real,binarize_global_lloyd100,triviality_ami_dimension,wikitext,wikitext,0.27670355990130685
real,binarize_global_lloyd100,triviality_ami_hubness,wikitext,wikitext,0.26291712089842373
real,binarize_global_lloyd100,triviality_ami_noise_scale,wikitext,wikitext,0.06441860613225064
real,binarize_global_lloyd100,triviality_n_effective_networks,wikitext,wikitext,100.0
real,binarize_global_lloyd100,triviality_median_max_membership,wikitext,wikitext,0.55
real,binarize_global_lloyd100,triviality_frac_confident,wikitext,wikitext,0.5636017628205128
real,binarize_row_lloyd,reliability_within,wikitext,wikitext,0.6479735975600057
real,binarize_row_lloyd,fidelity_within,wikitext,wikitext,0.13223884391307938
real,binarize_row_lloyd,fidelity_within_r,wikitext,wikitext,0.3636568957744805
real,binarize_row_lloyd,fidelity_within_insample,wikitext,wikitext,0.13070018808973805
real,binarize_row_lloyd,reliability_ceiling,wikitext,wikitext,0.6737513234119646
real,binarize_row_lloyd,triviality_ami_layer,wikitext,wikitext,0.08622877634358592
real,binarize_row_lloyd,triviality_ami_dimension,wikitext,wikitext,0.29830829105985224
real,binarize_row_lloyd,triviality_ami_hubness,wikitext,wikitext,0.10173800554755306
real,binarize_row_lloyd,triviality_ami_noise_scale,wikitext,wikitext,0.059178070644488455
real,binarize_row_lloyd,triviality_n_effective_networks,wikitext,wikitext,50.0
real,binarize_row_lloyd,triviality_median_max_membership,wikitext,wikitext,0.55
real,binarize_row_lloyd,triviality_frac_confident,wikitext,wikitext,0.5552884615384616
real,binarize_row_lloyd100,reliability_within,wikitext,wikitext,0.564242307837196
real,binarize_row_lloyd100,fidelity_within,wikitext,wikitext,0.16246954590792484
real,binarize_row_lloyd100,fidelity_within_r,wikitext,wikitext,0.4030828429814136
real,binarize_row_lloyd100,fidelity_within_insample,wikitext,wikitext,0.16100801671268394
real,binarize_row_lloyd100,reliability_ceiling,wikitext,wikitext,0.5527280776034
real,binarize_row_lloyd100,triviality_ami_layer,wikitext,wikitext,0.07362087723688382
real,binarize_row_lloyd100,triviality_ami_dimension,wikitext,wikitext,0.35652054458912524
real,binarize_row_lloyd100,triviality_ami_hubness,wikitext,wikitext,0.10618828097163574
real,binarize_row_lloyd100,triviality_ami_noise_scale,wikitext,wikitext,0.06279752718906519
real,binarize_row_lloyd100,triviality_n_effective_networks,wikitext,wikitext,100.0
real,binarize_row_lloyd100,triviality_median_max_membership,wikitext,wikitext,0.45
real,binarize_row_lloyd100,triviality_frac_confident,wikitext,wikitext,0.41426282051282054
real,ica,reliability_within,wikitext,wikitext,0.2199732256294676
real,ica,reliability_within_maps,wikitext,wikitext,0.6128501206665955
real,ica,fidelity_within,wikitext,wikitext,0.03667833501285844
real,ica,fidelity_within_r,wikitext,wikitext,0.19151662199210787
real,ica,fidelity_within_insample,wikitext,wikitext,0.03664428027402944
real,ica,reliability_ceiling,wikitext,wikitext,0.2504809537957187
real,ica,triviality_ami_layer,wikitext,wikitext,0.01767916735040943
real,ica,triviality_ami_dimension,wikitext,wikitext,0.40045161068006924
real,ica,triviality_ami_hubness,wikitext,wikitext,0.018505165409075364
real,ica,triviality_ami_noise_scale,wikitext,wikitext,0.037516661968556665
real,ica,triviality_n_effective_networks,wikitext,wikitext,50.0
real,ica,triviality_median_max_membership,wikitext,wikitext,0.275
real,ica,triviality_frac_confident,wikitext,wikitext,0.14212740384615385
real,ica100,reliability_within,wikitext,wikitext,0.24349140164364672
real,ica100,reliability_within_maps,wikitext,wikitext,0.5465257226402035
real,ica100,fidelity_within,wikitext,wikitext,0.05633168259743038
real,ica100,fidelity_within_r,wikitext,wikitext,0.23734359814312825
real,ica100,fidelity_within_insample,wikitext,wikitext,0.056313253843531696
real,ica100,reliability_ceiling,wikitext,wikitext,0.23128799842785067
real,ica100,triviality_ami_layer,wikitext,wikitext,0.01205052329297297
real,ica100,triviality_ami_dimension,wikitext,wikitext,0.4889204429328409
real,ica100,triviality_ami_hubness,wikitext,wikitext,0.027740693376839456
real,ica100,triviality_ami_noise_scale,wikitext,wikitext,0.040592726340714654
real,ica100,triviality_n_effective_networks,wikitext,wikitext,100.0
real,ica100,triviality_median_max_membership,wikitext,wikitext,0.225
real,ica100,triviality_frac_confident,wikitext,wikitext,0.15374599358974358
real,sparse_fisher_lloyd,reliability_within,wikitext,wikitext,0.7658901369431103
real,sparse_fisher_lloyd,fidelity_within,wikitext,wikitext,0.17428923799072638
real,sparse_fisher_lloyd,fidelity_within_r,wikitext,wikitext,0.4174939564787309
real,sparse_fisher_lloyd,fidelity_within_insample,wikitext,wikitext,0.17199373046081745
real,sparse_fisher_lloyd,reliability_ceiling,wikitext,wikitext,0.7881334384205936
real,sparse_fisher_lloyd,triviality_ami_layer,wikitext,wikitext,0.10128915107771055
real,sparse_fisher_lloyd,triviality_ami_dimension,wikitext,wikitext,0.25879842053304325
real,sparse_fisher_lloyd,triviality_ami_hubness,wikitext,wikitext,0.19166057373553907
real,sparse_fisher_lloyd,triviality_ami_noise_scale,wikitext,wikitext,0.07855978128640678
real,sparse_fisher_lloyd,triviality_n_effective_networks,wikitext,wikitext,50.0
real,sparse_fisher_lloyd,triviality_median_max_membership,wikitext,wikitext,0.575
real,sparse_fisher_lloyd,triviality_frac_confident,wikitext,wikitext,0.5932491987179487
real,sparse_fisher_lloyd100,reliability_within,wikitext,wikitext,0.7633142288876612
real,sparse_fisher_lloyd100,fidelity_within,wikitext,wikitext,0.20378257558937196
real,sparse_fisher_lloyd100,fidelity_within_r,wikitext,wikitext,0.4514334368094887
real,sparse_fisher_lloyd100,fidelity_within_insample,wikitext,wikitext,0.20167599313589935
real,sparse_fisher_lloyd100,reliability_ceiling,wikitext,wikitext,0.7618673955159689
real,sparse_fisher_lloyd100,triviality_ami_layer,wikitext,wikitext,0.08117443635839156
real,sparse_fisher_lloyd100,triviality_ami_dimension,wikitext,wikitext,0.31012606947170335
real,sparse_fisher_lloyd100,triviality_ami_hubness,wikitext,wikitext,0.18705456619808633
real,sparse_fisher_lloyd100,triviality_ami_noise_scale,wikitext,wikitext,0.08190639811283931
real,sparse_fisher_lloyd100,triviality_n_effective_networks,wikitext,wikitext,100.0
real,sparse_fisher_lloyd100,triviality_median_max_membership,wikitext,wikitext,0.525
real,sparse_fisher_lloyd100,triviality_frac_confident,wikitext,wikitext,0.5310496794871795
real,(ceiling),fidelity_within,bookcorpus,bookcorpus,0.9932568094407094
real,(ceiling),fidelity_within_r,bookcorpus,bookcorpus,0.9966256066606637
real,binarize_global_lloyd,reliability_within,bookcorpus,bookcorpus,0.8453320481137793
real,binarize_global_lloyd,fidelity_within,bookcorpus,bookcorpus,0.23974730754292106
real,binarize_global_lloyd,fidelity_within_r,bookcorpus,bookcorpus,0.48964722973989566
real,binarize_global_lloyd,fidelity_within_insample,bookcorpus,bookcorpus,0.23862304674039225
real,binarize_global_lloyd,reliability_ceiling,bookcorpus,bookcorpus,0.8385437288370665
real,binarize_global_lloyd,triviality_ami_layer,bookcorpus,bookcorpus,0.03818814001175194
real,binarize_global_lloyd,triviality_ami_dimension,bookcorpus,bookcorpus,0.20089514926408097
real,binarize_global_lloyd,triviality_ami_hubness,bookcorpus,bookcorpus,0.3329905320572473
real,binarize_global_lloyd,triviality_ami_noise_scale,bookcorpus,bookcorpus,0.030740381712467235
real,binarize_global_lloyd,triviality_n_effective_networks,bookcorpus,bookcorpus,50.0
real,binarize_global_lloyd,triviality_median_max_membership,bookcorpus,bookcorpus,0.625
real,binarize_global_lloyd,triviality_frac_confident,bookcorpus,bookcorpus,0.6354166666666666
real,binarize_global_lloyd100,reliability_within,bookcorpus,bookcorpus,0.8371084961955283
real,binarize_global_lloyd100,fidelity_within,bookcorpus,bookcorpus,0.2717140911292222
real,binarize_global_lloyd100,fidelity_within_r,bookcorpus,bookcorpus,0.521268062400439
real,binarize_global_lloyd100,fidelity_within_insample,bookcorpus,bookcorpus,0.27079280367945957
real,binarize_global_lloyd100,reliability_ceiling,bookcorpus,bookcorpus,0.8193525684394788
real,binarize_global_lloyd100,triviality_ami_layer,bookcorpus,bookcorpus,0.03611971646420685
real,binarize_global_lloyd100,triviality_ami_dimension,bookcorpus,bookcorpus,0.24165278451104288
real,binarize_global_lloyd100,triviality_ami_hubness,bookcorpus,bookcorpus,0.3182904118689793
real,binarize_global_lloyd100,triviality_ami_noise_scale,bookcorpus,bookcorpus,0.03514756960712568
real,binarize_global_lloyd100,triviality_n_effective_networks,bookcorpus,bookcorpus,100.0
real,binarize_global_lloyd100,triviality_median_max_membership,bookcorpus,bookcorpus,0.55
real,binarize_global_lloyd100,triviality_frac_confident,bookcorpus,bookcorpus,0.5486778846153846
real,binarize_row_lloyd,reliability_within,bookcorpus,bookcorpus,0.6485558132588358
real,binarize_row_lloyd,fidelity_within,bookcorpus,bookcorpus,0.1766642822391662
real,binarize_row_lloyd,fidelity_within_r,bookcorpus,bookcorpus,0.4203202580543518
real,binarize_row_lloyd,fidelity_within_insample,bookcorpus,bookcorpus,0.1761699172190887
real,binarize_row_lloyd,reliability_ceiling,bookcorpus,bookcorpus,0.5460910320867387
real,binarize_row_lloyd,triviality_ami_layer,bookcorpus,bookcorpus,0.055788798536149924
real,binarize_row_lloyd,triviality_ami_dimension,bookcorpus,bookcorpus,0.26629623299659944
real,binarize_row_lloyd,triviality_ami_hubness,bookcorpus,bookcorpus,0.12734671671712733
real,binarize_row_lloyd,triviality_ami_noise_scale,bookcorpus,bookcorpus,0.03200015569983881
real,binarize_row_lloyd,triviality_n_effective_networks,bookcorpus,bookcorpus,50.0
real,binarize_row_lloyd,triviality_median_max_membership,bookcorpus,bookcorpus,0.5
real,binarize_row_lloyd,triviality_frac_confident,bookcorpus,bookcorpus,0.4957932692307692
real,binarize_row_lloyd100,reliability_within,bookcorpus,bookcorpus,0.5759388006013335
real,binarize_row_lloyd100,fidelity_within,bookcorpus,bookcorpus,0.20542380978438057
real,binarize_row_lloyd100,fidelity_within_r,bookcorpus,bookcorpus,0.4532417244327514
real,binarize_row_lloyd100,fidelity_within_insample,bookcorpus,bookcorpus,0.20516320054271808
real,binarize_row_lloyd100,reliability_ceiling,bookcorpus,bookcorpus,0.5227259619207063
real,binarize_row_lloyd100,triviality_ami_layer,bookcorpus,bookcorpus,0.048643773340759325
real,binarize_row_lloyd100,triviality_ami_dimension,bookcorpus,bookcorpus,0.3205036732799041
real,binarize_row_lloyd100,triviality_ami_hubness,bookcorpus,bookcorpus,0.11873507009462163
real,binarize_row_lloyd100,triviality_ami_noise_scale,bookcorpus,bookcorpus,0.035841174161416675
real,binarize_row_lloyd100,triviality_n_effective_networks,bookcorpus,bookcorpus,100.0
real,binarize_row_lloyd100,triviality_median_max_membership,bookcorpus,bookcorpus,0.45
real,binarize_row_lloyd100,triviality_frac_confident,bookcorpus,bookcorpus,0.4072516025641026
real,ica,reliability_within,bookcorpus,bookcorpus,0.3158436762548307
real,ica,reliability_within_maps,bookcorpus,bookcorpus,0.6973347815570088
real,ica,fidelity_within,bookcorpus,bookcorpus,0.03631006177108198
real,ica,fidelity_within_r,bookcorpus,bookcorpus,0.19056016258069866
real,ica,fidelity_within_insample,bookcorpus,bookcorpus,0.03638262928184144
real,ica,reliability_ceiling,bookcorpus,bookcorpus,0.3140630439837682
real,ica,triviality_ami_layer,bookcorpus,bookcorpus,0.013498326316842604
real,ica,triviality_ami_dimension,bookcorpus,bookcorpus,0.40554018672210446
real,ica,triviality_ami_hubness,bookcorpus,bookcorpus,0.020613692830735206
real,ica,triviality_ami_noise_scale,bookcorpus,bookcorpus,0.032508250987488614
real,ica,triviality_n_effective_networks,bookcorpus,bookcorpus,50.0
real,ica,triviality_median_max_membership,bookcorpus,bookcorpus,0.325
real,ica,triviality_frac_confident,bookcorpus,bookcorpus,0.2180488782051282
real,ica100,reliability_within,bookcorpus,bookcorpus,0.25081656923131945
real,ica100,reliability_within_maps,bookcorpus,bookcorpus,0.5606305670845414
real,ica100,fidelity_within,bookcorpus,bookcorpus,0.053473547928391985
real,ica100,fidelity_within_r,bookcorpus,bookcorpus,0.23125039641189474
real,ica100,fidelity_within_insample,bookcorpus,bookcorpus,0.05351138979667425
real,ica100,reliability_ceiling,bookcorpus,bookcorpus,0.201392400066265
real,ica100,triviality_ami_layer,bookcorpus,bookcorpus,0.010081337448598869
real,ica100,triviality_ami_dimension,bookcorpus,bookcorpus,0.49714794201916734
real,ica100,triviality_ami_hubness,bookcorpus,bookcorpus,0.027333407122805395
real,ica100,triviality_ami_noise_scale,bookcorpus,bookcorpus,0.03665697229021888
real,ica100,triviality_n_effective_networks,bookcorpus,bookcorpus,100.0
real,ica100,triviality_median_max_membership,bookcorpus,bookcorpus,0.2
real,ica100,triviality_frac_confident,bookcorpus,bookcorpus,0.13271233974358973
real,sparse_fisher_lloyd,reliability_within,bookcorpus,bookcorpus,0.7741314456310209
real,sparse_fisher_lloyd,fidelity_within,bookcorpus,bookcorpus,0.23267284865252957
real,sparse_fisher_lloyd,fidelity_within_r,bookcorpus,bookcorpus,0.4823681266746943
real,sparse_fisher_lloyd,fidelity_within_insample,bookcorpus,bookcorpus,0.23179404451496088
real,sparse_fisher_lloyd,reliability_ceiling,bookcorpus,bookcorpus,0.628287319692638
real,sparse_fisher_lloyd,triviality_ami_layer,bookcorpus,bookcorpus,0.05231529587575701
real,sparse_fisher_lloyd,triviality_ami_dimension,bookcorpus,bookcorpus,0.24522495650063703
real,sparse_fisher_lloyd,triviality_ami_hubness,bookcorpus,bookcorpus,0.22617431869941657
real,sparse_fisher_lloyd,triviality_ami_noise_scale,bookcorpus,bookcorpus,0.03619551675819796
real,sparse_fisher_lloyd,triviality_n_effective_networks,bookcorpus,bookcorpus,50.0
real,sparse_fisher_lloyd,triviality_median_max_membership,bookcorpus,bookcorpus,0.55
real,sparse_fisher_lloyd,triviality_frac_confident,bookcorpus,bookcorpus,0.5740184294871795
real,sparse_fisher_lloyd100,reliability_within,bookcorpus,bookcorpus,0.7264143615885404
real,sparse_fisher_lloyd100,fidelity_within,bookcorpus,bookcorpus,0.2611618950682467
real,sparse_fisher_lloyd100,fidelity_within_r,bookcorpus,bookcorpus,0.5110458116016895
real,sparse_fisher_lloyd100,fidelity_within_insample,bookcorpus,bookcorpus,0.26035071934161613
real,sparse_fisher_lloyd100,reliability_ceiling,bookcorpus,bookcorpus,0.6287326589297044
real,sparse_fisher_lloyd100,triviality_ami_layer,bookcorpus,bookcorpus,0.04980670263039093
real,sparse_fisher_lloyd100,triviality_ami_dimension,bookcorpus,bookcorpus,0.30410811704692275
real,sparse_fisher_lloyd100,triviality_ami_hubness,bookcorpus,bookcorpus,0.21776022483225502
real,sparse_fisher_lloyd100,triviality_ami_noise_scale,bookcorpus,bookcorpus,0.04303130215510059
real,sparse_fisher_lloyd100,triviality_n_effective_networks,bookcorpus,bookcorpus,99.0
real,sparse_fisher_lloyd100,triviality_median_max_membership,bookcorpus,bookcorpus,0.475
real,sparse_fisher_lloyd100,triviality_frac_confident,bookcorpus,bookcorpus,0.41626602564102566
real,(ceiling),fidelity_within,agnews,agnews,0.9846233382613736
real,(ceiling),fidelity_within_r,agnews,agnews,0.9923313927390375
real,binarize_global_lloyd,reliability_within,agnews,agnews,0.7613014191717732
real,binarize_global_lloyd,fidelity_within,agnews,agnews,0.1239800444070287
real,binarize_global_lloyd,fidelity_within_r,agnews,agnews,0.35212458837490446
real,binarize_global_lloyd,fidelity_within_insample,agnews,agnews,0.12368257821304007
real,binarize_global_lloyd,reliability_ceiling,agnews,agnews,0.7922283985830443
real,binarize_global_lloyd,triviality_ami_layer,agnews,agnews,0.10949861653148275
real,binarize_global_lloyd,triviality_ami_dimension,agnews,agnews,0.2601783958618968
real,binarize_global_lloyd,triviality_ami_hubness,agnews,agnews,0.21921524119664895
real,binarize_global_lloyd,triviality_ami_noise_scale,agnews,agnews,0.07415655413465076
real,binarize_global_lloyd,triviality_n_effective_networks,agnews,agnews,50.0
real,binarize_global_lloyd,triviality_median_max_membership,agnews,agnews,0.6
real,binarize_global_lloyd,triviality_frac_confident,agnews,agnews,0.6400240384615384
real,binarize_global_lloyd100,reliability_within,agnews,agnews,0.7414240353480902
real,binarize_global_lloyd100,fidelity_within,agnews,agnews,0.16044913456066923
real,binarize_global_lloyd100,fidelity_within_r,agnews,agnews,0.4005756839246812
real,binarize_global_lloyd100,fidelity_within_insample,agnews,agnews,0.16016458195939998
real,binarize_global_lloyd100,reliability_ceiling,agnews,agnews,0.7809376568824877
real,binarize_global_lloyd100,triviality_ami_layer,agnews,agnews,0.09576908406827192
real,binarize_global_lloyd100,triviality_ami_dimension,agnews,agnews,0.3040053099778479
real,binarize_global_lloyd100,triviality_ami_hubness,agnews,agnews,0.21324443380759336
real,binarize_global_lloyd100,triviality_ami_noise_scale,agnews,agnews,0.07719008757934084
real,binarize_global_lloyd100,triviality_n_effective_networks,agnews,agnews,100.0
real,binarize_global_lloyd100,triviality_median_max_membership,agnews,agnews,0.55
real,binarize_global_lloyd100,triviality_frac_confident,agnews,agnews,0.5504807692307693
real,binarize_row_lloyd,reliability_within,agnews,agnews,0.6627625528190143
real,binarize_row_lloyd,fidelity_within,agnews,agnews,0.11410428731248567
real,binarize_row_lloyd,fidelity_within_r,agnews,agnews,0.33781117445367553
real,binarize_row_lloyd,fidelity_within_insample,agnews,agnews,0.11419062004136304
real,binarize_row_lloyd,reliability_ceiling,agnews,agnews,0.6870141133736901
real,binarize_row_lloyd,triviality_ami_layer,agnews,agnews,0.09719686923109887
real,binarize_row_lloyd,triviality_ami_dimension,agnews,agnews,0.31440014121375404
real,binarize_row_lloyd,triviality_ami_hubness,agnews,agnews,0.08787224281446283
real,binarize_row_lloyd,triviality_ami_noise_scale,agnews,agnews,0.06775788194269491
real,binarize_row_lloyd,triviality_n_effective_networks,agnews,agnews,50.0
real,binarize_row_lloyd,triviality_median_max_membership,agnews,agnews,0.525
real,binarize_row_lloyd,triviality_frac_confident,agnews,agnews,0.5096153846153846
real,binarize_row_lloyd100,reliability_within,agnews,agnews,0.5684782225561545
real,binarize_row_lloyd100,fidelity_within,agnews,agnews,0.14178981112678657
real,binarize_row_lloyd100,fidelity_within_r,agnews,agnews,0.3765661761842514
real,binarize_row_lloyd100,fidelity_within_insample,agnews,agnews,0.14192647600648267
real,binarize_row_lloyd100,reliability_ceiling,agnews,agnews,0.46048941725083326
real,binarize_row_lloyd100,triviality_ami_layer,agnews,agnews,0.0782785399174552
real,binarize_row_lloyd100,triviality_ami_dimension,agnews,agnews,0.39168559663417374
real,binarize_row_lloyd100,triviality_ami_hubness,agnews,agnews,0.09146829215170636
real,binarize_row_lloyd100,triviality_ami_noise_scale,agnews,agnews,0.06679021910592828
real,binarize_row_lloyd100,triviality_n_effective_networks,agnews,agnews,99.0
real,binarize_row_lloyd100,triviality_median_max_membership,agnews,agnews,0.45
real,binarize_row_lloyd100,triviality_frac_confident,agnews,agnews,0.374599358974359
real,ica,reliability_within,agnews,agnews,0.2716759364879889
real,ica,reliability_within_maps,agnews,agnews,0.6809610608818113
real,ica,fidelity_within,agnews,agnews,0.03763253655879051
real,ica,fidelity_within_r,agnews,agnews,0.19402114218808542
real,ica,fidelity_within_insample,agnews,agnews,0.037546739308985666
real,ica,reliability_ceiling,agnews,agnews,0.2612558133165498
real,ica,triviality_ami_layer,agnews,agnews,0.012144670847889198
real,ica,triviality_ami_dimension,agnews,agnews,0.41045867301184885
real,ica,triviality_ami_hubness,agnews,agnews,0.01993171086132
real,ica,triviality_ami_noise_scale,agnews,agnews,0.036006063364338856
real,ica,triviality_n_effective_networks,agnews,agnews,50.0
real,ica,triviality_median_max_membership,agnews,agnews,0.3
real,ica,triviality_frac_confident,agnews,agnews,0.1681690705128205
real,ica100,reliability_within,agnews,agnews,0.21847119381637586
real,ica100,reliability_within_maps,agnews,agnews,0.5600056332633293
real,ica100,fidelity_within,agnews,agnews,0.0609941585011462
real,ica100,fidelity_within_r,agnews,agnews,0.24699356905497585
real,ica100,fidelity_within_insample,agnews,agnews,0.06078495552195329
real,ica100,reliability_ceiling,agnews,agnews,0.19304395449680176
real,ica100,triviality_ami_layer,agnews,agnews,0.010454557481640267
real,ica100,triviality_ami_dimension,agnews,agnews,0.4953078979771757
real,ica100,triviality_ami_hubness,agnews,agnews,0.03250621750893465
real,ica100,triviality_ami_noise_scale,agnews,agnews,0.046568298168790885
real,ica100,triviality_n_effective_networks,agnews,agnews,100.0
real,ica100,triviality_median_max_membership,agnews,agnews,0.2
real,ica100,triviality_frac_confident,agnews,agnews,0.1486378205128205
real,sparse_fisher_lloyd,reliability_within,agnews,agnews,0.8457097743471832
real,sparse_fisher_lloyd,fidelity_within,agnews,agnews,0.14280265993680863
real,sparse_fisher_lloyd,fidelity_within_r,agnews,agnews,0.37790783819925255
real,sparse_fisher_lloyd,fidelity_within_insample,agnews,agnews,0.14242878898086841
real,sparse_fisher_lloyd,reliability_ceiling,agnews,agnews,0.8363958422481141
real,sparse_fisher_lloyd,triviality_ami_layer,agnews,agnews,0.11234055516757122
real,sparse_fisher_lloyd,triviality_ami_dimension,agnews,agnews,0.24952985301311156
real,sparse_fisher_lloyd,triviality_ami_hubness,agnews,agnews,0.15502953594354138
real,sparse_fisher_lloyd,triviality_ami_noise_scale,agnews,agnews,0.08286745387549121
real,sparse_fisher_lloyd,triviality_n_effective_networks,agnews,agnews,50.0
real,sparse_fisher_lloyd,triviality_median_max_membership,agnews,agnews,0.65
real,sparse_fisher_lloyd,triviality_frac_confident,agnews,agnews,0.6822916666666666
real,sparse_fisher_lloyd100,reliability_within,agnews,agnews,0.8251734502017034
real,sparse_fisher_lloyd100,fidelity_within,agnews,agnews,0.17245651816430396
real,sparse_fisher_lloyd100,fidelity_within_r,agnews,agnews,0.4152930008036606
real,sparse_fisher_lloyd100,fidelity_within_insample,agnews,agnews,0.17216114978441266
real,sparse_fisher_lloyd100,reliability_ceiling,agnews,agnews,0.8031687622509351
real,sparse_fisher_lloyd100,triviality_ami_layer,agnews,agnews,0.09163089765552743
real,sparse_fisher_lloyd100,triviality_ami_dimension,agnews,agnews,0.3046622494148179
real,sparse_fisher_lloyd100,triviality_ami_hubness,agnews,agnews,0.16048983188599114
real,sparse_fisher_lloyd100,triviality_ami_noise_scale,agnews,agnews,0.08483857587537277
real,sparse_fisher_lloyd100,triviality_n_effective_networks,agnews,agnews,100.0
real,sparse_fisher_lloyd100,triviality_median_max_membership,agnews,agnews,0.6
real,sparse_fisher_lloyd100,triviality_frac_confident,agnews,agnews,0.5986578525641025
real,(ceiling),fidelity_within,tldr17,tldr17,0.977654968251753
real,(ceiling),fidelity_within_r,tldr17,tldr17,0.9889055326739657
real,binarize_global_lloyd,reliability_within,tldr17,tldr17,0.7308060970428852
real,binarize_global_lloyd,fidelity_within,tldr17,tldr17,0.16688026152101587
real,binarize_global_lloyd,fidelity_within_r,tldr17,tldr17,0.40867208231108015
real,binarize_global_lloyd,fidelity_within_insample,tldr17,tldr17,0.17361281071596413
real,binarize_global_lloyd,reliability_ceiling,tldr17,tldr17,0.8040091262695861
real,binarize_global_lloyd,triviality_ami_layer,tldr17,tldr17,0.061363321026095916
real,binarize_global_lloyd,triviality_ami_dimension,tldr17,tldr17,0.2541944110225422
real,binarize_global_lloyd,triviality_ami_hubness,tldr17,tldr17,0.28768675056666876
real,binarize_global_lloyd,triviality_ami_noise_scale,tldr17,tldr17,0.05617076589773993
real,binarize_global_lloyd,triviality_n_effective_networks,tldr17,tldr17,50.0
real,binarize_global_lloyd,triviality_median_max_membership,tldr17,tldr17,0.625
real,binarize_global_lloyd,triviality_frac_confident,tldr17,tldr17,0.680488782051282
real,binarize_global_lloyd100,reliability_within,tldr17,tldr17,0.7077755006925418
real,binarize_global_lloyd100,fidelity_within,tldr17,tldr17,0.20319305868006132
real,binarize_global_lloyd100,fidelity_within_r,tldr17,tldr17,0.4508965217559555
real,binarize_global_lloyd100,fidelity_within_insample,tldr17,tldr17,0.20953551906615797
real,binarize_global_lloyd100,reliability_ceiling,tldr17,tldr17,0.7034336245914187
real,binarize_global_lloyd100,triviality_ami_layer,tldr17,tldr17,0.05575001151250367
real,binarize_global_lloyd100,triviality_ami_dimension,tldr17,tldr17,0.29625804495832386
real,binarize_global_lloyd100,triviality_ami_hubness,tldr17,tldr17,0.2668782113805593
real,binarize_global_lloyd100,triviality_ami_noise_scale,tldr17,tldr17,0.05960729141299034
real,binarize_global_lloyd100,triviality_n_effective_networks,tldr17,tldr17,100.0
real,binarize_global_lloyd100,triviality_median_max_membership,tldr17,tldr17,0.55
real,binarize_global_lloyd100,triviality_frac_confident,tldr17,tldr17,0.5647035256410257
real,binarize_row_lloyd,reliability_within,tldr17,tldr17,0.6363103961423738
real,binarize_row_lloyd,fidelity_within,tldr17,tldr17,0.12872901403472137
real,binarize_row_lloyd,fidelity_within_r,tldr17,tldr17,0.3589247778247124
real,binarize_row_lloyd,fidelity_within_insample,tldr17,tldr17,0.1333804863288217
real,binarize_row_lloyd,reliability_ceiling,tldr17,tldr17,0.6605014715809552
real,binarize_row_lloyd,triviality_ami_layer,tldr17,tldr17,0.07793083924703431
real,binarize_row_lloyd,triviality_ami_dimension,tldr17,tldr17,0.3107069725402956
real,binarize_row_lloyd,triviality_ami_hubness,tldr17,tldr17,0.0941193096218846
real,binarize_row_lloyd,triviality_ami_noise_scale,tldr17,tldr17,0.05843022756068102
real,binarize_row_lloyd,triviality_n_effective_networks,tldr17,tldr17,50.0
real,binarize_row_lloyd,triviality_median_max_membership,tldr17,tldr17,0.5
real,binarize_row_lloyd,triviality_frac_confident,tldr17,tldr17,0.4990985576923077
real,binarize_row_lloyd100,reliability_within,tldr17,tldr17,0.5718956638944168
real,binarize_row_lloyd100,fidelity_within,tldr17,tldr17,0.16194843830425576
real,binarize_row_lloyd100,fidelity_within_r,tldr17,tldr17,0.4025542550718171
real,binarize_row_lloyd100,fidelity_within_insample,tldr17,tldr17,0.1671682803496808
real,binarize_row_lloyd100,reliability_ceiling,tldr17,tldr17,0.5497494583004509
real,binarize_row_lloyd100,triviality_ami_layer,tldr17,tldr17,0.06324170155944264
real,binarize_row_lloyd100,triviality_ami_dimension,tldr17,tldr17,0.38086082005380745
real,binarize_row_lloyd100,triviality_ami_hubness,tldr17,tldr17,0.10183847845488933
real,binarize_row_lloyd100,triviality_ami_noise_scale,tldr17,tldr17,0.05966988808454727
real,binarize_row_lloyd100,triviality_n_effective_networks,tldr17,tldr17,100.0
real,binarize_row_lloyd100,triviality_median_max_membership,tldr17,tldr17,0.475
real,binarize_row_lloyd100,triviality_frac_confident,tldr17,tldr17,0.4260817307692308
real,ica,reliability_within,tldr17,tldr17,0.29061604879086017
real,ica,reliability_within_maps,tldr17,tldr17,0.665039248318298
real,ica,fidelity_within,tldr17,tldr17,0.040544344927434195
real,ica,fidelity_within_r,tldr17,tldr17,0.2014428384021803
real,ica,fidelity_within_insample,tldr17,tldr17,0.04025655451569543
real,ica,reliability_ceiling,tldr17,tldr17,0.2975080359050735
real,ica,triviality_ami_layer,tldr17,tldr17,0.01624073305418621
real,ica,triviality_ami_dimension,tldr17,tldr17,0.4075504987248365
real,ica,triviality_ami_hubness,tldr17,tldr17,0.025460676466677143
real,ica,triviality_ami_noise_scale,tldr17,tldr17,0.03591415351207376
real,ica,triviality_n_effective_networks,tldr17,tldr17,50.0
real,ica,triviality_median_max_membership,tldr17,tldr17,0.3
real,ica,triviality_frac_confident,tldr17,tldr17,0.18159054487179488
real,ica100,reliability_within,tldr17,tldr17,0.2220855173501897
real,ica100,reliability_within_maps,tldr17,tldr17,0.5529883747326176
real,ica100,fidelity_within,tldr17,tldr17,0.06711185555705135
real,ica100,fidelity_within_r,tldr17,tldr17,0.2591279322750267
real,ica100,fidelity_within_insample,tldr17,tldr17,0.06693020396007898
real,ica100,reliability_ceiling,tldr17,tldr17,0.18226988974694278
real,ica100,triviality_ami_layer,tldr17,tldr17,0.011068553444601295
real,ica100,triviality_ami_dimension,tldr17,tldr17,0.4966671295708155
real,ica100,triviality_ami_hubness,tldr17,tldr17,0.04433443667333222
real,ica100,triviality_ami_noise_scale,tldr17,tldr17,0.0420250541141174
real,ica100,triviality_n_effective_networks,tldr17,tldr17,100.0
real,ica100,triviality_median_max_membership,tldr17,tldr17,0.2
real,ica100,triviality_frac_confident,tldr17,tldr17,0.1335136217948718
real,sparse_fisher_lloyd,reliability_within,tldr17,tldr17,0.766253676222238
real,sparse_fisher_lloyd,fidelity_within,tldr17,tldr17,0.17560123065296174
real,sparse_fisher_lloyd,fidelity_within_r,tldr17,tldr17,0.4191612472662098
real,sparse_fisher_lloyd,fidelity_within_insample,tldr17,tldr17,0.1806107142285417
real,sparse_fisher_lloyd,reliability_ceiling,tldr17,tldr17,0.7977611640405624
real,sparse_fisher_lloyd,triviality_ami_layer,tldr17,tldr17,0.0919702956661603
real,sparse_fisher_lloyd,triviality_ami_dimension,tldr17,tldr17,0.2685796287924762
real,sparse_fisher_lloyd,triviality_ami_hubness,tldr17,tldr17,0.19796301131651078
real,sparse_fisher_lloyd,triviality_ami_noise_scale,tldr17,tldr17,0.07050340051648714
real,sparse_fisher_lloyd,triviality_n_effective_networks,tldr17,tldr17,50.0
real,sparse_fisher_lloyd,triviality_median_max_membership,tldr17,tldr17,0.65
real,sparse_fisher_lloyd,triviality_frac_confident,tldr17,tldr17,0.7041266025641025
real,sparse_fisher_lloyd100,reliability_within,tldr17,tldr17,0.7391383327397296
real,sparse_fisher_lloyd100,fidelity_within,tldr17,tldr17,0.2109125276739403
real,sparse_fisher_lloyd100,fidelity_within_r,tldr17,tldr17,0.45934167943430504
real,sparse_fisher_lloyd100,fidelity_within_insample,tldr17,tldr17,0.21540765403854656
real,sparse_fisher_lloyd100,reliability_ceiling,tldr17,tldr17,0.7698519770678266
real,sparse_fisher_lloyd100,triviality_ami_layer,tldr17,tldr17,0.07531600082406821
real,sparse_fisher_lloyd100,triviality_ami_dimension,tldr17,tldr17,0.3295391070175882
real,sparse_fisher_lloyd100,triviality_ami_hubness,tldr17,tldr17,0.18843502357461403
real,sparse_fisher_lloyd100,triviality_ami_noise_scale,tldr17,tldr17,0.0744940021876149
real,sparse_fisher_lloyd100,triviality_n_effective_networks,tldr17,tldr17,100.0
real,sparse_fisher_lloyd100,triviality_median_max_membership,tldr17,tldr17,0.525
real,sparse_fisher_lloyd100,triviality_frac_confident,tldr17,tldr17,0.5293469551282052
real,(ceiling),fidelity_across,wikitext,bookcorpus,0.5466188420503373
real,binarize_global_lloyd,fidelity_across,wikitext,bookcorpus,0.3000256062785834
real,binarize_global_lloyd,reliability_across,wikitext,bookcorpus,0.10876316758409946
real,binarize_global_lloyd100,fidelity_across,wikitext,bookcorpus,0.3247677165273959
real,binarize_global_lloyd100,reliability_across,wikitext,bookcorpus,0.10558664303780976
real,binarize_row_lloyd,fidelity_across,wikitext,bookcorpus,0.2533800714147223
real,binarize_row_lloyd,reliability_across,wikitext,bookcorpus,0.06680423715744509
real,binarize_row_lloyd100,fidelity_across,wikitext,bookcorpus,0.2765667426126601
real,binarize_row_lloyd100,reliability_across,wikitext,bookcorpus,0.05914309978976451
real,ica,fidelity_across,wikitext,bookcorpus,0.1636073826663186
real,ica,reliability_across,wikitext,bookcorpus,0.049699742650267824
real,ica100,fidelity_across,wikitext,bookcorpus,0.20289063342371425
real,ica100,reliability_across,wikitext,bookcorpus,0.09036038168976118
real,sparse_fisher_lloyd,fidelity_across,wikitext,bookcorpus,0.3214414159125854
real,sparse_fisher_lloyd,reliability_across,wikitext,bookcorpus,0.16450347662767362
real,sparse_fisher_lloyd100,fidelity_across,wikitext,bookcorpus,0.34298533757590577
real,sparse_fisher_lloyd100,reliability_across,wikitext,bookcorpus,0.15220958129755224
real,(ceiling),fidelity_across,wikitext,agnews,0.6023094325019461
real,binarize_global_lloyd,fidelity_across,wikitext,agnews,0.23216456958433404
real,binarize_global_lloyd,reliability_across,wikitext,agnews,0.122591364863235
real,binarize_global_lloyd100,fidelity_across,wikitext,agnews,0.27057113620047607
real,binarize_global_lloyd100,reliability_across,wikitext,agnews,0.1183333038182807
real,binarize_row_lloyd,fidelity_across,wikitext,agnews,0.2117668712684339
real,binarize_row_lloyd,reliability_across,wikitext,agnews,0.07187342457564716
real,binarize_row_lloyd100,fidelity_across,wikitext,agnews,0.2409792322512974
real,binarize_row_lloyd100,reliability_across,wikitext,agnews,0.062244544827725644
real,ica,fidelity_across,wikitext,agnews,0.17432135400412177
real,ica,reliability_across,wikitext,agnews,0.05167703058077603
real,ica100,fidelity_across,wikitext,agnews,0.22239513516786794
real,ica100,reliability_across,wikitext,agnews,0.1023537735033585
real,sparse_fisher_lloyd,fidelity_across,wikitext,agnews,0.2792754230174118
real,sparse_fisher_lloyd,reliability_across,wikitext,agnews,0.20349302265766617
real,sparse_fisher_lloyd100,fidelity_across,wikitext,agnews,0.3086391355781492
real,sparse_fisher_lloyd100,reliability_across,wikitext,agnews,0.18596345934929343
real,(ceiling),fidelity_across,wikitext,tldr17,0.5425762276030526
real,binarize_global_lloyd,fidelity_across,wikitext,tldr17,0.23346601263823002
real,binarize_global_lloyd,reliability_across,wikitext,tldr17,0.09673727167919587
real,binarize_global_lloyd100,fidelity_across,wikitext,tldr17,0.2665914816684295
real,binarize_global_lloyd100,reliability_across,wikitext,tldr17,0.08435577741433584
real,binarize_row_lloyd,fidelity_across,wikitext,tldr17,0.2043307663318441
real,binarize_row_lloyd,reliability_across,wikitext,tldr17,0.05492333699391562
real,binarize_row_lloyd100,fidelity_across,wikitext,tldr17,0.23373355417586242
real,binarize_row_lloyd100,reliability_across,wikitext,tldr17,0.05305121483724428
real,ica,fidelity_across,wikitext,tldr17,0.16813009452445676
real,ica,reliability_across,wikitext,tldr17,0.05019523419291877
real,ica100,fidelity_across,wikitext,tldr17,0.21535424111727217
real,ica100,reliability_across,wikitext,tldr17,0.0970933243965197
real,sparse_fisher_lloyd,fidelity_across,wikitext,tldr17,0.27289626119720817
real,sparse_fisher_lloyd,reliability_across,wikitext,tldr17,0.15498245508766945
real,sparse_fisher_lloyd100,fidelity_across,wikitext,tldr17,0.3021915952594482
real,sparse_fisher_lloyd100,reliability_across,wikitext,tldr17,0.14455543679614216
real,(ceiling),fidelity_across,bookcorpus,wikitext,0.5466188420503372
real,binarize_global_lloyd,fidelity_across,bookcorpus,wikitext,0.252709222443811
real,binarize_global_lloyd,reliability_across,bookcorpus,wikitext,0.10876316758409946
real,binarize_global_lloyd100,fidelity_across,bookcorpus,wikitext,0.2796756824797049
real,binarize_global_lloyd100,reliability_across,bookcorpus,wikitext,0.10558664303780976
real,binarize_row_lloyd,fidelity_across,bookcorpus,wikitext,0.21614674545799092
real,binarize_row_lloyd,reliability_across,bookcorpus,wikitext,0.06680423715744509
real,binarize_row_lloyd100,fidelity_across,bookcorpus,wikitext,0.24973652007868175
real,binarize_row_lloyd100,reliability_across,bookcorpus,wikitext,0.05914309978976451
real,ica,fidelity_across,bookcorpus,wikitext,0.16175182973815752
real,ica,reliability_across,bookcorpus,wikitext,0.049699742650267824
real,ica100,fidelity_across,bookcorpus,wikitext,0.2014518550515662
real,ica100,reliability_across,bookcorpus,wikitext,0.09036038168976118
real,sparse_fisher_lloyd,fidelity_across,bookcorpus,wikitext,0.27949920690318686
real,sparse_fisher_lloyd,reliability_across,bookcorpus,wikitext,0.16450347662767362
real,sparse_fisher_lloyd100,fidelity_across,bookcorpus,wikitext,0.30763032776269483
real,sparse_fisher_lloyd100,reliability_across,bookcorpus,wikitext,0.15220958129755224
real,(ceiling),fidelity_across,bookcorpus,agnews,0.42538220810453253
real,binarize_global_lloyd,fidelity_across,bookcorpus,agnews,0.14489097252115635
real,binarize_global_lloyd,reliability_across,bookcorpus,agnews,0.055819833706281755
real,binarize_global_lloyd100,fidelity_across,bookcorpus,agnews,0.1763256049715379
real,binarize_global_lloyd100,reliability_across,bookcorpus,agnews,0.05107309697974951
real,binarize_row_lloyd,fidelity_across,bookcorpus,agnews,0.12130731143834664
real,binarize_row_lloyd,reliability_across,bookcorpus,agnews,0.037727432693208225
real,binarize_row_lloyd100,fidelity_across,bookcorpus,agnews,0.15843481255551062
real,binarize_row_lloyd100,reliability_across,bookcorpus,agnews,0.042622527578950915
real,ica,fidelity_across,bookcorpus,agnews,0.14749057526492476
real,ica,reliability_across,bookcorpus,agnews,0.039240959885666414
real,ica100,fidelity_across,bookcorpus,agnews,0.19383136226721093
real,ica100,reliability_across,bookcorpus,agnews,0.0741337387246862
real,sparse_fisher_lloyd,fidelity_across,bookcorpus,agnews,0.18843103137951805
real,sparse_fisher_lloyd,reliability_across,bookcorpus,agnews,0.08540035868969556
real,sparse_fisher_lloyd100,fidelity_across,bookcorpus,agnews,0.21555923004929212
real,sparse_fisher_lloyd100,reliability_across,bookcorpus,agnews,0.09116438538081385
real,(ceiling),fidelity_across,bookcorpus,tldr17,0.5532346231608439
real,binarize_global_lloyd,fidelity_across,bookcorpus,tldr17,0.1938437077120874
real,binarize_global_lloyd,reliability_across,bookcorpus,tldr17,0.09799721441046765
real,binarize_global_lloyd100,fidelity_across,bookcorpus,tldr17,0.22932147054107474
real,binarize_global_lloyd100,reliability_across,bookcorpus,tldr17,0.0866203756417249
real,binarize_row_lloyd,fidelity_across,bookcorpus,tldr17,0.15386113102169785
real,binarize_row_lloyd,reliability_across,bookcorpus,tldr17,0.05113397576978498
real,binarize_row_lloyd100,fidelity_across,bookcorpus,tldr17,0.1962438643180191
real,binarize_row_lloyd100,reliability_across,bookcorpus,tldr17,0.05116972011930801
real,ica,fidelity_across,bookcorpus,tldr17,0.1678890487699458
real,ica,reliability_across,bookcorpus,tldr17,0.0737894672488124
real,ica100,fidelity_across,bookcorpus,tldr17,0.21476529045792556
real,ica100,reliability_across,bookcorpus,tldr17,0.10818675458847397
real,sparse_fisher_lloyd,fidelity_across,bookcorpus,tldr17,0.2287347645767694
real,sparse_fisher_lloyd,reliability_across,bookcorpus,tldr17,0.10743327679908812
real,sparse_fisher_lloyd100,fidelity_across,bookcorpus,tldr17,0.2637039916280562
real,sparse_fisher_lloyd100,reliability_across,bookcorpus,tldr17,0.1174144908898208
real,(ceiling),fidelity_across,agnews,wikitext,0.602309432501946
real,binarize_global_lloyd,fidelity_across,agnews,wikitext,0.2741693689560672
real,binarize_global_lloyd,reliability_across,agnews,wikitext,0.122591364863235
real,binarize_global_lloyd100,fidelity_across,agnews,wikitext,0.3128048882780048
real,binarize_global_lloyd100,reliability_across,agnews,wikitext,0.1183333038182807
real,binarize_row_lloyd,fidelity_across,agnews,wikitext,0.2592072780699008
real,binarize_row_lloyd,reliability_across,agnews,wikitext,0.07187342457564716
real,binarize_row_lloyd100,fidelity_across,agnews,wikitext,0.2864121035074784
real,binarize_row_lloyd100,reliability_across,agnews,wikitext,0.062244544827725644
real,ica,fidelity_across,agnews,wikitext,0.16926815721818828
real,ica,reliability_across,agnews,wikitext,0.05167703058077603
real,ica100,fidelity_across,agnews,wikitext,0.21543303130640742
real,ica100,reliability_across,agnews,wikitext,0.1023537735033585
real,sparse_fisher_lloyd,fidelity_across,agnews,wikitext,0.31674805692563024
real,sparse_fisher_lloyd,reliability_across,agnews,wikitext,0.20349302265766617
real,sparse_fisher_lloyd100,fidelity_across,agnews,wikitext,0.34555371491230663
real,sparse_fisher_lloyd100,reliability_across,agnews,wikitext,0.18596345934929343
real,(ceiling),fidelity_across,agnews,bookcorpus,0.42538220810453253
real,binarize_global_lloyd,fidelity_across,agnews,bookcorpus,0.21036991736560526
real,binarize_global_lloyd,reliability_across,agnews,bookcorpus,0.055819833706281755
real,binarize_global_lloyd100,fidelity_across,agnews,bookcorpus,0.2403770905130026
real,binarize_global_lloyd100,reliability_across,agnews,bookcorpus,0.05107309697974951
real,binarize_row_lloyd,fidelity_across,agnews,bookcorpus,0.2075363922957594
real,binarize_row_lloyd,reliability_across,agnews,bookcorpus,0.037727432693208225
real,binarize_row_lloyd100,fidelity_across,agnews,bookcorpus,0.2261707186131357
real,binarize_row_lloyd100,reliability_across,agnews,bookcorpus,0.042622527578950915
real,ica,fidelity_across,agnews,bookcorpus,0.1466679505780495
real,ica,reliability_across,agnews,bookcorpus,0.039240959885666414
real,ica100,fidelity_across,agnews,bookcorpus,0.1934123108994659
real,ica100,reliability_across,agnews,bookcorpus,0.0741337387246862
real,sparse_fisher_lloyd,fidelity_across,agnews,bookcorpus,0.25391716541855786
real,sparse_fisher_lloyd,reliability_across,agnews,bookcorpus,0.08540035868969556
real,sparse_fisher_lloyd100,fidelity_across,agnews,bookcorpus,0.27744501490272905
real,sparse_fisher_lloyd100,reliability_across,agnews,bookcorpus,0.09116438538081385
real,(ceiling),fidelity_across,agnews,tldr17,0.5165559481581137
real,binarize_global_lloyd,fidelity_across,agnews,tldr17,0.24295329804342505
real,binarize_global_lloyd,reliability_across,agnews,tldr17,0.09617513113612122
real,binarize_global_lloyd100,fidelity_across,agnews,tldr17,0.28039264799821423
real,binarize_global_lloyd100,reliability_across,agnews,tldr17,0.0781435911105538
real,binarize_row_lloyd,fidelity_across,agnews,tldr17,0.2374882141315091
real,binarize_row_lloyd,reliability_across,agnews,tldr17,0.06311361936579549
real,binarize_row_lloyd100,fidelity_across,agnews,tldr17,0.26061640419521265
real,binarize_row_lloyd100,reliability_across,agnews,tldr17,0.06593085587985661
real,ica,fidelity_across,agnews,tldr17,0.1610497269823933
real,ica,reliability_across,agnews,tldr17,0.041054948618525905
real,ica100,fidelity_across,agnews,tldr17,0.20673825548432528
real,ica100,reliability_across,agnews,tldr17,0.08627879691069562
real,sparse_fisher_lloyd,fidelity_across,agnews,tldr17,0.28833781353122223
real,sparse_fisher_lloyd,reliability_across,agnews,tldr17,0.1655220086280007
real,sparse_fisher_lloyd100,fidelity_across,agnews,tldr17,0.31721801458473586
real,sparse_fisher_lloyd100,reliability_across,agnews,tldr17,0.16063819809232216
real,(ceiling),fidelity_across,tldr17,wikitext,0.5425762276030527
real,binarize_global_lloyd,fidelity_across,tldr17,wikitext,0.23585503443889672
real,binarize_global_lloyd,reliability_across,tldr17,wikitext,0.09673727167919587
real,binarize_global_lloyd100,fidelity_across,tldr17,wikitext,0.27086609918348564
real,binarize_global_lloyd100,reliability_across,tldr17,wikitext,0.08435577741433584
real,binarize_row_lloyd,fidelity_across,tldr17,wikitext,0.21079214507750402
real,binarize_row_lloyd,reliability_across,tldr17,wikitext,0.05492333699391562
real,binarize_row_lloyd100,fidelity_across,tldr17,wikitext,0.24680830125693584
real,binarize_row_lloyd100,reliability_across,tldr17,wikitext,0.05305121483724428
real,ica,fidelity_across,tldr17,wikitext,0.16702451083674497
real,ica,reliability_across,tldr17,wikitext,0.05019523419291877
real,ica100,fidelity_across,tldr17,wikitext,0.21600018288311928
real,ica100,reliability_across,tldr17,wikitext,0.0970933243965197
real,sparse_fisher_lloyd,fidelity_across,tldr17,wikitext,0.2826214068053328
real,sparse_fisher_lloyd,reliability_across,tldr17,wikitext,0.15498245508766945
real,sparse_fisher_lloyd100,fidelity_across,tldr17,wikitext,0.3068909841704195
real,sparse_fisher_lloyd100,reliability_across,tldr17,wikitext,0.14455543679614216
real,(ceiling),fidelity_across,tldr17,bookcorpus,0.5532346231608439
real,binarize_global_lloyd,fidelity_across,tldr17,bookcorpus,0.2429566618803655
real,binarize_global_lloyd,reliability_across,tldr17,bookcorpus,0.09799721441046765
real,binarize_global_lloyd100,fidelity_across,tldr17,bookcorpus,0.2753655641814052
real,binarize_global_lloyd100,reliability_across,tldr17,bookcorpus,0.0866203756417249
real,binarize_row_lloyd,fidelity_across,tldr17,bookcorpus,0.21130385730509132
real,binarize_row_lloyd,reliability_across,tldr17,bookcorpus,0.05113397576978498
real,binarize_row_lloyd100,fidelity_across,tldr17,bookcorpus,0.24325437734015506
real,binarize_row_lloyd100,reliability_across,tldr17,bookcorpus,0.05116972011930801
real,ica,fidelity_across,tldr17,bookcorpus,0.1657681138514277
real,ica,reliability_across,tldr17,bookcorpus,0.0737894672488124
real,ica100,fidelity_across,tldr17,bookcorpus,0.21607373623351436
real,ica100,reliability_across,tldr17,bookcorpus,0.10818675458847397
real,sparse_fisher_lloyd,fidelity_across,tldr17,bookcorpus,0.27827694176223283
real,sparse_fisher_lloyd,reliability_across,tldr17,bookcorpus,0.10743327679908812
real,sparse_fisher_lloyd100,fidelity_across,tldr17,bookcorpus,0.30478306044114695
real,sparse_fisher_lloyd100,reliability_across,tldr17,bookcorpus,0.1174144908898208
real,(ceiling),fidelity_across,tldr17,agnews,0.5165559481581137
real,binarize_global_lloyd,fidelity_across,tldr17,agnews,0.21021737778835256
real,binarize_global_lloyd,reliability_across,tldr17,agnews,0.09617513113612122
real,binarize_global_lloyd100,fidelity_across,tldr17,agnews,0.24905224549662958
real,binarize_global_lloyd100,reliability_across,tldr17,agnews,0.0781435911105538
real,binarize_row_lloyd,fidelity_across,tldr17,agnews,0.1943587072578896
real,binarize_row_lloyd,reliability_across,tldr17,agnews,0.06311361936579549
real,binarize_row_lloyd100,fidelity_across,tldr17,agnews,0.229437015363724
real,binarize_row_lloyd100,reliability_across,tldr17,agnews,0.06593085587985661
real,ica,fidelity_across,tldr17,agnews,0.15751347235864538
real,ica,reliability_across,tldr17,agnews,0.041054948618525905
real,ica100,fidelity_across,tldr17,agnews,0.209555042683379
real,ica100,reliability_across,tldr17,agnews,0.08627879691069562
real,sparse_fisher_lloyd,fidelity_across,tldr17,agnews,0.2651536520316979
real,sparse_fisher_lloyd,reliability_across,tldr17,agnews,0.1655220086280007
real,sparse_fisher_lloyd100,fidelity_across,tldr17,agnews,0.2913985475945592
real,sparse_fisher_lloyd100,reliability_across,tldr17,agnews,0.16063819809232216
real,(ceiling),fidelity_across_halves,wikitext,bookcorpus,0.5407400405693968
real,binarize_global_lloyd,fidelity_across_halves,wikitext,bookcorpus,0.2972050906449104
real,binarize_global_lloyd,reliability_across_halves,wikitext,bookcorpus,0.10900966852046444
real,binarize_global_lloyd100,fidelity_across_halves,wikitext,bookcorpus,0.3193245406879517
real,binarize_global_lloyd100,reliability_across_halves,wikitext,bookcorpus,0.10274114297412199
real,binarize_row_lloyd,fidelity_across_halves,wikitext,bookcorpus,0.25269350168536703
real,binarize_row_lloyd,reliability_across_halves,wikitext,bookcorpus,0.06310195991862863
real,binarize_row_lloyd100,fidelity_across_halves,wikitext,bookcorpus,0.27993861974160644
real,binarize_row_lloyd100,reliability_across_halves,wikitext,bookcorpus,0.06193609470287257
real,ica,fidelity_across_halves,wikitext,bookcorpus,0.15771941769456782
real,ica,reliability_across_halves,wikitext,bookcorpus,0.052000256619532316
real,ica100,fidelity_across_halves,wikitext,bookcorpus,0.19980173030663062
real,ica100,reliability_across_halves,wikitext,bookcorpus,0.09117662918196823
real,sparse_fisher_lloyd,fidelity_across_halves,wikitext,bookcorpus,0.31709349098830486
real,sparse_fisher_lloyd,reliability_across_halves,wikitext,bookcorpus,0.16038416588346388
real,sparse_fisher_lloyd100,fidelity_across_halves,wikitext,bookcorpus,0.33935058778822824
real,sparse_fisher_lloyd100,reliability_across_halves,wikitext,bookcorpus,0.15820006031472447
real,(ceiling),fidelity_across_halves,wikitext,agnews,0.6015652423150111
real,binarize_global_lloyd,fidelity_across_halves,wikitext,agnews,0.23220607166691157
real,binarize_global_lloyd,reliability_across_halves,wikitext,agnews,0.11747996537044261
real,binarize_global_lloyd100,fidelity_across_halves,wikitext,agnews,0.270743738253863
real,binarize_global_lloyd100,reliability_across_halves,wikitext,agnews,0.11798067427735352
real,binarize_row_lloyd,fidelity_across_halves,wikitext,agnews,0.2131700137926392
real,binarize_row_lloyd,reliability_across_halves,wikitext,agnews,0.0672982845612398
real,binarize_row_lloyd100,fidelity_across_halves,wikitext,agnews,0.24934702079391585
real,binarize_row_lloyd100,reliability_across_halves,wikitext,agnews,0.06528738263600514
real,ica,fidelity_across_halves,wikitext,agnews,0.17252467373680755
real,ica,reliability_across_halves,wikitext,agnews,0.05694153701624277
real,ica100,fidelity_across_halves,wikitext,agnews,0.22116677875150756
real,ica100,reliability_across_halves,wikitext,agnews,0.10016492382254123
real,sparse_fisher_lloyd,fidelity_across_halves,wikitext,agnews,0.27989651251008063
real,sparse_fisher_lloyd,reliability_across_halves,wikitext,agnews,0.19637431532593755
real,sparse_fisher_lloyd100,fidelity_across_halves,wikitext,agnews,0.3123947469849747
real,sparse_fisher_lloyd100,reliability_across_halves,wikitext,agnews,0.19092347171911392
real,(ceiling),fidelity_across_halves,wikitext,tldr17,0.5386321691774711
real,binarize_global_lloyd,fidelity_across_halves,wikitext,tldr17,0.23105074956518518
real,binarize_global_lloyd,reliability_across_halves,wikitext,tldr17,0.09179319567029148
real,binarize_global_lloyd100,fidelity_across_halves,wikitext,tldr17,0.26369576766617936
real,binarize_global_lloyd100,reliability_across_halves,wikitext,tldr17,0.08631908271649259
real,binarize_row_lloyd,fidelity_across_halves,wikitext,tldr17,0.20217230744082698
real,binarize_row_lloyd,reliability_across_halves,wikitext,tldr17,0.054590503866155056
real,binarize_row_lloyd100,fidelity_across_halves,wikitext,tldr17,0.23698255286829908
real,binarize_row_lloyd100,reliability_across_halves,wikitext,tldr17,0.05389804731258854
real,ica,fidelity_across_halves,wikitext,tldr17,0.16452603878452005
real,ica,reliability_across_halves,wikitext,tldr17,0.04752201992474827
real,ica100,fidelity_across_halves,wikitext,tldr17,0.21293221143055036
real,ica100,reliability_across_halves,wikitext,tldr17,0.09221241773014484
real,sparse_fisher_lloyd,fidelity_across_halves,wikitext,tldr17,0.2711635538671587
real,sparse_fisher_lloyd,reliability_across_halves,wikitext,tldr17,0.1567902518021272
real,sparse_fisher_lloyd100,fidelity_across_halves,wikitext,tldr17,0.30194299950521425
real,sparse_fisher_lloyd100,reliability_across_halves,wikitext,tldr17,0.13976679055858895
real,(ceiling),fidelity_across_halves,bookcorpus,wikitext,0.5501664149992685
real,binarize_global_lloyd,fidelity_across_halves,bookcorpus,wikitext,0.25371934194690093
real,binarize_global_lloyd,reliability_across_halves,bookcorpus,wikitext,0.11208885042647884
real,binarize_global_lloyd100,fidelity_across_halves,bookcorpus,wikitext,0.28347292009190156
real,binarize_global_lloyd100,reliability_across_halves,bookcorpus,wikitext,0.10632795077210952
real,binarize_row_lloyd,fidelity_across_halves,bookcorpus,wikitext,0.22015091744272758
real,binarize_row_lloyd,reliability_across_halves,bookcorpus,wikitext,0.06618925864495218
real,binarize_row_lloyd100,fidelity_across_halves,bookcorpus,wikitext,0.2510419075131646
real,binarize_row_lloyd100,reliability_across_halves,bookcorpus,wikitext,0.06470409596274063
real,ica,fidelity_across_halves,bookcorpus,wikitext,0.16606322784494956
real,ica,reliability_across_halves,bookcorpus,wikitext,0.049581313219692114
real,ica100,fidelity_across_halves,bookcorpus,wikitext,0.20036972392745794
real,ica100,reliability_across_halves,bookcorpus,wikitext,0.0939630498410258
real,sparse_fisher_lloyd,fidelity_across_halves,bookcorpus,wikitext,0.28291665437950314
real,sparse_fisher_lloyd,reliability_across_halves,bookcorpus,wikitext,0.16154663438697373
real,sparse_fisher_lloyd100,fidelity_across_halves,bookcorpus,wikitext,0.305249733187095
real,sparse_fisher_lloyd100,reliability_across_halves,bookcorpus,wikitext,0.14927641995856217
real,(ceiling),fidelity_across_halves,bookcorpus,agnews,0.42654051468736726
real,binarize_global_lloyd,fidelity_across_halves,bookcorpus,agnews,0.14460215718180194
real,binarize_global_lloyd,reliability_across_halves,bookcorpus,agnews,0.05592857584422044
real,binarize_global_lloyd100,fidelity_across_halves,bookcorpus,agnews,0.17668662588332928
real,binarize_global_lloyd100,reliability_across_halves,bookcorpus,agnews,0.052866919699976755
real,binarize_row_lloyd,fidelity_across_halves,bookcorpus,agnews,0.12548608120004667
real,binarize_row_lloyd,reliability_across_halves,bookcorpus,agnews,0.03808285681924256
real,binarize_row_lloyd100,fidelity_across_halves,bookcorpus,agnews,0.1555727149926184
real,binarize_row_lloyd100,reliability_across_halves,bookcorpus,agnews,0.03885804839471501
real,ica,fidelity_across_halves,bookcorpus,agnews,0.1526808298560427
real,ica,reliability_across_halves,bookcorpus,agnews,0.03919099363375065
real,ica100,fidelity_across_halves,bookcorpus,agnews,0.19317072803522556
real,ica100,reliability_across_halves,bookcorpus,agnews,0.07760436931264603
real,sparse_fisher_lloyd,fidelity_across_halves,bookcorpus,agnews,0.1876887613901827
real,sparse_fisher_lloyd,reliability_across_halves,bookcorpus,agnews,0.09051642574053881
real,sparse_fisher_lloyd100,fidelity_across_halves,bookcorpus,agnews,0.2116472777031549
real,sparse_fisher_lloyd100,reliability_across_halves,bookcorpus,agnews,0.08747284013805472
real,(ceiling),fidelity_across_halves,bookcorpus,tldr17,0.5550945548915478
real,binarize_global_lloyd,fidelity_across_halves,bookcorpus,tldr17,0.19458664882078763
real,binarize_global_lloyd,reliability_across_halves,bookcorpus,tldr17,0.0977736696719725
real,binarize_global_lloyd100,fidelity_across_halves,bookcorpus,tldr17,0.23004240359373265
real,binarize_global_lloyd100,reliability_across_halves,bookcorpus,tldr17,0.08307025858693406
real,binarize_row_lloyd,fidelity_across_halves,bookcorpus,tldr17,0.15793170038303314
real,binarize_row_lloyd,reliability_across_halves,bookcorpus,tldr17,0.053073139561959096
real,binarize_row_lloyd100,fidelity_across_halves,bookcorpus,tldr17,0.1937342046060166
real,binarize_row_lloyd100,reliability_across_halves,bookcorpus,tldr17,0.05384222738309111
real,ica,fidelity_across_halves,bookcorpus,tldr17,0.17211412194578965
real,ica,reliability_across_halves,bookcorpus,tldr17,0.0753021983508187
real,ica100,fidelity_across_halves,bookcorpus,tldr17,0.2127499591367235
real,ica100,reliability_across_halves,bookcorpus,tldr17,0.11743410134805586
real,sparse_fisher_lloyd,fidelity_across_halves,bookcorpus,tldr17,0.2270649676636716
real,sparse_fisher_lloyd,reliability_across_halves,bookcorpus,tldr17,0.1160245879633418
real,sparse_fisher_lloyd100,fidelity_across_halves,bookcorpus,tldr17,0.25792722414523994
real,sparse_fisher_lloyd100,reliability_across_halves,bookcorpus,tldr17,0.1033558387250939
real,(ceiling),fidelity_across_halves,agnews,wikitext,0.5995085154623986
real,binarize_global_lloyd,fidelity_across_halves,agnews,wikitext,0.2701567844476942
real,binarize_global_lloyd,reliability_across_halves,agnews,wikitext,0.1127273926657575
real,binarize_global_lloyd100,fidelity_across_halves,agnews,wikitext,0.31131687686148546
real,binarize_global_lloyd100,reliability_across_halves,agnews,wikitext,0.11239252949488727
real,binarize_row_lloyd,fidelity_across_halves,agnews,wikitext,0.25916330872696713
real,binarize_row_lloyd,reliability_across_halves,agnews,wikitext,0.06380230487149609
real,binarize_row_lloyd100,fidelity_across_halves,agnews,wikitext,0.28430072543408763
real,binarize_row_lloyd100,reliability_across_halves,agnews,wikitext,0.0645529234379493
real,ica,fidelity_across_halves,agnews,wikitext,0.17026966768608195
real,ica,reliability_across_halves,agnews,wikitext,0.05615225500816564
real,ica100,fidelity_across_halves,agnews,wikitext,0.21546119283023854
real,ica100,reliability_across_halves,agnews,wikitext,0.0991187756744635
real,sparse_fisher_lloyd,fidelity_across_halves,agnews,wikitext,0.3146041576750958
real,sparse_fisher_lloyd,reliability_across_halves,agnews,wikitext,0.1993499374988695
real,sparse_fisher_lloyd100,fidelity_across_halves,agnews,wikitext,0.3437800411821338
real,sparse_fisher_lloyd100,reliability_across_halves,agnews,wikitext,0.18374147786497794
real,(ceiling),fidelity_across_halves,agnews,bookcorpus,0.42288687511360035
real,binarize_global_lloyd,fidelity_across_halves,agnews,bookcorpus,0.20805536845896133
real,binarize_global_lloyd,reliability_across_halves,agnews,bookcorpus,0.05789118463860193
real,binarize_global_lloyd100,fidelity_across_halves,agnews,bookcorpus,0.2421237744058177
real,binarize_global_lloyd100,reliability_across_halves,agnews,bookcorpus,0.049970216304288634
real,binarize_row_lloyd,fidelity_across_halves,agnews,bookcorpus,0.20654580152362256
real,binarize_row_lloyd,reliability_across_halves,agnews,bookcorpus,0.03630412399820863
real,binarize_row_lloyd100,fidelity_across_halves,agnews,bookcorpus,0.22357846975297843
real,binarize_row_lloyd100,reliability_across_halves,agnews,bookcorpus,0.03894593453996943
real,ica,fidelity_across_halves,agnews,bookcorpus,0.14543383659140627
real,ica,reliability_across_halves,agnews,bookcorpus,0.040859945727299105
real,ica100,fidelity_across_halves,agnews,bookcorpus,0.19031862002998035
real,ica100,reliability_across_halves,agnews,bookcorpus,0.08140234419751953
real,sparse_fisher_lloyd,fidelity_across_halves,agnews,bookcorpus,0.2561314340857523
real,sparse_fisher_lloyd,reliability_across_halves,agnews,bookcorpus,0.08799883904596269
real,sparse_fisher_lloyd100,fidelity_across_halves,agnews,bookcorpus,0.2788732940943594
real,sparse_fisher_lloyd100,reliability_across_halves,agnews,bookcorpus,0.09233436319434457
real,(ceiling),fidelity_across_halves,agnews,tldr17,0.513784035440699
real,binarize_global_lloyd,fidelity_across_halves,agnews,tldr17,0.24233755808790955
real,binarize_global_lloyd,reliability_across_halves,agnews,tldr17,0.08324722452636833
real,binarize_global_lloyd100,fidelity_across_halves,agnews,tldr17,0.27903242537669254
real,binarize_global_lloyd100,reliability_across_halves,agnews,tldr17,0.08177907619014477
real,binarize_row_lloyd,fidelity_across_halves,agnews,tldr17,0.23734428032351568
real,binarize_row_lloyd,reliability_across_halves,agnews,tldr17,0.060167482750534976
real,binarize_row_lloyd100,fidelity_across_halves,agnews,tldr17,0.2585263288541454
real,binarize_row_lloyd100,reliability_across_halves,agnews,tldr17,0.06105775736713895
real,ica,fidelity_across_halves,agnews,tldr17,0.158632659490341
real,ica,reliability_across_halves,agnews,tldr17,0.04095007298004494
real,ica100,fidelity_across_halves,agnews,tldr17,0.20871511206784218
real,ica100,reliability_across_halves,agnews,tldr17,0.08395699546338356
real,sparse_fisher_lloyd,fidelity_across_halves,agnews,tldr17,0.28777475271882724
real,sparse_fisher_lloyd,reliability_across_halves,agnews,tldr17,0.17980226900552296
real,sparse_fisher_lloyd100,fidelity_across_halves,agnews,tldr17,0.3176604923147254
real,sparse_fisher_lloyd100,reliability_across_halves,agnews,tldr17,0.1539959515286627
real,(ceiling),fidelity_across_halves,tldr17,wikitext,0.5427923746027475
real,binarize_global_lloyd,fidelity_across_halves,tldr17,wikitext,0.2348602789794799
real,binarize_global_lloyd,reliability_across_halves,tldr17,wikitext,0.0981691256549838
real,binarize_global_lloyd100,fidelity_across_halves,tldr17,wikitext,0.2684040122537368
real,binarize_global_lloyd100,reliability_across_halves,tldr17,wikitext,0.08939452162304273
real,binarize_row_lloyd,fidelity_across_halves,tldr17,wikitext,0.21725254413839
real,binarize_row_lloyd,reliability_across_halves,tldr17,wikitext,0.05738457818881
real,binarize_row_lloyd100,fidelity_across_halves,tldr17,wikitext,0.247104383255356
real,binarize_row_lloyd100,reliability_across_halves,tldr17,wikitext,0.05275605432291499
real,ica,fidelity_across_halves,tldr17,wikitext,0.16790001547463662
real,ica,reliability_across_halves,tldr17,wikitext,0.0508599648363474
real,ica100,fidelity_across_halves,tldr17,wikitext,0.21569610376801177
real,ica100,reliability_across_halves,tldr17,wikitext,0.0941188830946252
real,sparse_fisher_lloyd,fidelity_across_halves,tldr17,wikitext,0.2842658141264154
real,sparse_fisher_lloyd,reliability_across_halves,tldr17,wikitext,0.14667428603733215
real,sparse_fisher_lloyd100,fidelity_across_halves,tldr17,wikitext,0.30766839899299125
real,sparse_fisher_lloyd100,reliability_across_halves,tldr17,wikitext,0.1396364643485671
real,(ceiling),fidelity_across_halves,tldr17,bookcorpus,0.5486373918851337
real,binarize_global_lloyd,fidelity_across_halves,tldr17,bookcorpus,0.237699638420968
real,binarize_global_lloyd,reliability_across_halves,tldr17,bookcorpus,0.09644129450158065
real,binarize_global_lloyd100,fidelity_across_halves,tldr17,bookcorpus,0.2698255942175399
real,binarize_global_lloyd100,reliability_across_halves,tldr17,bookcorpus,0.08114214513945539
real,binarize_row_lloyd,fidelity_across_halves,tldr17,bookcorpus,0.21313544464318473
real,binarize_row_lloyd,reliability_across_halves,tldr17,bookcorpus,0.05217212113982725
real,binarize_row_lloyd100,fidelity_across_halves,tldr17,bookcorpus,0.24280689542998515
real,binarize_row_lloyd100,reliability_across_halves,tldr17,bookcorpus,0.052109650472564696
real,ica,fidelity_across_halves,tldr17,bookcorpus,0.16812595286322868
real,ica,reliability_across_halves,tldr17,bookcorpus,0.07080164245270193
real,ica100,fidelity_across_halves,tldr17,bookcorpus,0.21376075318402582
real,ica100,reliability_across_halves,tldr17,bookcorpus,0.11048821425263834
real,sparse_fisher_lloyd,fidelity_across_halves,tldr17,bookcorpus,0.2763471849967375
real,sparse_fisher_lloyd,reliability_across_halves,tldr17,bookcorpus,0.10040288009016392
real,sparse_fisher_lloyd100,fidelity_across_halves,tldr17,bookcorpus,0.30236468528797245
real,sparse_fisher_lloyd100,reliability_across_halves,tldr17,bookcorpus,0.11211084149171338
real,(ceiling),fidelity_across_halves,tldr17,agnews,0.5165400654006589
real,binarize_global_lloyd,fidelity_across_halves,tldr17,agnews,0.2102074076073309
real,binarize_global_lloyd,reliability_across_halves,tldr17,agnews,0.08627812551811798
real,binarize_global_lloyd100,fidelity_across_halves,tldr17,agnews,0.2456540865916538
real,binarize_global_lloyd100,reliability_across_halves,tldr17,agnews,0.08207978808831928
real,binarize_row_lloyd,fidelity_across_halves,tldr17,agnews,0.1993593140650479
real,binarize_row_lloyd,reliability_across_halves,tldr17,agnews,0.06625029097873529
real,binarize_row_lloyd100,fidelity_across_halves,tldr17,agnews,0.23048613190297124
real,binarize_row_lloyd100,reliability_across_halves,tldr17,agnews,0.058851480439606425
real,ica,fidelity_across_halves,tldr17,agnews,0.16062079741683402
real,ica,reliability_across_halves,tldr17,agnews,0.0420067787752527
real,ica100,fidelity_across_halves,tldr17,agnews,0.212520562422998
real,ica100,reliability_across_halves,tldr17,agnews,0.08383824926467348
real,sparse_fisher_lloyd,fidelity_across_halves,tldr17,agnews,0.2680335069362022
real,sparse_fisher_lloyd,reliability_across_halves,tldr17,agnews,0.15987231748130165
real,sparse_fisher_lloyd100,fidelity_across_halves,tldr17,agnews,0.29186451714724193
real,sparse_fisher_lloyd100,reliability_across_halves,tldr17,agnews,0.15806419846592148
null,(ceiling),fidelity_within,wikitext,wikitext,0.23291282208222475
null,(ceiling),fidelity_within_r,wikitext,wikitext,0.6138366842483073
null,binarize_global_lloyd,reliability_within,wikitext,wikitext,0.26147664633633977
null,binarize_global_lloyd,fidelity_within,wikitext,wikitext,0.4881263447659363
null,binarize_global_lloyd,fidelity_within_r,wikitext,wikitext,0.7013274710147807
null,binarize_global_lloyd,fidelity_within_insample,wikitext,wikitext,0.5893137714251808
null,binarize_global_lloyd,reliability_ceiling,wikitext,wikitext,0.6494179303616011
null,binarize_global_lloyd,triviality_ami_layer,wikitext,wikitext,0.20884813762957483
null,binarize_global_lloyd,triviality_ami_dimension,wikitext,wikitext,0.042472913345859516
null,binarize_global_lloyd,triviality_ami_hubness,wikitext,wikitext,0.3695615380356444
null,binarize_global_lloyd,triviality_ami_noise_scale,wikitext,wikitext,0.3677101437848089
null,binarize_global_lloyd,triviality_n_effective_networks,wikitext,wikitext,50.0
null,binarize_global_lloyd,triviality_median_max_membership,wikitext,wikitext,0.6
null,binarize_global_lloyd,triviality_frac_confident,wikitext,wikitext,0.6815905448717948
null,binarize_global_lloyd100,reliability_within,wikitext,wikitext,0.1461221090483009
null,binarize_global_lloyd100,fidelity_within,wikitext,wikitext,0.46897821949115037
null,binarize_global_lloyd100,fidelity_within_r,wikitext,wikitext,0.6918897291410423
null,binarize_global_lloyd100,fidelity_within_insample,wikitext,wikitext,0.6335902830210551
null,binarize_global_lloyd100,reliability_ceiling,wikitext,wikitext,0.537499665976928
null,binarize_global_lloyd100,triviality_ami_layer,wikitext,wikitext,0.18447311114453221
null,binarize_global_lloyd100,triviality_ami_dimension,wikitext,wikitext,0.032151448304720234
null,binarize_global_lloyd100,triviality_ami_hubness,wikitext,wikitext,0.3281711762625188
null,binarize_global_lloyd100,triviality_ami_noise_scale,wikitext,wikitext,0.32529567391993836
null,binarize_global_lloyd100,triviality_n_effective_networks,wikitext,wikitext,100.0
null,binarize_global_lloyd100,triviality_median_max_membership,wikitext,wikitext,0.55
null,binarize_global_lloyd100,triviality_frac_confident,wikitext,wikitext,0.5766225961538461
null,binarize_row_lloyd,reliability_within,wikitext,wikitext,0.09546505613742097
null,binarize_row_lloyd,fidelity_within,wikitext,wikitext,0.17150962435351202
null,binarize_row_lloyd,fidelity_within_r,wikitext,wikitext,0.417109925766943
null,binarize_row_lloyd,fidelity_within_insample,wikitext,wikitext,0.22091034681492505
null,binarize_row_lloyd,reliability_ceiling,wikitext,wikitext,0.5781488195621075
null,binarize_row_lloyd,triviality_ami_layer,wikitext,wikitext,0.11343389131914541
null,binarize_row_lloyd,triviality_ami_dimension,wikitext,wikitext,0.032807694425258556
null,binarize_row_lloyd,triviality_ami_hubness,wikitext,wikitext,0.14695941052215267
null,binarize_row_lloyd,triviality_ami_noise_scale,wikitext,wikitext,0.14658074061678233
null,binarize_row_lloyd,triviality_n_effective_networks,wikitext,wikitext,50.0
null,binarize_row_lloyd,triviality_median_max_membership,wikitext,wikitext,0.55
null,binarize_row_lloyd,triviality_frac_confident,wikitext,wikitext,0.5712139423076923
null,binarize_row_lloyd100,reliability_within,wikitext,wikitext,0.05174056713822734
null,binarize_row_lloyd100,fidelity_within,wikitext,wikitext,0.18286882498443113
null,binarize_row_lloyd100,fidelity_within_r,wikitext,wikitext,0.434844292442175
null,binarize_row_lloyd100,fidelity_within_insample,wikitext,wikitext,0.26753803744076754
null,binarize_row_lloyd100,reliability_ceiling,wikitext,wikitext,0.42263592684207285
null,binarize_row_lloyd100,triviality_ami_layer,wikitext,wikitext,0.10661161129806307
null,binarize_row_lloyd100,triviality_ami_dimension,wikitext,wikitext,0.022567568579207452
null,binarize_row_lloyd100,triviality_ami_hubness,wikitext,wikitext,0.13717876828325054
null,binarize_row_lloyd100,triviality_ami_noise_scale,wikitext,wikitext,0.13636050273287453
null,binarize_row_lloyd100,triviality_n_effective_networks,wikitext,wikitext,100.0
null,binarize_row_lloyd100,triviality_median_max_membership,wikitext,wikitext,0.45
null,binarize_row_lloyd100,triviality_frac_confident,wikitext,wikitext,0.4000400641025641
null,ica,reliability_within,wikitext,wikitext,0.008561244394324407
null,ica,reliability_within_maps,wikitext,wikitext,0.038260543885522164
null,ica,fidelity_within,wikitext,wikitext,0.11055086988881702
null,ica,fidelity_within_r,wikitext,wikitext,0.33278748330164576
null,ica,fidelity_within_insample,wikitext,wikitext,0.12187310418950337
null,ica,reliability_ceiling,wikitext,wikitext,0.134765737088031
null,ica,triviality_ami_layer,wikitext,wikitext,0.06227821315137645
null,ica,triviality_ami_dimension,wikitext,wikitext,0.009872004038650893
null,ica,triviality_ami_hubness,wikitext,wikitext,0.03797404008396982
null,ica,triviality_ami_noise_scale,wikitext,wikitext,0.03742953170620006
null,ica,triviality_n_effective_networks,wikitext,wikitext,50.0
null,ica,triviality_median_max_membership,wikitext,wikitext,0.225
null,ica,triviality_frac_confident,wikitext,wikitext,0.08804086538461539
null,ica100,reliability_within,wikitext,wikitext,0.009117029576998986
null,ica100,reliability_within_maps,wikitext,wikitext,0.039215538258208914
null,ica100,fidelity_within,wikitext,wikitext,0.14578790678037978
null,ica100,fidelity_within_r,wikitext,wikitext,0.3819866986437717
null,ica100,fidelity_within_insample,wikitext,wikitext,0.15665504891510285
null,ica100,reliability_ceiling,wikitext,wikitext,0.17538346721135073
null,ica100,triviality_ami_layer,wikitext,wikitext,0.05310830895233608
null,ica100,triviality_ami_dimension,wikitext,wikitext,0.010445059558371723
null,ica100,triviality_ami_hubness,wikitext,wikitext,0.03358510183542686
null,ica100,triviality_ami_noise_scale,wikitext,wikitext,0.033220988084484836
null,ica100,triviality_n_effective_networks,wikitext,wikitext,100.0
null,ica100,triviality_median_max_membership,wikitext,wikitext,0.125
null,ica100,triviality_frac_confident,wikitext,wikitext,0.11177884615384616
null,sparse_fisher_lloyd,reliability_within,wikitext,wikitext,0.4970903708552325
null,sparse_fisher_lloyd,fidelity_within,wikitext,wikitext,0.4797948097833533
null,sparse_fisher_lloyd,fidelity_within_r,wikitext,wikitext,0.701832803689737
null,sparse_fisher_lloyd,fidelity_within_insample,wikitext,wikitext,0.6731606451016373
null,sparse_fisher_lloyd,reliability_ceiling,wikitext,wikitext,0.7508177458627086
null,sparse_fisher_lloyd,triviality_ami_layer,wikitext,wikitext,0.050592257801760285
null,sparse_fisher_lloyd,triviality_ami_dimension,wikitext,wikitext,0.051570335289374665
null,sparse_fisher_lloyd,triviality_ami_hubness,wikitext,wikitext,0.19944857642753203
null,sparse_fisher_lloyd,triviality_ami_noise_scale,wikitext,wikitext,0.19519281646837108
null,sparse_fisher_lloyd,triviality_n_effective_networks,wikitext,wikitext,50.0
null,sparse_fisher_lloyd,triviality_median_max_membership,wikitext,wikitext,0.7875000000000001
null,sparse_fisher_lloyd,triviality_frac_confident,wikitext,wikitext,0.8792067307692307
null,sparse_fisher_lloyd100,reliability_within,wikitext,wikitext,0.40773084799377984
null,sparse_fisher_lloyd100,fidelity_within,wikitext,wikitext,0.4333210789190598
null,sparse_fisher_lloyd100,fidelity_within_r,wikitext,wikitext,0.6791710932517125
null,sparse_fisher_lloyd100,fidelity_within_insample,wikitext,wikitext,0.726224929382107
null,sparse_fisher_lloyd100,reliability_ceiling,wikitext,wikitext,0.6976423937058065
null,sparse_fisher_lloyd100,triviality_ami_layer,wikitext,wikitext,0.04782739530908625
null,sparse_fisher_lloyd100,triviality_ami_dimension,wikitext,wikitext,0.04778805238148821
null,sparse_fisher_lloyd100,triviality_ami_hubness,wikitext,wikitext,0.1760026063558618
null,sparse_fisher_lloyd100,triviality_ami_noise_scale,wikitext,wikitext,0.1721245103799479
null,sparse_fisher_lloyd100,triviality_n_effective_networks,wikitext,wikitext,99.0
null,sparse_fisher_lloyd100,triviality_median_max_membership,wikitext,wikitext,0.75
null,sparse_fisher_lloyd100,triviality_frac_confident,wikitext,wikitext,0.8472556089743589
null,(ceiling),fidelity_within,bookcorpus,bookcorpus,0.24863577001356574
null,(ceiling),fidelity_within_r,bookcorpus,bookcorpus,0.6237499182922475
null,binarize_global_lloyd,reliability_within,bookcorpus,bookcorpus,0.18810840891353722
null,binarize_global_lloyd,fidelity_within,bookcorpus,bookcorpus,0.48413537680950314
null,binarize_global_lloyd,fidelity_within_r,bookcorpus,bookcorpus,0.6989005594838446
null,binarize_global_lloyd,fidelity_within_insample,bookcorpus,bookcorpus,0.5865046956463869
null,binarize_global_lloyd,reliability_ceiling,bookcorpus,bookcorpus,0.5813189016337067
null,binarize_global_lloyd,triviality_ami_layer,bookcorpus,bookcorpus,0.03999174343272929
null,binarize_global_lloyd,triviality_ami_dimension,bookcorpus,bookcorpus,0.03871242025506549
null,binarize_global_lloyd,triviality_ami_hubness,bookcorpus,bookcorpus,0.3491969882857619
null,binarize_global_lloyd,triviality_ami_noise_scale,bookcorpus,bookcorpus,0.3444646559058824
null,binarize_global_lloyd,triviality_n_effective_networks,bookcorpus,bookcorpus,50.0
null,binarize_global_lloyd,triviality_median_max_membership,bookcorpus,bookcorpus,0.6
null,binarize_global_lloyd,triviality_frac_confident,bookcorpus,bookcorpus,0.6760817307692307
null,binarize_global_lloyd100,reliability_within,bookcorpus,bookcorpus,0.12354576917649199
null,binarize_global_lloyd100,fidelity_within,bookcorpus,bookcorpus,0.46590246165556537
null,binarize_global_lloyd100,fidelity_within_r,bookcorpus,bookcorpus,0.6903444571947724
null,binarize_global_lloyd100,fidelity_within_insample,bookcorpus,bookcorpus,0.6317976302111138
null,binarize_global_lloyd100,reliability_ceiling,bookcorpus,bookcorpus,0.5498767140295745
null,binarize_global_lloyd100,triviality_ami_layer,bookcorpus,bookcorpus,0.03817947583624063
null,binarize_global_lloyd100,triviality_ami_dimension,bookcorpus,bookcorpus,0.026070288374466198
null,binarize_global_lloyd100,triviality_ami_hubness,bookcorpus,bookcorpus,0.3214893271369519
null,binarize_global_lloyd100,triviality_ami_noise_scale,bookcorpus,bookcorpus,0.31909244295483535
null,binarize_global_lloyd100,triviality_n_effective_networks,bookcorpus,bookcorpus,100.0
null,binarize_global_lloyd100,triviality_median_max_membership,bookcorpus,bookcorpus,0.55
null,binarize_global_lloyd100,triviality_frac_confident,bookcorpus,bookcorpus,0.5794270833333334
null,binarize_row_lloyd,reliability_within,bookcorpus,bookcorpus,0.09806758498547706
null,binarize_row_lloyd,fidelity_within,bookcorpus,bookcorpus,0.1305582489561683
null,binarize_row_lloyd,fidelity_within_r,bookcorpus,bookcorpus,0.3666904187074379
null,binarize_row_lloyd,fidelity_within_insample,bookcorpus,bookcorpus,0.1847447572913541
null,binarize_row_lloyd,reliability_ceiling,bookcorpus,bookcorpus,0.6086285469509252
null,binarize_row_lloyd,triviality_ami_layer,bookcorpus,bookcorpus,0.03348111000530918
null,binarize_row_lloyd,triviality_ami_dimension,bookcorpus,bookcorpus,0.029879522927442954
null,binarize_row_lloyd,triviality_ami_hubness,bookcorpus,bookcorpus,0.22366061308118118
null,binarize_row_lloyd,triviality_ami_noise_scale,bookcorpus,bookcorpus,0.22234175764873898
null,binarize_row_lloyd,triviality_n_effective_networks,bookcorpus,bookcorpus,50.0
null,binarize_row_lloyd,triviality_median_max_membership,bookcorpus,bookcorpus,0.575
null,binarize_row_lloyd,triviality_frac_confident,bookcorpus,bookcorpus,0.6286057692307693
null,binarize_row_lloyd100,reliability_within,bookcorpus,bookcorpus,0.060514859216521534
null,binarize_row_lloyd100,fidelity_within,bookcorpus,bookcorpus,0.12698906410539312
null,binarize_row_lloyd100,fidelity_within_r,bookcorpus,bookcorpus,0.36641473465213126
null,binarize_row_lloyd100,fidelity_within_insample,bookcorpus,bookcorpus,0.2046361988262697
null,binarize_row_lloyd100,reliability_ceiling,bookcorpus,bookcorpus,0.47029390421673184
null,binarize_row_lloyd100,triviality_ami_layer,bookcorpus,bookcorpus,0.031968390353697675
null,binarize_row_lloyd100,triviality_ami_dimension,bookcorpus,bookcorpus,0.017909625686765785
null,binarize_row_lloyd100,triviality_ami_hubness,bookcorpus,bookcorpus,0.2059012136355385
null,binarize_row_lloyd100,triviality_ami_noise_scale,bookcorpus,bookcorpus,0.2039443284970221
null,binarize_row_lloyd100,triviality_n_effective_networks,bookcorpus,bookcorpus,100.0
null,binarize_row_lloyd100,triviality_median_max_membership,bookcorpus,bookcorpus,0.5
null,binarize_row_lloyd100,triviality_frac_confident,bookcorpus,bookcorpus,0.45783253205128205
null,ica,reliability_within,bookcorpus,bookcorpus,0.005580737213020404
null,ica,reliability_within_maps,bookcorpus,bookcorpus,0.043149823242142074
null,ica,fidelity_within,bookcorpus,bookcorpus,0.132249786676492
null,ica,fidelity_within_r,bookcorpus,bookcorpus,0.36414978762377165
null,ica,fidelity_within_insample,bookcorpus,bookcorpus,0.1471327072827705
null,ica,reliability_ceiling,bookcorpus,bookcorpus,0.365942313011869
null,ica,triviality_ami_layer,bookcorpus,bookcorpus,0.027732941368746426
null,ica,triviality_ami_dimension,bookcorpus,bookcorpus,0.009152480416491065
null,ica,triviality_ami_hubness,bookcorpus,bookcorpus,0.03840328664009489
null,ica,triviality_ami_noise_scale,bookcorpus,bookcorpus,0.03860806197706217
null,ica,triviality_n_effective_networks,bookcorpus,bookcorpus,50.0
null,ica,triviality_median_max_membership,bookcorpus,bookcorpus,0.4
null,ica,triviality_frac_confident,bookcorpus,bookcorpus,0.3072916666666667
null,ica100,reliability_within,bookcorpus,bookcorpus,0.004072234789384165
null,ica100,reliability_within_maps,bookcorpus,bookcorpus,0.03578771677044287
null,ica100,fidelity_within,bookcorpus,bookcorpus,0.15569858762151412
null,ica100,fidelity_within_r,bookcorpus,bookcorpus,0.3951810275703586
null,ica100,fidelity_within_insample,bookcorpus,bookcorpus,0.1742890442014441
null,ica100,reliability_ceiling,bookcorpus,bookcorpus,0.2461900966493674
null,ica100,triviality_ami_layer,bookcorpus,bookcorpus,0.02897164345714839
null,ica100,triviality_ami_dimension,bookcorpus,bookcorpus,0.00769566039328832
null,ica100,triviality_ami_hubness,bookcorpus,bookcorpus,0.03875912682593499
null,ica100,triviality_ami_noise_scale,bookcorpus,bookcorpus,0.038933606359390645
null,ica100,triviality_n_effective_networks,bookcorpus,bookcorpus,100.0
null,ica100,triviality_median_max_membership,bookcorpus,bookcorpus,0.15
null,ica100,triviality_frac_confident,bookcorpus,bookcorpus,0.15755208333333334
null,sparse_fisher_lloyd,reliability_within,bookcorpus,bookcorpus,0.5756282123316493
null,sparse_fisher_lloyd,fidelity_within,bookcorpus,bookcorpus,0.47829361124751224
null,sparse_fisher_lloyd,fidelity_within_r,bookcorpus,bookcorpus,0.7023532315457188
null,sparse_fisher_lloyd,fidelity_within_insample,bookcorpus,bookcorpus,0.6824471497275955
null,sparse_fisher_lloyd,reliability_ceiling,bookcorpus,bookcorpus,0.8757432671230021
null,sparse_fisher_lloyd,triviality_ami_layer,bookcorpus,bookcorpus,0.028077887291411897
null,sparse_fisher_lloyd,triviality_ami_dimension,bookcorpus,bookcorpus,0.050545157216706785
null,sparse_fisher_lloyd,triviality_ami_hubness,bookcorpus,bookcorpus,0.4129352995461722
null,sparse_fisher_lloyd,triviality_ami_noise_scale,bookcorpus,bookcorpus,0.4095055502832676
null,sparse_fisher_lloyd,triviality_n_effective_networks,bookcorpus,bookcorpus,50.0
null,sparse_fisher_lloyd,triviality_median_max_membership,bookcorpus,bookcorpus,0.8
null,sparse_fisher_lloyd,triviality_frac_confident,bookcorpus,bookcorpus,0.8856169871794872
null,sparse_fisher_lloyd100,reliability_within,bookcorpus,bookcorpus,0.5256565072027997
null,sparse_fisher_lloyd100,fidelity_within,bookcorpus,bookcorpus,0.449153305172893
null,sparse_fisher_lloyd100,fidelity_within_r,bookcorpus,bookcorpus,0.6896714827016394
null,sparse_fisher_lloyd100,fidelity_within_insample,bookcorpus,bookcorpus,0.7288564530914294
null,sparse_fisher_lloyd100,reliability_ceiling,bookcorpus,bookcorpus,0.8719153751122831
null,sparse_fisher_lloyd100,triviality_ami_layer,bookcorpus,bookcorpus,0.02900887869967863
null,sparse_fisher_lloyd100,triviality_ami_dimension,bookcorpus,bookcorpus,0.046036977928886245
null,sparse_fisher_lloyd100,triviality_ami_hubness,bookcorpus,bookcorpus,0.39025253068700544
null,sparse_fisher_lloyd100,triviality_ami_noise_scale,bookcorpus,bookcorpus,0.3856391455191787
null,sparse_fisher_lloyd100,triviality_n_effective_networks,bookcorpus,bookcorpus,99.0
null,sparse_fisher_lloyd100,triviality_median_max_membership,bookcorpus,bookcorpus,0.8
null,sparse_fisher_lloyd100,triviality_frac_confident,bookcorpus,bookcorpus,0.8502604166666666
null,(ceiling),fidelity_within,agnews,agnews,0.2627087734771233
null,(ceiling),fidelity_within_r,agnews,agnews,0.6251224793650081
null,binarize_global_lloyd,reliability_within,agnews,agnews,0.24931306221308314
null,binarize_global_lloyd,fidelity_within,agnews,agnews,0.5017034581357
null,binarize_global_lloyd,fidelity_within_r,agnews,agnews,0.7097530641909142
null,binarize_global_lloyd,fidelity_within_insample,agnews,agnews,0.5897576760971783
null,binarize_global_lloyd,reliability_ceiling,agnews,agnews,0.7320213875793995
null,binarize_global_lloyd,triviality_ami_layer,agnews,agnews,0.10307066586048447
null,binarize_global_lloyd,triviality_ami_dimension,agnews,agnews,0.05000813009972915
null,binarize_global_lloyd,triviality_ami_hubness,agnews,agnews,0.31900065254184695
null,binarize_global_lloyd,triviality_ami_noise_scale,agnews,agnews,0.31483739353845497
null,binarize_global_lloyd,triviality_n_effective_networks,agnews,agnews,50.0
null,binarize_global_lloyd,triviality_median_max_membership,agnews,agnews,0.625
null,binarize_global_lloyd,triviality_frac_confident,agnews,agnews,0.6661658653846154
null,binarize_global_lloyd100,reliability_within,agnews,agnews,0.16380579320610872
null,binarize_global_lloyd100,fidelity_within,agnews,agnews,0.45711329757463803
null,binarize_global_lloyd100,fidelity_within_r,agnews,agnews,0.6823596793137954
null,binarize_global_lloyd100,fidelity_within_insample,agnews,agnews,0.6208271615328791
null,binarize_global_lloyd100,reliability_ceiling,agnews,agnews,0.6355563196502544
null,binarize_global_lloyd100,triviality_ami_layer,agnews,agnews,0.0896951163766247
null,binarize_global_lloyd100,triviality_ami_dimension,agnews,agnews,0.0362964842265526
null,binarize_global_lloyd100,triviality_ami_hubness,agnews,agnews,0.28565282192835467
null,binarize_global_lloyd100,triviality_ami_noise_scale,agnews,agnews,0.2813076722567039
null,binarize_global_lloyd100,triviality_n_effective_networks,agnews,agnews,100.0
null,binarize_global_lloyd100,triviality_median_max_membership,agnews,agnews,0.55
null,binarize_global_lloyd100,triviality_frac_confident,agnews,agnews,0.5748197115384616
null,binarize_row_lloyd,reliability_within,agnews,agnews,0.0901385828507995
null,binarize_row_lloyd,fidelity_within,agnews,agnews,0.15079217557543212
null,binarize_row_lloyd,fidelity_within_r,agnews,agnews,0.39191919099245226
null,binarize_row_lloyd,fidelity_within_insample,agnews,agnews,0.20478455620518154
null,binarize_row_lloyd,reliability_ceiling,agnews,agnews,0.5591128870711569
null,binarize_row_lloyd,triviality_ami_layer,agnews,agnews,0.05769038356136679
null,binarize_row_lloyd,triviality_ami_dimension,agnews,agnews,0.035126623791575856
null,binarize_row_lloyd,triviality_ami_hubness,agnews,agnews,0.16406609939265546
null,binarize_row_lloyd,triviality_ami_noise_scale,agnews,agnews,0.16167878330013433
null,binarize_row_lloyd,triviality_n_effective_networks,agnews,agnews,50.0
null,binarize_row_lloyd,triviality_median_max_membership,agnews,agnews,0.575
null,binarize_row_lloyd,triviality_frac_confident,agnews,agnews,0.6035657051282052
null,binarize_row_lloyd100,reliability_within,agnews,agnews,0.06025733010851168
null,binarize_row_lloyd100,fidelity_within,agnews,agnews,0.15693981816203584
null,binarize_row_lloyd100,fidelity_within_r,agnews,agnews,0.40390630421526996
null,binarize_row_lloyd100,fidelity_within_insample,agnews,agnews,0.24103057839472608
null,binarize_row_lloyd100,reliability_ceiling,agnews,agnews,0.4840999936227282
null,binarize_row_lloyd100,triviality_ami_layer,agnews,agnews,0.057118529883019985
null,binarize_row_lloyd100,triviality_ami_dimension,agnews,agnews,0.023904166644787575
null,binarize_row_lloyd100,triviality_ami_hubness,agnews,agnews,0.16416407754113574
null,binarize_row_lloyd100,triviality_ami_noise_scale,agnews,agnews,0.16239039923135
null,binarize_row_lloyd100,triviality_n_effective_networks,agnews,agnews,100.0
null,binarize_row_lloyd100,triviality_median_max_membership,agnews,agnews,0.5
null,binarize_row_lloyd100,triviality_frac_confident,agnews,agnews,0.4579326923076923
null,ica,reliability_within,agnews,agnews,0.005935474935084544
null,ica,reliability_within_maps,agnews,agnews,0.04124150009985903
null,ica,fidelity_within,agnews,agnews,0.14271261150752812
null,ica,fidelity_within_r,agnews,agnews,0.377833896453583
null,ica,fidelity_within_insample,agnews,agnews,0.15252231893606927
null,ica,reliability_ceiling,agnews,agnews,0.279564878935506
null,ica,triviality_ami_layer,agnews,agnews,0.04144527771077218
null,ica,triviality_ami_dimension,agnews,agnews,0.011119258845441389
null,ica,triviality_ami_hubness,agnews,agnews,0.03894241483040262
null,ica,triviality_ami_noise_scale,agnews,agnews,0.03878341734637036
null,ica,triviality_n_effective_networks,agnews,agnews,50.0
null,ica,triviality_median_max_membership,agnews,agnews,0.325
null,ica,triviality_frac_confident,agnews,agnews,0.2384815705128205
null,ica100,reliability_within,agnews,agnews,0.00515650259249929
null,ica100,reliability_within_maps,agnews,agnews,0.035516540140073
null,ica100,fidelity_within,agnews,agnews,0.16026763769345598
null,ica100,fidelity_within_r,agnews,agnews,0.400364318996042
null,ica100,fidelity_within_insample,agnews,agnews,0.1690970806556854
null,ica100,reliability_ceiling,agnews,agnews,0.19985411304633055
null,ica100,triviality_ami_layer,agnews,agnews,0.04015368173934651
null,ica100,triviality_ami_dimension,agnews,agnews,0.006995853777790793
null,ica100,triviality_ami_hubness,agnews,agnews,0.038128075967011364
null,ica100,triviality_ami_noise_scale,agnews,agnews,0.03782401898981889
null,ica100,triviality_n_effective_networks,agnews,agnews,100.0
null,ica100,triviality_median_max_membership,agnews,agnews,0.125
null,ica100,triviality_frac_confident,agnews,agnews,0.15494791666666666
null,sparse_fisher_lloyd,reliability_within,agnews,agnews,0.4663103323604095
null,sparse_fisher_lloyd,fidelity_within,agnews,agnews,0.4964397987867223
null,sparse_fisher_lloyd,fidelity_within_r,agnews,agnews,0.7113799880406266
null,sparse_fisher_lloyd,fidelity_within_insample,agnews,agnews,0.6780545477498707
null,sparse_fisher_lloyd,reliability_ceiling,agnews,agnews,0.8642387937767265
null,sparse_fisher_lloyd,triviality_ami_layer,agnews,agnews,0.03756966399204483
null,sparse_fisher_lloyd,triviality_ami_dimension,agnews,agnews,0.06461290176314179
null,sparse_fisher_lloyd,triviality_ami_hubness,agnews,agnews,0.32715165161483484
null,sparse_fisher_lloyd,triviality_ami_noise_scale,agnews,agnews,0.32180508348977527
null,sparse_fisher_lloyd,triviality_n_effective_networks,agnews,agnews,50.0
null,sparse_fisher_lloyd,triviality_median_max_membership,agnews,agnews,0.675
null,sparse_fisher_lloyd,triviality_frac_confident,agnews,agnews,0.7696314102564102
null,sparse_fisher_lloyd100,reliability_within,agnews,agnews,0.4521882328179925
null,sparse_fisher_lloyd100,fidelity_within,agnews,agnews,0.458293796433883
null,sparse_fisher_lloyd100,fidelity_within_r,agnews,agnews,0.6926394864573344
null,sparse_fisher_lloyd100,fidelity_within_insample,agnews,agnews,0.7286611772032286
null,sparse_fisher_lloyd100,reliability_ceiling,agnews,agnews,0.8587326335544998
null,sparse_fisher_lloyd100,triviality_ami_layer,agnews,agnews,0.04407016021272672
null,sparse_fisher_lloyd100,triviality_ami_dimension,agnews,agnews,0.0658361842869817
null,sparse_fisher_lloyd100,triviality_ami_hubness,agnews,agnews,0.29578430258221106
null,sparse_fisher_lloyd100,triviality_ami_noise_scale,agnews,agnews,0.2919302333463752
null,sparse_fisher_lloyd100,triviality_n_effective_networks,agnews,agnews,99.0
null,sparse_fisher_lloyd100,triviality_median_max_membership,agnews,agnews,0.9
null,sparse_fisher_lloyd100,triviality_frac_confident,agnews,agnews,0.8876201923076923
null,(ceiling),fidelity_within,tldr17,tldr17,0.23320600601994523
null,(ceiling),fidelity_within_r,tldr17,tldr17,0.6171795222436084
null,binarize_global_lloyd,reliability_within,tldr17,tldr17,0.28869447718775504
null,binarize_global_lloyd,fidelity_within,tldr17,tldr17,0.48572883572814973
null,binarize_global_lloyd,fidelity_within_r,tldr17,tldr17,0.7009403470311445
null,binarize_global_lloyd,fidelity_within_insample,tldr17,tldr17,0.5998180208578279
null,binarize_global_lloyd,reliability_ceiling,tldr17,tldr17,0.717156016084478
null,binarize_global_lloyd,triviality_ami_layer,tldr17,tldr17,0.22136591050501883
null,binarize_global_lloyd,triviality_ami_dimension,tldr17,tldr17,0.04127958111023044
null,binarize_global_lloyd,triviality_ami_hubness,tldr17,tldr17,0.38289972235920544
null,binarize_global_lloyd,triviality_ami_noise_scale,tldr17,tldr17,0.3787751269269638
null,binarize_global_lloyd,triviality_n_effective_networks,tldr17,tldr17,50.0
null,binarize_global_lloyd,triviality_median_max_membership,tldr17,tldr17,0.65
null,binarize_global_lloyd,triviality_frac_confident,tldr17,tldr17,0.7152443910256411
null,binarize_global_lloyd100,reliability_within,tldr17,tldr17,0.1738601208615993
null,binarize_global_lloyd100,fidelity_within,tldr17,tldr17,0.47369988956268005
null,binarize_global_lloyd100,fidelity_within_r,tldr17,tldr17,0.6971731830331395
null,binarize_global_lloyd100,fidelity_within_insample,tldr17,tldr17,0.6513469432666448
null,binarize_global_lloyd100,reliability_ceiling,tldr17,tldr17,0.561027708082404
null,binarize_global_lloyd100,triviality_ami_layer,tldr17,tldr17,0.19794442061201376
null,binarize_global_lloyd100,triviality_ami_dimension,tldr17,tldr17,0.032087342546241675
null,binarize_global_lloyd100,triviality_ami_hubness,tldr17,tldr17,0.3439719399124045
null,binarize_global_lloyd100,triviality_ami_noise_scale,tldr17,tldr17,0.3409363641117787
null,binarize_global_lloyd100,triviality_n_effective_networks,tldr17,tldr17,100.0
null,binarize_global_lloyd100,triviality_median_max_membership,tldr17,tldr17,0.55
null,binarize_global_lloyd100,triviality_frac_confident,tldr17,tldr17,0.5598958333333334
null,binarize_row_lloyd,reliability_within,tldr17,tldr17,0.11745464481243326
null,binarize_row_lloyd,fidelity_within,tldr17,tldr17,0.18414455212408665
null,binarize_row_lloyd,fidelity_within_r,tldr17,tldr17,0.4315053190761217
null,binarize_row_lloyd,fidelity_within_insample,tldr17,tldr17,0.22657002825868944
null,binarize_row_lloyd,reliability_ceiling,tldr17,tldr17,0.5758435235969009
null,binarize_row_lloyd,triviality_ami_layer,tldr17,tldr17,0.1314308688293166
null,binarize_row_lloyd,triviality_ami_dimension,tldr17,tldr17,0.03367856356240076
null,binarize_row_lloyd,triviality_ami_hubness,tldr17,tldr17,0.14203150368167086
null,binarize_row_lloyd,triviality_ami_noise_scale,tldr17,tldr17,0.14104922502426143
null,binarize_row_lloyd,triviality_n_effective_networks,tldr17,tldr17,50.0
null,binarize_row_lloyd,triviality_median_max_membership,tldr17,tldr17,0.55
null,binarize_row_lloyd,triviality_frac_confident,tldr17,tldr17,0.585136217948718
null,binarize_row_lloyd100,reliability_within,tldr17,tldr17,0.05578698958634045
null,binarize_row_lloyd100,fidelity_within,tldr17,tldr17,0.18195470147117065
null,binarize_row_lloyd100,fidelity_within_r,tldr17,tldr17,0.4340476905671212
null,binarize_row_lloyd100,fidelity_within_insample,tldr17,tldr17,0.26367182692368174
null,binarize_row_lloyd100,reliability_ceiling,tldr17,tldr17,0.46761868391280403
null,binarize_row_lloyd100,triviality_ami_layer,tldr17,tldr17,0.12696745036942644
null,binarize_row_lloyd100,triviality_ami_dimension,tldr17,tldr17,0.022454631244753213
null,binarize_row_lloyd100,triviality_ami_hubness,tldr17,tldr17,0.14031772123166822
null,binarize_row_lloyd100,triviality_ami_noise_scale,tldr17,tldr17,0.1385897164203093
null,binarize_row_lloyd100,triviality_n_effective_networks,tldr17,tldr17,100.0
null,binarize_row_lloyd100,triviality_median_max_membership,tldr17,tldr17,0.475
null,binarize_row_lloyd100,triviality_frac_confident,tldr17,tldr17,0.4305889423076923
null,ica,reliability_within,tldr17,tldr17,0.01006100221310415
null,ica,reliability_within_maps,tldr17,tldr17,0.04488799390127232
null,ica,fidelity_within,tldr17,tldr17,0.14787242208715579
null,ica,fidelity_within_r,tldr17,tldr17,0.38502354906833114
null,ica,fidelity_within_insample,tldr17,tldr17,0.16275540842512048
null,ica,reliability_ceiling,tldr17,tldr17,0.13918746675346363
null,ica,triviality_ami_layer,tldr17,tldr17,0.056584208455018374
null,ica,triviality_ami_dimension,tldr17,tldr17,0.01171873154324246
null,ica,triviality_ami_hubness,tldr17,tldr17,0.03352211366403156
null,ica,triviality_ami_noise_scale,tldr17,tldr17,0.0339750547169605
null,ica,triviality_n_effective_networks,tldr17,tldr17,50.0
null,ica,triviality_median_max_membership,tldr17,tldr17,0.2
null,ica,triviality_frac_confident,tldr17,tldr17,0.08733974358974358
null,ica100,reliability_within,tldr17,tldr17,0.011270063817807933
null,ica100,reliability_within_maps,tldr17,tldr17,0.04459192472667052
null,ica100,fidelity_within,tldr17,tldr17,0.1569807249575036
null,ica100,fidelity_within_r,tldr17,tldr17,0.3967381764809536
null,ica100,fidelity_within_insample,tldr17,tldr17,0.17338165693796148
null,ica100,reliability_ceiling,tldr17,tldr17,0.13817852791775978
null,ica100,triviality_ami_layer,tldr17,tldr17,0.05681939397356049
null,ica100,triviality_ami_dimension,tldr17,tldr17,0.009472075823121933
null,ica100,triviality_ami_hubness,tldr17,tldr17,0.03163294169782391
null,ica100,triviality_ami_noise_scale,tldr17,tldr17,0.03169490398346016
null,ica100,triviality_n_effective_networks,tldr17,tldr17,100.0
null,ica100,triviality_median_max_membership,tldr17,tldr17,0.125
null,ica100,triviality_frac_confident,tldr17,tldr17,0.08633814102564102
null,sparse_fisher_lloyd,reliability_within,tldr17,tldr17,0.5719489741407695
null,sparse_fisher_lloyd,fidelity_within,tldr17,tldr17,0.4742608030213348
null,sparse_fisher_lloyd,fidelity_within_r,tldr17,tldr17,0.6994410306871415
null,sparse_fisher_lloyd,fidelity_within_insample,tldr17,tldr17,0.6731840816792823
null,sparse_fisher_lloyd,reliability_ceiling,tldr17,tldr17,0.8193907289434667
null,sparse_fisher_lloyd,triviality_ami_layer,tldr17,tldr17,0.06410972598967872
null,sparse_fisher_lloyd,triviality_ami_dimension,tldr17,tldr17,0.04637921896140538
null,sparse_fisher_lloyd,triviality_ami_hubness,tldr17,tldr17,0.17567906015308757
null,sparse_fisher_lloyd,triviality_ami_noise_scale,tldr17,tldr17,0.17227558583216915
null,sparse_fisher_lloyd,triviality_n_effective_networks,tldr17,tldr17,50.0
null,sparse_fisher_lloyd,triviality_median_max_membership,tldr17,tldr17,0.825
null,sparse_fisher_lloyd,triviality_frac_confident,tldr17,tldr17,0.8731971153846154
null,sparse_fisher_lloyd100,reliability_within,tldr17,tldr17,0.475787927642587
null,sparse_fisher_lloyd100,fidelity_within,tldr17,tldr17,0.43820036903211934
null,sparse_fisher_lloyd100,fidelity_within_r,tldr17,tldr17,0.6834906946993777
null,sparse_fisher_lloyd100,fidelity_within_insample,tldr17,tldr17,0.7265281863738771
null,sparse_fisher_lloyd100,reliability_ceiling,tldr17,tldr17,0.8514940911118267
null,sparse_fisher_lloyd100,triviality_ami_layer,tldr17,tldr17,0.05864793258174486
null,sparse_fisher_lloyd100,triviality_ami_dimension,tldr17,tldr17,0.04339574333703551
null,sparse_fisher_lloyd100,triviality_ami_hubness,tldr17,tldr17,0.15451353512829294
null,sparse_fisher_lloyd100,triviality_ami_noise_scale,tldr17,tldr17,0.15173197328320523
null,sparse_fisher_lloyd100,triviality_n_effective_networks,tldr17,tldr17,100.0
null,sparse_fisher_lloyd100,triviality_median_max_membership,tldr17,tldr17,0.75
null,sparse_fisher_lloyd100,triviality_frac_confident,tldr17,tldr17,0.8089943910256411
null,(ceiling),fidelity_across,wikitext,bookcorpus,0.5985178034609453
null,binarize_global_lloyd,fidelity_across,wikitext,bookcorpus,0.7264329475741816
null,binarize_global_lloyd,reliability_across,wikitext,bookcorpus,0.11640881401305006
null,binarize_global_lloyd100,fidelity_across,wikitext,bookcorpus,0.7047703567965186
null,binarize_global_lloyd100,reliability_across,wikitext,bookcorpus,0.11283032190067188
null,binarize_row_lloyd,fidelity_across,wikitext,bookcorpus,0.47567550081418414
null,binarize_row_lloyd,reliability_across,wikitext,bookcorpus,0.09209593248152059
null,binarize_row_lloyd100,fidelity_across,wikitext,bookcorpus,0.46952667491025285
null,binarize_row_lloyd100,reliability_across,wikitext,bookcorpus,0.06412153180155457
null,ica,fidelity_across,wikitext,bookcorpus,0.3782793895095154
null,ica,reliability_across,wikitext,bookcorpus,0.002926274415990828
null,ica100,fidelity_across,wikitext,bookcorpus,0.4113640148767763
null,ica100,reliability_across,wikitext,bookcorpus,0.003426367121524891
null,sparse_fisher_lloyd,fidelity_across,wikitext,bookcorpus,0.7173837647613842
null,sparse_fisher_lloyd,reliability_across,wikitext,bookcorpus,0.38441611212518656
null,sparse_fisher_lloyd100,fidelity_across,wikitext,bookcorpus,0.690306226709249
null,sparse_fisher_lloyd100,reliability_across,wikitext,bookcorpus,0.2786788149624714
null,(ceiling),fidelity_across,wikitext,agnews,0.5934993324675116
null,binarize_global_lloyd,fidelity_across,wikitext,agnews,0.7196809659788894
null,binarize_global_lloyd,reliability_across,wikitext,agnews,0.17530237975060045
null,binarize_global_lloyd100,fidelity_across,wikitext,agnews,0.6986240135264435
null,binarize_global_lloyd100,reliability_across,wikitext,agnews,0.13642172805821587
null,binarize_row_lloyd,fidelity_across,wikitext,agnews,0.47624573450330265
null,binarize_row_lloyd,reliability_across,wikitext,agnews,0.10604788706400924
null,binarize_row_lloyd100,fidelity_across,wikitext,agnews,0.4680910799346769
null,binarize_row_lloyd100,reliability_across,wikitext,agnews,0.06732001607516055
null,ica,fidelity_across,wikitext,agnews,0.38310647717734825
null,ica,reliability_across,wikitext,agnews,0.006648938568157537
null,ica100,fidelity_across,wikitext,agnews,0.41724600239384885
null,ica100,reliability_across,wikitext,agnews,0.004364430715416023
null,sparse_fisher_lloyd,fidelity_across,wikitext,agnews,0.7136030734764397
null,sparse_fisher_lloyd,reliability_across,wikitext,agnews,0.3442923253697914
null,sparse_fisher_lloyd100,fidelity_across,wikitext,agnews,0.6850973813476422
null,sparse_fisher_lloyd100,reliability_across,wikitext,agnews,0.2940248348047852
null,(ceiling),fidelity_across,wikitext,tldr17,0.5917128148985642
null,binarize_global_lloyd,fidelity_across,wikitext,tldr17,0.7238285862740177
null,binarize_global_lloyd,reliability_across,wikitext,tldr17,0.22260119650395593
null,binarize_global_lloyd100,fidelity_across,wikitext,tldr17,0.701466099458667
null,binarize_global_lloyd100,reliability_across,wikitext,tldr17,0.17039362525158763
null,binarize_row_lloyd,fidelity_across,wikitext,tldr17,0.47568446729227115
null,binarize_row_lloyd,reliability_across,wikitext,tldr17,0.14068893126004597
null,binarize_row_lloyd100,fidelity_across,wikitext,tldr17,0.46829715674166894
null,binarize_row_lloyd100,reliability_across,wikitext,tldr17,0.08756830057726944
null,ica,fidelity_across,wikitext,tldr17,0.3686327341225497
null,ica,reliability_across,wikitext,tldr17,0.008836683072534861
null,ica100,fidelity_across,wikitext,tldr17,0.403528158132095
null,ica100,reliability_across,wikitext,tldr17,0.006963877423783033
null,sparse_fisher_lloyd,fidelity_across,wikitext,tldr17,0.7125652390024612
null,sparse_fisher_lloyd,reliability_across,wikitext,tldr17,0.5408578714714
null,sparse_fisher_lloyd100,fidelity_across,wikitext,tldr17,0.6836959036487004
null,sparse_fisher_lloyd100,reliability_across,wikitext,tldr17,0.44665686244566094
null,(ceiling),fidelity_across,bookcorpus,wikitext,0.5985178034609453
null,binarize_global_lloyd,fidelity_across,bookcorpus,wikitext,0.7207032634983395
null,binarize_global_lloyd,reliability_across,bookcorpus,wikitext,0.11640881401305006
null,binarize_global_lloyd100,fidelity_across,bookcorpus,wikitext,0.7030044708253247
null,binarize_global_lloyd100,reliability_across,bookcorpus,wikitext,0.11283032190067188
null,binarize_row_lloyd,fidelity_across,bookcorpus,wikitext,0.3675664080827649
null,binarize_row_lloyd,reliability_across,bookcorpus,wikitext,0.09209593248152059
null,binarize_row_lloyd100,fidelity_across,bookcorpus,wikitext,0.35942925029399064
null,binarize_row_lloyd100,reliability_across,bookcorpus,wikitext,0.06412153180155457
null,ica,fidelity_across,bookcorpus,wikitext,0.37318019653002826
null,ica,reliability_across,bookcorpus,wikitext,0.002926274415990828
null,ica100,fidelity_across,bookcorpus,wikitext,0.449823993243457
null,ica100,reliability_across,bookcorpus,wikitext,0.003426367121524891
null,sparse_fisher_lloyd,fidelity_across,bookcorpus,wikitext,0.7145301497424683
null,sparse_fisher_lloyd,reliability_across,bookcorpus,wikitext,0.38441611212518656
null,sparse_fisher_lloyd100,fidelity_across,bookcorpus,wikitext,0.6897659965997418
null,sparse_fisher_lloyd100,reliability_across,bookcorpus,wikitext,0.2786788149624714
null,(ceiling),fidelity_across,bookcorpus,agnews,0.5904107267495978
null,binarize_global_lloyd,fidelity_across,bookcorpus,agnews,0.7186857652277209
null,binarize_global_lloyd,reliability_across,bookcorpus,agnews,0.11033162086870986
null,binarize_global_lloyd100,fidelity_across,bookcorpus,agnews,0.6996071552907449
null,binarize_global_lloyd100,reliability_across,bookcorpus,agnews,0.0996559898349093
null,binarize_row_lloyd,fidelity_across,bookcorpus,agnews,0.3928197292919019
null,binarize_row_lloyd,reliability_across,bookcorpus,agnews,0.08133360747883654
null,binarize_row_lloyd100,fidelity_across,bookcorpus,agnews,0.38224559091319904
null,binarize_row_lloyd100,reliability_across,bookcorpus,agnews,0.054616811116426
null,ica,fidelity_across,bookcorpus,agnews,0.39623736336727333
null,ica,reliability_across,bookcorpus,agnews,0.0023721452832989264
null,ica100,fidelity_across,bookcorpus,agnews,0.46911218139005784
null,ica100,reliability_across,bookcorpus,agnews,0.0027127788758905132
null,sparse_fisher_lloyd,fidelity_across,bookcorpus,agnews,0.7090874002077969
null,sparse_fisher_lloyd,reliability_across,bookcorpus,agnews,0.2722619876748263
null,sparse_fisher_lloyd100,fidelity_across,bookcorpus,agnews,0.6861762033182589
null,sparse_fisher_lloyd100,reliability_across,bookcorpus,agnews,0.224495719491183
null,(ceiling),fidelity_across,bookcorpus,tldr17,0.589589993713892
null,binarize_global_lloyd,fidelity_across,bookcorpus,tldr17,0.720705582830531
null,binarize_global_lloyd,reliability_across,bookcorpus,tldr17,0.10826061258907112
null,binarize_global_lloyd100,fidelity_across,bookcorpus,tldr17,0.7044381226098497
null,binarize_global_lloyd100,reliability_across,bookcorpus,tldr17,0.09656649067985432
null,binarize_row_lloyd,fidelity_across,bookcorpus,tldr17,0.3719514684874286
null,binarize_row_lloyd,reliability_across,bookcorpus,tldr17,0.0840398321912531
null,binarize_row_lloyd100,fidelity_across,bookcorpus,tldr17,0.36174037973625245
null,binarize_row_lloyd100,reliability_across,bookcorpus,tldr17,0.058297004311573114
null,ica,fidelity_across,bookcorpus,tldr17,0.3729330142231109
null,ica,reliability_across,bookcorpus,tldr17,0.0024967298912211785
null,ica100,fidelity_across,bookcorpus,tldr17,0.45059998159195674
null,ica100,reliability_across,bookcorpus,tldr17,0.0032259667120331996
null,sparse_fisher_lloyd,fidelity_across,bookcorpus,tldr17,0.7082893418453509
null,sparse_fisher_lloyd,reliability_across,bookcorpus,tldr17,0.34386966152840287
null,sparse_fisher_lloyd100,fidelity_across,bookcorpus,tldr17,0.6811842861799037
null,sparse_fisher_lloyd100,reliability_across,bookcorpus,tldr17,0.26416678685447126
null,(ceiling),fidelity_across,agnews,wikitext,0.5934993324675116
null,binarize_global_lloyd,fidelity_across,agnews,wikitext,0.7209311070409606
null,binarize_global_lloyd,reliability_across,agnews,wikitext,0.17530237975060045
null,binarize_global_lloyd100,fidelity_across,agnews,wikitext,0.7004234461091348
null,binarize_global_lloyd100,reliability_across,agnews,wikitext,0.13642172805821587
null,binarize_row_lloyd,fidelity_across,agnews,wikitext,0.3484314397368518
null,binarize_row_lloyd,reliability_across,agnews,wikitext,0.10604788706400924
null,binarize_row_lloyd100,fidelity_across,agnews,wikitext,0.37092698326615137
null,binarize_row_lloyd100,reliability_across,agnews,wikitext,0.06732001607516055
null,ica,fidelity_across,agnews,wikitext,0.33363955275417395
null,ica,reliability_across,agnews,wikitext,0.006648938568157537
null,ica100,fidelity_across,agnews,wikitext,0.38598420706776265
null,ica100,reliability_across,agnews,wikitext,0.004364430715416023
null,sparse_fisher_lloyd,fidelity_across,agnews,wikitext,0.7075186094326673
null,sparse_fisher_lloyd,reliability_across,agnews,wikitext,0.3442923253697914
null,sparse_fisher_lloyd100,fidelity_across,agnews,wikitext,0.6850221103447469
null,sparse_fisher_lloyd100,reliability_across,agnews,wikitext,0.2940248348047852
null,(ceiling),fidelity_across,agnews,bookcorpus,0.5904107267495977
null,binarize_global_lloyd,fidelity_across,agnews,bookcorpus,0.7258949983809777
null,binarize_global_lloyd,reliability_across,agnews,bookcorpus,0.11033162086870986
null,binarize_global_lloyd100,fidelity_across,agnews,bookcorpus,0.7028556010290262
null,binarize_global_lloyd100,reliability_across,agnews,bookcorpus,0.0996559898349093
null,binarize_row_lloyd,fidelity_across,agnews,bookcorpus,0.36447848953523526
null,binarize_row_lloyd,reliability_across,agnews,bookcorpus,0.08133360747883654
null,binarize_row_lloyd100,fidelity_across,agnews,bookcorpus,0.38486799233192687
null,binarize_row_lloyd100,reliability_across,agnews,bookcorpus,0.054616811116426
null,ica,fidelity_across,agnews,bookcorpus,0.34557687218259936
null,ica,reliability_across,agnews,bookcorpus,0.0023721452832989264
null,ica100,fidelity_across,agnews,bookcorpus,0.3976235101718534
null,ica100,reliability_across,agnews,bookcorpus,0.0027127788758905132
null,sparse_fisher_lloyd,fidelity_across,agnews,bookcorpus,0.7092325535583153
null,sparse_fisher_lloyd,reliability_across,agnews,bookcorpus,0.2722619876748263
null,sparse_fisher_lloyd100,fidelity_across,agnews,bookcorpus,0.685812103203854
null,sparse_fisher_lloyd100,reliability_across,agnews,bookcorpus,0.224495719491183
null,(ceiling),fidelity_across,agnews,tldr17,0.5879032932615887
null,binarize_global_lloyd,fidelity_across,agnews,tldr17,0.7190442137953946
null,binarize_global_lloyd,reliability_across,agnews,tldr17,0.14864799167240406
null,binarize_global_lloyd100,fidelity_across,agnews,tldr17,0.6962041425438853
null,binarize_global_lloyd100,reliability_across,agnews,tldr17,0.11504603519447786
null,binarize_row_lloyd,fidelity_across,agnews,tldr17,0.34971356389073205
null,binarize_row_lloyd,reliability_across,agnews,tldr17,0.08914230909395063
null,binarize_row_lloyd100,fidelity_across,agnews,tldr17,0.36994650302297977
null,binarize_row_lloyd100,reliability_across,agnews,tldr17,0.05813780133583513
null,ica,fidelity_across,agnews,tldr17,0.3299005974166548
null,ica,reliability_across,agnews,tldr17,0.005740751373145798
null,ica100,fidelity_across,agnews,tldr17,0.3836843851824824
null,ica100,reliability_across,agnews,tldr17,0.00437780385355726
null,sparse_fisher_lloyd,fidelity_across,agnews,tldr17,0.7016953152128877
null,sparse_fisher_lloyd,reliability_across,agnews,tldr17,0.2947625930674759
null,sparse_fisher_lloyd100,fidelity_across,agnews,tldr17,0.6766573110086184
null,sparse_fisher_lloyd100,reliability_across,agnews,tldr17,0.26512926058557224
null,(ceiling),fidelity_across,tldr17,wikitext,0.5917128148985642
null,binarize_global_lloyd,fidelity_across,tldr17,wikitext,0.7149060360709407
null,binarize_global_lloyd,reliability_across,tldr17,wikitext,0.22260119650395593
null,binarize_global_lloyd100,fidelity_across,tldr17,wikitext,0.7047396049308335
null,binarize_global_lloyd100,reliability_across,tldr17,wikitext,0.17039362525158763
null,binarize_row_lloyd,fidelity_across,tldr17,wikitext,0.4380283869595607
null,binarize_row_lloyd,reliability_across,tldr17,wikitext,0.14068893126004597
null,binarize_row_lloyd100,fidelity_across,tldr17,wikitext,0.4581338595125199
null,binarize_row_lloyd100,reliability_across,tldr17,wikitext,0.08756830057726944
null,ica,fidelity_across,tldr17,wikitext,0.3621173888440374
null,ica,reliability_across,tldr17,wikitext,0.008836683072534861
null,ica100,fidelity_across,tldr17,wikitext,0.3988796031800825
null,ica100,reliability_across,tldr17,wikitext,0.006963877423783033
null,sparse_fisher_lloyd,fidelity_across,tldr17,wikitext,0.705691668509871
null,sparse_fisher_lloyd,reliability_across,tldr17,wikitext,0.5408578714714
null,sparse_fisher_lloyd100,fidelity_across,tldr17,wikitext,0.6886831181141351
null,sparse_fisher_lloyd100,reliability_across,tldr17,wikitext,0.44665686244566094
null,(ceiling),fidelity_across,tldr17,bookcorpus,0.589589993713892
null,binarize_global_lloyd,fidelity_across,tldr17,bookcorpus,0.7147171024635826
null,binarize_global_lloyd,reliability_across,tldr17,bookcorpus,0.10826061258907112
null,binarize_global_lloyd100,fidelity_across,tldr17,bookcorpus,0.7028325236637071
null,binarize_global_lloyd100,reliability_across,tldr17,bookcorpus,0.09656649067985432
null,binarize_row_lloyd,fidelity_across,tldr17,bookcorpus,0.4461009802040677
null,binarize_row_lloyd,reliability_across,tldr17,bookcorpus,0.0840398321912531
null,binarize_row_lloyd100,fidelity_across,tldr17,bookcorpus,0.4647528224710028
null,binarize_row_lloyd100,reliability_across,tldr17,bookcorpus,0.058297004311573114
null,ica,fidelity_across,tldr17,bookcorpus,0.37053769534459796
null,ica,reliability_across,tldr17,bookcorpus,0.0024967298912211785
null,ica100,fidelity_across,tldr17,bookcorpus,0.4067941525277585
null,ica100,reliability_across,tldr17,bookcorpus,0.0032259667120331996
null,sparse_fisher_lloyd,fidelity_across,tldr17,bookcorpus,0.7085613397325178
null,sparse_fisher_lloyd,reliability_across,tldr17,bookcorpus,0.34386966152840287
null,sparse_fisher_lloyd100,fidelity_across,tldr17,bookcorpus,0.6868788041845203
null,sparse_fisher_lloyd100,reliability_across,tldr17,bookcorpus,0.26416678685447126
null,(ceiling),fidelity_across,tldr17,agnews,0.5879032932615889
null,binarize_global_lloyd,fidelity_across,tldr17,agnews,0.7068794157633702
null,binarize_global_lloyd,reliability_across,tldr17,agnews,0.14864799167240406
null,binarize_global_lloyd100,fidelity_across,tldr17,agnews,0.6957889655186261
null,binarize_global_lloyd100,reliability_across,tldr17,agnews,0.11504603519447786
null,binarize_row_lloyd,fidelity_across,tldr17,agnews,0.44158288743538177
null,binarize_row_lloyd,reliability_across,tldr17,agnews,0.08914230909395063
null,binarize_row_lloyd100,fidelity_across,tldr17,agnews,0.4620794606239061
null,binarize_row_lloyd100,reliability_across,tldr17,agnews,0.05813780133583513
null,ica,fidelity_across,tldr17,agnews,0.37405515901123887
null,ica,reliability_across,tldr17,agnews,0.005740751373145798
null,ica100,fidelity_across,tldr17,agnews,0.40877015301174996
null,ica100,reliability_across,tldr17,agnews,0.00437780385355726
null,sparse_fisher_lloyd,fidelity_across,tldr17,agnews,0.6998603483368911
null,sparse_fisher_lloyd,reliability_across,tldr17,agnews,0.2947625930674759
null,sparse_fisher_lloyd100,fidelity_across,tldr17,agnews,0.6813051152254428
null,sparse_fisher_lloyd100,reliability_across,tldr17,agnews,0.26512926058557224
null,(ceiling),fidelity_across_halves,wikitext,bookcorpus,0.6118957013384408
null,binarize_global_lloyd,fidelity_across_halves,wikitext,bookcorpus,0.7029076239972458
null,binarize_global_lloyd,reliability_across_halves,wikitext,bookcorpus,0.09400373730262351
null,binarize_global_lloyd100,fidelity_across_halves,wikitext,bookcorpus,0.6900385733394875
null,binarize_global_lloyd100,reliability_across_halves,wikitext,bookcorpus,0.06776921469081572
null,binarize_row_lloyd,fidelity_across_halves,wikitext,bookcorpus,0.42780431179007383
null,binarize_row_lloyd,reliability_across_halves,wikitext,bookcorpus,0.052365440058941615
null,binarize_row_lloyd100,fidelity_across_halves,wikitext,bookcorpus,0.4457482234119309
null,binarize_row_lloyd100,reliability_across_halves,wikitext,bookcorpus,0.034787273838298854
null,ica,fidelity_across_halves,wikitext,bookcorpus,0.34277290596288396
null,ica,reliability_across_halves,wikitext,bookcorpus,0.004603504828551414
null,ica100,fidelity_across_halves,wikitext,bookcorpus,0.39008118921712287
null,ica100,reliability_across_halves,wikitext,bookcorpus,0.004436884674059988
null,sparse_fisher_lloyd,fidelity_across_halves,wikitext,bookcorpus,0.7016488579855884
null,sparse_fisher_lloyd,reliability_across_halves,wikitext,bookcorpus,0.31321734198694445
null,sparse_fisher_lloyd100,fidelity_across_halves,wikitext,bookcorpus,0.677122590040042
null,sparse_fisher_lloyd100,reliability_across_halves,wikitext,bookcorpus,0.27164425804533116
null,(ceiling),fidelity_across_halves,wikitext,agnews,0.6095577034173343
null,binarize_global_lloyd,fidelity_across_halves,wikitext,agnews,0.6965517770738466
null,binarize_global_lloyd,reliability_across_halves,wikitext,agnews,0.140699580851873
null,binarize_global_lloyd100,fidelity_across_halves,wikitext,agnews,0.6872352921623534
null,binarize_global_lloyd100,reliability_across_halves,wikitext,agnews,0.09196314580302689
null,binarize_row_lloyd,fidelity_across_halves,wikitext,agnews,0.4240315772810783
null,binarize_row_lloyd,reliability_across_halves,wikitext,agnews,0.05295750746265731
null,binarize_row_lloyd100,fidelity_across_halves,wikitext,agnews,0.44081997880013446
null,binarize_row_lloyd100,reliability_across_halves,wikitext,agnews,0.03764328242887527
null,ica,fidelity_across_halves,wikitext,agnews,0.3461466433142524
null,ica,reliability_across_halves,wikitext,agnews,0.005996309053699372
null,ica100,fidelity_across_halves,wikitext,agnews,0.39177808353405297
null,ica100,reliability_across_halves,wikitext,agnews,0.005674793982810936
null,sparse_fisher_lloyd,fidelity_across_halves,wikitext,agnews,0.6993884396785519
null,sparse_fisher_lloyd,reliability_across_halves,wikitext,agnews,0.286283653978457
null,sparse_fisher_lloyd100,fidelity_across_halves,wikitext,agnews,0.6761957043533395
null,sparse_fisher_lloyd100,reliability_across_halves,wikitext,agnews,0.24266976141257543
null,(ceiling),fidelity_across_halves,wikitext,tldr17,0.612016435030557
null,binarize_global_lloyd,fidelity_across_halves,wikitext,tldr17,0.6996781886512684
null,binarize_global_lloyd,reliability_across_halves,wikitext,tldr17,0.1865768287734509
null,binarize_global_lloyd100,fidelity_across_halves,wikitext,tldr17,0.6897938172401865
null,binarize_global_lloyd100,reliability_across_halves,wikitext,tldr17,0.11061467412248917
null,binarize_row_lloyd,fidelity_across_halves,wikitext,tldr17,0.42723778184398964
null,binarize_row_lloyd,reliability_across_halves,wikitext,tldr17,0.08431814255775169
null,binarize_row_lloyd100,fidelity_across_halves,wikitext,tldr17,0.4439601729541018
null,binarize_row_lloyd100,reliability_across_halves,wikitext,tldr17,0.04189255268295485
null,ica,fidelity_across_halves,wikitext,tldr17,0.33457349270312137
null,ica,reliability_across_halves,wikitext,tldr17,0.007939600437603275
null,ica100,fidelity_across_halves,wikitext,tldr17,0.3832722958971727
null,ica100,reliability_across_halves,wikitext,tldr17,0.008422794755495875
null,sparse_fisher_lloyd,fidelity_across_halves,wikitext,tldr17,0.697570308040347
null,sparse_fisher_lloyd,reliability_across_halves,wikitext,tldr17,0.4068431256320938
null,sparse_fisher_lloyd100,fidelity_across_halves,wikitext,tldr17,0.6771275248574118
null,sparse_fisher_lloyd100,reliability_across_halves,wikitext,tldr17,0.3314524562362364
null,(ceiling),fidelity_across_halves,bookcorpus,wikitext,0.6117332449866377
null,binarize_global_lloyd,fidelity_across_halves,bookcorpus,wikitext,0.681217153514179
null,binarize_global_lloyd,reliability_across_halves,bookcorpus,wikitext,0.09501697842347956
null,binarize_global_lloyd100,fidelity_across_halves,bookcorpus,wikitext,0.6720840623965484
null,binarize_global_lloyd100,reliability_across_halves,bookcorpus,wikitext,0.07342365690555291
null,binarize_row_lloyd,fidelity_across_halves,bookcorpus,wikitext,0.33831443660603056
null,binarize_row_lloyd,reliability_across_halves,bookcorpus,wikitext,0.048592995721679924
null,binarize_row_lloyd100,fidelity_across_halves,bookcorpus,wikitext,0.3398561975426373
null,binarize_row_lloyd100,reliability_across_halves,bookcorpus,wikitext,0.03280668745301204
null,ica,fidelity_across_halves,bookcorpus,wikitext,0.35073609911649056
null,ica,reliability_across_halves,bookcorpus,wikitext,0.004759831089185633
null,ica100,fidelity_across_halves,bookcorpus,wikitext,0.3825274606456401
null,ica100,reliability_across_halves,bookcorpus,wikitext,0.004304181951191152
null,sparse_fisher_lloyd,fidelity_across_halves,bookcorpus,wikitext,0.6885748982552575
null,sparse_fisher_lloyd,reliability_across_halves,bookcorpus,wikitext,0.299561327335837
null,sparse_fisher_lloyd100,fidelity_across_halves,bookcorpus,wikitext,0.6760578353304054
null,sparse_fisher_lloyd100,reliability_across_halves,bookcorpus,wikitext,0.26823666078322933
null,(ceiling),fidelity_across_halves,bookcorpus,agnews,0.6115538199379141
null,binarize_global_lloyd,fidelity_across_halves,bookcorpus,agnews,0.6786118550228983
null,binarize_global_lloyd,reliability_across_halves,bookcorpus,agnews,0.08445752805682576
null,binarize_global_lloyd100,fidelity_across_halves,bookcorpus,agnews,0.6686185916261634
null,binarize_global_lloyd100,reliability_across_halves,bookcorpus,agnews,0.0662522291591076
null,binarize_row_lloyd,fidelity_across_halves,bookcorpus,agnews,0.3614562219552029
null,binarize_row_lloyd,reliability_across_halves,bookcorpus,agnews,0.04469861087898085
null,binarize_row_lloyd100,fidelity_across_halves,bookcorpus,agnews,0.35906541149740473
null,binarize_row_lloyd100,reliability_across_halves,bookcorpus,agnews,0.03183015598745016
null,ica,fidelity_across_halves,bookcorpus,agnews,0.3626966523885593
null,ica,reliability_across_halves,bookcorpus,agnews,0.004257413606729679
null,ica100,fidelity_across_halves,bookcorpus,agnews,0.39506085138113267
null,ica100,reliability_across_halves,bookcorpus,agnews,0.003138092508081699
null,sparse_fisher_lloyd,fidelity_across_halves,bookcorpus,agnews,0.690176267761785
null,sparse_fisher_lloyd,reliability_across_halves,bookcorpus,agnews,0.23140744120202306
null,sparse_fisher_lloyd100,fidelity_across_halves,bookcorpus,agnews,0.6764156644680452
null,sparse_fisher_lloyd100,reliability_across_halves,bookcorpus,agnews,0.21313150545646017
null,(ceiling),fidelity_across_halves,bookcorpus,tldr17,0.6069698312393917
null,binarize_global_lloyd,fidelity_across_halves,bookcorpus,tldr17,0.681372332608787
null,binarize_global_lloyd,reliability_across_halves,bookcorpus,tldr17,0.09132865052404722
null,binarize_global_lloyd100,fidelity_across_halves,bookcorpus,tldr17,0.6733321546372782
null,binarize_global_lloyd100,reliability_across_halves,bookcorpus,tldr17,0.0664855763597061
null,binarize_row_lloyd,fidelity_across_halves,bookcorpus,tldr17,0.3417839140959743
null,binarize_row_lloyd,reliability_across_halves,bookcorpus,tldr17,0.048795197539067546
null,binarize_row_lloyd100,fidelity_across_halves,bookcorpus,tldr17,0.34278555139104233
null,binarize_row_lloyd100,reliability_across_halves,bookcorpus,tldr17,0.02693233133678266
null,ica,fidelity_across_halves,bookcorpus,tldr17,0.3504032876789849
null,ica,reliability_across_halves,bookcorpus,tldr17,0.004748098212280613
null,ica100,fidelity_across_halves,bookcorpus,tldr17,0.38061845948050954
null,ica100,reliability_across_halves,bookcorpus,tldr17,0.004550306938577166
null,sparse_fisher_lloyd,fidelity_across_halves,bookcorpus,tldr17,0.6850487091554072
null,sparse_fisher_lloyd,reliability_across_halves,bookcorpus,tldr17,0.2833337704092442
null,sparse_fisher_lloyd100,fidelity_across_halves,bookcorpus,tldr17,0.6712153817523533
null,sparse_fisher_lloyd100,reliability_across_halves,bookcorpus,tldr17,0.25007212684928043
null,(ceiling),fidelity_across_halves,agnews,wikitext,0.6086252989178091
null,binarize_global_lloyd,fidelity_across_halves,agnews,wikitext,0.6896730626621532
null,binarize_global_lloyd,reliability_across_halves,agnews,wikitext,0.17206399625057317
null,binarize_global_lloyd100,fidelity_across_halves,agnews,wikitext,0.6616516958495708
null,binarize_global_lloyd100,reliability_across_halves,agnews,wikitext,0.10057325599472433
null,binarize_row_lloyd,fidelity_across_halves,agnews,wikitext,0.35289115513907593
null,binarize_row_lloyd,reliability_across_halves,agnews,wikitext,0.06376460717163554
null,binarize_row_lloyd100,fidelity_across_halves,agnews,wikitext,0.36593757116973397
null,binarize_row_lloyd100,reliability_across_halves,agnews,wikitext,0.039572615290523826
null,ica,fidelity_across_halves,agnews,wikitext,0.3447987361228058
null,ica,reliability_across_halves,agnews,wikitext,0.005539185116951587
null,ica100,fidelity_across_halves,agnews,wikitext,0.36897344036626273
null,ica100,reliability_across_halves,agnews,wikitext,0.0053282665180677605
null,sparse_fisher_lloyd,fidelity_across_halves,agnews,wikitext,0.6920265314570413
null,sparse_fisher_lloyd,reliability_across_halves,agnews,wikitext,0.27959351214708894
null,sparse_fisher_lloyd100,fidelity_across_halves,agnews,wikitext,0.6753115125320913
null,sparse_fisher_lloyd100,reliability_across_halves,agnews,wikitext,0.2508540929448877
null,(ceiling),fidelity_across_halves,agnews,bookcorpus,0.6077313353181493
null,binarize_global_lloyd,fidelity_across_halves,agnews,bookcorpus,0.6931578080132349
null,binarize_global_lloyd,reliability_across_halves,agnews,bookcorpus,0.08814217303341715
null,binarize_global_lloyd100,fidelity_across_halves,agnews,bookcorpus,0.665088897456314
null,binarize_global_lloyd100,reliability_across_halves,agnews,bookcorpus,0.06888464632053903
null,binarize_row_lloyd,fidelity_across_halves,agnews,bookcorpus,0.3658488894505855
null,binarize_row_lloyd,reliability_across_halves,agnews,bookcorpus,0.051632743119336126
null,binarize_row_lloyd100,fidelity_across_halves,agnews,bookcorpus,0.37937490179887234
null,binarize_row_lloyd100,reliability_across_halves,agnews,bookcorpus,0.03567682092514389
null,ica,fidelity_across_halves,agnews,bookcorpus,0.3565765395716495
null,ica,reliability_across_halves,agnews,bookcorpus,0.004233431654113933
null,ica100,fidelity_across_halves,agnews,bookcorpus,0.37995961154267827
null,ica100,reliability_across_halves,agnews,bookcorpus,0.0031469783634187607
null,sparse_fisher_lloyd,fidelity_across_halves,agnews,bookcorpus,0.694107505739039
null,sparse_fisher_lloyd,reliability_across_halves,agnews,bookcorpus,0.22947800442621125
null,sparse_fisher_lloyd100,fidelity_across_halves,agnews,bookcorpus,0.6759635841502655
null,sparse_fisher_lloyd100,reliability_across_halves,agnews,bookcorpus,0.22211788391638948
null,(ceiling),fidelity_across_halves,agnews,tldr17,0.5981018932363805
null,binarize_global_lloyd,fidelity_across_halves,agnews,tldr17,0.6833321968491787
null,binarize_global_lloyd,reliability_across_halves,agnews,tldr17,0.13953515240031425
null,binarize_global_lloyd100,fidelity_across_halves,agnews,tldr17,0.6569548499892569
null,binarize_global_lloyd100,reliability_across_halves,agnews,tldr17,0.08628478593706955
null,binarize_row_lloyd,fidelity_across_halves,agnews,tldr17,0.3538961112553178
null,binarize_row_lloyd,reliability_across_halves,agnews,tldr17,0.059242512923051126
null,binarize_row_lloyd100,fidelity_across_halves,agnews,tldr17,0.36708453260173857
null,binarize_row_lloyd100,reliability_across_halves,agnews,tldr17,0.03251220287170264
null,ica,fidelity_across_halves,agnews,tldr17,0.34057150774956463
null,ica,reliability_across_halves,agnews,tldr17,0.005633856608466324
null,ica100,fidelity_across_halves,agnews,tldr17,0.3645772488889269
null,ica100,reliability_across_halves,agnews,tldr17,0.005706117156390303
null,sparse_fisher_lloyd,fidelity_across_halves,agnews,tldr17,0.683433024198719
null,sparse_fisher_lloyd,reliability_across_halves,agnews,tldr17,0.23464436072550499
null,sparse_fisher_lloyd100,fidelity_across_halves,agnews,tldr17,0.6641713273924981
null,sparse_fisher_lloyd100,reliability_across_halves,agnews,tldr17,0.2121875440864464
null,(ceiling),fidelity_across_halves,tldr17,wikitext,0.6124958678433566
null,binarize_global_lloyd,fidelity_across_halves,tldr17,wikitext,0.6932641389386637
null,binarize_global_lloyd,reliability_across_halves,tldr17,wikitext,0.20162749388777956
null,binarize_global_lloyd100,fidelity_across_halves,tldr17,wikitext,0.688784847258456
null,binarize_global_lloyd100,reliability_across_halves,tldr17,wikitext,0.11965325717403104
null,binarize_row_lloyd,fidelity_across_halves,tldr17,wikitext,0.4184278035231704
null,binarize_row_lloyd,reliability_across_halves,tldr17,wikitext,0.08119665376331134
null,binarize_row_lloyd100,fidelity_across_halves,tldr17,wikitext,0.42064940099065407
null,binarize_row_lloyd100,reliability_across_halves,tldr17,wikitext,0.044991466746809435
null,ica,fidelity_across_halves,tldr17,wikitext,0.38113161450008
null,ica,reliability_across_halves,tldr17,wikitext,0.007927153819303635
null,ica100,fidelity_across_halves,tldr17,wikitext,0.393301636137171
null,ica100,reliability_across_halves,tldr17,wikitext,0.009026692836977735
null,sparse_fisher_lloyd,fidelity_across_halves,tldr17,wikitext,0.6938767443639714
null,sparse_fisher_lloyd,reliability_across_halves,tldr17,wikitext,0.40728490318444466
null,sparse_fisher_lloyd100,fidelity_across_halves,tldr17,wikitext,0.6776204813609839
null,sparse_fisher_lloyd100,reliability_across_halves,tldr17,wikitext,0.33007067789922556
null,(ceiling),fidelity_across_halves,tldr17,bookcorpus,0.6079459943744818
null,binarize_global_lloyd,fidelity_across_halves,tldr17,bookcorpus,0.6918147707605627
null,binarize_global_lloyd,reliability_across_halves,tldr17,bookcorpus,0.0911403832579167
null,binarize_global_lloyd100,fidelity_across_halves,tldr17,bookcorpus,0.6889100582044461
null,binarize_global_lloyd100,reliability_across_halves,tldr17,bookcorpus,0.06696609230184626
null,binarize_row_lloyd,fidelity_across_halves,tldr17,bookcorpus,0.4258282608048417
null,binarize_row_lloyd,reliability_across_halves,tldr17,bookcorpus,0.050302534323977036
null,binarize_row_lloyd100,fidelity_across_halves,tldr17,bookcorpus,0.4293824979902655
null,binarize_row_lloyd100,reliability_across_halves,tldr17,bookcorpus,0.03531035779460927
null,ica,fidelity_across_halves,tldr17,bookcorpus,0.38812557559109573
null,ica,reliability_across_halves,tldr17,bookcorpus,0.004011168826927604
null,ica100,fidelity_across_halves,tldr17,bookcorpus,0.4002529885168499
null,ica100,reliability_across_halves,tldr17,bookcorpus,0.0042082325174732016
null,sparse_fisher_lloyd,fidelity_across_halves,tldr17,bookcorpus,0.6947066476423397
null,sparse_fisher_lloyd,reliability_across_halves,tldr17,bookcorpus,0.2940570538235832
null,sparse_fisher_lloyd100,fidelity_across_halves,tldr17,bookcorpus,0.6795752548828747
null,sparse_fisher_lloyd100,reliability_across_halves,tldr17,bookcorpus,0.2591475771874782
null,(ceiling),fidelity_across_halves,tldr17,agnews,0.6052593775332099
null,binarize_global_lloyd,fidelity_across_halves,tldr17,agnews,0.6827642148630508
null,binarize_global_lloyd,reliability_across_halves,tldr17,agnews,0.13301192928325545
null,binarize_global_lloyd100,fidelity_across_halves,tldr17,agnews,0.6817908951426177
null,binarize_global_lloyd100,reliability_across_halves,tldr17,agnews,0.08826527201854727
null,binarize_row_lloyd,fidelity_across_halves,tldr17,agnews,0.41935096910083525
null,binarize_row_lloyd,reliability_across_halves,tldr17,agnews,0.04985808548251622
null,binarize_row_lloyd100,fidelity_across_halves,tldr17,agnews,0.4246411308495474
null,binarize_row_lloyd100,reliability_across_halves,tldr17,agnews,0.036111045577181734
null,ica,fidelity_across_halves,tldr17,agnews,0.3851842918424524
null,ica,reliability_across_halves,tldr17,agnews,0.005259986973852239
null,ica100,fidelity_across_halves,tldr17,agnews,0.39999428951830474
null,ica100,reliability_across_halves,tldr17,agnews,0.005704440850236516
null,sparse_fisher_lloyd,fidelity_across_halves,tldr17,agnews,0.6859347670878622
null,sparse_fisher_lloyd,reliability_across_halves,tldr17,agnews,0.25398046703904564
null,sparse_fisher_lloyd100,fidelity_across_halves,tldr17,agnews,0.6734608565454886
null,sparse_fisher_lloyd100,reliability_across_halves,tldr17,agnews,0.2168234092458508
pnull,binarize_global_lloyd,reliability_within,wikitext,wikitext,0.032296205957637415
pnull,binarize_global_lloyd,fidelity_within,wikitext,wikitext,0.04440350155191075
pnull,binarize_global_lloyd,fidelity_within_r,wikitext,wikitext,0.21072168289537727
pnull,binarize_global_lloyd,fidelity_within_insample,wikitext,wikitext,0.044523061653401697
pnull,binarize_global_lloyd,triviality_ami_layer,wikitext,wikitext,0.20884813762957483
pnull,binarize_global_lloyd,triviality_ami_dimension,wikitext,wikitext,0.042472913345859516
pnull,binarize_global_lloyd,triviality_ami_hubness,wikitext,wikitext,0.028141170808845508
pnull,binarize_global_lloyd,triviality_n_effective_networks,wikitext,wikitext,50.0
pnull,binarize_global_lloyd,triviality_median_max_membership,wikitext,wikitext,0.6
pnull,binarize_global_lloyd,triviality_frac_confident,wikitext,wikitext,0.6815905448717948
rand,binarize_global_lloyd,reliability_within,wikitext,wikitext,-7.122654582093455e-05
rand,binarize_global_lloyd,fidelity_within,wikitext,wikitext,0.000508961649082762
rand,binarize_global_lloyd,fidelity_within_r,wikitext,wikitext,0.022568464527932094
rand,binarize_global_lloyd,fidelity_within_insample,wikitext,wikitext,0.0004885426795511183
rand,binarize_global_lloyd,triviality_ami_layer,wikitext,wikitext,-3.8247136508938507e-05
rand,binarize_global_lloyd,triviality_ami_dimension,wikitext,wikitext,0.0023967583940147563
rand,binarize_global_lloyd,triviality_ami_hubness,wikitext,wikitext,-0.0006725804483782166
rand,binarize_global_lloyd,triviality_n_effective_networks,wikitext,wikitext,50.0
rand,binarize_global_lloyd,triviality_median_max_membership,wikitext,wikitext,1.0
rand,binarize_global_lloyd,triviality_frac_confident,wikitext,wikitext,1.0
pnull,binarize_global_lloyd100,reliability_within,wikitext,wikitext,0.022530865730131754
pnull,binarize_global_lloyd100,fidelity_within,wikitext,wikitext,0.047584574662098644
pnull,binarize_global_lloyd100,fidelity_within_r,wikitext,wikitext,0.218139170059692
pnull,binarize_global_lloyd100,fidelity_within_insample,wikitext,wikitext,0.04773705067747036
pnull,binarize_global_lloyd100,triviality_ami_layer,wikitext,wikitext,0.18447311114453221
pnull,binarize_global_lloyd100,triviality_ami_dimension,wikitext,wikitext,0.032151448304720234
pnull,binarize_global_lloyd100,triviality_ami_hubness,wikitext,wikitext,0.025486875896872648
pnull,binarize_global_lloyd100,triviality_n_effective_networks,wikitext,wikitext,100.0
pnull,binarize_global_lloyd100,triviality_median_max_membership,wikitext,wikitext,0.55
pnull,binarize_global_lloyd100,triviality_frac_confident,wikitext,wikitext,0.5766225961538461
rand,binarize_global_lloyd100,reliability_within,wikitext,wikitext,3.622815672406956e-05
rand,binarize_global_lloyd100,fidelity_within,wikitext,wikitext,0.0007939177024065547
rand,binarize_global_lloyd100,fidelity_within_r,wikitext,wikitext,0.028179367078915975
rand,binarize_global_lloyd100,fidelity_within_insample,wikitext,wikitext,0.0007859243461135756
rand,binarize_global_lloyd100,triviality_ami_layer,wikitext,wikitext,-0.00031360050888114814
rand,binarize_global_lloyd100,triviality_ami_dimension,wikitext,wikitext,-0.0005502601447514276
rand,binarize_global_lloyd100,triviality_ami_hubness,wikitext,wikitext,0.000361651460257882
rand,binarize_global_lloyd100,triviality_n_effective_networks,wikitext,wikitext,100.0
rand,binarize_global_lloyd100,triviality_median_max_membership,wikitext,wikitext,1.0
rand,binarize_global_lloyd100,triviality_frac_confident,wikitext,wikitext,1.0
pnull,binarize_row_lloyd,reliability_within,wikitext,wikitext,0.02063062708072471
pnull,binarize_row_lloyd,fidelity_within,wikitext,wikitext,0.015471911233199576
pnull,binarize_row_lloyd,fidelity_within_r,wikitext,wikitext,0.124386804970376
pnull,binarize_row_lloyd,fidelity_within_insample,wikitext,wikitext,0.015470273359849962
pnull,binarize_row_lloyd,triviality_ami_layer,wikitext,wikitext,0.11343389131914541
pnull,binarize_row_lloyd,triviality_ami_dimension,wikitext,wikitext,0.032807694425258556
pnull,binarize_row_lloyd,triviality_ami_hubness,wikitext,wikitext,0.014750117972773855
pnull,binarize_row_lloyd,triviality_n_effective_networks,wikitext,wikitext,50.0
pnull,binarize_row_lloyd,triviality_median_max_membership,wikitext,wikitext,0.55
pnull,binarize_row_lloyd,triviality_frac_confident,wikitext,wikitext,0.5712139423076923
rand,binarize_row_lloyd,reliability_within,wikitext,wikitext,8.131096804131641e-05
rand,binarize_row_lloyd,fidelity_within,wikitext,wikitext,0.0004798832227859151
rand,binarize_row_lloyd,fidelity_within_r,wikitext,wikitext,0.021912371500556374
rand,binarize_row_lloyd,fidelity_within_insample,wikitext,wikitext,0.00046505322580780994
rand,binarize_row_lloyd,triviality_ami_layer,wikitext,wikitext,-0.0014984117094988705
rand,binarize_row_lloyd,triviality_ami_dimension,wikitext,wikitext,0.0008628154286725144
rand,binarize_row_lloyd,triviality_ami_hubness,wikitext,wikitext,0.0004621453304458901
rand,binarize_row_lloyd,triviality_n_effective_networks,wikitext,wikitext,50.0
rand,binarize_row_lloyd,triviality_median_max_membership,wikitext,wikitext,1.0
rand,binarize_row_lloyd,triviality_frac_confident,wikitext,wikitext,1.0
pnull,binarize_row_lloyd100,reliability_within,wikitext,wikitext,0.01014175171288322
pnull,binarize_row_lloyd100,fidelity_within,wikitext,wikitext,0.0174569773005101
pnull,binarize_row_lloyd100,fidelity_within_r,wikitext,wikitext,0.1321257820317413
pnull,binarize_row_lloyd100,fidelity_within_insample,wikitext,wikitext,0.017421125052379804
pnull,binarize_row_lloyd100,triviality_ami_layer,wikitext,wikitext,0.10661161129806307
pnull,binarize_row_lloyd100,triviality_ami_dimension,wikitext,wikitext,0.022567568579207452
pnull,binarize_row_lloyd100,triviality_ami_hubness,wikitext,wikitext,0.012273159855106495
pnull,binarize_row_lloyd100,triviality_n_effective_networks,wikitext,wikitext,100.0
pnull,binarize_row_lloyd100,triviality_median_max_membership,wikitext,wikitext,0.45
pnull,binarize_row_lloyd100,triviality_frac_confident,wikitext,wikitext,0.4000400641025641
rand,binarize_row_lloyd100,reliability_within,wikitext,wikitext,-9.242212247582903e-06
rand,binarize_row_lloyd100,fidelity_within,wikitext,wikitext,0.0008548627980896617
rand,binarize_row_lloyd100,fidelity_within_r,wikitext,wikitext,0.029242356645132674
rand,binarize_row_lloyd100,fidelity_within_insample,wikitext,wikitext,0.0008368722655615057
rand,binarize_row_lloyd100,triviality_ami_layer,wikitext,wikitext,0.0001309488351092843
rand,binarize_row_lloyd100,triviality_ami_dimension,wikitext,wikitext,0.0003781402153691027
rand,binarize_row_lloyd100,triviality_ami_hubness,wikitext,wikitext,0.00011632483723911745
rand,binarize_row_lloyd100,triviality_n_effective_networks,wikitext,wikitext,100.0
rand,binarize_row_lloyd100,triviality_median_max_membership,wikitext,wikitext,1.0
rand,binarize_row_lloyd100,triviality_frac_confident,wikitext,wikitext,1.0
pnull,ica,reliability_within,wikitext,wikitext,0.002141364232201141
pnull,ica,fidelity_within,wikitext,wikitext,0.0073611653602903004
pnull,ica,fidelity_within_r,wikitext,wikitext,0.08579851826306494
pnull,ica,fidelity_within_insample,wikitext,wikitext,0.007331514818275431
pnull,ica,triviality_ami_layer,wikitext,wikitext,0.06227821315137645
pnull,ica,triviality_ami_dimension,wikitext,wikitext,0.009872004038650893
pnull,ica,triviality_ami_hubness,wikitext,wikitext,0.0035389227713846843
pnull,ica,triviality_n_effective_networks,wikitext,wikitext,50.0
pnull,ica,triviality_median_max_membership,wikitext,wikitext,0.225
pnull,ica,triviality_frac_confident,wikitext,wikitext,0.08804086538461539
rand,ica,reliability_within,wikitext,wikitext,-1.9090063943836034e-05
rand,ica,fidelity_within,wikitext,wikitext,0.0003948243956019004
rand,ica,fidelity_within_r,wikitext,wikitext,0.01988237958406796
rand,ica,fidelity_within_insample,wikitext,wikitext,0.00037295465688291785
rand,ica,triviality_ami_layer,wikitext,wikitext,0.0008727177303078252
rand,ica,triviality_ami_dimension,wikitext,wikitext,-0.0017921290866205757
rand,ica,triviality_ami_hubness,wikitext,wikitext,-0.00024362571032663608
rand,ica,triviality_n_effective_networks,wikitext,wikitext,50.0
rand,ica,triviality_median_max_membership,wikitext,wikitext,1.0
rand,ica,triviality_frac_confident,wikitext,wikitext,1.0
pnull,ica100,reliability_within,wikitext,wikitext,0.002487831872913764
pnull,ica100,fidelity_within,wikitext,wikitext,0.009670756463709407
pnull,ica100,fidelity_within_r,wikitext,wikitext,0.09834142411036079
pnull,ica100,fidelity_within_insample,wikitext,wikitext,0.009624421265450933
pnull,ica100,triviality_ami_layer,wikitext,wikitext,0.05310830895233608
pnull,ica100,triviality_ami_dimension,wikitext,wikitext,0.010445059558371723
pnull,ica100,triviality_ami_hubness,wikitext,wikitext,0.0037629551752892247
pnull,ica100,triviality_n_effective_networks,wikitext,wikitext,100.0
pnull,ica100,triviality_median_max_membership,wikitext,wikitext,0.125
pnull,ica100,triviality_frac_confident,wikitext,wikitext,0.11177884615384616
rand,ica100,reliability_within,wikitext,wikitext,0.00015248224618653292
rand,ica100,fidelity_within,wikitext,wikitext,0.0009202350610613141
rand,ica100,fidelity_within_r,wikitext,wikitext,0.03033814791029862
rand,ica100,fidelity_within_insample,wikitext,wikitext,0.0009104655011816787
rand,ica100,triviality_ami_layer,wikitext,wikitext,0.0004552808059625742
rand,ica100,triviality_ami_dimension,wikitext,wikitext,0.00011902478190413752
rand,ica100,triviality_ami_hubness,wikitext,wikitext,0.00033965510623518576
rand,ica100,triviality_n_effective_networks,wikitext,wikitext,100.0
rand,ica100,triviality_median_max_membership,wikitext,wikitext,1.0
rand,ica100,triviality_frac_confident,wikitext,wikitext,1.0
pnull,sparse_fisher_lloyd,reliability_within,wikitext,wikitext,0.021290021466580624
pnull,sparse_fisher_lloyd,fidelity_within,wikitext,wikitext,0.0406643718877312
pnull,sparse_fisher_lloyd,fidelity_within_r,wikitext,wikitext,0.2016544936183831
pnull,sparse_fisher_lloyd,fidelity_within_insample,wikitext,wikitext,0.04087701122487952
pnull,sparse_fisher_lloyd,triviality_ami_layer,wikitext,wikitext,0.050592257801760285
pnull,sparse_fisher_lloyd,triviality_ami_dimension,wikitext,wikitext,0.051570335289374665
pnull,sparse_fisher_lloyd,triviality_ami_hubness,wikitext,wikitext,0.014003990141126795
pnull,sparse_fisher_lloyd,triviality_n_effective_networks,wikitext,wikitext,50.0
pnull,sparse_fisher_lloyd,triviality_median_max_membership,wikitext,wikitext,0.7875000000000001
pnull,sparse_fisher_lloyd,triviality_frac_confident,wikitext,wikitext,0.8792067307692307
rand,sparse_fisher_lloyd,reliability_within,wikitext,wikitext,-0.00010773011830014979
rand,sparse_fisher_lloyd,fidelity_within,wikitext,wikitext,0.00035644457013828124
rand,sparse_fisher_lloyd,fidelity_within_r,wikitext,wikitext,0.018882992839070405
rand,sparse_fisher_lloyd,fidelity_within_insample,wikitext,wikitext,0.00035782261138916915
rand,sparse_fisher_lloyd,triviality_ami_layer,wikitext,wikitext,0.0002598198505507247
rand,sparse_fisher_lloyd,triviality_ami_dimension,wikitext,wikitext,0.000913548604141548
rand,sparse_fisher_lloyd,triviality_ami_hubness,wikitext,wikitext,-0.00014643983739506583
rand,sparse_fisher_lloyd,triviality_n_effective_networks,wikitext,wikitext,50.0
rand,sparse_fisher_lloyd,triviality_median_max_membership,wikitext,wikitext,1.0
rand,sparse_fisher_lloyd,triviality_frac_confident,wikitext,wikitext,1.0
pnull,sparse_fisher_lloyd100,reliability_within,wikitext,wikitext,0.018339365647003694
pnull,sparse_fisher_lloyd100,fidelity_within,wikitext,wikitext,0.04231900914013309
pnull,sparse_fisher_lloyd100,fidelity_within_r,wikitext,wikitext,0.20571621237177545
pnull,sparse_fisher_lloyd100,fidelity_within_insample,wikitext,wikitext,0.04252511359906741
pnull,sparse_fisher_lloyd100,triviality_ami_layer,wikitext,wikitext,0.04782739530908625
pnull,sparse_fisher_lloyd100,triviality_ami_dimension,wikitext,wikitext,0.04778805238148821
pnull,sparse_fisher_lloyd100,triviality_ami_hubness,wikitext,wikitext,0.008900196027364186
pnull,sparse_fisher_lloyd100,triviality_n_effective_networks,wikitext,wikitext,99.0
pnull,sparse_fisher_lloyd100,triviality_median_max_membership,wikitext,wikitext,0.75
pnull,sparse_fisher_lloyd100,triviality_frac_confident,wikitext,wikitext,0.8472556089743589
rand,sparse_fisher_lloyd100,reliability_within,wikitext,wikitext,-5.8073049986450354e-05
rand,sparse_fisher_lloyd100,fidelity_within,wikitext,wikitext,0.0008545118143163943
rand,sparse_fisher_lloyd100,fidelity_within_r,wikitext,wikitext,0.029235098075008816
rand,sparse_fisher_lloyd100,fidelity_within_insample,wikitext,wikitext,0.0008435912419761937
rand,sparse_fisher_lloyd100,triviality_ami_layer,wikitext,wikitext,-0.0005710175498146856
rand,sparse_fisher_lloyd100,triviality_ami_dimension,wikitext,wikitext,0.0006468999677243538
rand,sparse_fisher_lloyd100,triviality_ami_hubness,wikitext,wikitext,-0.00045861663384142766
rand,sparse_fisher_lloyd100,triviality_n_effective_networks,wikitext,wikitext,100.0
rand,sparse_fisher_lloyd100,triviality_median_max_membership,wikitext,wikitext,1.0
rand,sparse_fisher_lloyd100,triviality_frac_confident,wikitext,wikitext,1.0
pnull,binarize_global_lloyd,reliability_within,bookcorpus,bookcorpus,0.005921313350984458
pnull,binarize_global_lloyd,fidelity_within,bookcorpus,bookcorpus,0.027204824012317386
pnull,binarize_global_lloyd,fidelity_within_r,bookcorpus,bookcorpus,0.16494834552814266
pnull,binarize_global_lloyd,fidelity_within_insample,bookcorpus,bookcorpus,0.027369370988170272
pnull,binarize_global_lloyd,triviality_ami_layer,bookcorpus,bookcorpus,0.03999174343272929
pnull,binarize_global_lloyd,triviality_ami_dimension,bookcorpus,bookcorpus,0.03871242025506549
pnull,binarize_global_lloyd,triviality_ami_hubness,bookcorpus,bookcorpus,0.00628169160858553
pnull,binarize_global_lloyd,triviality_n_effective_networks,bookcorpus,bookcorpus,50.0
pnull,binarize_global_lloyd,triviality_median_max_membership,bookcorpus,bookcorpus,0.6
pnull,binarize_global_lloyd,triviality_frac_confident,bookcorpus,bookcorpus,0.6760817307692307
rand,binarize_global_lloyd,reliability_within,bookcorpus,bookcorpus,0.00011562916836803453
rand,binarize_global_lloyd,fidelity_within,bookcorpus,bookcorpus,0.0010033912328958339
rand,binarize_global_lloyd,fidelity_within_r,bookcorpus,bookcorpus,0.03172554224727501
rand,binarize_global_lloyd,fidelity_within_insample,bookcorpus,bookcorpus,0.000999578381548516
rand,binarize_global_lloyd,triviality_ami_layer,bookcorpus,bookcorpus,-9.924340985105422e-05
rand,binarize_global_lloyd,triviality_ami_dimension,bookcorpus,bookcorpus,-0.0017594109240877613
rand,binarize_global_lloyd,triviality_ami_hubness,bookcorpus,bookcorpus,0.00019299452243806982
rand,binarize_global_lloyd,triviality_n_effective_networks,bookcorpus,bookcorpus,50.0
rand,binarize_global_lloyd,triviality_median_max_membership,bookcorpus,bookcorpus,1.0
rand,binarize_global_lloyd,triviality_frac_confident,bookcorpus,bookcorpus,1.0
pnull,binarize_global_lloyd100,reliability_within,bookcorpus,bookcorpus,0.0033829157156215813
pnull,binarize_global_lloyd100,fidelity_within,bookcorpus,bookcorpus,0.029237472211708693
pnull,binarize_global_lloyd100,fidelity_within_r,bookcorpus,bookcorpus,0.17099882377889689
pnull,binarize_global_lloyd100,fidelity_within_insample,bookcorpus,bookcorpus,0.029405146077081334
pnull,binarize_global_lloyd100,triviality_ami_layer,bookcorpus,bookcorpus,0.03817947583624063
pnull,binarize_global_lloyd100,triviality_ami_dimension,bookcorpus,bookcorpus,0.026070288374466198
pnull,binarize_global_lloyd100,triviality_ami_hubness,bookcorpus,bookcorpus,0.0051181772891541735
pnull,binarize_global_lloyd100,triviality_n_effective_networks,bookcorpus,bookcorpus,100.0
pnull,binarize_global_lloyd100,triviality_median_max_membership,bookcorpus,bookcorpus,0.55
pnull,binarize_global_lloyd100,triviality_frac_confident,bookcorpus,bookcorpus,0.5794270833333334
rand,binarize_global_lloyd100,reliability_within,bookcorpus,bookcorpus,-9.083887953742432e-05
rand,binarize_global_lloyd100,fidelity_within,bookcorpus,bookcorpus,0.0012918946292109768
rand,binarize_global_lloyd100,fidelity_within_r,bookcorpus,bookcorpus,0.035986570457291596
rand,binarize_global_lloyd100,fidelity_within_insample,bookcorpus,bookcorpus,0.0012839558418358266
rand,binarize_global_lloyd100,triviality_ami_layer,bookcorpus,bookcorpus,-4.410360127710576e-05
rand,binarize_global_lloyd100,triviality_ami_dimension,bookcorpus,bookcorpus,0.0005481849010292191
rand,binarize_global_lloyd100,triviality_ami_hubness,bookcorpus,bookcorpus,-0.0008667523897027955
rand,binarize_global_lloyd100,triviality_n_effective_networks,bookcorpus,bookcorpus,100.0
rand,binarize_global_lloyd100,triviality_median_max_membership,bookcorpus,bookcorpus,1.0
rand,binarize_global_lloyd100,triviality_frac_confident,bookcorpus,bookcorpus,1.0
pnull,binarize_row_lloyd,reliability_within,bookcorpus,bookcorpus,0.002911953094084454
pnull,binarize_row_lloyd,fidelity_within,bookcorpus,bookcorpus,0.006671841274487278
pnull,binarize_row_lloyd,fidelity_within_r,bookcorpus,bookcorpus,0.08170026524540727
pnull,binarize_row_lloyd,fidelity_within_insample,bookcorpus,bookcorpus,0.006700565979788631
pnull,binarize_row_lloyd,triviality_ami_layer,bookcorpus,bookcorpus,0.03348111000530918
pnull,binarize_row_lloyd,triviality_ami_dimension,bookcorpus,bookcorpus,0.029879522927442954
pnull,binarize_row_lloyd,triviality_ami_hubness,bookcorpus,bookcorpus,0.0020302798604882825
pnull,binarize_row_lloyd,triviality_n_effective_networks,bookcorpus,bookcorpus,50.0
pnull,binarize_row_lloyd,triviality_median_max_membership,bookcorpus,bookcorpus,0.575
pnull,binarize_row_lloyd,triviality_frac_confident,bookcorpus,bookcorpus,0.6286057692307693
rand,binarize_row_lloyd,reliability_within,bookcorpus,bookcorpus,9.475185313529966e-05
rand,binarize_row_lloyd,fidelity_within,bookcorpus,bookcorpus,0.0006898340851829721
rand,binarize_row_lloyd,fidelity_within_r,bookcorpus,bookcorpus,0.026323795050840888
rand,binarize_row_lloyd,fidelity_within_insample,bookcorpus,bookcorpus,0.0006886283619711442
rand,binarize_row_lloyd,triviality_ami_layer,bookcorpus,bookcorpus,8.485299105099868e-05
rand,binarize_row_lloyd,triviality_ami_dimension,bookcorpus,bookcorpus,0.0012667998388249456
rand,binarize_row_lloyd,triviality_ami_hubness,bookcorpus,bookcorpus,0.00016422502019950027
rand,binarize_row_lloyd,triviality_n_effective_networks,bookcorpus,bookcorpus,50.0
rand,binarize_row_lloyd,triviality_median_max_membership,bookcorpus,bookcorpus,1.0
rand,binarize_row_lloyd,triviality_frac_confident,bookcorpus,bookcorpus,1.0
pnull,binarize_row_lloyd100,reliability_within,bookcorpus,bookcorpus,0.002520264795790661
pnull,binarize_row_lloyd100,fidelity_within,bookcorpus,bookcorpus,0.007554959948715356
pnull,binarize_row_lloyd100,fidelity_within_r,bookcorpus,bookcorpus,0.08693705737741547
pnull,binarize_row_lloyd100,fidelity_within_insample,bookcorpus,bookcorpus,0.007582129745530297
pnull,binarize_row_lloyd100,triviality_ami_layer,bookcorpus,bookcorpus,0.031968390353697675
pnull,binarize_row_lloyd100,triviality_ami_dimension,bookcorpus,bookcorpus,0.017909625686765785
pnull,binarize_row_lloyd100,triviality_ami_hubness,bookcorpus,bookcorpus,0.0024666191418748666
pnull,binarize_row_lloyd100,triviality_n_effective_networks,bookcorpus,bookcorpus,100.0
pnull,binarize_row_lloyd100,triviality_median_max_membership,bookcorpus,bookcorpus,0.5
pnull,binarize_row_lloyd100,triviality_frac_confident,bookcorpus,bookcorpus,0.45783253205128205
rand,binarize_row_lloyd100,reliability_within,bookcorpus,bookcorpus,-0.0001240166967644106
rand,binarize_row_lloyd100,fidelity_within,bookcorpus,bookcorpus,0.0015115552045771308
rand,binarize_row_lloyd100,fidelity_within_r,bookcorpus,bookcorpus,0.0389190380665253
rand,binarize_row_lloyd100,fidelity_within_insample,bookcorpus,bookcorpus,0.0015035229802748962
rand,binarize_row_lloyd100,triviality_ami_layer,bookcorpus,bookcorpus,-0.00036335523781879514
rand,binarize_row_lloyd100,triviality_ami_dimension,bookcorpus,bookcorpus,0.00037151691932148836
rand,binarize_row_lloyd100,triviality_ami_hubness,bookcorpus,bookcorpus,0.0003263575412608101
rand,binarize_row_lloyd100,triviality_n_effective_networks,bookcorpus,bookcorpus,100.0
rand,binarize_row_lloyd100,triviality_median_max_membership,bookcorpus,bookcorpus,1.0
rand,binarize_row_lloyd100,triviality_frac_confident,bookcorpus,bookcorpus,1.0
pnull,ica,reliability_within,bookcorpus,bookcorpus,0.0017270155009818295
pnull,ica,fidelity_within,bookcorpus,bookcorpus,0.006485850511536384
pnull,ica,fidelity_within_r,bookcorpus,bookcorpus,0.08055398308408039
pnull,ica,fidelity_within_insample,bookcorpus,bookcorpus,0.006504549455492059
pnull,ica,triviality_ami_layer,bookcorpus,bookcorpus,0.027732941368746426
pnull,ica,triviality_ami_dimension,bookcorpus,bookcorpus,0.009152480416491065
pnull,ica,triviality_ami_hubness,bookcorpus,bookcorpus,0.0023593804764165155
pnull,ica,triviality_n_effective_networks,bookcorpus,bookcorpus,50.0
pnull,ica,triviality_median_max_membership,bookcorpus,bookcorpus,0.4
pnull,ica,triviality_frac_confident,bookcorpus,bookcorpus,0.3072916666666667
rand,ica,reliability_within,bookcorpus,bookcorpus,0.00010316920918578772
rand,ica,fidelity_within,bookcorpus,bookcorpus,0.0008777088722431436
rand,ica,fidelity_within_r,bookcorpus,bookcorpus,0.029680632808497837
rand,ica,fidelity_within_insample,bookcorpus,bookcorpus,0.0008619103939115913
rand,ica,triviality_ami_layer,bookcorpus,bookcorpus,-0.0005986559633496669
rand,ica,triviality_ami_dimension,bookcorpus,bookcorpus,-0.0008846352679945963
rand,ica,triviality_ami_hubness,bookcorpus,bookcorpus,3.080091831854507e-05
rand,ica,triviality_n_effective_networks,bookcorpus,bookcorpus,50.0
rand,ica,triviality_median_max_membership,bookcorpus,bookcorpus,1.0
rand,ica,triviality_frac_confident,bookcorpus,bookcorpus,1.0
pnull,ica100,reliability_within,bookcorpus,bookcorpus,0.0017082342987928584
pnull,ica100,fidelity_within,bookcorpus,bookcorpus,0.008796702960803482
pnull,ica100,fidelity_within_r,bookcorpus,bookcorpus,0.09380723656400095
pnull,ica100,fidelity_within_insample,bookcorpus,bookcorpus,0.008820343824026522
pnull,ica100,triviality_ami_layer,bookcorpus,bookcorpus,0.02897164345714839
pnull,ica100,triviality_ami_dimension,bookcorpus,bookcorpus,0.00769566039328832
pnull,ica100,triviality_ami_hubness,bookcorpus,bookcorpus,0.0014023231253086894
pnull,ica100,triviality_n_effective_networks,bookcorpus,bookcorpus,100.0
pnull,ica100,triviality_median_max_membership,bookcorpus,bookcorpus,0.15
pnull,ica100,triviality_frac_confident,bookcorpus,bookcorpus,0.15755208333333334
rand,ica100,reliability_within,bookcorpus,bookcorpus,3.348332398093939e-05
rand,ica100,fidelity_within,bookcorpus,bookcorpus,0.0013764483357464607
rand,ica100,fidelity_within_r,bookcorpus,bookcorpus,0.03714240751994452
rand,ica100,fidelity_within_insample,bookcorpus,bookcorpus,0.0013742946514425647
rand,ica100,triviality_ami_layer,bookcorpus,bookcorpus,-0.0010242150142599489
rand,ica100,triviality_ami_dimension,bookcorpus,bookcorpus,-1.7039904946841537e-05
rand,ica100,triviality_ami_hubness,bookcorpus,bookcorpus,-0.0005034909280872622
rand,ica100,triviality_n_effective_networks,bookcorpus,bookcorpus,100.0
rand,ica100,triviality_median_max_membership,bookcorpus,bookcorpus,1.0
rand,ica100,triviality_frac_confident,bookcorpus,bookcorpus,1.0
pnull,sparse_fisher_lloyd,reliability_within,bookcorpus,bookcorpus,0.011046885978128002
pnull,sparse_fisher_lloyd,fidelity_within,bookcorpus,bookcorpus,0.03310249559021894
pnull,sparse_fisher_lloyd,fidelity_within_r,bookcorpus,bookcorpus,0.18194947063851277
pnull,sparse_fisher_lloyd,fidelity_within_insample,bookcorpus,bookcorpus,0.03327527888877169
pnull,sparse_fisher_lloyd,triviality_ami_layer,bookcorpus,bookcorpus,0.028077887291411897
pnull,sparse_fisher_lloyd,triviality_ami_dimension,bookcorpus,bookcorpus,0.050545157216706785
pnull,sparse_fisher_lloyd,triviality_ami_hubness,bookcorpus,bookcorpus,0.007065267092824361
pnull,sparse_fisher_lloyd,triviality_n_effective_networks,bookcorpus,bookcorpus,50.0
pnull,sparse_fisher_lloyd,triviality_median_max_membership,bookcorpus,bookcorpus,0.8
pnull,sparse_fisher_lloyd,triviality_frac_confident,bookcorpus,bookcorpus,0.8856169871794872
rand,sparse_fisher_lloyd,reliability_within,bookcorpus,bookcorpus,-2.2417432819934463e-05
rand,sparse_fisher_lloyd,fidelity_within,bookcorpus,bookcorpus,0.0006121129132937719
rand,sparse_fisher_lloyd,fidelity_within_r,bookcorpus,bookcorpus,0.024804163522289736
rand,sparse_fisher_lloyd,fidelity_within_insample,bookcorpus,bookcorpus,0.0006072505109010473
rand,sparse_fisher_lloyd,triviality_ami_layer,bookcorpus,bookcorpus,-0.0014030675023677483
rand,sparse_fisher_lloyd,triviality_ami_dimension,bookcorpus,bookcorpus,0.0010007830978790277
rand,sparse_fisher_lloyd,triviality_ami_hubness,bookcorpus,bookcorpus,0.00034768722378315434
rand,sparse_fisher_lloyd,triviality_n_effective_networks,bookcorpus,bookcorpus,50.0
rand,sparse_fisher_lloyd,triviality_median_max_membership,bookcorpus,bookcorpus,1.0
rand,sparse_fisher_lloyd,triviality_frac_confident,bookcorpus,bookcorpus,1.0
pnull,sparse_fisher_lloyd100,reliability_within,bookcorpus,bookcorpus,0.0068813069641498765
pnull,sparse_fisher_lloyd100,fidelity_within,bookcorpus,bookcorpus,0.034922036452816
pnull,sparse_fisher_lloyd100,fidelity_within_r,bookcorpus,bookcorpus,0.18688273825358998
pnull,sparse_fisher_lloyd100,fidelity_within_insample,bookcorpus,bookcorpus,0.03511094620276056
pnull,sparse_fisher_lloyd100,triviality_ami_layer,bookcorpus,bookcorpus,0.02900887869967863
pnull,sparse_fisher_lloyd100,triviality_ami_dimension,bookcorpus,bookcorpus,0.046036977928886245
pnull,sparse_fisher_lloyd100,triviality_ami_hubness,bookcorpus,bookcorpus,0.00409042132854852
pnull,sparse_fisher_lloyd100,triviality_n_effective_networks,bookcorpus,bookcorpus,99.0
pnull,sparse_fisher_lloyd100,triviality_median_max_membership,bookcorpus,bookcorpus,0.8
pnull,sparse_fisher_lloyd100,triviality_frac_confident,bookcorpus,bookcorpus,0.8502604166666666
rand,sparse_fisher_lloyd100,reliability_within,bookcorpus,bookcorpus,0.00010400588391611278
rand,sparse_fisher_lloyd100,fidelity_within,bookcorpus,bookcorpus,0.001213110340874679
rand,sparse_fisher_lloyd100,fidelity_within_r,bookcorpus,bookcorpus,0.03487414865865692
rand,sparse_fisher_lloyd100,fidelity_within_insample,bookcorpus,bookcorpus,0.001215973055727404
rand,sparse_fisher_lloyd100,triviality_ami_layer,bookcorpus,bookcorpus,-0.0008768272677222691
rand,sparse_fisher_lloyd100,triviality_ami_dimension,bookcorpus,bookcorpus,0.0011878851664127276
rand,sparse_fisher_lloyd100,triviality_ami_hubness,bookcorpus,bookcorpus,0.000534201757980666
rand,sparse_fisher_lloyd100,triviality_n_effective_networks,bookcorpus,bookcorpus,100.0
rand,sparse_fisher_lloyd100,triviality_median_max_membership,bookcorpus,bookcorpus,1.0
rand,sparse_fisher_lloyd100,triviality_frac_confident,bookcorpus,bookcorpus,1.0
pnull,binarize_global_lloyd,reliability_within,agnews,agnews,0.047537771240344334
pnull,binarize_global_lloyd,fidelity_within,agnews,agnews,0.03925346926315876
pnull,binarize_global_lloyd,fidelity_within_r,agnews,agnews,0.198154657959156
pnull,binarize_global_lloyd,fidelity_within_insample,agnews,agnews,0.03928310913508415
pnull,binarize_global_lloyd,triviality_ami_layer,agnews,agnews,0.10307066586048447
pnull,binarize_global_lloyd,triviality_ami_dimension,agnews,agnews,0.05000813009972915
pnull,binarize_global_lloyd,triviality_ami_hubness,agnews,agnews,0.015683314285180598
pnull,binarize_global_lloyd,triviality_n_effective_networks,agnews,agnews,50.0
pnull,binarize_global_lloyd,triviality_median_max_membership,agnews,agnews,0.625
pnull,binarize_global_lloyd,triviality_frac_confident,agnews,agnews,0.6661658653846154
rand,binarize_global_lloyd,reliability_within,agnews,agnews,-8.171762822807783e-05
rand,binarize_global_lloyd,fidelity_within,agnews,agnews,0.00039993783368286184
rand,binarize_global_lloyd,fidelity_within_r,agnews,agnews,0.020287944054854973
rand,binarize_global_lloyd,fidelity_within_insample,agnews,agnews,0.0004106972502643247
rand,binarize_global_lloyd,triviality_ami_layer,agnews,agnews,-1.7107891289328082e-05
rand,binarize_global_lloyd,triviality_ami_dimension,agnews,agnews,0.001772110417781982
rand,binarize_global_lloyd,triviality_ami_hubness,agnews,agnews,-0.0004966466267608902
rand,binarize_global_lloyd,triviality_n_effective_networks,agnews,agnews,50.0
rand,binarize_global_lloyd,triviality_median_max_membership,agnews,agnews,1.0
rand,binarize_global_lloyd,triviality_frac_confident,agnews,agnews,1.0
pnull,binarize_global_lloyd100,reliability_within,agnews,agnews,0.03309746021685637
pnull,binarize_global_lloyd100,fidelity_within,agnews,agnews,0.038974454528792224
pnull,binarize_global_lloyd100,fidelity_within_r,agnews,agnews,0.19744933510058665
pnull,binarize_global_lloyd100,fidelity_within_insample,agnews,agnews,0.03899690862936378
pnull,binarize_global_lloyd100,triviality_ami_layer,agnews,agnews,0.0896951163766247
pnull,binarize_global_lloyd100,triviality_ami_dimension,agnews,agnews,0.0362964842265526
pnull,binarize_global_lloyd100,triviality_ami_hubness,agnews,agnews,0.013174196287626084
pnull,binarize_global_lloyd100,triviality_n_effective_networks,agnews,agnews,100.0
pnull,binarize_global_lloyd100,triviality_median_max_membership,agnews,agnews,0.55
pnull,binarize_global_lloyd100,triviality_frac_confident,agnews,agnews,0.5748197115384616
rand,binarize_global_lloyd100,reliability_within,agnews,agnews,-7.834273551508151e-05
rand,binarize_global_lloyd100,fidelity_within,agnews,agnews,0.0004975352816098955
rand,binarize_global_lloyd100,fidelity_within_r,agnews,agnews,0.022566437844615803
rand,binarize_global_lloyd100,fidelity_within_insample,agnews,agnews,0.0005172872633727454
rand,binarize_global_lloyd100,triviality_ami_layer,agnews,agnews,-0.0004038948711583996
rand,binarize_global_lloyd100,triviality_ami_dimension,agnews,agnews,-0.0008645176671244925
rand,binarize_global_lloyd100,triviality_ami_hubness,agnews,agnews,-0.0010099537693932107
rand,binarize_global_lloyd100,triviality_n_effective_networks,agnews,agnews,100.0
rand,binarize_global_lloyd100,triviality_median_max_membership,agnews,agnews,1.0
rand,binarize_global_lloyd100,triviality_frac_confident,agnews,agnews,1.0
pnull,binarize_row_lloyd,reliability_within,agnews,agnews,0.013196037675850885
pnull,binarize_row_lloyd,fidelity_within,agnews,agnews,0.010385477690119327
pnull,binarize_row_lloyd,fidelity_within_r,agnews,agnews,0.10196637432370896
pnull,binarize_row_lloyd,fidelity_within_insample,agnews,agnews,0.01036987145673518
pnull,binarize_row_lloyd,triviality_ami_layer,agnews,agnews,0.05769038356136679
pnull,binarize_row_lloyd,triviality_ami_dimension,agnews,agnews,0.035126623791575856
pnull,binarize_row_lloyd,triviality_ami_hubness,agnews,agnews,0.006730705232839473
pnull,binarize_row_lloyd,triviality_n_effective_networks,agnews,agnews,50.0
pnull,binarize_row_lloyd,triviality_median_max_membership,agnews,agnews,0.575
pnull,binarize_row_lloyd,triviality_frac_confident,agnews,agnews,0.6035657051282052
rand,binarize_row_lloyd,reliability_within,agnews,agnews,7.556536831111624e-05
rand,binarize_row_lloyd,fidelity_within,agnews,agnews,0.00024099016951506513
rand,binarize_row_lloyd,fidelity_within_r,agnews,agnews,0.015895113965951065
rand,binarize_row_lloyd,fidelity_within_insample,agnews,agnews,0.0002531594407771953
rand,binarize_row_lloyd,triviality_ami_layer,agnews,agnews,-0.00031299688599330797
rand,binarize_row_lloyd,triviality_ami_dimension,agnews,agnews,-0.0016739962432588216
rand,binarize_row_lloyd,triviality_ami_hubness,agnews,agnews,-0.0008915279517602065
rand,binarize_row_lloyd,triviality_n_effective_networks,agnews,agnews,50.0
rand,binarize_row_lloyd,triviality_median_max_membership,agnews,agnews,1.0
rand,binarize_row_lloyd,triviality_frac_confident,agnews,agnews,1.0
pnull,binarize_row_lloyd100,reliability_within,agnews,agnews,0.012625233341745291
pnull,binarize_row_lloyd100,fidelity_within,agnews,agnews,0.012090268526389836
pnull,binarize_row_lloyd100,fidelity_within_r,agnews,agnews,0.11000878082538776
pnull,binarize_row_lloyd100,fidelity_within_insample,agnews,agnews,0.012056991344408408
pnull,binarize_row_lloyd100,triviality_ami_layer,agnews,agnews,0.057118529883019985
pnull,binarize_row_lloyd100,triviality_ami_dimension,agnews,agnews,0.023904166644787575
pnull,binarize_row_lloyd100,triviality_ami_hubness,agnews,agnews,0.007068661769924241
pnull,binarize_row_lloyd100,triviality_n_effective_networks,agnews,agnews,100.0
pnull,binarize_row_lloyd100,triviality_median_max_membership,agnews,agnews,0.5
pnull,binarize_row_lloyd100,triviality_frac_confident,agnews,agnews,0.4579326923076923
rand,binarize_row_lloyd100,reliability_within,agnews,agnews,1.2510187674880967e-05
rand,binarize_row_lloyd100,fidelity_within,agnews,agnews,0.0004021763005628287
rand,binarize_row_lloyd100,fidelity_within_r,agnews,agnews,0.02034313038561873
rand,binarize_row_lloyd100,fidelity_within_insample,agnews,agnews,0.00041503821439092814
rand,binarize_row_lloyd100,triviality_ami_layer,agnews,agnews,-3.785242487722322e-05
rand,binarize_row_lloyd100,triviality_ami_dimension,agnews,agnews,-0.0008098663163887122
rand,binarize_row_lloyd100,triviality_ami_hubness,agnews,agnews,-0.0012193879223049422
rand,binarize_row_lloyd100,triviality_n_effective_networks,agnews,agnews,100.0
rand,binarize_row_lloyd100,triviality_median_max_membership,agnews,agnews,1.0
rand,binarize_row_lloyd100,triviality_frac_confident,agnews,agnews,1.0
pnull,ica,reliability_within,agnews,agnews,0.0020906373792828484
pnull,ica,fidelity_within,agnews,agnews,0.008164689223216115
pnull,ica,fidelity_within_r,agnews,agnews,0.09042373500357656
pnull,ica,fidelity_within_insample,agnews,agnews,0.008206825096023218
pnull,ica,triviality_ami_layer,agnews,agnews,0.04144527771077218
pnull,ica,triviality_ami_dimension,agnews,agnews,0.011119258845441389
pnull,ica,triviality_ami_hubness,agnews,agnews,0.0009278413204748239
pnull,ica,triviality_n_effective_networks,agnews,agnews,50.0
pnull,ica,triviality_median_max_membership,agnews,agnews,0.325
pnull,ica,triviality_frac_confident,agnews,agnews,0.2384815705128205
rand,ica,reliability_within,agnews,agnews,7.925292122697562e-06
rand,ica,fidelity_within,agnews,agnews,0.00025837326879829536
rand,ica,fidelity_within_r,agnews,agnews,0.016434819272647425
rand,ica,fidelity_within_insample,agnews,agnews,0.0002777871780840213
rand,ica,triviality_ami_layer,agnews,agnews,0.0005303071927168716
rand,ica,triviality_ami_dimension,agnews,agnews,0.0003215891169670793
rand,ica,triviality_ami_hubness,agnews,agnews,2.8546144242892354e-05
rand,ica,triviality_n_effective_networks,agnews,agnews,50.0
rand,ica,triviality_median_max_membership,agnews,agnews,1.0
rand,ica,triviality_frac_confident,agnews,agnews,1.0
pnull,ica100,reliability_within,agnews,agnews,0.002301610001970552
pnull,ica100,fidelity_within,agnews,agnews,0.009487928559171577
pnull,ica100,fidelity_within_r,agnews,agnews,0.09746664029919432
pnull,ica100,fidelity_within_insample,agnews,agnews,0.009545294782683733
pnull,ica100,triviality_ami_layer,agnews,agnews,0.04015368173934651
pnull,ica100,triviality_ami_dimension,agnews,agnews,0.006995853777790793
pnull,ica100,triviality_ami_hubness,agnews,agnews,0.0021788911719345986
pnull,ica100,triviality_n_effective_networks,agnews,agnews,100.0
pnull,ica100,triviality_median_max_membership,agnews,agnews,0.125
pnull,ica100,triviality_frac_confident,agnews,agnews,0.15494791666666666
rand,ica100,reliability_within,agnews,agnews,-0.00020088262436902446
rand,ica100,fidelity_within,agnews,agnews,0.0006181041546332589
rand,ica100,fidelity_within_r,agnews,agnews,0.025095530385412363
rand,ica100,fidelity_within_insample,agnews,agnews,0.0006346013803123496
rand,ica100,triviality_ami_layer,agnews,agnews,0.0007298195799799236
rand,ica100,triviality_ami_dimension,agnews,agnews,-0.0015481852215198492
rand,ica100,triviality_ami_hubness,agnews,agnews,-0.0007064368705910954
rand,ica100,triviality_n_effective_networks,agnews,agnews,100.0
rand,ica100,triviality_median_max_membership,agnews,agnews,1.0
rand,ica100,triviality_frac_confident,agnews,agnews,1.0
pnull,sparse_fisher_lloyd,reliability_within,agnews,agnews,0.04522519392967015
pnull,sparse_fisher_lloyd,fidelity_within,agnews,agnews,0.04454921135189793
pnull,sparse_fisher_lloyd,fidelity_within_r,agnews,agnews,0.21109514968320606
pnull,sparse_fisher_lloyd,fidelity_within_insample,agnews,agnews,0.04464181309002446
pnull,sparse_fisher_lloyd,triviality_ami_layer,agnews,agnews,0.03756966399204483
pnull,sparse_fisher_lloyd,triviality_ami_dimension,agnews,agnews,0.06461290176314179
pnull,sparse_fisher_lloyd,triviality_ami_hubness,agnews,agnews,0.014079247730848081
pnull,sparse_fisher_lloyd,triviality_n_effective_networks,agnews,agnews,50.0
pnull,sparse_fisher_lloyd,triviality_median_max_membership,agnews,agnews,0.675
pnull,sparse_fisher_lloyd,triviality_frac_confident,agnews,agnews,0.7696314102564102
rand,sparse_fisher_lloyd,reliability_within,agnews,agnews,4.6743793760833005e-05
rand,sparse_fisher_lloyd,fidelity_within,agnews,agnews,0.00026246314712652374
rand,sparse_fisher_lloyd,fidelity_within_r,agnews,agnews,0.01656025441379722
rand,sparse_fisher_lloyd,fidelity_within_insample,agnews,agnews,0.00028471343542002536
rand,sparse_fisher_lloyd,triviality_ami_layer,agnews,agnews,0.00019225807603575007
rand,sparse_fisher_lloyd,triviality_ami_dimension,agnews,agnews,-0.0017895743282693964
rand,sparse_fisher_lloyd,triviality_ami_hubness,agnews,agnews,-2.8163323602990783e-05
rand,sparse_fisher_lloyd,triviality_n_effective_networks,agnews,agnews,50.0
rand,sparse_fisher_lloyd,triviality_median_max_membership,agnews,agnews,1.0
rand,sparse_fisher_lloyd,triviality_frac_confident,agnews,agnews,1.0
pnull,sparse_fisher_lloyd100,reliability_within,agnews,agnews,0.03929303665304476
pnull,sparse_fisher_lloyd100,fidelity_within,agnews,agnews,0.04616436672061108
pnull,sparse_fisher_lloyd100,fidelity_within_r,agnews,agnews,0.21488674757777218
pnull,sparse_fisher_lloyd100,fidelity_within_insample,agnews,agnews,0.04625442241799471
pnull,sparse_fisher_lloyd100,triviality_ami_layer,agnews,agnews,0.04407016021272672
pnull,sparse_fisher_lloyd100,triviality_ami_dimension,agnews,agnews,0.0658361842869817
pnull,sparse_fisher_lloyd100,triviality_ami_hubness,agnews,agnews,0.01150455477263084
pnull,sparse_fisher_lloyd100,triviality_n_effective_networks,agnews,agnews,99.0
pnull,sparse_fisher_lloyd100,triviality_median_max_membership,agnews,agnews,0.9
pnull,sparse_fisher_lloyd100,triviality_frac_confident,agnews,agnews,0.8876201923076923
rand,sparse_fisher_lloyd100,reliability_within,agnews,agnews,9.074463082283421e-06
rand,sparse_fisher_lloyd100,fidelity_within,agnews,agnews,0.0007509443750424172
rand,sparse_fisher_lloyd100,fidelity_within_r,agnews,agnews,0.027615892402150167
rand,sparse_fisher_lloyd100,fidelity_within_insample,agnews,agnews,0.0007697784123320561
rand,sparse_fisher_lloyd100,triviality_ami_layer,agnews,agnews,-0.0006413704732895096
rand,sparse_fisher_lloyd100,triviality_ami_dimension,agnews,agnews,0.0006720867099170318
rand,sparse_fisher_lloyd100,triviality_ami_hubness,agnews,agnews,0.0010401584370061897
rand,sparse_fisher_lloyd100,triviality_n_effective_networks,agnews,agnews,100.0
rand,sparse_fisher_lloyd100,triviality_median_max_membership,agnews,agnews,1.0
rand,sparse_fisher_lloyd100,triviality_frac_confident,agnews,agnews,1.0
pnull,binarize_global_lloyd,reliability_within,tldr17,tldr17,0.025235852473446063
pnull,binarize_global_lloyd,fidelity_within,tldr17,tldr17,0.04436295781885036
pnull,binarize_global_lloyd,fidelity_within_r,tldr17,tldr17,0.2107225594790411
pnull,binarize_global_lloyd,fidelity_within_insample,tldr17,tldr17,0.04504811763290506
pnull,binarize_global_lloyd,triviality_ami_layer,tldr17,tldr17,0.22136591050501883
pnull,binarize_global_lloyd,triviality_ami_dimension,tldr17,tldr17,0.04127958111023044
pnull,binarize_global_lloyd,triviality_ami_hubness,tldr17,tldr17,0.019915297300467462
pnull,binarize_global_lloyd,triviality_n_effective_networks,tldr17,tldr17,50.0
pnull,binarize_global_lloyd,triviality_median_max_membership,tldr17,tldr17,0.65
pnull,binarize_global_lloyd,triviality_frac_confident,tldr17,tldr17,0.7152443910256411
rand,binarize_global_lloyd,reliability_within,tldr17,tldr17,-6.17280538163351e-06
rand,binarize_global_lloyd,fidelity_within,tldr17,tldr17,0.00032111382494037777
rand,binarize_global_lloyd,fidelity_within_r,tldr17,tldr17,0.018867658130797518
rand,binarize_global_lloyd,fidelity_within_insample,tldr17,tldr17,0.00034835678718192487
rand,binarize_global_lloyd,triviality_ami_layer,tldr17,tldr17,0.0009937863205540466
rand,binarize_global_lloyd,triviality_ami_dimension,tldr17,tldr17,0.001965666963372356
rand,binarize_global_lloyd,triviality_ami_hubness,tldr17,tldr17,0.00045127156356941476
rand,binarize_global_lloyd,triviality_n_effective_networks,tldr17,tldr17,50.0
rand,binarize_global_lloyd,triviality_median_max_membership,tldr17,tldr17,1.0
rand,binarize_global_lloyd,triviality_frac_confident,tldr17,tldr17,1.0
pnull,binarize_global_lloyd100,reliability_within,tldr17,tldr17,0.016313132807968242
pnull,binarize_global_lloyd100,fidelity_within,tldr17,tldr17,0.047768326177397236
pnull,binarize_global_lloyd100,fidelity_within_r,tldr17,tldr17,0.21865328629635838
pnull,binarize_global_lloyd100,fidelity_within_insample,tldr17,tldr17,0.04845239564823889
pnull,binarize_global_lloyd100,triviality_ami_layer,tldr17,tldr17,0.19794442061201376
pnull,binarize_global_lloyd100,triviality_ami_dimension,tldr17,tldr17,0.032087342546241675
pnull,binarize_global_lloyd100,triviality_ami_hubness,tldr17,tldr17,0.01964518163860975
pnull,binarize_global_lloyd100,triviality_n_effective_networks,tldr17,tldr17,100.0
pnull,binarize_global_lloyd100,triviality_median_max_membership,tldr17,tldr17,0.55
pnull,binarize_global_lloyd100,triviality_frac_confident,tldr17,tldr17,0.5598958333333334
rand,binarize_global_lloyd100,reliability_within,tldr17,tldr17,5.984621611730161e-05
rand,binarize_global_lloyd100,fidelity_within,tldr17,tldr17,0.0008230583506656508
rand,binarize_global_lloyd100,fidelity_within_r,tldr17,tldr17,0.02930600764273931
rand,binarize_global_lloyd100,fidelity_within_insample,tldr17,tldr17,0.0009078238803724714
rand,binarize_global_lloyd100,triviality_ami_layer,tldr17,tldr17,7.617786187710789e-05
rand,binarize_global_lloyd100,triviality_ami_dimension,tldr17,tldr17,-0.0014282963122928818
rand,binarize_global_lloyd100,triviality_ami_hubness,tldr17,tldr17,-0.0004340902989759445
rand,binarize_global_lloyd100,triviality_n_effective_networks,tldr17,tldr17,100.0
rand,binarize_global_lloyd100,triviality_median_max_membership,tldr17,tldr17,1.0
rand,binarize_global_lloyd100,triviality_frac_confident,tldr17,tldr17,1.0
pnull,binarize_row_lloyd,reliability_within,tldr17,tldr17,0.02363611863740827
pnull,binarize_row_lloyd,fidelity_within,tldr17,tldr17,0.014934977119352322
pnull,binarize_row_lloyd,fidelity_within_r,tldr17,tldr17,0.12236857278584222
pnull,binarize_row_lloyd,fidelity_within_insample,tldr17,tldr17,0.015342128320525839
pnull,binarize_row_lloyd,triviality_ami_layer,tldr17,tldr17,0.1314308688293166
pnull,binarize_row_lloyd,triviality_ami_dimension,tldr17,tldr17,0.03367856356240076
pnull,binarize_row_lloyd,triviality_ami_hubness,tldr17,tldr17,0.008350033851301182
pnull,binarize_row_lloyd,triviality_n_effective_networks,tldr17,tldr17,50.0
pnull,binarize_row_lloyd,triviality_median_max_membership,tldr17,tldr17,0.55
pnull,binarize_row_lloyd,triviality_frac_confident,tldr17,tldr17,0.585136217948718
rand,binarize_row_lloyd,reliability_within,tldr17,tldr17,-9.638042275574626e-05
rand,binarize_row_lloyd,fidelity_within,tldr17,tldr17,0.0005783901368264788
rand,binarize_row_lloyd,fidelity_within_r,tldr17,tldr17,0.024764591429460345
rand,binarize_row_lloyd,fidelity_within_insample,tldr17,tldr17,0.0006168741702390346
rand,binarize_row_lloyd,triviality_ami_layer,tldr17,tldr17,0.00020435226807249005
rand,binarize_row_lloyd,triviality_ami_dimension,tldr17,tldr17,-0.00042124672818620406
rand,binarize_row_lloyd,triviality_ami_hubness,tldr17,tldr17,0.0013985698987681453
rand,binarize_row_lloyd,triviality_n_effective_networks,tldr17,tldr17,50.0
rand,binarize_row_lloyd,triviality_median_max_membership,tldr17,tldr17,1.0
rand,binarize_row_lloyd,triviality_frac_confident,tldr17,tldr17,1.0
pnull,binarize_row_lloyd100,reliability_within,tldr17,tldr17,0.013026175215581986
pnull,binarize_row_lloyd100,fidelity_within,tldr17,tldr17,0.01666165627025651
pnull,binarize_row_lloyd100,fidelity_within_r,tldr17,tldr17,0.1292329778057435
pnull,binarize_row_lloyd100,fidelity_within_insample,tldr17,tldr17,0.017107337650956955
pnull,binarize_row_lloyd100,triviality_ami_layer,tldr17,tldr17,0.12696745036942644
pnull,binarize_row_lloyd100,triviality_ami_dimension,tldr17,tldr17,0.022454631244753213
pnull,binarize_row_lloyd100,triviality_ami_hubness,tldr17,tldr17,0.008626958201726001
pnull,binarize_row_lloyd100,triviality_n_effective_networks,tldr17,tldr17,100.0
pnull,binarize_row_lloyd100,triviality_median_max_membership,tldr17,tldr17,0.475
pnull,binarize_row_lloyd100,triviality_frac_confident,tldr17,tldr17,0.4305889423076923
rand,binarize_row_lloyd100,reliability_within,tldr17,tldr17,4.307580205178195e-05
rand,binarize_row_lloyd100,fidelity_within,tldr17,tldr17,0.0009167553926547889
rand,binarize_row_lloyd100,fidelity_within_r,tldr17,tldr17,0.030851981740873037
rand,binarize_row_lloyd100,fidelity_within_insample,tldr17,tldr17,0.0009727409537758636
rand,binarize_row_lloyd100,triviality_ami_layer,tldr17,tldr17,-0.0005254788959488657
rand,binarize_row_lloyd100,triviality_ami_dimension,tldr17,tldr17,-0.0007612869212042689
rand,binarize_row_lloyd100,triviality_ami_hubness,tldr17,tldr17,0.0006713335357918014
rand,binarize_row_lloyd100,triviality_n_effective_networks,tldr17,tldr17,100.0
rand,binarize_row_lloyd100,triviality_median_max_membership,tldr17,tldr17,1.0
rand,binarize_row_lloyd100,triviality_frac_confident,tldr17,tldr17,1.0
pnull,ica,reliability_within,tldr17,tldr17,0.002041671957744646
pnull,ica,fidelity_within,tldr17,tldr17,0.009163717632368229
pnull,ica,fidelity_within_r,tldr17,tldr17,0.0959097285647215
pnull,ica,fidelity_within_insample,tldr17,tldr17,0.009175322527849583
pnull,ica,triviality_ami_layer,tldr17,tldr17,0.056584208455018374
pnull,ica,triviality_ami_dimension,tldr17,tldr17,0.01171873154324246
pnull,ica,triviality_ami_hubness,tldr17,tldr17,0.0033181976589858
pnull,ica,triviality_n_effective_networks,tldr17,tldr17,50.0
pnull,ica,triviality_median_max_membership,tldr17,tldr17,0.2
pnull,ica,triviality_frac_confident,tldr17,tldr17,0.08733974358974358
rand,ica,reliability_within,tldr17,tldr17,-4.084007625591949e-05
rand,ica,fidelity_within,tldr17,tldr17,0.00038434373772611163
rand,ica,fidelity_within_r,tldr17,tldr17,0.020479465780700475
rand,ica,fidelity_within_insample,tldr17,tldr17,0.00043417175797477725
rand,ica,triviality_ami_layer,tldr17,tldr17,-0.0004585518917838591
rand,ica,triviality_ami_dimension,tldr17,tldr17,-0.0008728190621893672
rand,ica,triviality_ami_hubness,tldr17,tldr17,-0.000276158436648648
rand,ica,triviality_n_effective_networks,tldr17,tldr17,50.0
rand,ica,triviality_median_max_membership,tldr17,tldr17,1.0
rand,ica,triviality_frac_confident,tldr17,tldr17,1.0
pnull,ica100,reliability_within,tldr17,tldr17,0.0026506974946573043
pnull,ica100,fidelity_within,tldr17,tldr17,0.01042960347407873
pnull,ica100,fidelity_within_r,tldr17,tldr17,0.10229684642261669
pnull,ica100,fidelity_within_insample,tldr17,tldr17,0.01045670885843153
pnull,ica100,triviality_ami_layer,tldr17,tldr17,0.05681939397356049
pnull,ica100,triviality_ami_dimension,tldr17,tldr17,0.009472075823121933
pnull,ica100,triviality_ami_hubness,tldr17,tldr17,0.002544568713824627
pnull,ica100,triviality_n_effective_networks,tldr17,tldr17,100.0
pnull,ica100,triviality_median_max_membership,tldr17,tldr17,0.125
pnull,ica100,triviality_frac_confident,tldr17,tldr17,0.08633814102564102
rand,ica100,reliability_within,tldr17,tldr17,-0.0001681613451886044
rand,ica100,fidelity_within,tldr17,tldr17,0.0008099778125081336
rand,ica100,fidelity_within_r,tldr17,tldr17,0.029069752532951035
rand,ica100,fidelity_within_insample,tldr17,tldr17,0.0008641790618916234
rand,ica100,triviality_ami_layer,tldr17,tldr17,-0.0002990734519156969
rand,ica100,triviality_ami_dimension,tldr17,tldr17,0.0003414762086080098
rand,ica100,triviality_ami_hubness,tldr17,tldr17,-0.00030224765375429116
rand,ica100,triviality_n_effective_networks,tldr17,tldr17,100.0
rand,ica100,triviality_median_max_membership,tldr17,tldr17,1.0
rand,ica100,triviality_frac_confident,tldr17,tldr17,1.0
pnull,sparse_fisher_lloyd,reliability_within,tldr17,tldr17,0.02686696295275168
pnull,sparse_fisher_lloyd,fidelity_within,tldr17,tldr17,0.04163230786414451
pnull,sparse_fisher_lloyd,fidelity_within_r,tldr17,tldr17,0.20412667099340276
pnull,sparse_fisher_lloyd,fidelity_within_insample,tldr17,tldr17,0.04158708619214657
pnull,sparse_fisher_lloyd,triviality_ami_layer,tldr17,tldr17,0.06410972598967872
pnull,sparse_fisher_lloyd,triviality_ami_dimension,tldr17,tldr17,0.04637921896140538
pnull,sparse_fisher_lloyd,triviality_ami_hubness,tldr17,tldr17,0.012045858791261662
pnull,sparse_fisher_lloyd,triviality_n_effective_networks,tldr17,tldr17,50.0
pnull,sparse_fisher_lloyd,triviality_median_max_membership,tldr17,tldr17,0.825
pnull,sparse_fisher_lloyd,triviality_frac_confident,tldr17,tldr17,0.8731971153846154
rand,sparse_fisher_lloyd,reliability_within,tldr17,tldr17,0.00019849345830907805
rand,sparse_fisher_lloyd,fidelity_within,tldr17,tldr17,0.0005040653424629449
rand,sparse_fisher_lloyd,fidelity_within_r,tldr17,tldr17,0.02321830311401657
rand,sparse_fisher_lloyd,fidelity_within_insample,tldr17,tldr17,0.0005530093517038814
rand,sparse_fisher_lloyd,triviality_ami_layer,tldr17,tldr17,-0.0001568691944420365
rand,sparse_fisher_lloyd,triviality_ami_dimension,tldr17,tldr17,-0.0011350760725522707
rand,sparse_fisher_lloyd,triviality_ami_hubness,tldr17,tldr17,-0.00040899589347036594
rand,sparse_fisher_lloyd,triviality_n_effective_networks,tldr17,tldr17,50.0
rand,sparse_fisher_lloyd,triviality_median_max_membership,tldr17,tldr17,1.0
rand,sparse_fisher_lloyd,triviality_frac_confident,tldr17,tldr17,1.0
pnull,sparse_fisher_lloyd100,reliability_within,tldr17,tldr17,0.022766898622194588
pnull,sparse_fisher_lloyd100,fidelity_within,tldr17,tldr17,0.044772230751134234
pnull,sparse_fisher_lloyd100,fidelity_within_r,tldr17,tldr17,0.21167840800597207
pnull,sparse_fisher_lloyd100,fidelity_within_insample,tldr17,tldr17,0.044744692946997455
pnull,sparse_fisher_lloyd100,triviality_ami_layer,tldr17,tldr17,0.05864793258174486
pnull,sparse_fisher_lloyd100,triviality_ami_dimension,tldr17,tldr17,0.04339574333703551
pnull,sparse_fisher_lloyd100,triviality_ami_hubness,tldr17,tldr17,0.008617404956914751
pnull,sparse_fisher_lloyd100,triviality_n_effective_networks,tldr17,tldr17,100.0
pnull,sparse_fisher_lloyd100,triviality_median_max_membership,tldr17,tldr17,0.75
pnull,sparse_fisher_lloyd100,triviality_frac_confident,tldr17,tldr17,0.8089943910256411
rand,sparse_fisher_lloyd100,reliability_within,tldr17,tldr17,1.9223488444542102e-05
rand,sparse_fisher_lloyd100,fidelity_within,tldr17,tldr17,0.0008159561084165601
rand,sparse_fisher_lloyd100,fidelity_within_r,tldr17,tldr17,0.029172258910804112
rand,sparse_fisher_lloyd100,fidelity_within_insample,tldr17,tldr17,0.0008696663627792978
rand,sparse_fisher_lloyd100,triviality_ami_layer,tldr17,tldr17,-6.858718728744857e-05
rand,sparse_fisher_lloyd100,triviality_ami_dimension,tldr17,tldr17,-0.001233804653478528
rand,sparse_fisher_lloyd100,triviality_ami_hubness,tldr17,tldr17,0.0003070197791281023
rand,sparse_fisher_lloyd100,triviality_n_effective_networks,tldr17,tldr17,100.0
rand,sparse_fisher_lloyd100,triviality_median_max_membership,tldr17,tldr17,1.0
rand,sparse_fisher_lloyd100,triviality_frac_confident,tldr17,tldr17,1.0
pnull,binarize_global_lloyd,fidelity_across_halves,wikitext,bookcorpus,0.16788452978785506
pnull,binarize_global_lloyd,reliability_across_halves,wikitext,bookcorpus,0.009478426844254907
rand,binarize_global_lloyd,fidelity_across_halves,wikitext,bookcorpus,0.0195931271195374
rand,binarize_global_lloyd,reliability_across_halves,wikitext,bookcorpus,1.739652928767351e-05
pnull,binarize_global_lloyd100,fidelity_across_halves,wikitext,bookcorpus,0.174300339670421
pnull,binarize_global_lloyd100,reliability_across_halves,wikitext,bookcorpus,0.004885371912752096
rand,binarize_global_lloyd100,fidelity_across_halves,wikitext,bookcorpus,0.01908227156121391
rand,binarize_global_lloyd100,reliability_across_halves,wikitext,bookcorpus,-0.00010606467861641155
pnull,binarize_row_lloyd,fidelity_across_halves,wikitext,bookcorpus,0.08951453174996936
pnull,binarize_row_lloyd,reliability_across_halves,wikitext,bookcorpus,0.005858987349317345
rand,binarize_row_lloyd,fidelity_across_halves,wikitext,bookcorpus,0.01680013569341294
rand,binarize_row_lloyd,reliability_across_halves,wikitext,bookcorpus,3.012828761054171e-05
pnull,binarize_row_lloyd100,fidelity_across_halves,wikitext,bookcorpus,0.09826578042247555
pnull,binarize_row_lloyd100,reliability_across_halves,wikitext,bookcorpus,0.004502946259584776
rand,binarize_row_lloyd100,fidelity_across_halves,wikitext,bookcorpus,0.02317788046992956
rand,binarize_row_lloyd100,reliability_across_halves,wikitext,bookcorpus,-6.91748454959012e-05
pnull,ica,fidelity_across_halves,wikitext,bookcorpus,0.07160883793588924
pnull,ica,reliability_across_halves,wikitext,bookcorpus,0.0017460006005228792
rand,ica,fidelity_across_halves,wikitext,bookcorpus,0.014365595560889264
rand,ica,reliability_across_halves,wikitext,bookcorpus,4.4157909942755325e-06
pnull,ica100,fidelity_across_halves,wikitext,bookcorpus,0.08509430445548487
pnull,ica100,reliability_across_halves,wikitext,bookcorpus,0.0019241935015428071
rand,ica100,fidelity_across_halves,wikitext,bookcorpus,0.02680107505377547
rand,ica100,reliability_across_halves,wikitext,bookcorpus,-4.451747005643002e-05
pnull,sparse_fisher_lloyd,fidelity_across_halves,wikitext,bookcorpus,0.17965345732907134
pnull,sparse_fisher_lloyd,reliability_across_halves,wikitext,bookcorpus,0.013199174624735958
rand,sparse_fisher_lloyd,fidelity_across_halves,wikitext,bookcorpus,0.015669088098339286
rand,sparse_fisher_lloyd,reliability_across_halves,wikitext,bookcorpus,3.814141944467322e-05
pnull,sparse_fisher_lloyd100,fidelity_across_halves,wikitext,bookcorpus,0.18270480043872214
pnull,sparse_fisher_lloyd100,reliability_across_halves,wikitext,bookcorpus,0.009594364578675973
rand,sparse_fisher_lloyd100,fidelity_across_halves,wikitext,bookcorpus,0.026090515394821656
rand,sparse_fisher_lloyd100,reliability_across_halves,wikitext,bookcorpus,1.265153619004842e-05
pnull,binarize_global_lloyd,fidelity_across_halves,wikitext,agnews,0.19682349802306767
pnull,binarize_global_lloyd,reliability_across_halves,wikitext,agnews,0.03980508296252183
rand,binarize_global_lloyd,fidelity_across_halves,wikitext,agnews,0.009958138334354796
rand,binarize_global_lloyd,reliability_across_halves,wikitext,agnews,-0.00011577673807813103
pnull,binarize_global_lloyd100,fidelity_across_halves,wikitext,agnews,0.2042133501514585
pnull,binarize_global_lloyd100,reliability_across_halves,wikitext,agnews,0.027092672421311092
rand,binarize_global_lloyd100,fidelity_across_halves,wikitext,agnews,0.014542213672201886
rand,binarize_global_lloyd100,reliability_across_halves,wikitext,agnews,6.152410676834295e-05
pnull,binarize_row_lloyd,fidelity_across_halves,wikitext,agnews,0.10963799474059846
pnull,binarize_row_lloyd,reliability_across_halves,wikitext,agnews,0.013096032836779157
rand,binarize_row_lloyd,fidelity_across_halves,wikitext,agnews,0.016441422792651844
rand,binarize_row_lloyd,reliability_across_halves,wikitext,agnews,-0.0001852725876129076
pnull,binarize_row_lloyd100,fidelity_across_halves,wikitext,agnews,0.11715054019872874
pnull,binarize_row_lloyd100,reliability_across_halves,wikitext,agnews,0.009125404483165189
rand,binarize_row_lloyd100,fidelity_across_halves,wikitext,agnews,0.018723268649793498
rand,binarize_row_lloyd100,reliability_across_halves,wikitext,agnews,0.00016345417124018788
pnull,ica,fidelity_across_halves,wikitext,agnews,0.07940058311631436
pnull,ica,reliability_across_halves,wikitext,agnews,0.0020723053670101167
rand,ica,fidelity_across_halves,wikitext,agnews,0.008941843322487512
rand,ica,reliability_across_halves,wikitext,agnews,-2.060101977028105e-05
pnull,ica100,fidelity_across_halves,wikitext,agnews,0.09192342726295198
pnull,ica100,reliability_across_halves,wikitext,agnews,0.002047712455008245
rand,ica100,fidelity_across_halves,wikitext,agnews,0.01864129431547514
rand,ica100,reliability_across_halves,wikitext,agnews,0.0001243235288758906
pnull,sparse_fisher_lloyd,fidelity_across_halves,wikitext,agnews,0.20560705510623198
pnull,sparse_fisher_lloyd,reliability_across_halves,wikitext,agnews,0.030527742048985347
rand,sparse_fisher_lloyd,fidelity_across_halves,wikitext,agnews,0.011192551761531892
rand,sparse_fisher_lloyd,reliability_across_halves,wikitext,agnews,-6.681833266627576e-05
pnull,sparse_fisher_lloyd100,fidelity_across_halves,wikitext,agnews,0.21022334821817792
pnull,sparse_fisher_lloyd100,reliability_across_halves,wikitext,agnews,0.02967378365975839
rand,sparse_fisher_lloyd100,fidelity_across_halves,wikitext,agnews,0.014497135465180153
rand,sparse_fisher_lloyd100,reliability_across_halves,wikitext,agnews,-6.184879584003188e-05
pnull,binarize_global_lloyd,fidelity_across_halves,wikitext,tldr17,0.20080771202924022
pnull,binarize_global_lloyd,reliability_across_halves,wikitext,tldr17,0.02674077602815981
rand,binarize_global_lloyd,fidelity_across_halves,wikitext,tldr17,0.01213601308320109
rand,binarize_global_lloyd,reliability_across_halves,wikitext,tldr17,2.049692531189069e-06
pnull,binarize_global_lloyd100,fidelity_across_halves,wikitext,tldr17,0.2076219626340948
pnull,binarize_global_lloyd100,reliability_across_halves,wikitext,tldr17,0.01882625438360869
rand,binarize_global_lloyd100,fidelity_across_halves,wikitext,tldr17,0.015170164681237606
rand,binarize_global_lloyd100,reliability_across_halves,wikitext,tldr17,1.0559822793264421e-05
pnull,binarize_row_lloyd,fidelity_across_halves,wikitext,tldr17,0.11148279353229552
pnull,binarize_row_lloyd,reliability_across_halves,wikitext,tldr17,0.020957002638521058
rand,binarize_row_lloyd,fidelity_across_halves,wikitext,tldr17,0.012053051541004441
rand,binarize_row_lloyd,reliability_across_halves,wikitext,tldr17,4.629924327372777e-06
pnull,binarize_row_lloyd100,fidelity_across_halves,wikitext,tldr17,0.12027404723897611
pnull,binarize_row_lloyd100,reliability_across_halves,wikitext,tldr17,0.011740814309871426
rand,binarize_row_lloyd100,fidelity_across_halves,wikitext,tldr17,0.01978625510900473
rand,binarize_row_lloyd100,reliability_across_halves,wikitext,tldr17,1.5692160251665743e-06
pnull,ica,fidelity_across_halves,wikitext,tldr17,0.08407052968877529
pnull,ica,reliability_across_halves,wikitext,tldr17,0.0020614657465481837
rand,ica,fidelity_across_halves,wikitext,tldr17,0.009686200441852656
rand,ica,reliability_across_halves,wikitext,tldr17,5.876736227883031e-06
pnull,ica100,fidelity_across_halves,wikitext,tldr17,0.09510988735043846
pnull,ica100,reliability_across_halves,wikitext,tldr17,0.002335479483247696
rand,ica100,fidelity_across_halves,wikitext,tldr17,0.022513221252952118
rand,ica100,reliability_across_halves,wikitext,tldr17,4.372603717649506e-05
pnull,sparse_fisher_lloyd,fidelity_across_halves,wikitext,tldr17,0.20580406076352387
pnull,sparse_fisher_lloyd,reliability_across_halves,wikitext,tldr17,0.027406460097742898
rand,sparse_fisher_lloyd,fidelity_across_halves,wikitext,tldr17,0.01434232576097552
rand,sparse_fisher_lloyd,reliability_across_halves,wikitext,tldr17,-5.2739691022174274e-05
pnull,sparse_fisher_lloyd100,fidelity_across_halves,wikitext,tldr17,0.20960118624961813
pnull,sparse_fisher_lloyd100,reliability_across_halves,wikitext,tldr17,0.023734323040078685
rand,sparse_fisher_lloyd100,fidelity_across_halves,wikitext,tldr17,0.016603727771984676
rand,sparse_fisher_lloyd100,reliability_across_halves,wikitext,tldr17,6.374161877324401e-05
pnull,binarize_global_lloyd,fidelity_across_halves,bookcorpus,wikitext,0.17419003030653793
pnull,binarize_global_lloyd,reliability_across_halves,bookcorpus,wikitext,0.009832481523451026
rand,binarize_global_lloyd,fidelity_across_halves,bookcorpus,wikitext,0.01726743914089351
rand,binarize_global_lloyd,reliability_across_halves,bookcorpus,wikitext,2.5120415266273432e-05
pnull,binarize_global_lloyd100,fidelity_across_halves,bookcorpus,wikitext,0.18057630151732895
pnull,binarize_global_lloyd100,reliability_across_halves,bookcorpus,wikitext,0.004660487981738635
rand,binarize_global_lloyd100,fidelity_across_halves,bookcorpus,wikitext,0.02105804452532352
rand,binarize_global_lloyd100,reliability_across_halves,bookcorpus,wikitext,-6.8471499237288e-05
pnull,binarize_row_lloyd,fidelity_across_halves,bookcorpus,wikitext,0.08253693017903697
pnull,binarize_row_lloyd,reliability_across_halves,bookcorpus,wikitext,0.005921649162984578
rand,binarize_row_lloyd,fidelity_across_halves,bookcorpus,wikitext,0.012352346132919256
rand,binarize_row_lloyd,reliability_across_halves,bookcorpus,wikitext,6.169455070734012e-05
pnull,binarize_row_lloyd100,fidelity_across_halves,bookcorpus,wikitext,0.08440140319322628
pnull,binarize_row_lloyd100,reliability_across_halves,bookcorpus,wikitext,0.004285163173408588
rand,binarize_row_lloyd100,fidelity_across_halves,bookcorpus,wikitext,0.022309009413087673
rand,binarize_row_lloyd100,reliability_across_halves,bookcorpus,wikitext,6.138475800314516e-05
pnull,ica,fidelity_across_halves,bookcorpus,wikitext,0.077164962128161
pnull,ica,reliability_across_halves,bookcorpus,wikitext,0.0020952917163308184
rand,ica,fidelity_across_halves,bookcorpus,wikitext,0.012396756279358523
rand,ica,reliability_across_halves,bookcorpus,wikitext,0.00017816469688230108
pnull,ica100,fidelity_across_halves,bookcorpus,wikitext,0.08542042226921678
pnull,ica100,reliability_across_halves,bookcorpus,wikitext,0.002112582797016123
rand,ica100,fidelity_across_halves,bookcorpus,wikitext,0.01809206042516585
rand,ica100,reliability_across_halves,bookcorpus,wikitext,-3.33297422504669e-05
pnull,sparse_fisher_lloyd,fidelity_across_halves,bookcorpus,wikitext,0.19419996087372954
pnull,sparse_fisher_lloyd,reliability_across_halves,bookcorpus,wikitext,0.014030379543294082
rand,sparse_fisher_lloyd,fidelity_across_halves,bookcorpus,wikitext,0.011622406464986188
rand,sparse_fisher_lloyd,reliability_across_halves,bookcorpus,wikitext,-0.00010863677764034216
pnull,sparse_fisher_lloyd100,fidelity_across_halves,bookcorpus,wikitext,0.20047117574819626
pnull,sparse_fisher_lloyd100,reliability_across_halves,bookcorpus,wikitext,0.009107846736042233
rand,sparse_fisher_lloyd100,fidelity_across_halves,bookcorpus,wikitext,0.02172822637023049
rand,sparse_fisher_lloyd100,reliability_across_halves,bookcorpus,wikitext,-5.49457424015148e-05
pnull,binarize_global_lloyd,fidelity_across_halves,bookcorpus,agnews,0.1729111296984126
pnull,binarize_global_lloyd,reliability_across_halves,bookcorpus,agnews,0.016323829004344023
rand,binarize_global_lloyd,fidelity_across_halves,bookcorpus,agnews,0.011246692424542296
rand,binarize_global_lloyd,reliability_across_halves,bookcorpus,agnews,7.446004050541081e-05
pnull,binarize_global_lloyd100,fidelity_across_halves,bookcorpus,agnews,0.17869143754117156
pnull,binarize_global_lloyd100,reliability_across_halves,bookcorpus,agnews,0.010748978185359439
rand,binarize_global_lloyd100,fidelity_across_halves,bookcorpus,agnews,0.01282705874050511
rand,binarize_global_lloyd100,reliability_across_halves,bookcorpus,agnews,-2.3575393236910628e-05
pnull,binarize_row_lloyd,fidelity_across_halves,bookcorpus,agnews,0.0836665396260368
pnull,binarize_row_lloyd,reliability_across_halves,bookcorpus,agnews,0.00768365197574357
rand,binarize_row_lloyd,fidelity_across_halves,bookcorpus,agnews,0.00597809227342096
rand,binarize_row_lloyd,reliability_across_halves,bookcorpus,agnews,0.00014924537812678306
pnull,binarize_row_lloyd100,fidelity_across_halves,bookcorpus,agnews,0.08400264430784908
pnull,binarize_row_lloyd100,reliability_across_halves,bookcorpus,agnews,0.00628137195552625
rand,binarize_row_lloyd100,fidelity_across_halves,bookcorpus,agnews,0.01136892294128684
rand,binarize_row_lloyd100,reliability_across_halves,bookcorpus,agnews,-0.00012603197792499633
pnull,ica,fidelity_across_halves,bookcorpus,agnews,0.07590997917328973
pnull,ica,reliability_across_halves,bookcorpus,agnews,0.001851351566215053
rand,ica,fidelity_across_halves,bookcorpus,agnews,0.010556268797435268
rand,ica,reliability_across_halves,bookcorpus,agnews,-1.3052593530804322e-05
pnull,ica100,fidelity_across_halves,bookcorpus,agnews,0.08390394277470177
pnull,ica100,reliability_across_halves,bookcorpus,agnews,0.0018538091137749863
rand,ica100,fidelity_across_halves,bookcorpus,agnews,0.012167478272212243
rand,ica100,reliability_across_halves,bookcorpus,agnews,-0.00022393817426828006
pnull,sparse_fisher_lloyd,fidelity_across_halves,bookcorpus,agnews,0.19656088585962195
pnull,sparse_fisher_lloyd,reliability_across_halves,bookcorpus,agnews,0.027443351125578087
rand,sparse_fisher_lloyd,fidelity_across_halves,bookcorpus,agnews,0.007536827845350198
rand,sparse_fisher_lloyd,reliability_across_halves,bookcorpus,agnews,1.7684396238964466e-05
pnull,sparse_fisher_lloyd100,fidelity_across_halves,bookcorpus,agnews,0.203529986009731
pnull,sparse_fisher_lloyd100,reliability_across_halves,bookcorpus,agnews,0.025531072078784585
rand,sparse_fisher_lloyd100,fidelity_across_halves,bookcorpus,agnews,0.010709505714017744
rand,sparse_fisher_lloyd100,reliability_across_halves,bookcorpus,agnews,-1.7102260607010838e-05
pnull,binarize_global_lloyd,fidelity_across_halves,bookcorpus,tldr17,0.17939789823501223
pnull,binarize_global_lloyd,reliability_across_halves,bookcorpus,tldr17,0.010258608846604922
rand,binarize_global_lloyd,fidelity_across_halves,bookcorpus,tldr17,0.013579383514516829
rand,binarize_global_lloyd,reliability_across_halves,bookcorpus,tldr17,8.709200664473404e-05
pnull,binarize_global_lloyd100,fidelity_across_halves,bookcorpus,tldr17,0.1851107161295252
pnull,binarize_global_lloyd100,reliability_across_halves,bookcorpus,tldr17,0.005531329808524299
rand,binarize_global_lloyd100,fidelity_across_halves,bookcorpus,tldr17,0.018408970654385386
rand,binarize_global_lloyd100,reliability_across_halves,bookcorpus,tldr17,-0.00014919884418825905
pnull,binarize_row_lloyd,fidelity_across_halves,bookcorpus,tldr17,0.08434716696505329
pnull,binarize_row_lloyd,reliability_across_halves,bookcorpus,tldr17,0.0070092313246843535
rand,binarize_row_lloyd,fidelity_across_halves,bookcorpus,tldr17,0.00997404643747322
rand,binarize_row_lloyd,reliability_across_halves,bookcorpus,tldr17,-0.00011413319722938381
pnull,binarize_row_lloyd100,fidelity_across_halves,bookcorpus,tldr17,0.08521991354330466
pnull,binarize_row_lloyd100,reliability_across_halves,bookcorpus,tldr17,0.00492051845163165
rand,binarize_row_lloyd100,fidelity_across_halves,bookcorpus,tldr17,0.017482715495913063
rand,binarize_row_lloyd100,reliability_across_halves,bookcorpus,tldr17,-2.7284352195750718e-05
pnull,ica,fidelity_across_halves,bookcorpus,tldr17,0.07938170362773568
pnull,ica,reliability_across_halves,bookcorpus,tldr17,0.0019392496889024274
rand,ica,fidelity_across_halves,bookcorpus,tldr17,0.011968891482951615
rand,ica,reliability_across_halves,bookcorpus,tldr17,-2.9718739891815007e-05
pnull,ica100,fidelity_across_halves,bookcorpus,tldr17,0.08805033840218658
pnull,ica100,reliability_across_halves,bookcorpus,tldr17,0.0022761068365820094
rand,ica100,fidelity_across_halves,bookcorpus,tldr17,0.017603837250831204
rand,ica100,reliability_across_halves,bookcorpus,tldr17,-3.017675785030869e-05
pnull,sparse_fisher_lloyd,fidelity_across_halves,bookcorpus,tldr17,0.19974224478816588
pnull,sparse_fisher_lloyd,reliability_across_halves,bookcorpus,tldr17,0.013666256286071581
rand,sparse_fisher_lloyd,fidelity_across_halves,bookcorpus,tldr17,0.011495137978027847
rand,sparse_fisher_lloyd,reliability_across_halves,bookcorpus,tldr17,-3.3796173252144096e-05
pnull,sparse_fisher_lloyd100,fidelity_across_halves,bookcorpus,tldr17,0.20506535875638227
pnull,sparse_fisher_lloyd100,reliability_across_halves,bookcorpus,tldr17,0.00857892366858642
rand,sparse_fisher_lloyd100,fidelity_across_halves,bookcorpus,tldr17,0.016728847563951967
rand,sparse_fisher_lloyd100,reliability_across_halves,bookcorpus,tldr17,-4.8789516258919285e-05
pnull,binarize_global_lloyd,fidelity_across_halves,agnews,wikitext,0.18498401188115007
pnull,binarize_global_lloyd,reliability_across_halves,agnews,wikitext,0.04448563179146918
rand,binarize_global_lloyd,fidelity_across_halves,agnews,wikitext,0.01944909401754203
rand,binarize_global_lloyd,reliability_across_halves,agnews,wikitext,0.00015233529073006881
pnull,binarize_global_lloyd100,fidelity_across_halves,agnews,wikitext,0.1838103297608494
pnull,binarize_global_lloyd100,reliability_across_halves,agnews,wikitext,0.02850034851660886
rand,binarize_global_lloyd100,fidelity_across_halves,agnews,wikitext,0.019186534101759512
rand,binarize_global_lloyd100,reliability_across_halves,agnews,wikitext,-6.212097972803151e-05
pnull,binarize_row_lloyd,fidelity_across_halves,agnews,wikitext,0.08538624995384611
pnull,binarize_row_lloyd,reliability_across_halves,agnews,wikitext,0.013191382201983829
rand,binarize_row_lloyd,fidelity_across_halves,agnews,wikitext,0.015364694397168081
rand,binarize_row_lloyd,reliability_across_halves,agnews,wikitext,-5.3350371850962276e-05
pnull,binarize_row_lloyd100,fidelity_across_halves,agnews,wikitext,0.09275485190775418
pnull,binarize_row_lloyd100,reliability_across_halves,agnews,wikitext,0.009608445259453036
rand,binarize_row_lloyd100,fidelity_across_halves,agnews,wikitext,0.015675596630141234
rand,binarize_row_lloyd100,reliability_across_halves,agnews,wikitext,6.77537127693634e-06
pnull,ica,fidelity_across_halves,agnews,wikitext,0.07725946160210802
pnull,ica,reliability_across_halves,agnews,wikitext,0.002254746053600104
rand,ica,fidelity_across_halves,agnews,wikitext,0.01198881738127064
rand,ica,reliability_across_halves,agnews,wikitext,-0.00017322056594196378
pnull,ica100,fidelity_across_halves,agnews,wikitext,0.08504067709330955
pnull,ica100,reliability_across_halves,agnews,wikitext,0.0022408870972050778
rand,ica100,fidelity_across_halves,agnews,wikitext,0.021504713157103388
rand,ica100,reliability_across_halves,agnews,wikitext,-3.765855052650015e-05
pnull,sparse_fisher_lloyd,fidelity_across_halves,agnews,wikitext,0.19784670666142604
pnull,sparse_fisher_lloyd,reliability_across_halves,agnews,wikitext,0.03289398825233686
rand,sparse_fisher_lloyd,fidelity_across_halves,agnews,wikitext,0.012490686835173558
rand,sparse_fisher_lloyd,reliability_across_halves,agnews,wikitext,6.170061906265103e-05
pnull,sparse_fisher_lloyd100,fidelity_across_halves,agnews,wikitext,0.20082212478999686
pnull,sparse_fisher_lloyd100,reliability_across_halves,agnews,wikitext,0.026848864377957957
rand,sparse_fisher_lloyd100,fidelity_across_halves,agnews,wikitext,0.02355079073662627
rand,sparse_fisher_lloyd100,reliability_across_halves,agnews,wikitext,6.350923480715324e-06
pnull,binarize_global_lloyd,fidelity_across_halves,agnews,bookcorpus,0.1626068179345303
pnull,binarize_global_lloyd,reliability_across_halves,agnews,bookcorpus,0.016034066394328875
rand,binarize_global_lloyd,fidelity_across_halves,agnews,bookcorpus,0.016341600736275493
rand,binarize_global_lloyd,reliability_across_halves,agnews,bookcorpus,2.0627595632839964e-05
pnull,binarize_global_lloyd100,fidelity_across_halves,agnews,bookcorpus,0.16146947309200246
pnull,binarize_global_lloyd100,reliability_across_halves,agnews,bookcorpus,0.010711817064370495
rand,binarize_global_lloyd100,fidelity_across_halves,agnews,bookcorpus,0.014382067436658336
rand,binarize_global_lloyd100,reliability_across_halves,agnews,bookcorpus,8.188220134491584e-05
pnull,binarize_row_lloyd,fidelity_across_halves,agnews,bookcorpus,0.07539269661548692
pnull,binarize_row_lloyd,reliability_across_halves,agnews,bookcorpus,0.007339557556574656
rand,binarize_row_lloyd,fidelity_across_halves,agnews,bookcorpus,0.0167985301376869
rand,binarize_row_lloyd,reliability_across_halves,agnews,bookcorpus,6.398933192826463e-05
pnull,binarize_row_lloyd100,fidelity_across_halves,agnews,bookcorpus,0.08122767885638352
pnull,binarize_row_lloyd100,reliability_across_halves,agnews,bookcorpus,0.006471777308460273
rand,binarize_row_lloyd100,fidelity_across_halves,agnews,bookcorpus,0.012617530943925823
rand,binarize_row_lloyd100,reliability_across_halves,agnews,bookcorpus,4.243850943577063e-05
pnull,ica,fidelity_across_halves,agnews,bookcorpus,0.07371499022834604
pnull,ica,reliability_across_halves,agnews,bookcorpus,0.0016865201446218544
rand,ica,fidelity_across_halves,agnews,bookcorpus,0.010188593949771865
rand,ica,reliability_across_halves,agnews,bookcorpus,-5.780914382545168e-06
pnull,ica100,fidelity_across_halves,agnews,bookcorpus,0.08091699004721009
pnull,ica100,reliability_across_halves,agnews,bookcorpus,0.0017128910707910532
rand,ica100,fidelity_across_halves,agnews,bookcorpus,0.018625071355813844
rand,ica100,reliability_across_halves,agnews,bookcorpus,-3.404911233378259e-05
pnull,sparse_fisher_lloyd,fidelity_across_halves,agnews,bookcorpus,0.1775196534808049
pnull,sparse_fisher_lloyd,reliability_across_halves,agnews,bookcorpus,0.03192670823200456
rand,sparse_fisher_lloyd,fidelity_across_halves,agnews,bookcorpus,0.011884975148321568
rand,sparse_fisher_lloyd,reliability_across_halves,agnews,bookcorpus,-9.53611702203213e-06
pnull,sparse_fisher_lloyd100,fidelity_across_halves,agnews,bookcorpus,0.17992123221030396
pnull,sparse_fisher_lloyd100,reliability_across_halves,agnews,bookcorpus,0.025040293873488436
rand,sparse_fisher_lloyd100,fidelity_across_halves,agnews,bookcorpus,0.02082868946853707
rand,sparse_fisher_lloyd100,reliability_across_halves,agnews,bookcorpus,6.131990861205021e-05
pnull,binarize_global_lloyd,fidelity_across_halves,agnews,tldr17,0.18700770395699076
pnull,binarize_global_lloyd,reliability_across_halves,agnews,tldr17,0.03568634890270389
rand,binarize_global_lloyd,fidelity_across_halves,agnews,tldr17,0.01567504149799373
rand,binarize_global_lloyd,reliability_across_halves,agnews,tldr17,3.692348741102556e-07
pnull,binarize_global_lloyd100,fidelity_across_halves,agnews,tldr17,0.18587901551096658
pnull,binarize_global_lloyd100,reliability_across_halves,agnews,tldr17,0.02504413070028609
rand,binarize_global_lloyd100,fidelity_across_halves,agnews,tldr17,0.014276495056958214
rand,binarize_global_lloyd100,reliability_across_halves,agnews,tldr17,-4.410945048647817e-05
pnull,binarize_row_lloyd,fidelity_across_halves,agnews,tldr17,0.08681963942679188
pnull,binarize_row_lloyd,reliability_across_halves,agnews,tldr17,0.01560040431189261
rand,binarize_row_lloyd,fidelity_across_halves,agnews,tldr17,0.011672591264367633
rand,binarize_row_lloyd,reliability_across_halves,agnews,tldr17,2.9567693997242943e-05
pnull,binarize_row_lloyd100,fidelity_across_halves,agnews,tldr17,0.09466191772122397
pnull,binarize_row_lloyd100,reliability_across_halves,agnews,tldr17,0.00947669543343912
rand,binarize_row_lloyd100,fidelity_across_halves,agnews,tldr17,0.015284259688312275
rand,binarize_row_lloyd100,reliability_across_halves,agnews,tldr17,-5.797225562954435e-06
pnull,ica,fidelity_across_halves,agnews,tldr17,0.07916425793242479
pnull,ica,reliability_across_halves,agnews,tldr17,0.002088281110239966
rand,ica,fidelity_across_halves,agnews,tldr17,0.012205249122021908
rand,ica,reliability_across_halves,agnews,tldr17,-1.1356257816077998e-05
pnull,ica100,fidelity_across_halves,agnews,tldr17,0.08573867575129755
pnull,ica100,reliability_across_halves,agnews,tldr17,0.0020576287841324557
rand,ica100,fidelity_across_halves,agnews,tldr17,0.015153987657532569
rand,ica100,reliability_across_halves,agnews,tldr17,-0.00010104316361044217
pnull,sparse_fisher_lloyd,fidelity_across_halves,agnews,tldr17,0.20081599252224466
pnull,sparse_fisher_lloyd,reliability_across_halves,agnews,tldr17,0.03722700851767932
rand,sparse_fisher_lloyd,fidelity_across_halves,agnews,tldr17,0.010681492859012657
rand,sparse_fisher_lloyd,reliability_across_halves,agnews,tldr17,-4.176699114851109e-06
pnull,sparse_fisher_lloyd100,fidelity_across_halves,agnews,tldr17,0.20409633091441523
pnull,sparse_fisher_lloyd100,reliability_across_halves,agnews,tldr17,0.02661174359842874
rand,sparse_fisher_lloyd100,fidelity_across_halves,agnews,tldr17,0.02244514760378477
rand,sparse_fisher_lloyd100,reliability_across_halves,agnews,tldr17,-5.488455704191235e-05
pnull,binarize_global_lloyd,fidelity_across_halves,tldr17,wikitext,0.2110912185301925
pnull,binarize_global_lloyd,reliability_across_halves,tldr17,wikitext,0.028475812286021952
rand,binarize_global_lloyd,fidelity_across_halves,tldr17,wikitext,0.010872157876170605
rand,binarize_global_lloyd,reliability_across_halves,tldr17,wikitext,1.4244212449304498e-05
pnull,binarize_global_lloyd100,fidelity_across_halves,tldr17,wikitext,0.21772865874116198
pnull,binarize_global_lloyd100,reliability_across_halves,tldr17,wikitext,0.01854340664526409
rand,binarize_global_lloyd100,fidelity_across_halves,tldr17,wikitext,0.01745178539502263
rand,binarize_global_lloyd100,reliability_across_halves,tldr17,wikitext,-0.0001832365396636448
pnull,binarize_row_lloyd,fidelity_across_halves,tldr17,wikitext,0.12615328361909361
pnull,binarize_row_lloyd,reliability_across_halves,tldr17,wikitext,0.019957771497315455
rand,binarize_row_lloyd,fidelity_across_halves,tldr17,wikitext,0.016329240757603714
rand,binarize_row_lloyd,reliability_across_halves,tldr17,wikitext,-3.539578195699774e-05
pnull,binarize_row_lloyd100,fidelity_across_halves,tldr17,wikitext,0.13188172471391219
pnull,binarize_row_lloyd100,reliability_across_halves,tldr17,wikitext,0.011248399801673439
rand,binarize_row_lloyd100,fidelity_across_halves,tldr17,wikitext,0.023798148594776445
rand,binarize_row_lloyd100,reliability_across_halves,tldr17,wikitext,0.0001852143294676
pnull,ica,fidelity_across_halves,tldr17,wikitext,0.09072920307404754
pnull,ica,reliability_across_halves,tldr17,wikitext,0.0022423564666309926
rand,ica,fidelity_across_halves,tldr17,wikitext,0.015413123227498205
rand,ica,reliability_across_halves,tldr17,wikitext,3.4081030175000595e-05
pnull,ica100,fidelity_across_halves,tldr17,wikitext,0.09523288034157
pnull,ica100,reliability_across_halves,tldr17,wikitext,0.0024241016562350786
rand,ica100,fidelity_across_halves,tldr17,wikitext,0.01684209446475149
rand,ica100,reliability_across_halves,tldr17,wikitext,5.822278914542561e-06
pnull,sparse_fisher_lloyd,fidelity_across_halves,tldr17,wikitext,0.19923510935707262
pnull,sparse_fisher_lloyd,reliability_across_halves,tldr17,wikitext,0.02632687220918377
rand,sparse_fisher_lloyd,fidelity_across_halves,tldr17,wikitext,0.016448097951483887
rand,sparse_fisher_lloyd,reliability_across_halves,tldr17,wikitext,-1.6649108219062586e-05
pnull,sparse_fisher_lloyd100,fidelity_across_halves,tldr17,wikitext,0.20712292778347557
pnull,sparse_fisher_lloyd100,reliability_across_halves,tldr17,wikitext,0.023154377878503492
rand,sparse_fisher_lloyd100,fidelity_across_halves,tldr17,wikitext,0.01905555160247543
rand,sparse_fisher_lloyd100,reliability_across_halves,tldr17,wikitext,3.527877592099015e-05
pnull,binarize_global_lloyd,fidelity_across_halves,tldr17,bookcorpus,0.17672273954919437
pnull,binarize_global_lloyd,reliability_across_halves,tldr17,bookcorpus,0.011316807969973575
rand,binarize_global_lloyd,fidelity_across_halves,tldr17,bookcorpus,0.013178153402930314
rand,binarize_global_lloyd,reliability_across_halves,tldr17,bookcorpus,0.00019268401410309173
pnull,binarize_global_lloyd100,fidelity_across_halves,tldr17,bookcorpus,0.18314429365023693
pnull,binarize_global_lloyd100,reliability_across_halves,tldr17,bookcorpus,0.00510258505502907
rand,binarize_global_lloyd100,fidelity_across_halves,tldr17,bookcorpus,0.01778911191305539
rand,binarize_global_lloyd100,reliability_across_halves,tldr17,bookcorpus,1.9074412466389928e-05
pnull,binarize_row_lloyd,fidelity_across_halves,tldr17,bookcorpus,0.09887287020995467
pnull,binarize_row_lloyd,reliability_across_halves,tldr17,bookcorpus,0.006298597795112647
rand,binarize_row_lloyd,fidelity_across_halves,tldr17,bookcorpus,0.01811375247960407
rand,binarize_row_lloyd,reliability_across_halves,tldr17,bookcorpus,7.584752867177124e-05
pnull,binarize_row_lloyd100,fidelity_across_halves,tldr17,bookcorpus,0.10369996971901857
pnull,binarize_row_lloyd100,reliability_across_halves,tldr17,bookcorpus,0.004906634761534861
rand,binarize_row_lloyd100,fidelity_across_halves,tldr17,bookcorpus,0.020426103026707634
rand,binarize_row_lloyd100,reliability_across_halves,tldr17,bookcorpus,1.8158028147149485e-05
pnull,ica,fidelity_across_halves,tldr17,bookcorpus,0.08472608276492996
pnull,ica,reliability_across_halves,tldr17,bookcorpus,0.00201753766954856
rand,ica,fidelity_across_halves,tldr17,bookcorpus,0.017126383941699297
rand,ica,reliability_across_halves,tldr17,bookcorpus,-2.193622129675241e-06
pnull,ica100,fidelity_across_halves,tldr17,bookcorpus,0.08917027835801884
pnull,ica100,reliability_across_halves,tldr17,bookcorpus,0.0021535157815127264
rand,ica100,fidelity_across_halves,tldr17,bookcorpus,0.021529987085341522
rand,ica100,reliability_across_halves,tldr17,bookcorpus,-0.0001905743497887996
pnull,sparse_fisher_lloyd,fidelity_across_halves,tldr17,bookcorpus,0.17794072741765704
pnull,sparse_fisher_lloyd,reliability_across_halves,tldr17,bookcorpus,0.011011510297240899
rand,sparse_fisher_lloyd,fidelity_across_halves,tldr17,bookcorpus,0.020639586766584613
rand,sparse_fisher_lloyd,reliability_across_halves,tldr17,bookcorpus,9.828950804056645e-05
pnull,sparse_fisher_lloyd100,fidelity_across_halves,tldr17,bookcorpus,0.18520464661310182
pnull,sparse_fisher_lloyd100,reliability_across_halves,tldr17,bookcorpus,0.009210890933419607
rand,sparse_fisher_lloyd100,fidelity_across_halves,tldr17,bookcorpus,0.0211075842819282
rand,sparse_fisher_lloyd100,reliability_across_halves,tldr17,bookcorpus,-2.049958224610896e-05
pnull,binarize_global_lloyd,fidelity_across_halves,tldr17,agnews,0.199419734072338
pnull,binarize_global_lloyd,reliability_across_halves,tldr17,agnews,0.03934103346474821
rand,binarize_global_lloyd,fidelity_across_halves,tldr17,agnews,0.011061056102518518
rand,binarize_global_lloyd,reliability_across_halves,tldr17,agnews,-7.914396353330177e-05
pnull,binarize_global_lloyd100,fidelity_across_halves,tldr17,agnews,0.2070043960708505
pnull,binarize_global_lloyd100,reliability_across_halves,tldr17,agnews,0.0246778879435028
rand,binarize_global_lloyd100,fidelity_across_halves,tldr17,agnews,0.015490349477796367
rand,binarize_global_lloyd100,reliability_across_halves,tldr17,agnews,-4.06482694282725e-05
pnull,binarize_row_lloyd,fidelity_across_halves,tldr17,agnews,0.11321363317253977
pnull,binarize_row_lloyd,reliability_across_halves,tldr17,agnews,0.013971209195284507
rand,binarize_row_lloyd,fidelity_across_halves,tldr17,agnews,0.011762026048717006
rand,binarize_row_lloyd,reliability_across_halves,tldr17,agnews,-5.3976592802503374e-05
pnull,binarize_row_lloyd100,fidelity_across_halves,tldr17,agnews,0.11993740574040657
pnull,binarize_row_lloyd100,reliability_across_halves,tldr17,agnews,0.010066798070931316
rand,binarize_row_lloyd100,fidelity_across_halves,tldr17,agnews,0.017499857799558944
rand,binarize_row_lloyd100,reliability_across_halves,tldr17,agnews,0.00021755155557990298
pnull,ica,fidelity_across_halves,tldr17,agnews,0.09173749143268801
pnull,ica,reliability_across_halves,tldr17,agnews,0.0017941023532717648
rand,ica,fidelity_across_halves,tldr17,agnews,0.011618547654827432
rand,ica,reliability_across_halves,tldr17,agnews,-9.372548119096585e-05
pnull,ica100,fidelity_across_halves,tldr17,agnews,0.0972362990516886
pnull,ica100,reliability_across_halves,tldr17,agnews,0.0022405824732372693
rand,ica100,fidelity_across_halves,tldr17,agnews,0.015127697186506195
rand,ica100,reliability_across_halves,tldr17,agnews,-6.139479599691518e-05
pnull,sparse_fisher_lloyd,fidelity_across_halves,tldr17,agnews,0.2013519188336586
pnull,sparse_fisher_lloyd,reliability_across_halves,tldr17,agnews,0.02896385054817226
rand,sparse_fisher_lloyd,fidelity_across_halves,tldr17,agnews,0.011881258074326198
rand,sparse_fisher_lloyd,reliability_across_halves,tldr17,agnews,7.535572935000842e-06
pnull,sparse_fisher_lloyd100,fidelity_across_halves,tldr17,agnews,0.21035907728847916
pnull,sparse_fisher_lloyd100,reliability_across_halves,tldr17,agnews,0.028534694486166294
rand,sparse_fisher_lloyd100,fidelity_across_halves,tldr17,agnews,0.01614660467296286
rand,sparse_fisher_lloyd100,reliability_across_halves,tldr17,agnews,-9.15482478347553e-05
