tree,variant,metric,fit,eval,value
real,(ceiling),fidelity_within,wikitext,wikitext,0.9747874897582266
real,(ceiling),fidelity_within_r,wikitext,wikitext,0.9873717009599972
real,vmf_lloyd100,reliability_within,wikitext,wikitext,0.5967987278058549
real,vmf_lloyd100,fidelity_within,wikitext,wikitext,0.206472300815837
real,vmf_lloyd100,fidelity_within_r,wikitext,wikitext,0.4543933744350246
real,vmf_lloyd100,fidelity_within_insample,wikitext,wikitext,0.20633758825949955
real,vmf_lloyd100,reliability_ceiling,wikitext,wikitext,0.5617267827557071
real,vmf_lloyd100,triviality_ami_layer,wikitext,wikitext,0.13895909320727215
real,vmf_lloyd100,triviality_ami_dimension,wikitext,wikitext,-0.0014559789676458683
real,vmf_lloyd100,triviality_ami_hubness,wikitext,wikitext,0.07374536144922049
real,vmf_lloyd100,triviality_n_effective_networks,wikitext,wikitext,100.0
real,vmf_lloyd100,triviality_median_max_membership,wikitext,wikitext,0.55
real,vmf_lloyd100,triviality_frac_confident,wikitext,wikitext,0.5671073717948718
real,vmf_pca100_lloyd100,reliability_within,wikitext,wikitext,0.6021268615104063
real,vmf_pca100_lloyd100,fidelity_within,wikitext,wikitext,0.21680547756762092
real,vmf_pca100_lloyd100,fidelity_within_r,wikitext,wikitext,0.4656251087496628
real,vmf_pca100_lloyd100,fidelity_within_insample,wikitext,wikitext,0.21658782589449832
real,vmf_pca100_lloyd100,reliability_ceiling,wikitext,wikitext,0.6621551216846191
real,vmf_pca100_lloyd100,triviality_ami_layer,wikitext,wikitext,0.1417464367449989
real,vmf_pca100_lloyd100,triviality_ami_dimension,wikitext,wikitext,-0.0015126283242027666
real,vmf_pca100_lloyd100,triviality_ami_hubness,wikitext,wikitext,0.07886596148053698
real,vmf_pca100_lloyd100,triviality_n_effective_networks,wikitext,wikitext,100.0
real,vmf_pca100_lloyd100,triviality_median_max_membership,wikitext,wikitext,0.625
real,vmf_pca100_lloyd100,triviality_frac_confident,wikitext,wikitext,0.667167467948718
real,vmf_pca100_ward100,reliability_within,wikitext,wikitext,0.2620628396300217
real,vmf_pca100_ward100,fidelity_within,wikitext,wikitext,0.19129032469016438
real,vmf_pca100_ward100,fidelity_within_r,wikitext,wikitext,0.4373700297711868
real,vmf_pca100_ward100,fidelity_within_insample,wikitext,wikitext,0.19071836876644777
real,vmf_pca100_ward100,reliability_ceiling,wikitext,wikitext,1.0
real,vmf_pca100_ward100,triviality_ami_layer,wikitext,wikitext,0.13368888607277196
real,vmf_pca100_ward100,triviality_ami_dimension,wikitext,wikitext,-0.0014724566493304156
real,vmf_pca100_ward100,triviality_ami_hubness,wikitext,wikitext,0.07116178725820341
real,vmf_pca100_ward100,triviality_n_effective_networks,wikitext,wikitext,100.0
real,vmf_pca100_ward100,triviality_median_max_membership,wikitext,wikitext,1.0
real,vmf_pca100_ward100,triviality_frac_confident,wikitext,wikitext,1.0
real,vmf_pca20_lloyd100,reliability_within,wikitext,wikitext,0.5336867725398513
real,vmf_pca20_lloyd100,fidelity_within,wikitext,wikitext,0.2292305858851279
real,vmf_pca20_lloyd100,fidelity_within_r,wikitext,wikitext,0.47878408738844974
real,vmf_pca20_lloyd100,fidelity_within_insample,wikitext,wikitext,0.22828390591566727
real,vmf_pca20_lloyd100,reliability_ceiling,wikitext,wikitext,0.6026402896127001
real,vmf_pca20_lloyd100,triviality_ami_layer,wikitext,wikitext,0.14183358318614323
real,vmf_pca20_lloyd100,triviality_ami_dimension,wikitext,wikitext,-0.0013035290261645674
real,vmf_pca20_lloyd100,triviality_ami_hubness,wikitext,wikitext,0.08207938681415723
real,vmf_pca20_lloyd100,triviality_n_effective_networks,wikitext,wikitext,100.0
real,vmf_pca20_lloyd100,triviality_median_max_membership,wikitext,wikitext,0.6
real,vmf_pca20_lloyd100,triviality_frac_confident,wikitext,wikitext,0.6526442307692307
real,vmf_pca20_ward100,reliability_within,wikitext,wikitext,0.24868416760228113
real,vmf_pca20_ward100,fidelity_within,wikitext,wikitext,0.2107741024435983
real,vmf_pca20_ward100,fidelity_within_r,wikitext,wikitext,0.45910511549210703
real,vmf_pca20_ward100,fidelity_within_insample,wikitext,wikitext,0.20988428680574156
real,vmf_pca20_ward100,reliability_ceiling,wikitext,wikitext,1.0
real,vmf_pca20_ward100,triviality_ami_layer,wikitext,wikitext,0.13643246909124432
real,vmf_pca20_ward100,triviality_ami_dimension,wikitext,wikitext,-0.0009643079120343347
real,vmf_pca20_ward100,triviality_ami_hubness,wikitext,wikitext,0.0767140144032496
real,vmf_pca20_ward100,triviality_n_effective_networks,wikitext,wikitext,100.0
real,vmf_pca20_ward100,triviality_median_max_membership,wikitext,wikitext,1.0
real,vmf_pca20_ward100,triviality_frac_confident,wikitext,wikitext,1.0
real,vmf_sparse_lloyd100,reliability_within,wikitext,wikitext,0.6086814436245862
real,vmf_sparse_lloyd100,fidelity_within,wikitext,wikitext,0.19820845245149332
real,vmf_sparse_lloyd100,fidelity_within_r,wikitext,wikitext,0.445206710360385
real,vmf_sparse_lloyd100,fidelity_within_insample,wikitext,wikitext,0.19830419736173166
real,vmf_sparse_lloyd100,reliability_ceiling,wikitext,wikitext,0.6818661746165209
real,vmf_sparse_lloyd100,triviality_ami_layer,wikitext,wikitext,0.13433016986105484
real,vmf_sparse_lloyd100,triviality_ami_dimension,wikitext,wikitext,-0.0010344807297619962
real,vmf_sparse_lloyd100,triviality_ami_hubness,wikitext,wikitext,0.07166425478794013
real,vmf_sparse_lloyd100,triviality_n_effective_networks,wikitext,wikitext,99.0
real,vmf_sparse_lloyd100,triviality_median_max_membership,wikitext,wikitext,0.6
real,vmf_sparse_lloyd100,triviality_frac_confident,wikitext,wikitext,0.6296073717948718
real,vmf_sparse_ward100,reliability_within,wikitext,wikitext,0.2546760416332959
real,vmf_sparse_ward100,fidelity_within,wikitext,wikitext,0.19471220804817657
real,vmf_sparse_ward100,fidelity_within_r,wikitext,wikitext,0.4412637093390622
real,vmf_sparse_ward100,fidelity_within_insample,wikitext,wikitext,0.1943933200664072
real,vmf_sparse_ward100,reliability_ceiling,wikitext,wikitext,1.0
real,vmf_sparse_ward100,triviality_ami_layer,wikitext,wikitext,0.13081203288964655
real,vmf_sparse_ward100,triviality_ami_dimension,wikitext,wikitext,-0.0010230485106760886
real,vmf_sparse_ward100,triviality_ami_hubness,wikitext,wikitext,0.07329186375638193
real,vmf_sparse_ward100,triviality_n_effective_networks,wikitext,wikitext,100.0
real,vmf_sparse_ward100,triviality_median_max_membership,wikitext,wikitext,1.0
real,vmf_sparse_ward100,triviality_frac_confident,wikitext,wikitext,1.0
real,vmf_ward,reliability_within,wikitext,wikitext,0.1927553946106099
real,vmf_ward,fidelity_within,wikitext,wikitext,0.1619580229737535
real,vmf_ward,fidelity_within_r,wikitext,wikitext,0.40244304554387467
real,vmf_ward,fidelity_within_insample,wikitext,wikitext,0.16133536991735498
real,vmf_ward,reliability_ceiling,wikitext,wikitext,1.0
real,vmf_ward,triviality_ami_layer,wikitext,wikitext,0.12610154782530367
real,vmf_ward,triviality_ami_dimension,wikitext,wikitext,-0.0015214817982716908
real,vmf_ward,triviality_ami_hubness,wikitext,wikitext,0.07027869092440885
real,vmf_ward,triviality_n_effective_networks,wikitext,wikitext,50.0
real,vmf_ward,triviality_median_max_membership,wikitext,wikitext,1.0
real,vmf_ward,triviality_frac_confident,wikitext,wikitext,1.0
real,vmf_ward100,reliability_within,wikitext,wikitext,0.23776035015071678
real,vmf_ward100,fidelity_within,wikitext,wikitext,0.19565986971989613
real,vmf_ward100,fidelity_within_r,wikitext,wikitext,0.4423365057322252
real,vmf_ward100,fidelity_within_insample,wikitext,wikitext,0.19524948406510978
real,vmf_ward100,reliability_ceiling,wikitext,wikitext,1.0
real,vmf_ward100,triviality_ami_layer,wikitext,wikitext,0.13173885875262306
real,vmf_ward100,triviality_ami_dimension,wikitext,wikitext,-0.0010677957834390691
real,vmf_ward100,triviality_ami_hubness,wikitext,wikitext,0.07755460991690553
real,vmf_ward100,triviality_n_effective_networks,wikitext,wikitext,100.0
real,vmf_ward100,triviality_median_max_membership,wikitext,wikitext,1.0
real,vmf_ward100,triviality_frac_confident,wikitext,wikitext,1.0
real,vmf_ward100_bm,reliability_within,wikitext,wikitext,0.5034082522306474
real,vmf_ward100_bm,fidelity_within,wikitext,wikitext,0.36877350724406677
real,vmf_ward100_bm,fidelity_within_r,wikitext,wikitext,0.6072714622605027
real,vmf_ward100_bm,fidelity_within_insample,wikitext,wikitext,0.36742741305328197
real,vmf_ward100_bm,reliability_ceiling,wikitext,wikitext,1.0
real,vmf_ward100_bm,triviality_ami_layer,wikitext,wikitext,0.1362655746244916
real,vmf_ward100_bm,triviality_ami_dimension,wikitext,wikitext,-0.0004268931636628052
real,vmf_ward100_bm,triviality_ami_hubness,wikitext,wikitext,0.35783069539004797
real,vmf_ward100_bm,triviality_n_effective_networks,wikitext,wikitext,100.0
real,vmf_ward100_bm,triviality_median_max_membership,wikitext,wikitext,1.0
real,vmf_ward100_bm,triviality_frac_confident,wikitext,wikitext,1.0
real,vmf_ward100_bm_degree,reliability_within,wikitext,wikitext,0.38893300378701984
real,vmf_ward100_bm_degree,fidelity_within,wikitext,wikitext,0.3114054423272108
real,vmf_ward100_bm_degree,fidelity_within_r,wikitext,wikitext,0.5580422237616122
real,vmf_ward100_bm_degree,fidelity_within_insample,wikitext,wikitext,0.30993120380952044
real,vmf_ward100_bm_degree,reliability_ceiling,wikitext,wikitext,1.0
real,vmf_ward100_bm_degree,triviality_ami_layer,wikitext,wikitext,0.14881019828806405
real,vmf_ward100_bm_degree,triviality_ami_dimension,wikitext,wikitext,-0.0006404153035751108
real,vmf_ward100_bm_degree,triviality_ami_hubness,wikitext,wikitext,0.13731998813681123
real,vmf_ward100_bm_degree,triviality_n_effective_networks,wikitext,wikitext,100.0
real,vmf_ward100_bm_degree,triviality_median_max_membership,wikitext,wikitext,1.0
real,vmf_ward100_bm_degree,triviality_frac_confident,wikitext,wikitext,1.0
real,vmf_ward100_bm_double,reliability_within,wikitext,wikitext,0.47510562901294473
real,vmf_ward100_bm_double,fidelity_within,wikitext,wikitext,0.33795205248593274
real,vmf_ward100_bm_double,fidelity_within_r,wikitext,wikitext,0.5813425877945749
real,vmf_ward100_bm_double,fidelity_within_insample,wikitext,wikitext,0.3361300013497537
real,vmf_ward100_bm_double,reliability_ceiling,wikitext,wikitext,1.0
real,vmf_ward100_bm_double,triviality_ami_layer,wikitext,wikitext,0.1459039162105969
real,vmf_ward100_bm_double,triviality_ami_dimension,wikitext,wikitext,0.0012706272957796515
real,vmf_ward100_bm_double,triviality_ami_hubness,wikitext,wikitext,0.18439137346640963
real,vmf_ward100_bm_double,triviality_n_effective_networks,wikitext,wikitext,100.0
real,vmf_ward100_bm_double,triviality_median_max_membership,wikitext,wikitext,1.0
real,vmf_ward100_bm_double,triviality_frac_confident,wikitext,wikitext,1.0
real,vmf_ward150,reliability_within,wikitext,wikitext,0.24385124299590194
real,vmf_ward150,fidelity_within,wikitext,wikitext,0.21629575516761057
real,vmf_ward150,fidelity_within_r,wikitext,wikitext,0.46507764327220846
real,vmf_ward150,fidelity_within_insample,wikitext,wikitext,0.21599911465564492
real,vmf_ward150,reliability_ceiling,wikitext,wikitext,1.0
real,vmf_ward150,triviality_ami_layer,wikitext,wikitext,0.13545910247579374
real,vmf_ward150,triviality_ami_dimension,wikitext,wikitext,-0.000505400906506588
real,vmf_ward150,triviality_ami_hubness,wikitext,wikitext,0.07869153274765968
real,vmf_ward150,triviality_n_effective_networks,wikitext,wikitext,150.0
real,vmf_ward150,triviality_median_max_membership,wikitext,wikitext,1.0
real,vmf_ward150,triviality_frac_confident,wikitext,wikitext,1.0
real,vmf_ward200,reliability_within,wikitext,wikitext,0.2608830012746674
real,vmf_ward200,fidelity_within,wikitext,wikitext,0.23225826235984826
real,vmf_ward200,fidelity_within_r,wikitext,wikitext,0.4819334879424515
real,vmf_ward200,fidelity_within_insample,wikitext,wikitext,0.23191690176407953
real,vmf_ward200,reliability_ceiling,wikitext,wikitext,1.0
real,vmf_ward200,triviality_ami_layer,wikitext,wikitext,0.13670015767347155
real,vmf_ward200,triviality_ami_dimension,wikitext,wikitext,-3.5927266554818586e-05
real,vmf_ward200,triviality_ami_hubness,wikitext,wikitext,0.0802125339745667
real,vmf_ward200,triviality_n_effective_networks,wikitext,wikitext,200.0
real,vmf_ward200,triviality_median_max_membership,wikitext,wikitext,1.0
real,vmf_ward200,triviality_frac_confident,wikitext,wikitext,1.0
real,vmf_wardlloyd100,reliability_within,wikitext,wikitext,0.4198546289899655
real,vmf_wardlloyd100,fidelity_within,wikitext,wikitext,0.2181977070896408
real,vmf_wardlloyd100,fidelity_within_r,wikitext,wikitext,0.4671180160671655
real,vmf_wardlloyd100,fidelity_within_insample,wikitext,wikitext,0.21787462623297404
real,vmf_wardlloyd100,reliability_ceiling,wikitext,wikitext,1.0
real,vmf_wardlloyd100,triviality_ami_layer,wikitext,wikitext,0.1436592418454373
real,vmf_wardlloyd100,triviality_ami_dimension,wikitext,wikitext,-0.0012966907930774322
real,vmf_wardlloyd100,triviality_ami_hubness,wikitext,wikitext,0.08125686696041236
real,vmf_wardlloyd100,triviality_n_effective_networks,wikitext,wikitext,100.0
real,vmf_wardlloyd100,triviality_median_max_membership,wikitext,wikitext,1.0
real,vmf_wardlloyd100,triviality_frac_confident,wikitext,wikitext,1.0
real,(ceiling),fidelity_within,bookcorpus,bookcorpus,0.9888274536436901
real,(ceiling),fidelity_within_r,bookcorpus,bookcorpus,0.9944086938872909
real,vmf_lloyd100,reliability_within,bookcorpus,bookcorpus,0.6277882646500065
real,vmf_lloyd100,fidelity_within,bookcorpus,bookcorpus,0.22368788048897226
real,vmf_lloyd100,fidelity_within_r,bookcorpus,bookcorpus,0.4729581166259735
real,vmf_lloyd100,fidelity_within_insample,bookcorpus,bookcorpus,0.22367367724566944
real,vmf_lloyd100,reliability_ceiling,bookcorpus,bookcorpus,0.576805581839857
real,vmf_lloyd100,triviality_ami_layer,bookcorpus,bookcorpus,0.12032611991064163
real,vmf_lloyd100,triviality_ami_dimension,bookcorpus,bookcorpus,-0.0006809345119686372
real,vmf_lloyd100,triviality_ami_hubness,bookcorpus,bookcorpus,0.07424206159561719
real,vmf_lloyd100,triviality_n_effective_networks,bookcorpus,bookcorpus,100.0
real,vmf_lloyd100,triviality_median_max_membership,bookcorpus,bookcorpus,0.525
real,vmf_lloyd100,triviality_frac_confident,bookcorpus,bookcorpus,0.5177283653846154
real,vmf_pca100_lloyd100,reliability_within,bookcorpus,bookcorpus,0.6257630234152263
real,vmf_pca100_lloyd100,fidelity_within,bookcorpus,bookcorpus,0.23299607406481604
real,vmf_pca100_lloyd100,fidelity_within_r,bookcorpus,bookcorpus,0.4826981777960555
real,vmf_pca100_lloyd100,fidelity_within_insample,bookcorpus,bookcorpus,0.23303139211375745
real,vmf_pca100_lloyd100,reliability_ceiling,bookcorpus,bookcorpus,0.6149799832875421
real,vmf_pca100_lloyd100,triviality_ami_layer,bookcorpus,bookcorpus,0.123715924481548
real,vmf_pca100_lloyd100,triviality_ami_dimension,bookcorpus,bookcorpus,-0.0012144643175137997
real,vmf_pca100_lloyd100,triviality_ami_hubness,bookcorpus,bookcorpus,0.0775460815336046
real,vmf_pca100_lloyd100,triviality_n_effective_networks,bookcorpus,bookcorpus,100.0
real,vmf_pca100_lloyd100,triviality_median_max_membership,bookcorpus,bookcorpus,0.575
real,vmf_pca100_lloyd100,triviality_frac_confident,bookcorpus,bookcorpus,0.5910456730769231
real,vmf_pca100_ward100,reliability_within,bookcorpus,bookcorpus,0.24009458215340804
real,vmf_pca100_ward100,fidelity_within,bookcorpus,bookcorpus,0.20099455354864548
real,vmf_pca100_ward100,fidelity_within_r,bookcorpus,bookcorpus,0.44832559681280193
real,vmf_pca100_ward100,fidelity_within_insample,bookcorpus,bookcorpus,0.20118341976245147
real,vmf_pca100_ward100,reliability_ceiling,bookcorpus,bookcorpus,1.0
real,vmf_pca100_ward100,triviality_ami_layer,bookcorpus,bookcorpus,0.11163977990165887
real,vmf_pca100_ward100,triviality_ami_dimension,bookcorpus,bookcorpus,-0.0014319383144044979
real,vmf_pca100_ward100,triviality_ami_hubness,bookcorpus,bookcorpus,0.07265040583251968
real,vmf_pca100_ward100,triviality_n_effective_networks,bookcorpus,bookcorpus,100.0
real,vmf_pca100_ward100,triviality_median_max_membership,bookcorpus,bookcorpus,1.0
real,vmf_pca100_ward100,triviality_frac_confident,bookcorpus,bookcorpus,1.0
real,vmf_pca20_lloyd100,reliability_within,bookcorpus,bookcorpus,0.5735142061327797
real,vmf_pca20_lloyd100,fidelity_within,bookcorpus,bookcorpus,0.25059245824028253
real,vmf_pca20_lloyd100,fidelity_within_r,bookcorpus,bookcorpus,0.5005934143759414
real,vmf_pca20_lloyd100,fidelity_within_insample,bookcorpus,bookcorpus,0.2508278252814192
real,vmf_pca20_lloyd100,reliability_ceiling,bookcorpus,bookcorpus,0.5986509495330717
real,vmf_pca20_lloyd100,triviality_ami_layer,bookcorpus,bookcorpus,0.11590176319158883
real,vmf_pca20_lloyd100,triviality_ami_dimension,bookcorpus,bookcorpus,-0.000722448500541625
real,vmf_pca20_lloyd100,triviality_ami_hubness,bookcorpus,bookcorpus,0.08045721501461717
real,vmf_pca20_lloyd100,triviality_n_effective_networks,bookcorpus,bookcorpus,100.0
real,vmf_pca20_lloyd100,triviality_median_max_membership,bookcorpus,bookcorpus,0.55
real,vmf_pca20_lloyd100,triviality_frac_confident,bookcorpus,bookcorpus,0.5853365384615384
real,vmf_pca20_ward100,reliability_within,bookcorpus,bookcorpus,0.2541390799305189
real,vmf_pca20_ward100,fidelity_within,bookcorpus,bookcorpus,0.23056030162419805
real,vmf_pca20_ward100,fidelity_within_r,bookcorpus,bookcorpus,0.48016837237276266
real,vmf_pca20_ward100,fidelity_within_insample,bookcorpus,bookcorpus,0.23069055999438337
real,vmf_pca20_ward100,reliability_ceiling,bookcorpus,bookcorpus,1.0
real,vmf_pca20_ward100,triviality_ami_layer,bookcorpus,bookcorpus,0.1101036205422237
real,vmf_pca20_ward100,triviality_ami_dimension,bookcorpus,bookcorpus,-0.0011357309647767725
real,vmf_pca20_ward100,triviality_ami_hubness,bookcorpus,bookcorpus,0.07841624059543283
real,vmf_pca20_ward100,triviality_n_effective_networks,bookcorpus,bookcorpus,100.0
real,vmf_pca20_ward100,triviality_median_max_membership,bookcorpus,bookcorpus,1.0
real,vmf_pca20_ward100,triviality_frac_confident,bookcorpus,bookcorpus,1.0
real,vmf_sparse_lloyd100,reliability_within,bookcorpus,bookcorpus,0.6611214670213824
real,vmf_sparse_lloyd100,fidelity_within,bookcorpus,bookcorpus,0.2179869956582694
real,vmf_sparse_lloyd100,fidelity_within_r,bookcorpus,bookcorpus,0.4668925204366951
real,vmf_sparse_lloyd100,fidelity_within_insample,bookcorpus,bookcorpus,0.2178652894414138
real,vmf_sparse_lloyd100,reliability_ceiling,bookcorpus,bookcorpus,0.6159735589802113
real,vmf_sparse_lloyd100,triviality_ami_layer,bookcorpus,bookcorpus,0.11868975723947532
real,vmf_sparse_lloyd100,triviality_ami_dimension,bookcorpus,bookcorpus,-0.0020663679538728778
real,vmf_sparse_lloyd100,triviality_ami_hubness,bookcorpus,bookcorpus,0.07649977840215987
real,vmf_sparse_lloyd100,triviality_n_effective_networks,bookcorpus,bookcorpus,100.0
real,vmf_sparse_lloyd100,triviality_median_max_membership,bookcorpus,bookcorpus,0.575
real,vmf_sparse_lloyd100,triviality_frac_confident,bookcorpus,bookcorpus,0.5974559294871795
real,vmf_sparse_ward100,reliability_within,bookcorpus,bookcorpus,0.2824332061539778
real,vmf_sparse_ward100,fidelity_within,bookcorpus,bookcorpus,0.21002369931734954
real,vmf_sparse_ward100,fidelity_within_r,bookcorpus,bookcorpus,0.4582856705637779
real,vmf_sparse_ward100,fidelity_within_insample,bookcorpus,bookcorpus,0.20964820349018432
real,vmf_sparse_ward100,reliability_ceiling,bookcorpus,bookcorpus,1.0
real,vmf_sparse_ward100,triviality_ami_layer,bookcorpus,bookcorpus,0.11145662322508668
real,vmf_sparse_ward100,triviality_ami_dimension,bookcorpus,bookcorpus,-0.00093743752376834
real,vmf_sparse_ward100,triviality_ami_hubness,bookcorpus,bookcorpus,0.0736062646588719
real,vmf_sparse_ward100,triviality_n_effective_networks,bookcorpus,bookcorpus,100.0
real,vmf_sparse_ward100,triviality_median_max_membership,bookcorpus,bookcorpus,1.0
real,vmf_sparse_ward100,triviality_frac_confident,bookcorpus,bookcorpus,1.0
real,vmf_ward,reliability_within,bookcorpus,bookcorpus,0.20812759046044174
real,vmf_ward,fidelity_within,bookcorpus,bookcorpus,0.18636264192944862
real,vmf_ward,fidelity_within_r,bookcorpus,bookcorpus,0.4316993076547863
real,vmf_ward,fidelity_within_insample,bookcorpus,bookcorpus,0.18620295418137234
real,vmf_ward,reliability_ceiling,bookcorpus,bookcorpus,1.0
real,vmf_ward,triviality_ami_layer,bookcorpus,bookcorpus,0.10629603715447998
real,vmf_ward,triviality_ami_dimension,bookcorpus,bookcorpus,-0.0003007114683485699
real,vmf_ward,triviality_ami_hubness,bookcorpus,bookcorpus,0.06681964421151057
real,vmf_ward,triviality_n_effective_networks,bookcorpus,bookcorpus,50.0
real,vmf_ward,triviality_median_max_membership,bookcorpus,bookcorpus,1.0
real,vmf_ward,triviality_frac_confident,bookcorpus,bookcorpus,1.0
real,vmf_ward100,reliability_within,bookcorpus,bookcorpus,0.24801198089320722
real,vmf_ward100,fidelity_within,bookcorpus,bookcorpus,0.22331063094973924
real,vmf_ward100,fidelity_within_r,bookcorpus,bookcorpus,0.47255944786157705
real,vmf_ward100,fidelity_within_insample,bookcorpus,bookcorpus,0.22308053129540195
real,vmf_ward100,reliability_ceiling,bookcorpus,bookcorpus,1.0
real,vmf_ward100,triviality_ami_layer,bookcorpus,bookcorpus,0.11194971264314107
real,vmf_ward100,triviality_ami_dimension,bookcorpus,bookcorpus,8.674732854090439e-05
real,vmf_ward100,triviality_ami_hubness,bookcorpus,bookcorpus,0.07360587877476468
real,vmf_ward100,triviality_n_effective_networks,bookcorpus,bookcorpus,100.0
real,vmf_ward100,triviality_median_max_membership,bookcorpus,bookcorpus,1.0
real,vmf_ward100,triviality_frac_confident,bookcorpus,bookcorpus,1.0
real,vmf_ward100_bm,reliability_within,bookcorpus,bookcorpus,0.4462431280794965
real,vmf_ward100_bm,fidelity_within,bookcorpus,bookcorpus,0.4199687486072171
real,vmf_ward100_bm,fidelity_within_r,bookcorpus,bookcorpus,0.648051327955256
real,vmf_ward100_bm,fidelity_within_insample,bookcorpus,bookcorpus,0.41992920166110714
real,vmf_ward100_bm,reliability_ceiling,bookcorpus,bookcorpus,1.0
real,vmf_ward100_bm,triviality_ami_layer,bookcorpus,bookcorpus,0.10589260486646553
real,vmf_ward100_bm,triviality_ami_dimension,bookcorpus,bookcorpus,0.0001674322736435937
real,vmf_ward100_bm,triviality_ami_hubness,bookcorpus,bookcorpus,0.3807128704913485
real,vmf_ward100_bm,triviality_n_effective_networks,bookcorpus,bookcorpus,100.0
real,vmf_ward100_bm,triviality_median_max_membership,bookcorpus,bookcorpus,1.0
real,vmf_ward100_bm,triviality_frac_confident,bookcorpus,bookcorpus,1.0
real,vmf_ward100_bm_degree,reliability_within,bookcorpus,bookcorpus,0.3179083898859791
real,vmf_ward100_bm_degree,fidelity_within,bookcorpus,bookcorpus,0.36585837387301823
real,vmf_ward100_bm_degree,fidelity_within_r,bookcorpus,bookcorpus,0.6048636938094714
real,vmf_ward100_bm_degree,fidelity_within_insample,bookcorpus,bookcorpus,0.3658129595776002
real,vmf_ward100_bm_degree,reliability_ceiling,bookcorpus,bookcorpus,1.0
real,vmf_ward100_bm_degree,triviality_ami_layer,bookcorpus,bookcorpus,0.11195100396983569
real,vmf_ward100_bm_degree,triviality_ami_dimension,bookcorpus,bookcorpus,-0.0015865444833644518
real,vmf_ward100_bm_degree,triviality_ami_hubness,bookcorpus,bookcorpus,0.15674642911247563
real,vmf_ward100_bm_degree,triviality_n_effective_networks,bookcorpus,bookcorpus,100.0
real,vmf_ward100_bm_degree,triviality_median_max_membership,bookcorpus,bookcorpus,1.0
real,vmf_ward100_bm_degree,triviality_frac_confident,bookcorpus,bookcorpus,1.0
real,vmf_ward100_bm_double,reliability_within,bookcorpus,bookcorpus,0.35342072175901795
real,vmf_ward100_bm_double,fidelity_within,bookcorpus,bookcorpus,0.3943755050732991
real,vmf_ward100_bm_double,fidelity_within_r,bookcorpus,bookcorpus,0.6279946389661186
real,vmf_ward100_bm_double,fidelity_within_insample,bookcorpus,bookcorpus,0.3943203100040841
real,vmf_ward100_bm_double,reliability_ceiling,bookcorpus,bookcorpus,1.0
real,vmf_ward100_bm_double,triviality_ami_layer,bookcorpus,bookcorpus,0.11430420747502401
real,vmf_ward100_bm_double,triviality_ami_dimension,bookcorpus,bookcorpus,-0.000620693629503698
real,vmf_ward100_bm_double,triviality_ami_hubness,bookcorpus,bookcorpus,0.20560517853770993
real,vmf_ward100_bm_double,triviality_n_effective_networks,bookcorpus,bookcorpus,100.0
real,vmf_ward100_bm_double,triviality_median_max_membership,bookcorpus,bookcorpus,1.0
real,vmf_ward100_bm_double,triviality_frac_confident,bookcorpus,bookcorpus,1.0
real,vmf_ward150,reliability_within,bookcorpus,bookcorpus,0.2537112376203122
real,vmf_ward150,fidelity_within,bookcorpus,bookcorpus,0.2429389754765977
real,vmf_ward150,fidelity_within_r,bookcorpus,bookcorpus,0.49289027642372074
real,vmf_ward150,fidelity_within_insample,bookcorpus,bookcorpus,0.2426912264351021
real,vmf_ward150,reliability_ceiling,bookcorpus,bookcorpus,1.0
real,vmf_ward150,triviality_ami_layer,bookcorpus,bookcorpus,0.11468062268711053
real,vmf_ward150,triviality_ami_dimension,bookcorpus,bookcorpus,-0.00031832838642671055
real,vmf_ward150,triviality_ami_hubness,bookcorpus,bookcorpus,0.07608795960171141
real,vmf_ward150,triviality_n_effective_networks,bookcorpus,bookcorpus,150.0
real,vmf_ward150,triviality_median_max_membership,bookcorpus,bookcorpus,1.0
real,vmf_ward150,triviality_frac_confident,bookcorpus,bookcorpus,1.0
real,vmf_ward200,reliability_within,bookcorpus,bookcorpus,0.25789681526909974
real,vmf_ward200,fidelity_within,bookcorpus,bookcorpus,0.25972918359281527
real,vmf_ward200,fidelity_within_r,bookcorpus,bookcorpus,0.5096382282165144
real,vmf_ward200,fidelity_within_insample,bookcorpus,bookcorpus,0.2594364350217938
real,vmf_ward200,reliability_ceiling,bookcorpus,bookcorpus,1.0
real,vmf_ward200,triviality_ami_layer,bookcorpus,bookcorpus,0.11530301389947072
real,vmf_ward200,triviality_ami_dimension,bookcorpus,bookcorpus,1.6621221202530992e-05
real,vmf_ward200,triviality_ami_hubness,bookcorpus,bookcorpus,0.07881680843747589
real,vmf_ward200,triviality_n_effective_networks,bookcorpus,bookcorpus,200.0
real,vmf_ward200,triviality_median_max_membership,bookcorpus,bookcorpus,1.0
real,vmf_ward200,triviality_frac_confident,bookcorpus,bookcorpus,1.0
real,vmf_wardlloyd100,reliability_within,bookcorpus,bookcorpus,0.3867513577663788
real,vmf_wardlloyd100,fidelity_within,bookcorpus,bookcorpus,0.24153710058231104
real,vmf_wardlloyd100,fidelity_within_r,bookcorpus,bookcorpus,0.4914658163752103
real,vmf_wardlloyd100,fidelity_within_insample,bookcorpus,bookcorpus,0.24150068431679284
real,vmf_wardlloyd100,reliability_ceiling,bookcorpus,bookcorpus,1.0
real,vmf_wardlloyd100,triviality_ami_layer,bookcorpus,bookcorpus,0.12006354666019237
real,vmf_wardlloyd100,triviality_ami_dimension,bookcorpus,bookcorpus,-0.0007461156731979706
real,vmf_wardlloyd100,triviality_ami_hubness,bookcorpus,bookcorpus,0.07903725862427635
real,vmf_wardlloyd100,triviality_n_effective_networks,bookcorpus,bookcorpus,100.0
real,vmf_wardlloyd100,triviality_median_max_membership,bookcorpus,bookcorpus,1.0
real,vmf_wardlloyd100,triviality_frac_confident,bookcorpus,bookcorpus,1.0
real,(ceiling),fidelity_within,agnews,agnews,0.9784710625110252
real,(ceiling),fidelity_within_r,agnews,agnews,0.9892610602960447
real,vmf_lloyd100,reliability_within,agnews,agnews,0.6527858385497799
real,vmf_lloyd100,fidelity_within,agnews,agnews,0.20379220570622125
real,vmf_lloyd100,fidelity_within_r,agnews,agnews,0.45144481423157184
real,vmf_lloyd100,fidelity_within_insample,agnews,agnews,0.20510663476162672
real,vmf_lloyd100,reliability_ceiling,agnews,agnews,0.6110983463056903
real,vmf_lloyd100,triviality_ami_layer,agnews,agnews,0.14376682775340405
real,vmf_lloyd100,triviality_ami_dimension,agnews,agnews,-0.0009254983241846384
real,vmf_lloyd100,triviality_ami_hubness,agnews,agnews,0.08000772205995772
real,vmf_lloyd100,triviality_n_effective_networks,agnews,agnews,100.0
real,vmf_lloyd100,triviality_median_max_membership,agnews,agnews,0.575
real,vmf_lloyd100,triviality_frac_confident,agnews,agnews,0.590645032051282
real,vmf_pca100_lloyd100,reliability_within,agnews,agnews,0.6269940482242482
real,vmf_pca100_lloyd100,fidelity_within,agnews,agnews,0.2129732107163037
real,vmf_pca100_lloyd100,fidelity_within_r,agnews,agnews,0.46150274658219353
real,vmf_pca100_lloyd100,fidelity_within_insample,agnews,agnews,0.21455370062199175
real,vmf_pca100_lloyd100,reliability_ceiling,agnews,agnews,0.6917932812353124
real,vmf_pca100_lloyd100,triviality_ami_layer,agnews,agnews,0.1417894509963841
real,vmf_pca100_lloyd100,triviality_ami_dimension,agnews,agnews,-0.0004078533185266978
real,vmf_pca100_lloyd100,triviality_ami_hubness,agnews,agnews,0.08964135980104974
real,vmf_pca100_lloyd100,triviality_n_effective_networks,agnews,agnews,100.0
real,vmf_pca100_lloyd100,triviality_median_max_membership,agnews,agnews,0.65
real,vmf_pca100_lloyd100,triviality_frac_confident,agnews,agnews,0.6848958333333334
real,vmf_pca100_ward100,reliability_within,agnews,agnews,0.2662413105098165
real,vmf_pca100_ward100,fidelity_within,agnews,agnews,0.18206788535450624
real,vmf_pca100_ward100,fidelity_within_r,agnews,agnews,0.42670741299750864
real,vmf_pca100_ward100,fidelity_within_insample,agnews,agnews,0.18354858098628157
real,vmf_pca100_ward100,reliability_ceiling,agnews,agnews,1.0
real,vmf_pca100_ward100,triviality_ami_layer,agnews,agnews,0.1312432762986363
real,vmf_pca100_ward100,triviality_ami_dimension,agnews,agnews,-0.0005022644720853157
real,vmf_pca100_ward100,triviality_ami_hubness,agnews,agnews,0.07380503784468441
real,vmf_pca100_ward100,triviality_n_effective_networks,agnews,agnews,100.0
real,vmf_pca100_ward100,triviality_median_max_membership,agnews,agnews,1.0
real,vmf_pca100_ward100,triviality_frac_confident,agnews,agnews,1.0
real,vmf_pca20_lloyd100,reliability_within,agnews,agnews,0.5736772841110768
real,vmf_pca20_lloyd100,fidelity_within,agnews,agnews,0.21876198032012673
real,vmf_pca20_lloyd100,fidelity_within_r,agnews,agnews,0.46773187770360614
real,vmf_pca20_lloyd100,fidelity_within_insample,agnews,agnews,0.22027040530346742
real,vmf_pca20_lloyd100,reliability_ceiling,agnews,agnews,0.6422635881363548
real,vmf_pca20_lloyd100,triviality_ami_layer,agnews,agnews,0.1465824316302665
real,vmf_pca20_lloyd100,triviality_ami_dimension,agnews,agnews,-0.0017509182132772248
real,vmf_pca20_lloyd100,triviality_ami_hubness,agnews,agnews,0.08724564108727442
real,vmf_pca20_lloyd100,triviality_n_effective_networks,agnews,agnews,100.0
real,vmf_pca20_lloyd100,triviality_median_max_membership,agnews,agnews,0.6
real,vmf_pca20_lloyd100,triviality_frac_confident,agnews,agnews,0.6496394230769231
real,vmf_pca20_ward100,reliability_within,agnews,agnews,0.2487493028860073
real,vmf_pca20_ward100,fidelity_within,agnews,agnews,0.19687892322259304
real,vmf_pca20_ward100,fidelity_within_r,agnews,agnews,0.44372192739906224
real,vmf_pca20_ward100,fidelity_within_insample,agnews,agnews,0.1981867350769383
real,vmf_pca20_ward100,reliability_ceiling,agnews,agnews,1.0
real,vmf_pca20_ward100,triviality_ami_layer,agnews,agnews,0.13907244893141307
real,vmf_pca20_ward100,triviality_ami_dimension,agnews,agnews,-0.0003215979668350038
real,vmf_pca20_ward100,triviality_ami_hubness,agnews,agnews,0.07819990049687894
real,vmf_pca20_ward100,triviality_n_effective_networks,agnews,agnews,100.0
real,vmf_pca20_ward100,triviality_median_max_membership,agnews,agnews,1.0
real,vmf_pca20_ward100,triviality_frac_confident,agnews,agnews,1.0
real,vmf_sparse_lloyd100,reliability_within,agnews,agnews,0.6493754148689751
real,vmf_sparse_lloyd100,fidelity_within,agnews,agnews,0.1986816708905922
real,vmf_sparse_lloyd100,fidelity_within_r,agnews,agnews,0.44575094414020483
real,vmf_sparse_lloyd100,fidelity_within_insample,agnews,agnews,0.2003472593234913
real,vmf_sparse_lloyd100,reliability_ceiling,agnews,agnews,0.6193344439051612
real,vmf_sparse_lloyd100,triviality_ami_layer,agnews,agnews,0.13537725902351552
real,vmf_sparse_lloyd100,triviality_ami_dimension,agnews,agnews,-0.00011486681106214568
real,vmf_sparse_lloyd100,triviality_ami_hubness,agnews,agnews,0.07850256297439573
real,vmf_sparse_lloyd100,triviality_n_effective_networks,agnews,agnews,100.0
real,vmf_sparse_lloyd100,triviality_median_max_membership,agnews,agnews,0.6
real,vmf_sparse_lloyd100,triviality_frac_confident,agnews,agnews,0.6510416666666666
real,vmf_sparse_ward100,reliability_within,agnews,agnews,0.2857455291888863
real,vmf_sparse_ward100,fidelity_within,agnews,agnews,0.18326645991196
real,vmf_sparse_ward100,fidelity_within_r,agnews,agnews,0.42810951424995813
real,vmf_sparse_ward100,fidelity_within_insample,agnews,agnews,0.18474375588867598
real,vmf_sparse_ward100,reliability_ceiling,agnews,agnews,1.0
real,vmf_sparse_ward100,triviality_ami_layer,agnews,agnews,0.13094668242834628
real,vmf_sparse_ward100,triviality_ami_dimension,agnews,agnews,-0.0006921694015798298
real,vmf_sparse_ward100,triviality_ami_hubness,agnews,agnews,0.07444147121962637
real,vmf_sparse_ward100,triviality_n_effective_networks,agnews,agnews,100.0
real,vmf_sparse_ward100,triviality_median_max_membership,agnews,agnews,1.0
real,vmf_sparse_ward100,triviality_frac_confident,agnews,agnews,1.0
real,vmf_ward,reliability_within,agnews,agnews,0.24509228100105404
real,vmf_ward,fidelity_within,agnews,agnews,0.14316572702697528
real,vmf_ward,fidelity_within_r,agnews,agnews,0.3783873340171122
real,vmf_ward,fidelity_within_insample,agnews,agnews,0.14454028684843456
real,vmf_ward,reliability_ceiling,agnews,agnews,1.0
real,vmf_ward,triviality_ami_layer,agnews,agnews,0.12706906641021098
real,vmf_ward,triviality_ami_dimension,agnews,agnews,-0.0010605480088788381
real,vmf_ward,triviality_ami_hubness,agnews,agnews,0.06560715979322274
real,vmf_ward,triviality_n_effective_networks,agnews,agnews,50.0
real,vmf_ward,triviality_median_max_membership,agnews,agnews,1.0
real,vmf_ward,triviality_frac_confident,agnews,agnews,1.0
real,vmf_ward100,reliability_within,agnews,agnews,0.2523514641656226
real,vmf_ward100,fidelity_within,agnews,agnews,0.18936640426746776
real,vmf_ward100,fidelity_within_r,agnews,agnews,0.4351755746462992
real,vmf_ward100,fidelity_within_insample,agnews,agnews,0.19086939933847102
real,vmf_ward100,reliability_ceiling,agnews,agnews,1.0
real,vmf_ward100,triviality_ami_layer,agnews,agnews,0.13285119193763406
real,vmf_ward100,triviality_ami_dimension,agnews,agnews,-0.001144541426700197
real,vmf_ward100,triviality_ami_hubness,agnews,agnews,0.08082689664438077
real,vmf_ward100,triviality_n_effective_networks,agnews,agnews,100.0
real,vmf_ward100,triviality_median_max_membership,agnews,agnews,1.0
real,vmf_ward100,triviality_frac_confident,agnews,agnews,1.0
real,vmf_ward100_bm,reliability_within,agnews,agnews,0.4094398782011818
real,vmf_ward100_bm,fidelity_within,agnews,agnews,0.33518278303213866
real,vmf_ward100_bm,fidelity_within_r,agnews,agnews,0.5789595411956117
real,vmf_ward100_bm,fidelity_within_insample,agnews,agnews,0.3368466251018615
real,vmf_ward100_bm,reliability_ceiling,agnews,agnews,1.0
real,vmf_ward100_bm,triviality_ami_layer,agnews,agnews,0.1415179435240635
real,vmf_ward100_bm,triviality_ami_dimension,agnews,agnews,-0.0014179076222548283
real,vmf_ward100_bm,triviality_ami_hubness,agnews,agnews,0.365530366148743
real,vmf_ward100_bm,triviality_n_effective_networks,agnews,agnews,100.0
real,vmf_ward100_bm,triviality_median_max_membership,agnews,agnews,1.0
real,vmf_ward100_bm,triviality_frac_confident,agnews,agnews,1.0
real,vmf_ward100_bm_degree,reliability_within,agnews,agnews,0.42215516480739995
real,vmf_ward100_bm_degree,fidelity_within,agnews,agnews,0.28192957488284587
real,vmf_ward100_bm_degree,fidelity_within_r,agnews,agnews,0.5309815946105867
real,vmf_ward100_bm_degree,fidelity_within_insample,agnews,agnews,0.28366161865026684
real,vmf_ward100_bm_degree,reliability_ceiling,agnews,agnews,1.0
real,vmf_ward100_bm_degree,triviality_ami_layer,agnews,agnews,0.14995140419629635
real,vmf_ward100_bm_degree,triviality_ami_dimension,agnews,agnews,-0.0003691491109841149
real,vmf_ward100_bm_degree,triviality_ami_hubness,agnews,agnews,0.13525116307114618
real,vmf_ward100_bm_degree,triviality_n_effective_networks,agnews,agnews,100.0
real,vmf_ward100_bm_degree,triviality_median_max_membership,agnews,agnews,1.0
real,vmf_ward100_bm_degree,triviality_frac_confident,agnews,agnews,1.0
real,vmf_ward100_bm_double,reliability_within,agnews,agnews,0.4558943073827565
real,vmf_ward100_bm_double,fidelity_within,agnews,agnews,0.3085723180867007
real,vmf_ward100_bm_double,fidelity_within_r,agnews,agnews,0.5555029867009452
real,vmf_ward100_bm_double,fidelity_within_insample,agnews,agnews,0.3101952167164048
real,vmf_ward100_bm_double,reliability_ceiling,agnews,agnews,1.0
real,vmf_ward100_bm_double,triviality_ami_layer,agnews,agnews,0.15043405729954978
real,vmf_ward100_bm_double,triviality_ami_dimension,agnews,agnews,-0.00011703002457988504
real,vmf_ward100_bm_double,triviality_ami_hubness,agnews,agnews,0.18207660941564766
real,vmf_ward100_bm_double,triviality_n_effective_networks,agnews,agnews,100.0
real,vmf_ward100_bm_double,triviality_median_max_membership,agnews,agnews,1.0
real,vmf_ward100_bm_double,triviality_frac_confident,agnews,agnews,1.0
real,vmf_ward150,reliability_within,agnews,agnews,0.2719392501732699
real,vmf_ward150,fidelity_within,agnews,agnews,0.2100295914958379
real,vmf_ward150,fidelity_within_r,agnews,agnews,0.4583029793478131
real,vmf_ward150,fidelity_within_insample,agnews,agnews,0.21168419260161953
real,vmf_ward150,reliability_ceiling,agnews,agnews,1.0
real,vmf_ward150,triviality_ami_layer,agnews,agnews,0.1362295835212814
real,vmf_ward150,triviality_ami_dimension,agnews,agnews,-0.001251540908106433
real,vmf_ward150,triviality_ami_hubness,agnews,agnews,0.08605260653072179
real,vmf_ward150,triviality_n_effective_networks,agnews,agnews,150.0
real,vmf_ward150,triviality_median_max_membership,agnews,agnews,1.0
real,vmf_ward150,triviality_frac_confident,agnews,agnews,1.0
real,vmf_ward200,reliability_within,agnews,agnews,0.26142701318444095
real,vmf_ward200,fidelity_within,agnews,agnews,0.22672439865148553
real,vmf_ward200,fidelity_within_r,agnews,agnews,0.47616969620495286
real,vmf_ward200,fidelity_within_insample,agnews,agnews,0.22860663867232844
real,vmf_ward200,reliability_ceiling,agnews,agnews,1.0
real,vmf_ward200,triviality_ami_layer,agnews,agnews,0.13925505739742208
real,vmf_ward200,triviality_ami_dimension,agnews,agnews,-0.001255210150370413
real,vmf_ward200,triviality_ami_hubness,agnews,agnews,0.08877833797057912
real,vmf_ward200,triviality_n_effective_networks,agnews,agnews,200.0
real,vmf_ward200,triviality_median_max_membership,agnews,agnews,1.0
real,vmf_ward200,triviality_frac_confident,agnews,agnews,1.0
real,vmf_wardlloyd100,reliability_within,agnews,agnews,0.4355060847873687
real,vmf_wardlloyd100,fidelity_within,agnews,agnews,0.21466250638031315
real,vmf_wardlloyd100,fidelity_within_r,agnews,agnews,0.46332760420442404
real,vmf_wardlloyd100,fidelity_within_insample,agnews,agnews,0.21593854507180943
real,vmf_wardlloyd100,reliability_ceiling,agnews,agnews,1.0
real,vmf_wardlloyd100,triviality_ami_layer,agnews,agnews,0.1472908228357862
real,vmf_wardlloyd100,triviality_ami_dimension,agnews,agnews,-0.0015417346033353642
real,vmf_wardlloyd100,triviality_ami_hubness,agnews,agnews,0.08897893005852892
real,vmf_wardlloyd100,triviality_n_effective_networks,agnews,agnews,100.0
real,vmf_wardlloyd100,triviality_median_max_membership,agnews,agnews,1.0
real,vmf_wardlloyd100,triviality_frac_confident,agnews,agnews,1.0
real,(ceiling),fidelity_within,tldr17,tldr17,0.9689455331062399
real,(ceiling),fidelity_within_r,tldr17,tldr17,0.9844730379099202
real,vmf_lloyd100,reliability_within,tldr17,tldr17,0.5650070143432462
real,vmf_lloyd100,fidelity_within,tldr17,tldr17,0.18839453198244027
real,vmf_lloyd100,fidelity_within_r,tldr17,tldr17,0.434053706836408
real,vmf_lloyd100,fidelity_within_insample,tldr17,tldr17,0.1904860096195612
real,vmf_lloyd100,reliability_ceiling,tldr17,tldr17,0.5589995198673333
real,vmf_lloyd100,triviality_ami_layer,tldr17,tldr17,0.1368870012589327
real,vmf_lloyd100,triviality_ami_dimension,tldr17,tldr17,-1.0717836394110843e-06
real,vmf_lloyd100,triviality_ami_hubness,tldr17,tldr17,0.06403659865696355
real,vmf_lloyd100,triviality_n_effective_networks,tldr17,tldr17,100.0
real,vmf_lloyd100,triviality_median_max_membership,tldr17,tldr17,0.525
real,vmf_lloyd100,triviality_frac_confident,tldr17,tldr17,0.5360576923076923
real,vmf_pca100_lloyd100,reliability_within,tldr17,tldr17,0.6120576567999904
real,vmf_pca100_lloyd100,fidelity_within,tldr17,tldr17,0.19834787001759746
real,vmf_pca100_lloyd100,fidelity_within_r,tldr17,tldr17,0.44537266747529675
real,vmf_pca100_lloyd100,fidelity_within_insample,tldr17,tldr17,0.20065103677247675
real,vmf_pca100_lloyd100,reliability_ceiling,tldr17,tldr17,0.619164001910178
real,vmf_pca100_lloyd100,triviality_ami_layer,tldr17,tldr17,0.13658954684502264
real,vmf_pca100_lloyd100,triviality_ami_dimension,tldr17,tldr17,-0.0004916517929506466
real,vmf_pca100_lloyd100,triviality_ami_hubness,tldr17,tldr17,0.06757185536109835
real,vmf_pca100_lloyd100,triviality_n_effective_networks,tldr17,tldr17,100.0
real,vmf_pca100_lloyd100,triviality_median_max_membership,tldr17,tldr17,0.6
real,vmf_pca100_lloyd100,triviality_frac_confident,tldr17,tldr17,0.6206931089743589
real,vmf_pca100_ward100,reliability_within,tldr17,tldr17,0.23985941904771843
real,vmf_pca100_ward100,fidelity_within,tldr17,tldr17,0.1805927134127322
real,vmf_pca100_ward100,fidelity_within_r,tldr17,tldr17,0.42497008495127897
real,vmf_pca100_ward100,fidelity_within_insample,tldr17,tldr17,0.1824033651515664
real,vmf_pca100_ward100,reliability_ceiling,tldr17,tldr17,1.0
real,vmf_pca100_ward100,triviality_ami_layer,tldr17,tldr17,0.12757323427553421
real,vmf_pca100_ward100,triviality_ami_dimension,tldr17,tldr17,0.00014323222764330872
real,vmf_pca100_ward100,triviality_ami_hubness,tldr17,tldr17,0.06547616361283826
real,vmf_pca100_ward100,triviality_n_effective_networks,tldr17,tldr17,100.0
real,vmf_pca100_ward100,triviality_median_max_membership,tldr17,tldr17,1.0
real,vmf_pca100_ward100,triviality_frac_confident,tldr17,tldr17,1.0
real,vmf_pca20_lloyd100,reliability_within,tldr17,tldr17,0.5611841927204542
real,vmf_pca20_lloyd100,fidelity_within,tldr17,tldr17,0.20986084741500854
real,vmf_pca20_lloyd100,fidelity_within_r,tldr17,tldr17,0.4581164662912832
real,vmf_pca20_lloyd100,fidelity_within_insample,tldr17,tldr17,0.21239014022037284
real,vmf_pca20_lloyd100,reliability_ceiling,tldr17,tldr17,0.6563435976758181
real,vmf_pca20_lloyd100,triviality_ami_layer,tldr17,tldr17,0.14395326411167236
real,vmf_pca20_lloyd100,triviality_ami_dimension,tldr17,tldr17,-0.00015504074262822257
real,vmf_pca20_lloyd100,triviality_ami_hubness,tldr17,tldr17,0.06929795800038571
real,vmf_pca20_lloyd100,triviality_n_effective_networks,tldr17,tldr17,100.0
real,vmf_pca20_lloyd100,triviality_median_max_membership,tldr17,tldr17,0.6
real,vmf_pca20_lloyd100,triviality_frac_confident,tldr17,tldr17,0.6640625
real,vmf_pca20_ward100,reliability_within,tldr17,tldr17,0.24543285755106256
real,vmf_pca20_ward100,fidelity_within,tldr17,tldr17,0.19551444198484957
real,vmf_pca20_ward100,fidelity_within_r,tldr17,tldr17,0.44218255798004785
real,vmf_pca20_ward100,fidelity_within_insample,tldr17,tldr17,0.19813435621211062
real,vmf_pca20_ward100,reliability_ceiling,tldr17,tldr17,1.0
real,vmf_pca20_ward100,triviality_ami_layer,tldr17,tldr17,0.13435039957337158
real,vmf_pca20_ward100,triviality_ami_dimension,tldr17,tldr17,-0.0004876039353518145
real,vmf_pca20_ward100,triviality_ami_hubness,tldr17,tldr17,0.07075989085509068
real,vmf_pca20_ward100,triviality_n_effective_networks,tldr17,tldr17,100.0
real,vmf_pca20_ward100,triviality_median_max_membership,tldr17,tldr17,1.0
real,vmf_pca20_ward100,triviality_frac_confident,tldr17,tldr17,1.0
real,vmf_sparse_lloyd100,reliability_within,tldr17,tldr17,0.6058692643232073
real,vmf_sparse_lloyd100,fidelity_within,tldr17,tldr17,0.18730366441576185
real,vmf_sparse_lloyd100,fidelity_within_r,tldr17,tldr17,0.43279501580929364
real,vmf_sparse_lloyd100,fidelity_within_insample,tldr17,tldr17,0.18934660684461846
real,vmf_sparse_lloyd100,reliability_ceiling,tldr17,tldr17,0.6588782725795929
real,vmf_sparse_lloyd100,triviality_ami_layer,tldr17,tldr17,0.1321045733351445
real,vmf_sparse_lloyd100,triviality_ami_dimension,tldr17,tldr17,-0.00028299606014393653
real,vmf_sparse_lloyd100,triviality_ami_hubness,tldr17,tldr17,0.0650949119026285
real,vmf_sparse_lloyd100,triviality_n_effective_networks,tldr17,tldr17,100.0
real,vmf_sparse_lloyd100,triviality_median_max_membership,tldr17,tldr17,0.575
real,vmf_sparse_lloyd100,triviality_frac_confident,tldr17,tldr17,0.6069711538461539
real,vmf_sparse_ward100,reliability_within,tldr17,tldr17,0.24244257418333884
real,vmf_sparse_ward100,fidelity_within,tldr17,tldr17,0.18171223443353013
real,vmf_sparse_ward100,fidelity_within_r,tldr17,tldr17,0.4262860469013165
real,vmf_sparse_ward100,fidelity_within_insample,tldr17,tldr17,0.18366734478036473
real,vmf_sparse_ward100,reliability_ceiling,tldr17,tldr17,1.0
real,vmf_sparse_ward100,triviality_ami_layer,tldr17,tldr17,0.12335898540432609
real,vmf_sparse_ward100,triviality_ami_dimension,tldr17,tldr17,-0.00025177721206562554
real,vmf_sparse_ward100,triviality_ami_hubness,tldr17,tldr17,0.07189164892236867
real,vmf_sparse_ward100,triviality_n_effective_networks,tldr17,tldr17,100.0
real,vmf_sparse_ward100,triviality_median_max_membership,tldr17,tldr17,1.0
real,vmf_sparse_ward100,triviality_frac_confident,tldr17,tldr17,1.0
real,vmf_ward,reliability_within,tldr17,tldr17,0.19797109082953507
real,vmf_ward,fidelity_within,tldr17,tldr17,0.14366023277927897
real,vmf_ward,fidelity_within_r,tldr17,tldr17,0.3790369071023376
real,vmf_ward,fidelity_within_insample,tldr17,tldr17,0.1455891956404255
real,vmf_ward,reliability_ceiling,tldr17,tldr17,1.0
real,vmf_ward,triviality_ami_layer,tldr17,tldr17,0.12284020213592288
real,vmf_ward,triviality_ami_dimension,tldr17,tldr17,-0.002186010595455407
real,vmf_ward,triviality_ami_hubness,tldr17,tldr17,0.06006215072670228
real,vmf_ward,triviality_n_effective_networks,tldr17,tldr17,50.0
real,vmf_ward,triviality_median_max_membership,tldr17,tldr17,1.0
real,vmf_ward,triviality_frac_confident,tldr17,tldr17,1.0
real,vmf_ward100,reliability_within,tldr17,tldr17,0.207846140491942
real,vmf_ward100,fidelity_within,tldr17,tldr17,0.1823385858660742
real,vmf_ward100,fidelity_within_r,tldr17,tldr17,0.4270203277901909
real,vmf_ward100,fidelity_within_insample,tldr17,tldr17,0.18433789840873394
real,vmf_ward100,reliability_ceiling,tldr17,tldr17,1.0
real,vmf_ward100,triviality_ami_layer,tldr17,tldr17,0.12697779458834205
real,vmf_ward100,triviality_ami_dimension,tldr17,tldr17,-0.0015136441750543967
real,vmf_ward100,triviality_ami_hubness,tldr17,tldr17,0.0697147635351315
real,vmf_ward100,triviality_n_effective_networks,tldr17,tldr17,100.0
real,vmf_ward100,triviality_median_max_membership,tldr17,tldr17,1.0
real,vmf_ward100,triviality_frac_confident,tldr17,tldr17,1.0
real,vmf_ward100_bm,reliability_within,tldr17,tldr17,0.39438949702024867
real,vmf_ward100_bm,fidelity_within,tldr17,tldr17,0.3516404824838574
real,vmf_ward100_bm,fidelity_within_r,tldr17,tldr17,0.5930016704502895
real,vmf_ward100_bm,fidelity_within_insample,tldr17,tldr17,0.35505975735149586
real,vmf_ward100_bm,reliability_ceiling,tldr17,tldr17,1.0
real,vmf_ward100_bm,triviality_ami_layer,tldr17,tldr17,0.12832012825169237
real,vmf_ward100_bm,triviality_ami_dimension,tldr17,tldr17,-0.0007788937352119791
real,vmf_ward100_bm,triviality_ami_hubness,tldr17,tldr17,0.3817132379311754
real,vmf_ward100_bm,triviality_n_effective_networks,tldr17,tldr17,100.0
real,vmf_ward100_bm,triviality_median_max_membership,tldr17,tldr17,1.0
real,vmf_ward100_bm,triviality_frac_confident,tldr17,tldr17,1.0
real,vmf_ward100_bm_degree,reliability_within,tldr17,tldr17,0.34018604480402626
real,vmf_ward100_bm_degree,fidelity_within,tldr17,tldr17,0.29009879162759933
real,vmf_ward100_bm_degree,fidelity_within_r,tldr17,tldr17,0.5386195192044414
real,vmf_ward100_bm_degree,fidelity_within_insample,tldr17,tldr17,0.2935132952315185
real,vmf_ward100_bm_degree,reliability_ceiling,tldr17,tldr17,1.0
real,vmf_ward100_bm_degree,triviality_ami_layer,tldr17,tldr17,0.14115726910297507
real,vmf_ward100_bm_degree,triviality_ami_dimension,tldr17,tldr17,-0.0012590119361902794
real,vmf_ward100_bm_degree,triviality_ami_hubness,tldr17,tldr17,0.12462356241138557
real,vmf_ward100_bm_degree,triviality_n_effective_networks,tldr17,tldr17,100.0
real,vmf_ward100_bm_degree,triviality_median_max_membership,tldr17,tldr17,1.0
real,vmf_ward100_bm_degree,triviality_frac_confident,tldr17,tldr17,1.0
real,vmf_ward100_bm_double,reliability_within,tldr17,tldr17,0.38512541042731857
real,vmf_ward100_bm_double,fidelity_within,tldr17,tldr17,0.3220210314301212
real,vmf_ward100_bm_double,fidelity_within_r,tldr17,tldr17,0.5674802694671792
real,vmf_ward100_bm_double,fidelity_within_insample,tldr17,tldr17,0.32573361075772767
real,vmf_ward100_bm_double,reliability_ceiling,tldr17,tldr17,1.0
real,vmf_ward100_bm_double,triviality_ami_layer,tldr17,tldr17,0.13955637281736027
real,vmf_ward100_bm_double,triviality_ami_dimension,tldr17,tldr17,-0.0003877990289340095
real,vmf_ward100_bm_double,triviality_ami_hubness,tldr17,tldr17,0.18626288009071915
real,vmf_ward100_bm_double,triviality_n_effective_networks,tldr17,tldr17,100.0
real,vmf_ward100_bm_double,triviality_median_max_membership,tldr17,tldr17,1.0
real,vmf_ward100_bm_double,triviality_frac_confident,tldr17,tldr17,1.0
real,vmf_ward150,reliability_within,tldr17,tldr17,0.22927943108697785
real,vmf_ward150,fidelity_within,tldr17,tldr17,0.20575505446044595
real,vmf_ward150,fidelity_within_r,tldr17,tldr17,0.45361342105999597
real,vmf_ward150,fidelity_within_insample,tldr17,tldr17,0.20829836723043182
real,vmf_ward150,reliability_ceiling,tldr17,tldr17,1.0
real,vmf_ward150,triviality_ami_layer,tldr17,tldr17,0.1290092695001555
real,vmf_ward150,triviality_ami_dimension,tldr17,tldr17,-0.0008959811914224684
real,vmf_ward150,triviality_ami_hubness,tldr17,tldr17,0.07576533637007805
real,vmf_ward150,triviality_n_effective_networks,tldr17,tldr17,150.0
real,vmf_ward150,triviality_median_max_membership,tldr17,tldr17,1.0
real,vmf_ward150,triviality_frac_confident,tldr17,tldr17,1.0
real,vmf_ward200,reliability_within,tldr17,tldr17,0.24944810045603666
real,vmf_ward200,fidelity_within,tldr17,tldr17,0.2271219913932918
real,vmf_ward200,fidelity_within_r,tldr17,tldr17,0.47658260172154987
real,vmf_ward200,fidelity_within_insample,tldr17,tldr17,0.22959529017366698
real,vmf_ward200,reliability_ceiling,tldr17,tldr17,1.0
real,vmf_ward200,triviality_ami_layer,tldr17,tldr17,0.12897972741160033
real,vmf_ward200,triviality_ami_dimension,tldr17,tldr17,-0.0007335240469026101
real,vmf_ward200,triviality_ami_hubness,tldr17,tldr17,0.07943188786966758
real,vmf_ward200,triviality_n_effective_networks,tldr17,tldr17,200.0
real,vmf_ward200,triviality_median_max_membership,tldr17,tldr17,1.0
real,vmf_ward200,triviality_frac_confident,tldr17,tldr17,1.0
real,vmf_wardlloyd100,reliability_within,tldr17,tldr17,0.3947453520447373
real,vmf_wardlloyd100,fidelity_within,tldr17,tldr17,0.20356023265633005
real,vmf_wardlloyd100,fidelity_within_r,tldr17,tldr17,0.4511868746504079
real,vmf_wardlloyd100,fidelity_within_insample,tldr17,tldr17,0.20596792206499814
real,vmf_wardlloyd100,reliability_ceiling,tldr17,tldr17,1.0
real,vmf_wardlloyd100,triviality_ami_layer,tldr17,tldr17,0.1364906512862432
real,vmf_wardlloyd100,triviality_ami_dimension,tldr17,tldr17,-0.00026307581355057466
real,vmf_wardlloyd100,triviality_ami_hubness,tldr17,tldr17,0.07000802311748408
real,vmf_wardlloyd100,triviality_n_effective_networks,tldr17,tldr17,100.0
real,vmf_wardlloyd100,triviality_median_max_membership,tldr17,tldr17,1.0
real,vmf_wardlloyd100,triviality_frac_confident,tldr17,tldr17,1.0
real,(ceiling),fidelity_across,wikitext,bookcorpus,0.5146824247143202
real,vmf_lloyd100,fidelity_across,wikitext,bookcorpus,0.2822849178501693
real,vmf_lloyd100,reliability_across,wikitext,bookcorpus,0.09888352994548322
real,vmf_pca100_lloyd100,fidelity_across,wikitext,bookcorpus,0.2939033909057514
real,vmf_pca100_lloyd100,reliability_across,wikitext,bookcorpus,0.09214348557989765
real,vmf_pca100_ward100,fidelity_across,wikitext,bookcorpus,0.2821201346878783
real,vmf_pca100_ward100,reliability_across,wikitext,bookcorpus,0.06219703609324261
real,vmf_pca20_lloyd100,fidelity_across,wikitext,bookcorpus,0.2932962886567875
real,vmf_pca20_lloyd100,reliability_across,wikitext,bookcorpus,0.0673222087510095
real,vmf_pca20_ward100,fidelity_across,wikitext,bookcorpus,0.2822671678421058
real,vmf_pca20_ward100,reliability_across,wikitext,bookcorpus,0.05147628471524424
real,vmf_sparse_lloyd100,fidelity_across,wikitext,bookcorpus,0.276930447728694
real,vmf_sparse_lloyd100,reliability_across,wikitext,bookcorpus,0.10411759682327547
real,vmf_sparse_ward100,fidelity_across,wikitext,bookcorpus,0.29085409745297364
real,vmf_sparse_ward100,reliability_across,wikitext,bookcorpus,0.06110321420658813
real,vmf_ward,fidelity_across,wikitext,bookcorpus,0.2599472506384288
real,vmf_ward,reliability_across,wikitext,bookcorpus,0.057038032553290804
real,vmf_ward100,fidelity_across,wikitext,bookcorpus,0.28347040312814564
real,vmf_ward100,reliability_across,wikitext,bookcorpus,0.05601260856941833
real,vmf_ward100_bm,fidelity_across,wikitext,bookcorpus,0.41613175960165155
real,vmf_ward100_bm,reliability_across,wikitext,bookcorpus,0.07533676363081183
real,vmf_ward100_bm_degree,fidelity_across,wikitext,bookcorpus,0.3649687051676745
real,vmf_ward100_bm_degree,reliability_across,wikitext,bookcorpus,0.05756078529656739
real,vmf_ward100_bm_double,fidelity_across,wikitext,bookcorpus,0.38922657421408174
real,vmf_ward100_bm_double,reliability_across,wikitext,bookcorpus,0.06716549304237393
real,vmf_ward150,fidelity_across,wikitext,bookcorpus,0.2952496172381468
real,vmf_ward150,reliability_across,wikitext,bookcorpus,0.054517521513944914
real,vmf_ward200,fidelity_across,wikitext,bookcorpus,0.30455337309203917
real,vmf_ward200,reliability_across,wikitext,bookcorpus,0.057893248845966895
real,vmf_wardlloyd100,fidelity_across,wikitext,bookcorpus,0.29394357900282353
real,vmf_wardlloyd100,reliability_across,wikitext,bookcorpus,0.07706623398696297
real,(ceiling),fidelity_across,wikitext,agnews,0.6028882879939187
real,vmf_lloyd100,fidelity_across,wikitext,agnews,0.3095888122897453
real,vmf_lloyd100,reliability_across,wikitext,agnews,0.14516090285024216
real,vmf_pca100_lloyd100,fidelity_across,wikitext,agnews,0.312856513207722
real,vmf_pca100_lloyd100,reliability_across,wikitext,agnews,0.13125764062919165
real,vmf_pca100_ward100,fidelity_across,wikitext,agnews,0.30493768669894833
real,vmf_pca100_ward100,reliability_across,wikitext,agnews,0.08887114413042543
real,vmf_pca20_lloyd100,fidelity_across,wikitext,agnews,0.3156477741916103
real,vmf_pca20_lloyd100,reliability_across,wikitext,agnews,0.10385926127092737
real,vmf_pca20_ward100,fidelity_across,wikitext,agnews,0.3068621582874066
real,vmf_pca20_ward100,reliability_across,wikitext,agnews,0.07371617140178796
real,vmf_sparse_lloyd100,fidelity_across,wikitext,agnews,0.30252480599712445
real,vmf_sparse_lloyd100,reliability_across,wikitext,agnews,0.15173989784017505
real,vmf_sparse_ward100,fidelity_across,wikitext,agnews,0.3100014875210666
real,vmf_sparse_ward100,reliability_across,wikitext,agnews,0.08160522394065019
real,vmf_ward,fidelity_across,wikitext,agnews,0.2778008109096772
real,vmf_ward,reliability_across,wikitext,agnews,0.08825506539492205
real,vmf_ward100,fidelity_across,wikitext,agnews,0.3026148512597872
real,vmf_ward100,reliability_across,wikitext,agnews,0.07777230612900107
real,vmf_ward100_bm,fidelity_across,wikitext,agnews,0.43033355438508186
real,vmf_ward100_bm,reliability_across,wikitext,agnews,0.11164654928530597
real,vmf_ward100_bm_degree,fidelity_across,wikitext,agnews,0.3786295560490178
real,vmf_ward100_bm_degree,reliability_across,wikitext,agnews,0.10273373141141062
real,vmf_ward100_bm_double,fidelity_across,wikitext,agnews,0.4012068103804286
real,vmf_ward100_bm_double,reliability_across,wikitext,agnews,0.1129775073975707
real,vmf_ward150,fidelity_across,wikitext,agnews,0.3171521681053184
real,vmf_ward150,reliability_across,wikitext,agnews,0.08160125833950972
real,vmf_ward200,fidelity_across,wikitext,agnews,0.32606254558292447
real,vmf_ward200,reliability_across,wikitext,agnews,0.08611854886590298
real,vmf_wardlloyd100,fidelity_across,wikitext,agnews,0.3151738761401453
real,vmf_wardlloyd100,reliability_across,wikitext,agnews,0.1101947235342865
real,(ceiling),fidelity_across,wikitext,tldr17,0.5347199290001461
real,vmf_lloyd100,fidelity_across,wikitext,tldr17,0.2722115755241206
real,vmf_lloyd100,reliability_across,wikitext,tldr17,0.09782625926188265
real,vmf_pca100_lloyd100,fidelity_across,wikitext,tldr17,0.27653094762738784
real,vmf_pca100_lloyd100,reliability_across,wikitext,tldr17,0.09321485297690137
real,vmf_pca100_ward100,fidelity_across,wikitext,tldr17,0.26967471548244004
real,vmf_pca100_ward100,reliability_across,wikitext,tldr17,0.0679627184538055
real,vmf_pca20_lloyd100,fidelity_across,wikitext,tldr17,0.27542934946269415
real,vmf_pca20_lloyd100,reliability_across,wikitext,tldr17,0.06806627990098012
real,vmf_pca20_ward100,fidelity_across,wikitext,tldr17,0.27013155861163113
real,vmf_pca20_ward100,reliability_across,wikitext,tldr17,0.051744419697575664
real,vmf_sparse_lloyd100,fidelity_across,wikitext,tldr17,0.26877113511061734
real,vmf_sparse_lloyd100,reliability_across,wikitext,tldr17,0.10227295877283511
real,vmf_sparse_ward100,fidelity_across,wikitext,tldr17,0.2789480958066045
real,vmf_sparse_ward100,reliability_across,wikitext,tldr17,0.0656427534387727
real,vmf_ward,fidelity_across,wikitext,tldr17,0.25123272574758093
real,vmf_ward,reliability_across,wikitext,tldr17,0.06161198097604804
real,vmf_ward100,fidelity_across,wikitext,tldr17,0.2683893431134706
real,vmf_ward100,reliability_across,wikitext,tldr17,0.06223186269762504
real,vmf_ward100_bm,fidelity_across,wikitext,tldr17,0.3927829407714378
real,vmf_ward100_bm,reliability_across,wikitext,tldr17,0.08011293113525104
real,vmf_ward100_bm_degree,fidelity_across,wikitext,tldr17,0.338246756797915
real,vmf_ward100_bm_degree,reliability_across,wikitext,tldr17,0.06606143680334292
real,vmf_ward100_bm_double,fidelity_across,wikitext,tldr17,0.3608062681888284
real,vmf_ward100_bm_double,reliability_across,wikitext,tldr17,0.0703694853311322
real,vmf_ward150,fidelity_across,wikitext,tldr17,0.28180822356837404
real,vmf_ward150,reliability_across,wikitext,tldr17,0.057921815025513364
real,vmf_ward200,fidelity_across,wikitext,tldr17,0.28967147543555194
real,vmf_ward200,reliability_across,wikitext,tldr17,0.062034119577918316
real,vmf_wardlloyd100,fidelity_across,wikitext,tldr17,0.2774495970959837
real,vmf_wardlloyd100,reliability_across,wikitext,tldr17,0.08311019095771488
real,(ceiling),fidelity_across,bookcorpus,wikitext,0.5146824247143202
real,vmf_lloyd100,fidelity_across,bookcorpus,wikitext,0.2746418259412222
real,vmf_lloyd100,reliability_across,bookcorpus,wikitext,0.09888352994548322
real,vmf_pca100_lloyd100,fidelity_across,bookcorpus,wikitext,0.275293370262569
real,vmf_pca100_lloyd100,reliability_across,bookcorpus,wikitext,0.09214348557989765
real,vmf_pca100_ward100,fidelity_across,bookcorpus,wikitext,0.26187452404904127
real,vmf_pca100_ward100,reliability_across,bookcorpus,wikitext,0.06219703609324261
real,vmf_pca20_lloyd100,fidelity_across,bookcorpus,wikitext,0.28061683839279855
real,vmf_pca20_lloyd100,reliability_across,bookcorpus,wikitext,0.0673222087510095
real,vmf_pca20_ward100,fidelity_across,bookcorpus,wikitext,0.27385679983113453
real,vmf_pca20_ward100,reliability_across,bookcorpus,wikitext,0.05147628471524424
real,vmf_sparse_lloyd100,fidelity_across,bookcorpus,wikitext,0.2744752747980491
real,vmf_sparse_lloyd100,reliability_across,bookcorpus,wikitext,0.10411759682327547
real,vmf_sparse_ward100,fidelity_across,bookcorpus,wikitext,0.2693063588029857
real,vmf_sparse_ward100,reliability_across,bookcorpus,wikitext,0.06110321420658813
real,vmf_ward,fidelity_across,bookcorpus,wikitext,0.26131597585208577
real,vmf_ward,reliability_across,bookcorpus,wikitext,0.057038032553290804
real,vmf_ward100,fidelity_across,bookcorpus,wikitext,0.276279824800871
real,vmf_ward100,reliability_across,bookcorpus,wikitext,0.05601260856941833
real,vmf_ward100_bm,fidelity_across,bookcorpus,wikitext,0.3911584982706043
real,vmf_ward100_bm,reliability_across,bookcorpus,wikitext,0.07533676363081183
real,vmf_ward100_bm_degree,fidelity_across,bookcorpus,wikitext,0.3491730417552107
real,vmf_ward100_bm_degree,reliability_across,bookcorpus,wikitext,0.05756078529656739
real,vmf_ward100_bm_double,fidelity_across,bookcorpus,wikitext,0.36651553083644367
real,vmf_ward100_bm_double,reliability_across,bookcorpus,wikitext,0.06716549304237393
real,vmf_ward150,fidelity_across,bookcorpus,wikitext,0.283606409670924
real,vmf_ward150,reliability_across,bookcorpus,wikitext,0.054517521513944914
real,vmf_ward200,fidelity_across,bookcorpus,wikitext,0.2902512324190309
real,vmf_ward200,reliability_across,bookcorpus,wikitext,0.057893248845966895
real,vmf_wardlloyd100,fidelity_across,bookcorpus,wikitext,0.27539241659899
real,vmf_wardlloyd100,reliability_across,bookcorpus,wikitext,0.07706623398696297
real,(ceiling),fidelity_across,bookcorpus,agnews,0.389288831614382
real,vmf_lloyd100,fidelity_across,bookcorpus,agnews,0.20297210101469618
real,vmf_lloyd100,reliability_across,bookcorpus,agnews,0.06741927709368162
real,vmf_pca100_lloyd100,fidelity_across,bookcorpus,agnews,0.2021031807454427
real,vmf_pca100_lloyd100,reliability_across,bookcorpus,agnews,0.06944071274466335
real,vmf_pca100_ward100,fidelity_across,bookcorpus,agnews,0.19342885501470303
real,vmf_pca100_ward100,reliability_across,bookcorpus,agnews,0.04741771785319839
real,vmf_pca20_lloyd100,fidelity_across,bookcorpus,agnews,0.20044657505629102
real,vmf_pca20_lloyd100,reliability_across,bookcorpus,agnews,0.04920299977654141
real,vmf_pca20_ward100,fidelity_across,bookcorpus,agnews,0.194418414778475
real,vmf_pca20_ward100,reliability_across,bookcorpus,agnews,0.04451282173089123
real,vmf_sparse_lloyd100,fidelity_across,bookcorpus,agnews,0.20599444944546152
real,vmf_sparse_lloyd100,reliability_across,bookcorpus,agnews,0.07371429807119946
real,vmf_sparse_ward100,fidelity_across,bookcorpus,agnews,0.2033049632816715
real,vmf_sparse_ward100,reliability_across,bookcorpus,agnews,0.053877599653659174
real,vmf_ward,fidelity_across,bookcorpus,agnews,0.19124274109045608
real,vmf_ward,reliability_across,bookcorpus,agnews,0.04380717368395094
real,vmf_ward100,fidelity_across,bookcorpus,agnews,0.20414556738103184
real,vmf_ward100,reliability_across,bookcorpus,agnews,0.04253856208018715
real,vmf_ward100_bm,fidelity_across,bookcorpus,agnews,0.29619065455148974
real,vmf_ward100_bm,reliability_across,bookcorpus,agnews,0.052862916285120805
real,vmf_ward100_bm_degree,fidelity_across,bookcorpus,agnews,0.25469078857441524
real,vmf_ward100_bm_degree,reliability_across,bookcorpus,agnews,0.04034477018847921
real,vmf_ward100_bm_double,fidelity_across,bookcorpus,agnews,0.26972164384498876
real,vmf_ward100_bm_double,reliability_across,bookcorpus,agnews,0.0489222397387334
real,vmf_ward150,fidelity_across,bookcorpus,agnews,0.21131574956484006
real,vmf_ward150,reliability_across,bookcorpus,agnews,0.043968517182857915
real,vmf_ward200,fidelity_across,bookcorpus,agnews,0.2166328594664297
real,vmf_ward200,reliability_across,bookcorpus,agnews,0.045447798236233634
real,vmf_wardlloyd100,fidelity_across,bookcorpus,agnews,0.20170259939909468
real,vmf_wardlloyd100,reliability_across,bookcorpus,agnews,0.05627961933322136
real,(ceiling),fidelity_across,bookcorpus,tldr17,0.5805991218137924
real,vmf_lloyd100,fidelity_across,bookcorpus,tldr17,0.2606917727647127
real,vmf_lloyd100,reliability_across,bookcorpus,tldr17,0.12187591663445743
real,vmf_pca100_lloyd100,fidelity_across,bookcorpus,tldr17,0.2621424082131897
real,vmf_pca100_lloyd100,reliability_across,bookcorpus,tldr17,0.1269226537652286
real,vmf_pca100_ward100,fidelity_across,bookcorpus,tldr17,0.2470176881661183
real,vmf_pca100_ward100,reliability_across,bookcorpus,tldr17,0.07167156027529756
real,vmf_pca20_lloyd100,fidelity_across,bookcorpus,tldr17,0.25817578712401634
real,vmf_pca20_lloyd100,reliability_across,bookcorpus,tldr17,0.08123071250605035
real,vmf_pca20_ward100,fidelity_across,bookcorpus,tldr17,0.25257918231151255
real,vmf_pca20_ward100,reliability_across,bookcorpus,tldr17,0.06125897615427165
real,vmf_sparse_lloyd100,fidelity_across,bookcorpus,tldr17,0.26331806927610785
real,vmf_sparse_lloyd100,reliability_across,bookcorpus,tldr17,0.12525181726569665
real,vmf_sparse_ward100,fidelity_across,bookcorpus,tldr17,0.26272883328289337
real,vmf_sparse_ward100,reliability_across,bookcorpus,tldr17,0.0814729800499159
real,vmf_ward,fidelity_across,bookcorpus,tldr17,0.2384001894972738
real,vmf_ward,reliability_across,bookcorpus,tldr17,0.06523263267001586
real,vmf_ward100,fidelity_across,bookcorpus,tldr17,0.2590425191060016
real,vmf_ward100,reliability_across,bookcorpus,tldr17,0.06821797070652959
real,vmf_ward100_bm,fidelity_across,bookcorpus,tldr17,0.3812506843871252
real,vmf_ward100_bm,reliability_across,bookcorpus,tldr17,0.0911773336017395
real,vmf_ward100_bm_degree,fidelity_across,bookcorpus,tldr17,0.33102873513490816
real,vmf_ward100_bm_degree,reliability_across,bookcorpus,tldr17,0.07112793623743326
real,vmf_ward100_bm_double,fidelity_across,bookcorpus,tldr17,0.349076912592324
real,vmf_ward100_bm_double,reliability_across,bookcorpus,tldr17,0.07594737609169742
real,vmf_ward150,fidelity_across,bookcorpus,tldr17,0.2690380372313814
real,vmf_ward150,reliability_across,bookcorpus,tldr17,0.06823824017274487
real,vmf_ward200,fidelity_across,bookcorpus,tldr17,0.27817053995723645
real,vmf_ward200,reliability_across,bookcorpus,tldr17,0.07180586351517458
real,vmf_wardlloyd100,fidelity_across,bookcorpus,tldr17,0.2610368867834476
real,vmf_wardlloyd100,reliability_across,bookcorpus,tldr17,0.10050525303811479
real,(ceiling),fidelity_across,agnews,wikitext,0.6028882879939186
real,vmf_lloyd100,fidelity_across,agnews,wikitext,0.3431979409694964
real,vmf_lloyd100,reliability_across,agnews,wikitext,0.14516090285024216
real,vmf_pca100_lloyd100,fidelity_across,agnews,wikitext,0.3492526939249705
real,vmf_pca100_lloyd100,reliability_across,agnews,wikitext,0.13125764062919165
real,vmf_pca100_ward100,fidelity_across,agnews,wikitext,0.334503660065865
real,vmf_pca100_ward100,reliability_across,agnews,wikitext,0.08887114413042543
real,vmf_pca20_lloyd100,fidelity_across,agnews,wikitext,0.3573890760483678
real,vmf_pca20_lloyd100,reliability_across,agnews,wikitext,0.10385926127092737
real,vmf_pca20_ward100,fidelity_across,agnews,wikitext,0.3483085317735316
real,vmf_pca20_ward100,reliability_across,agnews,wikitext,0.07371617140178796
real,vmf_sparse_lloyd100,fidelity_across,agnews,wikitext,0.3377167398490081
real,vmf_sparse_lloyd100,reliability_across,agnews,wikitext,0.15173989784017505
real,vmf_sparse_ward100,fidelity_across,agnews,wikitext,0.3344445733377825
real,vmf_sparse_ward100,reliability_across,agnews,wikitext,0.08160522394065019
real,vmf_ward,fidelity_across,agnews,wikitext,0.3040781882116416
real,vmf_ward,reliability_across,agnews,wikitext,0.08825506539492205
real,vmf_ward100,fidelity_across,agnews,wikitext,0.3351077432857445
real,vmf_ward100,reliability_across,agnews,wikitext,0.07777230612900107
real,vmf_ward100_bm,fidelity_across,agnews,wikitext,0.4573376806428853
real,vmf_ward100_bm,reliability_across,agnews,wikitext,0.11164654928530597
real,vmf_ward100_bm_degree,fidelity_across,agnews,wikitext,0.4030763968963631
real,vmf_ward100_bm_degree,reliability_across,agnews,wikitext,0.10273373141141062
real,vmf_ward100_bm_double,fidelity_across,agnews,wikitext,0.4272582738670623
real,vmf_ward100_bm_double,reliability_across,agnews,wikitext,0.1129775073975707
real,vmf_ward150,fidelity_across,agnews,wikitext,0.35044273434913603
real,vmf_ward150,reliability_across,agnews,wikitext,0.08160125833950972
real,vmf_ward200,fidelity_across,agnews,wikitext,0.3606570566636053
real,vmf_ward200,reliability_across,agnews,wikitext,0.08611854886590298
real,vmf_wardlloyd100,fidelity_across,agnews,wikitext,0.35000554350921326
real,vmf_wardlloyd100,reliability_across,agnews,wikitext,0.1101947235342865
real,(ceiling),fidelity_across,agnews,bookcorpus,0.389288831614382
real,vmf_lloyd100,fidelity_across,agnews,bookcorpus,0.23504240366045964
real,vmf_lloyd100,reliability_across,agnews,bookcorpus,0.06741927709368162
real,vmf_pca100_lloyd100,fidelity_across,agnews,bookcorpus,0.23941076623029375
real,vmf_pca100_lloyd100,reliability_across,agnews,bookcorpus,0.06944071274466335
real,vmf_pca100_ward100,fidelity_across,agnews,bookcorpus,0.23178415301570857
real,vmf_pca100_ward100,reliability_across,agnews,bookcorpus,0.04741771785319839
real,vmf_pca20_lloyd100,fidelity_across,agnews,bookcorpus,0.23977989022861532
real,vmf_pca20_lloyd100,reliability_across,agnews,bookcorpus,0.04920299977654141
real,vmf_pca20_ward100,fidelity_across,agnews,bookcorpus,0.23365659164836206
real,vmf_pca20_ward100,reliability_across,agnews,bookcorpus,0.04451282173089123
real,vmf_sparse_lloyd100,fidelity_across,agnews,bookcorpus,0.23235385066862158
real,vmf_sparse_lloyd100,reliability_across,agnews,bookcorpus,0.07371429807119946
real,vmf_sparse_ward100,fidelity_across,agnews,bookcorpus,0.23735414660551302
real,vmf_sparse_ward100,reliability_across,agnews,bookcorpus,0.053877599653659174
real,vmf_ward,fidelity_across,agnews,bookcorpus,0.2163834459035909
real,vmf_ward,reliability_across,agnews,bookcorpus,0.04380717368395094
real,vmf_ward100,fidelity_across,agnews,bookcorpus,0.23548111591193682
real,vmf_ward100,reliability_across,agnews,bookcorpus,0.04253856208018715
real,vmf_ward100_bm,fidelity_across,agnews,bookcorpus,0.33288767816294995
real,vmf_ward100_bm,reliability_across,agnews,bookcorpus,0.052862916285120805
real,vmf_ward100_bm_degree,fidelity_across,agnews,bookcorpus,0.27694506687912573
real,vmf_ward100_bm_degree,reliability_across,agnews,bookcorpus,0.04034477018847921
real,vmf_ward100_bm_double,fidelity_across,agnews,bookcorpus,0.3005624390005374
real,vmf_ward100_bm_double,reliability_across,agnews,bookcorpus,0.0489222397387334
real,vmf_ward150,fidelity_across,agnews,bookcorpus,0.2464669672246847
real,vmf_ward150,reliability_across,agnews,bookcorpus,0.043968517182857915
real,vmf_ward200,fidelity_across,agnews,bookcorpus,0.2521553606691456
real,vmf_ward200,reliability_across,agnews,bookcorpus,0.045447798236233634
real,vmf_wardlloyd100,fidelity_across,agnews,bookcorpus,0.23864585400934213
real,vmf_wardlloyd100,reliability_across,agnews,bookcorpus,0.05627961933322136
real,(ceiling),fidelity_across,agnews,tldr17,0.4654182392943762
real,vmf_lloyd100,fidelity_across,agnews,tldr17,0.2620316655153316
real,vmf_lloyd100,reliability_across,agnews,tldr17,0.08631980725173925
real,vmf_pca100_lloyd100,fidelity_across,agnews,tldr17,0.2653578034204567
real,vmf_pca100_lloyd100,reliability_across,agnews,tldr17,0.08334367523475808
real,vmf_pca100_ward100,fidelity_across,agnews,tldr17,0.25882777200423535
real,vmf_pca100_ward100,reliability_across,agnews,tldr17,0.05818141417146599
real,vmf_pca20_lloyd100,fidelity_across,agnews,tldr17,0.2690782430907093
real,vmf_pca20_lloyd100,reliability_across,agnews,tldr17,0.06063179701816364
real,vmf_pca20_ward100,fidelity_across,agnews,tldr17,0.2613682709707423
real,vmf_pca20_ward100,reliability_across,agnews,tldr17,0.050913265337609016
real,vmf_sparse_lloyd100,fidelity_across,agnews,tldr17,0.2589267467865658
real,vmf_sparse_lloyd100,reliability_across,agnews,tldr17,0.09164464984237135
real,vmf_sparse_ward100,fidelity_across,agnews,tldr17,0.26261008468449876
real,vmf_sparse_ward100,reliability_across,agnews,tldr17,0.06243956685054953
real,vmf_ward,fidelity_across,agnews,tldr17,0.23850278401133154
real,vmf_ward,reliability_across,agnews,tldr17,0.05445632238171059
real,vmf_ward100,fidelity_across,agnews,tldr17,0.2592732695915664
real,vmf_ward100,reliability_across,agnews,tldr17,0.05063289803741211
real,vmf_ward100_bm,fidelity_across,agnews,tldr17,0.3621060955193143
real,vmf_ward100_bm,reliability_across,agnews,tldr17,0.06618098415048125
real,vmf_ward100_bm_degree,fidelity_across,agnews,tldr17,0.31248835803022257
real,vmf_ward100_bm_degree,reliability_across,agnews,tldr17,0.05383751734580165
real,vmf_ward100_bm_double,fidelity_across,agnews,tldr17,0.33271390179218135
real,vmf_ward100_bm_double,reliability_across,agnews,tldr17,0.0713982926275941
real,vmf_ward150,fidelity_across,agnews,tldr17,0.27121681775462564
real,vmf_ward150,reliability_across,agnews,tldr17,0.0526551048085401
real,vmf_ward200,fidelity_across,agnews,tldr17,0.27765495094727544
real,vmf_ward200,reliability_across,agnews,tldr17,0.053828251883592325
real,vmf_wardlloyd100,fidelity_across,agnews,tldr17,0.26590296372249395
real,vmf_wardlloyd100,reliability_across,agnews,tldr17,0.07111918473691187
real,(ceiling),fidelity_across,tldr17,wikitext,0.5347199290001461
real,vmf_lloyd100,fidelity_across,tldr17,wikitext,0.28453262423158315
real,vmf_lloyd100,reliability_across,tldr17,wikitext,0.09782625926188265
real,vmf_pca100_lloyd100,fidelity_across,tldr17,wikitext,0.2863879454507347
real,vmf_pca100_lloyd100,reliability_across,tldr17,wikitext,0.09321485297690137
real,vmf_pca100_ward100,fidelity_across,tldr17,wikitext,0.2761963005963259
real,vmf_pca100_ward100,reliability_across,tldr17,wikitext,0.0679627184538055
real,vmf_pca20_lloyd100,fidelity_across,tldr17,wikitext,0.28817048899248104
real,vmf_pca20_lloyd100,reliability_across,tldr17,wikitext,0.06806627990098012
real,vmf_pca20_ward100,fidelity_across,tldr17,wikitext,0.28013571674309135
real,vmf_pca20_ward100,reliability_across,tldr17,wikitext,0.051744419697575664
real,vmf_sparse_lloyd100,fidelity_across,tldr17,wikitext,0.28263808610577856
real,vmf_sparse_lloyd100,reliability_across,tldr17,wikitext,0.10227295877283511
real,vmf_sparse_ward100,fidelity_across,tldr17,wikitext,0.290862508037965
real,vmf_sparse_ward100,reliability_across,tldr17,wikitext,0.0656427534387727
real,vmf_ward,fidelity_across,tldr17,wikitext,0.2604471533394634
real,vmf_ward,reliability_across,tldr17,wikitext,0.06161198097604804
real,vmf_ward100,fidelity_across,tldr17,wikitext,0.27916545533342874
real,vmf_ward100,reliability_across,tldr17,wikitext,0.06223186269762504
real,vmf_ward100_bm,fidelity_across,tldr17,wikitext,0.40586554624329035
real,vmf_ward100_bm,reliability_across,tldr17,wikitext,0.08011293113525104
real,vmf_ward100_bm_degree,fidelity_across,tldr17,wikitext,0.34890294848851167
real,vmf_ward100_bm_degree,reliability_across,tldr17,wikitext,0.06606143680334292
real,vmf_ward100_bm_double,fidelity_across,tldr17,wikitext,0.37010762892144294
real,vmf_ward100_bm_double,reliability_across,tldr17,wikitext,0.0703694853311322
real,vmf_ward150,fidelity_across,tldr17,wikitext,0.29333481187935984
real,vmf_ward150,reliability_across,tldr17,wikitext,0.057921815025513364
real,vmf_ward200,fidelity_across,tldr17,wikitext,0.3022418645910962
real,vmf_ward200,reliability_across,tldr17,wikitext,0.062034119577918316
real,vmf_wardlloyd100,fidelity_across,tldr17,wikitext,0.28809976805360626
real,vmf_wardlloyd100,reliability_across,tldr17,wikitext,0.08311019095771488
real,(ceiling),fidelity_across,tldr17,bookcorpus,0.5805991218137924
real,vmf_lloyd100,fidelity_across,tldr17,bookcorpus,0.2966270740771617
real,vmf_lloyd100,reliability_across,tldr17,bookcorpus,0.12187591663445743
real,vmf_pca100_lloyd100,fidelity_across,tldr17,bookcorpus,0.30109769276861803
real,vmf_pca100_lloyd100,reliability_across,tldr17,bookcorpus,0.1269226537652286
real,vmf_pca100_ward100,fidelity_across,tldr17,bookcorpus,0.28267810482053835
real,vmf_pca100_ward100,reliability_across,tldr17,bookcorpus,0.07167156027529756
real,vmf_pca20_lloyd100,fidelity_across,tldr17,bookcorpus,0.3000466960708742
real,vmf_pca20_lloyd100,reliability_across,tldr17,bookcorpus,0.08123071250605035
real,vmf_pca20_ward100,fidelity_across,tldr17,bookcorpus,0.2902205159462435
real,vmf_pca20_ward100,reliability_across,tldr17,bookcorpus,0.06125897615427165
real,vmf_sparse_lloyd100,fidelity_across,tldr17,bookcorpus,0.2946480245227477
real,vmf_sparse_lloyd100,reliability_across,tldr17,bookcorpus,0.12525181726569665
real,vmf_sparse_ward100,fidelity_across,tldr17,bookcorpus,0.2964629672617425
real,vmf_sparse_ward100,reliability_across,tldr17,bookcorpus,0.0814729800499159
real,vmf_ward,fidelity_across,tldr17,bookcorpus,0.2644488149148136
real,vmf_ward,reliability_across,tldr17,bookcorpus,0.06523263267001586
real,vmf_ward100,fidelity_across,tldr17,bookcorpus,0.2851337742601666
real,vmf_ward100,reliability_across,tldr17,bookcorpus,0.06821797070652959
real,vmf_ward100_bm,fidelity_across,tldr17,bookcorpus,0.422254897713507
real,vmf_ward100_bm,reliability_across,tldr17,bookcorpus,0.0911773336017395
real,vmf_ward100_bm_degree,fidelity_across,tldr17,bookcorpus,0.3602542545858583
real,vmf_ward100_bm_degree,reliability_across,tldr17,bookcorpus,0.07112793623743326
real,vmf_ward100_bm_double,fidelity_across,tldr17,bookcorpus,0.3846507944604588
real,vmf_ward100_bm_double,reliability_across,tldr17,bookcorpus,0.07594737609169742
real,vmf_ward150,fidelity_across,tldr17,bookcorpus,0.30352758830107485
real,vmf_ward150,reliability_across,tldr17,bookcorpus,0.06823824017274487
real,vmf_ward200,fidelity_across,tldr17,bookcorpus,0.3142097109670833
real,vmf_ward200,reliability_across,tldr17,bookcorpus,0.07180586351517458
real,vmf_wardlloyd100,fidelity_across,tldr17,bookcorpus,0.29909977904745305
real,vmf_wardlloyd100,reliability_across,tldr17,bookcorpus,0.10050525303811479
real,(ceiling),fidelity_across,tldr17,agnews,0.4654182392943762
real,vmf_lloyd100,fidelity_across,tldr17,agnews,0.24767252286940603
real,vmf_lloyd100,reliability_across,tldr17,agnews,0.08631980725173925
real,vmf_pca100_lloyd100,fidelity_across,tldr17,agnews,0.24838215349151857
real,vmf_pca100_lloyd100,reliability_across,tldr17,agnews,0.08334367523475808
real,vmf_pca100_ward100,fidelity_across,tldr17,agnews,0.24172381692442285
real,vmf_pca100_ward100,reliability_across,tldr17,agnews,0.05818141417146599
real,vmf_pca20_lloyd100,fidelity_across,tldr17,agnews,0.25006337674755236
real,vmf_pca20_lloyd100,reliability_across,tldr17,agnews,0.06063179701816364
real,vmf_pca20_ward100,fidelity_across,tldr17,agnews,0.24463026639278676
real,vmf_pca20_ward100,reliability_across,tldr17,agnews,0.050913265337609016
real,vmf_sparse_lloyd100,fidelity_across,tldr17,agnews,0.247389605581699
real,vmf_sparse_lloyd100,reliability_across,tldr17,agnews,0.09164464984237135
real,vmf_sparse_ward100,fidelity_across,tldr17,agnews,0.25482647718979207
real,vmf_sparse_ward100,reliability_across,tldr17,agnews,0.06243956685054953
real,vmf_ward,fidelity_across,tldr17,agnews,0.22923109160662591
real,vmf_ward,reliability_across,tldr17,agnews,0.05445632238171059
real,vmf_ward100,fidelity_across,tldr17,agnews,0.24242331637558517
real,vmf_ward100,reliability_across,tldr17,agnews,0.05063289803741211
real,vmf_ward100_bm,fidelity_across,tldr17,agnews,0.35509630387922864
real,vmf_ward100_bm,reliability_across,tldr17,agnews,0.06618098415048125
real,vmf_ward100_bm_degree,fidelity_across,tldr17,agnews,0.2997770824085929
real,vmf_ward100_bm_degree,reliability_across,tldr17,agnews,0.05383751734580165
real,vmf_ward100_bm_double,fidelity_across,tldr17,agnews,0.32230409952132777
real,vmf_ward100_bm_double,reliability_across,tldr17,agnews,0.0713982926275941
real,vmf_ward150,fidelity_across,tldr17,agnews,0.25434855096886
real,vmf_ward150,reliability_across,tldr17,agnews,0.0526551048085401
real,vmf_ward200,fidelity_across,tldr17,agnews,0.2621977560869396
real,vmf_ward200,reliability_across,tldr17,agnews,0.053828251883592325
real,vmf_wardlloyd100,fidelity_across,tldr17,agnews,0.25121251508493814
real,vmf_wardlloyd100,reliability_across,tldr17,agnews,0.07111918473691187
real,(ceiling),fidelity_across_halves,wikitext,bookcorpus,0.5091561909013693
real,vmf_lloyd100,fidelity_across_halves,wikitext,bookcorpus,0.2818468232622051
real,vmf_lloyd100,reliability_across_halves,wikitext,bookcorpus,0.09596090095641911
real,vmf_pca100_lloyd100,fidelity_across_halves,wikitext,bookcorpus,0.29038216008353646
real,vmf_pca100_lloyd100,reliability_across_halves,wikitext,bookcorpus,0.09260762639605237
real,vmf_pca100_ward100,fidelity_across_halves,wikitext,bookcorpus,0.2762872344818764
real,vmf_pca100_ward100,reliability_across_halves,wikitext,bookcorpus,0.060378484776725486
real,vmf_pca20_lloyd100,fidelity_across_halves,wikitext,bookcorpus,0.2941855405569934
real,vmf_pca20_lloyd100,reliability_across_halves,wikitext,bookcorpus,0.0630345629871735
real,vmf_pca20_ward100,fidelity_across_halves,wikitext,bookcorpus,0.28599035797590794
real,vmf_pca20_ward100,reliability_across_halves,wikitext,bookcorpus,0.05164389654359635
real,vmf_sparse_lloyd100,fidelity_across_halves,wikitext,bookcorpus,0.27461857263808925
real,vmf_sparse_lloyd100,reliability_across_halves,wikitext,bookcorpus,0.10349594141620655
real,vmf_sparse_ward100,fidelity_across_halves,wikitext,bookcorpus,0.27826191906215353
real,vmf_sparse_ward100,reliability_across_halves,wikitext,bookcorpus,0.06679329914521277
real,vmf_ward,fidelity_across_halves,wikitext,bookcorpus,0.26196101431101937
real,vmf_ward,reliability_across_halves,wikitext,bookcorpus,0.05131616125185474
real,vmf_ward100,fidelity_across_halves,wikitext,bookcorpus,0.28279439709537174
real,vmf_ward100,reliability_across_halves,wikitext,bookcorpus,0.058178383402931244
real,vmf_ward100_bm,fidelity_across_halves,wikitext,bookcorpus,0.41260904808152943
real,vmf_ward100_bm,reliability_across_halves,wikitext,bookcorpus,0.07293436792400629
real,vmf_ward100_bm_degree,fidelity_across_halves,wikitext,bookcorpus,0.3635363425079959
real,vmf_ward100_bm_degree,reliability_across_halves,wikitext,bookcorpus,0.05881362578374242
real,vmf_ward100_bm_double,fidelity_across_halves,wikitext,bookcorpus,0.38255767743274255
real,vmf_ward100_bm_double,reliability_across_halves,wikitext,bookcorpus,0.07088901439363694
real,vmf_ward150,fidelity_across_halves,wikitext,bookcorpus,0.2934925798590215
real,vmf_ward150,reliability_across_halves,wikitext,bookcorpus,0.05643367724631676
real,vmf_ward200,fidelity_across_halves,wikitext,bookcorpus,0.3007019800821885
real,vmf_ward200,reliability_across_halves,wikitext,bookcorpus,0.06004234599815946
real,vmf_wardlloyd100,fidelity_across_halves,wikitext,bookcorpus,0.29066768342416666
real,vmf_wardlloyd100,reliability_across_halves,wikitext,bookcorpus,0.07740430419481122
real,(ceiling),fidelity_across_halves,wikitext,agnews,0.6005729889696456
real,vmf_lloyd100,fidelity_across_halves,wikitext,agnews,0.30749539642654805
real,vmf_lloyd100,reliability_across_halves,wikitext,agnews,0.1406435138575776
real,vmf_pca100_lloyd100,fidelity_across_halves,wikitext,agnews,0.31342099920986666
real,vmf_pca100_lloyd100,reliability_across_halves,wikitext,agnews,0.13376934714174146
real,vmf_pca100_ward100,fidelity_across_halves,wikitext,agnews,0.29622650674399675
real,vmf_pca100_ward100,reliability_across_halves,wikitext,agnews,0.079546803646038
real,vmf_pca20_lloyd100,fidelity_across_halves,wikitext,agnews,0.3182237234472099
real,vmf_pca20_lloyd100,reliability_across_halves,wikitext,agnews,0.09855644607642797
real,vmf_pca20_ward100,fidelity_across_halves,wikitext,agnews,0.30846800711607053
real,vmf_pca20_ward100,reliability_across_halves,wikitext,agnews,0.0701694696354201
real,vmf_sparse_lloyd100,fidelity_across_halves,wikitext,agnews,0.30505828803772916
real,vmf_sparse_lloyd100,reliability_across_halves,wikitext,agnews,0.14958720238302384
real,vmf_sparse_ward100,fidelity_across_halves,wikitext,agnews,0.3030668866305378
real,vmf_sparse_ward100,reliability_across_halves,wikitext,agnews,0.0921440048272686
real,vmf_ward,fidelity_across_halves,wikitext,agnews,0.27946836309750706
real,vmf_ward,reliability_across_halves,wikitext,agnews,0.07683025487096865
real,vmf_ward100,fidelity_across_halves,wikitext,agnews,0.3040175409575542
real,vmf_ward100,reliability_across_halves,wikitext,agnews,0.07536279496488693
real,vmf_ward100_bm,fidelity_across_halves,wikitext,agnews,0.4281594509372281
real,vmf_ward100_bm,reliability_across_halves,wikitext,agnews,0.10821785968157381
real,vmf_ward100_bm_degree,fidelity_across_halves,wikitext,agnews,0.3776977889637222
real,vmf_ward100_bm_degree,reliability_across_halves,wikitext,agnews,0.10774739505243565
real,vmf_ward100_bm_double,fidelity_across_halves,wikitext,agnews,0.3967057856802249
real,vmf_ward100_bm_double,reliability_across_halves,wikitext,agnews,0.13970972044497054
real,vmf_ward150,fidelity_across_halves,wikitext,agnews,0.31738680450397044
real,vmf_ward150,reliability_across_halves,wikitext,agnews,0.08260596800509011
real,vmf_ward200,fidelity_across_halves,wikitext,agnews,0.3256598932113157
real,vmf_ward200,reliability_across_halves,wikitext,agnews,0.07788877501964418
real,vmf_wardlloyd100,fidelity_across_halves,wikitext,agnews,0.3131354249064681
real,vmf_wardlloyd100,reliability_across_halves,wikitext,agnews,0.10953373520903142
real,(ceiling),fidelity_across_halves,wikitext,tldr17,0.527888420655906
real,vmf_lloyd100,fidelity_across_halves,wikitext,tldr17,0.27222510734900157
real,vmf_lloyd100,reliability_across_halves,wikitext,tldr17,0.09888105245533871
real,vmf_pca100_lloyd100,fidelity_across_halves,wikitext,tldr17,0.27525337699006003
real,vmf_pca100_lloyd100,reliability_across_halves,wikitext,tldr17,0.09326318573527359
real,vmf_pca100_ward100,fidelity_across_halves,wikitext,tldr17,0.26217496914798577
real,vmf_pca100_ward100,reliability_across_halves,wikitext,tldr17,0.06815208801471123
real,vmf_pca20_lloyd100,fidelity_across_halves,wikitext,tldr17,0.27609754129110103
real,vmf_pca20_lloyd100,reliability_across_halves,wikitext,tldr17,0.06585893725735116
real,vmf_pca20_ward100,fidelity_across_halves,wikitext,tldr17,0.27126030029335807
real,vmf_pca20_ward100,reliability_across_halves,wikitext,tldr17,0.05183529555335001
real,vmf_sparse_lloyd100,fidelity_across_halves,wikitext,tldr17,0.2674390723565214
real,vmf_sparse_lloyd100,reliability_across_halves,wikitext,tldr17,0.10354812015405239
real,vmf_sparse_ward100,fidelity_across_halves,wikitext,tldr17,0.26983236975657826
real,vmf_sparse_ward100,reliability_across_halves,wikitext,tldr17,0.06668460664619578
real,vmf_ward,fidelity_across_halves,wikitext,tldr17,0.2542283258333011
real,vmf_ward,reliability_across_halves,wikitext,tldr17,0.0566217624998152
real,vmf_ward100,fidelity_across_halves,wikitext,tldr17,0.2697892729116001
real,vmf_ward100,reliability_across_halves,wikitext,tldr17,0.05423097028926203
real,vmf_ward100_bm,fidelity_across_halves,wikitext,tldr17,0.38660010720519167
real,vmf_ward100_bm,reliability_across_halves,wikitext,tldr17,0.06391415648285512
real,vmf_ward100_bm_degree,fidelity_across_halves,wikitext,tldr17,0.3340317440611087
real,vmf_ward100_bm_degree,reliability_across_halves,wikitext,tldr17,0.06403765547469066
real,vmf_ward100_bm_double,fidelity_across_halves,wikitext,tldr17,0.35108337273688983
real,vmf_ward100_bm_double,reliability_across_halves,wikitext,tldr17,0.07209536971407635
real,vmf_ward150,fidelity_across_halves,wikitext,tldr17,0.2805579323158602
real,vmf_ward150,reliability_across_halves,wikitext,tldr17,0.06062466109901907
real,vmf_ward200,fidelity_across_halves,wikitext,tldr17,0.2903881104438617
real,vmf_ward200,reliability_across_halves,wikitext,tldr17,0.06371676101174605
real,vmf_wardlloyd100,fidelity_across_halves,wikitext,tldr17,0.274697069825124
real,vmf_wardlloyd100,reliability_across_halves,wikitext,tldr17,0.08217708758256526
real,(ceiling),fidelity_across_halves,bookcorpus,wikitext,0.5166976980352462
real,vmf_lloyd100,fidelity_across_halves,bookcorpus,wikitext,0.2767729819096621
real,vmf_lloyd100,reliability_across_halves,bookcorpus,wikitext,0.09877935779128154
real,vmf_pca100_lloyd100,fidelity_across_halves,bookcorpus,wikitext,0.27816772285101415
real,vmf_pca100_lloyd100,reliability_across_halves,bookcorpus,wikitext,0.09632079801071917
real,vmf_pca100_ward100,fidelity_across_halves,bookcorpus,wikitext,0.26879687074934994
real,vmf_pca100_ward100,reliability_across_halves,bookcorpus,wikitext,0.06588046672948213
real,vmf_pca20_lloyd100,fidelity_across_halves,bookcorpus,wikitext,0.28486522670716424
real,vmf_pca20_lloyd100,reliability_across_halves,bookcorpus,wikitext,0.06922770490986502
real,vmf_pca20_ward100,fidelity_across_halves,bookcorpus,wikitext,0.2729979894725653
real,vmf_pca20_ward100,reliability_across_halves,bookcorpus,wikitext,0.05353637019340729
real,vmf_sparse_lloyd100,fidelity_across_halves,bookcorpus,wikitext,0.27776523622838745
real,vmf_sparse_lloyd100,reliability_across_halves,bookcorpus,wikitext,0.1057499205943656
real,vmf_sparse_ward100,fidelity_across_halves,bookcorpus,wikitext,0.2707035312559824
real,vmf_sparse_ward100,reliability_across_halves,bookcorpus,wikitext,0.060213527204524143
real,vmf_ward,fidelity_across_halves,bookcorpus,wikitext,0.2512719799907488
real,vmf_ward,reliability_across_halves,bookcorpus,wikitext,0.06451169885142269
real,vmf_ward100,fidelity_across_halves,bookcorpus,wikitext,0.2757264736565249
real,vmf_ward100,reliability_across_halves,bookcorpus,wikitext,0.05667655571707129
real,vmf_ward100_bm,fidelity_across_halves,bookcorpus,wikitext,0.39391661121834604
real,vmf_ward100_bm,reliability_across_halves,bookcorpus,wikitext,0.06941064705032854
real,vmf_ward100_bm_degree,fidelity_across_halves,bookcorpus,wikitext,0.3495066278007882
real,vmf_ward100_bm_degree,reliability_across_halves,bookcorpus,wikitext,0.06351639909487783
real,vmf_ward100_bm_double,fidelity_across_halves,bookcorpus,wikitext,0.36681470555569917
real,vmf_ward100_bm_double,reliability_across_halves,bookcorpus,wikitext,0.06453199196317405
real,vmf_ward150,fidelity_across_halves,bookcorpus,wikitext,0.2855123257632884
real,vmf_ward150,reliability_across_halves,bookcorpus,wikitext,0.0631306537112327
real,vmf_ward200,fidelity_across_halves,bookcorpus,wikitext,0.295909617422744
real,vmf_ward200,reliability_across_halves,bookcorpus,wikitext,0.05565124780137182
real,vmf_wardlloyd100,fidelity_across_halves,bookcorpus,wikitext,0.2831975132228825
real,vmf_wardlloyd100,reliability_across_halves,bookcorpus,wikitext,0.08223716524244767
real,(ceiling),fidelity_across_halves,bookcorpus,agnews,0.39021431724848005
real,vmf_lloyd100,fidelity_across_halves,bookcorpus,agnews,0.20320025348305717
real,vmf_lloyd100,reliability_across_halves,bookcorpus,agnews,0.0681220160785167
real,vmf_pca100_lloyd100,fidelity_across_halves,bookcorpus,agnews,0.20083023286144938
real,vmf_pca100_lloyd100,reliability_across_halves,bookcorpus,agnews,0.07247206159455671
real,vmf_pca100_ward100,fidelity_across_halves,bookcorpus,agnews,0.19742556636753192
real,vmf_pca100_ward100,reliability_across_halves,bookcorpus,agnews,0.045752879182792916
real,vmf_pca20_lloyd100,fidelity_across_halves,bookcorpus,agnews,0.20253677770442577
real,vmf_pca20_lloyd100,reliability_across_halves,bookcorpus,agnews,0.04773490523981943
real,vmf_pca20_ward100,fidelity_across_halves,bookcorpus,agnews,0.19189128032073954
real,vmf_pca20_ward100,reliability_across_halves,bookcorpus,agnews,0.040794019496319736
real,vmf_sparse_lloyd100,fidelity_across_halves,bookcorpus,agnews,0.20842349064382032
real,vmf_sparse_lloyd100,reliability_across_halves,bookcorpus,agnews,0.07532342322708484
real,vmf_sparse_ward100,fidelity_across_halves,bookcorpus,agnews,0.20175408224817107
real,vmf_sparse_ward100,reliability_across_halves,bookcorpus,agnews,0.047482572624187556
real,vmf_ward,fidelity_across_halves,bookcorpus,agnews,0.17888674230167714
real,vmf_ward,reliability_across_halves,bookcorpus,agnews,0.052714061523249804
real,vmf_ward100,fidelity_across_halves,bookcorpus,agnews,0.19869490987284813
real,vmf_ward100,reliability_across_halves,bookcorpus,agnews,0.04789525038790708
real,vmf_ward100_bm,fidelity_across_halves,bookcorpus,agnews,0.29693637509071846
real,vmf_ward100_bm,reliability_across_halves,bookcorpus,agnews,0.04690539343841724
real,vmf_ward100_bm_degree,fidelity_across_halves,bookcorpus,agnews,0.2547912845651778
real,vmf_ward100_bm_degree,reliability_across_halves,bookcorpus,agnews,0.050127973623692326
real,vmf_ward100_bm_double,fidelity_across_halves,bookcorpus,agnews,0.26729476711288275
real,vmf_ward100_bm_double,reliability_across_halves,bookcorpus,agnews,0.04981953244445306
real,vmf_ward150,fidelity_across_halves,bookcorpus,agnews,0.2069796753749229
real,vmf_ward150,reliability_across_halves,bookcorpus,agnews,0.05622892793590895
real,vmf_ward200,fidelity_across_halves,bookcorpus,agnews,0.21750375967942906
real,vmf_ward200,reliability_across_halves,bookcorpus,agnews,0.039302900459862164
real,vmf_wardlloyd100,fidelity_across_halves,bookcorpus,agnews,0.20345810221643992
real,vmf_wardlloyd100,reliability_across_halves,bookcorpus,agnews,0.06133622260766067
real,(ceiling),fidelity_across_halves,bookcorpus,tldr17,0.5795205448879742
real,vmf_lloyd100,fidelity_across_halves,bookcorpus,tldr17,0.25933402186626026
real,vmf_lloyd100,reliability_across_halves,bookcorpus,tldr17,0.12644943919156532
real,vmf_pca100_lloyd100,fidelity_across_halves,bookcorpus,tldr17,0.2623473625726809
real,vmf_pca100_lloyd100,reliability_across_halves,bookcorpus,tldr17,0.12574845445249297
real,vmf_pca100_ward100,fidelity_across_halves,bookcorpus,tldr17,0.25354398444561194
real,vmf_pca100_ward100,reliability_across_halves,bookcorpus,tldr17,0.07881978820534306
real,vmf_pca20_lloyd100,fidelity_across_halves,bookcorpus,tldr17,0.25853652478909395
real,vmf_pca20_lloyd100,reliability_across_halves,bookcorpus,tldr17,0.07851739743491983
real,vmf_pca20_ward100,fidelity_across_halves,bookcorpus,tldr17,0.2516305891164629
real,vmf_pca20_ward100,reliability_across_halves,bookcorpus,tldr17,0.06289491630023085
real,vmf_sparse_lloyd100,fidelity_across_halves,bookcorpus,tldr17,0.26397084998402254
real,vmf_sparse_lloyd100,reliability_across_halves,bookcorpus,tldr17,0.12936168823286823
real,vmf_sparse_ward100,fidelity_across_halves,bookcorpus,tldr17,0.25685343912377556
real,vmf_sparse_ward100,reliability_across_halves,bookcorpus,tldr17,0.0764656689819913
real,vmf_ward,fidelity_across_halves,bookcorpus,tldr17,0.22805882201907884
real,vmf_ward,reliability_across_halves,bookcorpus,tldr17,0.0703598115071389
real,vmf_ward100,fidelity_across_halves,bookcorpus,tldr17,0.25446849314413106
real,vmf_ward100,reliability_across_halves,bookcorpus,tldr17,0.06594564089896499
real,vmf_ward100_bm,fidelity_across_halves,bookcorpus,tldr17,0.3796111957166358
real,vmf_ward100_bm,reliability_across_halves,bookcorpus,tldr17,0.07595822820157637
real,vmf_ward100_bm_degree,fidelity_across_halves,bookcorpus,tldr17,0.3278475466810384
real,vmf_ward100_bm_degree,reliability_across_halves,bookcorpus,tldr17,0.07052617575804594
real,vmf_ward100_bm_double,fidelity_across_halves,bookcorpus,tldr17,0.3466560997784414
real,vmf_ward100_bm_double,reliability_across_halves,bookcorpus,tldr17,0.07945068448706764
real,vmf_ward150,fidelity_across_halves,bookcorpus,tldr17,0.2666435451425759
real,vmf_ward150,reliability_across_halves,bookcorpus,tldr17,0.07228283733319481
real,vmf_ward200,fidelity_across_halves,bookcorpus,tldr17,0.279980941181082
real,vmf_ward200,reliability_across_halves,bookcorpus,tldr17,0.06613849152901914
real,vmf_wardlloyd100,fidelity_across_halves,bookcorpus,tldr17,0.26423610016991833
real,vmf_wardlloyd100,reliability_across_halves,bookcorpus,tldr17,0.10598010395644859
real,(ceiling),fidelity_across_halves,agnews,wikitext,0.5996057900076163
real,vmf_lloyd100,fidelity_across_halves,agnews,wikitext,0.3418877239689176
real,vmf_lloyd100,reliability_across_halves,agnews,wikitext,0.14146088848514538
real,vmf_pca100_lloyd100,fidelity_across_halves,agnews,wikitext,0.34859869405043725
real,vmf_pca100_lloyd100,reliability_across_halves,agnews,wikitext,0.12947694405377194
real,vmf_pca100_ward100,fidelity_across_halves,agnews,wikitext,0.3283752286764517
real,vmf_pca100_ward100,reliability_across_halves,agnews,wikitext,0.08139481075856436
real,vmf_pca20_lloyd100,fidelity_across_halves,agnews,wikitext,0.3534925833995414
real,vmf_pca20_lloyd100,reliability_across_halves,agnews,wikitext,0.1043307289871832
real,vmf_pca20_ward100,fidelity_across_halves,agnews,wikitext,0.3372802859019281
real,vmf_pca20_ward100,reliability_across_halves,agnews,wikitext,0.07323186402633779
real,vmf_sparse_lloyd100,fidelity_across_halves,agnews,wikitext,0.3388935859465258
real,vmf_sparse_lloyd100,reliability_across_halves,agnews,wikitext,0.1434023539273951
real,vmf_sparse_ward100,fidelity_across_halves,agnews,wikitext,0.33200191896970854
real,vmf_sparse_ward100,reliability_across_halves,agnews,wikitext,0.08148435960716473
real,vmf_ward,fidelity_across_halves,agnews,wikitext,0.3000279059969019
real,vmf_ward,reliability_across_halves,agnews,wikitext,0.08694272537829194
real,vmf_ward100,fidelity_across_halves,agnews,wikitext,0.3377714355467622
real,vmf_ward100,reliability_across_halves,agnews,wikitext,0.07577780083445512
real,vmf_ward100_bm,fidelity_across_halves,agnews,wikitext,0.4544432945572846
real,vmf_ward100_bm,reliability_across_halves,agnews,wikitext,0.10960218385181444
real,vmf_ward100_bm_degree,fidelity_across_halves,agnews,wikitext,0.3988311894537599
real,vmf_ward100_bm_degree,reliability_across_halves,agnews,wikitext,0.10466780431802525
real,vmf_ward100_bm_double,fidelity_across_halves,agnews,wikitext,0.42299505376277946
real,vmf_ward100_bm_double,reliability_across_halves,agnews,wikitext,0.11227359009957125
real,vmf_ward150,fidelity_across_halves,agnews,wikitext,0.35204080833531737
real,vmf_ward150,reliability_across_halves,agnews,wikitext,0.08110959717501492
real,vmf_ward200,fidelity_across_halves,agnews,wikitext,0.36108001580195404
real,vmf_ward200,reliability_across_halves,agnews,wikitext,0.0844510673512905
real,vmf_wardlloyd100,fidelity_across_halves,agnews,wikitext,0.35078191786996454
real,vmf_wardlloyd100,reliability_across_halves,agnews,wikitext,0.11287558611403409
real,(ceiling),fidelity_across_halves,agnews,bookcorpus,0.3859237992978306
real,vmf_lloyd100,fidelity_across_halves,agnews,bookcorpus,0.23190571351344447
real,vmf_lloyd100,reliability_across_halves,agnews,bookcorpus,0.06945668335416491
real,vmf_pca100_lloyd100,fidelity_across_halves,agnews,bookcorpus,0.2380734956792281
real,vmf_pca100_lloyd100,reliability_across_halves,agnews,bookcorpus,0.06599979859740605
real,vmf_pca100_ward100,fidelity_across_halves,agnews,bookcorpus,0.22542366333263264
real,vmf_pca100_ward100,reliability_across_halves,agnews,bookcorpus,0.04827746879630649
real,vmf_pca20_lloyd100,fidelity_across_halves,agnews,bookcorpus,0.23871524989452098
real,vmf_pca20_lloyd100,reliability_across_halves,agnews,bookcorpus,0.048185641022502806
real,vmf_pca20_ward100,fidelity_across_halves,agnews,bookcorpus,0.22517303797615246
real,vmf_pca20_ward100,reliability_across_halves,agnews,bookcorpus,0.03918897733853026
real,vmf_sparse_lloyd100,fidelity_across_halves,agnews,bookcorpus,0.23225747204975983
real,vmf_sparse_lloyd100,reliability_across_halves,agnews,bookcorpus,0.07250890643751705
real,vmf_sparse_ward100,fidelity_across_halves,agnews,bookcorpus,0.2328349704498985
real,vmf_sparse_ward100,reliability_across_halves,agnews,bookcorpus,0.04591468522330627
real,vmf_ward,fidelity_across_halves,agnews,bookcorpus,0.21323237064704303
real,vmf_ward,reliability_across_halves,agnews,bookcorpus,0.042318787808527096
real,vmf_ward100,fidelity_across_halves,agnews,bookcorpus,0.2380063327630208
real,vmf_ward100,reliability_across_halves,agnews,bookcorpus,0.043923768644401874
real,vmf_ward100_bm,fidelity_across_halves,agnews,bookcorpus,0.33112614289848985
real,vmf_ward100_bm,reliability_across_halves,agnews,bookcorpus,0.054701550163174045
real,vmf_ward100_bm_degree,fidelity_across_halves,agnews,bookcorpus,0.27301390481506504
real,vmf_ward100_bm_degree,reliability_across_halves,agnews,bookcorpus,0.04208250058102782
real,vmf_ward100_bm_double,fidelity_across_halves,agnews,bookcorpus,0.29354954462509075
real,vmf_ward100_bm_double,reliability_across_halves,agnews,bookcorpus,0.050032394721402966
real,vmf_ward150,fidelity_across_halves,agnews,bookcorpus,0.245863203867443
real,vmf_ward150,reliability_across_halves,agnews,bookcorpus,0.040912888770985895
real,vmf_ward200,fidelity_across_halves,agnews,bookcorpus,0.25097910086123815
real,vmf_ward200,reliability_across_halves,agnews,bookcorpus,0.044919030065048424
real,vmf_wardlloyd100,fidelity_across_halves,agnews,bookcorpus,0.24030059581964902
real,vmf_wardlloyd100,reliability_across_halves,agnews,bookcorpus,0.057472265384035194
real,(ceiling),fidelity_across_halves,agnews,tldr17,0.46057339758341587
real,vmf_lloyd100,fidelity_across_halves,agnews,tldr17,0.25917417085941213
real,vmf_lloyd100,reliability_across_halves,agnews,tldr17,0.08453917886920116
real,vmf_pca100_lloyd100,fidelity_across_halves,agnews,tldr17,0.2636902071857627
real,vmf_pca100_lloyd100,reliability_across_halves,agnews,tldr17,0.08293528414202826
real,vmf_pca100_ward100,fidelity_across_halves,agnews,tldr17,0.2548097376287372
real,vmf_pca100_ward100,reliability_across_halves,agnews,tldr17,0.06079359558269227
real,vmf_pca20_lloyd100,fidelity_across_halves,agnews,tldr17,0.26556319575050025
real,vmf_pca20_lloyd100,reliability_across_halves,agnews,tldr17,0.06007641580478651
real,vmf_pca20_ward100,fidelity_across_halves,agnews,tldr17,0.256472735956376
real,vmf_pca20_ward100,reliability_across_halves,agnews,tldr17,0.050366596981379665
real,vmf_sparse_lloyd100,fidelity_across_halves,agnews,tldr17,0.25923559419844977
real,vmf_sparse_lloyd100,reliability_across_halves,agnews,tldr17,0.09040338493472826
real,vmf_sparse_ward100,fidelity_across_halves,agnews,tldr17,0.2618230994704783
real,vmf_sparse_ward100,reliability_across_halves,agnews,tldr17,0.054278842006928896
real,vmf_ward,fidelity_across_halves,agnews,tldr17,0.23985963563585092
real,vmf_ward,reliability_across_halves,agnews,tldr17,0.058609762707754504
real,vmf_ward100,fidelity_across_halves,agnews,tldr17,0.26335261456097636
real,vmf_ward100,reliability_across_halves,agnews,tldr17,0.04836959986546298
real,vmf_ward100_bm,fidelity_across_halves,agnews,tldr17,0.35679455620226264
real,vmf_ward100_bm,reliability_across_halves,agnews,tldr17,0.05874964301809566
real,vmf_ward100_bm_degree,fidelity_across_halves,agnews,tldr17,0.3091007779815372
real,vmf_ward100_bm_degree,reliability_across_halves,agnews,tldr17,0.06005099934212556
real,vmf_ward100_bm_double,fidelity_across_halves,agnews,tldr17,0.3261568373207676
real,vmf_ward100_bm_double,reliability_across_halves,agnews,tldr17,0.06082504437851255
real,vmf_ward150,fidelity_across_halves,agnews,tldr17,0.27316028457556135
real,vmf_ward150,reliability_across_halves,agnews,tldr17,0.053353333185586306
real,vmf_ward200,fidelity_across_halves,agnews,tldr17,0.27953904668437235
real,vmf_ward200,reliability_across_halves,agnews,tldr17,0.055647718117315934
real,vmf_wardlloyd100,fidelity_across_halves,agnews,tldr17,0.26742874482669726
real,vmf_wardlloyd100,reliability_across_halves,agnews,tldr17,0.069326227427446
real,(ceiling),fidelity_across_halves,tldr17,wikitext,0.535920713348996
real,vmf_lloyd100,fidelity_across_halves,tldr17,wikitext,0.2792754547953456
real,vmf_lloyd100,reliability_across_halves,tldr17,wikitext,0.09708399546512889
real,vmf_pca100_lloyd100,fidelity_across_halves,tldr17,wikitext,0.2856140759458962
real,vmf_pca100_lloyd100,reliability_across_halves,tldr17,wikitext,0.09336794427635792
real,vmf_pca100_ward100,fidelity_across_halves,tldr17,wikitext,0.28272646717469535
real,vmf_pca100_ward100,reliability_across_halves,tldr17,wikitext,0.06682688489703167
real,vmf_pca20_lloyd100,fidelity_across_halves,tldr17,wikitext,0.2881379941923877
real,vmf_pca20_lloyd100,reliability_across_halves,tldr17,wikitext,0.07039724497466315
real,vmf_pca20_ward100,fidelity_across_halves,tldr17,wikitext,0.2831865021089639
real,vmf_pca20_ward100,reliability_across_halves,tldr17,wikitext,0.054109291524630065
real,vmf_sparse_lloyd100,fidelity_across_halves,tldr17,wikitext,0.2835892479275953
real,vmf_sparse_lloyd100,reliability_across_halves,tldr17,wikitext,0.10437931083160996
real,vmf_sparse_ward100,fidelity_across_halves,tldr17,wikitext,0.28387451401861913
real,vmf_sparse_ward100,reliability_across_halves,tldr17,wikitext,0.06635994354751935
real,vmf_ward,fidelity_across_halves,tldr17,wikitext,0.26104556089415737
real,vmf_ward,reliability_across_halves,tldr17,wikitext,0.0711197048336806
real,vmf_ward100,fidelity_across_halves,tldr17,wikitext,0.28652124781020794
real,vmf_ward100,reliability_across_halves,tldr17,wikitext,0.056924319796100485
real,vmf_ward100_bm,fidelity_across_halves,tldr17,wikitext,0.40657177818245815
real,vmf_ward100_bm,reliability_across_halves,tldr17,wikitext,0.07024734718676034
real,vmf_ward100_bm_degree,fidelity_across_halves,tldr17,wikitext,0.3515537261238733
real,vmf_ward100_bm_degree,reliability_across_halves,tldr17,wikitext,0.057766292047392115
real,vmf_ward100_bm_double,fidelity_across_halves,tldr17,wikitext,0.3745509260280675
real,vmf_ward100_bm_double,reliability_across_halves,tldr17,wikitext,0.06567915973448345
real,vmf_ward150,fidelity_across_halves,tldr17,wikitext,0.2998987504055901
real,vmf_ward150,reliability_across_halves,tldr17,wikitext,0.06062008177712208
real,vmf_ward200,fidelity_across_halves,tldr17,wikitext,0.31400568483338515
real,vmf_ward200,reliability_across_halves,tldr17,wikitext,0.06192629903949301
real,vmf_wardlloyd100,fidelity_across_halves,tldr17,wikitext,0.29409005389007026
real,vmf_wardlloyd100,reliability_across_halves,tldr17,wikitext,0.07692832313845285
real,(ceiling),fidelity_across_halves,tldr17,bookcorpus,0.5769972694241982
real,vmf_lloyd100,fidelity_across_halves,tldr17,bookcorpus,0.29124420699273895
real,vmf_lloyd100,reliability_across_halves,tldr17,bookcorpus,0.12497607880374674
real,vmf_pca100_lloyd100,fidelity_across_halves,tldr17,bookcorpus,0.2981685489431376
real,vmf_pca100_lloyd100,reliability_across_halves,tldr17,bookcorpus,0.12197361067359189
real,vmf_pca100_ward100,fidelity_across_halves,tldr17,bookcorpus,0.29006250412899687
real,vmf_pca100_ward100,reliability_across_halves,tldr17,bookcorpus,0.07607742245068291
real,vmf_pca20_lloyd100,fidelity_across_halves,tldr17,bookcorpus,0.299091351866049
real,vmf_pca20_lloyd100,reliability_across_halves,tldr17,bookcorpus,0.07984510482506367
real,vmf_pca20_ward100,fidelity_across_halves,tldr17,bookcorpus,0.2934275739342836
real,vmf_pca20_ward100,reliability_across_halves,tldr17,bookcorpus,0.05975817153852292
real,vmf_sparse_lloyd100,fidelity_across_halves,tldr17,bookcorpus,0.2913922922936377
real,vmf_sparse_lloyd100,reliability_across_halves,tldr17,bookcorpus,0.12396668903646026
real,vmf_sparse_ward100,fidelity_across_halves,tldr17,bookcorpus,0.2915099976080074
real,vmf_sparse_ward100,reliability_across_halves,tldr17,bookcorpus,0.08633948615106259
real,vmf_ward,fidelity_across_halves,tldr17,bookcorpus,0.26558236211330183
real,vmf_ward,reliability_across_halves,tldr17,bookcorpus,0.06324127018862033
real,vmf_ward100,fidelity_across_halves,tldr17,bookcorpus,0.29365332205187067
real,vmf_ward100,reliability_across_halves,tldr17,bookcorpus,0.06238605135637012
real,vmf_ward100_bm,fidelity_across_halves,tldr17,bookcorpus,0.421722446468024
real,vmf_ward100_bm,reliability_across_halves,tldr17,bookcorpus,0.08902724001441348
real,vmf_ward100_bm_degree,fidelity_across_halves,tldr17,bookcorpus,0.3592326834290239
real,vmf_ward100_bm_degree,reliability_across_halves,tldr17,bookcorpus,0.06613216158562063
real,vmf_ward100_bm_double,fidelity_across_halves,tldr17,bookcorpus,0.3879686991438925
real,vmf_ward100_bm_double,reliability_across_halves,tldr17,bookcorpus,0.07725735432811727
real,vmf_ward150,fidelity_across_halves,tldr17,bookcorpus,0.30588091252718125
real,vmf_ward150,reliability_across_halves,tldr17,bookcorpus,0.06684957988870631
real,vmf_ward200,fidelity_across_halves,tldr17,bookcorpus,0.31970374340157576
real,vmf_ward200,reliability_across_halves,tldr17,bookcorpus,0.06698833592985082
real,vmf_wardlloyd100,fidelity_across_halves,tldr17,bookcorpus,0.3040313774004566
real,vmf_wardlloyd100,reliability_across_halves,tldr17,bookcorpus,0.09515762082844612
real,(ceiling),fidelity_across_halves,tldr17,agnews,0.46603723182248685
real,vmf_lloyd100,fidelity_across_halves,tldr17,agnews,0.2439252019855592
real,vmf_lloyd100,reliability_across_halves,tldr17,agnews,0.08475078300706178
real,vmf_pca100_lloyd100,fidelity_across_halves,tldr17,agnews,0.2497295997682679
real,vmf_pca100_lloyd100,reliability_across_halves,tldr17,agnews,0.08533583106700621
real,vmf_pca100_ward100,fidelity_across_halves,tldr17,agnews,0.24576577436750655
real,vmf_pca100_ward100,reliability_across_halves,tldr17,agnews,0.054544095431171065
real,vmf_pca20_lloyd100,fidelity_across_halves,tldr17,agnews,0.24933572822027064
real,vmf_pca20_lloyd100,reliability_across_halves,tldr17,agnews,0.06044696480574663
real,vmf_pca20_ward100,fidelity_across_halves,tldr17,agnews,0.24825162990740643
real,vmf_pca20_ward100,reliability_across_halves,tldr17,agnews,0.046631791966580786
real,vmf_sparse_lloyd100,fidelity_across_halves,tldr17,agnews,0.24738465316224398
real,vmf_sparse_lloyd100,reliability_across_halves,tldr17,agnews,0.09382440887013226
real,vmf_sparse_ward100,fidelity_across_halves,tldr17,agnews,0.2490906787448938
real,vmf_sparse_ward100,reliability_across_halves,tldr17,agnews,0.0617160081212669
real,vmf_ward,fidelity_across_halves,tldr17,agnews,0.22747736412677563
real,vmf_ward,reliability_across_halves,tldr17,agnews,0.06318075252636783
real,vmf_ward100,fidelity_across_halves,tldr17,agnews,0.24943663407151484
real,vmf_ward100,reliability_across_halves,tldr17,agnews,0.048512860615141484
real,vmf_ward100_bm,fidelity_across_halves,tldr17,agnews,0.3572777101478059
real,vmf_ward100_bm,reliability_across_halves,tldr17,agnews,0.05977882475129948
real,vmf_ward100_bm_degree,fidelity_across_halves,tldr17,agnews,0.30381045049374716
real,vmf_ward100_bm_degree,reliability_across_halves,tldr17,agnews,0.05491372729874253
real,vmf_ward100_bm_double,fidelity_across_halves,tldr17,agnews,0.32694037466293485
real,vmf_ward100_bm_double,reliability_across_halves,tldr17,agnews,0.06449626139107727
real,vmf_ward150,fidelity_across_halves,tldr17,agnews,0.26146463692635447
real,vmf_ward150,reliability_across_halves,tldr17,agnews,0.05510136652726308
real,vmf_ward200,fidelity_across_halves,tldr17,agnews,0.2710596408473167
real,vmf_ward200,reliability_across_halves,tldr17,agnews,0.05076227768308175
real,vmf_wardlloyd100,fidelity_across_halves,tldr17,agnews,0.25687713203651535
real,vmf_wardlloyd100,reliability_across_halves,tldr17,agnews,0.06636760671328056
null,(ceiling),fidelity_within,wikitext,wikitext,-0.1737097422764593
null,(ceiling),fidelity_within_r,wikitext,wikitext,0.4132720715095922
null,vmf_lloyd100,reliability_within,wikitext,wikitext,0.21184085830451294
null,vmf_lloyd100,fidelity_within,wikitext,wikitext,0.16089110196017153
null,vmf_lloyd100,fidelity_within_r,wikitext,wikitext,0.40111288856036104
null,vmf_lloyd100,fidelity_within_insample,wikitext,wikitext,0.16037438129533943
null,vmf_lloyd100,reliability_ceiling,wikitext,wikitext,0.45409086504067897
null,vmf_lloyd100,triviality_ami_layer,wikitext,wikitext,0.06477683028304294
null,vmf_lloyd100,triviality_ami_dimension,wikitext,wikitext,-0.0013970181125053979
null,vmf_lloyd100,triviality_ami_hubness,wikitext,wikitext,0.3298891761405562
null,vmf_lloyd100,triviality_n_effective_networks,wikitext,wikitext,100.0
null,vmf_lloyd100,triviality_median_max_membership,wikitext,wikitext,0.375
null,vmf_lloyd100,triviality_frac_confident,wikitext,wikitext,0.2877604166666667
null,vmf_pca100_lloyd100,reliability_within,wikitext,wikitext,0.06589503954024399
null,vmf_pca100_lloyd100,fidelity_within,wikitext,wikitext,0.19336999097026375
null,vmf_pca100_lloyd100,fidelity_within_r,wikitext,wikitext,0.4422348083062048
null,vmf_pca100_lloyd100,fidelity_within_insample,wikitext,wikitext,0.23916913261507133
null,vmf_pca100_lloyd100,reliability_ceiling,wikitext,wikitext,0.40449474870055807
null,vmf_pca100_lloyd100,triviality_ami_layer,wikitext,wikitext,0.055338783498772526
null,vmf_pca100_lloyd100,triviality_ami_dimension,wikitext,wikitext,4.655500023612646e-05
null,vmf_pca100_lloyd100,triviality_ami_hubness,wikitext,wikitext,0.2902022702863476
null,vmf_pca100_lloyd100,triviality_n_effective_networks,wikitext,wikitext,100.0
null,vmf_pca100_lloyd100,triviality_median_max_membership,wikitext,wikitext,0.425
null,vmf_pca100_lloyd100,triviality_frac_confident,wikitext,wikitext,0.30408653846153844
null,vmf_pca100_ward100,reliability_within,wikitext,wikitext,0.1265728220794378
null,vmf_pca100_ward100,fidelity_within,wikitext,wikitext,0.18892355612309575
null,vmf_pca100_ward100,fidelity_within_r,wikitext,wikitext,0.43972414366147144
null,vmf_pca100_ward100,fidelity_within_insample,wikitext,wikitext,0.25623866164314923
null,vmf_pca100_ward100,reliability_ceiling,wikitext,wikitext,1.0
null,vmf_pca100_ward100,triviality_ami_layer,wikitext,wikitext,0.05283872977075034
null,vmf_pca100_ward100,triviality_ami_dimension,wikitext,wikitext,0.0002850298980460719
null,vmf_pca100_ward100,triviality_ami_hubness,wikitext,wikitext,0.24350481755461487
null,vmf_pca100_ward100,triviality_n_effective_networks,wikitext,wikitext,100.0
null,vmf_pca100_ward100,triviality_median_max_membership,wikitext,wikitext,1.0
null,vmf_pca100_ward100,triviality_frac_confident,wikitext,wikitext,1.0
null,vmf_pca20_lloyd100,reliability_within,wikitext,wikitext,0.11303897245332077
null,vmf_pca20_lloyd100,fidelity_within,wikitext,wikitext,0.19106653484611535
null,vmf_pca20_lloyd100,fidelity_within_r,wikitext,wikitext,0.4408469073583949
null,vmf_pca20_lloyd100,fidelity_within_insample,wikitext,wikitext,0.2480086147846301
null,vmf_pca20_lloyd100,reliability_ceiling,wikitext,wikitext,0.6725925589850773
null,vmf_pca20_lloyd100,triviality_ami_layer,wikitext,wikitext,0.05653271204135387
null,vmf_pca20_lloyd100,triviality_ami_dimension,wikitext,wikitext,-0.0026652824948524617
null,vmf_pca20_lloyd100,triviality_ami_hubness,wikitext,wikitext,0.2929749431735203
null,vmf_pca20_lloyd100,triviality_n_effective_networks,wikitext,wikitext,100.0
null,vmf_pca20_lloyd100,triviality_median_max_membership,wikitext,wikitext,0.55
null,vmf_pca20_lloyd100,triviality_frac_confident,wikitext,wikitext,0.5632011217948718
null,vmf_pca20_ward100,reliability_within,wikitext,wikitext,0.10054135100939196
null,vmf_pca20_ward100,fidelity_within,wikitext,wikitext,0.18824468103980518
null,vmf_pca20_ward100,fidelity_within_r,wikitext,wikitext,0.43799084987229703
null,vmf_pca20_ward100,fidelity_within_insample,wikitext,wikitext,0.24781437667355932
null,vmf_pca20_ward100,reliability_ceiling,wikitext,wikitext,1.0
null,vmf_pca20_ward100,triviality_ami_layer,wikitext,wikitext,0.05473999683019675
null,vmf_pca20_ward100,triviality_ami_dimension,wikitext,wikitext,0.0002209266973456851
null,vmf_pca20_ward100,triviality_ami_hubness,wikitext,wikitext,0.2669607410196126
null,vmf_pca20_ward100,triviality_n_effective_networks,wikitext,wikitext,100.0
null,vmf_pca20_ward100,triviality_median_max_membership,wikitext,wikitext,1.0
null,vmf_pca20_ward100,triviality_frac_confident,wikitext,wikitext,1.0
null,vmf_sparse_lloyd100,reliability_within,wikitext,wikitext,0.12187521298114623
null,vmf_sparse_lloyd100,fidelity_within,wikitext,wikitext,0.12955914866195406
null,vmf_sparse_lloyd100,fidelity_within_r,wikitext,wikitext,0.3599435490277247
null,vmf_sparse_lloyd100,fidelity_within_insample,wikitext,wikitext,0.12930708432356297
null,vmf_sparse_lloyd100,reliability_ceiling,wikitext,wikitext,0.4664974319711856
null,vmf_sparse_lloyd100,triviality_ami_layer,wikitext,wikitext,0.05027382949181951
null,vmf_sparse_lloyd100,triviality_ami_dimension,wikitext,wikitext,-0.0008416559182572487
null,vmf_sparse_lloyd100,triviality_ami_hubness,wikitext,wikitext,0.24044257271869338
null,vmf_sparse_lloyd100,triviality_n_effective_networks,wikitext,wikitext,99.0
null,vmf_sparse_lloyd100,triviality_median_max_membership,wikitext,wikitext,0.375
null,vmf_sparse_lloyd100,triviality_frac_confident,wikitext,wikitext,0.3020833333333333
null,vmf_sparse_ward100,reliability_within,wikitext,wikitext,0.12849693114056662
null,vmf_sparse_ward100,fidelity_within,wikitext,wikitext,0.1316297830897134
null,vmf_sparse_ward100,fidelity_within_r,wikitext,wikitext,0.3644498645136969
null,vmf_sparse_ward100,fidelity_within_insample,wikitext,wikitext,0.1591330307766825
null,vmf_sparse_ward100,reliability_ceiling,wikitext,wikitext,1.0
null,vmf_sparse_ward100,triviality_ami_layer,wikitext,wikitext,0.04472377506788451
null,vmf_sparse_ward100,triviality_ami_dimension,wikitext,wikitext,-0.0004885005638818444
null,vmf_sparse_ward100,triviality_ami_hubness,wikitext,wikitext,0.1948936166406583
null,vmf_sparse_ward100,triviality_n_effective_networks,wikitext,wikitext,100.0
null,vmf_sparse_ward100,triviality_median_max_membership,wikitext,wikitext,1.0
null,vmf_sparse_ward100,triviality_frac_confident,wikitext,wikitext,1.0
null,vmf_ward,reliability_within,wikitext,wikitext,0.20384438818112108
null,vmf_ward,fidelity_within,wikitext,wikitext,0.17578430912296983
null,vmf_ward,fidelity_within_r,wikitext,wikitext,0.42052847503015806
null,vmf_ward,fidelity_within_insample,wikitext,wikitext,0.20519486598210845
null,vmf_ward,reliability_ceiling,wikitext,wikitext,1.0
null,vmf_ward,triviality_ami_layer,wikitext,wikitext,0.05625600404268793
null,vmf_ward,triviality_ami_dimension,wikitext,wikitext,-0.0008175050907822975
null,vmf_ward,triviality_ami_hubness,wikitext,wikitext,0.2667026210457278
null,vmf_ward,triviality_n_effective_networks,wikitext,wikitext,50.0
null,vmf_ward,triviality_median_max_membership,wikitext,wikitext,1.0
null,vmf_ward,triviality_frac_confident,wikitext,wikitext,1.0
null,vmf_ward100,reliability_within,wikitext,wikitext,0.04530131331452833
null,vmf_ward100,fidelity_within,wikitext,wikitext,0.17655737060617094
null,vmf_ward100,fidelity_within_r,wikitext,wikitext,0.42148107477574953
null,vmf_ward100,fidelity_within_insample,wikitext,wikitext,0.20646087674246072
null,vmf_ward100,reliability_ceiling,wikitext,wikitext,1.0
null,vmf_ward100,triviality_ami_layer,wikitext,wikitext,0.04959987525855889
null,vmf_ward100,triviality_ami_dimension,wikitext,wikitext,0.00041185471200030113
null,vmf_ward100,triviality_ami_hubness,wikitext,wikitext,0.23406785676987601
null,vmf_ward100,triviality_n_effective_networks,wikitext,wikitext,100.0
null,vmf_ward100,triviality_median_max_membership,wikitext,wikitext,1.0
null,vmf_ward100,triviality_frac_confident,wikitext,wikitext,1.0
null,vmf_ward100_bm,reliability_within,wikitext,wikitext,0.13077579346428267
null,vmf_ward100_bm,fidelity_within,wikitext,wikitext,0.36740952961757567
null,vmf_ward100_bm,fidelity_within_r,wikitext,wikitext,0.6069926081214533
null,vmf_ward100_bm,fidelity_within_insample,wikitext,wikitext,0.4082618397485156
null,vmf_ward100_bm,reliability_ceiling,wikitext,wikitext,1.0
null,vmf_ward100_bm,triviality_ami_layer,wikitext,wikitext,0.06818628448158608
null,vmf_ward100_bm,triviality_ami_dimension,wikitext,wikitext,-0.0003569529670543147
null,vmf_ward100_bm,triviality_ami_hubness,wikitext,wikitext,0.49591210878915826
null,vmf_ward100_bm,triviality_n_effective_networks,wikitext,wikitext,100.0
null,vmf_ward100_bm,triviality_median_max_membership,wikitext,wikitext,1.0
null,vmf_ward100_bm,triviality_frac_confident,wikitext,wikitext,1.0
null,vmf_ward100_bm_degree,reliability_within,wikitext,wikitext,0.06126543061144442
null,vmf_ward100_bm_degree,fidelity_within,wikitext,wikitext,0.35974842039844446
null,vmf_ward100_bm_degree,fidelity_within_r,wikitext,wikitext,0.6011156751976977
null,vmf_ward100_bm_degree,fidelity_within_insample,wikitext,wikitext,0.41071527502599936
null,vmf_ward100_bm_degree,reliability_ceiling,wikitext,wikitext,1.0
null,vmf_ward100_bm_degree,triviality_ami_layer,wikitext,wikitext,0.06428803720598865
null,vmf_ward100_bm_degree,triviality_ami_dimension,wikitext,wikitext,-0.0003699494662667251
null,vmf_ward100_bm_degree,triviality_ami_hubness,wikitext,wikitext,0.344511333161363
null,vmf_ward100_bm_degree,triviality_n_effective_networks,wikitext,wikitext,100.0
null,vmf_ward100_bm_degree,triviality_median_max_membership,wikitext,wikitext,1.0
null,vmf_ward100_bm_degree,triviality_frac_confident,wikitext,wikitext,1.0
null,vmf_ward100_bm_double,reliability_within,wikitext,wikitext,0.07461246078436816
null,vmf_ward100_bm_double,fidelity_within,wikitext,wikitext,0.3654541322050847
null,vmf_ward100_bm_double,fidelity_within_r,wikitext,wikitext,0.6055780526956094
null,vmf_ward100_bm_double,fidelity_within_insample,wikitext,wikitext,0.41098826944275735
null,vmf_ward100_bm_double,reliability_ceiling,wikitext,wikitext,1.0
null,vmf_ward100_bm_double,triviality_ami_layer,wikitext,wikitext,0.06442412130388989
null,vmf_ward100_bm_double,triviality_ami_dimension,wikitext,wikitext,-0.0004939401501948079
null,vmf_ward100_bm_double,triviality_ami_hubness,wikitext,wikitext,0.3841295820434431
null,vmf_ward100_bm_double,triviality_n_effective_networks,wikitext,wikitext,100.0
null,vmf_ward100_bm_double,triviality_median_max_membership,wikitext,wikitext,1.0
null,vmf_ward100_bm_double,triviality_frac_confident,wikitext,wikitext,1.0
null,vmf_ward150,reliability_within,wikitext,wikitext,0.015940986753320778
null,vmf_ward150,fidelity_within,wikitext,wikitext,0.17673461323249384
null,vmf_ward150,fidelity_within_r,wikitext,wikitext,0.421714472351706
null,vmf_ward150,fidelity_within_insample,wikitext,wikitext,0.20694126583755224
null,vmf_ward150,reliability_ceiling,wikitext,wikitext,1.0
null,vmf_ward150,triviality_ami_layer,wikitext,wikitext,0.04611439643175753
null,vmf_ward150,triviality_ami_dimension,wikitext,wikitext,-0.00015113006720886526
null,vmf_ward150,triviality_ami_hubness,wikitext,wikitext,0.21482956288592597
null,vmf_ward150,triviality_n_effective_networks,wikitext,wikitext,150.0
null,vmf_ward150,triviality_median_max_membership,wikitext,wikitext,1.0
null,vmf_ward150,triviality_frac_confident,wikitext,wikitext,1.0
null,vmf_ward200,reliability_within,wikitext,wikitext,0.013900812780018673
null,vmf_ward200,fidelity_within,wikitext,wikitext,0.1768110270621157
null,vmf_ward200,fidelity_within_r,wikitext,wikitext,0.42182983165206617
null,vmf_ward200,fidelity_within_insample,wikitext,wikitext,0.20733052661540907
null,vmf_ward200,reliability_ceiling,wikitext,wikitext,1.0
null,vmf_ward200,triviality_ami_layer,wikitext,wikitext,0.04523058102685964
null,vmf_ward200,triviality_ami_dimension,wikitext,wikitext,-0.00035561239695899497
null,vmf_ward200,triviality_ami_hubness,wikitext,wikitext,0.20651245330578982
null,vmf_ward200,triviality_n_effective_networks,wikitext,wikitext,200.0
null,vmf_ward200,triviality_median_max_membership,wikitext,wikitext,1.0
null,vmf_ward200,triviality_frac_confident,wikitext,wikitext,1.0
null,vmf_wardlloyd100,reliability_within,wikitext,wikitext,0.0486338298870715
null,vmf_wardlloyd100,fidelity_within,wikitext,wikitext,0.17475145876520481
null,vmf_wardlloyd100,fidelity_within_r,wikitext,wikitext,0.4197870276974611
null,vmf_wardlloyd100,fidelity_within_insample,wikitext,wikitext,0.2097848587771749
null,vmf_wardlloyd100,reliability_ceiling,wikitext,wikitext,1.0
null,vmf_wardlloyd100,triviality_ami_layer,wikitext,wikitext,0.05057251078645825
null,vmf_wardlloyd100,triviality_ami_dimension,wikitext,wikitext,0.0002060892814435029
null,vmf_wardlloyd100,triviality_ami_hubness,wikitext,wikitext,0.2423413172237393
null,vmf_wardlloyd100,triviality_n_effective_networks,wikitext,wikitext,100.0
null,vmf_wardlloyd100,triviality_median_max_membership,wikitext,wikitext,1.0
null,vmf_wardlloyd100,triviality_frac_confident,wikitext,wikitext,1.0
null,(ceiling),fidelity_within,bookcorpus,bookcorpus,-0.0722988156652864
null,(ceiling),fidelity_within_r,bookcorpus,bookcorpus,0.46358406201352853
null,vmf_lloyd100,reliability_within,bookcorpus,bookcorpus,0.2268738959066801
null,vmf_lloyd100,fidelity_within,bookcorpus,bookcorpus,0.1236956959013904
null,vmf_lloyd100,fidelity_within_r,bookcorpus,bookcorpus,0.3517476015909859
null,vmf_lloyd100,fidelity_within_insample,bookcorpus,bookcorpus,0.12770866790146596
null,vmf_lloyd100,reliability_ceiling,bookcorpus,bookcorpus,0.5368649605538448
null,vmf_lloyd100,triviality_ami_layer,bookcorpus,bookcorpus,0.02830270674366471
null,vmf_lloyd100,triviality_ami_dimension,bookcorpus,bookcorpus,0.0007233518889458961
null,vmf_lloyd100,triviality_ami_hubness,bookcorpus,bookcorpus,0.19005376657645928
null,vmf_lloyd100,triviality_n_effective_networks,bookcorpus,bookcorpus,100.0
null,vmf_lloyd100,triviality_median_max_membership,bookcorpus,bookcorpus,0.425
null,vmf_lloyd100,triviality_frac_confident,bookcorpus,bookcorpus,0.31330128205128205
null,vmf_pca100_lloyd100,reliability_within,bookcorpus,bookcorpus,0.07068323380003953
null,vmf_pca100_lloyd100,fidelity_within,bookcorpus,bookcorpus,0.1508445100519198
null,vmf_pca100_lloyd100,fidelity_within_r,bookcorpus,bookcorpus,0.39075792563599876
null,vmf_pca100_lloyd100,fidelity_within_insample,bookcorpus,bookcorpus,0.18830460996211051
null,vmf_pca100_lloyd100,reliability_ceiling,bookcorpus,bookcorpus,0.4800322069587626
null,vmf_pca100_lloyd100,triviality_ami_layer,bookcorpus,bookcorpus,0.03215512706402826
null,vmf_pca100_lloyd100,triviality_ami_dimension,bookcorpus,bookcorpus,0.0005282253521243183
null,vmf_pca100_lloyd100,triviality_ami_hubness,bookcorpus,bookcorpus,0.17867471740560034
null,vmf_pca100_lloyd100,triviality_n_effective_networks,bookcorpus,bookcorpus,100.0
null,vmf_pca100_lloyd100,triviality_median_max_membership,bookcorpus,bookcorpus,0.475
null,vmf_pca100_lloyd100,triviality_frac_confident,bookcorpus,bookcorpus,0.40414663461538464
null,vmf_pca100_ward100,reliability_within,bookcorpus,bookcorpus,0.18004266097117919
null,vmf_pca100_ward100,fidelity_within,bookcorpus,bookcorpus,0.1402559764960425
null,vmf_pca100_ward100,fidelity_within_r,bookcorpus,bookcorpus,0.37681132529544675
null,vmf_pca100_ward100,fidelity_within_insample,bookcorpus,bookcorpus,0.17523381877968913
null,vmf_pca100_ward100,reliability_ceiling,bookcorpus,bookcorpus,1.0
null,vmf_pca100_ward100,triviality_ami_layer,bookcorpus,bookcorpus,0.026616119163514352
null,vmf_pca100_ward100,triviality_ami_dimension,bookcorpus,bookcorpus,0.0003380272052168656
null,vmf_pca100_ward100,triviality_ami_hubness,bookcorpus,bookcorpus,0.1530207226267301
null,vmf_pca100_ward100,triviality_n_effective_networks,bookcorpus,bookcorpus,100.0
null,vmf_pca100_ward100,triviality_median_max_membership,bookcorpus,bookcorpus,1.0
null,vmf_pca100_ward100,triviality_frac_confident,bookcorpus,bookcorpus,1.0
null,vmf_pca20_lloyd100,reliability_within,bookcorpus,bookcorpus,0.15466366123313727
null,vmf_pca20_lloyd100,fidelity_within,bookcorpus,bookcorpus,0.16121575266824306
null,vmf_pca20_lloyd100,fidelity_within_r,bookcorpus,bookcorpus,0.40392374828546346
null,vmf_pca20_lloyd100,fidelity_within_insample,bookcorpus,bookcorpus,0.20085134021832995
null,vmf_pca20_lloyd100,reliability_ceiling,bookcorpus,bookcorpus,0.7241629016596138
null,vmf_pca20_lloyd100,triviality_ami_layer,bookcorpus,bookcorpus,0.03452545006274175
null,vmf_pca20_lloyd100,triviality_ami_dimension,bookcorpus,bookcorpus,0.0004916111760423407
null,vmf_pca20_lloyd100,triviality_ami_hubness,bookcorpus,bookcorpus,0.18501955895513764
null,vmf_pca20_lloyd100,triviality_n_effective_networks,bookcorpus,bookcorpus,100.0
null,vmf_pca20_lloyd100,triviality_median_max_membership,bookcorpus,bookcorpus,0.575
null,vmf_pca20_lloyd100,triviality_frac_confident,bookcorpus,bookcorpus,0.6144831730769231
null,vmf_pca20_ward100,reliability_within,bookcorpus,bookcorpus,0.18122953680248693
null,vmf_pca20_ward100,fidelity_within,bookcorpus,bookcorpus,0.14389246303647563
null,vmf_pca20_ward100,fidelity_within_r,bookcorpus,bookcorpus,0.3816633844703357
null,vmf_pca20_ward100,fidelity_within_insample,bookcorpus,bookcorpus,0.17976408937246402
null,vmf_pca20_ward100,reliability_ceiling,bookcorpus,bookcorpus,1.0
null,vmf_pca20_ward100,triviality_ami_layer,bookcorpus,bookcorpus,0.029078977467877274
null,vmf_pca20_ward100,triviality_ami_dimension,bookcorpus,bookcorpus,0.00030646920359441837
null,vmf_pca20_ward100,triviality_ami_hubness,bookcorpus,bookcorpus,0.16768351991076813
null,vmf_pca20_ward100,triviality_n_effective_networks,bookcorpus,bookcorpus,100.0
null,vmf_pca20_ward100,triviality_median_max_membership,bookcorpus,bookcorpus,1.0
null,vmf_pca20_ward100,triviality_frac_confident,bookcorpus,bookcorpus,1.0
null,vmf_sparse_lloyd100,reliability_within,bookcorpus,bookcorpus,0.24414156212036964
null,vmf_sparse_lloyd100,fidelity_within,bookcorpus,bookcorpus,0.08935760075100663
null,vmf_sparse_lloyd100,fidelity_within_r,bookcorpus,bookcorpus,0.29898645795348383
null,vmf_sparse_lloyd100,fidelity_within_insample,bookcorpus,bookcorpus,0.09301634819994575
null,vmf_sparse_lloyd100,reliability_ceiling,bookcorpus,bookcorpus,0.671230324557601
null,vmf_sparse_lloyd100,triviality_ami_layer,bookcorpus,bookcorpus,0.027547667051611303
null,vmf_sparse_lloyd100,triviality_ami_dimension,bookcorpus,bookcorpus,0.0004309652620784632
null,vmf_sparse_lloyd100,triviality_ami_hubness,bookcorpus,bookcorpus,0.1606470147512402
null,vmf_sparse_lloyd100,triviality_n_effective_networks,bookcorpus,bookcorpus,100.0
null,vmf_sparse_lloyd100,triviality_median_max_membership,bookcorpus,bookcorpus,0.425
null,vmf_sparse_lloyd100,triviality_frac_confident,bookcorpus,bookcorpus,0.29577323717948717
null,vmf_sparse_ward100,reliability_within,bookcorpus,bookcorpus,0.2228300078049603
null,vmf_sparse_ward100,fidelity_within,bookcorpus,bookcorpus,0.08794001421753406
null,vmf_sparse_ward100,fidelity_within_r,bookcorpus,bookcorpus,0.29755645503360845
null,vmf_sparse_ward100,fidelity_within_insample,bookcorpus,bookcorpus,0.10380363932396008
null,vmf_sparse_ward100,reliability_ceiling,bookcorpus,bookcorpus,1.0
null,vmf_sparse_ward100,triviality_ami_layer,bookcorpus,bookcorpus,0.022503675714510098
null,vmf_sparse_ward100,triviality_ami_dimension,bookcorpus,bookcorpus,0.0006435237850963626
null,vmf_sparse_ward100,triviality_ami_hubness,bookcorpus,bookcorpus,0.1361015307748036
null,vmf_sparse_ward100,triviality_n_effective_networks,bookcorpus,bookcorpus,100.0
null,vmf_sparse_ward100,triviality_median_max_membership,bookcorpus,bookcorpus,1.0
null,vmf_sparse_ward100,triviality_frac_confident,bookcorpus,bookcorpus,1.0
null,vmf_ward,reliability_within,bookcorpus,bookcorpus,0.25085999904835393
null,vmf_ward,fidelity_within,bookcorpus,bookcorpus,0.12568993522771488
null,vmf_ward,fidelity_within_r,bookcorpus,bookcorpus,0.35481491740417415
null,vmf_ward,fidelity_within_insample,bookcorpus,bookcorpus,0.13633224104195818
null,vmf_ward,reliability_ceiling,bookcorpus,bookcorpus,1.0
null,vmf_ward,triviality_ami_layer,bookcorpus,bookcorpus,0.025976281503964967
null,vmf_ward,triviality_ami_dimension,bookcorpus,bookcorpus,-0.00017738249037750034
null,vmf_ward,triviality_ami_hubness,bookcorpus,bookcorpus,0.17175038117843225
null,vmf_ward,triviality_n_effective_networks,bookcorpus,bookcorpus,50.0
null,vmf_ward,triviality_median_max_membership,bookcorpus,bookcorpus,1.0
null,vmf_ward,triviality_frac_confident,bookcorpus,bookcorpus,1.0
null,vmf_ward100,reliability_within,bookcorpus,bookcorpus,0.17873034464162726
null,vmf_ward100,fidelity_within,bookcorpus,bookcorpus,0.1315016494630692
null,vmf_ward100,fidelity_within_r,bookcorpus,bookcorpus,0.3637652015437332
null,vmf_ward100,fidelity_within_insample,bookcorpus,bookcorpus,0.15416434091343167
null,vmf_ward100,reliability_ceiling,bookcorpus,bookcorpus,1.0
null,vmf_ward100,triviality_ami_layer,bookcorpus,bookcorpus,0.024993369852662064
null,vmf_ward100,triviality_ami_dimension,bookcorpus,bookcorpus,-0.0001874068295166725
null,vmf_ward100,triviality_ami_hubness,bookcorpus,bookcorpus,0.15493360656683744
null,vmf_ward100,triviality_n_effective_networks,bookcorpus,bookcorpus,100.0
null,vmf_ward100,triviality_median_max_membership,bookcorpus,bookcorpus,1.0
null,vmf_ward100,triviality_frac_confident,bookcorpus,bookcorpus,1.0
null,vmf_ward100_bm,reliability_within,bookcorpus,bookcorpus,0.18526651721244772
null,vmf_ward100_bm,fidelity_within,bookcorpus,bookcorpus,0.42598757897153183
null,vmf_ward100_bm,fidelity_within_r,bookcorpus,bookcorpus,0.6530092186718541
null,vmf_ward100_bm,fidelity_within_insample,bookcorpus,bookcorpus,0.45446218456866316
null,vmf_ward100_bm,reliability_ceiling,bookcorpus,bookcorpus,1.0
null,vmf_ward100_bm,triviality_ami_layer,bookcorpus,bookcorpus,0.05685575442379436
null,vmf_ward100_bm,triviality_ami_dimension,bookcorpus,bookcorpus,-0.0008590967581628533
null,vmf_ward100_bm,triviality_ami_hubness,bookcorpus,bookcorpus,0.38114332974639986
null,vmf_ward100_bm,triviality_n_effective_networks,bookcorpus,bookcorpus,100.0
null,vmf_ward100_bm,triviality_median_max_membership,bookcorpus,bookcorpus,1.0
null,vmf_ward100_bm,triviality_frac_confident,bookcorpus,bookcorpus,1.0
null,vmf_ward100_bm_degree,reliability_within,bookcorpus,bookcorpus,0.10434548440330155
null,vmf_ward100_bm_degree,fidelity_within,bookcorpus,bookcorpus,0.41844500780247784
null,vmf_ward100_bm_degree,fidelity_within_r,bookcorpus,bookcorpus,0.6474164003648933
null,vmf_ward100_bm_degree,fidelity_within_insample,bookcorpus,bookcorpus,0.45460667488268336
null,vmf_ward100_bm_degree,reliability_ceiling,bookcorpus,bookcorpus,1.0
null,vmf_ward100_bm_degree,triviality_ami_layer,bookcorpus,bookcorpus,0.03808930898045216
null,vmf_ward100_bm_degree,triviality_ami_dimension,bookcorpus,bookcorpus,0.0002808876630397461
null,vmf_ward100_bm_degree,triviality_ami_hubness,bookcorpus,bookcorpus,0.206517998530499
null,vmf_ward100_bm_degree,triviality_n_effective_networks,bookcorpus,bookcorpus,100.0
null,vmf_ward100_bm_degree,triviality_median_max_membership,bookcorpus,bookcorpus,1.0
null,vmf_ward100_bm_degree,triviality_frac_confident,bookcorpus,bookcorpus,1.0
null,vmf_ward100_bm_double,reliability_within,bookcorpus,bookcorpus,0.1391625162912776
null,vmf_ward100_bm_double,fidelity_within,bookcorpus,bookcorpus,0.4157387548952999
null,vmf_ward100_bm_double,fidelity_within_r,bookcorpus,bookcorpus,0.6455286042580609
null,vmf_ward100_bm_double,fidelity_within_insample,bookcorpus,bookcorpus,0.45828502083700695
null,vmf_ward100_bm_double,reliability_ceiling,bookcorpus,bookcorpus,1.0
null,vmf_ward100_bm_double,triviality_ami_layer,bookcorpus,bookcorpus,0.04124570617936245
null,vmf_ward100_bm_double,triviality_ami_dimension,bookcorpus,bookcorpus,-0.00025615559820704454
null,vmf_ward100_bm_double,triviality_ami_hubness,bookcorpus,bookcorpus,0.22981448611562713
null,vmf_ward100_bm_double,triviality_n_effective_networks,bookcorpus,bookcorpus,100.0
null,vmf_ward100_bm_double,triviality_median_max_membership,bookcorpus,bookcorpus,1.0
null,vmf_ward100_bm_double,triviality_frac_confident,bookcorpus,bookcorpus,1.0
null,vmf_ward150,reliability_within,bookcorpus,bookcorpus,0.048528558056869425
null,vmf_ward150,fidelity_within,bookcorpus,bookcorpus,0.1430246617732489
null,vmf_ward150,fidelity_within_r,bookcorpus,bookcorpus,0.3801239134518792
null,vmf_ward150,fidelity_within_insample,bookcorpus,bookcorpus,0.17526984484664576
null,vmf_ward150,reliability_ceiling,bookcorpus,bookcorpus,1.0
null,vmf_ward150,triviality_ami_layer,bookcorpus,bookcorpus,0.022819679792157863
null,vmf_ward150,triviality_ami_dimension,bookcorpus,bookcorpus,-0.0003904546701885437
null,vmf_ward150,triviality_ami_hubness,bookcorpus,bookcorpus,0.1392615702427974
null,vmf_ward150,triviality_n_effective_networks,bookcorpus,bookcorpus,150.0
null,vmf_ward150,triviality_median_max_membership,bookcorpus,bookcorpus,1.0
null,vmf_ward150,triviality_frac_confident,bookcorpus,bookcorpus,1.0
null,vmf_ward200,reliability_within,bookcorpus,bookcorpus,0.011730064376709237
null,vmf_ward200,fidelity_within,bookcorpus,bookcorpus,0.14524176260126265
null,vmf_ward200,fidelity_within_r,bookcorpus,bookcorpus,0.38321158964855245
null,vmf_ward200,fidelity_within_insample,bookcorpus,bookcorpus,0.17937390732815672
null,vmf_ward200,reliability_ceiling,bookcorpus,bookcorpus,1.0
null,vmf_ward200,triviality_ami_layer,bookcorpus,bookcorpus,0.0207673960509411
null,vmf_ward200,triviality_ami_dimension,bookcorpus,bookcorpus,0.00013303523141748458
null,vmf_ward200,triviality_ami_hubness,bookcorpus,bookcorpus,0.12645776608786208
null,vmf_ward200,triviality_n_effective_networks,bookcorpus,bookcorpus,200.0
null,vmf_ward200,triviality_median_max_membership,bookcorpus,bookcorpus,1.0
null,vmf_ward200,triviality_frac_confident,bookcorpus,bookcorpus,1.0
null,vmf_wardlloyd100,reliability_within,bookcorpus,bookcorpus,0.22311433157013474
null,vmf_wardlloyd100,fidelity_within,bookcorpus,bookcorpus,0.1503886341717997
null,vmf_wardlloyd100,fidelity_within_r,bookcorpus,bookcorpus,0.38868056209808843
null,vmf_wardlloyd100,fidelity_within_insample,bookcorpus,bookcorpus,0.17224030234125964
null,vmf_wardlloyd100,reliability_ceiling,bookcorpus,bookcorpus,1.0
null,vmf_wardlloyd100,triviality_ami_layer,bookcorpus,bookcorpus,0.030181186372239613
null,vmf_wardlloyd100,triviality_ami_dimension,bookcorpus,bookcorpus,-0.0009603889784795487
null,vmf_wardlloyd100,triviality_ami_hubness,bookcorpus,bookcorpus,0.17663058964070577
null,vmf_wardlloyd100,triviality_n_effective_networks,bookcorpus,bookcorpus,100.0
null,vmf_wardlloyd100,triviality_median_max_membership,bookcorpus,bookcorpus,1.0
null,vmf_wardlloyd100,triviality_frac_confident,bookcorpus,bookcorpus,1.0
null,(ceiling),fidelity_within,agnews,agnews,-0.15684586630037
null,(ceiling),fidelity_within_r,agnews,agnews,0.4257148198196732
null,vmf_lloyd100,reliability_within,agnews,agnews,0.22498813252651542
null,vmf_lloyd100,fidelity_within,agnews,agnews,0.14489735096612255
null,vmf_lloyd100,fidelity_within_r,agnews,agnews,0.3806951212782492
null,vmf_lloyd100,fidelity_within_insample,agnews,agnews,0.14711389834182975
null,vmf_lloyd100,reliability_ceiling,agnews,agnews,0.5542226263614537
null,vmf_lloyd100,triviality_ami_layer,agnews,agnews,0.0516871863963759
null,vmf_lloyd100,triviality_ami_dimension,agnews,agnews,0.00011185025788643463
null,vmf_lloyd100,triviality_ami_hubness,agnews,agnews,0.2687527945998089
null,vmf_lloyd100,triviality_n_effective_networks,agnews,agnews,100.0
null,vmf_lloyd100,triviality_median_max_membership,agnews,agnews,0.475
null,vmf_lloyd100,triviality_frac_confident,agnews,agnews,0.44811698717948717
null,vmf_pca100_lloyd100,reliability_within,agnews,agnews,0.05805633813365096
null,vmf_pca100_lloyd100,fidelity_within,agnews,agnews,0.17581390564581345
null,vmf_pca100_lloyd100,fidelity_within_r,agnews,agnews,0.4234571442361654
null,vmf_pca100_lloyd100,fidelity_within_insample,agnews,agnews,0.22963640782350048
null,vmf_pca100_lloyd100,reliability_ceiling,agnews,agnews,0.3723349533409412
null,vmf_pca100_lloyd100,triviality_ami_layer,agnews,agnews,0.04612611282338482
null,vmf_pca100_lloyd100,triviality_ami_dimension,agnews,agnews,-0.00015154573352327343
null,vmf_pca100_lloyd100,triviality_ami_hubness,agnews,agnews,0.22338208655663258
null,vmf_pca100_lloyd100,triviality_n_effective_networks,agnews,agnews,100.0
null,vmf_pca100_lloyd100,triviality_median_max_membership,agnews,agnews,0.4
null,vmf_pca100_lloyd100,triviality_frac_confident,agnews,agnews,0.25951522435897434
null,vmf_pca100_ward100,reliability_within,agnews,agnews,0.15362616705757767
null,vmf_pca100_ward100,fidelity_within,agnews,agnews,0.1766225335701045
null,vmf_pca100_ward100,fidelity_within_r,agnews,agnews,0.42547927535006724
null,vmf_pca100_ward100,fidelity_within_insample,agnews,agnews,0.23852539738623646
null,vmf_pca100_ward100,reliability_ceiling,agnews,agnews,1.0
null,vmf_pca100_ward100,triviality_ami_layer,agnews,agnews,0.03950265407179054
null,vmf_pca100_ward100,triviality_ami_dimension,agnews,agnews,-0.0001716523835556944
null,vmf_pca100_ward100,triviality_ami_hubness,agnews,agnews,0.18804050884335297
null,vmf_pca100_ward100,triviality_n_effective_networks,agnews,agnews,100.0
null,vmf_pca100_ward100,triviality_median_max_membership,agnews,agnews,1.0
null,vmf_pca100_ward100,triviality_frac_confident,agnews,agnews,1.0
null,vmf_pca20_lloyd100,reliability_within,agnews,agnews,0.1249586872049738
null,vmf_pca20_lloyd100,fidelity_within,agnews,agnews,0.17352692853453378
null,vmf_pca20_lloyd100,fidelity_within_r,agnews,agnews,0.4225449172205281
null,vmf_pca20_lloyd100,fidelity_within_insample,agnews,agnews,0.2399726026194101
null,vmf_pca20_lloyd100,reliability_ceiling,agnews,agnews,0.666128920244742
null,vmf_pca20_lloyd100,triviality_ami_layer,agnews,agnews,0.045944694133618645
null,vmf_pca20_lloyd100,triviality_ami_dimension,agnews,agnews,0.00014780206029250994
null,vmf_pca20_lloyd100,triviality_ami_hubness,agnews,agnews,0.23177738893523536
null,vmf_pca20_lloyd100,triviality_n_effective_networks,agnews,agnews,100.0
null,vmf_pca20_lloyd100,triviality_median_max_membership,agnews,agnews,0.525
null,vmf_pca20_lloyd100,triviality_frac_confident,agnews,agnews,0.5287459935897436
null,vmf_pca20_ward100,reliability_within,agnews,agnews,0.130287687602316
null,vmf_pca20_ward100,fidelity_within,agnews,agnews,0.17269618282337185
null,vmf_pca20_ward100,fidelity_within_r,agnews,agnews,0.4216668625551425
null,vmf_pca20_ward100,fidelity_within_insample,agnews,agnews,0.23973024276324273
null,vmf_pca20_ward100,reliability_ceiling,agnews,agnews,1.0
null,vmf_pca20_ward100,triviality_ami_layer,agnews,agnews,0.04320205148670418
null,vmf_pca20_ward100,triviality_ami_dimension,agnews,agnews,0.0012798731848725445
null,vmf_pca20_ward100,triviality_ami_hubness,agnews,agnews,0.209040259851578
null,vmf_pca20_ward100,triviality_n_effective_networks,agnews,agnews,100.0
null,vmf_pca20_ward100,triviality_median_max_membership,agnews,agnews,1.0
null,vmf_pca20_ward100,triviality_frac_confident,agnews,agnews,1.0
null,vmf_sparse_lloyd100,reliability_within,agnews,agnews,0.19658483518920083
null,vmf_sparse_lloyd100,fidelity_within,agnews,agnews,0.12476601518075647
null,vmf_sparse_lloyd100,fidelity_within_r,agnews,agnews,0.35326317080471853
null,vmf_sparse_lloyd100,fidelity_within_insample,agnews,agnews,0.12679635112103027
null,vmf_sparse_lloyd100,reliability_ceiling,agnews,agnews,0.4706772674846595
null,vmf_sparse_lloyd100,triviality_ami_layer,agnews,agnews,0.041449937660183886
null,vmf_sparse_lloyd100,triviality_ami_dimension,agnews,agnews,-0.000916157381444662
null,vmf_sparse_lloyd100,triviality_ami_hubness,agnews,agnews,0.20009008150685512
null,vmf_sparse_lloyd100,triviality_n_effective_networks,agnews,agnews,100.0
null,vmf_sparse_lloyd100,triviality_median_max_membership,agnews,agnews,0.45
null,vmf_sparse_lloyd100,triviality_frac_confident,agnews,agnews,0.3769030448717949
null,vmf_sparse_ward100,reliability_within,agnews,agnews,0.180357624123801
null,vmf_sparse_ward100,fidelity_within,agnews,agnews,0.1277368782664604
null,vmf_sparse_ward100,fidelity_within_r,agnews,agnews,0.3602879167303006
null,vmf_sparse_ward100,fidelity_within_insample,agnews,agnews,0.16233302348890832
null,vmf_sparse_ward100,reliability_ceiling,agnews,agnews,1.0
null,vmf_sparse_ward100,triviality_ami_layer,agnews,agnews,0.036044508465553765
null,vmf_sparse_ward100,triviality_ami_dimension,agnews,agnews,-0.0012765983151916541
null,vmf_sparse_ward100,triviality_ami_hubness,agnews,agnews,0.1516311936226918
null,vmf_sparse_ward100,triviality_n_effective_networks,agnews,agnews,100.0
null,vmf_sparse_ward100,triviality_median_max_membership,agnews,agnews,1.0
null,vmf_sparse_ward100,triviality_frac_confident,agnews,agnews,1.0
null,vmf_ward,reliability_within,agnews,agnews,0.17172893217108098
null,vmf_ward,fidelity_within,agnews,agnews,0.17465945598260446
null,vmf_ward,fidelity_within_r,agnews,agnews,0.4198669355626738
null,vmf_ward,fidelity_within_insample,agnews,agnews,0.20880621043153003
null,vmf_ward,reliability_ceiling,agnews,agnews,1.0
null,vmf_ward,triviality_ami_layer,agnews,agnews,0.04109065682823882
null,vmf_ward,triviality_ami_dimension,agnews,agnews,0.00041579885476671703
null,vmf_ward,triviality_ami_hubness,agnews,agnews,0.19940951869020068
null,vmf_ward,triviality_n_effective_networks,agnews,agnews,50.0
null,vmf_ward,triviality_median_max_membership,agnews,agnews,1.0
null,vmf_ward,triviality_frac_confident,agnews,agnews,1.0
null,vmf_ward100,reliability_within,agnews,agnews,0.03299727388399355
null,vmf_ward100,fidelity_within,agnews,agnews,0.17275929018098335
null,vmf_ward100,fidelity_within_r,agnews,agnews,0.41807130817354443
null,vmf_ward100,fidelity_within_insample,agnews,agnews,0.21138999153102922
null,vmf_ward100,reliability_ceiling,agnews,agnews,1.0
null,vmf_ward100,triviality_ami_layer,agnews,agnews,0.036190144126409626
null,vmf_ward100,triviality_ami_dimension,agnews,agnews,0.00111707204310256
null,vmf_ward100,triviality_ami_hubness,agnews,agnews,0.16748133637718252
null,vmf_ward100,triviality_n_effective_networks,agnews,agnews,100.0
null,vmf_ward100,triviality_median_max_membership,agnews,agnews,1.0
null,vmf_ward100,triviality_frac_confident,agnews,agnews,1.0
null,vmf_ward100_bm,reliability_within,agnews,agnews,0.10542085427435827
null,vmf_ward100_bm,fidelity_within,agnews,agnews,0.37011518950140276
null,vmf_ward100_bm,fidelity_within_r,agnews,agnews,0.6106554067877619
null,vmf_ward100_bm,fidelity_within_insample,agnews,agnews,0.43389926329842643
null,vmf_ward100_bm,reliability_ceiling,agnews,agnews,1.0
null,vmf_ward100_bm,triviality_ami_layer,agnews,agnews,0.06805585010549708
null,vmf_ward100_bm,triviality_ami_dimension,agnews,agnews,-0.0009425070624360537
null,vmf_ward100_bm,triviality_ami_hubness,agnews,agnews,0.4328025362752778
null,vmf_ward100_bm,triviality_n_effective_networks,agnews,agnews,100.0
null,vmf_ward100_bm,triviality_median_max_membership,agnews,agnews,1.0
null,vmf_ward100_bm,triviality_frac_confident,agnews,agnews,1.0
null,vmf_ward100_bm_degree,reliability_within,agnews,agnews,0.05317633825427956
null,vmf_ward100_bm_degree,fidelity_within,agnews,agnews,0.3584692461240626
null,vmf_ward100_bm_degree,fidelity_within_r,agnews,agnews,0.6015168149066895
null,vmf_ward100_bm_degree,fidelity_within_insample,agnews,agnews,0.42867887088388035
null,vmf_ward100_bm_degree,reliability_ceiling,agnews,agnews,1.0
null,vmf_ward100_bm_degree,triviality_ami_layer,agnews,agnews,0.05328531068426049
null,vmf_ward100_bm_degree,triviality_ami_dimension,agnews,agnews,-0.00023749954824383652
null,vmf_ward100_bm_degree,triviality_ami_hubness,agnews,agnews,0.2782866407498534
null,vmf_ward100_bm_degree,triviality_n_effective_networks,agnews,agnews,100.0
null,vmf_ward100_bm_degree,triviality_median_max_membership,agnews,agnews,1.0
null,vmf_ward100_bm_degree,triviality_frac_confident,agnews,agnews,1.0
null,vmf_ward100_bm_double,reliability_within,agnews,agnews,0.06560640732888541
null,vmf_ward100_bm_double,fidelity_within,agnews,agnews,0.3677806185976319
null,vmf_ward100_bm_double,fidelity_within_r,agnews,agnews,0.6089010425820763
null,vmf_ward100_bm_double,fidelity_within_insample,agnews,agnews,0.4339806169350704
null,vmf_ward100_bm_double,reliability_ceiling,agnews,agnews,1.0
null,vmf_ward100_bm_double,triviality_ami_layer,agnews,agnews,0.05761330803203127
null,vmf_ward100_bm_double,triviality_ami_dimension,agnews,agnews,-0.0005457911373437781
null,vmf_ward100_bm_double,triviality_ami_hubness,agnews,agnews,0.3114790369996108
null,vmf_ward100_bm_double,triviality_n_effective_networks,agnews,agnews,100.0
null,vmf_ward100_bm_double,triviality_median_max_membership,agnews,agnews,1.0
null,vmf_ward100_bm_double,triviality_frac_confident,agnews,agnews,1.0
null,vmf_ward150,reliability_within,agnews,agnews,0.011183627981280557
null,vmf_ward150,fidelity_within,agnews,agnews,0.17352252996286588
null,vmf_ward150,fidelity_within_r,agnews,agnews,0.41907585766196775
null,vmf_ward150,fidelity_within_insample,agnews,agnews,0.21309165732547142
null,vmf_ward150,reliability_ceiling,agnews,agnews,1.0
null,vmf_ward150,triviality_ami_layer,agnews,agnews,0.034331549833332003
null,vmf_ward150,triviality_ami_dimension,agnews,agnews,0.00043522096024251305
null,vmf_ward150,triviality_ami_hubness,agnews,agnews,0.15601935284199234
null,vmf_ward150,triviality_n_effective_networks,agnews,agnews,150.0
null,vmf_ward150,triviality_median_max_membership,agnews,agnews,1.0
null,vmf_ward150,triviality_frac_confident,agnews,agnews,1.0
null,vmf_ward200,reliability_within,agnews,agnews,0.007350861444425036
null,vmf_ward200,fidelity_within,agnews,agnews,0.1734846660077467
null,vmf_ward200,fidelity_within_r,agnews,agnews,0.41905673512356423
null,vmf_ward200,fidelity_within_insample,agnews,agnews,0.21329191007622106
null,vmf_ward200,reliability_ceiling,agnews,agnews,1.0
null,vmf_ward200,triviality_ami_layer,agnews,agnews,0.033618298403881954
null,vmf_ward200,triviality_ami_dimension,agnews,agnews,-0.00012373973109643216
null,vmf_ward200,triviality_ami_hubness,agnews,agnews,0.15011313105587346
null,vmf_ward200,triviality_n_effective_networks,agnews,agnews,200.0
null,vmf_ward200,triviality_median_max_membership,agnews,agnews,1.0
null,vmf_ward200,triviality_frac_confident,agnews,agnews,1.0
null,vmf_wardlloyd100,reliability_within,agnews,agnews,0.03589410826020636
null,vmf_wardlloyd100,fidelity_within,agnews,agnews,0.17244725141681017
null,vmf_wardlloyd100,fidelity_within_r,agnews,agnews,0.41788423426783033
null,vmf_wardlloyd100,fidelity_within_insample,agnews,agnews,0.21277148613443309
null,vmf_wardlloyd100,reliability_ceiling,agnews,agnews,1.0
null,vmf_wardlloyd100,triviality_ami_layer,agnews,agnews,0.03730606662686398
null,vmf_wardlloyd100,triviality_ami_dimension,agnews,agnews,0.0010906892926528698
null,vmf_wardlloyd100,triviality_ami_hubness,agnews,agnews,0.17273325908239448
null,vmf_wardlloyd100,triviality_n_effective_networks,agnews,agnews,100.0
null,vmf_wardlloyd100,triviality_median_max_membership,agnews,agnews,1.0
null,vmf_wardlloyd100,triviality_frac_confident,agnews,agnews,1.0
null,(ceiling),fidelity_within,tldr17,tldr17,-0.1801692429567292
null,(ceiling),fidelity_within_r,tldr17,tldr17,0.41554391990829437
null,vmf_lloyd100,reliability_within,tldr17,tldr17,0.236050341120732
null,vmf_lloyd100,fidelity_within,tldr17,tldr17,0.18181578749562122
null,vmf_lloyd100,fidelity_within_r,tldr17,tldr17,0.4265018288997011
null,vmf_lloyd100,fidelity_within_insample,tldr17,tldr17,0.18484490864085334
null,vmf_lloyd100,reliability_ceiling,tldr17,tldr17,0.41034134386891624
null,vmf_lloyd100,triviality_ami_layer,tldr17,tldr17,0.05966817593780168
null,vmf_lloyd100,triviality_ami_dimension,tldr17,tldr17,-0.0020764715699666545
null,vmf_lloyd100,triviality_ami_hubness,tldr17,tldr17,0.3433141040711122
null,vmf_lloyd100,triviality_n_effective_networks,tldr17,tldr17,100.0
null,vmf_lloyd100,triviality_median_max_membership,tldr17,tldr17,0.35
null,vmf_lloyd100,triviality_frac_confident,tldr17,tldr17,0.24068509615384615
null,vmf_pca100_lloyd100,reliability_within,tldr17,tldr17,0.06382561670281467
null,vmf_pca100_lloyd100,fidelity_within,tldr17,tldr17,0.18222714665567585
null,vmf_pca100_lloyd100,fidelity_within_r,tldr17,tldr17,0.43080021629171644
null,vmf_pca100_lloyd100,fidelity_within_insample,tldr17,tldr17,0.23415903129167526
null,vmf_pca100_lloyd100,reliability_ceiling,tldr17,tldr17,0.3623570487441014
null,vmf_pca100_lloyd100,triviality_ami_layer,tldr17,tldr17,0.0560834973748485
null,vmf_pca100_lloyd100,triviality_ami_dimension,tldr17,tldr17,-0.0005091775221107697
null,vmf_pca100_lloyd100,triviality_ami_hubness,tldr17,tldr17,0.31373449766995026
null,vmf_pca100_lloyd100,triviality_n_effective_networks,tldr17,tldr17,100.0
null,vmf_pca100_lloyd100,triviality_median_max_membership,tldr17,tldr17,0.4
null,vmf_pca100_lloyd100,triviality_frac_confident,tldr17,tldr17,0.254306891025641
null,vmf_pca100_ward100,reliability_within,tldr17,tldr17,0.19150984267130647
null,vmf_pca100_ward100,fidelity_within,tldr17,tldr17,0.21008275848684888
null,vmf_pca100_ward100,fidelity_within_r,tldr17,tldr17,0.46234813484722914
null,vmf_pca100_ward100,fidelity_within_insample,tldr17,tldr17,0.26816299730848925
null,vmf_pca100_ward100,reliability_ceiling,tldr17,tldr17,1.0
null,vmf_pca100_ward100,triviality_ami_layer,tldr17,tldr17,0.05236458228675643
null,vmf_pca100_ward100,triviality_ami_dimension,tldr17,tldr17,-0.0016651849873451305
null,vmf_pca100_ward100,triviality_ami_hubness,tldr17,tldr17,0.281977022056367
null,vmf_pca100_ward100,triviality_n_effective_networks,tldr17,tldr17,100.0
null,vmf_pca100_ward100,triviality_median_max_membership,tldr17,tldr17,1.0
null,vmf_pca100_ward100,triviality_frac_confident,tldr17,tldr17,1.0
null,vmf_pca20_lloyd100,reliability_within,tldr17,tldr17,0.11422840657088415
null,vmf_pca20_lloyd100,fidelity_within,tldr17,tldr17,0.19400402266647832
null,vmf_pca20_lloyd100,fidelity_within_r,tldr17,tldr17,0.4454905629838831
null,vmf_pca20_lloyd100,fidelity_within_insample,tldr17,tldr17,0.2572426804883622
null,vmf_pca20_lloyd100,reliability_ceiling,tldr17,tldr17,0.727721463700387
null,vmf_pca20_lloyd100,triviality_ami_layer,tldr17,tldr17,0.05396847983074772
null,vmf_pca20_lloyd100,triviality_ami_dimension,tldr17,tldr17,-0.0002620608124085776
null,vmf_pca20_lloyd100,triviality_ami_hubness,tldr17,tldr17,0.32171625641915125
null,vmf_pca20_lloyd100,triviality_n_effective_networks,tldr17,tldr17,100.0
null,vmf_pca20_lloyd100,triviality_median_max_membership,tldr17,tldr17,0.575
null,vmf_pca20_lloyd100,triviality_frac_confident,tldr17,tldr17,0.596854967948718
null,vmf_pca20_ward100,reliability_within,tldr17,tldr17,0.08989659206166525
null,vmf_pca20_ward100,fidelity_within,tldr17,tldr17,0.20330735127423072
null,vmf_pca20_ward100,fidelity_within_r,tldr17,tldr17,0.45640299298515513
null,vmf_pca20_ward100,fidelity_within_insample,tldr17,tldr17,0.2723736636304913
null,vmf_pca20_ward100,reliability_ceiling,tldr17,tldr17,1.0
null,vmf_pca20_ward100,triviality_ami_layer,tldr17,tldr17,0.05123446515568248
null,vmf_pca20_ward100,triviality_ami_dimension,tldr17,tldr17,-0.0010285640300893824
null,vmf_pca20_ward100,triviality_ami_hubness,tldr17,tldr17,0.2901656264370511
null,vmf_pca20_ward100,triviality_n_effective_networks,tldr17,tldr17,100.0
null,vmf_pca20_ward100,triviality_median_max_membership,tldr17,tldr17,1.0
null,vmf_pca20_ward100,triviality_frac_confident,tldr17,tldr17,1.0
null,vmf_sparse_lloyd100,reliability_within,tldr17,tldr17,0.17304185952283138
null,vmf_sparse_lloyd100,fidelity_within,tldr17,tldr17,0.14912339321838575
null,vmf_sparse_lloyd100,fidelity_within_r,tldr17,tldr17,0.38628170539409856
null,vmf_sparse_lloyd100,fidelity_within_insample,tldr17,tldr17,0.15228320020197683
null,vmf_sparse_lloyd100,reliability_ceiling,tldr17,tldr17,0.3901717855008952
null,vmf_sparse_lloyd100,triviality_ami_layer,tldr17,tldr17,0.05075885708233876
null,vmf_sparse_lloyd100,triviality_ami_dimension,tldr17,tldr17,-0.0012912891307478404
null,vmf_sparse_lloyd100,triviality_ami_hubness,tldr17,tldr17,0.26803779249599174
null,vmf_sparse_lloyd100,triviality_n_effective_networks,tldr17,tldr17,100.0
null,vmf_sparse_lloyd100,triviality_median_max_membership,tldr17,tldr17,0.325
null,vmf_sparse_lloyd100,triviality_frac_confident,tldr17,tldr17,0.22185496794871795
null,vmf_sparse_ward100,reliability_within,tldr17,tldr17,0.16250159047010213
null,vmf_sparse_ward100,fidelity_within,tldr17,tldr17,0.15757997634864285
null,vmf_sparse_ward100,fidelity_within_r,tldr17,tldr17,0.3986822239501432
null,vmf_sparse_ward100,fidelity_within_insample,tldr17,tldr17,0.1858726819501666
null,vmf_sparse_ward100,reliability_ceiling,tldr17,tldr17,1.0
null,vmf_sparse_ward100,triviality_ami_layer,tldr17,tldr17,0.04564572128397877
null,vmf_sparse_ward100,triviality_ami_dimension,tldr17,tldr17,-0.0012969229347605147
null,vmf_sparse_ward100,triviality_ami_hubness,tldr17,tldr17,0.2254084348215406
null,vmf_sparse_ward100,triviality_n_effective_networks,tldr17,tldr17,100.0
null,vmf_sparse_ward100,triviality_median_max_membership,tldr17,tldr17,1.0
null,vmf_sparse_ward100,triviality_frac_confident,tldr17,tldr17,1.0
null,vmf_ward,reliability_within,tldr17,tldr17,0.15915879536331476
null,vmf_ward,fidelity_within,tldr17,tldr17,0.18871321500588478
null,vmf_ward,fidelity_within_r,tldr17,tldr17,0.4357260654304095
null,vmf_ward,fidelity_within_insample,tldr17,tldr17,0.2159055329303201
null,vmf_ward,reliability_ceiling,tldr17,tldr17,1.0
null,vmf_ward,triviality_ami_layer,tldr17,tldr17,0.05598320448565446
null,vmf_ward,triviality_ami_dimension,tldr17,tldr17,-0.0012988223176530539
null,vmf_ward,triviality_ami_hubness,tldr17,tldr17,0.2980680082929826
null,vmf_ward,triviality_n_effective_networks,tldr17,tldr17,50.0
null,vmf_ward,triviality_median_max_membership,tldr17,tldr17,1.0
null,vmf_ward,triviality_frac_confident,tldr17,tldr17,1.0
null,vmf_ward100,reliability_within,tldr17,tldr17,0.0328627417280668
null,vmf_ward100,fidelity_within,tldr17,tldr17,0.19596513926450987
null,vmf_ward100,fidelity_within_r,tldr17,tldr17,0.4447734561540907
null,vmf_ward100,fidelity_within_insample,tldr17,tldr17,0.2332080393556254
null,vmf_ward100,reliability_ceiling,tldr17,tldr17,1.0
null,vmf_ward100,triviality_ami_layer,tldr17,tldr17,0.0479797394691658
null,vmf_ward100,triviality_ami_dimension,tldr17,tldr17,-0.001057524108218475
null,vmf_ward100,triviality_ami_hubness,tldr17,tldr17,0.25602508731627066
null,vmf_ward100,triviality_n_effective_networks,tldr17,tldr17,100.0
null,vmf_ward100,triviality_median_max_membership,tldr17,tldr17,1.0
null,vmf_ward100,triviality_frac_confident,tldr17,tldr17,1.0
null,vmf_ward100_bm,reliability_within,tldr17,tldr17,0.09621456031909437
null,vmf_ward100_bm,fidelity_within,tldr17,tldr17,0.35791645371627434
null,vmf_ward100_bm,fidelity_within_r,tldr17,tldr17,0.6007219342501309
null,vmf_ward100_bm,fidelity_within_insample,tldr17,tldr17,0.42064564549522643
null,vmf_ward100_bm,reliability_ceiling,tldr17,tldr17,1.0
null,vmf_ward100_bm,triviality_ami_layer,tldr17,tldr17,0.06345278207132829
null,vmf_ward100_bm,triviality_ami_dimension,tldr17,tldr17,0.00035493350847895446
null,vmf_ward100_bm,triviality_ami_hubness,tldr17,tldr17,0.5016831953968739
null,vmf_ward100_bm,triviality_n_effective_networks,tldr17,tldr17,100.0
null,vmf_ward100_bm,triviality_median_max_membership,tldr17,tldr17,1.0
null,vmf_ward100_bm,triviality_frac_confident,tldr17,tldr17,1.0
null,vmf_ward100_bm_degree,reliability_within,tldr17,tldr17,0.051810883792788996
null,vmf_ward100_bm_degree,fidelity_within,tldr17,tldr17,0.35707728405921224
null,vmf_ward100_bm_degree,fidelity_within_r,tldr17,tldr17,0.6000034979603668
null,vmf_ward100_bm_degree,fidelity_within_insample,tldr17,tldr17,0.4194436777029543
null,vmf_ward100_bm_degree,reliability_ceiling,tldr17,tldr17,1.0
null,vmf_ward100_bm_degree,triviality_ami_layer,tldr17,tldr17,0.05862712174488727
null,vmf_ward100_bm_degree,triviality_ami_dimension,tldr17,tldr17,-0.00010936594173050294
null,vmf_ward100_bm_degree,triviality_ami_hubness,tldr17,tldr17,0.3511045167389309
null,vmf_ward100_bm_degree,triviality_n_effective_networks,tldr17,tldr17,100.0
null,vmf_ward100_bm_degree,triviality_median_max_membership,tldr17,tldr17,1.0
null,vmf_ward100_bm_degree,triviality_frac_confident,tldr17,tldr17,1.0
null,vmf_ward100_bm_double,reliability_within,tldr17,tldr17,0.06318014503843972
null,vmf_ward100_bm_double,fidelity_within,tldr17,tldr17,0.35715588917821506
null,vmf_ward100_bm_double,fidelity_within_r,tldr17,tldr17,0.6000377357867189
null,vmf_ward100_bm_double,fidelity_within_insample,tldr17,tldr17,0.4190389510874851
null,vmf_ward100_bm_double,reliability_ceiling,tldr17,tldr17,1.0
null,vmf_ward100_bm_double,triviality_ami_layer,tldr17,tldr17,0.058895191729492855
null,vmf_ward100_bm_double,triviality_ami_dimension,tldr17,tldr17,-0.0005258946045905016
null,vmf_ward100_bm_double,triviality_ami_hubness,tldr17,tldr17,0.38804316669607625
null,vmf_ward100_bm_double,triviality_n_effective_networks,tldr17,tldr17,100.0
null,vmf_ward100_bm_double,triviality_median_max_membership,tldr17,tldr17,1.0
null,vmf_ward100_bm_double,triviality_frac_confident,tldr17,tldr17,1.0
null,vmf_ward150,reliability_within,tldr17,tldr17,0.02214440686891211
null,vmf_ward150,fidelity_within,tldr17,tldr17,0.19623431199352026
null,vmf_ward150,fidelity_within_r,tldr17,tldr17,0.4451444365780256
null,vmf_ward150,fidelity_within_insample,tldr17,tldr17,0.2342408454622722
null,vmf_ward150,reliability_ceiling,tldr17,tldr17,1.0
null,vmf_ward150,triviality_ami_layer,tldr17,tldr17,0.04445097626215313
null,vmf_ward150,triviality_ami_dimension,tldr17,tldr17,-0.0007441110985002872
null,vmf_ward150,triviality_ami_hubness,tldr17,tldr17,0.23639910700785646
null,vmf_ward150,triviality_n_effective_networks,tldr17,tldr17,150.0
null,vmf_ward150,triviality_median_max_membership,tldr17,tldr17,1.0
null,vmf_ward150,triviality_frac_confident,tldr17,tldr17,1.0
null,vmf_ward200,reliability_within,tldr17,tldr17,0.014629148350384674
null,vmf_ward200,fidelity_within,tldr17,tldr17,0.1962465069924525
null,vmf_ward200,fidelity_within_r,tldr17,tldr17,0.44519739411799664
null,vmf_ward200,fidelity_within_insample,tldr17,tldr17,0.23467574187324391
null,vmf_ward200,reliability_ceiling,tldr17,tldr17,1.0
null,vmf_ward200,triviality_ami_layer,tldr17,tldr17,0.04309679001433716
null,vmf_ward200,triviality_ami_dimension,tldr17,tldr17,-0.0007583409504662646
null,vmf_ward200,triviality_ami_hubness,tldr17,tldr17,0.22571402075095884
null,vmf_ward200,triviality_n_effective_networks,tldr17,tldr17,200.0
null,vmf_ward200,triviality_median_max_membership,tldr17,tldr17,1.0
null,vmf_ward200,triviality_frac_confident,tldr17,tldr17,1.0
null,vmf_wardlloyd100,reliability_within,tldr17,tldr17,0.035263265861517984
null,vmf_wardlloyd100,fidelity_within,tldr17,tldr17,0.19307778656022834
null,vmf_wardlloyd100,fidelity_within_r,tldr17,tldr17,0.4418369624114962
null,vmf_wardlloyd100,fidelity_within_insample,tldr17,tldr17,0.2334605397928513
null,vmf_wardlloyd100,reliability_ceiling,tldr17,tldr17,1.0
null,vmf_wardlloyd100,triviality_ami_layer,tldr17,tldr17,0.048373351001949214
null,vmf_wardlloyd100,triviality_ami_dimension,tldr17,tldr17,-0.0010753466944170558
null,vmf_wardlloyd100,triviality_ami_hubness,tldr17,tldr17,0.2664012746566181
null,vmf_wardlloyd100,triviality_n_effective_networks,tldr17,tldr17,100.0
null,vmf_wardlloyd100,triviality_median_max_membership,tldr17,tldr17,1.0
null,vmf_wardlloyd100,triviality_frac_confident,tldr17,tldr17,1.0
null,(ceiling),fidelity_across,wikitext,bookcorpus,0.4048402784590152
null,vmf_lloyd100,fidelity_across,wikitext,bookcorpus,0.4064740401596121
null,vmf_lloyd100,reliability_across,wikitext,bookcorpus,0.0699049209935285
null,vmf_pca100_lloyd100,fidelity_across,wikitext,bookcorpus,0.4628924478000566
null,vmf_pca100_lloyd100,reliability_across,wikitext,bookcorpus,0.04266585532186628
null,vmf_pca100_ward100,fidelity_across,wikitext,bookcorpus,0.46977874081345955
null,vmf_pca100_ward100,reliability_across,wikitext,bookcorpus,0.1913426595467589
null,vmf_pca20_lloyd100,fidelity_across,wikitext,bookcorpus,0.4681411637013099
null,vmf_pca20_lloyd100,reliability_across,wikitext,bookcorpus,0.07584283120327416
null,vmf_pca20_ward100,fidelity_across,wikitext,bookcorpus,0.46864220156497693
null,vmf_pca20_ward100,reliability_across,wikitext,bookcorpus,0.11432489624250984
null,vmf_sparse_lloyd100,fidelity_across,wikitext,bookcorpus,0.3882833403087414
null,vmf_sparse_lloyd100,reliability_across,wikitext,bookcorpus,0.09064235403554471
null,vmf_sparse_ward100,fidelity_across,wikitext,bookcorpus,0.3984014074921912
null,vmf_sparse_ward100,reliability_across,wikitext,bookcorpus,0.07741888705310582
null,vmf_ward,fidelity_across,wikitext,bookcorpus,0.45127356791086304
null,vmf_ward,reliability_across,wikitext,bookcorpus,0.08735762160022374
null,vmf_ward100,fidelity_across,wikitext,bookcorpus,0.457470991881419
null,vmf_ward100,reliability_across,wikitext,bookcorpus,0.014606697620147475
null,vmf_ward100_bm,fidelity_across,wikitext,bookcorpus,0.6099617224599121
null,vmf_ward100_bm,reliability_across,wikitext,bookcorpus,0.04084160093031107
null,vmf_ward100_bm_degree,fidelity_across,wikitext,bookcorpus,0.6088575349772778
null,vmf_ward100_bm_degree,reliability_across,wikitext,bookcorpus,0.023507411335389347
null,vmf_ward100_bm_double,fidelity_across,wikitext,bookcorpus,0.6092769812149056
null,vmf_ward100_bm_double,reliability_across,wikitext,bookcorpus,0.026376484795576183
null,vmf_ward150,fidelity_across,wikitext,bookcorpus,0.45737726115529775
null,vmf_ward150,reliability_across,wikitext,bookcorpus,0.005344779981499053
null,vmf_ward200,fidelity_across,wikitext,bookcorpus,0.45736370651111113
null,vmf_ward200,reliability_across,wikitext,bookcorpus,0.004226741016438727
null,vmf_wardlloyd100,fidelity_across,wikitext,bookcorpus,0.4598551908416554
null,vmf_wardlloyd100,reliability_across,wikitext,bookcorpus,0.016182892094720135
null,(ceiling),fidelity_across,wikitext,agnews,0.4032087853501665
null,vmf_lloyd100,fidelity_across,wikitext,agnews,0.3879914095903849
null,vmf_lloyd100,reliability_across,wikitext,agnews,0.1644370802957853
null,vmf_pca100_lloyd100,fidelity_across,wikitext,agnews,0.44226328402240894
null,vmf_pca100_lloyd100,reliability_across,wikitext,agnews,0.04873115761301333
null,vmf_pca100_ward100,fidelity_across,wikitext,agnews,0.45010430170431887
null,vmf_pca100_ward100,reliability_across,wikitext,agnews,0.15151642833655096
null,vmf_pca20_lloyd100,fidelity_across,wikitext,agnews,0.4492651370722655
null,vmf_pca20_lloyd100,reliability_across,wikitext,agnews,0.07933449628142515
null,vmf_pca20_ward100,fidelity_across,wikitext,agnews,0.4474849968809777
null,vmf_pca20_ward100,reliability_across,wikitext,agnews,0.13139800786019623
null,vmf_sparse_lloyd100,fidelity_across,wikitext,agnews,0.3682575928310588
null,vmf_sparse_lloyd100,reliability_across,wikitext,agnews,0.11097146087932891
null,vmf_sparse_ward100,fidelity_across,wikitext,agnews,0.38030207614668166
null,vmf_sparse_ward100,reliability_across,wikitext,agnews,0.09951755128799887
null,vmf_ward,fidelity_across,wikitext,agnews,0.43580379087032073
null,vmf_ward,reliability_across,wikitext,agnews,0.08985596789438027
null,vmf_ward100,fidelity_across,wikitext,agnews,0.4403482834914615
null,vmf_ward100,reliability_across,wikitext,agnews,0.015698914965148955
null,vmf_ward100_bm,fidelity_across,wikitext,agnews,0.6034480173565909
null,vmf_ward100_bm,reliability_across,wikitext,agnews,0.04075967484357208
null,vmf_ward100_bm_degree,fidelity_across,wikitext,agnews,0.6036912716445801
null,vmf_ward100_bm_degree,reliability_across,wikitext,agnews,0.02230443824694926
null,vmf_ward100_bm_double,fidelity_across,wikitext,agnews,0.604485030448085
null,vmf_ward100_bm_double,reliability_across,wikitext,agnews,0.026166054369544382
null,vmf_ward150,fidelity_across,wikitext,agnews,0.4402981159669331
null,vmf_ward150,reliability_across,wikitext,agnews,0.012333408580877663
null,vmf_ward200,fidelity_across,wikitext,agnews,0.44029572472231654
null,vmf_ward200,reliability_across,wikitext,agnews,0.010720657013110165
null,vmf_wardlloyd100,fidelity_across,wikitext,agnews,0.4422025020290874
null,vmf_wardlloyd100,reliability_across,wikitext,agnews,0.015873135853948606
null,(ceiling),fidelity_across,wikitext,tldr17,0.4030856511734902
null,vmf_lloyd100,fidelity_across,wikitext,tldr17,0.4055665461808738
null,vmf_lloyd100,reliability_across,wikitext,tldr17,0.18303270477620737
null,vmf_pca100_lloyd100,fidelity_across,wikitext,tldr17,0.4567405100741237
null,vmf_pca100_lloyd100,reliability_across,wikitext,tldr17,0.04917498544975672
null,vmf_pca100_ward100,fidelity_across,wikitext,tldr17,0.46497376980454097
null,vmf_pca100_ward100,reliability_across,wikitext,tldr17,0.1358144028537694
null,vmf_pca20_lloyd100,fidelity_across,wikitext,tldr17,0.46481584690774974
null,vmf_pca20_lloyd100,reliability_across,wikitext,tldr17,0.07647055153785937
null,vmf_pca20_ward100,fidelity_across,wikitext,tldr17,0.4621499351184425
null,vmf_pca20_ward100,reliability_across,wikitext,tldr17,0.128047524146864
null,vmf_sparse_lloyd100,fidelity_across,wikitext,tldr17,0.3831948188343879
null,vmf_sparse_lloyd100,reliability_across,wikitext,tldr17,0.14028105176342112
null,vmf_sparse_ward100,fidelity_across,wikitext,tldr17,0.39331738505247715
null,vmf_sparse_ward100,reliability_across,wikitext,tldr17,0.0822307196725572
null,vmf_ward,fidelity_across,wikitext,tldr17,0.4515098852822896
null,vmf_ward,reliability_across,wikitext,tldr17,0.06124091479936741
null,vmf_ward100,fidelity_across,wikitext,tldr17,0.45656703280446637
null,vmf_ward100,reliability_across,wikitext,tldr17,0.02339051859498004
null,vmf_ward100_bm,fidelity_across,wikitext,tldr17,0.6024132628994234
null,vmf_ward100_bm,reliability_across,wikitext,tldr17,0.038473942629207024
null,vmf_ward100_bm_degree,fidelity_across,wikitext,tldr17,0.6009697535419688
null,vmf_ward100_bm_degree,reliability_across,wikitext,tldr17,0.023862481468516036
null,vmf_ward100_bm_double,fidelity_across,wikitext,tldr17,0.602934583124573
null,vmf_ward100_bm_double,reliability_across,wikitext,tldr17,0.026705323106966636
null,vmf_ward150,fidelity_across,wikitext,tldr17,0.45657051847026525
null,vmf_ward150,reliability_across,wikitext,tldr17,0.023521800552732636
null,vmf_ward200,fidelity_across,wikitext,tldr17,0.456597015513254
null,vmf_ward200,reliability_across,wikitext,tldr17,0.016945188945259683
null,vmf_wardlloyd100,fidelity_across,wikitext,tldr17,0.4572776092939339
null,vmf_wardlloyd100,reliability_across,wikitext,tldr17,0.02415041295627774
null,(ceiling),fidelity_across,bookcorpus,wikitext,0.40484027845901516
null,vmf_lloyd100,fidelity_across,bookcorpus,wikitext,0.2698317397067606
null,vmf_lloyd100,reliability_across,bookcorpus,wikitext,0.0699049209935285
null,vmf_pca100_lloyd100,fidelity_across,bookcorpus,wikitext,0.3340429640178439
null,vmf_pca100_lloyd100,reliability_across,bookcorpus,wikitext,0.04266585532186628
null,vmf_pca100_ward100,fidelity_across,bookcorpus,wikitext,0.3521187421939299
null,vmf_pca100_ward100,reliability_across,bookcorpus,wikitext,0.1913426595467589
null,vmf_pca20_lloyd100,fidelity_across,bookcorpus,wikitext,0.3508408634603595
null,vmf_pca20_lloyd100,reliability_across,bookcorpus,wikitext,0.07584283120327416
null,vmf_pca20_ward100,fidelity_across,bookcorpus,wikitext,0.3536129665418735
null,vmf_pca20_ward100,reliability_across,bookcorpus,wikitext,0.11432489624250984
null,vmf_sparse_lloyd100,fidelity_across,bookcorpus,wikitext,0.2068617596879781
null,vmf_sparse_lloyd100,reliability_across,bookcorpus,wikitext,0.09064235403554471
null,vmf_sparse_ward100,fidelity_across,bookcorpus,wikitext,0.2722877057534631
null,vmf_sparse_ward100,reliability_across,bookcorpus,wikitext,0.07741888705310582
null,vmf_ward,fidelity_across,bookcorpus,wikitext,0.31440383240183206
null,vmf_ward,reliability_across,bookcorpus,wikitext,0.08735762160022374
null,vmf_ward100,fidelity_across,bookcorpus,wikitext,0.3253767948850172
null,vmf_ward100,reliability_across,bookcorpus,wikitext,0.014606697620147475
null,vmf_ward100_bm,fidelity_across,bookcorpus,wikitext,0.5808445992895449
null,vmf_ward100_bm,reliability_across,bookcorpus,wikitext,0.04084160093031107
null,vmf_ward100_bm_degree,fidelity_across,bookcorpus,wikitext,0.5733644158755862
null,vmf_ward100_bm_degree,reliability_across,bookcorpus,wikitext,0.023507411335389347
null,vmf_ward100_bm_double,fidelity_across,bookcorpus,wikitext,0.578011382966109
null,vmf_ward100_bm_double,reliability_across,bookcorpus,wikitext,0.026376484795576183
null,vmf_ward150,fidelity_across,bookcorpus,wikitext,0.32928828083360456
null,vmf_ward150,reliability_across,bookcorpus,wikitext,0.005344779981499053
null,vmf_ward200,fidelity_across,bookcorpus,wikitext,0.3385359193376062
null,vmf_ward200,reliability_across,bookcorpus,wikitext,0.004226741016438727
null,vmf_wardlloyd100,fidelity_across,bookcorpus,wikitext,0.3310779321767594
null,vmf_wardlloyd100,reliability_across,bookcorpus,wikitext,0.016182892094720135
null,(ceiling),fidelity_across,bookcorpus,agnews,0.4148261316912753
null,vmf_lloyd100,fidelity_across,bookcorpus,agnews,0.26926262186433547
null,vmf_lloyd100,reliability_across,bookcorpus,agnews,0.07012792239578035
null,vmf_pca100_lloyd100,fidelity_across,bookcorpus,agnews,0.33565119094341955
null,vmf_pca100_lloyd100,reliability_across,bookcorpus,agnews,0.04512551930621602
null,vmf_pca100_ward100,fidelity_across,bookcorpus,agnews,0.35893147145567617
null,vmf_pca100_ward100,reliability_across,bookcorpus,agnews,0.1407570891631136
null,vmf_pca20_lloyd100,fidelity_across,bookcorpus,agnews,0.3534828707508843
null,vmf_pca20_lloyd100,reliability_across,bookcorpus,agnews,0.0745470234629135
null,vmf_pca20_ward100,fidelity_across,bookcorpus,agnews,0.35924411722368826
null,vmf_pca20_ward100,reliability_across,bookcorpus,agnews,0.09239008105383052
null,vmf_sparse_lloyd100,fidelity_across,bookcorpus,agnews,0.2020972547761386
null,vmf_sparse_lloyd100,reliability_across,bookcorpus,agnews,0.06819154542239511
null,vmf_sparse_ward100,fidelity_across,bookcorpus,agnews,0.26953771860660214
null,vmf_sparse_ward100,reliability_across,bookcorpus,agnews,0.10287320781435735
null,vmf_ward,fidelity_across,bookcorpus,agnews,0.31642402807419434
null,vmf_ward,reliability_across,bookcorpus,agnews,0.12427577017836984
null,vmf_ward100,fidelity_across,bookcorpus,agnews,0.32751961546236175
null,vmf_ward100,reliability_across,bookcorpus,agnews,0.014485110208567353
null,vmf_ward100_bm,fidelity_across,bookcorpus,agnews,0.5974819080176176
null,vmf_ward100_bm,reliability_across,bookcorpus,agnews,0.04316743533175264
null,vmf_ward100_bm_degree,fidelity_across,bookcorpus,agnews,0.5896625423593677
null,vmf_ward100_bm_degree,reliability_across,bookcorpus,agnews,0.024311662026389937
null,vmf_ward100_bm_double,fidelity_across,bookcorpus,agnews,0.5938173010579268
null,vmf_ward100_bm_double,reliability_across,bookcorpus,agnews,0.02722029562804856
null,vmf_ward150,fidelity_across,bookcorpus,agnews,0.3311319865139506
null,vmf_ward150,reliability_across,bookcorpus,agnews,0.004738967526903994
null,vmf_ward200,fidelity_across,bookcorpus,agnews,0.34242684293303166
null,vmf_ward200,reliability_across,bookcorpus,agnews,0.00394262314780717
null,vmf_wardlloyd100,fidelity_across,bookcorpus,agnews,0.33426939173605946
null,vmf_wardlloyd100,reliability_across,bookcorpus,agnews,0.016042179524452724
null,(ceiling),fidelity_across,bookcorpus,tldr17,0.40964920021301504
null,vmf_lloyd100,fidelity_across,bookcorpus,tldr17,0.27723361341736213
null,vmf_lloyd100,reliability_across,bookcorpus,tldr17,0.06562644217361212
null,vmf_pca100_lloyd100,fidelity_across,bookcorpus,tldr17,0.3448354010120189
null,vmf_pca100_lloyd100,reliability_across,bookcorpus,tldr17,0.04741057604913372
null,vmf_pca100_ward100,fidelity_across,bookcorpus,tldr17,0.36512531124779773
null,vmf_pca100_ward100,reliability_across,bookcorpus,tldr17,0.132248551560349
null,vmf_pca20_lloyd100,fidelity_across,bookcorpus,tldr17,0.3617553908748771
null,vmf_pca20_lloyd100,reliability_across,bookcorpus,tldr17,0.07937232381607215
null,vmf_pca20_ward100,fidelity_across,bookcorpus,tldr17,0.3647958912583984
null,vmf_pca20_ward100,reliability_across,bookcorpus,tldr17,0.091504648142723
null,vmf_sparse_lloyd100,fidelity_across,bookcorpus,tldr17,0.21357393569678024
null,vmf_sparse_lloyd100,reliability_across,bookcorpus,tldr17,0.06849234714662301
null,vmf_sparse_ward100,fidelity_across,bookcorpus,tldr17,0.2816262438340229
null,vmf_sparse_ward100,reliability_across,bookcorpus,tldr17,0.08698408480165101
null,vmf_ward,fidelity_across,bookcorpus,tldr17,0.32403338884674754
null,vmf_ward,reliability_across,bookcorpus,tldr17,0.07012394226832666
null,vmf_ward100,fidelity_across,bookcorpus,tldr17,0.33511400908972494
null,vmf_ward100,reliability_across,bookcorpus,tldr17,0.011500725043839689
null,vmf_ward100_bm,fidelity_across,bookcorpus,tldr17,0.5868495900483874
null,vmf_ward100_bm,reliability_across,bookcorpus,tldr17,0.03897949881924313
null,vmf_ward100_bm_degree,fidelity_across,bookcorpus,tldr17,0.5789950229199202
null,vmf_ward100_bm_degree,reliability_across,bookcorpus,tldr17,0.02072471347696966
null,vmf_ward100_bm_double,fidelity_across,bookcorpus,tldr17,0.5832598310424262
null,vmf_ward100_bm_double,reliability_across,bookcorpus,tldr17,0.02401920969100566
null,vmf_ward150,fidelity_across,bookcorpus,tldr17,0.3389073525615264
null,vmf_ward150,reliability_across,bookcorpus,tldr17,0.004757876244657338
null,vmf_ward200,fidelity_across,bookcorpus,tldr17,0.3496013330290334
null,vmf_ward200,reliability_across,bookcorpus,tldr17,0.004069603004283464
null,vmf_wardlloyd100,fidelity_across,bookcorpus,tldr17,0.34181104854851185
null,vmf_wardlloyd100,reliability_across,bookcorpus,tldr17,0.012867587842571922
null,(ceiling),fidelity_across,agnews,wikitext,0.40320878535016647
null,vmf_lloyd100,fidelity_across,agnews,wikitext,0.3572554376712034
null,vmf_lloyd100,reliability_across,agnews,wikitext,0.1644370802957853
null,vmf_pca100_lloyd100,fidelity_across,agnews,wikitext,0.43505251790176697
null,vmf_pca100_lloyd100,reliability_across,agnews,wikitext,0.04873115761301333
null,vmf_pca100_ward100,fidelity_across,agnews,wikitext,0.43524403482276475
null,vmf_pca100_ward100,reliability_across,agnews,wikitext,0.15151642833655096
null,vmf_pca20_lloyd100,fidelity_across,agnews,wikitext,0.4227012384200781
null,vmf_pca20_lloyd100,reliability_across,agnews,wikitext,0.07933449628142515
null,vmf_pca20_ward100,fidelity_across,agnews,wikitext,0.4364571341894904
null,vmf_pca20_ward100,reliability_across,agnews,wikitext,0.13139800786019623
null,vmf_sparse_lloyd100,fidelity_across,agnews,wikitext,0.31780940851802003
null,vmf_sparse_lloyd100,reliability_across,agnews,wikitext,0.11097146087932891
null,vmf_sparse_ward100,fidelity_across,agnews,wikitext,0.3564473616333237
null,vmf_sparse_ward100,reliability_across,agnews,wikitext,0.09951755128799887
null,vmf_ward,fidelity_across,agnews,wikitext,0.42360875041133417
null,vmf_ward,reliability_across,agnews,wikitext,0.08985596789438027
null,vmf_ward100,fidelity_across,agnews,wikitext,0.426077201511592
null,vmf_ward100,reliability_across,agnews,wikitext,0.015698914965148955
null,vmf_ward100_bm,fidelity_across,agnews,wikitext,0.5998044224909713
null,vmf_ward100_bm,reliability_across,agnews,wikitext,0.04075967484357208
null,vmf_ward100_bm_degree,fidelity_across,agnews,wikitext,0.5978958884723153
null,vmf_ward100_bm_degree,reliability_across,agnews,wikitext,0.02230443824694926
null,vmf_ward100_bm_double,fidelity_across,agnews,wikitext,0.6000139108953427
null,vmf_ward100_bm_double,reliability_across,agnews,wikitext,0.026166054369544382
null,vmf_ward150,fidelity_across,agnews,wikitext,0.4261064703814038
null,vmf_ward150,reliability_across,agnews,wikitext,0.012333408580877663
null,vmf_ward200,fidelity_across,agnews,wikitext,0.42612113202983826
null,vmf_ward200,reliability_across,agnews,wikitext,0.010720657013110165
null,vmf_wardlloyd100,fidelity_across,agnews,wikitext,0.42295782911594865
null,vmf_wardlloyd100,reliability_across,agnews,wikitext,0.015873135853948606
null,(ceiling),fidelity_across,agnews,bookcorpus,0.4148261316912753
null,vmf_lloyd100,fidelity_across,agnews,bookcorpus,0.3764695854322191
null,vmf_lloyd100,reliability_across,agnews,bookcorpus,0.07012792239578035
null,vmf_pca100_lloyd100,fidelity_across,agnews,bookcorpus,0.4625080536241508
null,vmf_pca100_lloyd100,reliability_across,agnews,bookcorpus,0.04512551930621602
null,vmf_pca100_ward100,fidelity_across,agnews,bookcorpus,0.46511941162522774
null,vmf_pca100_ward100,reliability_across,agnews,bookcorpus,0.1407570891631136
null,vmf_pca20_lloyd100,fidelity_across,agnews,bookcorpus,0.4498849272947818
null,vmf_pca20_lloyd100,reliability_across,agnews,bookcorpus,0.0745470234629135
null,vmf_pca20_ward100,fidelity_across,agnews,bookcorpus,0.46144219627885585
null,vmf_pca20_ward100,reliability_across,agnews,bookcorpus,0.09239008105383052
null,vmf_sparse_lloyd100,fidelity_across,agnews,bookcorpus,0.33674293167116603
null,vmf_sparse_lloyd100,reliability_across,agnews,bookcorpus,0.06819154542239511
null,vmf_sparse_ward100,fidelity_across,agnews,bookcorpus,0.3796056780581333
null,vmf_sparse_ward100,reliability_across,agnews,bookcorpus,0.10287320781435735
null,vmf_ward,fidelity_across,agnews,bookcorpus,0.4532176568475965
null,vmf_ward,reliability_across,agnews,bookcorpus,0.12427577017836984
null,vmf_ward100,fidelity_across,agnews,bookcorpus,0.4554441432019689
null,vmf_ward100,reliability_across,agnews,bookcorpus,0.014485110208567353
null,vmf_ward100_bm,fidelity_across,agnews,bookcorpus,0.6200525273389774
null,vmf_ward100_bm,reliability_across,agnews,bookcorpus,0.04316743533175264
null,vmf_ward100_bm_degree,fidelity_across,agnews,bookcorpus,0.6204755296591992
null,vmf_ward100_bm_degree,reliability_across,agnews,bookcorpus,0.024311662026389937
null,vmf_ward100_bm_double,fidelity_across,agnews,bookcorpus,0.6222047801171764
null,vmf_ward100_bm_double,reliability_across,agnews,bookcorpus,0.02722029562804856
null,vmf_ward150,fidelity_across,agnews,bookcorpus,0.4553574968240522
null,vmf_ward150,reliability_across,agnews,bookcorpus,0.004738967526903994
null,vmf_ward200,fidelity_across,agnews,bookcorpus,0.4552586194718472
null,vmf_ward200,reliability_across,agnews,bookcorpus,0.00394262314780717
null,vmf_wardlloyd100,fidelity_across,agnews,bookcorpus,0.4527771191063273
null,vmf_wardlloyd100,reliability_across,agnews,bookcorpus,0.016042179524452724
null,(ceiling),fidelity_across,agnews,tldr17,0.39998701763799777
null,vmf_lloyd100,fidelity_across,agnews,tldr17,0.3593724988944368
null,vmf_lloyd100,reliability_across,agnews,tldr17,0.11146429144477547
null,vmf_pca100_lloyd100,fidelity_across,agnews,tldr17,0.44074413690742364
null,vmf_pca100_lloyd100,reliability_across,agnews,tldr17,0.04312068717735477
null,vmf_pca100_ward100,fidelity_across,agnews,tldr17,0.43694255396600357
null,vmf_pca100_ward100,reliability_across,agnews,tldr17,0.0966445949128876
null,vmf_pca20_lloyd100,fidelity_across,agnews,tldr17,0.4254247044853751
null,vmf_pca20_lloyd100,reliability_across,agnews,tldr17,0.06640157910001854
null,vmf_pca20_ward100,fidelity_across,agnews,tldr17,0.44064561944564545
null,vmf_pca20_ward100,reliability_across,agnews,tldr17,0.09113577831024874
null,vmf_sparse_lloyd100,fidelity_across,agnews,tldr17,0.32027403353873507
null,vmf_sparse_lloyd100,reliability_across,agnews,tldr17,0.0804362805835496
null,vmf_sparse_ward100,fidelity_across,agnews,tldr17,0.35946924082520526
null,vmf_sparse_ward100,reliability_across,agnews,tldr17,0.10077174786832525
null,vmf_ward,fidelity_across,agnews,tldr17,0.4281995510007928
null,vmf_ward,reliability_across,agnews,tldr17,0.06190334893109368
null,vmf_ward100,fidelity_across,agnews,tldr17,0.43106115010720786
null,vmf_ward100,reliability_across,agnews,tldr17,0.012988786972691228
null,vmf_ward100_bm,fidelity_across,agnews,tldr17,0.6004351762999847
null,vmf_ward100_bm,reliability_across,agnews,tldr17,0.03238752743372116
null,vmf_ward100_bm_degree,fidelity_across,agnews,tldr17,0.597408981093755
null,vmf_ward100_bm_degree,reliability_across,agnews,tldr17,0.01731647841792631
null,vmf_ward100_bm_double,fidelity_across,agnews,tldr17,0.599514147885707
null,vmf_ward100_bm_double,reliability_across,agnews,tldr17,0.01917896675810388
null,vmf_ward150,fidelity_across,agnews,tldr17,0.43106343558046734
null,vmf_ward150,reliability_across,agnews,tldr17,0.010417314973098455
null,vmf_ward200,fidelity_across,agnews,tldr17,0.43108858370573605
null,vmf_ward200,reliability_across,agnews,tldr17,0.00833824342116118
null,vmf_wardlloyd100,fidelity_across,agnews,tldr17,0.42800741459088
null,vmf_wardlloyd100,reliability_across,agnews,tldr17,0.013570061525030968
null,(ceiling),fidelity_across,tldr17,wikitext,0.4030856511734902
null,vmf_lloyd100,fidelity_across,tldr17,wikitext,0.39264255224750355
null,vmf_lloyd100,reliability_across,tldr17,wikitext,0.18303270477620737
null,vmf_pca100_lloyd100,fidelity_across,tldr17,wikitext,0.45369564222436765
null,vmf_pca100_lloyd100,reliability_across,tldr17,wikitext,0.04917498544975672
null,vmf_pca100_ward100,fidelity_across,tldr17,wikitext,0.4721202449581811
null,vmf_pca100_ward100,reliability_across,tldr17,wikitext,0.1358144028537694
null,vmf_pca20_lloyd100,fidelity_across,tldr17,wikitext,0.45849209318222284
null,vmf_pca20_lloyd100,reliability_across,tldr17,wikitext,0.07647055153785937
null,vmf_pca20_ward100,fidelity_across,tldr17,wikitext,0.4518262177614779
null,vmf_pca20_ward100,reliability_across,tldr17,wikitext,0.128047524146864
null,vmf_sparse_lloyd100,fidelity_across,tldr17,wikitext,0.3644775984407681
null,vmf_sparse_lloyd100,reliability_across,tldr17,wikitext,0.14028105176342112
null,vmf_sparse_ward100,fidelity_across,tldr17,wikitext,0.3964931662958257
null,vmf_sparse_ward100,reliability_across,tldr17,wikitext,0.0822307196725572
null,vmf_ward,fidelity_across,tldr17,wikitext,0.4469739023951788
null,vmf_ward,reliability_across,tldr17,wikitext,0.06124091479936741
null,vmf_ward100,fidelity_across,tldr17,wikitext,0.4468557129173201
null,vmf_ward100,reliability_across,tldr17,wikitext,0.02339051859498004
null,vmf_ward100_bm,fidelity_across,tldr17,wikitext,0.6002508556190528
null,vmf_ward100_bm,reliability_across,tldr17,wikitext,0.038473942629207024
null,vmf_ward100_bm_degree,fidelity_across,tldr17,wikitext,0.6007968009886409
null,vmf_ward100_bm_degree,reliability_across,tldr17,wikitext,0.023862481468516036
null,vmf_ward100_bm_double,fidelity_across,tldr17,wikitext,0.5964033538611444
null,vmf_ward100_bm_double,reliability_across,tldr17,wikitext,0.026705323106966636
null,vmf_ward150,fidelity_across,tldr17,wikitext,0.4472398997681642
null,vmf_ward150,reliability_across,tldr17,wikitext,0.023521800552732636
null,vmf_ward200,fidelity_across,tldr17,wikitext,0.4471564981180935
null,vmf_ward200,reliability_across,tldr17,wikitext,0.016945188945259683
null,vmf_wardlloyd100,fidelity_across,tldr17,wikitext,0.44560237853529566
null,vmf_wardlloyd100,reliability_across,tldr17,wikitext,0.02415041295627774
null,(ceiling),fidelity_across,tldr17,bookcorpus,0.40964920021301504
null,vmf_lloyd100,fidelity_across,tldr17,bookcorpus,0.4029332769909708
null,vmf_lloyd100,reliability_across,tldr17,bookcorpus,0.06562644217361212
null,vmf_pca100_lloyd100,fidelity_across,tldr17,bookcorpus,0.4647769389730587
null,vmf_pca100_lloyd100,reliability_across,tldr17,bookcorpus,0.04741057604913372
null,vmf_pca100_ward100,fidelity_across,tldr17,bookcorpus,0.48605325340088845
null,vmf_pca100_ward100,reliability_across,tldr17,bookcorpus,0.132248551560349
null,vmf_pca20_lloyd100,fidelity_across,tldr17,bookcorpus,0.4730372025282901
null,vmf_pca20_lloyd100,reliability_across,tldr17,bookcorpus,0.07937232381607215
null,vmf_pca20_ward100,fidelity_across,tldr17,bookcorpus,0.4647350163648927
null,vmf_pca20_ward100,reliability_across,tldr17,bookcorpus,0.091504648142723
null,vmf_sparse_lloyd100,fidelity_across,tldr17,bookcorpus,0.3747341794414027
null,vmf_sparse_lloyd100,reliability_across,tldr17,bookcorpus,0.06849234714662301
null,vmf_sparse_ward100,fidelity_across,tldr17,bookcorpus,0.41178626544660457
null,vmf_sparse_ward100,reliability_across,tldr17,bookcorpus,0.08698408480165101
null,vmf_ward,fidelity_across,tldr17,bookcorpus,0.4647720310721236
null,vmf_ward,reliability_across,tldr17,bookcorpus,0.07012394226832666
null,vmf_ward100,fidelity_across,tldr17,bookcorpus,0.46423115238971535
null,vmf_ward100,reliability_across,tldr17,bookcorpus,0.011500725043839689
null,vmf_ward100_bm,fidelity_across,tldr17,bookcorpus,0.6100145129965435
null,vmf_ward100_bm,reliability_across,tldr17,bookcorpus,0.03897949881924313
null,vmf_ward100_bm_degree,fidelity_across,tldr17,bookcorpus,0.6111443018598562
null,vmf_ward100_bm_degree,reliability_across,tldr17,bookcorpus,0.02072471347696966
null,vmf_ward100_bm_double,fidelity_across,tldr17,bookcorpus,0.6087869759111569
null,vmf_ward100_bm_double,reliability_across,tldr17,bookcorpus,0.02401920969100566
null,vmf_ward150,fidelity_across,tldr17,bookcorpus,0.46459815127392695
null,vmf_ward150,reliability_across,tldr17,bookcorpus,0.004757876244657338
null,vmf_ward200,fidelity_across,tldr17,bookcorpus,0.4644505965721905
null,vmf_ward200,reliability_across,tldr17,bookcorpus,0.004069603004283464
null,vmf_wardlloyd100,fidelity_across,tldr17,bookcorpus,0.46094831217851473
null,vmf_wardlloyd100,reliability_across,tldr17,bookcorpus,0.012867587842571922
null,(ceiling),fidelity_across,tldr17,agnews,0.39998701763799777
null,vmf_lloyd100,fidelity_across,tldr17,agnews,0.38030943161443853
null,vmf_lloyd100,reliability_across,tldr17,agnews,0.11146429144477547
null,vmf_pca100_lloyd100,fidelity_across,tldr17,agnews,0.44271260694501635
null,vmf_pca100_lloyd100,reliability_across,tldr17,agnews,0.04312068717735477
null,vmf_pca100_ward100,fidelity_across,tldr17,agnews,0.4604813007799106
null,vmf_pca100_ward100,reliability_across,tldr17,agnews,0.0966445949128876
null,vmf_pca20_lloyd100,fidelity_across,tldr17,agnews,0.44503346581422326
null,vmf_pca20_lloyd100,reliability_across,tldr17,agnews,0.06640157910001854
null,vmf_pca20_ward100,fidelity_across,tldr17,agnews,0.4417682483767318
null,vmf_pca20_ward100,reliability_across,tldr17,agnews,0.09113577831024874
null,vmf_sparse_lloyd100,fidelity_across,tldr17,agnews,0.3509270887348042
null,vmf_sparse_lloyd100,reliability_across,tldr17,agnews,0.0804362805835496
null,vmf_sparse_ward100,fidelity_across,tldr17,agnews,0.385984785770571
null,vmf_sparse_ward100,reliability_across,tldr17,agnews,0.10077174786832525
null,vmf_ward,fidelity_across,tldr17,agnews,0.4364080641065124
null,vmf_ward,reliability_across,tldr17,agnews,0.06190334893109368
null,vmf_ward100,fidelity_across,tldr17,agnews,0.4361074835420597
null,vmf_ward100,reliability_across,tldr17,agnews,0.012988786972691228
null,vmf_ward100_bm,fidelity_across,tldr17,agnews,0.6005601499585498
null,vmf_ward100_bm,reliability_across,tldr17,agnews,0.03238752743372116
null,vmf_ward100_bm_degree,fidelity_across,tldr17,agnews,0.6010350367216252
null,vmf_ward100_bm_degree,reliability_across,tldr17,agnews,0.01731647841792631
null,vmf_ward100_bm_double,fidelity_across,tldr17,agnews,0.598329935866506
null,vmf_ward100_bm_double,reliability_across,tldr17,agnews,0.01917896675810388
null,vmf_ward150,fidelity_across,tldr17,agnews,0.4362870659777014
null,vmf_ward150,reliability_across,tldr17,agnews,0.010417314973098455
null,vmf_ward200,fidelity_across,tldr17,agnews,0.43609447915662636
null,vmf_ward200,reliability_across,tldr17,agnews,0.00833824342116118
null,vmf_wardlloyd100,fidelity_across,tldr17,agnews,0.43162111958777616
null,vmf_wardlloyd100,reliability_across,tldr17,agnews,0.013570061525030968
null,(ceiling),fidelity_across_halves,wikitext,bookcorpus,0.40562954859944805
null,vmf_lloyd100,fidelity_across_halves,wikitext,bookcorpus,0.4063778850182225
null,vmf_lloyd100,reliability_across_halves,wikitext,bookcorpus,0.09380438350286667
null,vmf_pca100_lloyd100,fidelity_across_halves,wikitext,bookcorpus,0.4436434641496678
null,vmf_pca100_lloyd100,reliability_across_halves,wikitext,bookcorpus,0.03134016273303494
null,vmf_pca100_ward100,fidelity_across_halves,wikitext,bookcorpus,0.44792145652696247
null,vmf_pca100_ward100,reliability_across_halves,wikitext,bookcorpus,0.1226726468114678
null,vmf_pca20_lloyd100,fidelity_across_halves,wikitext,bookcorpus,0.4462409334051788
null,vmf_pca20_lloyd100,reliability_across_halves,wikitext,bookcorpus,0.07599103754367989
null,vmf_pca20_ward100,fidelity_across_halves,wikitext,bookcorpus,0.44251694679242604
null,vmf_pca20_ward100,reliability_across_halves,wikitext,bookcorpus,0.0856382428281615
null,vmf_sparse_lloyd100,fidelity_across_halves,wikitext,bookcorpus,0.3667098018178214
null,vmf_sparse_lloyd100,reliability_across_halves,wikitext,bookcorpus,0.06319074466308673
null,vmf_sparse_ward100,fidelity_across_halves,wikitext,bookcorpus,0.3719698465996811
null,vmf_sparse_ward100,reliability_across_halves,wikitext,bookcorpus,0.11154674290032404
null,vmf_ward,fidelity_across_halves,wikitext,bookcorpus,0.426925142141431
null,vmf_ward,reliability_across_halves,wikitext,bookcorpus,0.11125784261144504
null,vmf_ward100,fidelity_across_halves,wikitext,bookcorpus,0.42636650010261506
null,vmf_ward100,reliability_across_halves,wikitext,bookcorpus,0.04268565300329402
null,vmf_ward100_bm,fidelity_across_halves,wikitext,bookcorpus,0.6051085335361156
null,vmf_ward100_bm,reliability_across_halves,wikitext,bookcorpus,0.07657608188392791
null,vmf_ward100_bm_degree,fidelity_across_halves,wikitext,bookcorpus,0.6037608642115808
null,vmf_ward100_bm_degree,reliability_across_halves,wikitext,bookcorpus,0.03286420638004117
null,vmf_ward100_bm_double,fidelity_across_halves,wikitext,bookcorpus,0.6049390757253628
null,vmf_ward100_bm_double,reliability_across_halves,wikitext,bookcorpus,0.04448083805147578
null,vmf_ward150,fidelity_across_halves,wikitext,bookcorpus,0.42606376835784204
null,vmf_ward150,reliability_across_halves,wikitext,bookcorpus,0.00885166782601701
null,vmf_ward200,fidelity_across_halves,wikitext,bookcorpus,0.42582550067259933
null,vmf_ward200,reliability_across_halves,wikitext,bookcorpus,0.0038837959585975427
null,vmf_wardlloyd100,fidelity_across_halves,wikitext,bookcorpus,0.4247912942115636
null,vmf_wardlloyd100,reliability_across_halves,wikitext,bookcorpus,0.05219455687908786
null,(ceiling),fidelity_across_halves,wikitext,agnews,0.4032180027611083
null,vmf_lloyd100,fidelity_across_halves,wikitext,agnews,0.3866509486200572
null,vmf_lloyd100,reliability_across_halves,wikitext,agnews,0.12794031437757028
null,vmf_pca100_lloyd100,fidelity_across_halves,wikitext,agnews,0.4289646872596757
null,vmf_pca100_lloyd100,reliability_across_halves,wikitext,agnews,0.041134711721032204
null,vmf_pca100_ward100,fidelity_across_halves,wikitext,agnews,0.43336868361156716
null,vmf_pca100_ward100,reliability_across_halves,wikitext,agnews,0.13034084079402153
null,vmf_pca20_lloyd100,fidelity_across_halves,wikitext,agnews,0.42913919433022
null,vmf_pca20_lloyd100,reliability_across_halves,wikitext,agnews,0.08557223504624441
null,vmf_pca20_ward100,fidelity_across_halves,wikitext,agnews,0.42749369410359367
null,vmf_pca20_ward100,reliability_across_halves,wikitext,agnews,0.09143214954840255
null,vmf_sparse_lloyd100,fidelity_across_halves,wikitext,agnews,0.34721069006279864
null,vmf_sparse_lloyd100,reliability_across_halves,wikitext,agnews,0.09760121139196437
null,vmf_sparse_ward100,fidelity_across_halves,wikitext,agnews,0.35460746503884893
null,vmf_sparse_ward100,reliability_across_halves,wikitext,agnews,0.11001422430886333
null,vmf_ward,fidelity_across_halves,wikitext,agnews,0.40764638856427715
null,vmf_ward,reliability_across_halves,wikitext,agnews,0.13101233748934132
null,vmf_ward100,fidelity_across_halves,wikitext,agnews,0.4074546656390596
null,vmf_ward100,reliability_across_halves,wikitext,agnews,0.03448717353405818
null,vmf_ward100_bm,fidelity_across_halves,wikitext,agnews,0.5977242585193374
null,vmf_ward100_bm,reliability_across_halves,wikitext,agnews,0.08176667067132422
null,vmf_ward100_bm_degree,fidelity_across_halves,wikitext,agnews,0.5943267003662548
null,vmf_ward100_bm_degree,reliability_across_halves,wikitext,agnews,0.04221466977864097
null,vmf_ward100_bm_double,fidelity_across_halves,wikitext,agnews,0.5955407392008023
null,vmf_ward100_bm_double,reliability_across_halves,wikitext,agnews,0.05106181296796983
null,vmf_ward150,fidelity_across_halves,wikitext,agnews,0.40728668756294817
null,vmf_ward150,reliability_across_halves,wikitext,agnews,0.008267382476619801
null,vmf_ward200,fidelity_across_halves,wikitext,agnews,0.40711690786990085
null,vmf_ward200,reliability_across_halves,wikitext,agnews,0.005609613028385119
null,vmf_wardlloyd100,fidelity_across_halves,wikitext,agnews,0.40692053677404677
null,vmf_wardlloyd100,reliability_across_halves,wikitext,agnews,0.03814783850457422
null,(ceiling),fidelity_across_halves,wikitext,tldr17,0.40095053165014855
null,vmf_lloyd100,fidelity_across_halves,wikitext,tldr17,0.4018638483473081
null,vmf_lloyd100,reliability_across_halves,wikitext,tldr17,0.15808905969666226
null,vmf_pca100_lloyd100,fidelity_across_halves,wikitext,tldr17,0.43938899611783966
null,vmf_pca100_lloyd100,reliability_across_halves,wikitext,tldr17,0.0428159909584899
null,vmf_pca100_ward100,fidelity_across_halves,wikitext,tldr17,0.44229222067514834
null,vmf_pca100_ward100,reliability_across_halves,wikitext,tldr17,0.1313975423775376
null,vmf_pca20_lloyd100,fidelity_across_halves,wikitext,tldr17,0.4416539309318742
null,vmf_pca20_lloyd100,reliability_across_halves,wikitext,tldr17,0.07869047188169921
null,vmf_pca20_ward100,fidelity_across_halves,wikitext,tldr17,0.43399025468302654
null,vmf_pca20_ward100,reliability_across_halves,wikitext,tldr17,0.0761040512057102
null,vmf_sparse_lloyd100,fidelity_across_halves,wikitext,tldr17,0.3602769259194331
null,vmf_sparse_lloyd100,reliability_across_halves,wikitext,tldr17,0.1072171064152341
null,vmf_sparse_ward100,fidelity_across_halves,wikitext,tldr17,0.3678926423616891
null,vmf_sparse_ward100,reliability_across_halves,wikitext,tldr17,0.12473763628491252
null,vmf_ward,fidelity_across_halves,wikitext,tldr17,0.42129664944217965
null,vmf_ward,reliability_across_halves,wikitext,tldr17,0.1479349904120841
null,vmf_ward100,fidelity_across_halves,wikitext,tldr17,0.4219440361789502
null,vmf_ward100,reliability_across_halves,wikitext,tldr17,0.026979196841761307
null,vmf_ward100_bm,fidelity_across_halves,wikitext,tldr17,0.5947248252019423
null,vmf_ward100_bm,reliability_across_halves,wikitext,tldr17,0.05841692042984399
null,vmf_ward100_bm_degree,fidelity_across_halves,wikitext,tldr17,0.5922694424232967
null,vmf_ward100_bm_degree,reliability_across_halves,wikitext,tldr17,0.03364634952393661
null,vmf_ward100_bm_double,fidelity_across_halves,wikitext,tldr17,0.5943400158318367
null,vmf_ward100_bm_double,reliability_across_halves,wikitext,tldr17,0.03862782958240946
null,vmf_ward150,fidelity_across_halves,wikitext,tldr17,0.4220733840258377
null,vmf_ward150,reliability_across_halves,wikitext,tldr17,0.01248959132762457
null,vmf_ward200,fidelity_across_halves,wikitext,tldr17,0.4220239292986616
null,vmf_ward200,reliability_across_halves,wikitext,tldr17,0.009634742797512122
null,vmf_wardlloyd100,fidelity_across_halves,wikitext,tldr17,0.4212962718227478
null,vmf_wardlloyd100,reliability_across_halves,wikitext,tldr17,0.028515217409621006
null,(ceiling),fidelity_across_halves,bookcorpus,wikitext,0.41245180120481545
null,vmf_lloyd100,fidelity_across_halves,bookcorpus,wikitext,0.28382009717078255
null,vmf_lloyd100,reliability_across_halves,bookcorpus,wikitext,0.06433145102650203
null,vmf_pca100_lloyd100,fidelity_across_halves,bookcorpus,wikitext,0.33406487230834775
null,vmf_pca100_lloyd100,reliability_across_halves,bookcorpus,wikitext,0.03573607786795351
null,vmf_pca100_ward100,fidelity_across_halves,bookcorpus,wikitext,0.3180037762557849
null,vmf_pca100_ward100,reliability_across_halves,bookcorpus,wikitext,0.07154257133286371
null,vmf_pca20_lloyd100,fidelity_across_halves,bookcorpus,wikitext,0.34195383476182367
null,vmf_pca20_lloyd100,reliability_across_halves,bookcorpus,wikitext,0.07333246160612178
null,vmf_pca20_ward100,fidelity_across_halves,bookcorpus,wikitext,0.32180072255866443
null,vmf_pca20_ward100,reliability_across_halves,bookcorpus,wikitext,0.07082767594173095
null,vmf_sparse_lloyd100,fidelity_across_halves,bookcorpus,wikitext,0.25559596639174936
null,vmf_sparse_lloyd100,reliability_across_halves,bookcorpus,wikitext,0.048969384297950294
null,vmf_sparse_ward100,fidelity_across_halves,bookcorpus,wikitext,0.253633595018681
null,vmf_sparse_ward100,reliability_across_halves,bookcorpus,wikitext,0.10736553091311647
null,vmf_ward,fidelity_across_halves,bookcorpus,wikitext,0.2979543990205429
null,vmf_ward,reliability_across_halves,bookcorpus,wikitext,0.17049631262282938
null,vmf_ward100,fidelity_across_halves,bookcorpus,wikitext,0.305095079703863
null,vmf_ward100,reliability_across_halves,bookcorpus,wikitext,0.04360216361449473
null,vmf_ward100_bm,fidelity_across_halves,bookcorpus,wikitext,0.5846442316317844
null,vmf_ward100_bm,reliability_across_halves,bookcorpus,wikitext,0.07667713180572974
null,vmf_ward100_bm_degree,fidelity_across_halves,bookcorpus,wikitext,0.577298151253287
null,vmf_ward100_bm_degree,reliability_across_halves,bookcorpus,wikitext,0.04539117502223669
null,vmf_ward100_bm_double,fidelity_across_halves,bookcorpus,wikitext,0.5773132720586148
null,vmf_ward100_bm_double,reliability_across_halves,bookcorpus,wikitext,0.054041674474633865
null,vmf_ward150,fidelity_across_halves,bookcorpus,wikitext,0.31981897606905346
null,vmf_ward150,reliability_across_halves,bookcorpus,wikitext,0.01271106675132704
null,vmf_ward200,fidelity_across_halves,bookcorpus,wikitext,0.32223103861155317
null,vmf_ward200,reliability_across_halves,bookcorpus,wikitext,0.0038487939683136195
null,vmf_wardlloyd100,fidelity_across_halves,bookcorpus,wikitext,0.32829408715455366
null,vmf_wardlloyd100,reliability_across_halves,bookcorpus,wikitext,0.0518683251061212
null,(ceiling),fidelity_across_halves,bookcorpus,agnews,0.4122261694976052
null,vmf_lloyd100,fidelity_across_halves,bookcorpus,agnews,0.2842915036104405
null,vmf_lloyd100,reliability_across_halves,bookcorpus,agnews,0.06586188198908301
null,vmf_pca100_lloyd100,fidelity_across_halves,bookcorpus,agnews,0.3292365803568276
null,vmf_pca100_lloyd100,reliability_across_halves,bookcorpus,agnews,0.035246322744302554
null,vmf_pca100_ward100,fidelity_across_halves,bookcorpus,agnews,0.31443661037619386
null,vmf_pca100_ward100,reliability_across_halves,bookcorpus,agnews,0.0988515173526051
null,vmf_pca20_lloyd100,fidelity_across_halves,bookcorpus,agnews,0.33847158533918686
null,vmf_pca20_lloyd100,reliability_across_halves,bookcorpus,agnews,0.08286023724936298
null,vmf_pca20_ward100,fidelity_across_halves,bookcorpus,agnews,0.3191498338959354
null,vmf_pca20_ward100,reliability_across_halves,bookcorpus,agnews,0.09318713634541032
null,vmf_sparse_lloyd100,fidelity_across_halves,bookcorpus,agnews,0.25473288071071554
null,vmf_sparse_lloyd100,reliability_across_halves,bookcorpus,agnews,0.12600447423585578
null,vmf_sparse_ward100,fidelity_across_halves,bookcorpus,agnews,0.2508726442250171
null,vmf_sparse_ward100,reliability_across_halves,bookcorpus,agnews,0.12290880101735942
null,vmf_ward,fidelity_across_halves,bookcorpus,agnews,0.29395102017507246
null,vmf_ward,reliability_across_halves,bookcorpus,agnews,0.14588124673607025
null,vmf_ward100,fidelity_across_halves,bookcorpus,agnews,0.3014289347560127
null,vmf_ward100,reliability_across_halves,bookcorpus,agnews,0.05342748156802705
null,vmf_ward100_bm,fidelity_across_halves,bookcorpus,agnews,0.5944104966694994
null,vmf_ward100_bm,reliability_across_halves,bookcorpus,agnews,0.08500728181325981
null,vmf_ward100_bm_degree,fidelity_across_halves,bookcorpus,agnews,0.5881627682672662
null,vmf_ward100_bm_degree,reliability_across_halves,bookcorpus,agnews,0.04836388604619676
null,vmf_ward100_bm_double,fidelity_across_halves,bookcorpus,agnews,0.5867406568793698
null,vmf_ward100_bm_double,reliability_across_halves,bookcorpus,agnews,0.06228115681886353
null,vmf_ward150,fidelity_across_halves,bookcorpus,agnews,0.31697688006452257
null,vmf_ward150,reliability_across_halves,bookcorpus,agnews,0.0126460976147863
null,vmf_ward200,fidelity_across_halves,bookcorpus,agnews,0.32009079048928424
null,vmf_ward200,reliability_across_halves,bookcorpus,agnews,0.00440746133876673
null,vmf_wardlloyd100,fidelity_across_halves,bookcorpus,agnews,0.3249504264132322
null,vmf_wardlloyd100,reliability_across_halves,bookcorpus,agnews,0.06419890893793867
null,(ceiling),fidelity_across_halves,bookcorpus,tldr17,0.41372853728957387
null,vmf_lloyd100,fidelity_across_halves,bookcorpus,tldr17,0.2935078575790801
null,vmf_lloyd100,reliability_across_halves,bookcorpus,tldr17,0.07339048190084049
null,vmf_pca100_lloyd100,fidelity_across_halves,bookcorpus,tldr17,0.34105832921090723
null,vmf_pca100_lloyd100,reliability_across_halves,bookcorpus,tldr17,0.0378503961167591
null,vmf_pca100_ward100,fidelity_across_halves,bookcorpus,tldr17,0.32505950620283797
null,vmf_pca100_ward100,reliability_across_halves,bookcorpus,tldr17,0.0995080384549503
null,vmf_pca20_lloyd100,fidelity_across_halves,bookcorpus,tldr17,0.3497591153739979
null,vmf_pca20_lloyd100,reliability_across_halves,bookcorpus,tldr17,0.07683635818238896
null,vmf_pca20_ward100,fidelity_across_halves,bookcorpus,tldr17,0.3309366242978645
null,vmf_pca20_ward100,reliability_across_halves,bookcorpus,tldr17,0.08081780450316477
null,vmf_sparse_lloyd100,fidelity_across_halves,bookcorpus,tldr17,0.26187994514105245
null,vmf_sparse_lloyd100,reliability_across_halves,bookcorpus,tldr17,0.08689382225620276
null,vmf_sparse_ward100,fidelity_across_halves,bookcorpus,tldr17,0.2634958260732055
null,vmf_sparse_ward100,reliability_across_halves,bookcorpus,tldr17,0.13838390362087447
null,vmf_ward,fidelity_across_halves,bookcorpus,tldr17,0.3076868301865048
null,vmf_ward,reliability_across_halves,bookcorpus,tldr17,0.15875883969806512
null,vmf_ward100,fidelity_across_halves,bookcorpus,tldr17,0.31335708339296414
null,vmf_ward100,reliability_across_halves,bookcorpus,tldr17,0.029745203377354
null,vmf_ward100_bm,fidelity_across_halves,bookcorpus,tldr17,0.5873453446420027
null,vmf_ward100_bm,reliability_across_halves,bookcorpus,tldr17,0.05633629461737562
null,vmf_ward100_bm_degree,fidelity_across_halves,bookcorpus,tldr17,0.5815928916051076
null,vmf_ward100_bm_degree,reliability_across_halves,bookcorpus,tldr17,0.0359540328447256
null,vmf_ward100_bm_double,fidelity_across_halves,bookcorpus,tldr17,0.5802444575727155
null,vmf_ward100_bm_double,reliability_across_halves,bookcorpus,tldr17,0.0421334596408145
null,vmf_ward150,fidelity_across_halves,bookcorpus,tldr17,0.32923919233936927
null,vmf_ward150,reliability_across_halves,bookcorpus,tldr17,0.00856301737628314
null,vmf_ward200,fidelity_across_halves,bookcorpus,tldr17,0.33192127245069336
null,vmf_ward200,reliability_across_halves,bookcorpus,tldr17,0.003916926863942107
null,vmf_wardlloyd100,fidelity_across_halves,bookcorpus,tldr17,0.3358507396440026
null,vmf_wardlloyd100,reliability_across_halves,bookcorpus,tldr17,0.03546402763550676
null,(ceiling),fidelity_across_halves,agnews,wikitext,0.4198693796912115
null,vmf_lloyd100,fidelity_across_halves,agnews,wikitext,0.366980391806967
null,vmf_lloyd100,reliability_across_halves,agnews,wikitext,0.1367583628102309
null,vmf_pca100_lloyd100,fidelity_across_halves,agnews,wikitext,0.41029416948774255
null,vmf_pca100_lloyd100,reliability_across_halves,agnews,wikitext,0.04143883218947196
null,vmf_pca100_ward100,fidelity_across_halves,agnews,wikitext,0.41804425660097666
null,vmf_pca100_ward100,reliability_across_halves,agnews,wikitext,0.09833679946160616
null,vmf_pca20_lloyd100,fidelity_across_halves,agnews,wikitext,0.4089695511525071
null,vmf_pca20_lloyd100,reliability_across_halves,agnews,wikitext,0.08682137503750513
null,vmf_pca20_ward100,fidelity_across_halves,agnews,wikitext,0.409978419110829
null,vmf_pca20_ward100,reliability_across_halves,agnews,wikitext,0.09217603152996287
null,vmf_sparse_lloyd100,fidelity_across_halves,agnews,wikitext,0.34100444904106547
null,vmf_sparse_lloyd100,reliability_across_halves,agnews,wikitext,0.0831042289234695
null,vmf_sparse_ward100,fidelity_across_halves,agnews,wikitext,0.35523002884132193
null,vmf_sparse_ward100,reliability_across_halves,agnews,wikitext,0.13584152752666556
null,vmf_ward,fidelity_across_halves,agnews,wikitext,0.4059572729481135
null,vmf_ward,reliability_across_halves,agnews,wikitext,0.16600968840036495
null,vmf_ward100,fidelity_across_halves,agnews,wikitext,0.4053464472468968
null,vmf_ward100,reliability_across_halves,agnews,wikitext,0.026270458415393595
null,vmf_ward100_bm,fidelity_across_halves,agnews,wikitext,0.5912130701405987
null,vmf_ward100_bm,reliability_across_halves,agnews,wikitext,0.06922074779779971
null,vmf_ward100_bm_degree,fidelity_across_halves,agnews,wikitext,0.5851731794647258
null,vmf_ward100_bm_degree,reliability_across_halves,agnews,wikitext,0.03609305502056456
null,vmf_ward100_bm_double,fidelity_across_halves,agnews,wikitext,0.5889891276330684
null,vmf_ward100_bm_double,reliability_across_halves,agnews,wikitext,0.04269450617292714
null,vmf_ward150,fidelity_across_halves,agnews,wikitext,0.40695557655650283
null,vmf_ward150,reliability_across_halves,agnews,wikitext,0.009594717618380095
null,vmf_ward200,fidelity_across_halves,agnews,wikitext,0.4069576117068319
null,vmf_ward200,reliability_across_halves,agnews,wikitext,0.006799026836072897
null,vmf_wardlloyd100,fidelity_across_halves,agnews,wikitext,0.4068067393162018
null,vmf_wardlloyd100,reliability_across_halves,agnews,wikitext,0.02776932592564847
null,(ceiling),fidelity_across_halves,agnews,bookcorpus,0.4254038432886567
null,vmf_lloyd100,fidelity_across_halves,agnews,bookcorpus,0.38994126459382117
null,vmf_lloyd100,reliability_across_halves,agnews,bookcorpus,0.11041937532193558
null,vmf_pca100_lloyd100,fidelity_across_halves,agnews,bookcorpus,0.432707624159848
null,vmf_pca100_lloyd100,reliability_across_halves,agnews,bookcorpus,0.029825999008719507
null,vmf_pca100_ward100,fidelity_across_halves,agnews,bookcorpus,0.43745952740314537
null,vmf_pca100_ward100,reliability_across_halves,agnews,bookcorpus,0.11333552906164938
null,vmf_pca20_lloyd100,fidelity_across_halves,agnews,bookcorpus,0.42592948902433114
null,vmf_pca20_lloyd100,reliability_across_halves,agnews,bookcorpus,0.07949764004406774
null,vmf_pca20_ward100,fidelity_across_halves,agnews,bookcorpus,0.4280596743062431
null,vmf_pca20_ward100,reliability_across_halves,agnews,bookcorpus,0.09830726339395597
null,vmf_sparse_lloyd100,fidelity_across_halves,agnews,bookcorpus,0.3617436129953684
null,vmf_sparse_lloyd100,reliability_across_halves,agnews,bookcorpus,0.12260149756078892
null,vmf_sparse_ward100,fidelity_across_halves,agnews,bookcorpus,0.37209881599587435
null,vmf_sparse_ward100,reliability_across_halves,agnews,bookcorpus,0.1512988329936088
null,vmf_ward,fidelity_across_halves,agnews,bookcorpus,0.4312893442191812
null,vmf_ward,reliability_across_halves,agnews,bookcorpus,0.1120479378372712
null,vmf_ward100,fidelity_across_halves,agnews,bookcorpus,0.42973529471103605
null,vmf_ward100,reliability_across_halves,agnews,bookcorpus,0.02877497487879299
null,vmf_ward100_bm,fidelity_across_halves,agnews,bookcorpus,0.6105055437412149
null,vmf_ward100_bm,reliability_across_halves,agnews,bookcorpus,0.06182632936414537
null,vmf_ward100_bm_degree,fidelity_across_halves,agnews,bookcorpus,0.6037099035693828
null,vmf_ward100_bm_degree,reliability_across_halves,agnews,bookcorpus,0.02733184729970806
null,vmf_ward100_bm_double,fidelity_across_halves,agnews,bookcorpus,0.61025985092268
null,vmf_ward100_bm_double,reliability_across_halves,agnews,bookcorpus,0.038651842262015935
null,vmf_ward150,fidelity_across_halves,agnews,bookcorpus,0.4309952395397898
null,vmf_ward150,reliability_across_halves,agnews,bookcorpus,0.009456396657780879
null,vmf_ward200,fidelity_across_halves,agnews,bookcorpus,0.4309302784388634
null,vmf_ward200,reliability_across_halves,agnews,bookcorpus,0.003596707281959376
null,vmf_wardlloyd100,fidelity_across_halves,agnews,bookcorpus,0.4305028809854574
null,vmf_wardlloyd100,reliability_across_halves,agnews,bookcorpus,0.03461041454370655
null,(ceiling),fidelity_across_halves,agnews,tldr17,0.4092285116483608
null,vmf_lloyd100,fidelity_across_halves,agnews,tldr17,0.3712055134076615
null,vmf_lloyd100,reliability_across_halves,agnews,tldr17,0.11463228254665739
null,vmf_pca100_lloyd100,fidelity_across_halves,agnews,tldr17,0.41441680841349987
null,vmf_pca100_lloyd100,reliability_across_halves,agnews,tldr17,0.03493111408978889
null,vmf_pca100_ward100,fidelity_across_halves,agnews,tldr17,0.4187724844762729
null,vmf_pca100_ward100,reliability_across_halves,agnews,tldr17,0.11470021020051081
null,vmf_pca20_lloyd100,fidelity_across_halves,agnews,tldr17,0.4092732622539781
null,vmf_pca20_lloyd100,reliability_across_halves,agnews,tldr17,0.06929572247116937
null,vmf_pca20_ward100,fidelity_across_halves,agnews,tldr17,0.41204341665928557
null,vmf_pca20_ward100,reliability_across_halves,agnews,tldr17,0.07807681963799483
null,vmf_sparse_lloyd100,fidelity_across_halves,agnews,tldr17,0.3447250274118094
null,vmf_sparse_lloyd100,reliability_across_halves,agnews,tldr17,0.09537622013794873
null,vmf_sparse_ward100,fidelity_across_halves,agnews,tldr17,0.3553327466389755
null,vmf_sparse_ward100,reliability_across_halves,agnews,tldr17,0.14923009504795018
null,vmf_ward,fidelity_across_halves,agnews,tldr17,0.40992629991933344
null,vmf_ward,reliability_across_halves,agnews,tldr17,0.1330279847479819
null,vmf_ward100,fidelity_across_halves,agnews,tldr17,0.4080793806988342
null,vmf_ward100,reliability_across_halves,agnews,tldr17,0.017112678872244526
null,vmf_ward100_bm,fidelity_across_halves,agnews,tldr17,0.5894744124505142
null,vmf_ward100_bm,reliability_across_halves,agnews,tldr17,0.043244256125199276
null,vmf_ward100_bm_degree,fidelity_across_halves,agnews,tldr17,0.5805911934885284
null,vmf_ward100_bm_degree,reliability_across_halves,agnews,tldr17,0.025057451338859497
null,vmf_ward100_bm_double,fidelity_across_halves,agnews,tldr17,0.5863412927378102
null,vmf_ward100_bm_double,reliability_across_halves,agnews,tldr17,0.03036126171669547
null,vmf_ward150,fidelity_across_halves,agnews,tldr17,0.40962774042037275
null,vmf_ward150,reliability_across_halves,agnews,tldr17,0.007702140190413948
null,vmf_ward200,fidelity_across_halves,agnews,tldr17,0.40962987732069694
null,vmf_ward200,reliability_across_halves,agnews,tldr17,0.0056987538471919745
null,vmf_wardlloyd100,fidelity_across_halves,agnews,tldr17,0.4101403179267434
null,vmf_wardlloyd100,reliability_across_halves,agnews,tldr17,0.017854859329507988
null,(ceiling),fidelity_across_halves,tldr17,wikitext,0.40521818340223087
null,vmf_lloyd100,fidelity_across_halves,tldr17,wikitext,0.4027509430391592
null,vmf_lloyd100,reliability_across_halves,tldr17,wikitext,0.13500362468617313
null,vmf_pca100_lloyd100,fidelity_across_halves,tldr17,wikitext,0.4070931431917729
null,vmf_pca100_lloyd100,reliability_across_halves,tldr17,wikitext,0.04349539673083704
null,vmf_pca100_ward100,fidelity_across_halves,tldr17,wikitext,0.43921381430300416
null,vmf_pca100_ward100,reliability_across_halves,tldr17,wikitext,0.11545884915324171
null,vmf_pca20_lloyd100,fidelity_across_halves,tldr17,wikitext,0.4216947625308989
null,vmf_pca20_lloyd100,reliability_across_halves,tldr17,wikitext,0.07119349172305897
null,vmf_pca20_ward100,fidelity_across_halves,tldr17,wikitext,0.43581636369115695
null,vmf_pca20_ward100,reliability_across_halves,tldr17,wikitext,0.06194378934409535
null,vmf_sparse_lloyd100,fidelity_across_halves,tldr17,wikitext,0.3653175094660588
null,vmf_sparse_lloyd100,reliability_across_halves,tldr17,wikitext,0.091405175820673
null,vmf_sparse_ward100,fidelity_across_halves,tldr17,wikitext,0.378110291246512
null,vmf_sparse_ward100,reliability_across_halves,tldr17,wikitext,0.11173095211124293
null,vmf_ward,fidelity_across_halves,tldr17,wikitext,0.41116207521691434
null,vmf_ward,reliability_across_halves,tldr17,wikitext,0.14152800498743584
null,vmf_ward100,fidelity_across_halves,tldr17,wikitext,0.42199739942631775
null,vmf_ward100,reliability_across_halves,tldr17,wikitext,0.027715720368889522
null,vmf_ward100_bm,fidelity_across_halves,tldr17,wikitext,0.5848993925530833
null,vmf_ward100_bm,reliability_across_halves,tldr17,wikitext,0.06095063794478916
null,vmf_ward100_bm_degree,fidelity_across_halves,tldr17,wikitext,0.5832123984372175
null,vmf_ward100_bm_degree,reliability_across_halves,tldr17,wikitext,0.03605632542068099
null,vmf_ward100_bm_double,fidelity_across_halves,tldr17,wikitext,0.5833173580851818
null,vmf_ward100_bm_double,reliability_across_halves,tldr17,wikitext,0.04182203710622068
null,vmf_ward150,fidelity_across_halves,tldr17,wikitext,0.4220854624561539
null,vmf_ward150,reliability_across_halves,tldr17,wikitext,0.012572253632232012
null,vmf_ward200,fidelity_across_halves,tldr17,wikitext,0.42204226793770333
null,vmf_ward200,reliability_across_halves,tldr17,wikitext,0.009337736253690044
null,vmf_wardlloyd100,fidelity_across_halves,tldr17,wikitext,0.41914044079633367
null,vmf_wardlloyd100,reliability_across_halves,tldr17,wikitext,0.02920351665824116
null,(ceiling),fidelity_across_halves,tldr17,bookcorpus,0.4109379375647449
null,vmf_lloyd100,fidelity_across_halves,tldr17,bookcorpus,0.417270723688132
null,vmf_lloyd100,reliability_across_halves,tldr17,bookcorpus,0.06955935380952961
null,vmf_pca100_lloyd100,fidelity_across_halves,tldr17,bookcorpus,0.41844764216828617
null,vmf_pca100_lloyd100,reliability_across_halves,tldr17,bookcorpus,0.03385274941576322
null,vmf_pca100_ward100,fidelity_across_halves,tldr17,bookcorpus,0.45366314464197727
null,vmf_pca100_ward100,reliability_across_halves,tldr17,bookcorpus,0.14697186050629804
null,vmf_pca20_lloyd100,fidelity_across_halves,tldr17,bookcorpus,0.43477179054803394
null,vmf_pca20_lloyd100,reliability_across_halves,tldr17,bookcorpus,0.07697399539671192
null,vmf_pca20_ward100,fidelity_across_halves,tldr17,bookcorpus,0.45146390023532257
null,vmf_pca20_ward100,reliability_across_halves,tldr17,bookcorpus,0.06874267258005491
null,vmf_sparse_lloyd100,fidelity_across_halves,tldr17,bookcorpus,0.3784817021675368
null,vmf_sparse_lloyd100,reliability_across_halves,tldr17,bookcorpus,0.08371204004482254
null,vmf_sparse_ward100,fidelity_across_halves,tldr17,bookcorpus,0.3931488721302523
null,vmf_sparse_ward100,reliability_across_halves,tldr17,bookcorpus,0.12337246106238126
null,vmf_ward,fidelity_across_halves,tldr17,bookcorpus,0.42458022894225533
null,vmf_ward,reliability_across_halves,tldr17,bookcorpus,0.09329707549363671
null,vmf_ward100,fidelity_across_halves,tldr17,bookcorpus,0.43536716733501374
null,vmf_ward100,reliability_across_halves,tldr17,bookcorpus,0.029371916333501197
null,vmf_ward100_bm,fidelity_across_halves,tldr17,bookcorpus,0.5988384220516085
null,vmf_ward100_bm,reliability_across_halves,tldr17,bookcorpus,0.059481925936907876
null,vmf_ward100_bm_degree,fidelity_across_halves,tldr17,bookcorpus,0.5960142681153846
null,vmf_ward100_bm_degree,reliability_across_halves,tldr17,bookcorpus,0.027891913582325872
null,vmf_ward100_bm_double,fidelity_across_halves,tldr17,bookcorpus,0.5988296291895284
null,vmf_ward100_bm_double,reliability_across_halves,tldr17,bookcorpus,0.03875436384717142
null,vmf_ward150,fidelity_across_halves,tldr17,bookcorpus,0.43526472231099866
null,vmf_ward150,reliability_across_halves,tldr17,bookcorpus,0.007671092961100674
null,vmf_ward200,fidelity_across_halves,tldr17,bookcorpus,0.43502920617850893
null,vmf_ward200,reliability_across_halves,tldr17,bookcorpus,0.004155717986196494
null,vmf_wardlloyd100,fidelity_across_halves,tldr17,bookcorpus,0.432172952573953
null,vmf_wardlloyd100,reliability_across_halves,tldr17,bookcorpus,0.03663360307698678
null,(ceiling),fidelity_across_halves,tldr17,agnews,0.3999890367124334
null,vmf_lloyd100,fidelity_across_halves,tldr17,agnews,0.3912678248791922
null,vmf_lloyd100,reliability_across_halves,tldr17,agnews,0.09437247384835994
null,vmf_pca100_lloyd100,fidelity_across_halves,tldr17,agnews,0.3964606738385981
null,vmf_pca100_lloyd100,reliability_across_halves,tldr17,agnews,0.03547311521664985
null,vmf_pca100_ward100,fidelity_across_halves,tldr17,agnews,0.4318276998388448
null,vmf_pca100_ward100,reliability_across_halves,tldr17,agnews,0.1424963911062469
null,vmf_pca20_lloyd100,fidelity_across_halves,tldr17,agnews,0.4122782131818002
null,vmf_pca20_lloyd100,reliability_across_halves,tldr17,agnews,0.07538149111571615
null,vmf_pca20_ward100,fidelity_across_halves,tldr17,agnews,0.42941408658141467
null,vmf_pca20_ward100,reliability_across_halves,tldr17,agnews,0.06986540533007042
null,vmf_sparse_lloyd100,fidelity_across_halves,tldr17,agnews,0.35359650203504667
null,vmf_sparse_lloyd100,reliability_across_halves,tldr17,agnews,0.10276133323701973
null,vmf_sparse_ward100,fidelity_across_halves,tldr17,agnews,0.3707487494932034
null,vmf_sparse_ward100,reliability_across_halves,tldr17,agnews,0.10802086000662695
null,vmf_ward,fidelity_across_halves,tldr17,agnews,0.4005633418039926
null,vmf_ward,reliability_across_halves,tldr17,agnews,0.10559390624072015
null,vmf_ward100,fidelity_across_halves,tldr17,agnews,0.4129878560857269
null,vmf_ward100,reliability_across_halves,tldr17,agnews,0.024079031517395287
null,vmf_ward100_bm,fidelity_across_halves,tldr17,agnews,0.579881272538919
null,vmf_ward100_bm,reliability_across_halves,tldr17,agnews,0.05547215109847881
null,vmf_ward100_bm_degree,fidelity_across_halves,tldr17,agnews,0.5796920911054967
null,vmf_ward100_bm_degree,reliability_across_halves,tldr17,agnews,0.03256865841654714
null,vmf_ward100_bm_double,fidelity_across_halves,tldr17,agnews,0.5787478792256825
null,vmf_ward100_bm_double,reliability_across_halves,tldr17,agnews,0.038827296635335636
null,vmf_ward150,fidelity_across_halves,tldr17,agnews,0.4133901543973356
null,vmf_ward150,reliability_across_halves,tldr17,agnews,0.0069016037960744495
null,vmf_ward200,fidelity_across_halves,tldr17,agnews,0.4132159891929121
null,vmf_ward200,reliability_across_halves,tldr17,agnews,0.0047980857704234825
null,vmf_wardlloyd100,fidelity_across_halves,tldr17,agnews,0.4096427085541683
null,vmf_wardlloyd100,reliability_across_halves,tldr17,agnews,0.025780265012078873
pnull,vmf_lloyd100,reliability_within,wikitext,wikitext,0.015300374279813475
pnull,vmf_lloyd100,fidelity_within,wikitext,wikitext,0.03534174714947158
pnull,vmf_lloyd100,fidelity_within_r,wikitext,wikitext,0.18799511076790604
pnull,vmf_lloyd100,fidelity_within_insample,wikitext,wikitext,0.03571215778584358
pnull,vmf_lloyd100,triviality_ami_layer,wikitext,wikitext,0.06477683028304294
pnull,vmf_lloyd100,triviality_ami_dimension,wikitext,wikitext,-0.0013970181125053979
pnull,vmf_lloyd100,triviality_ami_hubness,wikitext,wikitext,0.038138034169629166
pnull,vmf_lloyd100,triviality_n_effective_networks,wikitext,wikitext,100.0
pnull,vmf_lloyd100,triviality_median_max_membership,wikitext,wikitext,0.375
pnull,vmf_lloyd100,triviality_frac_confident,wikitext,wikitext,0.2877604166666667
rand,vmf_lloyd100,reliability_within,wikitext,wikitext,-2.8916832833444812e-05
rand,vmf_lloyd100,fidelity_within,wikitext,wikitext,0.0026943038707879507
rand,vmf_lloyd100,fidelity_within_r,wikitext,wikitext,0.051908958077291005
rand,vmf_lloyd100,fidelity_within_insample,wikitext,wikitext,0.0026569851750533058
rand,vmf_lloyd100,triviality_ami_layer,wikitext,wikitext,-0.000213965423509967
rand,vmf_lloyd100,triviality_ami_dimension,wikitext,wikitext,-0.0006716354088618588
rand,vmf_lloyd100,triviality_ami_hubness,wikitext,wikitext,-0.000647547958446465
rand,vmf_lloyd100,triviality_n_effective_networks,wikitext,wikitext,100.0
rand,vmf_lloyd100,triviality_median_max_membership,wikitext,wikitext,1.0
rand,vmf_lloyd100,triviality_frac_confident,wikitext,wikitext,1.0
pnull,vmf_pca100_lloyd100,reliability_within,wikitext,wikitext,0.011642915310207277
pnull,vmf_pca100_lloyd100,fidelity_within,wikitext,wikitext,0.03888539529948398
pnull,vmf_pca100_lloyd100,fidelity_within_r,wikitext,wikitext,0.19719580338733214
pnull,vmf_pca100_lloyd100,fidelity_within_insample,wikitext,wikitext,0.03938052326209995
pnull,vmf_pca100_lloyd100,triviality_ami_layer,wikitext,wikitext,0.055338783498772526
pnull,vmf_pca100_lloyd100,triviality_ami_dimension,wikitext,wikitext,4.655500023612646e-05
pnull,vmf_pca100_lloyd100,triviality_ami_hubness,wikitext,wikitext,0.033154615037158164
pnull,vmf_pca100_lloyd100,triviality_n_effective_networks,wikitext,wikitext,100.0
pnull,vmf_pca100_lloyd100,triviality_median_max_membership,wikitext,wikitext,0.425
pnull,vmf_pca100_lloyd100,triviality_frac_confident,wikitext,wikitext,0.30408653846153844
rand,vmf_pca100_lloyd100,reliability_within,wikitext,wikitext,-0.00010739877534315935
rand,vmf_pca100_lloyd100,fidelity_within,wikitext,wikitext,0.0021177751913817877
rand,vmf_pca100_lloyd100,fidelity_within_r,wikitext,wikitext,0.04601989132529949
rand,vmf_pca100_lloyd100,fidelity_within_insample,wikitext,wikitext,0.0021421540472066347
rand,vmf_pca100_lloyd100,triviality_ami_layer,wikitext,wikitext,0.0007680746255304257
rand,vmf_pca100_lloyd100,triviality_ami_dimension,wikitext,wikitext,-0.0008154523541943833
rand,vmf_pca100_lloyd100,triviality_ami_hubness,wikitext,wikitext,0.00065683199262604
rand,vmf_pca100_lloyd100,triviality_n_effective_networks,wikitext,wikitext,100.0
rand,vmf_pca100_lloyd100,triviality_median_max_membership,wikitext,wikitext,1.0
rand,vmf_pca100_lloyd100,triviality_frac_confident,wikitext,wikitext,1.0
pnull,vmf_pca100_ward100,reliability_within,wikitext,wikitext,0.010301120006366083
pnull,vmf_pca100_ward100,fidelity_within,wikitext,wikitext,0.0365274578434599
pnull,vmf_pca100_ward100,fidelity_within_r,wikitext,wikitext,0.19112231461278584
pnull,vmf_pca100_ward100,fidelity_within_insample,wikitext,wikitext,0.03686085032589814
pnull,vmf_pca100_ward100,triviality_ami_layer,wikitext,wikitext,0.05283872977075034
pnull,vmf_pca100_ward100,triviality_ami_dimension,wikitext,wikitext,0.0002850298980460719
pnull,vmf_pca100_ward100,triviality_ami_hubness,wikitext,wikitext,0.031892237794476364
pnull,vmf_pca100_ward100,triviality_n_effective_networks,wikitext,wikitext,100.0
pnull,vmf_pca100_ward100,triviality_median_max_membership,wikitext,wikitext,1.0
pnull,vmf_pca100_ward100,triviality_frac_confident,wikitext,wikitext,1.0
rand,vmf_pca100_ward100,reliability_within,wikitext,wikitext,-1.4437620453105672e-05
rand,vmf_pca100_ward100,fidelity_within,wikitext,wikitext,0.0025698896196738596
rand,vmf_pca100_ward100,fidelity_within_r,wikitext,wikitext,0.05069787934444788
rand,vmf_pca100_ward100,fidelity_within_insample,wikitext,wikitext,0.002519201253533665
rand,vmf_pca100_ward100,triviality_ami_layer,wikitext,wikitext,-0.0007461133392672126
rand,vmf_pca100_ward100,triviality_ami_dimension,wikitext,wikitext,-0.0016646737365519292
rand,vmf_pca100_ward100,triviality_ami_hubness,wikitext,wikitext,0.000893001527287507
rand,vmf_pca100_ward100,triviality_n_effective_networks,wikitext,wikitext,100.0
rand,vmf_pca100_ward100,triviality_median_max_membership,wikitext,wikitext,1.0
rand,vmf_pca100_ward100,triviality_frac_confident,wikitext,wikitext,1.0
pnull,vmf_pca20_lloyd100,reliability_within,wikitext,wikitext,0.01218570572149584
pnull,vmf_pca20_lloyd100,fidelity_within,wikitext,wikitext,0.03997120508897967
pnull,vmf_pca20_lloyd100,fidelity_within_r,wikitext,wikitext,0.1999293637243006
pnull,vmf_pca20_lloyd100,fidelity_within_insample,wikitext,wikitext,0.04041337744217699
pnull,vmf_pca20_lloyd100,triviality_ami_layer,wikitext,wikitext,0.05653271204135387
pnull,vmf_pca20_lloyd100,triviality_ami_dimension,wikitext,wikitext,-0.0026652824948524617
pnull,vmf_pca20_lloyd100,triviality_ami_hubness,wikitext,wikitext,0.03349701964543467
pnull,vmf_pca20_lloyd100,triviality_n_effective_networks,wikitext,wikitext,100.0
pnull,vmf_pca20_lloyd100,triviality_median_max_membership,wikitext,wikitext,0.55
pnull,vmf_pca20_lloyd100,triviality_frac_confident,wikitext,wikitext,0.5632011217948718
rand,vmf_pca20_lloyd100,reliability_within,wikitext,wikitext,-4.8376308502726904e-05
rand,vmf_pca20_lloyd100,fidelity_within,wikitext,wikitext,0.002094770544528335
rand,vmf_pca20_lloyd100,fidelity_within_r,wikitext,wikitext,0.04577076983794735
rand,vmf_pca20_lloyd100,fidelity_within_insample,wikitext,wikitext,0.0020653283779447085
rand,vmf_pca20_lloyd100,triviality_ami_layer,wikitext,wikitext,0.0009917659183235894
rand,vmf_pca20_lloyd100,triviality_ami_dimension,wikitext,wikitext,0.00027040074813525406
rand,vmf_pca20_lloyd100,triviality_ami_hubness,wikitext,wikitext,-0.00024353469961561826
rand,vmf_pca20_lloyd100,triviality_n_effective_networks,wikitext,wikitext,100.0
rand,vmf_pca20_lloyd100,triviality_median_max_membership,wikitext,wikitext,1.0
rand,vmf_pca20_lloyd100,triviality_frac_confident,wikitext,wikitext,1.0
pnull,vmf_pca20_ward100,reliability_within,wikitext,wikitext,0.012850774877609699
pnull,vmf_pca20_ward100,fidelity_within,wikitext,wikitext,0.03895632827715512
pnull,vmf_pca20_ward100,fidelity_within_r,wikitext,wikitext,0.19737482452438926
pnull,vmf_pca20_ward100,fidelity_within_insample,wikitext,wikitext,0.03937611576089073
pnull,vmf_pca20_ward100,triviality_ami_layer,wikitext,wikitext,0.05473999683019675
pnull,vmf_pca20_ward100,triviality_ami_dimension,wikitext,wikitext,0.0002209266973456851
pnull,vmf_pca20_ward100,triviality_ami_hubness,wikitext,wikitext,0.03301708033159162
pnull,vmf_pca20_ward100,triviality_n_effective_networks,wikitext,wikitext,100.0
pnull,vmf_pca20_ward100,triviality_median_max_membership,wikitext,wikitext,1.0
pnull,vmf_pca20_ward100,triviality_frac_confident,wikitext,wikitext,1.0
rand,vmf_pca20_ward100,reliability_within,wikitext,wikitext,-0.00018585439080450014
rand,vmf_pca20_ward100,fidelity_within,wikitext,wikitext,0.002722294374103651
rand,vmf_pca20_ward100,fidelity_within_r,wikitext,wikitext,0.05217600807000471
rand,vmf_pca20_ward100,fidelity_within_insample,wikitext,wikitext,0.0027188954520961373
rand,vmf_pca20_ward100,triviality_ami_layer,wikitext,wikitext,-0.00033286933017967723
rand,vmf_pca20_ward100,triviality_ami_dimension,wikitext,wikitext,0.0004198083907107489
rand,vmf_pca20_ward100,triviality_ami_hubness,wikitext,wikitext,0.00013331711471131769
rand,vmf_pca20_ward100,triviality_n_effective_networks,wikitext,wikitext,100.0
rand,vmf_pca20_ward100,triviality_median_max_membership,wikitext,wikitext,1.0
rand,vmf_pca20_ward100,triviality_frac_confident,wikitext,wikitext,1.0
pnull,vmf_sparse_lloyd100,reliability_within,wikitext,wikitext,0.013264411773592423
pnull,vmf_sparse_lloyd100,fidelity_within,wikitext,wikitext,0.030232447803637652
pnull,vmf_sparse_lloyd100,fidelity_within_r,wikitext,wikitext,0.17387885583167167
pnull,vmf_sparse_lloyd100,fidelity_within_insample,wikitext,wikitext,0.03076045234376501
pnull,vmf_sparse_lloyd100,triviality_ami_layer,wikitext,wikitext,0.05027382949181951
pnull,vmf_sparse_lloyd100,triviality_ami_dimension,wikitext,wikitext,-0.0008416559182572487
pnull,vmf_sparse_lloyd100,triviality_ami_hubness,wikitext,wikitext,0.03408876427901577
pnull,vmf_sparse_lloyd100,triviality_n_effective_networks,wikitext,wikitext,99.0
pnull,vmf_sparse_lloyd100,triviality_median_max_membership,wikitext,wikitext,0.375
pnull,vmf_sparse_lloyd100,triviality_frac_confident,wikitext,wikitext,0.3020833333333333
rand,vmf_sparse_lloyd100,reliability_within,wikitext,wikitext,-3.1007239487180924e-05
rand,vmf_sparse_lloyd100,fidelity_within,wikitext,wikitext,0.001989548354893844
rand,vmf_sparse_lloyd100,fidelity_within_r,wikitext,wikitext,0.044608523038159244
rand,vmf_sparse_lloyd100,fidelity_within_insample,wikitext,wikitext,0.0020506175317971387
rand,vmf_sparse_lloyd100,triviality_ami_layer,wikitext,wikitext,0.00013489332845709873
rand,vmf_sparse_lloyd100,triviality_ami_dimension,wikitext,wikitext,-0.0002941886788268741
rand,vmf_sparse_lloyd100,triviality_ami_hubness,wikitext,wikitext,0.0003517131651069488
rand,vmf_sparse_lloyd100,triviality_n_effective_networks,wikitext,wikitext,100.0
rand,vmf_sparse_lloyd100,triviality_median_max_membership,wikitext,wikitext,1.0
rand,vmf_sparse_lloyd100,triviality_frac_confident,wikitext,wikitext,1.0
pnull,vmf_sparse_ward100,reliability_within,wikitext,wikitext,0.012153087994197814
pnull,vmf_sparse_ward100,fidelity_within,wikitext,wikitext,0.03309326713004268
pnull,vmf_sparse_ward100,fidelity_within_r,wikitext,wikitext,0.1819176130857366
pnull,vmf_sparse_ward100,fidelity_within_insample,wikitext,wikitext,0.033531360521220854
pnull,vmf_sparse_ward100,triviality_ami_layer,wikitext,wikitext,0.04472377506788451
pnull,vmf_sparse_ward100,triviality_ami_dimension,wikitext,wikitext,-0.0004885005638818444
pnull,vmf_sparse_ward100,triviality_ami_hubness,wikitext,wikitext,0.03140666742585513
pnull,vmf_sparse_ward100,triviality_n_effective_networks,wikitext,wikitext,100.0
pnull,vmf_sparse_ward100,triviality_median_max_membership,wikitext,wikitext,1.0
pnull,vmf_sparse_ward100,triviality_frac_confident,wikitext,wikitext,1.0
rand,vmf_sparse_ward100,reliability_within,wikitext,wikitext,-0.00013070782864816344
rand,vmf_sparse_ward100,fidelity_within,wikitext,wikitext,0.0017531664034818872
rand,vmf_sparse_ward100,fidelity_within_r,wikitext,wikitext,0.041871416319969136
rand,vmf_sparse_ward100,fidelity_within_insample,wikitext,wikitext,0.0017466071577767472
rand,vmf_sparse_ward100,triviality_ami_layer,wikitext,wikitext,-0.00042858673966681944
rand,vmf_sparse_ward100,triviality_ami_dimension,wikitext,wikitext,0.0014740872825074946
rand,vmf_sparse_ward100,triviality_ami_hubness,wikitext,wikitext,-0.0004142734119560885
rand,vmf_sparse_ward100,triviality_n_effective_networks,wikitext,wikitext,100.0
rand,vmf_sparse_ward100,triviality_median_max_membership,wikitext,wikitext,1.0
rand,vmf_sparse_ward100,triviality_frac_confident,wikitext,wikitext,1.0
pnull,vmf_ward,reliability_within,wikitext,wikitext,0.015256114743630068
pnull,vmf_ward,fidelity_within,wikitext,wikitext,0.03332228914146396
pnull,vmf_ward,fidelity_within_r,wikitext,wikitext,0.18254638463705145
pnull,vmf_ward,fidelity_within_insample,wikitext,wikitext,0.03379188906768826
pnull,vmf_ward,triviality_ami_layer,wikitext,wikitext,0.05625600404268793
pnull,vmf_ward,triviality_ami_dimension,wikitext,wikitext,-0.0008175050907822975
pnull,vmf_ward,triviality_ami_hubness,wikitext,wikitext,0.0345917239050794
pnull,vmf_ward,triviality_n_effective_networks,wikitext,wikitext,50.0
pnull,vmf_ward,triviality_median_max_membership,wikitext,wikitext,1.0
pnull,vmf_ward,triviality_frac_confident,wikitext,wikitext,1.0
rand,vmf_ward,reliability_within,wikitext,wikitext,-0.00011156368975058831
rand,vmf_ward,fidelity_within,wikitext,wikitext,0.0011690278559391976
rand,vmf_ward,fidelity_within_r,wikitext,wikitext,0.03419455504671088
rand,vmf_ward,fidelity_within_insample,wikitext,wikitext,0.0011420384074589673
rand,vmf_ward,triviality_ami_layer,wikitext,wikitext,0.00024614808583579617
rand,vmf_ward,triviality_ami_dimension,wikitext,wikitext,0.00015873387271144075
rand,vmf_ward,triviality_ami_hubness,wikitext,wikitext,5.55303912889104e-05
rand,vmf_ward,triviality_n_effective_networks,wikitext,wikitext,50.0
rand,vmf_ward,triviality_median_max_membership,wikitext,wikitext,1.0
rand,vmf_ward,triviality_frac_confident,wikitext,wikitext,1.0
pnull,vmf_ward100,reliability_within,wikitext,wikitext,0.008976128262974751
pnull,vmf_ward100,fidelity_within,wikitext,wikitext,0.03531241161221932
pnull,vmf_ward100,fidelity_within_r,wikitext,wikitext,0.18791787295242163
pnull,vmf_ward100,fidelity_within_insample,wikitext,wikitext,0.03576115945297831
pnull,vmf_ward100,triviality_ami_layer,wikitext,wikitext,0.04959987525855889
pnull,vmf_ward100,triviality_ami_dimension,wikitext,wikitext,0.00041185471200030113
pnull,vmf_ward100,triviality_ami_hubness,wikitext,wikitext,0.02947095834909502
pnull,vmf_ward100,triviality_n_effective_networks,wikitext,wikitext,100.0
pnull,vmf_ward100,triviality_median_max_membership,wikitext,wikitext,1.0
pnull,vmf_ward100,triviality_frac_confident,wikitext,wikitext,1.0
rand,vmf_ward100,reliability_within,wikitext,wikitext,-3.3605761943511934e-05
rand,vmf_ward100,fidelity_within,wikitext,wikitext,0.0022901307403006
rand,vmf_ward100,fidelity_within_r,wikitext,wikitext,0.04785577941371417
rand,vmf_ward100,fidelity_within_insample,wikitext,wikitext,0.0022850421531063203
rand,vmf_ward100,triviality_ami_layer,wikitext,wikitext,0.0007605021608492947
rand,vmf_ward100,triviality_ami_dimension,wikitext,wikitext,-0.0006201405887041675
rand,vmf_ward100,triviality_ami_hubness,wikitext,wikitext,0.0008612228650349251
rand,vmf_ward100,triviality_n_effective_networks,wikitext,wikitext,100.0
rand,vmf_ward100,triviality_median_max_membership,wikitext,wikitext,1.0
rand,vmf_ward100,triviality_frac_confident,wikitext,wikitext,1.0
pnull,vmf_ward100_bm,reliability_within,wikitext,wikitext,0.027160450134809035
pnull,vmf_ward100_bm,fidelity_within,wikitext,wikitext,0.05152425435398822
pnull,vmf_ward100_bm,fidelity_within_r,wikitext,wikitext,0.22699073004473516
pnull,vmf_ward100_bm,fidelity_within_insample,wikitext,wikitext,0.05204676782739892
pnull,vmf_ward100_bm,triviality_ami_layer,wikitext,wikitext,0.06818628448158608
pnull,vmf_ward100_bm,triviality_ami_dimension,wikitext,wikitext,-0.0003569529670543147
pnull,vmf_ward100_bm,triviality_ami_hubness,wikitext,wikitext,0.03767188907764894
pnull,vmf_ward100_bm,triviality_n_effective_networks,wikitext,wikitext,100.0
pnull,vmf_ward100_bm,triviality_median_max_membership,wikitext,wikitext,1.0
pnull,vmf_ward100_bm,triviality_frac_confident,wikitext,wikitext,1.0
rand,vmf_ward100_bm,reliability_within,wikitext,wikitext,9.13085847825866e-05
rand,vmf_ward100_bm,fidelity_within,wikitext,wikitext,0.002693285752669028
rand,vmf_ward100_bm,fidelity_within_r,wikitext,wikitext,0.05189904411615938
rand,vmf_ward100_bm,fidelity_within_insample,wikitext,wikitext,0.002657215277450775
rand,vmf_ward100_bm,triviality_ami_layer,wikitext,wikitext,5.082927179441638e-05
rand,vmf_ward100_bm,triviality_ami_dimension,wikitext,wikitext,0.0003912029738556871
rand,vmf_ward100_bm,triviality_ami_hubness,wikitext,wikitext,-0.0004900493492048844
rand,vmf_ward100_bm,triviality_n_effective_networks,wikitext,wikitext,100.0
rand,vmf_ward100_bm,triviality_median_max_membership,wikitext,wikitext,1.0
rand,vmf_ward100_bm,triviality_frac_confident,wikitext,wikitext,1.0
pnull,vmf_ward100_bm_degree,reliability_within,wikitext,wikitext,0.019264504993111137
pnull,vmf_ward100_bm_degree,fidelity_within,wikitext,wikitext,0.050560465363411966
pnull,vmf_ward100_bm_degree,fidelity_within_r,wikitext,wikitext,0.22485769181160056
pnull,vmf_ward100_bm_degree,fidelity_within_insample,wikitext,wikitext,0.05106954388172791
pnull,vmf_ward100_bm_degree,triviality_ami_layer,wikitext,wikitext,0.06428803720598865
pnull,vmf_ward100_bm_degree,triviality_ami_dimension,wikitext,wikitext,-0.0003699494662667251
pnull,vmf_ward100_bm_degree,triviality_ami_hubness,wikitext,wikitext,0.037264085517240975
pnull,vmf_ward100_bm_degree,triviality_n_effective_networks,wikitext,wikitext,100.0
pnull,vmf_ward100_bm_degree,triviality_median_max_membership,wikitext,wikitext,1.0
pnull,vmf_ward100_bm_degree,triviality_frac_confident,wikitext,wikitext,1.0
rand,vmf_ward100_bm_degree,reliability_within,wikitext,wikitext,-0.0001521199241511672
rand,vmf_ward100_bm_degree,fidelity_within,wikitext,wikitext,0.0020783075331659573
rand,vmf_ward100_bm_degree,fidelity_within_r,wikitext,wikitext,0.04559879503717603
rand,vmf_ward100_bm_degree,fidelity_within_insample,wikitext,wikitext,0.002000315579452794
rand,vmf_ward100_bm_degree,triviality_ami_layer,wikitext,wikitext,0.00024100622843881088
rand,vmf_ward100_bm_degree,triviality_ami_dimension,wikitext,wikitext,0.00020406218137485128
rand,vmf_ward100_bm_degree,triviality_ami_hubness,wikitext,wikitext,-0.00016492935211420923
rand,vmf_ward100_bm_degree,triviality_n_effective_networks,wikitext,wikitext,100.0
rand,vmf_ward100_bm_degree,triviality_median_max_membership,wikitext,wikitext,1.0
rand,vmf_ward100_bm_degree,triviality_frac_confident,wikitext,wikitext,1.0
pnull,vmf_ward100_bm_double,reliability_within,wikitext,wikitext,0.023146214904626563
pnull,vmf_ward100_bm_double,fidelity_within,wikitext,wikitext,0.05038296841747236
pnull,vmf_ward100_bm_double,fidelity_within_r,wikitext,wikitext,0.22446287348743202
pnull,vmf_ward100_bm_double,fidelity_within_insample,wikitext,wikitext,0.05092075674846086
pnull,vmf_ward100_bm_double,triviality_ami_layer,wikitext,wikitext,0.06442412130388989
pnull,vmf_ward100_bm_double,triviality_ami_dimension,wikitext,wikitext,-0.0004939401501948079
pnull,vmf_ward100_bm_double,triviality_ami_hubness,wikitext,wikitext,0.0371848333402339
pnull,vmf_ward100_bm_double,triviality_n_effective_networks,wikitext,wikitext,100.0
pnull,vmf_ward100_bm_double,triviality_median_max_membership,wikitext,wikitext,1.0
pnull,vmf_ward100_bm_double,triviality_frac_confident,wikitext,wikitext,1.0
rand,vmf_ward100_bm_double,reliability_within,wikitext,wikitext,-4.4561227199232e-05
rand,vmf_ward100_bm_double,fidelity_within,wikitext,wikitext,0.0019973823443084626
rand,vmf_ward100_bm_double,fidelity_within_r,wikitext,wikitext,0.044692390126913145
rand,vmf_ward100_bm_double,fidelity_within_insample,wikitext,wikitext,0.0019998881182367034
rand,vmf_ward100_bm_double,triviality_ami_layer,wikitext,wikitext,-0.0002543397811101909
rand,vmf_ward100_bm_double,triviality_ami_dimension,wikitext,wikitext,-0.001406911829265971
rand,vmf_ward100_bm_double,triviality_ami_hubness,wikitext,wikitext,0.000290012033619479
rand,vmf_ward100_bm_double,triviality_n_effective_networks,wikitext,wikitext,100.0
rand,vmf_ward100_bm_double,triviality_median_max_membership,wikitext,wikitext,1.0
rand,vmf_ward100_bm_double,triviality_frac_confident,wikitext,wikitext,1.0
pnull,vmf_ward150,reliability_within,wikitext,wikitext,0.005955548318509377
pnull,vmf_ward150,fidelity_within,wikitext,wikitext,0.03702564344074044
pnull,vmf_ward150,fidelity_within_r,wikitext,wikitext,0.19242222537528378
pnull,vmf_ward150,fidelity_within_insample,wikitext,wikitext,0.03747743577880147
pnull,vmf_ward150,triviality_ami_layer,wikitext,wikitext,0.04611439643175753
pnull,vmf_ward150,triviality_ami_dimension,wikitext,wikitext,-0.00015113006720886526
pnull,vmf_ward150,triviality_ami_hubness,wikitext,wikitext,0.028026374832068032
pnull,vmf_ward150,triviality_n_effective_networks,wikitext,wikitext,150.0
pnull,vmf_ward150,triviality_median_max_membership,wikitext,wikitext,1.0
pnull,vmf_ward150,triviality_frac_confident,wikitext,wikitext,1.0
rand,vmf_ward150,reliability_within,wikitext,wikitext,1.4200277339308575e-05
rand,vmf_ward150,fidelity_within,wikitext,wikitext,0.0027472749773931326
rand,vmf_ward150,fidelity_within_r,wikitext,wikitext,0.05241471254443922
rand,vmf_ward150,fidelity_within_insample,wikitext,wikitext,0.002752003357845423
rand,vmf_ward150,triviality_ami_layer,wikitext,wikitext,0.00023520510428545144
rand,vmf_ward150,triviality_ami_dimension,wikitext,wikitext,-0.0002697178895327651
rand,vmf_ward150,triviality_ami_hubness,wikitext,wikitext,0.00022148821581700166
rand,vmf_ward150,triviality_n_effective_networks,wikitext,wikitext,150.0
rand,vmf_ward150,triviality_median_max_membership,wikitext,wikitext,1.0
rand,vmf_ward150,triviality_frac_confident,wikitext,wikitext,1.0
pnull,vmf_ward200,reliability_within,wikitext,wikitext,0.005076204566785326
pnull,vmf_ward200,fidelity_within,wikitext,wikitext,0.03886767733476015
pnull,vmf_ward200,fidelity_within_r,wikitext,wikitext,0.19715034506686585
pnull,vmf_ward200,fidelity_within_insample,wikitext,wikitext,0.039311375462681264
pnull,vmf_ward200,triviality_ami_layer,wikitext,wikitext,0.04523058102685964
pnull,vmf_ward200,triviality_ami_dimension,wikitext,wikitext,-0.00035561239695899497
pnull,vmf_ward200,triviality_ami_hubness,wikitext,wikitext,0.027246664645668495
pnull,vmf_ward200,triviality_n_effective_networks,wikitext,wikitext,200.0
pnull,vmf_ward200,triviality_median_max_membership,wikitext,wikitext,1.0
pnull,vmf_ward200,triviality_frac_confident,wikitext,wikitext,1.0
rand,vmf_ward200,reliability_within,wikitext,wikitext,-3.326550684155328e-06
rand,vmf_ward200,fidelity_within,wikitext,wikitext,0.004440474495392421
rand,vmf_ward200,fidelity_within_r,wikitext,wikitext,0.06663713188103244
rand,vmf_ward200,fidelity_within_insample,wikitext,wikitext,0.0044697867643979095
rand,vmf_ward200,triviality_ami_layer,wikitext,wikitext,0.0011564945173395617
rand,vmf_ward200,triviality_ami_dimension,wikitext,wikitext,-1.2923000394861767e-05
rand,vmf_ward200,triviality_ami_hubness,wikitext,wikitext,0.000501463125342145
rand,vmf_ward200,triviality_n_effective_networks,wikitext,wikitext,200.0
rand,vmf_ward200,triviality_median_max_membership,wikitext,wikitext,1.0
rand,vmf_ward200,triviality_frac_confident,wikitext,wikitext,1.0
pnull,vmf_wardlloyd100,reliability_within,wikitext,wikitext,0.009756966729807411
pnull,vmf_wardlloyd100,fidelity_within,wikitext,wikitext,0.03610314099341083
pnull,vmf_wardlloyd100,fidelity_within_r,wikitext,wikitext,0.19001031556150924
pnull,vmf_wardlloyd100,fidelity_within_insample,wikitext,wikitext,0.03657278640550843
pnull,vmf_wardlloyd100,triviality_ami_layer,wikitext,wikitext,0.05057251078645825
pnull,vmf_wardlloyd100,triviality_ami_dimension,wikitext,wikitext,0.0002060892814435029
pnull,vmf_wardlloyd100,triviality_ami_hubness,wikitext,wikitext,0.03024330634528549
pnull,vmf_wardlloyd100,triviality_n_effective_networks,wikitext,wikitext,100.0
pnull,vmf_wardlloyd100,triviality_median_max_membership,wikitext,wikitext,1.0
pnull,vmf_wardlloyd100,triviality_frac_confident,wikitext,wikitext,1.0
rand,vmf_wardlloyd100,reliability_within,wikitext,wikitext,-0.00012164066874555644
rand,vmf_wardlloyd100,fidelity_within,wikitext,wikitext,0.0024014078101425307
rand,vmf_wardlloyd100,fidelity_within_r,wikitext,wikitext,0.04900440883327881
rand,vmf_wardlloyd100,fidelity_within_insample,wikitext,wikitext,0.002409547506974752
rand,vmf_wardlloyd100,triviality_ami_layer,wikitext,wikitext,0.001192542019229957
rand,vmf_wardlloyd100,triviality_ami_dimension,wikitext,wikitext,-0.0004210292024332743
rand,vmf_wardlloyd100,triviality_ami_hubness,wikitext,wikitext,-0.000298136883319155
rand,vmf_wardlloyd100,triviality_n_effective_networks,wikitext,wikitext,100.0
rand,vmf_wardlloyd100,triviality_median_max_membership,wikitext,wikitext,1.0
rand,vmf_wardlloyd100,triviality_frac_confident,wikitext,wikitext,1.0
pnull,vmf_lloyd100,reliability_within,bookcorpus,bookcorpus,0.005639268156924516
pnull,vmf_lloyd100,fidelity_within,bookcorpus,bookcorpus,0.04605924078613011
pnull,vmf_lloyd100,fidelity_within_r,bookcorpus,bookcorpus,0.21461696798778923
pnull,vmf_lloyd100,fidelity_within_insample,bookcorpus,bookcorpus,0.04615130869268047
pnull,vmf_lloyd100,triviality_ami_layer,bookcorpus,bookcorpus,0.02830270674366471
pnull,vmf_lloyd100,triviality_ami_dimension,bookcorpus,bookcorpus,0.0007233518889458961
pnull,vmf_lloyd100,triviality_ami_hubness,bookcorpus,bookcorpus,0.044685288377331135
pnull,vmf_lloyd100,triviality_n_effective_networks,bookcorpus,bookcorpus,100.0
pnull,vmf_lloyd100,triviality_median_max_membership,bookcorpus,bookcorpus,0.425
pnull,vmf_lloyd100,triviality_frac_confident,bookcorpus,bookcorpus,0.31330128205128205
rand,vmf_lloyd100,reliability_within,bookcorpus,bookcorpus,-0.00013078733624550282
rand,vmf_lloyd100,fidelity_within,bookcorpus,bookcorpus,0.00226309142849912
rand,vmf_lloyd100,fidelity_within_r,bookcorpus,bookcorpus,0.047585150480693186
rand,vmf_lloyd100,fidelity_within_insample,bookcorpus,bookcorpus,0.0022473568389619336
rand,vmf_lloyd100,triviality_ami_layer,bookcorpus,bookcorpus,0.0008415961258981231
rand,vmf_lloyd100,triviality_ami_dimension,bookcorpus,bookcorpus,0.00025326502296607226
rand,vmf_lloyd100,triviality_ami_hubness,bookcorpus,bookcorpus,-0.00022984940619785626
rand,vmf_lloyd100,triviality_n_effective_networks,bookcorpus,bookcorpus,100.0
rand,vmf_lloyd100,triviality_median_max_membership,bookcorpus,bookcorpus,1.0
rand,vmf_lloyd100,triviality_frac_confident,bookcorpus,bookcorpus,1.0
pnull,vmf_pca100_lloyd100,reliability_within,bookcorpus,bookcorpus,0.009383126827618299
pnull,vmf_pca100_lloyd100,fidelity_within,bookcorpus,bookcorpus,0.04836267027616947
pnull,vmf_pca100_lloyd100,fidelity_within_r,bookcorpus,bookcorpus,0.2199179893414995
pnull,vmf_pca100_lloyd100,fidelity_within_insample,bookcorpus,bookcorpus,0.04837345871580201
pnull,vmf_pca100_lloyd100,triviality_ami_layer,bookcorpus,bookcorpus,0.03215512706402826
pnull,vmf_pca100_lloyd100,triviality_ami_dimension,bookcorpus,bookcorpus,0.0005282253521243183
pnull,vmf_pca100_lloyd100,triviality_ami_hubness,bookcorpus,bookcorpus,0.03609928825575448
pnull,vmf_pca100_lloyd100,triviality_n_effective_networks,bookcorpus,bookcorpus,100.0
pnull,vmf_pca100_lloyd100,triviality_median_max_membership,bookcorpus,bookcorpus,0.475
pnull,vmf_pca100_lloyd100,triviality_frac_confident,bookcorpus,bookcorpus,0.40414663461538464
rand,vmf_pca100_lloyd100,reliability_within,bookcorpus,bookcorpus,6.312824942080624e-05
rand,vmf_pca100_lloyd100,fidelity_within,bookcorpus,bookcorpus,0.0020660643158120218
rand,vmf_pca100_lloyd100,fidelity_within_r,bookcorpus,bookcorpus,0.045467633931980424
rand,vmf_pca100_lloyd100,fidelity_within_insample,bookcorpus,bookcorpus,0.0020537335290636838
rand,vmf_pca100_lloyd100,triviality_ami_layer,bookcorpus,bookcorpus,6.76767661516657e-05
rand,vmf_pca100_lloyd100,triviality_ami_dimension,bookcorpus,bookcorpus,0.00032274047568549047
rand,vmf_pca100_lloyd100,triviality_ami_hubness,bookcorpus,bookcorpus,-0.0005760940121354606
rand,vmf_pca100_lloyd100,triviality_n_effective_networks,bookcorpus,bookcorpus,100.0
rand,vmf_pca100_lloyd100,triviality_median_max_membership,bookcorpus,bookcorpus,1.0
rand,vmf_pca100_lloyd100,triviality_frac_confident,bookcorpus,bookcorpus,1.0
pnull,vmf_pca100_ward100,reliability_within,bookcorpus,bookcorpus,0.006358523568090734
pnull,vmf_pca100_ward100,fidelity_within,bookcorpus,bookcorpus,0.04653470837902318
pnull,vmf_pca100_ward100,fidelity_within_r,bookcorpus,bookcorpus,0.21572199238154796
pnull,vmf_pca100_ward100,fidelity_within_insample,bookcorpus,bookcorpus,0.04652742915693442
pnull,vmf_pca100_ward100,triviality_ami_layer,bookcorpus,bookcorpus,0.026616119163514352
pnull,vmf_pca100_ward100,triviality_ami_dimension,bookcorpus,bookcorpus,0.0003380272052168656
pnull,vmf_pca100_ward100,triviality_ami_hubness,bookcorpus,bookcorpus,0.037056751025620775
pnull,vmf_pca100_ward100,triviality_n_effective_networks,bookcorpus,bookcorpus,100.0
pnull,vmf_pca100_ward100,triviality_median_max_membership,bookcorpus,bookcorpus,1.0
pnull,vmf_pca100_ward100,triviality_frac_confident,bookcorpus,bookcorpus,1.0
rand,vmf_pca100_ward100,reliability_within,bookcorpus,bookcorpus,7.310986039203693e-05
rand,vmf_pca100_ward100,fidelity_within,bookcorpus,bookcorpus,0.0026113297951770864
rand,vmf_pca100_ward100,fidelity_within_r,bookcorpus,bookcorpus,0.051113077278632166
rand,vmf_pca100_ward100,fidelity_within_insample,bookcorpus,bookcorpus,0.002605646483136881
rand,vmf_pca100_ward100,triviality_ami_layer,bookcorpus,bookcorpus,-0.0008805913907228342
rand,vmf_pca100_ward100,triviality_ami_dimension,bookcorpus,bookcorpus,0.00014441304398596347
rand,vmf_pca100_ward100,triviality_ami_hubness,bookcorpus,bookcorpus,-0.000933149336623878
rand,vmf_pca100_ward100,triviality_n_effective_networks,bookcorpus,bookcorpus,100.0
rand,vmf_pca100_ward100,triviality_median_max_membership,bookcorpus,bookcorpus,1.0
rand,vmf_pca100_ward100,triviality_frac_confident,bookcorpus,bookcorpus,1.0
pnull,vmf_pca20_lloyd100,reliability_within,bookcorpus,bookcorpus,0.010610929711003386
pnull,vmf_pca20_lloyd100,fidelity_within,bookcorpus,bookcorpus,0.050202521053416715
pnull,vmf_pca20_lloyd100,fidelity_within_r,bookcorpus,bookcorpus,0.22406210319545647
pnull,vmf_pca20_lloyd100,fidelity_within_insample,bookcorpus,bookcorpus,0.05017190437945607
pnull,vmf_pca20_lloyd100,triviality_ami_layer,bookcorpus,bookcorpus,0.03452545006274175
pnull,vmf_pca20_lloyd100,triviality_ami_dimension,bookcorpus,bookcorpus,0.0004916111760423407
pnull,vmf_pca20_lloyd100,triviality_ami_hubness,bookcorpus,bookcorpus,0.03771844198951547
pnull,vmf_pca20_lloyd100,triviality_n_effective_networks,bookcorpus,bookcorpus,100.0
pnull,vmf_pca20_lloyd100,triviality_median_max_membership,bookcorpus,bookcorpus,0.575
pnull,vmf_pca20_lloyd100,triviality_frac_confident,bookcorpus,bookcorpus,0.6144831730769231
rand,vmf_pca20_lloyd100,reliability_within,bookcorpus,bookcorpus,0.00012321200593343241
rand,vmf_pca20_lloyd100,fidelity_within,bookcorpus,bookcorpus,0.0027039196262338416
rand,vmf_pca20_lloyd100,fidelity_within_r,bookcorpus,bookcorpus,0.052013085444300965
rand,vmf_pca20_lloyd100,fidelity_within_insample,bookcorpus,bookcorpus,0.00266058221034271
rand,vmf_pca20_lloyd100,triviality_ami_layer,bookcorpus,bookcorpus,0.00023664032897628944
rand,vmf_pca20_lloyd100,triviality_ami_dimension,bookcorpus,bookcorpus,-0.0008318785268213614
rand,vmf_pca20_lloyd100,triviality_ami_hubness,bookcorpus,bookcorpus,0.0003869088389077976
rand,vmf_pca20_lloyd100,triviality_n_effective_networks,bookcorpus,bookcorpus,100.0
rand,vmf_pca20_lloyd100,triviality_median_max_membership,bookcorpus,bookcorpus,1.0
rand,vmf_pca20_lloyd100,triviality_frac_confident,bookcorpus,bookcorpus,1.0
pnull,vmf_pca20_ward100,reliability_within,bookcorpus,bookcorpus,0.008100710051465438
pnull,vmf_pca20_ward100,fidelity_within,bookcorpus,bookcorpus,0.04806894067488443
pnull,vmf_pca20_ward100,fidelity_within_r,bookcorpus,bookcorpus,0.219249247973314
pnull,vmf_pca20_ward100,fidelity_within_insample,bookcorpus,bookcorpus,0.04804576653698722
pnull,vmf_pca20_ward100,triviality_ami_layer,bookcorpus,bookcorpus,0.029078977467877274
pnull,vmf_pca20_ward100,triviality_ami_dimension,bookcorpus,bookcorpus,0.00030646920359441837
pnull,vmf_pca20_ward100,triviality_ami_hubness,bookcorpus,bookcorpus,0.03768697579628898
pnull,vmf_pca20_ward100,triviality_n_effective_networks,bookcorpus,bookcorpus,100.0
pnull,vmf_pca20_ward100,triviality_median_max_membership,bookcorpus,bookcorpus,1.0
pnull,vmf_pca20_ward100,triviality_frac_confident,bookcorpus,bookcorpus,1.0
rand,vmf_pca20_ward100,reliability_within,bookcorpus,bookcorpus,-0.00011620379647031087
rand,vmf_pca20_ward100,fidelity_within,bookcorpus,bookcorpus,0.002414520025500355
rand,vmf_pca20_ward100,fidelity_within_r,bookcorpus,bookcorpus,0.04915098036759492
rand,vmf_pca20_ward100,fidelity_within_insample,bookcorpus,bookcorpus,0.0024521025815236186
rand,vmf_pca20_ward100,triviality_ami_layer,bookcorpus,bookcorpus,0.0014001609617195344
rand,vmf_pca20_ward100,triviality_ami_dimension,bookcorpus,bookcorpus,-0.0004614233580752111
rand,vmf_pca20_ward100,triviality_ami_hubness,bookcorpus,bookcorpus,-0.0006927435604805701
rand,vmf_pca20_ward100,triviality_n_effective_networks,bookcorpus,bookcorpus,100.0
rand,vmf_pca20_ward100,triviality_median_max_membership,bookcorpus,bookcorpus,1.0
rand,vmf_pca20_ward100,triviality_frac_confident,bookcorpus,bookcorpus,1.0
pnull,vmf_sparse_lloyd100,reliability_within,bookcorpus,bookcorpus,0.00770616718744099
pnull,vmf_sparse_lloyd100,fidelity_within,bookcorpus,bookcorpus,0.04439952755146659
pnull,vmf_sparse_lloyd100,fidelity_within_r,bookcorpus,bookcorpus,0.21071494896980045
pnull,vmf_sparse_lloyd100,fidelity_within_insample,bookcorpus,bookcorpus,0.04439626127092011
pnull,vmf_sparse_lloyd100,triviality_ami_layer,bookcorpus,bookcorpus,0.027547667051611303
pnull,vmf_sparse_lloyd100,triviality_ami_dimension,bookcorpus,bookcorpus,0.0004309652620784632
pnull,vmf_sparse_lloyd100,triviality_ami_hubness,bookcorpus,bookcorpus,0.03958820664421714
pnull,vmf_sparse_lloyd100,triviality_n_effective_networks,bookcorpus,bookcorpus,100.0
pnull,vmf_sparse_lloyd100,triviality_median_max_membership,bookcorpus,bookcorpus,0.425
pnull,vmf_sparse_lloyd100,triviality_frac_confident,bookcorpus,bookcorpus,0.29577323717948717
rand,vmf_sparse_lloyd100,reliability_within,bookcorpus,bookcorpus,3.726525755194627e-07
rand,vmf_sparse_lloyd100,fidelity_within,bookcorpus,bookcorpus,0.0021776985861209353
rand,vmf_sparse_lloyd100,fidelity_within_r,bookcorpus,bookcorpus,0.04667869039878427
rand,vmf_sparse_lloyd100,fidelity_within_insample,bookcorpus,bookcorpus,0.002182377754962328
rand,vmf_sparse_lloyd100,triviality_ami_layer,bookcorpus,bookcorpus,0.0008640755555345388
rand,vmf_sparse_lloyd100,triviality_ami_dimension,bookcorpus,bookcorpus,-0.0001499628174238132
rand,vmf_sparse_lloyd100,triviality_ami_hubness,bookcorpus,bookcorpus,-0.00016293717207350599
rand,vmf_sparse_lloyd100,triviality_n_effective_networks,bookcorpus,bookcorpus,100.0
rand,vmf_sparse_lloyd100,triviality_median_max_membership,bookcorpus,bookcorpus,1.0
rand,vmf_sparse_lloyd100,triviality_frac_confident,bookcorpus,bookcorpus,1.0
pnull,vmf_sparse_ward100,reliability_within,bookcorpus,bookcorpus,0.009571411811753715
pnull,vmf_sparse_ward100,fidelity_within,bookcorpus,bookcorpus,0.04568274226168334
pnull,vmf_sparse_ward100,fidelity_within_r,bookcorpus,bookcorpus,0.2137383713364284
pnull,vmf_sparse_ward100,fidelity_within_insample,bookcorpus,bookcorpus,0.04562200527412008
pnull,vmf_sparse_ward100,triviality_ami_layer,bookcorpus,bookcorpus,0.022503675714510098
pnull,vmf_sparse_ward100,triviality_ami_dimension,bookcorpus,bookcorpus,0.0006435237850963626
pnull,vmf_sparse_ward100,triviality_ami_hubness,bookcorpus,bookcorpus,0.03657433275503083
pnull,vmf_sparse_ward100,triviality_n_effective_networks,bookcorpus,bookcorpus,100.0
pnull,vmf_sparse_ward100,triviality_median_max_membership,bookcorpus,bookcorpus,1.0
pnull,vmf_sparse_ward100,triviality_frac_confident,bookcorpus,bookcorpus,1.0
rand,vmf_sparse_ward100,reliability_within,bookcorpus,bookcorpus,0.00010680703052562681
rand,vmf_sparse_ward100,fidelity_within,bookcorpus,bookcorpus,0.002436416275002018
rand,vmf_sparse_ward100,fidelity_within_r,bookcorpus,bookcorpus,0.049372304780681435
rand,vmf_sparse_ward100,fidelity_within_insample,bookcorpus,bookcorpus,0.0024513082103193584
rand,vmf_sparse_ward100,triviality_ami_layer,bookcorpus,bookcorpus,-0.0005292859933910553
rand,vmf_sparse_ward100,triviality_ami_dimension,bookcorpus,bookcorpus,0.0005702301338788188
rand,vmf_sparse_ward100,triviality_ami_hubness,bookcorpus,bookcorpus,-0.0006404131777158427
rand,vmf_sparse_ward100,triviality_n_effective_networks,bookcorpus,bookcorpus,100.0
rand,vmf_sparse_ward100,triviality_median_max_membership,bookcorpus,bookcorpus,1.0
rand,vmf_sparse_ward100,triviality_frac_confident,bookcorpus,bookcorpus,1.0
pnull,vmf_ward,reliability_within,bookcorpus,bookcorpus,0.007915069130557504
pnull,vmf_ward,fidelity_within,bookcorpus,bookcorpus,0.04330155630626553
pnull,vmf_ward,fidelity_within_r,bookcorpus,bookcorpus,0.20809328714763337
pnull,vmf_ward,fidelity_within_insample,bookcorpus,bookcorpus,0.04329909790512165
pnull,vmf_ward,triviality_ami_layer,bookcorpus,bookcorpus,0.025976281503964967
pnull,vmf_ward,triviality_ami_dimension,bookcorpus,bookcorpus,-0.00017738249037750034
pnull,vmf_ward,triviality_ami_hubness,bookcorpus,bookcorpus,0.04145308692718704
pnull,vmf_ward,triviality_n_effective_networks,bookcorpus,bookcorpus,50.0
pnull,vmf_ward,triviality_median_max_membership,bookcorpus,bookcorpus,1.0
pnull,vmf_ward,triviality_frac_confident,bookcorpus,bookcorpus,1.0
rand,vmf_ward,reliability_within,bookcorpus,bookcorpus,1.2759810270465928e-05
rand,vmf_ward,fidelity_within,bookcorpus,bookcorpus,0.0014389152665984506
rand,vmf_ward,fidelity_within_r,bookcorpus,bookcorpus,0.03794888427118233
rand,vmf_ward,fidelity_within_insample,bookcorpus,bookcorpus,0.001446013653750966
rand,vmf_ward,triviality_ami_layer,bookcorpus,bookcorpus,0.0003773031057327044
rand,vmf_ward,triviality_ami_dimension,bookcorpus,bookcorpus,-0.0001460485686736382
rand,vmf_ward,triviality_ami_hubness,bookcorpus,bookcorpus,0.0005147942586853877
rand,vmf_ward,triviality_n_effective_networks,bookcorpus,bookcorpus,50.0
rand,vmf_ward,triviality_median_max_membership,bookcorpus,bookcorpus,1.0
rand,vmf_ward,triviality_frac_confident,bookcorpus,bookcorpus,1.0
pnull,vmf_ward100,reliability_within,bookcorpus,bookcorpus,0.006212923195090365
pnull,vmf_ward100,fidelity_within,bookcorpus,bookcorpus,0.04643727038399015
pnull,vmf_ward100,fidelity_within_r,bookcorpus,bookcorpus,0.21549604536223757
pnull,vmf_ward100,fidelity_within_insample,bookcorpus,bookcorpus,0.04642539314119776
pnull,vmf_ward100,triviality_ami_layer,bookcorpus,bookcorpus,0.024993369852662064
pnull,vmf_ward100,triviality_ami_dimension,bookcorpus,bookcorpus,-0.0001874068295166725
pnull,vmf_ward100,triviality_ami_hubness,bookcorpus,bookcorpus,0.03743553393007245
pnull,vmf_ward100,triviality_n_effective_networks,bookcorpus,bookcorpus,100.0
pnull,vmf_ward100,triviality_median_max_membership,bookcorpus,bookcorpus,1.0
pnull,vmf_ward100,triviality_frac_confident,bookcorpus,bookcorpus,1.0
rand,vmf_ward100,reliability_within,bookcorpus,bookcorpus,-5.786407181828015e-06
rand,vmf_ward100,fidelity_within,bookcorpus,bookcorpus,0.0024874284447994333
rand,vmf_ward100,fidelity_within_r,bookcorpus,bookcorpus,0.04988621793494541
rand,vmf_ward100,fidelity_within_insample,bookcorpus,bookcorpus,0.0025012722416406508
rand,vmf_ward100,triviality_ami_layer,bookcorpus,bookcorpus,-0.00045733056983015354
rand,vmf_ward100,triviality_ami_dimension,bookcorpus,bookcorpus,-0.0008003631120966127
rand,vmf_ward100,triviality_ami_hubness,bookcorpus,bookcorpus,-0.0011361106416795616
rand,vmf_ward100,triviality_n_effective_networks,bookcorpus,bookcorpus,100.0
rand,vmf_ward100,triviality_median_max_membership,bookcorpus,bookcorpus,1.0
rand,vmf_ward100,triviality_frac_confident,bookcorpus,bookcorpus,1.0
pnull,vmf_ward100_bm,reliability_within,bookcorpus,bookcorpus,0.02484007326222896
pnull,vmf_ward100_bm,fidelity_within,bookcorpus,bookcorpus,0.0638601147122475
pnull,vmf_ward100_bm,fidelity_within_r,bookcorpus,bookcorpus,0.25270802230775574
pnull,vmf_ward100_bm,fidelity_within_insample,bookcorpus,bookcorpus,0.06391910220117947
pnull,vmf_ward100_bm,triviality_ami_layer,bookcorpus,bookcorpus,0.05685575442379436
pnull,vmf_ward100_bm,triviality_ami_dimension,bookcorpus,bookcorpus,-0.0008590967581628533
pnull,vmf_ward100_bm,triviality_ami_hubness,bookcorpus,bookcorpus,0.04545146513769988
pnull,vmf_ward100_bm,triviality_n_effective_networks,bookcorpus,bookcorpus,100.0
pnull,vmf_ward100_bm,triviality_median_max_membership,bookcorpus,bookcorpus,1.0
pnull,vmf_ward100_bm,triviality_frac_confident,bookcorpus,bookcorpus,1.0
rand,vmf_ward100_bm,reliability_within,bookcorpus,bookcorpus,9.521378553821169e-05
rand,vmf_ward100_bm,fidelity_within,bookcorpus,bookcorpus,0.0025951800862703545
rand,vmf_ward100_bm,fidelity_within_r,bookcorpus,bookcorpus,0.050955065354877344
rand,vmf_ward100_bm,fidelity_within_insample,bookcorpus,bookcorpus,0.0026219997391428995
rand,vmf_ward100_bm,triviality_ami_layer,bookcorpus,bookcorpus,-7.087856412316795e-05
rand,vmf_ward100_bm,triviality_ami_dimension,bookcorpus,bookcorpus,0.0006474949128565565
rand,vmf_ward100_bm,triviality_ami_hubness,bookcorpus,bookcorpus,-0.0012906724030553106
rand,vmf_ward100_bm,triviality_n_effective_networks,bookcorpus,bookcorpus,100.0
rand,vmf_ward100_bm,triviality_median_max_membership,bookcorpus,bookcorpus,1.0
rand,vmf_ward100_bm,triviality_frac_confident,bookcorpus,bookcorpus,1.0
pnull,vmf_ward100_bm_degree,reliability_within,bookcorpus,bookcorpus,0.015650709112151405
pnull,vmf_ward100_bm_degree,fidelity_within,bookcorpus,bookcorpus,0.06033879090080052
pnull,vmf_ward100_bm_degree,fidelity_within_r,bookcorpus,bookcorpus,0.2456420270755211
pnull,vmf_ward100_bm_degree,fidelity_within_insample,bookcorpus,bookcorpus,0.06041870968518259
pnull,vmf_ward100_bm_degree,triviality_ami_layer,bookcorpus,bookcorpus,0.03808930898045216
pnull,vmf_ward100_bm_degree,triviality_ami_dimension,bookcorpus,bookcorpus,0.0002808876630397461
pnull,vmf_ward100_bm_degree,triviality_ami_hubness,bookcorpus,bookcorpus,0.04308752120239432
pnull,vmf_ward100_bm_degree,triviality_n_effective_networks,bookcorpus,bookcorpus,100.0
pnull,vmf_ward100_bm_degree,triviality_median_max_membership,bookcorpus,bookcorpus,1.0
pnull,vmf_ward100_bm_degree,triviality_frac_confident,bookcorpus,bookcorpus,1.0
rand,vmf_ward100_bm_degree,reliability_within,bookcorpus,bookcorpus,4.684045287254073e-05
rand,vmf_ward100_bm_degree,fidelity_within,bookcorpus,bookcorpus,0.0034407576108986815
rand,vmf_ward100_bm_degree,fidelity_within_r,bookcorpus,bookcorpus,0.058668383159876214
rand,vmf_ward100_bm_degree,fidelity_within_insample,bookcorpus,bookcorpus,0.0034329864399457177
rand,vmf_ward100_bm_degree,triviality_ami_layer,bookcorpus,bookcorpus,-0.0008779445919880905
rand,vmf_ward100_bm_degree,triviality_ami_dimension,bookcorpus,bookcorpus,-3.8742154570062576e-05
rand,vmf_ward100_bm_degree,triviality_ami_hubness,bookcorpus,bookcorpus,0.0019329050935581575
rand,vmf_ward100_bm_degree,triviality_n_effective_networks,bookcorpus,bookcorpus,100.0
rand,vmf_ward100_bm_degree,triviality_median_max_membership,bookcorpus,bookcorpus,1.0
rand,vmf_ward100_bm_degree,triviality_frac_confident,bookcorpus,bookcorpus,1.0
pnull,vmf_ward100_bm_double,reliability_within,bookcorpus,bookcorpus,0.021220754589985458
pnull,vmf_ward100_bm_double,fidelity_within,bookcorpus,bookcorpus,0.06038591035298535
pnull,vmf_ward100_bm_double,fidelity_within_r,bookcorpus,bookcorpus,0.24573792601572975
pnull,vmf_ward100_bm_double,fidelity_within_insample,bookcorpus,bookcorpus,0.06045912529186248
pnull,vmf_ward100_bm_double,triviality_ami_layer,bookcorpus,bookcorpus,0.04124570617936245
pnull,vmf_ward100_bm_double,triviality_ami_dimension,bookcorpus,bookcorpus,-0.00025615559820704454
pnull,vmf_ward100_bm_double,triviality_ami_hubness,bookcorpus,bookcorpus,0.044208464567311395
pnull,vmf_ward100_bm_double,triviality_n_effective_networks,bookcorpus,bookcorpus,100.0
pnull,vmf_ward100_bm_double,triviality_median_max_membership,bookcorpus,bookcorpus,1.0
pnull,vmf_ward100_bm_double,triviality_frac_confident,bookcorpus,bookcorpus,1.0
rand,vmf_ward100_bm_double,reliability_within,bookcorpus,bookcorpus,-4.00059180247596e-05
rand,vmf_ward100_bm_double,fidelity_within,bookcorpus,bookcorpus,0.0030884145544037844
rand,vmf_ward100_bm_double,fidelity_within_r,bookcorpus,bookcorpus,0.055586566052126155
rand,vmf_ward100_bm_double,fidelity_within_insample,bookcorpus,bookcorpus,0.003041287213905064
rand,vmf_ward100_bm_double,triviality_ami_layer,bookcorpus,bookcorpus,-0.0004859123200784965
rand,vmf_ward100_bm_double,triviality_ami_dimension,bookcorpus,bookcorpus,0.000696781784974365
rand,vmf_ward100_bm_double,triviality_ami_hubness,bookcorpus,bookcorpus,-0.00041980798125545353
rand,vmf_ward100_bm_double,triviality_n_effective_networks,bookcorpus,bookcorpus,100.0
rand,vmf_ward100_bm_double,triviality_median_max_membership,bookcorpus,bookcorpus,1.0
rand,vmf_ward100_bm_double,triviality_frac_confident,bookcorpus,bookcorpus,1.0
pnull,vmf_ward150,reliability_within,bookcorpus,bookcorpus,0.0036936866097268583
pnull,vmf_ward150,fidelity_within,bookcorpus,bookcorpus,0.0491670338684832
pnull,vmf_ward150,fidelity_within_r,bookcorpus,bookcorpus,0.221739195584605
pnull,vmf_ward150,fidelity_within_insample,bookcorpus,bookcorpus,0.04919465583665994
pnull,vmf_ward150,triviality_ami_layer,bookcorpus,bookcorpus,0.022819679792157863
pnull,vmf_ward150,triviality_ami_dimension,bookcorpus,bookcorpus,-0.0003904546701885437
pnull,vmf_ward150,triviality_ami_hubness,bookcorpus,bookcorpus,0.03339528116523829
pnull,vmf_ward150,triviality_n_effective_networks,bookcorpus,bookcorpus,150.0
pnull,vmf_ward150,triviality_median_max_membership,bookcorpus,bookcorpus,1.0
pnull,vmf_ward150,triviality_frac_confident,bookcorpus,bookcorpus,1.0
rand,vmf_ward150,reliability_within,bookcorpus,bookcorpus,-2.0469916546789592e-05
rand,vmf_ward150,fidelity_within,bookcorpus,bookcorpus,0.004418245711244717
rand,vmf_ward150,fidelity_within_r,bookcorpus,bookcorpus,0.06647892542392538
rand,vmf_ward150,fidelity_within_insample,bookcorpus,bookcorpus,0.004426411040349354
rand,vmf_ward150,triviality_ami_layer,bookcorpus,bookcorpus,-0.0005645794485371831
rand,vmf_ward150,triviality_ami_dimension,bookcorpus,bookcorpus,-8.580631162277665e-05
rand,vmf_ward150,triviality_ami_hubness,bookcorpus,bookcorpus,0.0012470482130376656
rand,vmf_ward150,triviality_n_effective_networks,bookcorpus,bookcorpus,150.0
rand,vmf_ward150,triviality_median_max_membership,bookcorpus,bookcorpus,1.0
rand,vmf_ward150,triviality_frac_confident,bookcorpus,bookcorpus,1.0
pnull,vmf_ward200,reliability_within,bookcorpus,bookcorpus,0.002378892364987898
pnull,vmf_ward200,fidelity_within,bookcorpus,bookcorpus,0.05043282167077057
pnull,vmf_ward200,fidelity_within_r,bookcorpus,bookcorpus,0.22457530138035303
pnull,vmf_ward200,fidelity_within_insample,bookcorpus,bookcorpus,0.05045389671136413
pnull,vmf_ward200,triviality_ami_layer,bookcorpus,bookcorpus,0.0207673960509411
pnull,vmf_ward200,triviality_ami_dimension,bookcorpus,bookcorpus,0.00013303523141748458
pnull,vmf_ward200,triviality_ami_hubness,bookcorpus,bookcorpus,0.030611042689104175
pnull,vmf_ward200,triviality_n_effective_networks,bookcorpus,bookcorpus,200.0
pnull,vmf_ward200,triviality_median_max_membership,bookcorpus,bookcorpus,1.0
pnull,vmf_ward200,triviality_frac_confident,bookcorpus,bookcorpus,1.0
rand,vmf_ward200,reliability_within,bookcorpus,bookcorpus,-0.0001336324173121426
rand,vmf_ward200,fidelity_within,bookcorpus,bookcorpus,0.005525741489016522
rand,vmf_ward200,fidelity_within_r,bookcorpus,bookcorpus,0.07434353400903068
rand,vmf_ward200,fidelity_within_insample,bookcorpus,bookcorpus,0.005519253150654713
rand,vmf_ward200,triviality_ami_layer,bookcorpus,bookcorpus,-0.0003398186230448487
rand,vmf_ward200,triviality_ami_dimension,bookcorpus,bookcorpus,0.00034174209521823984
rand,vmf_ward200,triviality_ami_hubness,bookcorpus,bookcorpus,0.00174616819979111
rand,vmf_ward200,triviality_n_effective_networks,bookcorpus,bookcorpus,200.0
rand,vmf_ward200,triviality_median_max_membership,bookcorpus,bookcorpus,1.0
rand,vmf_ward200,triviality_frac_confident,bookcorpus,bookcorpus,1.0
pnull,vmf_wardlloyd100,reliability_within,bookcorpus,bookcorpus,0.007368536335799069
pnull,vmf_wardlloyd100,fidelity_within,bookcorpus,bookcorpus,0.04950176985636601
pnull,vmf_wardlloyd100,fidelity_within_r,bookcorpus,bookcorpus,0.22249274389792958
pnull,vmf_wardlloyd100,fidelity_within_insample,bookcorpus,bookcorpus,0.049514479913660425
pnull,vmf_wardlloyd100,triviality_ami_layer,bookcorpus,bookcorpus,0.030181186372239613
pnull,vmf_wardlloyd100,triviality_ami_dimension,bookcorpus,bookcorpus,-0.0009603889784795487
pnull,vmf_wardlloyd100,triviality_ami_hubness,bookcorpus,bookcorpus,0.04026133614153573
pnull,vmf_wardlloyd100,triviality_n_effective_networks,bookcorpus,bookcorpus,100.0
pnull,vmf_wardlloyd100,triviality_median_max_membership,bookcorpus,bookcorpus,1.0
pnull,vmf_wardlloyd100,triviality_frac_confident,bookcorpus,bookcorpus,1.0
rand,vmf_wardlloyd100,reliability_within,bookcorpus,bookcorpus,4.879960557567709e-06
rand,vmf_wardlloyd100,fidelity_within,bookcorpus,bookcorpus,0.0023531588586920282
rand,vmf_wardlloyd100,fidelity_within_r,bookcorpus,bookcorpus,0.04852177022549198
rand,vmf_wardlloyd100,fidelity_within_insample,bookcorpus,bookcorpus,0.002355292344239257
rand,vmf_wardlloyd100,triviality_ami_layer,bookcorpus,bookcorpus,-0.00046701349808908035
rand,vmf_wardlloyd100,triviality_ami_dimension,bookcorpus,bookcorpus,0.0010131964247229526
rand,vmf_wardlloyd100,triviality_ami_hubness,bookcorpus,bookcorpus,0.0010933737330747488
rand,vmf_wardlloyd100,triviality_n_effective_networks,bookcorpus,bookcorpus,100.0
rand,vmf_wardlloyd100,triviality_median_max_membership,bookcorpus,bookcorpus,1.0
rand,vmf_wardlloyd100,triviality_frac_confident,bookcorpus,bookcorpus,1.0
pnull,vmf_lloyd100,reliability_within,agnews,agnews,0.013470456658474603
pnull,vmf_lloyd100,fidelity_within,agnews,agnews,0.03801114393591509
pnull,vmf_lloyd100,fidelity_within_r,agnews,agnews,0.19498936857216773
pnull,vmf_lloyd100,fidelity_within_insample,agnews,agnews,0.03874066056772585
pnull,vmf_lloyd100,triviality_ami_layer,agnews,agnews,0.0516871863963759
pnull,vmf_lloyd100,triviality_ami_dimension,agnews,agnews,0.00011185025788643463
pnull,vmf_lloyd100,triviality_ami_hubness,agnews,agnews,0.04865622290404761
pnull,vmf_lloyd100,triviality_n_effective_networks,agnews,agnews,100.0
pnull,vmf_lloyd100,triviality_median_max_membership,agnews,agnews,0.475
pnull,vmf_lloyd100,triviality_frac_confident,agnews,agnews,0.44811698717948717
rand,vmf_lloyd100,reliability_within,agnews,agnews,-4.9734488817729385e-05
rand,vmf_lloyd100,fidelity_within,agnews,agnews,0.0022174233726007797
rand,vmf_lloyd100,fidelity_within_r,agnews,agnews,0.04713999984140703
rand,vmf_lloyd100,fidelity_within_insample,agnews,agnews,0.0022140119192153307
rand,vmf_lloyd100,triviality_ami_layer,agnews,agnews,0.0004096986249264915
rand,vmf_lloyd100,triviality_ami_dimension,agnews,agnews,-0.0007672422533618226
rand,vmf_lloyd100,triviality_ami_hubness,agnews,agnews,0.0007309741733165298
rand,vmf_lloyd100,triviality_n_effective_networks,agnews,agnews,100.0
rand,vmf_lloyd100,triviality_median_max_membership,agnews,agnews,1.0
rand,vmf_lloyd100,triviality_frac_confident,agnews,agnews,1.0
pnull,vmf_pca100_lloyd100,reliability_within,agnews,agnews,0.013932994464978258
pnull,vmf_pca100_lloyd100,fidelity_within,agnews,agnews,0.044639688700304214
pnull,vmf_pca100_lloyd100,fidelity_within_r,agnews,agnews,0.21130256974046424
pnull,vmf_pca100_lloyd100,fidelity_within_insample,agnews,agnews,0.04535334360177801
pnull,vmf_pca100_lloyd100,triviality_ami_layer,agnews,agnews,0.04612611282338482
pnull,vmf_pca100_lloyd100,triviality_ami_dimension,agnews,agnews,-0.00015154573352327343
pnull,vmf_pca100_lloyd100,triviality_ami_hubness,agnews,agnews,0.04030358760455532
pnull,vmf_pca100_lloyd100,triviality_n_effective_networks,agnews,agnews,100.0
pnull,vmf_pca100_lloyd100,triviality_median_max_membership,agnews,agnews,0.4
pnull,vmf_pca100_lloyd100,triviality_frac_confident,agnews,agnews,0.25951522435897434
rand,vmf_pca100_lloyd100,reliability_within,agnews,agnews,7.067021386763438e-05
rand,vmf_pca100_lloyd100,fidelity_within,agnews,agnews,0.0017982485011547311
rand,vmf_pca100_lloyd100,fidelity_within_r,agnews,agnews,0.04246267691803157
rand,vmf_pca100_lloyd100,fidelity_within_insample,agnews,agnews,0.0018191052135543284
rand,vmf_pca100_lloyd100,triviality_ami_layer,agnews,agnews,0.000861474009142169
rand,vmf_pca100_lloyd100,triviality_ami_dimension,agnews,agnews,-0.000801271985116041
rand,vmf_pca100_lloyd100,triviality_ami_hubness,agnews,agnews,-0.00041906441171749416
rand,vmf_pca100_lloyd100,triviality_n_effective_networks,agnews,agnews,100.0
rand,vmf_pca100_lloyd100,triviality_median_max_membership,agnews,agnews,1.0
rand,vmf_pca100_lloyd100,triviality_frac_confident,agnews,agnews,1.0
pnull,vmf_pca100_ward100,reliability_within,agnews,agnews,0.010612041476719042
pnull,vmf_pca100_ward100,fidelity_within,agnews,agnews,0.04053365632423189
pnull,vmf_pca100_ward100,fidelity_within_r,agnews,agnews,0.20135220189369485
pnull,vmf_pca100_ward100,fidelity_within_insample,agnews,agnews,0.04121883369879986
pnull,vmf_pca100_ward100,triviality_ami_layer,agnews,agnews,0.03950265407179054
pnull,vmf_pca100_ward100,triviality_ami_dimension,agnews,agnews,-0.0001716523835556944
pnull,vmf_pca100_ward100,triviality_ami_hubness,agnews,agnews,0.039382397965110574
pnull,vmf_pca100_ward100,triviality_n_effective_networks,agnews,agnews,100.0
pnull,vmf_pca100_ward100,triviality_median_max_membership,agnews,agnews,1.0
pnull,vmf_pca100_ward100,triviality_frac_confident,agnews,agnews,1.0
rand,vmf_pca100_ward100,reliability_within,agnews,agnews,7.626804433138784e-05
rand,vmf_pca100_ward100,fidelity_within,agnews,agnews,0.0025105913945675518
rand,vmf_pca100_ward100,fidelity_within_r,agnews,agnews,0.050153473943380975
rand,vmf_pca100_ward100,fidelity_within_insample,agnews,agnews,0.0025207683455298335
rand,vmf_pca100_ward100,triviality_ami_layer,agnews,agnews,-0.0012647146509123033
rand,vmf_pca100_ward100,triviality_ami_dimension,agnews,agnews,-0.0002832043643153025
rand,vmf_pca100_ward100,triviality_ami_hubness,agnews,agnews,0.0016262806945864174
rand,vmf_pca100_ward100,triviality_n_effective_networks,agnews,agnews,100.0
rand,vmf_pca100_ward100,triviality_median_max_membership,agnews,agnews,1.0
rand,vmf_pca100_ward100,triviality_frac_confident,agnews,agnews,1.0
pnull,vmf_pca20_lloyd100,reliability_within,agnews,agnews,0.014827917353055355
pnull,vmf_pca20_lloyd100,fidelity_within,agnews,agnews,0.0443989720201714
pnull,vmf_pca20_lloyd100,fidelity_within_r,agnews,agnews,0.21073404417818892
pnull,vmf_pca20_lloyd100,fidelity_within_insample,agnews,agnews,0.04518800542507784
pnull,vmf_pca20_lloyd100,triviality_ami_layer,agnews,agnews,0.045944694133618645
pnull,vmf_pca20_lloyd100,triviality_ami_dimension,agnews,agnews,0.00014780206029250994
pnull,vmf_pca20_lloyd100,triviality_ami_hubness,agnews,agnews,0.040066335617086266
pnull,vmf_pca20_lloyd100,triviality_n_effective_networks,agnews,agnews,100.0
pnull,vmf_pca20_lloyd100,triviality_median_max_membership,agnews,agnews,0.525
pnull,vmf_pca20_lloyd100,triviality_frac_confident,agnews,agnews,0.5287459935897436
rand,vmf_pca20_lloyd100,reliability_within,agnews,agnews,-5.478665458635383e-05
rand,vmf_pca20_lloyd100,fidelity_within,agnews,agnews,0.0015496498017382176
rand,vmf_pca20_lloyd100,fidelity_within_r,agnews,agnews,0.03942802271905097
rand,vmf_pca20_lloyd100,fidelity_within_insample,agnews,agnews,0.001580322438106574
rand,vmf_pca20_lloyd100,triviality_ami_layer,agnews,agnews,-0.0001282648553285758
rand,vmf_pca20_lloyd100,triviality_ami_dimension,agnews,agnews,0.0010282101557791716
rand,vmf_pca20_lloyd100,triviality_ami_hubness,agnews,agnews,-0.0007788208346035011
rand,vmf_pca20_lloyd100,triviality_n_effective_networks,agnews,agnews,100.0
rand,vmf_pca20_lloyd100,triviality_median_max_membership,agnews,agnews,1.0
rand,vmf_pca20_lloyd100,triviality_frac_confident,agnews,agnews,1.0
pnull,vmf_pca20_ward100,reliability_within,agnews,agnews,0.013087368105426427
pnull,vmf_pca20_ward100,fidelity_within,agnews,agnews,0.042351499882229526
pnull,vmf_pca20_ward100,fidelity_within_r,agnews,agnews,0.20581752722951124
pnull,vmf_pca20_ward100,fidelity_within_insample,agnews,agnews,0.043077897653917896
pnull,vmf_pca20_ward100,triviality_ami_layer,agnews,agnews,0.04320205148670418
pnull,vmf_pca20_ward100,triviality_ami_dimension,agnews,agnews,0.0012798731848725445
pnull,vmf_pca20_ward100,triviality_ami_hubness,agnews,agnews,0.03965135243054892
pnull,vmf_pca20_ward100,triviality_n_effective_networks,agnews,agnews,100.0
pnull,vmf_pca20_ward100,triviality_median_max_membership,agnews,agnews,1.0
pnull,vmf_pca20_ward100,triviality_frac_confident,agnews,agnews,1.0
rand,vmf_pca20_ward100,reliability_within,agnews,agnews,2.965540493992215e-05
rand,vmf_pca20_ward100,fidelity_within,agnews,agnews,0.0017749377000265687
rand,vmf_pca20_ward100,fidelity_within_r,agnews,agnews,0.04219072372547824
rand,vmf_pca20_ward100,fidelity_within_insample,agnews,agnews,0.0018240707754421104
rand,vmf_pca20_ward100,triviality_ami_layer,agnews,agnews,0.00011494497787557464
rand,vmf_pca20_ward100,triviality_ami_dimension,agnews,agnews,-0.0006088187995739611
rand,vmf_pca20_ward100,triviality_ami_hubness,agnews,agnews,-0.0012879003702074617
rand,vmf_pca20_ward100,triviality_n_effective_networks,agnews,agnews,100.0
rand,vmf_pca20_ward100,triviality_median_max_membership,agnews,agnews,1.0
rand,vmf_pca20_ward100,triviality_frac_confident,agnews,agnews,1.0
pnull,vmf_sparse_lloyd100,reliability_within,agnews,agnews,0.013650710584933983
pnull,vmf_sparse_lloyd100,fidelity_within,agnews,agnews,0.03619943938614689
pnull,vmf_sparse_lloyd100,fidelity_within_r,agnews,agnews,0.19028773871037757
pnull,vmf_sparse_lloyd100,fidelity_within_insample,agnews,agnews,0.03693882429479656
pnull,vmf_sparse_lloyd100,triviality_ami_layer,agnews,agnews,0.041449937660183886
pnull,vmf_sparse_lloyd100,triviality_ami_dimension,agnews,agnews,-0.000916157381444662
pnull,vmf_sparse_lloyd100,triviality_ami_hubness,agnews,agnews,0.04433676989507124
pnull,vmf_sparse_lloyd100,triviality_n_effective_networks,agnews,agnews,100.0
pnull,vmf_sparse_lloyd100,triviality_median_max_membership,agnews,agnews,0.45
pnull,vmf_sparse_lloyd100,triviality_frac_confident,agnews,agnews,0.3769030448717949
rand,vmf_sparse_lloyd100,reliability_within,agnews,agnews,8.216675833010243e-05
rand,vmf_sparse_lloyd100,fidelity_within,agnews,agnews,0.0019540120010935746
rand,vmf_sparse_lloyd100,fidelity_within_r,agnews,agnews,0.044258000554621216
rand,vmf_sparse_lloyd100,fidelity_within_insample,agnews,agnews,0.0019467082357852439
rand,vmf_sparse_lloyd100,triviality_ami_layer,agnews,agnews,-0.0012161368705170472
rand,vmf_sparse_lloyd100,triviality_ami_dimension,agnews,agnews,0.0006503312046972942
rand,vmf_sparse_lloyd100,triviality_ami_hubness,agnews,agnews,-2.658496149645862e-05
rand,vmf_sparse_lloyd100,triviality_n_effective_networks,agnews,agnews,100.0
rand,vmf_sparse_lloyd100,triviality_median_max_membership,agnews,agnews,1.0
rand,vmf_sparse_lloyd100,triviality_frac_confident,agnews,agnews,1.0
pnull,vmf_sparse_ward100,reliability_within,agnews,agnews,0.01426258840029714
pnull,vmf_sparse_ward100,fidelity_within,agnews,agnews,0.037429752118362414
pnull,vmf_sparse_ward100,fidelity_within_r,agnews,agnews,0.1934901979852231
pnull,vmf_sparse_ward100,fidelity_within_insample,agnews,agnews,0.038060923474648733
pnull,vmf_sparse_ward100,triviality_ami_layer,agnews,agnews,0.036044508465553765
pnull,vmf_sparse_ward100,triviality_ami_dimension,agnews,agnews,-0.0012765983151916541
pnull,vmf_sparse_ward100,triviality_ami_hubness,agnews,agnews,0.03746485023856843
pnull,vmf_sparse_ward100,triviality_n_effective_networks,agnews,agnews,100.0
pnull,vmf_sparse_ward100,triviality_median_max_membership,agnews,agnews,1.0
pnull,vmf_sparse_ward100,triviality_frac_confident,agnews,agnews,1.0
rand,vmf_sparse_ward100,reliability_within,agnews,agnews,-3.714814739671555e-05
rand,vmf_sparse_ward100,fidelity_within,agnews,agnews,0.0017896869967729545
rand,vmf_sparse_ward100,fidelity_within_r,agnews,agnews,0.04236102561371308
rand,vmf_sparse_ward100,fidelity_within_insample,agnews,agnews,0.0017971445641675743
rand,vmf_sparse_ward100,triviality_ami_layer,agnews,agnews,0.0007469566230485545
rand,vmf_sparse_ward100,triviality_ami_dimension,agnews,agnews,0.0003439096959439376
rand,vmf_sparse_ward100,triviality_ami_hubness,agnews,agnews,-0.00012675554881466102
rand,vmf_sparse_ward100,triviality_n_effective_networks,agnews,agnews,100.0
rand,vmf_sparse_ward100,triviality_median_max_membership,agnews,agnews,1.0
rand,vmf_sparse_ward100,triviality_frac_confident,agnews,agnews,1.0
pnull,vmf_ward,reliability_within,agnews,agnews,0.014016088171188514
pnull,vmf_ward,fidelity_within,agnews,agnews,0.03741186972396937
pnull,vmf_ward,fidelity_within_r,agnews,agnews,0.19344442669719103
pnull,vmf_ward,fidelity_within_insample,agnews,agnews,0.038059763896301724
pnull,vmf_ward,triviality_ami_layer,agnews,agnews,0.04109065682823882
pnull,vmf_ward,triviality_ami_dimension,agnews,agnews,0.00041579885476671703
pnull,vmf_ward,triviality_ami_hubness,agnews,agnews,0.042450413512719797
pnull,vmf_ward,triviality_n_effective_networks,agnews,agnews,50.0
pnull,vmf_ward,triviality_median_max_membership,agnews,agnews,1.0
pnull,vmf_ward,triviality_frac_confident,agnews,agnews,1.0
rand,vmf_ward,reliability_within,agnews,agnews,-1.8026835894878956e-05
rand,vmf_ward,fidelity_within,agnews,agnews,0.0008019078621075426
rand,vmf_ward,fidelity_within_r,agnews,agnews,0.028401924158088086
rand,vmf_ward,fidelity_within_insample,agnews,agnews,0.0007993953412451793
rand,vmf_ward,triviality_ami_layer,agnews,agnews,0.00018726043770255966
rand,vmf_ward,triviality_ami_dimension,agnews,agnews,0.0004657701106962709
rand,vmf_ward,triviality_ami_hubness,agnews,agnews,-4.567769060793167e-05
rand,vmf_ward,triviality_n_effective_networks,agnews,agnews,50.0
rand,vmf_ward,triviality_median_max_membership,agnews,agnews,1.0
rand,vmf_ward,triviality_frac_confident,agnews,agnews,1.0
pnull,vmf_ward100,reliability_within,agnews,agnews,0.00810031867928753
pnull,vmf_ward100,fidelity_within,agnews,agnews,0.03947872296219279
pnull,vmf_ward100,fidelity_within_r,agnews,agnews,0.1987150099004171
pnull,vmf_ward100,fidelity_within_insample,agnews,agnews,0.04014531704574553
pnull,vmf_ward100,triviality_ami_layer,agnews,agnews,0.036190144126409626
pnull,vmf_ward100,triviality_ami_dimension,agnews,agnews,0.00111707204310256
pnull,vmf_ward100,triviality_ami_hubness,agnews,agnews,0.03518550251096472
pnull,vmf_ward100,triviality_n_effective_networks,agnews,agnews,100.0
pnull,vmf_ward100,triviality_median_max_membership,agnews,agnews,1.0
pnull,vmf_ward100,triviality_frac_confident,agnews,agnews,1.0
rand,vmf_ward100,reliability_within,agnews,agnews,0.00012102800203649485
rand,vmf_ward100,fidelity_within,agnews,agnews,0.002324236717529682
rand,vmf_ward100,fidelity_within_r,agnews,agnews,0.04825977646573562
rand,vmf_ward100,fidelity_within_insample,agnews,agnews,0.0023308673543004366
rand,vmf_ward100,triviality_ami_layer,agnews,agnews,-0.00021003866308765858
rand,vmf_ward100,triviality_ami_dimension,agnews,agnews,-0.0007912236568361126
rand,vmf_ward100,triviality_ami_hubness,agnews,agnews,-0.00016365311930769508
rand,vmf_ward100,triviality_n_effective_networks,agnews,agnews,100.0
rand,vmf_ward100,triviality_median_max_membership,agnews,agnews,1.0
rand,vmf_ward100,triviality_frac_confident,agnews,agnews,1.0
pnull,vmf_ward100_bm,reliability_within,agnews,agnews,0.03143845386590929
pnull,vmf_ward100_bm,fidelity_within,agnews,agnews,0.058963000520080855
pnull,vmf_ward100_bm,fidelity_within_r,agnews,agnews,0.24284351837018425
pnull,vmf_ward100_bm,fidelity_within_insample,agnews,agnews,0.0598510520404647
pnull,vmf_ward100_bm,triviality_ami_layer,agnews,agnews,0.06805585010549708
pnull,vmf_ward100_bm,triviality_ami_dimension,agnews,agnews,-0.0009425070624360537
pnull,vmf_ward100_bm,triviality_ami_hubness,agnews,agnews,0.04331836391032323
pnull,vmf_ward100_bm,triviality_n_effective_networks,agnews,agnews,100.0
pnull,vmf_ward100_bm,triviality_median_max_membership,agnews,agnews,1.0
pnull,vmf_ward100_bm,triviality_frac_confident,agnews,agnews,1.0
rand,vmf_ward100_bm,reliability_within,agnews,agnews,2.780882594491412e-06
rand,vmf_ward100_bm,fidelity_within,agnews,agnews,0.0022181731578847508
rand,vmf_ward100_bm,fidelity_within_r,agnews,agnews,0.0471494835842875
rand,vmf_ward100_bm,fidelity_within_insample,agnews,agnews,0.002250166762178041
rand,vmf_ward100_bm,triviality_ami_layer,agnews,agnews,-0.00021752069417669534
rand,vmf_ward100_bm,triviality_ami_dimension,agnews,agnews,0.0004769087775983097
rand,vmf_ward100_bm,triviality_ami_hubness,agnews,agnews,0.00022553242141778733
rand,vmf_ward100_bm,triviality_n_effective_networks,agnews,agnews,100.0
rand,vmf_ward100_bm,triviality_median_max_membership,agnews,agnews,1.0
rand,vmf_ward100_bm,triviality_frac_confident,agnews,agnews,1.0
pnull,vmf_ward100_bm_degree,reliability_within,agnews,agnews,0.020496222233978734
pnull,vmf_ward100_bm_degree,fidelity_within,agnews,agnews,0.05524938057591178
pnull,vmf_ward100_bm_degree,fidelity_within_r,agnews,agnews,0.23507428991838855
pnull,vmf_ward100_bm_degree,fidelity_within_insample,agnews,agnews,0.05617448171731221
pnull,vmf_ward100_bm_degree,triviality_ami_layer,agnews,agnews,0.05328531068426049
pnull,vmf_ward100_bm_degree,triviality_ami_dimension,agnews,agnews,-0.00023749954824383652
pnull,vmf_ward100_bm_degree,triviality_ami_hubness,agnews,agnews,0.04220560177664882
pnull,vmf_ward100_bm_degree,triviality_n_effective_networks,agnews,agnews,100.0
pnull,vmf_ward100_bm_degree,triviality_median_max_membership,agnews,agnews,1.0
pnull,vmf_ward100_bm_degree,triviality_frac_confident,agnews,agnews,1.0
rand,vmf_ward100_bm_degree,reliability_within,agnews,agnews,6.0265445524557764e-05
rand,vmf_ward100_bm_degree,fidelity_within,agnews,agnews,0.0019766296184665633
rand,vmf_ward100_bm_degree,fidelity_within_r,agnews,agnews,0.04451306467536842
rand,vmf_ward100_bm_degree,fidelity_within_insample,agnews,agnews,0.0019882462605296247
rand,vmf_ward100_bm_degree,triviality_ami_layer,agnews,agnews,-0.00021350592601103116
rand,vmf_ward100_bm_degree,triviality_ami_dimension,agnews,agnews,5.031577412788977e-06
rand,vmf_ward100_bm_degree,triviality_ami_hubness,agnews,agnews,0.00011778077632795212
rand,vmf_ward100_bm_degree,triviality_n_effective_networks,agnews,agnews,100.0
rand,vmf_ward100_bm_degree,triviality_median_max_membership,agnews,agnews,1.0
rand,vmf_ward100_bm_degree,triviality_frac_confident,agnews,agnews,1.0
pnull,vmf_ward100_bm_double,reliability_within,agnews,agnews,0.027015768187122993
pnull,vmf_ward100_bm_double,fidelity_within,agnews,agnews,0.05679682858619728
pnull,vmf_ward100_bm_double,fidelity_within_r,agnews,agnews,0.23834293775749713
pnull,vmf_ward100_bm_double,fidelity_within_insample,agnews,agnews,0.057730107510016615
pnull,vmf_ward100_bm_double,triviality_ami_layer,agnews,agnews,0.05761330803203127
pnull,vmf_ward100_bm_double,triviality_ami_dimension,agnews,agnews,-0.0005457911373437781
pnull,vmf_ward100_bm_double,triviality_ami_hubness,agnews,agnews,0.043563403385093465
pnull,vmf_ward100_bm_double,triviality_n_effective_networks,agnews,agnews,100.0
pnull,vmf_ward100_bm_double,triviality_median_max_membership,agnews,agnews,1.0
pnull,vmf_ward100_bm_double,triviality_frac_confident,agnews,agnews,1.0
rand,vmf_ward100_bm_double,reliability_within,agnews,agnews,-3.142202474379364e-05
rand,vmf_ward100_bm_double,fidelity_within,agnews,agnews,0.0020106420317835827
rand,vmf_ward100_bm_double,fidelity_within_r,agnews,agnews,0.04489347399204236
rand,vmf_ward100_bm_double,fidelity_within_insample,agnews,agnews,0.0020218805165900244
rand,vmf_ward100_bm_double,triviality_ami_layer,agnews,agnews,-0.0002607358448558281
rand,vmf_ward100_bm_double,triviality_ami_dimension,agnews,agnews,-0.0002236990052761433
rand,vmf_ward100_bm_double,triviality_ami_hubness,agnews,agnews,-0.0005479731896888527
rand,vmf_ward100_bm_double,triviality_n_effective_networks,agnews,agnews,100.0
rand,vmf_ward100_bm_double,triviality_median_max_membership,agnews,agnews,1.0
rand,vmf_ward100_bm_double,triviality_frac_confident,agnews,agnews,1.0
pnull,vmf_ward150,reliability_within,agnews,agnews,0.005152666848036694
pnull,vmf_ward150,fidelity_within,agnews,agnews,0.041150427651637456
pnull,vmf_ward150,fidelity_within_r,agnews,agnews,0.20287734148686087
pnull,vmf_ward150,fidelity_within_insample,agnews,agnews,0.04181271708128165
pnull,vmf_ward150,triviality_ami_layer,agnews,agnews,0.034331549833332003
pnull,vmf_ward150,triviality_ami_dimension,agnews,agnews,0.00043522096024251305
pnull,vmf_ward150,triviality_ami_hubness,agnews,agnews,0.0328005555997654
pnull,vmf_ward150,triviality_n_effective_networks,agnews,agnews,150.0
pnull,vmf_ward150,triviality_median_max_membership,agnews,agnews,1.0
pnull,vmf_ward150,triviality_frac_confident,agnews,agnews,1.0
rand,vmf_ward150,reliability_within,agnews,agnews,-4.887679667381494e-06
rand,vmf_ward150,fidelity_within,agnews,agnews,0.0031018433585736638
rand,vmf_ward150,fidelity_within_r,agnews,agnews,0.05573719770560172
rand,vmf_ward150,fidelity_within_insample,agnews,agnews,0.0030734677584784986
rand,vmf_ward150,triviality_ami_layer,agnews,agnews,0.0005694799415573516
rand,vmf_ward150,triviality_ami_dimension,agnews,agnews,0.0006697506984352289
rand,vmf_ward150,triviality_ami_hubness,agnews,agnews,0.00013080703281010097
rand,vmf_ward150,triviality_n_effective_networks,agnews,agnews,150.0
rand,vmf_ward150,triviality_median_max_membership,agnews,agnews,1.0
rand,vmf_ward150,triviality_frac_confident,agnews,agnews,1.0
pnull,vmf_ward200,reliability_within,agnews,agnews,0.0044940691742043504
pnull,vmf_ward200,fidelity_within,agnews,agnews,0.042298666193959944
pnull,vmf_ward200,fidelity_within_r,agnews,agnews,0.2056880122421914
pnull,vmf_ward200,fidelity_within_insample,agnews,agnews,0.04297844441051968
pnull,vmf_ward200,triviality_ami_layer,agnews,agnews,0.033618298403881954
pnull,vmf_ward200,triviality_ami_dimension,agnews,agnews,-0.00012373973109643216
pnull,vmf_ward200,triviality_ami_hubness,agnews,agnews,0.031657719643844506
pnull,vmf_ward200,triviality_n_effective_networks,agnews,agnews,200.0
pnull,vmf_ward200,triviality_median_max_membership,agnews,agnews,1.0
pnull,vmf_ward200,triviality_frac_confident,agnews,agnews,1.0
rand,vmf_ward200,reliability_within,agnews,agnews,-0.00013706405416316498
rand,vmf_ward200,fidelity_within,agnews,agnews,0.003937238291288669
rand,vmf_ward200,fidelity_within_r,agnews,agnews,0.06278533959088509
rand,vmf_ward200,fidelity_within_insample,agnews,agnews,0.0039347823468314225
rand,vmf_ward200,triviality_ami_layer,agnews,agnews,-0.0005855941404056878
rand,vmf_ward200,triviality_ami_dimension,agnews,agnews,-0.0003551167415589398
rand,vmf_ward200,triviality_ami_hubness,agnews,agnews,0.00036633195040650573
rand,vmf_ward200,triviality_n_effective_networks,agnews,agnews,200.0
rand,vmf_ward200,triviality_median_max_membership,agnews,agnews,1.0
rand,vmf_ward200,triviality_frac_confident,agnews,agnews,1.0
pnull,vmf_wardlloyd100,reliability_within,agnews,agnews,0.009395627898124197
pnull,vmf_wardlloyd100,fidelity_within,agnews,agnews,0.03978745022876917
pnull,vmf_wardlloyd100,fidelity_within_r,agnews,agnews,0.19949066681506913
pnull,vmf_wardlloyd100,fidelity_within_insample,agnews,agnews,0.04047012942931827
pnull,vmf_wardlloyd100,triviality_ami_layer,agnews,agnews,0.03730606662686398
pnull,vmf_wardlloyd100,triviality_ami_dimension,agnews,agnews,0.0010906892926528698
pnull,vmf_wardlloyd100,triviality_ami_hubness,agnews,agnews,0.03534932983479102
pnull,vmf_wardlloyd100,triviality_n_effective_networks,agnews,agnews,100.0
pnull,vmf_wardlloyd100,triviality_median_max_membership,agnews,agnews,1.0
pnull,vmf_wardlloyd100,triviality_frac_confident,agnews,agnews,1.0
rand,vmf_wardlloyd100,reliability_within,agnews,agnews,-5.301516290573115e-05
rand,vmf_wardlloyd100,fidelity_within,agnews,agnews,0.0019319641399598853
rand,vmf_wardlloyd100,fidelity_within_r,agnews,agnews,0.044008555020486756
rand,vmf_wardlloyd100,fidelity_within_insample,agnews,agnews,0.0019133309283789757
rand,vmf_wardlloyd100,triviality_ami_layer,agnews,agnews,0.0001719840458129596
rand,vmf_wardlloyd100,triviality_ami_dimension,agnews,agnews,-0.0012134662477831396
rand,vmf_wardlloyd100,triviality_ami_hubness,agnews,agnews,-0.00020641296418876795
rand,vmf_wardlloyd100,triviality_n_effective_networks,agnews,agnews,100.0
rand,vmf_wardlloyd100,triviality_median_max_membership,agnews,agnews,1.0
rand,vmf_wardlloyd100,triviality_frac_confident,agnews,agnews,1.0
pnull,vmf_lloyd100,reliability_within,tldr17,tldr17,0.013300955588406277
pnull,vmf_lloyd100,fidelity_within,tldr17,tldr17,0.03531122485816407
pnull,vmf_lloyd100,fidelity_within_r,tldr17,tldr17,0.18794478794462163
pnull,vmf_lloyd100,fidelity_within_insample,tldr17,tldr17,0.036497600568140554
pnull,vmf_lloyd100,triviality_ami_layer,tldr17,tldr17,0.05966817593780168
pnull,vmf_lloyd100,triviality_ami_dimension,tldr17,tldr17,-0.0020764715699666545
pnull,vmf_lloyd100,triviality_ami_hubness,tldr17,tldr17,0.03695890979196811
pnull,vmf_lloyd100,triviality_n_effective_networks,tldr17,tldr17,100.0
pnull,vmf_lloyd100,triviality_median_max_membership,tldr17,tldr17,0.35
pnull,vmf_lloyd100,triviality_frac_confident,tldr17,tldr17,0.24068509615384615
rand,vmf_lloyd100,reliability_within,tldr17,tldr17,0.00010128240209983797
rand,vmf_lloyd100,fidelity_within,tldr17,tldr17,0.0018520976565309377
rand,vmf_lloyd100,fidelity_within_r,tldr17,tldr17,0.04306507573958349
rand,vmf_lloyd100,fidelity_within_insample,tldr17,tldr17,0.001845383787724475
rand,vmf_lloyd100,triviality_ami_layer,tldr17,tldr17,0.0017040865453049172
rand,vmf_lloyd100,triviality_ami_dimension,tldr17,tldr17,-0.00023863213817679744
rand,vmf_lloyd100,triviality_ami_hubness,tldr17,tldr17,1.0536056671841733e-05
rand,vmf_lloyd100,triviality_n_effective_networks,tldr17,tldr17,100.0
rand,vmf_lloyd100,triviality_median_max_membership,tldr17,tldr17,1.0
rand,vmf_lloyd100,triviality_frac_confident,tldr17,tldr17,1.0
pnull,vmf_pca100_lloyd100,reliability_within,tldr17,tldr17,0.012293217202483957
pnull,vmf_pca100_lloyd100,fidelity_within,tldr17,tldr17,0.03838854838134487
pnull,vmf_pca100_lloyd100,fidelity_within_r,tldr17,tldr17,0.19596230865139244
pnull,vmf_pca100_lloyd100,fidelity_within_insample,tldr17,tldr17,0.039667310019207314
pnull,vmf_pca100_lloyd100,triviality_ami_layer,tldr17,tldr17,0.0560834973748485
pnull,vmf_pca100_lloyd100,triviality_ami_dimension,tldr17,tldr17,-0.0005091775221107697
pnull,vmf_pca100_lloyd100,triviality_ami_hubness,tldr17,tldr17,0.03444374596928298
pnull,vmf_pca100_lloyd100,triviality_n_effective_networks,tldr17,tldr17,100.0
pnull,vmf_pca100_lloyd100,triviality_median_max_membership,tldr17,tldr17,0.4
pnull,vmf_pca100_lloyd100,triviality_frac_confident,tldr17,tldr17,0.254306891025641
rand,vmf_pca100_lloyd100,reliability_within,tldr17,tldr17,8.477387442690966e-05
rand,vmf_pca100_lloyd100,fidelity_within,tldr17,tldr17,0.0016445731929392027
rand,vmf_pca100_lloyd100,fidelity_within_r,tldr17,tldr17,0.04058438391129987
rand,vmf_pca100_lloyd100,fidelity_within_insample,tldr17,tldr17,0.0016609108655505356
rand,vmf_pca100_lloyd100,triviality_ami_layer,tldr17,tldr17,-0.0006992641627641137
rand,vmf_pca100_lloyd100,triviality_ami_dimension,tldr17,tldr17,0.0006131523555756306
rand,vmf_pca100_lloyd100,triviality_ami_hubness,tldr17,tldr17,-0.0009915109879390545
rand,vmf_pca100_lloyd100,triviality_n_effective_networks,tldr17,tldr17,100.0
rand,vmf_pca100_lloyd100,triviality_median_max_membership,tldr17,tldr17,1.0
rand,vmf_pca100_lloyd100,triviality_frac_confident,tldr17,tldr17,1.0
pnull,vmf_pca100_ward100,reliability_within,tldr17,tldr17,0.013849837281994126
pnull,vmf_pca100_ward100,fidelity_within,tldr17,tldr17,0.03877561623135595
pnull,vmf_pca100_ward100,fidelity_within_r,tldr17,tldr17,0.19694522419172042
pnull,vmf_pca100_ward100,fidelity_within_insample,tldr17,tldr17,0.04000387813346695
pnull,vmf_pca100_ward100,triviality_ami_layer,tldr17,tldr17,0.05236458228675643
pnull,vmf_pca100_ward100,triviality_ami_dimension,tldr17,tldr17,-0.0016651849873451305
pnull,vmf_pca100_ward100,triviality_ami_hubness,tldr17,tldr17,0.03600862331397692
pnull,vmf_pca100_ward100,triviality_n_effective_networks,tldr17,tldr17,100.0
pnull,vmf_pca100_ward100,triviality_median_max_membership,tldr17,tldr17,1.0
pnull,vmf_pca100_ward100,triviality_frac_confident,tldr17,tldr17,1.0
rand,vmf_pca100_ward100,reliability_within,tldr17,tldr17,-0.00011527858376183877
rand,vmf_pca100_ward100,fidelity_within,tldr17,tldr17,0.002376984509162794
rand,vmf_pca100_ward100,fidelity_within_r,tldr17,tldr17,0.048780973524468134
rand,vmf_pca100_ward100,fidelity_within_insample,tldr17,tldr17,0.0024120333056001364
rand,vmf_pca100_ward100,triviality_ami_layer,tldr17,tldr17,0.0007370699735651106
rand,vmf_pca100_ward100,triviality_ami_dimension,tldr17,tldr17,0.001593839708577999
rand,vmf_pca100_ward100,triviality_ami_hubness,tldr17,tldr17,-0.000793427372034442
rand,vmf_pca100_ward100,triviality_n_effective_networks,tldr17,tldr17,100.0
rand,vmf_pca100_ward100,triviality_median_max_membership,tldr17,tldr17,1.0
rand,vmf_pca100_ward100,triviality_frac_confident,tldr17,tldr17,1.0
pnull,vmf_pca20_lloyd100,reliability_within,tldr17,tldr17,0.011808098844090393
pnull,vmf_pca20_lloyd100,fidelity_within,tldr17,tldr17,0.039312651045978364
pnull,vmf_pca20_lloyd100,fidelity_within_r,tldr17,tldr17,0.19830530927540432
pnull,vmf_pca20_lloyd100,fidelity_within_insample,tldr17,tldr17,0.04058493134761809
pnull,vmf_pca20_lloyd100,triviality_ami_layer,tldr17,tldr17,0.05396847983074772
pnull,vmf_pca20_lloyd100,triviality_ami_dimension,tldr17,tldr17,-0.0002620608124085776
pnull,vmf_pca20_lloyd100,triviality_ami_hubness,tldr17,tldr17,0.035890339537348895
pnull,vmf_pca20_lloyd100,triviality_n_effective_networks,tldr17,tldr17,100.0
pnull,vmf_pca20_lloyd100,triviality_median_max_membership,tldr17,tldr17,0.575
pnull,vmf_pca20_lloyd100,triviality_frac_confident,tldr17,tldr17,0.596854967948718
rand,vmf_pca20_lloyd100,reliability_within,tldr17,tldr17,4.4837227261326204e-07
rand,vmf_pca20_lloyd100,fidelity_within,tldr17,tldr17,0.0024136668431394837
rand,vmf_pca20_lloyd100,fidelity_within_r,tldr17,tldr17,0.049155709840205696
rand,vmf_pca20_lloyd100,fidelity_within_insample,tldr17,tldr17,0.0023818203016970907
rand,vmf_pca20_lloyd100,triviality_ami_layer,tldr17,tldr17,0.000788756851700643
rand,vmf_pca20_lloyd100,triviality_ami_dimension,tldr17,tldr17,0.0003660328832135203
rand,vmf_pca20_lloyd100,triviality_ami_hubness,tldr17,tldr17,-0.0005611132343100429
rand,vmf_pca20_lloyd100,triviality_n_effective_networks,tldr17,tldr17,100.0
rand,vmf_pca20_lloyd100,triviality_median_max_membership,tldr17,tldr17,1.0
rand,vmf_pca20_lloyd100,triviality_frac_confident,tldr17,tldr17,1.0
pnull,vmf_pca20_ward100,reliability_within,tldr17,tldr17,0.010055972133525229
pnull,vmf_pca20_ward100,fidelity_within,tldr17,tldr17,0.039522103293083144
pnull,vmf_pca20_ward100,fidelity_within_r,tldr17,tldr17,0.1988327832608916
pnull,vmf_pca20_ward100,fidelity_within_insample,tldr17,tldr17,0.04079953510811818
pnull,vmf_pca20_ward100,triviality_ami_layer,tldr17,tldr17,0.05123446515568248
pnull,vmf_pca20_ward100,triviality_ami_dimension,tldr17,tldr17,-0.0010285640300893824
pnull,vmf_pca20_ward100,triviality_ami_hubness,tldr17,tldr17,0.034170652883187554
pnull,vmf_pca20_ward100,triviality_n_effective_networks,tldr17,tldr17,100.0
pnull,vmf_pca20_ward100,triviality_median_max_membership,tldr17,tldr17,1.0
pnull,vmf_pca20_ward100,triviality_frac_confident,tldr17,tldr17,1.0
rand,vmf_pca20_ward100,reliability_within,tldr17,tldr17,8.8300947218252e-05
rand,vmf_pca20_ward100,fidelity_within,tldr17,tldr17,0.0016362491931697365
rand,vmf_pca20_ward100,fidelity_within_r,tldr17,tldr17,0.04048275172954181
rand,vmf_pca20_ward100,fidelity_within_insample,tldr17,tldr17,0.001666388829602794
rand,vmf_pca20_ward100,triviality_ami_layer,tldr17,tldr17,0.00183366700949231
rand,vmf_pca20_ward100,triviality_ami_dimension,tldr17,tldr17,-0.00048051423842970347
rand,vmf_pca20_ward100,triviality_ami_hubness,tldr17,tldr17,-0.0002722499668623156
rand,vmf_pca20_ward100,triviality_n_effective_networks,tldr17,tldr17,100.0
rand,vmf_pca20_ward100,triviality_median_max_membership,tldr17,tldr17,1.0
rand,vmf_pca20_ward100,triviality_frac_confident,tldr17,tldr17,1.0
pnull,vmf_sparse_lloyd100,reliability_within,tldr17,tldr17,0.01233196952336564
pnull,vmf_sparse_lloyd100,fidelity_within,tldr17,tldr17,0.03185378541102757
pnull,vmf_sparse_lloyd100,fidelity_within_r,tldr17,tldr17,0.17850788926928032
pnull,vmf_sparse_lloyd100,fidelity_within_insample,tldr17,tldr17,0.032936481448092025
pnull,vmf_sparse_lloyd100,triviality_ami_layer,tldr17,tldr17,0.05075885708233876
pnull,vmf_sparse_lloyd100,triviality_ami_dimension,tldr17,tldr17,-0.0012912891307478404
pnull,vmf_sparse_lloyd100,triviality_ami_hubness,tldr17,tldr17,0.03519805109878515
pnull,vmf_sparse_lloyd100,triviality_n_effective_networks,tldr17,tldr17,100.0
pnull,vmf_sparse_lloyd100,triviality_median_max_membership,tldr17,tldr17,0.325
pnull,vmf_sparse_lloyd100,triviality_frac_confident,tldr17,tldr17,0.22185496794871795
rand,vmf_sparse_lloyd100,reliability_within,tldr17,tldr17,-1.209477270343254e-05
rand,vmf_sparse_lloyd100,fidelity_within,tldr17,tldr17,0.002909142565826084
rand,vmf_sparse_lloyd100,fidelity_within_r,tldr17,tldr17,0.05396485905723204
rand,vmf_sparse_lloyd100,fidelity_within_insample,tldr17,tldr17,0.0029948130192991584
rand,vmf_sparse_lloyd100,triviality_ami_layer,tldr17,tldr17,-0.0002514740302617939
rand,vmf_sparse_lloyd100,triviality_ami_dimension,tldr17,tldr17,-4.582749616252597e-06
rand,vmf_sparse_lloyd100,triviality_ami_hubness,tldr17,tldr17,0.0007606885351526659
rand,vmf_sparse_lloyd100,triviality_n_effective_networks,tldr17,tldr17,100.0
rand,vmf_sparse_lloyd100,triviality_median_max_membership,tldr17,tldr17,1.0
rand,vmf_sparse_lloyd100,triviality_frac_confident,tldr17,tldr17,1.0
pnull,vmf_sparse_ward100,reliability_within,tldr17,tldr17,0.011274448628171781
pnull,vmf_sparse_ward100,fidelity_within,tldr17,tldr17,0.034212355250410775
pnull,vmf_sparse_ward100,fidelity_within_r,tldr17,tldr17,0.18499711720774242
pnull,vmf_sparse_ward100,fidelity_within_insample,tldr17,tldr17,0.03535280616859038
pnull,vmf_sparse_ward100,triviality_ami_layer,tldr17,tldr17,0.04564572128397877
pnull,vmf_sparse_ward100,triviality_ami_dimension,tldr17,tldr17,-0.0012969229347605147
pnull,vmf_sparse_ward100,triviality_ami_hubness,tldr17,tldr17,0.03303501696776384
pnull,vmf_sparse_ward100,triviality_n_effective_networks,tldr17,tldr17,100.0
pnull,vmf_sparse_ward100,triviality_median_max_membership,tldr17,tldr17,1.0
pnull,vmf_sparse_ward100,triviality_frac_confident,tldr17,tldr17,1.0
rand,vmf_sparse_ward100,reliability_within,tldr17,tldr17,-1.8228243546756325e-05
rand,vmf_sparse_ward100,fidelity_within,tldr17,tldr17,0.002323698246695205
rand,vmf_sparse_ward100,fidelity_within_r,tldr17,tldr17,0.04823614185277181
rand,vmf_sparse_ward100,fidelity_within_insample,tldr17,tldr17,0.0022569088033016493
rand,vmf_sparse_ward100,triviality_ami_layer,tldr17,tldr17,0.0007114863060262103
rand,vmf_sparse_ward100,triviality_ami_dimension,tldr17,tldr17,0.0011031407763299368
rand,vmf_sparse_ward100,triviality_ami_hubness,tldr17,tldr17,-0.0004893976339855175
rand,vmf_sparse_ward100,triviality_n_effective_networks,tldr17,tldr17,100.0
rand,vmf_sparse_ward100,triviality_median_max_membership,tldr17,tldr17,1.0
rand,vmf_sparse_ward100,triviality_frac_confident,tldr17,tldr17,1.0
pnull,vmf_ward,reliability_within,tldr17,tldr17,0.01801533431866152
pnull,vmf_ward,fidelity_within,tldr17,tldr17,0.034535372985265655
pnull,vmf_ward,fidelity_within_r,tldr17,tldr17,0.185866930206094
pnull,vmf_ward,fidelity_within_insample,tldr17,tldr17,0.03565306174093319
pnull,vmf_ward,triviality_ami_layer,tldr17,tldr17,0.05598320448565446
pnull,vmf_ward,triviality_ami_dimension,tldr17,tldr17,-0.0012988223176530539
pnull,vmf_ward,triviality_ami_hubness,tldr17,tldr17,0.03815649139567351
pnull,vmf_ward,triviality_n_effective_networks,tldr17,tldr17,50.0
pnull,vmf_ward,triviality_median_max_membership,tldr17,tldr17,1.0
pnull,vmf_ward,triviality_frac_confident,tldr17,tldr17,1.0
rand,vmf_ward,reliability_within,tldr17,tldr17,-9.948336348946982e-05
rand,vmf_ward,fidelity_within,tldr17,tldr17,0.0010847854178051008
rand,vmf_ward,fidelity_within_r,tldr17,tldr17,0.03297646156114632
rand,vmf_ward,fidelity_within_insample,tldr17,tldr17,0.0011149966949346446
rand,vmf_ward,triviality_ami_layer,tldr17,tldr17,-0.00045940925911166087
rand,vmf_ward,triviality_ami_dimension,tldr17,tldr17,-0.0009737827624492873
rand,vmf_ward,triviality_ami_hubness,tldr17,tldr17,0.00025146217004077566
rand,vmf_ward,triviality_n_effective_networks,tldr17,tldr17,50.0
rand,vmf_ward,triviality_median_max_membership,tldr17,tldr17,1.0
rand,vmf_ward,triviality_frac_confident,tldr17,tldr17,1.0
pnull,vmf_ward100,reliability_within,tldr17,tldr17,0.0074169872437457336
pnull,vmf_ward100,fidelity_within,tldr17,tldr17,0.03651555549717489
pnull,vmf_ward100,fidelity_within_r,tldr17,tldr17,0.19111740099452837
pnull,vmf_ward100,fidelity_within_insample,tldr17,tldr17,0.03760691510350955
pnull,vmf_ward100,triviality_ami_layer,tldr17,tldr17,0.0479797394691658
pnull,vmf_ward100,triviality_ami_dimension,tldr17,tldr17,-0.001057524108218475
pnull,vmf_ward100,triviality_ami_hubness,tldr17,tldr17,0.032631056650011966
pnull,vmf_ward100,triviality_n_effective_networks,tldr17,tldr17,100.0
pnull,vmf_ward100,triviality_median_max_membership,tldr17,tldr17,1.0
pnull,vmf_ward100,triviality_frac_confident,tldr17,tldr17,1.0
rand,vmf_ward100,reliability_within,tldr17,tldr17,0.0001419732444549445
rand,vmf_ward100,fidelity_within,tldr17,tldr17,0.0025522866409288802
rand,vmf_ward100,fidelity_within_r,tldr17,tldr17,0.05054482876335715
rand,vmf_ward100,fidelity_within_insample,tldr17,tldr17,0.002559678377215824
rand,vmf_ward100,triviality_ami_layer,tldr17,tldr17,-0.0006701663519881476
rand,vmf_ward100,triviality_ami_dimension,tldr17,tldr17,-0.0010681697924687173
rand,vmf_ward100,triviality_ami_hubness,tldr17,tldr17,0.0005524833747789783
rand,vmf_ward100,triviality_n_effective_networks,tldr17,tldr17,100.0
rand,vmf_ward100,triviality_median_max_membership,tldr17,tldr17,1.0
rand,vmf_ward100,triviality_frac_confident,tldr17,tldr17,1.0
pnull,vmf_ward100_bm,reliability_within,tldr17,tldr17,0.016183203124801916
pnull,vmf_ward100_bm,fidelity_within,tldr17,tldr17,0.048394291368017095
pnull,vmf_ward100_bm,fidelity_within_r,tldr17,tldr17,0.2200157474387659
pnull,vmf_ward100_bm,fidelity_within_insample,tldr17,tldr17,0.049825013492341474
pnull,vmf_ward100_bm,triviality_ami_layer,tldr17,tldr17,0.06345278207132829
pnull,vmf_ward100_bm,triviality_ami_dimension,tldr17,tldr17,0.00035493350847895446
pnull,vmf_ward100_bm,triviality_ami_hubness,tldr17,tldr17,0.03670404123018493
pnull,vmf_ward100_bm,triviality_n_effective_networks,tldr17,tldr17,100.0
pnull,vmf_ward100_bm,triviality_median_max_membership,tldr17,tldr17,1.0
pnull,vmf_ward100_bm,triviality_frac_confident,tldr17,tldr17,1.0
rand,vmf_ward100_bm,reliability_within,tldr17,tldr17,-0.0002563496912578651
rand,vmf_ward100_bm,fidelity_within,tldr17,tldr17,0.002124800030238072
rand,vmf_ward100_bm,fidelity_within_r,tldr17,tldr17,0.046122771608085485
rand,vmf_ward100_bm,fidelity_within_insample,tldr17,tldr17,0.002114878199933612
rand,vmf_ward100_bm,triviality_ami_layer,tldr17,tldr17,-0.0005313592447937788
rand,vmf_ward100_bm,triviality_ami_dimension,tldr17,tldr17,-0.0007236785569369245
rand,vmf_ward100_bm,triviality_ami_hubness,tldr17,tldr17,-0.0006467509521353075
rand,vmf_ward100_bm,triviality_n_effective_networks,tldr17,tldr17,100.0
rand,vmf_ward100_bm,triviality_median_max_membership,tldr17,tldr17,1.0
rand,vmf_ward100_bm,triviality_frac_confident,tldr17,tldr17,1.0
pnull,vmf_ward100_bm_degree,reliability_within,tldr17,tldr17,0.011051128022964745
pnull,vmf_ward100_bm_degree,fidelity_within,tldr17,tldr17,0.049225752851755455
pnull,vmf_ward100_bm_degree,fidelity_within_r,tldr17,tldr17,0.22189758059236891
pnull,vmf_ward100_bm_degree,fidelity_within_insample,tldr17,tldr17,0.05067897364886831
pnull,vmf_ward100_bm_degree,triviality_ami_layer,tldr17,tldr17,0.05862712174488727
pnull,vmf_ward100_bm_degree,triviality_ami_dimension,tldr17,tldr17,-0.00010936594173050294
pnull,vmf_ward100_bm_degree,triviality_ami_hubness,tldr17,tldr17,0.03989851620838427
pnull,vmf_ward100_bm_degree,triviality_n_effective_networks,tldr17,tldr17,100.0
pnull,vmf_ward100_bm_degree,triviality_median_max_membership,tldr17,tldr17,1.0
pnull,vmf_ward100_bm_degree,triviality_frac_confident,tldr17,tldr17,1.0
rand,vmf_ward100_bm_degree,reliability_within,tldr17,tldr17,-0.0001514500757765598
rand,vmf_ward100_bm_degree,fidelity_within,tldr17,tldr17,0.0020808328604002835
rand,vmf_ward100_bm_degree,fidelity_within_r,tldr17,tldr17,0.04564384563253381
rand,vmf_ward100_bm_degree,fidelity_within_insample,tldr17,tldr17,0.0021011635838088516
rand,vmf_ward100_bm_degree,triviality_ami_layer,tldr17,tldr17,0.0011945589268513883
rand,vmf_ward100_bm_degree,triviality_ami_dimension,tldr17,tldr17,-0.0007567243642866655
rand,vmf_ward100_bm_degree,triviality_ami_hubness,tldr17,tldr17,-0.000563529310802522
rand,vmf_ward100_bm_degree,triviality_n_effective_networks,tldr17,tldr17,100.0
rand,vmf_ward100_bm_degree,triviality_median_max_membership,tldr17,tldr17,1.0
rand,vmf_ward100_bm_degree,triviality_frac_confident,tldr17,tldr17,1.0
pnull,vmf_ward100_bm_double,reliability_within,tldr17,tldr17,0.015672594541791915
pnull,vmf_ward100_bm_double,fidelity_within,tldr17,tldr17,0.048439704790502414
pnull,vmf_ward100_bm_double,fidelity_within_r,tldr17,tldr17,0.22011980050104857
pnull,vmf_ward100_bm_double,fidelity_within_insample,tldr17,tldr17,0.04989815813071086
pnull,vmf_ward100_bm_double,triviality_ami_layer,tldr17,tldr17,0.058895191729492855
pnull,vmf_ward100_bm_double,triviality_ami_dimension,tldr17,tldr17,-0.0005258946045905016
pnull,vmf_ward100_bm_double,triviality_ami_hubness,tldr17,tldr17,0.03867788122583289
pnull,vmf_ward100_bm_double,triviality_n_effective_networks,tldr17,tldr17,100.0
pnull,vmf_ward100_bm_double,triviality_median_max_membership,tldr17,tldr17,1.0
pnull,vmf_ward100_bm_double,triviality_frac_confident,tldr17,tldr17,1.0
rand,vmf_ward100_bm_double,reliability_within,tldr17,tldr17,3.8478063761621694e-05
rand,vmf_ward100_bm_double,fidelity_within,tldr17,tldr17,0.001707847431718812
rand,vmf_ward100_bm_double,fidelity_within_r,tldr17,tldr17,0.041356334784156124
rand,vmf_ward100_bm_double,fidelity_within_insample,tldr17,tldr17,0.001717954215021078
rand,vmf_ward100_bm_double,triviality_ami_layer,tldr17,tldr17,-0.0001314017793853657
rand,vmf_ward100_bm_double,triviality_ami_dimension,tldr17,tldr17,0.00023354774112192147
rand,vmf_ward100_bm_double,triviality_ami_hubness,tldr17,tldr17,-0.00041526824143175414
rand,vmf_ward100_bm_double,triviality_n_effective_networks,tldr17,tldr17,100.0
rand,vmf_ward100_bm_double,triviality_median_max_membership,tldr17,tldr17,1.0
rand,vmf_ward100_bm_double,triviality_frac_confident,tldr17,tldr17,1.0
pnull,vmf_ward150,reliability_within,tldr17,tldr17,0.005614384703573982
pnull,vmf_ward150,fidelity_within,tldr17,tldr17,0.03789051997285353
pnull,vmf_ward150,fidelity_within_r,tldr17,tldr17,0.19468132412146585
pnull,vmf_ward150,fidelity_within_insample,tldr17,tldr17,0.0390014445333422
pnull,vmf_ward150,triviality_ami_layer,tldr17,tldr17,0.04445097626215313
pnull,vmf_ward150,triviality_ami_dimension,tldr17,tldr17,-0.0007441110985002872
pnull,vmf_ward150,triviality_ami_hubness,tldr17,tldr17,0.03034297080475343
pnull,vmf_ward150,triviality_n_effective_networks,tldr17,tldr17,150.0
pnull,vmf_ward150,triviality_median_max_membership,tldr17,tldr17,1.0
pnull,vmf_ward150,triviality_frac_confident,tldr17,tldr17,1.0
rand,vmf_ward150,reliability_within,tldr17,tldr17,-0.00015489701781142056
rand,vmf_ward150,fidelity_within,tldr17,tldr17,0.0036168900391456704
rand,vmf_ward150,fidelity_within_r,tldr17,tldr17,0.06016313211416309
rand,vmf_ward150,fidelity_within_insample,tldr17,tldr17,0.003676903582572555
rand,vmf_ward150,triviality_ami_layer,tldr17,tldr17,0.00043799426381727194
rand,vmf_ward150,triviality_ami_dimension,tldr17,tldr17,0.0002837672893449929
rand,vmf_ward150,triviality_ami_hubness,tldr17,tldr17,0.00043900189880461684
rand,vmf_ward150,triviality_n_effective_networks,tldr17,tldr17,150.0
rand,vmf_ward150,triviality_median_max_membership,tldr17,tldr17,1.0
rand,vmf_ward150,triviality_frac_confident,tldr17,tldr17,1.0
pnull,vmf_ward200,reliability_within,tldr17,tldr17,0.004195297857845705
pnull,vmf_ward200,fidelity_within,tldr17,tldr17,0.03938023605656171
pnull,vmf_ward200,fidelity_within_r,tldr17,tldr17,0.1984699390905905
pnull,vmf_ward200,fidelity_within_insample,tldr17,tldr17,0.04049653963567723
pnull,vmf_ward200,triviality_ami_layer,tldr17,tldr17,0.04309679001433716
pnull,vmf_ward200,triviality_ami_dimension,tldr17,tldr17,-0.0007583409504662646
pnull,vmf_ward200,triviality_ami_hubness,tldr17,tldr17,0.028763829760306517
pnull,vmf_ward200,triviality_n_effective_networks,tldr17,tldr17,200.0
pnull,vmf_ward200,triviality_median_max_membership,tldr17,tldr17,1.0
pnull,vmf_ward200,triviality_frac_confident,tldr17,tldr17,1.0
rand,vmf_ward200,reliability_within,tldr17,tldr17,0.00021796601317883557
rand,vmf_ward200,fidelity_within,tldr17,tldr17,0.004388544657078053
rand,vmf_ward200,fidelity_within_r,tldr17,tldr17,0.06626491474678571
rand,vmf_ward200,fidelity_within_insample,tldr17,tldr17,0.00439914310545686
rand,vmf_ward200,triviality_ami_layer,tldr17,tldr17,1.0292304032347889e-05
rand,vmf_ward200,triviality_ami_dimension,tldr17,tldr17,5.9157186105161815e-05
rand,vmf_ward200,triviality_ami_hubness,tldr17,tldr17,-0.00016006710640665788
rand,vmf_ward200,triviality_n_effective_networks,tldr17,tldr17,200.0
rand,vmf_ward200,triviality_median_max_membership,tldr17,tldr17,1.0
rand,vmf_ward200,triviality_frac_confident,tldr17,tldr17,1.0
pnull,vmf_wardlloyd100,reliability_within,tldr17,tldr17,0.007448876213699395
pnull,vmf_wardlloyd100,fidelity_within,tldr17,tldr17,0.036937658301524956
pnull,vmf_wardlloyd100,fidelity_within_r,tldr17,tldr17,0.19221939689295103
pnull,vmf_wardlloyd100,fidelity_within_insample,tldr17,tldr17,0.03805854503302586
pnull,vmf_wardlloyd100,triviality_ami_layer,tldr17,tldr17,0.048373351001949214
pnull,vmf_wardlloyd100,triviality_ami_dimension,tldr17,tldr17,-0.0010753466944170558
pnull,vmf_wardlloyd100,triviality_ami_hubness,tldr17,tldr17,0.03298445630740721
pnull,vmf_wardlloyd100,triviality_n_effective_networks,tldr17,tldr17,100.0
pnull,vmf_wardlloyd100,triviality_median_max_membership,tldr17,tldr17,1.0
pnull,vmf_wardlloyd100,triviality_frac_confident,tldr17,tldr17,1.0
rand,vmf_wardlloyd100,reliability_within,tldr17,tldr17,-0.00011983725569213295
rand,vmf_wardlloyd100,fidelity_within,tldr17,tldr17,0.002159039559379905
rand,vmf_wardlloyd100,fidelity_within_r,tldr17,tldr17,0.04649275218364482
rand,vmf_wardlloyd100,fidelity_within_insample,tldr17,tldr17,0.0021817128684903375
rand,vmf_wardlloyd100,triviality_ami_layer,tldr17,tldr17,-0.0007703646029685998
rand,vmf_wardlloyd100,triviality_ami_dimension,tldr17,tldr17,-0.0001022763681925613
rand,vmf_wardlloyd100,triviality_ami_hubness,tldr17,tldr17,-1.7249509856949205e-05
rand,vmf_wardlloyd100,triviality_n_effective_networks,tldr17,tldr17,100.0
rand,vmf_wardlloyd100,triviality_median_max_membership,tldr17,tldr17,1.0
rand,vmf_wardlloyd100,triviality_frac_confident,tldr17,tldr17,1.0
pnull,vmf_lloyd100,fidelity_across_halves,wikitext,bookcorpus,0.17313914883437886
pnull,vmf_lloyd100,reliability_across_halves,wikitext,bookcorpus,0.008932807937974848
rand,vmf_lloyd100,fidelity_across_halves,wikitext,bookcorpus,0.03744087641108175
rand,vmf_lloyd100,reliability_across_halves,wikitext,bookcorpus,-4.664608299192882e-05
pnull,vmf_pca100_lloyd100,fidelity_across_halves,wikitext,bookcorpus,0.18564933653915233
pnull,vmf_pca100_lloyd100,reliability_across_halves,wikitext,bookcorpus,0.007267222066836455
rand,vmf_pca100_lloyd100,fidelity_across_halves,wikitext,bookcorpus,0.033935468484029105
rand,vmf_pca100_lloyd100,reliability_across_halves,wikitext,bookcorpus,-8.696666456842408e-05
pnull,vmf_pca100_ward100,fidelity_across_halves,wikitext,bookcorpus,0.18400100303219036
pnull,vmf_pca100_ward100,reliability_across_halves,wikitext,bookcorpus,0.008371174808684954
rand,vmf_pca100_ward100,fidelity_across_halves,wikitext,bookcorpus,0.04307511520242836
rand,vmf_pca100_ward100,reliability_across_halves,wikitext,bookcorpus,0.00011288066446250413
pnull,vmf_pca20_lloyd100,fidelity_across_halves,wikitext,bookcorpus,0.18761299868585601
pnull,vmf_pca20_lloyd100,reliability_across_halves,wikitext,bookcorpus,0.008318688150781836
rand,vmf_pca20_lloyd100,fidelity_across_halves,wikitext,bookcorpus,0.03523488611599938
rand,vmf_pca20_lloyd100,reliability_across_halves,wikitext,bookcorpus,-5.0291556669174945e-05
pnull,vmf_pca20_ward100,fidelity_across_halves,wikitext,bookcorpus,0.18628749332418754
pnull,vmf_pca20_ward100,reliability_across_halves,wikitext,bookcorpus,0.01061562092755437
rand,vmf_pca20_ward100,fidelity_across_halves,wikitext,bookcorpus,0.0439160583403038
rand,vmf_pca20_ward100,reliability_across_halves,wikitext,bookcorpus,2.2484636574909444e-05
pnull,vmf_sparse_lloyd100,fidelity_across_halves,wikitext,bookcorpus,0.1689551382279315
pnull,vmf_sparse_lloyd100,reliability_across_halves,wikitext,bookcorpus,0.009985659628011713
rand,vmf_sparse_lloyd100,fidelity_across_halves,wikitext,bookcorpus,0.03440630936088662
rand,vmf_sparse_lloyd100,reliability_across_halves,wikitext,bookcorpus,0.0002730227826268737
pnull,vmf_sparse_ward100,fidelity_across_halves,wikitext,bookcorpus,0.17661716370317046
pnull,vmf_sparse_ward100,reliability_across_halves,wikitext,bookcorpus,0.008585628234076222
rand,vmf_sparse_ward100,fidelity_across_halves,wikitext,bookcorpus,0.03261820230875551
rand,vmf_sparse_ward100,reliability_across_halves,wikitext,bookcorpus,5.617472059416121e-05
pnull,vmf_ward,fidelity_across_halves,wikitext,bookcorpus,0.17501751531480528
pnull,vmf_ward,reliability_across_halves,wikitext,bookcorpus,0.007021359610513252
rand,vmf_ward,fidelity_across_halves,wikitext,bookcorpus,0.024357285774465824
rand,vmf_ward,reliability_across_halves,wikitext,bookcorpus,-1.790695892878977e-05
pnull,vmf_ward100,fidelity_across_halves,wikitext,bookcorpus,0.1777524464457114
pnull,vmf_ward100,reliability_across_halves,wikitext,bookcorpus,0.005669605652793254
rand,vmf_ward100,fidelity_across_halves,wikitext,bookcorpus,0.03687992769782017
rand,vmf_ward100,reliability_across_halves,wikitext,bookcorpus,3.6840348111997134e-05
pnull,vmf_ward100_bm,fidelity_across_halves,wikitext,bookcorpus,0.20745996640960174
pnull,vmf_ward100_bm,reliability_across_halves,wikitext,bookcorpus,0.022249795864377246
rand,vmf_ward100_bm,fidelity_across_halves,wikitext,bookcorpus,0.036221839749719514
rand,vmf_ward100_bm,reliability_across_halves,wikitext,bookcorpus,0.00010895615404262155
pnull,vmf_ward100_bm_degree,fidelity_across_halves,wikitext,bookcorpus,0.20939995695780633
pnull,vmf_ward100_bm_degree,reliability_across_halves,wikitext,bookcorpus,0.013453069879688164
rand,vmf_ward100_bm_degree,fidelity_across_halves,wikitext,bookcorpus,0.0348559034288749
rand,vmf_ward100_bm_degree,reliability_across_halves,wikitext,bookcorpus,-4.9918450214300755e-05
pnull,vmf_ward100_bm_double,fidelity_across_halves,wikitext,bookcorpus,0.20642128873707566
pnull,vmf_ward100_bm_double,reliability_across_halves,wikitext,bookcorpus,0.02163671999995803
rand,vmf_ward100_bm_double,fidelity_across_halves,wikitext,bookcorpus,0.03314248881562048
rand,vmf_ward100_bm_double,reliability_across_halves,wikitext,bookcorpus,-0.00019994361402251898
pnull,vmf_ward150,fidelity_across_halves,wikitext,bookcorpus,0.18116227662377604
pnull,vmf_ward150,reliability_across_halves,wikitext,bookcorpus,0.004098378814246496
rand,vmf_ward150,fidelity_across_halves,wikitext,bookcorpus,0.037497217477298346
rand,vmf_ward150,reliability_across_halves,wikitext,bookcorpus,-8.74318278567894e-05
pnull,vmf_ward200,fidelity_across_halves,wikitext,bookcorpus,0.1827453513796992
pnull,vmf_ward200,reliability_across_halves,wikitext,bookcorpus,0.0033591953412645532
rand,vmf_ward200,fidelity_across_halves,wikitext,bookcorpus,0.05045587113452558
rand,vmf_ward200,reliability_across_halves,wikitext,bookcorpus,6.145013546984189e-06
pnull,vmf_wardlloyd100,fidelity_across_halves,wikitext,bookcorpus,0.1789664610987799
pnull,vmf_wardlloyd100,reliability_across_halves,wikitext,bookcorpus,0.007118788035899248
rand,vmf_wardlloyd100,fidelity_across_halves,wikitext,bookcorpus,0.038767259813644955
rand,vmf_wardlloyd100,reliability_across_halves,wikitext,bookcorpus,-0.0001345912497759035
pnull,vmf_lloyd100,fidelity_across_halves,wikitext,agnews,0.18577539347972305
pnull,vmf_lloyd100,reliability_across_halves,wikitext,agnews,0.014167599206315391
rand,vmf_lloyd100,fidelity_across_halves,wikitext,agnews,0.04107364136392921
rand,vmf_lloyd100,reliability_across_halves,wikitext,agnews,-9.366875195513024e-05
pnull,vmf_pca100_lloyd100,fidelity_across_halves,wikitext,agnews,0.19555393778908106
pnull,vmf_pca100_lloyd100,reliability_across_halves,wikitext,agnews,0.010438421956819988
rand,vmf_pca100_lloyd100,fidelity_across_halves,wikitext,agnews,0.034212501637037845
rand,vmf_pca100_lloyd100,reliability_across_halves,wikitext,agnews,-0.00011017369566010029
pnull,vmf_pca100_ward100,fidelity_across_halves,wikitext,agnews,0.19095658247970737
pnull,vmf_pca100_ward100,reliability_across_halves,wikitext,agnews,0.009169190176986766
rand,vmf_pca100_ward100,fidelity_across_halves,wikitext,agnews,0.03777464334601484
rand,vmf_pca100_ward100,reliability_across_halves,wikitext,agnews,-0.00019724743725427378
pnull,vmf_pca20_lloyd100,fidelity_across_halves,wikitext,agnews,0.19834529628146352
pnull,vmf_pca20_lloyd100,reliability_across_halves,wikitext,agnews,0.010948430872562278
rand,vmf_pca20_lloyd100,fidelity_across_halves,wikitext,agnews,0.034366243025105124
rand,vmf_pca20_lloyd100,reliability_across_halves,wikitext,agnews,0.00018847002343241992
pnull,vmf_pca20_ward100,fidelity_across_halves,wikitext,agnews,0.1945493201446031
pnull,vmf_pca20_ward100,reliability_across_halves,wikitext,agnews,0.012210819783949063
rand,vmf_pca20_ward100,fidelity_across_halves,wikitext,agnews,0.040950559305187206
rand,vmf_pca20_ward100,reliability_across_halves,wikitext,agnews,0.00011368119272282157
pnull,vmf_sparse_lloyd100,fidelity_across_halves,wikitext,agnews,0.17484328374018943
pnull,vmf_sparse_lloyd100,reliability_across_halves,wikitext,agnews,0.013577973897143318
rand,vmf_sparse_lloyd100,fidelity_across_halves,wikitext,agnews,0.034294361437196
rand,vmf_sparse_lloyd100,reliability_across_halves,wikitext,agnews,1.6311130181939583e-05
pnull,vmf_sparse_ward100,fidelity_across_halves,wikitext,agnews,0.17911845812567562
pnull,vmf_sparse_ward100,reliability_across_halves,wikitext,agnews,0.010805532090389019
rand,vmf_sparse_ward100,fidelity_across_halves,wikitext,agnews,0.032697055032640865
rand,vmf_sparse_ward100,reliability_across_halves,wikitext,agnews,-1.1813868410402782e-05
pnull,vmf_ward,fidelity_across_halves,wikitext,agnews,0.184103131206564
pnull,vmf_ward,reliability_across_halves,wikitext,agnews,0.01263633450483679
rand,vmf_ward,fidelity_across_halves,wikitext,agnews,0.02489111657534377
rand,vmf_ward,reliability_across_halves,wikitext,agnews,-4.2166923990844994e-05
pnull,vmf_ward100,fidelity_across_halves,wikitext,agnews,0.1876466268111368
pnull,vmf_ward100,reliability_across_halves,wikitext,agnews,0.008170983223402208
rand,vmf_ward100,fidelity_across_halves,wikitext,agnews,0.03661895149398749
rand,vmf_ward100,reliability_across_halves,wikitext,agnews,-2.6157923665250446e-05
pnull,vmf_ward100_bm,fidelity_across_halves,wikitext,agnews,0.22508340769921786
pnull,vmf_ward100_bm,reliability_across_halves,wikitext,agnews,0.025601842930589397
rand,vmf_ward100_bm,fidelity_across_halves,wikitext,agnews,0.03749857513205582
rand,vmf_ward100_bm,reliability_across_halves,wikitext,agnews,-0.00012406474224758125
pnull,vmf_ward100_bm_degree,fidelity_across_halves,wikitext,agnews,0.22069399277291182
pnull,vmf_ward100_bm_degree,reliability_across_halves,wikitext,agnews,0.018664924212810095
rand,vmf_ward100_bm_degree,fidelity_across_halves,wikitext,agnews,0.036713421000571
rand,vmf_ward100_bm_degree,reliability_across_halves,wikitext,agnews,1.859361680661339e-05
pnull,vmf_ward100_bm_double,fidelity_across_halves,wikitext,agnews,0.22240152836410487
pnull,vmf_ward100_bm_double,reliability_across_halves,wikitext,agnews,0.0244274616015381
rand,vmf_ward100_bm_double,fidelity_across_halves,wikitext,agnews,0.03314671182728603
rand,vmf_ward100_bm_double,reliability_across_halves,wikitext,agnews,-5.433010026118122e-05
pnull,vmf_ward150,fidelity_across_halves,wikitext,agnews,0.19007132574927932
pnull,vmf_ward150,reliability_across_halves,wikitext,agnews,0.004833561424161088
rand,vmf_ward150,fidelity_across_halves,wikitext,agnews,0.04301889106630001
rand,vmf_ward150,reliability_across_halves,wikitext,agnews,2.5716850994110563e-05
pnull,vmf_ward200,fidelity_across_halves,wikitext,agnews,0.19233668021356007
pnull,vmf_ward200,reliability_across_halves,wikitext,agnews,0.004224853217939705
rand,vmf_ward200,fidelity_across_halves,wikitext,agnews,0.0530437750549201
rand,vmf_ward200,reliability_across_halves,wikitext,agnews,-4.475265152244267e-05
pnull,vmf_wardlloyd100,fidelity_across_halves,wikitext,agnews,0.18964201369311642
pnull,vmf_wardlloyd100,reliability_across_halves,wikitext,agnews,0.00887219146615163
rand,vmf_wardlloyd100,fidelity_across_halves,wikitext,agnews,0.039383242946858195
rand,vmf_wardlloyd100,reliability_across_halves,wikitext,agnews,0.00012317896310784645
pnull,vmf_lloyd100,fidelity_across_halves,wikitext,tldr17,0.1619506448400614
pnull,vmf_lloyd100,reliability_across_halves,wikitext,tldr17,0.012659814547404767
rand,vmf_lloyd100,fidelity_across_halves,wikitext,tldr17,0.03708127016809319
rand,vmf_lloyd100,reliability_across_halves,wikitext,tldr17,3.543561788340847e-05
pnull,vmf_pca100_lloyd100,fidelity_across_halves,wikitext,tldr17,0.17097409290610827
pnull,vmf_pca100_lloyd100,reliability_across_halves,wikitext,tldr17,0.009627751940662985
rand,vmf_pca100_lloyd100,fidelity_across_halves,wikitext,tldr17,0.0341198125673062
rand,vmf_pca100_lloyd100,reliability_across_halves,wikitext,tldr17,-6.195956862125916e-05
pnull,vmf_pca100_ward100,fidelity_across_halves,wikitext,tldr17,0.16894767739267183
pnull,vmf_pca100_ward100,reliability_across_halves,wikitext,tldr17,0.011037379507049215
rand,vmf_pca100_ward100,fidelity_across_halves,wikitext,tldr17,0.03393806930336714
rand,vmf_pca100_ward100,reliability_across_halves,wikitext,tldr17,1.4156018578350448e-05
pnull,vmf_pca20_lloyd100,fidelity_across_halves,wikitext,tldr17,0.17465124331376675
pnull,vmf_pca20_lloyd100,reliability_across_halves,wikitext,tldr17,0.009846205650015039
rand,vmf_pca20_lloyd100,fidelity_across_halves,wikitext,tldr17,0.030869512825703042
rand,vmf_pca20_lloyd100,reliability_across_halves,wikitext,tldr17,-1.8200433799534416e-05
pnull,vmf_pca20_ward100,fidelity_across_halves,wikitext,tldr17,0.16907292894543835
pnull,vmf_pca20_ward100,reliability_across_halves,wikitext,tldr17,0.010602140389388212
rand,vmf_pca20_ward100,fidelity_across_halves,wikitext,tldr17,0.03892382342896605
rand,vmf_pca20_ward100,reliability_across_halves,wikitext,tldr17,6.160666747229719e-05
pnull,vmf_sparse_lloyd100,fidelity_across_halves,wikitext,tldr17,0.1455855983588199
pnull,vmf_sparse_lloyd100,reliability_across_halves,wikitext,tldr17,0.012176859827130144
rand,vmf_sparse_lloyd100,fidelity_across_halves,wikitext,tldr17,0.03162959158102169
rand,vmf_sparse_lloyd100,reliability_across_halves,wikitext,tldr17,4.688562943582289e-05
pnull,vmf_sparse_ward100,fidelity_across_halves,wikitext,tldr17,0.15464251858886274
pnull,vmf_sparse_ward100,reliability_across_halves,wikitext,tldr17,0.010688299159156612
rand,vmf_sparse_ward100,fidelity_across_halves,wikitext,tldr17,0.02451180212441173
rand,vmf_sparse_ward100,reliability_across_halves,wikitext,tldr17,-8.856103621243707e-05
pnull,vmf_ward,fidelity_across_halves,wikitext,tldr17,0.16102084566631
pnull,vmf_ward,reliability_across_halves,wikitext,tldr17,0.012321830229105196
rand,vmf_ward,fidelity_across_halves,wikitext,tldr17,0.024020163017533337
rand,vmf_ward,reliability_across_halves,wikitext,tldr17,8.091558854171349e-05
pnull,vmf_ward100,fidelity_across_halves,wikitext,tldr17,0.1640567283933441
pnull,vmf_ward100,reliability_across_halves,wikitext,tldr17,0.007550988117250889
rand,vmf_ward100,fidelity_across_halves,wikitext,tldr17,0.034677693058843266
rand,vmf_ward100,reliability_across_halves,wikitext,tldr17,-0.000164356893124234
pnull,vmf_ward100_bm,fidelity_across_halves,wikitext,tldr17,0.2006222162240562
pnull,vmf_ward100_bm,reliability_across_halves,wikitext,tldr17,0.01675356588234011
rand,vmf_ward100_bm,fidelity_across_halves,wikitext,tldr17,0.0357124237140416
rand,vmf_ward100_bm,reliability_across_halves,wikitext,tldr17,7.530129652214216e-05
pnull,vmf_ward100_bm_degree,fidelity_across_halves,wikitext,tldr17,0.19886118790782734
pnull,vmf_ward100_bm_degree,reliability_across_halves,wikitext,tldr17,0.013151329192784559
rand,vmf_ward100_bm_degree,fidelity_across_halves,wikitext,tldr17,0.03327751307855848
rand,vmf_ward100_bm_degree,reliability_across_halves,wikitext,tldr17,-3.032059132075385e-05
pnull,vmf_ward100_bm_double,fidelity_across_halves,wikitext,tldr17,0.19830686534714115
pnull,vmf_ward100_bm_double,reliability_across_halves,wikitext,tldr17,0.01739178801139395
rand,vmf_ward100_bm_double,fidelity_across_halves,wikitext,tldr17,0.029835157216035527
rand,vmf_ward100_bm_double,reliability_across_halves,wikitext,tldr17,8.711406721982216e-06
pnull,vmf_ward150,fidelity_across_halves,wikitext,tldr17,0.16678449478684407
pnull,vmf_ward150,reliability_across_halves,wikitext,tldr17,0.00527199872291344
rand,vmf_ward150,fidelity_across_halves,wikitext,tldr17,0.03778813913129957
rand,vmf_ward150,reliability_across_halves,wikitext,tldr17,-1.248118833370208e-05
pnull,vmf_ward200,fidelity_across_halves,wikitext,tldr17,0.1688635691536757
pnull,vmf_ward200,reliability_across_halves,wikitext,tldr17,0.004237550931617598
rand,vmf_ward200,fidelity_across_halves,wikitext,tldr17,0.042204251170628065
rand,vmf_ward200,reliability_across_halves,wikitext,tldr17,0.0001794910696609918
pnull,vmf_wardlloyd100,fidelity_across_halves,wikitext,tldr17,0.1652208158779123
pnull,vmf_wardlloyd100,reliability_across_halves,wikitext,tldr17,0.007426979904498135
rand,vmf_wardlloyd100,fidelity_across_halves,wikitext,tldr17,0.03021432995552831
rand,vmf_wardlloyd100,reliability_across_halves,wikitext,tldr17,1.5411570475861922e-05
pnull,vmf_lloyd100,fidelity_across_halves,bookcorpus,wikitext,0.16805551978566086
pnull,vmf_lloyd100,reliability_across_halves,bookcorpus,wikitext,0.007903706518011273
rand,vmf_lloyd100,fidelity_across_halves,bookcorpus,wikitext,0.03377823226149507
rand,vmf_lloyd100,reliability_across_halves,bookcorpus,wikitext,8.963658182612423e-05
pnull,vmf_pca100_lloyd100,fidelity_across_halves,bookcorpus,wikitext,0.17220824030153586
pnull,vmf_pca100_lloyd100,reliability_across_halves,bookcorpus,wikitext,0.00951486676206996
rand,vmf_pca100_lloyd100,fidelity_across_halves,bookcorpus,wikitext,0.02957480113727709
rand,vmf_pca100_lloyd100,reliability_across_halves,bookcorpus,wikitext,-5.62204513457252e-05
pnull,vmf_pca100_ward100,fidelity_across_halves,bookcorpus,wikitext,0.16703257151276318
pnull,vmf_pca100_ward100,reliability_across_halves,bookcorpus,wikitext,0.006551319289830047
rand,vmf_pca100_ward100,fidelity_across_halves,bookcorpus,wikitext,0.03504789365851384
rand,vmf_pca100_ward100,reliability_across_halves,bookcorpus,wikitext,4.193754530256569e-05
pnull,vmf_pca20_lloyd100,fidelity_across_halves,bookcorpus,wikitext,0.172561455428894
pnull,vmf_pca20_lloyd100,reliability_across_halves,bookcorpus,wikitext,0.010153112910120804
rand,vmf_pca20_lloyd100,fidelity_across_halves,bookcorpus,wikitext,0.03293855975136255
rand,vmf_pca20_lloyd100,reliability_across_halves,bookcorpus,wikitext,-6.639533693761633e-05
pnull,vmf_pca20_ward100,fidelity_across_halves,bookcorpus,wikitext,0.16776429849244562
pnull,vmf_pca20_ward100,reliability_across_halves,bookcorpus,wikitext,0.008387010586037184
rand,vmf_pca20_ward100,fidelity_across_halves,bookcorpus,wikitext,0.03145989682575711
rand,vmf_pca20_ward100,reliability_across_halves,bookcorpus,wikitext,0.00015011533277975103
pnull,vmf_sparse_lloyd100,fidelity_across_halves,bookcorpus,wikitext,0.1645968927570632
pnull,vmf_sparse_lloyd100,reliability_across_halves,bookcorpus,wikitext,0.008432071832584171
rand,vmf_sparse_lloyd100,fidelity_across_halves,bookcorpus,wikitext,0.03233800747981246
rand,vmf_sparse_lloyd100,reliability_across_halves,bookcorpus,wikitext,-2.346968297830205e-05
pnull,vmf_sparse_ward100,fidelity_across_halves,bookcorpus,wikitext,0.16225236362004233
pnull,vmf_sparse_ward100,reliability_across_halves,bookcorpus,wikitext,0.009184780334698352
rand,vmf_sparse_ward100,fidelity_across_halves,bookcorpus,wikitext,0.0335376958721669
rand,vmf_sparse_ward100,reliability_across_halves,bookcorpus,wikitext,-2.4770344886110368e-05
pnull,vmf_ward,fidelity_across_halves,bookcorpus,wikitext,0.15943302479586113
pnull,vmf_ward,reliability_across_halves,bookcorpus,wikitext,0.01125805195453139
rand,vmf_ward,fidelity_across_halves,bookcorpus,wikitext,0.022122634933393982
rand,vmf_ward,reliability_across_halves,bookcorpus,wikitext,-4.242243334412447e-06
pnull,vmf_ward100,fidelity_across_halves,bookcorpus,wikitext,0.16476999682402713
pnull,vmf_ward100,reliability_across_halves,bookcorpus,wikitext,0.0058765237238725
rand,vmf_ward100,fidelity_across_halves,bookcorpus,wikitext,0.029604266610716048
rand,vmf_ward100,reliability_across_halves,bookcorpus,wikitext,4.561287068905931e-05
pnull,vmf_ward100_bm,fidelity_across_halves,bookcorpus,wikitext,0.20608842592459367
pnull,vmf_ward100_bm,reliability_across_halves,bookcorpus,wikitext,0.022477332215498573
rand,vmf_ward100_bm,fidelity_across_halves,bookcorpus,wikitext,0.032784523913502915
rand,vmf_ward100_bm,reliability_across_halves,bookcorpus,wikitext,-0.00013906157569645508
pnull,vmf_ward100_bm_degree,fidelity_across_halves,bookcorpus,wikitext,0.1994037439796428
pnull,vmf_ward100_bm_degree,reliability_across_halves,bookcorpus,wikitext,0.017301908404962582
rand,vmf_ward100_bm_degree,fidelity_across_halves,bookcorpus,wikitext,0.03629081914245209
rand,vmf_ward100_bm_degree,reliability_across_halves,bookcorpus,wikitext,0.00012622771943373803
pnull,vmf_ward100_bm_double,fidelity_across_halves,bookcorpus,wikitext,0.1995957857927386
pnull,vmf_ward100_bm_double,reliability_across_halves,bookcorpus,wikitext,0.019442847279956134
rand,vmf_ward100_bm_double,fidelity_across_halves,bookcorpus,wikitext,0.03313215450837409
rand,vmf_ward100_bm_double,reliability_across_halves,bookcorpus,wikitext,-4.872567218018821e-06
pnull,vmf_ward150,fidelity_across_halves,bookcorpus,wikitext,0.168223696914014
pnull,vmf_ward150,reliability_across_halves,bookcorpus,wikitext,0.004153534839139647
rand,vmf_ward150,fidelity_across_halves,bookcorpus,wikitext,0.04434617197835393
rand,vmf_ward150,reliability_across_halves,bookcorpus,wikitext,4.2379135237041884e-05
pnull,vmf_ward200,fidelity_across_halves,bookcorpus,wikitext,0.1699840829027861
pnull,vmf_ward200,reliability_across_halves,bookcorpus,wikitext,0.0027372349915434084
rand,vmf_ward200,fidelity_across_halves,bookcorpus,wikitext,0.0479576933489704
rand,vmf_ward200,reliability_across_halves,bookcorpus,wikitext,-4.5408807524042165e-05
pnull,vmf_wardlloyd100,fidelity_across_halves,bookcorpus,wikitext,0.17144527702028245
pnull,vmf_wardlloyd100,reliability_across_halves,bookcorpus,wikitext,0.006921149704426641
rand,vmf_wardlloyd100,fidelity_across_halves,bookcorpus,wikitext,0.03340141495281729
rand,vmf_wardlloyd100,reliability_across_halves,bookcorpus,wikitext,6.810018687036997e-05
pnull,vmf_lloyd100,fidelity_across_halves,bookcorpus,agnews,0.1667480483268637
pnull,vmf_lloyd100,reliability_across_halves,bookcorpus,agnews,0.007457123691355426
rand,vmf_lloyd100,fidelity_across_halves,bookcorpus,agnews,0.024632015446746425
rand,vmf_lloyd100,reliability_across_halves,bookcorpus,agnews,-1.6164110092156057e-05
pnull,vmf_pca100_lloyd100,fidelity_across_halves,bookcorpus,agnews,0.1692671196186646
pnull,vmf_pca100_lloyd100,reliability_across_halves,bookcorpus,agnews,0.009518803659400048
rand,vmf_pca100_lloyd100,fidelity_across_halves,bookcorpus,agnews,0.02150526835185293
rand,vmf_pca100_lloyd100,reliability_across_halves,bookcorpus,agnews,7.59902159325284e-05
pnull,vmf_pca100_ward100,fidelity_across_halves,bookcorpus,agnews,0.16524412820357415
pnull,vmf_pca100_ward100,reliability_across_halves,bookcorpus,agnews,0.005859410989260079
rand,vmf_pca100_ward100,fidelity_across_halves,bookcorpus,agnews,0.02624107304481029
rand,vmf_pca100_ward100,reliability_across_halves,bookcorpus,agnews,-0.00013759359254194523
pnull,vmf_pca20_lloyd100,fidelity_across_halves,bookcorpus,agnews,0.1710885113422463
pnull,vmf_pca20_lloyd100,reliability_across_halves,bookcorpus,agnews,0.011126941887686993
rand,vmf_pca20_lloyd100,fidelity_across_halves,bookcorpus,agnews,0.024691470620480126
rand,vmf_pca20_lloyd100,reliability_across_halves,bookcorpus,agnews,-2.3896520379265953e-05
pnull,vmf_pca20_ward100,fidelity_across_halves,bookcorpus,agnews,0.1669877557956565
pnull,vmf_pca20_ward100,reliability_across_halves,bookcorpus,agnews,0.008609565151842365
rand,vmf_pca20_ward100,fidelity_across_halves,bookcorpus,agnews,0.026726839322706027
rand,vmf_pca20_ward100,reliability_across_halves,bookcorpus,agnews,0.0002120855138138935
pnull,vmf_sparse_lloyd100,fidelity_across_halves,bookcorpus,agnews,0.16326407579871197
pnull,vmf_sparse_lloyd100,reliability_across_halves,bookcorpus,agnews,0.00925848435754311
rand,vmf_sparse_lloyd100,fidelity_across_halves,bookcorpus,agnews,0.021965613625010923
rand,vmf_sparse_lloyd100,reliability_across_halves,bookcorpus,agnews,7.54374528229399e-05
pnull,vmf_sparse_ward100,fidelity_across_halves,bookcorpus,agnews,0.1591027162193084
pnull,vmf_sparse_ward100,reliability_across_halves,bookcorpus,agnews,0.009291033518177661
rand,vmf_sparse_ward100,fidelity_across_halves,bookcorpus,agnews,0.02803879037206077
rand,vmf_sparse_ward100,reliability_across_halves,bookcorpus,agnews,-0.00010266254639610547
pnull,vmf_ward,fidelity_across_halves,bookcorpus,agnews,0.15949804633849327
pnull,vmf_ward,reliability_across_halves,bookcorpus,agnews,0.009907079074825267
rand,vmf_ward,fidelity_across_halves,bookcorpus,agnews,0.019783967188996457
rand,vmf_ward,reliability_across_halves,bookcorpus,agnews,9.494200288686565e-05
pnull,vmf_ward100,fidelity_across_halves,bookcorpus,agnews,0.16269096698163213
pnull,vmf_ward100,reliability_across_halves,bookcorpus,agnews,0.007124777386152288
rand,vmf_ward100,fidelity_across_halves,bookcorpus,agnews,0.02704505903835785
rand,vmf_ward100,reliability_across_halves,bookcorpus,agnews,-2.420297494957319e-05
pnull,vmf_ward100_bm,fidelity_across_halves,bookcorpus,agnews,0.20386784302799701
pnull,vmf_ward100_bm,reliability_across_halves,bookcorpus,agnews,0.02319674847387495
rand,vmf_ward100_bm,fidelity_across_halves,bookcorpus,agnews,0.026079671607203155
rand,vmf_ward100_bm,reliability_across_halves,bookcorpus,agnews,0.00010986750483945519
pnull,vmf_ward100_bm_degree,fidelity_across_halves,bookcorpus,agnews,0.19953699931740476
pnull,vmf_ward100_bm_degree,reliability_across_halves,bookcorpus,agnews,0.019818021472059136
rand,vmf_ward100_bm_degree,fidelity_across_halves,bookcorpus,agnews,0.03443316740074955
rand,vmf_ward100_bm_degree,reliability_across_halves,bookcorpus,agnews,-3.3870890476732254e-05
pnull,vmf_ward100_bm_double,fidelity_across_halves,bookcorpus,agnews,0.19949584940540838
pnull,vmf_ward100_bm_double,reliability_across_halves,bookcorpus,agnews,0.02491659984672195
rand,vmf_ward100_bm_double,fidelity_across_halves,bookcorpus,agnews,0.02647917913253244
rand,vmf_ward100_bm_double,reliability_across_halves,bookcorpus,agnews,-5.643203783780046e-06
pnull,vmf_ward150,fidelity_across_halves,bookcorpus,agnews,0.16521997597691232
pnull,vmf_ward150,reliability_across_halves,bookcorpus,agnews,0.004325243123599109
rand,vmf_ward150,fidelity_across_halves,bookcorpus,agnews,0.032472103554720175
rand,vmf_ward150,reliability_across_halves,bookcorpus,agnews,4.6845688689693235e-05
pnull,vmf_ward200,fidelity_across_halves,bookcorpus,agnews,0.1659177790267891
pnull,vmf_ward200,reliability_across_halves,bookcorpus,agnews,0.0025102244980263716
rand,vmf_ward200,fidelity_across_halves,bookcorpus,agnews,0.040072101556119274
rand,vmf_ward200,reliability_across_halves,bookcorpus,agnews,2.1152122100053453e-05
pnull,vmf_wardlloyd100,fidelity_across_halves,bookcorpus,agnews,0.17065401241854017
pnull,vmf_wardlloyd100,reliability_across_halves,bookcorpus,agnews,0.008237980600850927
rand,vmf_wardlloyd100,fidelity_across_halves,bookcorpus,agnews,0.023595184887301775
rand,vmf_wardlloyd100,reliability_across_halves,bookcorpus,agnews,-2.2601808535203568e-05
pnull,vmf_lloyd100,fidelity_across_halves,bookcorpus,tldr17,0.1691060491227876
pnull,vmf_lloyd100,reliability_across_halves,bookcorpus,tldr17,0.008008154573908296
rand,vmf_lloyd100,fidelity_across_halves,bookcorpus,tldr17,0.030621870088449726
rand,vmf_lloyd100,reliability_across_halves,bookcorpus,tldr17,4.432700857799892e-05
pnull,vmf_pca100_lloyd100,fidelity_across_halves,bookcorpus,tldr17,0.17036682732023223
pnull,vmf_pca100_lloyd100,reliability_across_halves,bookcorpus,tldr17,0.010543944608397393
rand,vmf_pca100_lloyd100,fidelity_across_halves,bookcorpus,tldr17,0.02994393614546142
rand,vmf_pca100_lloyd100,reliability_across_halves,bookcorpus,tldr17,6.677493128997718e-05
pnull,vmf_pca100_ward100,fidelity_across_halves,bookcorpus,tldr17,0.16786863634710336
pnull,vmf_pca100_ward100,reliability_across_halves,bookcorpus,tldr17,0.007979088623621636
rand,vmf_pca100_ward100,fidelity_across_halves,bookcorpus,tldr17,0.02944412716962571
rand,vmf_pca100_ward100,reliability_across_halves,bookcorpus,tldr17,6.0160894067762296e-05
pnull,vmf_pca20_lloyd100,fidelity_across_halves,bookcorpus,tldr17,0.1733519989952736
pnull,vmf_pca20_lloyd100,reliability_across_halves,bookcorpus,tldr17,0.011167218786949748
rand,vmf_pca20_lloyd100,fidelity_across_halves,bookcorpus,tldr17,0.029640923182547515
rand,vmf_pca20_lloyd100,reliability_across_halves,bookcorpus,tldr17,-0.0002526312641065122
pnull,vmf_pca20_ward100,fidelity_across_halves,bookcorpus,tldr17,0.16817702202149168
pnull,vmf_pca20_ward100,reliability_across_halves,bookcorpus,tldr17,0.0074559374711011105
rand,vmf_pca20_ward100,fidelity_across_halves,bookcorpus,tldr17,0.036522807538666255
rand,vmf_pca20_ward100,reliability_across_halves,bookcorpus,tldr17,5.375361028761312e-05
pnull,vmf_sparse_lloyd100,fidelity_across_halves,bookcorpus,tldr17,0.16433336035586782
pnull,vmf_sparse_lloyd100,reliability_across_halves,bookcorpus,tldr17,0.009232818925453905
rand,vmf_sparse_lloyd100,fidelity_across_halves,bookcorpus,tldr17,0.03088782439422965
rand,vmf_sparse_lloyd100,reliability_across_halves,bookcorpus,tldr17,-0.00010742976111880033
pnull,vmf_sparse_ward100,fidelity_across_halves,bookcorpus,tldr17,0.16273298271964778
pnull,vmf_sparse_ward100,reliability_across_halves,bookcorpus,tldr17,0.008817862078744049
rand,vmf_sparse_ward100,fidelity_across_halves,bookcorpus,tldr17,0.03232905973771063
rand,vmf_sparse_ward100,reliability_across_halves,bookcorpus,tldr17,9.19963621307414e-06
pnull,vmf_ward,fidelity_across_halves,bookcorpus,tldr17,0.16081875689922476
pnull,vmf_ward,reliability_across_halves,bookcorpus,tldr17,0.010563713332853062
rand,vmf_ward,fidelity_across_halves,bookcorpus,tldr17,0.026805039676443418
rand,vmf_ward,reliability_across_halves,bookcorpus,tldr17,8.556355299617273e-05
pnull,vmf_ward100,fidelity_across_halves,bookcorpus,tldr17,0.16523724298816359
pnull,vmf_ward100,reliability_across_halves,bookcorpus,tldr17,0.006922155991389687
rand,vmf_ward100,fidelity_across_halves,bookcorpus,tldr17,0.03178073677857604
rand,vmf_ward100,reliability_across_halves,bookcorpus,tldr17,-0.00014753178274925705
pnull,vmf_ward100_bm,fidelity_across_halves,bookcorpus,tldr17,0.20837238781103756
pnull,vmf_ward100_bm,reliability_across_halves,bookcorpus,tldr17,0.01726787566392304
rand,vmf_ward100_bm,fidelity_across_halves,bookcorpus,tldr17,0.03222327030041499
rand,vmf_ward100_bm,reliability_across_halves,bookcorpus,tldr17,-8.582524389015457e-05
pnull,vmf_ward100_bm_degree,fidelity_across_halves,bookcorpus,tldr17,0.20087684165036224
pnull,vmf_ward100_bm_degree,reliability_across_halves,bookcorpus,tldr17,0.013162145096051927
rand,vmf_ward100_bm_degree,fidelity_across_halves,bookcorpus,tldr17,0.038489039130614
rand,vmf_ward100_bm_degree,reliability_across_halves,bookcorpus,tldr17,4.0750590869595196e-05
pnull,vmf_ward100_bm_double,fidelity_across_halves,bookcorpus,tldr17,0.20258674969912477
pnull,vmf_ward100_bm_double,reliability_across_halves,bookcorpus,tldr17,0.016686240308417304
rand,vmf_ward100_bm_double,fidelity_across_halves,bookcorpus,tldr17,0.03853340483483321
rand,vmf_ward100_bm_double,reliability_across_halves,bookcorpus,tldr17,-0.00013712859715662412
pnull,vmf_ward150,fidelity_across_halves,bookcorpus,tldr17,0.1689802372294332
pnull,vmf_ward150,reliability_across_halves,bookcorpus,tldr17,0.004153048723387769
rand,vmf_ward150,fidelity_across_halves,bookcorpus,tldr17,0.046860936441787175
rand,vmf_ward150,reliability_across_halves,bookcorpus,tldr17,-3.977247105970847e-06
pnull,vmf_ward200,fidelity_across_halves,bookcorpus,tldr17,0.1706138348686832
pnull,vmf_ward200,reliability_across_halves,bookcorpus,tldr17,0.0028604110386969543
rand,vmf_ward200,fidelity_across_halves,bookcorpus,tldr17,0.0488516644184819
rand,vmf_ward200,reliability_across_halves,bookcorpus,tldr17,-1.2331474376262936e-05
pnull,vmf_wardlloyd100,fidelity_across_halves,bookcorpus,tldr17,0.17224494432238188
pnull,vmf_wardlloyd100,reliability_across_halves,bookcorpus,tldr17,0.006327216247896852
rand,vmf_wardlloyd100,fidelity_across_halves,bookcorpus,tldr17,0.03223184765009591
rand,vmf_wardlloyd100,reliability_across_halves,bookcorpus,tldr17,6.065592362203622e-05
pnull,vmf_lloyd100,fidelity_across_halves,agnews,wikitext,0.16277276943954133
pnull,vmf_lloyd100,reliability_across_halves,agnews,wikitext,0.012030973393009525
rand,vmf_lloyd100,fidelity_across_halves,agnews,wikitext,0.040308095951726554
rand,vmf_lloyd100,reliability_across_halves,agnews,wikitext,-3.0218043869347575e-05
pnull,vmf_pca100_lloyd100,fidelity_across_halves,agnews,wikitext,0.17786105681331468
pnull,vmf_pca100_lloyd100,reliability_across_halves,agnews,wikitext,0.011584481860146285
rand,vmf_pca100_lloyd100,fidelity_across_halves,agnews,wikitext,0.03475345257065919
rand,vmf_pca100_lloyd100,reliability_across_halves,agnews,wikitext,-0.0002599299895870661
pnull,vmf_pca100_ward100,fidelity_across_halves,agnews,wikitext,0.1695158723637673
pnull,vmf_pca100_ward100,reliability_across_halves,agnews,wikitext,0.009772767097782426
rand,vmf_pca100_ward100,fidelity_across_halves,agnews,wikitext,0.042076223622353526
rand,vmf_pca100_ward100,reliability_across_halves,agnews,wikitext,8.55490256360548e-06
pnull,vmf_pca20_lloyd100,fidelity_across_halves,agnews,wikitext,0.1749306598314132
pnull,vmf_pca20_lloyd100,reliability_across_halves,agnews,wikitext,0.012364677685775712
rand,vmf_pca20_lloyd100,fidelity_across_halves,agnews,wikitext,0.030562004554345396
rand,vmf_pca20_lloyd100,reliability_across_halves,agnews,wikitext,-0.00022279554870972983
pnull,vmf_pca20_ward100,fidelity_across_halves,agnews,wikitext,0.1712714816572143
pnull,vmf_pca20_ward100,reliability_across_halves,agnews,wikitext,0.010714172984611987
rand,vmf_pca20_ward100,fidelity_across_halves,agnews,wikitext,0.03658746339519546
rand,vmf_pca20_ward100,reliability_across_halves,agnews,wikitext,0.00010570230833164396
pnull,vmf_sparse_lloyd100,fidelity_across_halves,agnews,wikitext,0.15981268090470097
pnull,vmf_sparse_lloyd100,reliability_across_halves,agnews,wikitext,0.011119502690232213
rand,vmf_sparse_lloyd100,fidelity_across_halves,agnews,wikitext,0.039429862422261444
rand,vmf_sparse_lloyd100,reliability_across_halves,agnews,wikitext,-7.066825257031282e-06
pnull,vmf_sparse_ward100,fidelity_across_halves,agnews,wikitext,0.16421177581021457
pnull,vmf_sparse_ward100,reliability_across_halves,agnews,wikitext,0.014146285257320016
rand,vmf_sparse_ward100,fidelity_across_halves,agnews,wikitext,0.035358098976340575
rand,vmf_sparse_ward100,reliability_across_halves,agnews,wikitext,-5.693673292490439e-05
pnull,vmf_ward,fidelity_across_halves,agnews,wikitext,0.16040085539591778
pnull,vmf_ward,reliability_across_halves,agnews,wikitext,0.013742003854811563
rand,vmf_ward,fidelity_across_halves,agnews,wikitext,0.024692534659122432
rand,vmf_ward,reliability_across_halves,agnews,wikitext,0.00011840341473321717
pnull,vmf_ward100,fidelity_across_halves,agnews,wikitext,0.1655155130626121
pnull,vmf_ward100,reliability_across_halves,agnews,wikitext,0.007332645843316686
rand,vmf_ward100,fidelity_across_halves,agnews,wikitext,0.04114686829906029
rand,vmf_ward100,reliability_across_halves,agnews,wikitext,-0.0001327195590627972
pnull,vmf_ward100_bm,fidelity_across_halves,agnews,wikitext,0.2053314120918063
pnull,vmf_ward100_bm,reliability_across_halves,agnews,wikitext,0.026646557829354104
rand,vmf_ward100_bm,fidelity_across_halves,agnews,wikitext,0.04246676438737819
rand,vmf_ward100_bm,reliability_across_halves,agnews,wikitext,-0.00010423540849299295
pnull,vmf_ward100_bm_degree,fidelity_across_halves,agnews,wikitext,0.2006999973062194
pnull,vmf_ward100_bm_degree,reliability_across_halves,agnews,wikitext,0.01759433257128417
rand,vmf_ward100_bm_degree,fidelity_across_halves,agnews,wikitext,0.0359771566541576
rand,vmf_ward100_bm_degree,reliability_across_halves,agnews,wikitext,8.903153191500832e-07
pnull,vmf_ward100_bm_double,fidelity_across_halves,agnews,wikitext,0.20326973665937315
pnull,vmf_ward100_bm_double,reliability_across_halves,agnews,wikitext,0.02115794740475708
rand,vmf_ward100_bm_double,fidelity_across_halves,agnews,wikitext,0.03583948397478439
rand,vmf_ward100_bm_double,reliability_across_halves,agnews,wikitext,-5.8444882780712664e-05
pnull,vmf_ward150,fidelity_across_halves,agnews,wikitext,0.16824500443263443
pnull,vmf_ward150,reliability_across_halves,agnews,wikitext,0.004934556000719505
rand,vmf_ward150,fidelity_across_halves,agnews,wikitext,0.049103539111453307
rand,vmf_ward150,reliability_across_halves,agnews,wikitext,0.00012492364843637906
pnull,vmf_ward200,fidelity_across_halves,agnews,wikitext,0.17062563868487712
pnull,vmf_ward200,reliability_across_halves,agnews,wikitext,0.004162850975845378
rand,vmf_ward200,fidelity_across_halves,agnews,wikitext,0.04896107863681487
rand,vmf_ward200,reliability_across_halves,agnews,wikitext,-0.00012223340657989217
pnull,vmf_wardlloyd100,fidelity_across_halves,agnews,wikitext,0.1651660764194246
pnull,vmf_wardlloyd100,reliability_across_halves,agnews,wikitext,0.00832713300203135
rand,vmf_wardlloyd100,fidelity_across_halves,agnews,wikitext,0.04095094171215065
rand,vmf_wardlloyd100,reliability_across_halves,agnews,wikitext,-9.187282127161241e-05
pnull,vmf_lloyd100,fidelity_across_halves,agnews,bookcorpus,0.15809113281148024
pnull,vmf_lloyd100,reliability_across_halves,agnews,bookcorpus,0.0069426868687980665
rand,vmf_lloyd100,fidelity_across_halves,agnews,bookcorpus,0.029451230482868393
rand,vmf_lloyd100,reliability_across_halves,agnews,bookcorpus,0.00015999929182566647
pnull,vmf_pca100_lloyd100,fidelity_across_halves,agnews,bookcorpus,0.17329751553437575
pnull,vmf_pca100_lloyd100,reliability_across_halves,agnews,bookcorpus,0.008164976868589365
rand,vmf_pca100_lloyd100,fidelity_across_halves,agnews,bookcorpus,0.03316453158715616
rand,vmf_pca100_lloyd100,reliability_across_halves,agnews,bookcorpus,-5.631956028633689e-05
pnull,vmf_pca100_ward100,fidelity_across_halves,agnews,bookcorpus,0.1656882404619834
pnull,vmf_pca100_ward100,reliability_across_halves,agnews,bookcorpus,0.007929910505458253
rand,vmf_pca100_ward100,fidelity_across_halves,agnews,bookcorpus,0.03355404978658568
rand,vmf_pca100_ward100,reliability_across_halves,agnews,bookcorpus,0.0001255927117738168
pnull,vmf_pca20_lloyd100,fidelity_across_halves,agnews,bookcorpus,0.17007216310276937
pnull,vmf_pca20_lloyd100,reliability_across_halves,agnews,bookcorpus,0.010249758740466547
rand,vmf_pca20_lloyd100,fidelity_across_halves,agnews,bookcorpus,0.02566751753956715
rand,vmf_pca20_lloyd100,reliability_across_halves,agnews,bookcorpus,-5.169608455646977e-06
pnull,vmf_pca20_ward100,fidelity_across_halves,agnews,bookcorpus,0.16740126002075806
pnull,vmf_pca20_ward100,reliability_across_halves,agnews,bookcorpus,0.009387499772327751
rand,vmf_pca20_ward100,fidelity_across_halves,agnews,bookcorpus,0.028520277927693127
rand,vmf_pca20_ward100,reliability_across_halves,agnews,bookcorpus,0.00011026076662397383
pnull,vmf_sparse_lloyd100,fidelity_across_halves,agnews,bookcorpus,0.1568339580176673
pnull,vmf_sparse_lloyd100,reliability_across_halves,agnews,bookcorpus,0.008570165148040062
rand,vmf_sparse_lloyd100,fidelity_across_halves,agnews,bookcorpus,0.032034859795914764
rand,vmf_sparse_lloyd100,reliability_across_halves,agnews,bookcorpus,0.00013226150011982083
pnull,vmf_sparse_ward100,fidelity_across_halves,agnews,bookcorpus,0.16350903767311828
pnull,vmf_sparse_ward100,reliability_across_halves,agnews,bookcorpus,0.010540214138021892
rand,vmf_sparse_ward100,fidelity_across_halves,agnews,bookcorpus,0.033373696619292126
rand,vmf_sparse_ward100,reliability_across_halves,agnews,bookcorpus,1.9746751832754118e-05
pnull,vmf_ward,fidelity_across_halves,agnews,bookcorpus,0.16138531442966236
pnull,vmf_ward,reliability_across_halves,agnews,bookcorpus,0.007094614551244187
rand,vmf_ward,fidelity_across_halves,agnews,bookcorpus,0.02119597695581724
rand,vmf_ward,reliability_across_halves,agnews,bookcorpus,0.00011477894399127323
pnull,vmf_ward100,fidelity_across_halves,agnews,bookcorpus,0.16499184071246278
pnull,vmf_ward100,reliability_across_halves,agnews,bookcorpus,0.005266026982322315
rand,vmf_ward100,fidelity_across_halves,agnews,bookcorpus,0.033203211199235444
rand,vmf_ward100,reliability_across_halves,agnews,bookcorpus,-3.6597981903721636e-05
pnull,vmf_ward100_bm,fidelity_across_halves,agnews,bookcorpus,0.19401670528415954
pnull,vmf_ward100_bm,reliability_across_halves,agnews,bookcorpus,0.02393308252506651
rand,vmf_ward100_bm,fidelity_across_halves,agnews,bookcorpus,0.03259496679277019
rand,vmf_ward100_bm,reliability_across_halves,agnews,bookcorpus,-3.236996816348276e-05
pnull,vmf_ward100_bm_degree,fidelity_across_halves,agnews,bookcorpus,0.19138287581387897
pnull,vmf_ward100_bm_degree,reliability_across_halves,agnews,bookcorpus,0.01335368259563589
rand,vmf_ward100_bm_degree,fidelity_across_halves,agnews,bookcorpus,0.03376832915213028
rand,vmf_ward100_bm_degree,reliability_across_halves,agnews,bookcorpus,-6.553555982413356e-05
pnull,vmf_ward100_bm_double,fidelity_across_halves,agnews,bookcorpus,0.19365814726122352
pnull,vmf_ward100_bm_double,reliability_across_halves,agnews,bookcorpus,0.019882127123812862
rand,vmf_ward100_bm_double,fidelity_across_halves,agnews,bookcorpus,0.021103610914446676
rand,vmf_ward100_bm_double,reliability_across_halves,agnews,bookcorpus,-2.073229588389138e-05
pnull,vmf_ward150,fidelity_across_halves,agnews,bookcorpus,0.16745865309816504
pnull,vmf_ward150,reliability_across_halves,agnews,bookcorpus,0.0034792141812272376
rand,vmf_ward150,fidelity_across_halves,agnews,bookcorpus,0.035665627217233535
rand,vmf_ward150,reliability_across_halves,agnews,bookcorpus,2.3743027627449908e-05
pnull,vmf_ward200,fidelity_across_halves,agnews,bookcorpus,0.16923481500577037
pnull,vmf_ward200,reliability_across_halves,agnews,bookcorpus,0.0026151493806197057
rand,vmf_ward200,fidelity_across_halves,agnews,bookcorpus,0.038432136733572944
rand,vmf_ward200,reliability_across_halves,agnews,bookcorpus,-6.227448968623616e-05
pnull,vmf_wardlloyd100,fidelity_across_halves,agnews,bookcorpus,0.16479802530236246
pnull,vmf_wardlloyd100,reliability_across_halves,agnews,bookcorpus,0.006856445164318213
rand,vmf_wardlloyd100,fidelity_across_halves,agnews,bookcorpus,0.03536359215523814
rand,vmf_wardlloyd100,reliability_across_halves,agnews,bookcorpus,-3.206018819096555e-05
pnull,vmf_lloyd100,fidelity_across_halves,agnews,tldr17,0.14291131070946586
pnull,vmf_lloyd100,reliability_across_halves,agnews,tldr17,0.011279879413551741
rand,vmf_lloyd100,fidelity_across_halves,agnews,tldr17,0.031242571052538845
rand,vmf_lloyd100,reliability_across_halves,agnews,tldr17,6.782360118487803e-05
pnull,vmf_pca100_lloyd100,fidelity_across_halves,agnews,tldr17,0.15579460828438813
pnull,vmf_pca100_lloyd100,reliability_across_halves,agnews,tldr17,0.010607119250227746
rand,vmf_pca100_lloyd100,fidelity_across_halves,agnews,tldr17,0.028669243050031594
rand,vmf_pca100_lloyd100,reliability_across_halves,agnews,tldr17,-0.00011072034319704722
pnull,vmf_pca100_ward100,fidelity_across_halves,agnews,tldr17,0.14736766891349412
pnull,vmf_pca100_ward100,reliability_across_halves,agnews,tldr17,0.01071176541082746
rand,vmf_pca100_ward100,fidelity_across_halves,agnews,tldr17,0.03514590534062423
rand,vmf_pca100_ward100,reliability_across_halves,agnews,tldr17,5.851625341042406e-05
pnull,vmf_pca20_lloyd100,fidelity_across_halves,agnews,tldr17,0.15460643306904287
pnull,vmf_pca20_lloyd100,reliability_across_halves,agnews,tldr17,0.011492736337663966
rand,vmf_pca20_lloyd100,fidelity_across_halves,agnews,tldr17,0.019269172982606227
rand,vmf_pca20_lloyd100,reliability_across_halves,agnews,tldr17,-3.530178881511357e-05
pnull,vmf_pca20_ward100,fidelity_across_halves,agnews,tldr17,0.15014835043241334
pnull,vmf_pca20_ward100,reliability_across_halves,agnews,tldr17,0.009265792160823775
rand,vmf_pca20_ward100,fidelity_across_halves,agnews,tldr17,0.031590232669073584
rand,vmf_pca20_ward100,reliability_across_halves,agnews,tldr17,1.3166582758447781e-05
pnull,vmf_sparse_lloyd100,fidelity_across_halves,agnews,tldr17,0.13906684755891288
pnull,vmf_sparse_lloyd100,reliability_across_halves,agnews,tldr17,0.011865703226649045
rand,vmf_sparse_lloyd100,fidelity_across_halves,agnews,tldr17,0.030988185760437756
rand,vmf_sparse_lloyd100,reliability_across_halves,agnews,tldr17,0.00013278961950211879
pnull,vmf_sparse_ward100,fidelity_across_halves,agnews,tldr17,0.14205961929496375
pnull,vmf_sparse_ward100,reliability_across_halves,agnews,tldr17,0.013539717378108107
rand,vmf_sparse_ward100,fidelity_across_halves,agnews,tldr17,0.030841614803427335
rand,vmf_sparse_ward100,reliability_across_halves,agnews,tldr17,-4.525862607564465e-05
pnull,vmf_ward,fidelity_across_halves,agnews,tldr17,0.14143612255031615
pnull,vmf_ward,reliability_across_halves,agnews,tldr17,0.012181091246404006
rand,vmf_ward,fidelity_across_halves,agnews,tldr17,0.023155190530249743
rand,vmf_ward,reliability_across_halves,agnews,tldr17,-1.681077690541075e-05
pnull,vmf_ward100,fidelity_across_halves,agnews,tldr17,0.14439869762704782
pnull,vmf_ward100,reliability_across_halves,agnews,tldr17,0.0061012729781116225
rand,vmf_ward100,fidelity_across_halves,agnews,tldr17,0.03750869527169387
rand,vmf_ward100,reliability_across_halves,agnews,tldr17,-2.0030329345438264e-05
pnull,vmf_ward100_bm,fidelity_across_halves,agnews,tldr17,0.18576842699385254
pnull,vmf_ward100_bm,reliability_across_halves,agnews,tldr17,0.01823893803439692
rand,vmf_ward100_bm,fidelity_across_halves,agnews,tldr17,0.03233491864103822
rand,vmf_ward100_bm,reliability_across_halves,agnews,tldr17,6.83558719530571e-06
pnull,vmf_ward100_bm_degree,fidelity_across_halves,agnews,tldr17,0.18027064039524876
pnull,vmf_ward100_bm_degree,reliability_across_halves,agnews,tldr17,0.01296107561045649
rand,vmf_ward100_bm_degree,fidelity_across_halves,agnews,tldr17,0.029858002070250782
rand,vmf_ward100_bm_degree,reliability_across_halves,agnews,tldr17,3.8005993973863327e-05
pnull,vmf_ward100_bm_double,fidelity_across_halves,agnews,tldr17,0.18367189533768705
pnull,vmf_ward100_bm_double,reliability_across_halves,agnews,tldr17,0.01649411104052964
rand,vmf_ward100_bm_double,fidelity_across_halves,agnews,tldr17,0.03061510837193158
rand,vmf_ward100_bm_double,reliability_across_halves,agnews,tldr17,-3.2000465119460876e-05
pnull,vmf_ward150,fidelity_across_halves,agnews,tldr17,0.14728933232263153
pnull,vmf_ward150,reliability_across_halves,agnews,tldr17,0.004533959247249755
rand,vmf_ward150,fidelity_across_halves,agnews,tldr17,0.0363256291806417
rand,vmf_ward150,reliability_across_halves,agnews,tldr17,9.993548265604036e-05
pnull,vmf_ward200,fidelity_across_halves,agnews,tldr17,0.14863564839371038
pnull,vmf_ward200,reliability_across_halves,agnews,tldr17,0.004032432439478009
rand,vmf_ward200,fidelity_across_halves,agnews,tldr17,0.03964490664973007
rand,vmf_ward200,reliability_across_halves,agnews,tldr17,0.00021779777724775963
pnull,vmf_wardlloyd100,fidelity_across_halves,agnews,tldr17,0.14425055501415862
pnull,vmf_wardlloyd100,reliability_across_halves,agnews,tldr17,0.006257256361100088
rand,vmf_wardlloyd100,fidelity_across_halves,agnews,tldr17,0.03567044193448113
rand,vmf_wardlloyd100,reliability_across_halves,agnews,tldr17,-0.00010534719472324624
pnull,vmf_lloyd100,fidelity_across_halves,tldr17,wikitext,0.174260481064083
pnull,vmf_lloyd100,reliability_across_halves,tldr17,wikitext,0.011681775952506981
rand,vmf_lloyd100,fidelity_across_halves,tldr17,wikitext,0.037925288513049854
rand,vmf_lloyd100,reliability_across_halves,tldr17,wikitext,9.025085417526821e-05
pnull,vmf_pca100_lloyd100,fidelity_across_halves,tldr17,wikitext,0.18124133398932846
pnull,vmf_pca100_lloyd100,reliability_across_halves,tldr17,wikitext,0.010518538342724853
rand,vmf_pca100_lloyd100,fidelity_across_halves,tldr17,wikitext,0.03006683217859448
rand,vmf_pca100_lloyd100,reliability_across_halves,tldr17,wikitext,-0.00023202609523258243
pnull,vmf_pca100_ward100,fidelity_across_halves,tldr17,wikitext,0.18391246299246405
pnull,vmf_pca100_ward100,reliability_across_halves,tldr17,wikitext,0.009218254245008365
rand,vmf_pca100_ward100,fidelity_across_halves,tldr17,wikitext,0.03430303472252867
rand,vmf_pca100_ward100,reliability_across_halves,tldr17,wikitext,4.55417109135645e-05
pnull,vmf_pca20_lloyd100,fidelity_across_halves,tldr17,wikitext,0.18274181643096515
pnull,vmf_pca20_lloyd100,reliability_across_halves,tldr17,wikitext,0.010317968092515927
rand,vmf_pca20_lloyd100,fidelity_across_halves,tldr17,wikitext,0.03573278991167135
rand,vmf_pca20_lloyd100,reliability_across_halves,tldr17,wikitext,-0.0002828283258955895
pnull,vmf_pca20_ward100,fidelity_across_halves,tldr17,wikitext,0.18496326526633483
pnull,vmf_pca20_ward100,reliability_across_halves,tldr17,wikitext,0.009553203416505293
rand,vmf_pca20_ward100,fidelity_across_halves,tldr17,wikitext,0.03369588425052741
rand,vmf_pca20_ward100,reliability_across_halves,tldr17,wikitext,1.7613774179910597e-05
pnull,vmf_sparse_lloyd100,fidelity_across_halves,tldr17,wikitext,0.16231409017254492
pnull,vmf_sparse_lloyd100,reliability_across_halves,tldr17,wikitext,0.010984728763976185
rand,vmf_sparse_lloyd100,fidelity_across_halves,tldr17,wikitext,0.03420619313005578
rand,vmf_sparse_lloyd100,reliability_across_halves,tldr17,wikitext,-0.00011604721192069655
pnull,vmf_sparse_ward100,fidelity_across_halves,tldr17,wikitext,0.16924803339088748
pnull,vmf_sparse_ward100,reliability_across_halves,tldr17,wikitext,0.012083455849167458
rand,vmf_sparse_ward100,fidelity_across_halves,tldr17,wikitext,0.03678018634332782
rand,vmf_sparse_ward100,reliability_across_halves,tldr17,wikitext,2.936839477655434e-05
pnull,vmf_ward,fidelity_across_halves,tldr17,wikitext,0.1730313130583213
pnull,vmf_ward,reliability_across_halves,tldr17,wikitext,0.017242131231155797
rand,vmf_ward,fidelity_across_halves,tldr17,wikitext,0.02432066634826261
rand,vmf_ward,reliability_across_halves,tldr17,wikitext,-3.1555376484388754e-05
pnull,vmf_ward100,fidelity_across_halves,tldr17,wikitext,0.1765023993299063
pnull,vmf_ward100,reliability_across_halves,tldr17,wikitext,0.007471130843870844
rand,vmf_ward100,fidelity_across_halves,tldr17,wikitext,0.03696043326514653
rand,vmf_ward100,reliability_across_halves,tldr17,wikitext,-3.1973298234439505e-05
pnull,vmf_ward100_bm,fidelity_across_halves,tldr17,wikitext,0.20619047521295378
pnull,vmf_ward100_bm,reliability_across_halves,tldr17,wikitext,0.019284337927939946
rand,vmf_ward100_bm,fidelity_across_halves,tldr17,wikitext,0.033395804473882865
rand,vmf_ward100_bm,reliability_across_halves,tldr17,wikitext,-0.0002219386990325535
pnull,vmf_ward100_bm_degree,fidelity_across_halves,tldr17,wikitext,0.2072214294665095
pnull,vmf_ward100_bm_degree,reliability_across_halves,tldr17,wikitext,0.013761676210694905
rand,vmf_ward100_bm_degree,fidelity_across_halves,tldr17,wikitext,0.038134693375091976
rand,vmf_ward100_bm_degree,reliability_across_halves,tldr17,wikitext,1.8856922309873996e-05
pnull,vmf_ward100_bm_double,fidelity_across_halves,tldr17,wikitext,0.20297988438318013
pnull,vmf_ward100_bm_double,reliability_across_halves,tldr17,wikitext,0.017059005443674415
rand,vmf_ward100_bm_double,fidelity_across_halves,tldr17,wikitext,0.029629078068903004
rand,vmf_ward100_bm_double,reliability_across_halves,tldr17,wikitext,-0.00018712850852323811
pnull,vmf_ward150,fidelity_across_halves,tldr17,wikitext,0.17708917619514164
pnull,vmf_ward150,reliability_across_halves,tldr17,wikitext,0.004826283903208026
rand,vmf_ward150,fidelity_across_halves,tldr17,wikitext,0.04839361186474495
rand,vmf_ward150,reliability_across_halves,tldr17,wikitext,0.00018794618347740626
pnull,vmf_ward200,fidelity_across_halves,tldr17,wikitext,0.17881278919123703
pnull,vmf_ward200,reliability_across_halves,tldr17,wikitext,0.003876984994637688
rand,vmf_ward200,fidelity_across_halves,tldr17,wikitext,0.04748033335817012
rand,vmf_ward200,reliability_across_halves,tldr17,wikitext,2.7765722469503584e-05
pnull,vmf_wardlloyd100,fidelity_across_halves,tldr17,wikitext,0.17752136317313913
pnull,vmf_wardlloyd100,reliability_across_halves,tldr17,wikitext,0.007082837904534265
rand,vmf_wardlloyd100,fidelity_across_halves,tldr17,wikitext,0.035700657746354655
rand,vmf_wardlloyd100,reliability_across_halves,tldr17,wikitext,-0.0002417527999712019
pnull,vmf_lloyd100,fidelity_across_halves,tldr17,bookcorpus,0.19213071650879654
pnull,vmf_lloyd100,reliability_across_halves,tldr17,bookcorpus,0.008073002728208305
rand,vmf_lloyd100,fidelity_across_halves,tldr17,bookcorpus,0.03379364719296693
rand,vmf_lloyd100,reliability_across_halves,tldr17,bookcorpus,-7.677138402333836e-05
pnull,vmf_pca100_lloyd100,fidelity_across_halves,tldr17,bookcorpus,0.19889689852379075
pnull,vmf_pca100_lloyd100,reliability_across_halves,tldr17,bookcorpus,0.008203240003162414
rand,vmf_pca100_lloyd100,fidelity_across_halves,tldr17,bookcorpus,0.033700313291483236
rand,vmf_pca100_lloyd100,reliability_across_halves,tldr17,bookcorpus,-8.391009497435575e-05
pnull,vmf_pca100_ward100,fidelity_across_halves,tldr17,bookcorpus,0.20178984872049308
pnull,vmf_pca100_ward100,reliability_across_halves,tldr17,bookcorpus,0.00889733081271813
rand,vmf_pca100_ward100,fidelity_across_halves,tldr17,bookcorpus,0.03757320699278155
rand,vmf_pca100_ward100,reliability_across_halves,tldr17,bookcorpus,0.0002062111462182586
pnull,vmf_pca20_lloyd100,fidelity_across_halves,tldr17,bookcorpus,0.2005064715827591
pnull,vmf_pca20_lloyd100,reliability_across_halves,tldr17,bookcorpus,0.009400199810031519
rand,vmf_pca20_lloyd100,fidelity_across_halves,tldr17,bookcorpus,0.04182239679723252
rand,vmf_pca20_lloyd100,reliability_across_halves,tldr17,bookcorpus,-5.1035842255244595e-06
pnull,vmf_pca20_ward100,fidelity_across_halves,tldr17,bookcorpus,0.20224737659083916
pnull,vmf_pca20_ward100,reliability_across_halves,tldr17,bookcorpus,0.008840550122118426
rand,vmf_pca20_ward100,fidelity_across_halves,tldr17,bookcorpus,0.031064078138397257
rand,vmf_pca20_ward100,reliability_across_halves,tldr17,bookcorpus,3.504420935917819e-05
pnull,vmf_sparse_lloyd100,fidelity_across_halves,tldr17,bookcorpus,0.18192478991598637
pnull,vmf_sparse_lloyd100,reliability_across_halves,tldr17,bookcorpus,0.009236622431118224
rand,vmf_sparse_lloyd100,fidelity_across_halves,tldr17,bookcorpus,0.04406146674985404
rand,vmf_sparse_lloyd100,reliability_across_halves,tldr17,bookcorpus,7.264759115107001e-05
pnull,vmf_sparse_ward100,fidelity_across_halves,tldr17,bookcorpus,0.1866240321110579
pnull,vmf_sparse_ward100,reliability_across_halves,tldr17,bookcorpus,0.009895414647949165
rand,vmf_sparse_ward100,fidelity_across_halves,tldr17,bookcorpus,0.0406355856822658
rand,vmf_sparse_ward100,reliability_across_halves,tldr17,bookcorpus,0.00015297905627900855
pnull,vmf_ward,fidelity_across_halves,tldr17,bookcorpus,0.1909353167585482
pnull,vmf_ward,reliability_across_halves,tldr17,bookcorpus,0.010492762810136072
rand,vmf_ward,fidelity_across_halves,tldr17,bookcorpus,0.03059789892696902
rand,vmf_ward,reliability_across_halves,tldr17,bookcorpus,3.822241084615714e-05
pnull,vmf_ward100,fidelity_across_halves,tldr17,bookcorpus,0.19383240177820651
pnull,vmf_ward100,reliability_across_halves,tldr17,bookcorpus,0.0058079832612396316
rand,vmf_ward100,fidelity_across_halves,tldr17,bookcorpus,0.038596930665023496
rand,vmf_ward100,reliability_across_halves,tldr17,bookcorpus,0.00014994970314835096
pnull,vmf_ward100_bm,fidelity_across_halves,tldr17,bookcorpus,0.21732629283610716
pnull,vmf_ward100_bm,reliability_across_halves,tldr17,bookcorpus,0.01921187898115664
rand,vmf_ward100_bm,fidelity_across_halves,tldr17,bookcorpus,0.03915007724560425
rand,vmf_ward100_bm,reliability_across_halves,tldr17,bookcorpus,4.9765671834544704e-05
pnull,vmf_ward100_bm_degree,fidelity_across_halves,tldr17,bookcorpus,0.2216689890224577
pnull,vmf_ward100_bm_degree,reliability_across_halves,tldr17,bookcorpus,0.010382061829709242
rand,vmf_ward100_bm_degree,fidelity_across_halves,tldr17,bookcorpus,0.04039189067365367
rand,vmf_ward100_bm_degree,reliability_across_halves,tldr17,bookcorpus,4.29139935671303e-05
pnull,vmf_ward100_bm_double,fidelity_across_halves,tldr17,bookcorpus,0.21679034313795106
pnull,vmf_ward100_bm_double,reliability_across_halves,tldr17,bookcorpus,0.01665230825552421
rand,vmf_ward100_bm_double,fidelity_across_halves,tldr17,bookcorpus,0.03607796943580291
rand,vmf_ward100_bm_double,reliability_across_halves,tldr17,bookcorpus,-0.0001124380350949036
pnull,vmf_ward150,fidelity_across_halves,tldr17,bookcorpus,0.19377322565333563
pnull,vmf_ward150,reliability_across_halves,tldr17,bookcorpus,0.003813539827633013
rand,vmf_ward150,fidelity_across_halves,tldr17,bookcorpus,0.05265952784521231
rand,vmf_ward150,reliability_across_halves,tldr17,bookcorpus,-5.6749140276941784e-05
pnull,vmf_ward200,fidelity_across_halves,tldr17,bookcorpus,0.19569669959487349
pnull,vmf_ward200,reliability_across_halves,tldr17,bookcorpus,0.003027387956423934
rand,vmf_ward200,fidelity_across_halves,tldr17,bookcorpus,0.049030831085576744
rand,vmf_ward200,reliability_across_halves,tldr17,bookcorpus,0.00011463049774480119
pnull,vmf_wardlloyd100,fidelity_across_halves,tldr17,bookcorpus,0.1942941276756152
pnull,vmf_wardlloyd100,reliability_across_halves,tldr17,bookcorpus,0.005776799381854399
rand,vmf_wardlloyd100,fidelity_across_halves,tldr17,bookcorpus,0.0386258985536619
rand,vmf_wardlloyd100,reliability_across_halves,tldr17,bookcorpus,0.0001275214632846561
pnull,vmf_lloyd100,fidelity_across_halves,tldr17,agnews,0.18360577774302
pnull,vmf_lloyd100,reliability_across_halves,tldr17,agnews,0.011416129359716826
rand,vmf_lloyd100,fidelity_across_halves,tldr17,agnews,0.030597962551142648
rand,vmf_lloyd100,reliability_across_halves,tldr17,agnews,-6.8279926009178e-05
pnull,vmf_pca100_lloyd100,fidelity_across_halves,tldr17,agnews,0.19052069724341988
pnull,vmf_pca100_lloyd100,reliability_across_halves,tldr17,agnews,0.011380933115789606
rand,vmf_pca100_lloyd100,fidelity_across_halves,tldr17,agnews,0.028635247943508493
rand,vmf_pca100_lloyd100,reliability_across_halves,tldr17,agnews,-1.459489347398649e-06
pnull,vmf_pca100_ward100,fidelity_across_halves,tldr17,agnews,0.19237553405069502
pnull,vmf_pca100_ward100,reliability_across_halves,tldr17,agnews,0.009196465724447584
rand,vmf_pca100_ward100,fidelity_across_halves,tldr17,agnews,0.0293738739747405
rand,vmf_pca100_ward100,reliability_across_halves,tldr17,agnews,-2.1018221066217508e-05
pnull,vmf_pca20_lloyd100,fidelity_across_halves,tldr17,agnews,0.19229277474250836
pnull,vmf_pca20_lloyd100,reliability_across_halves,tldr17,agnews,0.010210344964379286
rand,vmf_pca20_lloyd100,fidelity_across_halves,tldr17,agnews,0.031202648366555997
rand,vmf_pca20_lloyd100,reliability_across_halves,tldr17,agnews,-0.00019949148319558247
pnull,vmf_pca20_ward100,fidelity_across_halves,tldr17,agnews,0.19308766152671597
pnull,vmf_pca20_ward100,reliability_across_halves,tldr17,agnews,0.009750725666108932
rand,vmf_pca20_ward100,fidelity_across_halves,tldr17,agnews,0.02681388198077454
rand,vmf_pca20_ward100,reliability_across_halves,tldr17,agnews,-8.801997352419921e-05
pnull,vmf_sparse_lloyd100,fidelity_across_halves,tldr17,agnews,0.17350617454040182
pnull,vmf_sparse_lloyd100,reliability_across_halves,tldr17,agnews,0.011732904956567399
rand,vmf_sparse_lloyd100,fidelity_across_halves,tldr17,agnews,0.0313711738396875
rand,vmf_sparse_lloyd100,reliability_across_halves,tldr17,agnews,-0.00033353392947331744
pnull,vmf_sparse_ward100,fidelity_across_halves,tldr17,agnews,0.17816165069166645
pnull,vmf_sparse_ward100,reliability_across_halves,tldr17,agnews,0.010783692346852166
rand,vmf_sparse_ward100,fidelity_across_halves,tldr17,agnews,0.030636852276179002
rand,vmf_sparse_ward100,reliability_across_halves,tldr17,agnews,0.00012233370724100707
pnull,vmf_ward,fidelity_across_halves,tldr17,agnews,0.18198842936474788
pnull,vmf_ward,reliability_across_halves,tldr17,agnews,0.014096140785596156
rand,vmf_ward,fidelity_across_halves,tldr17,agnews,0.02084661160260516
rand,vmf_ward,reliability_across_halves,tldr17,agnews,-7.718884453156453e-05
pnull,vmf_ward100,fidelity_across_halves,tldr17,agnews,0.18479759379721358
pnull,vmf_ward100,reliability_across_halves,tldr17,agnews,0.007164772155395078
rand,vmf_ward100,fidelity_across_halves,tldr17,agnews,0.03395244148801768
rand,vmf_ward100,reliability_across_halves,tldr17,agnews,-0.00010668178587418556
pnull,vmf_ward100_bm,fidelity_across_halves,tldr17,agnews,0.2148687715900172
pnull,vmf_ward100_bm,reliability_across_halves,tldr17,agnews,0.019866224549035083
rand,vmf_ward100_bm,fidelity_across_halves,tldr17,agnews,0.027734978636676944
rand,vmf_ward100_bm,reliability_across_halves,tldr17,agnews,0.00011448528364653489
pnull,vmf_ward100_bm_degree,fidelity_across_halves,tldr17,agnews,0.21450767524645642
pnull,vmf_ward100_bm_degree,reliability_across_halves,tldr17,agnews,0.014037635070022411
rand,vmf_ward100_bm_degree,fidelity_across_halves,tldr17,agnews,0.029495312890225715
rand,vmf_ward100_bm_degree,reliability_across_halves,tldr17,agnews,6.43580424611262e-05
pnull,vmf_ward100_bm_double,fidelity_across_halves,tldr17,agnews,0.21343600271281582
pnull,vmf_ward100_bm_double,reliability_across_halves,tldr17,agnews,0.019606040346180402
rand,vmf_ward100_bm_double,fidelity_across_halves,tldr17,agnews,0.027235041378901315
rand,vmf_ward100_bm_double,reliability_across_halves,tldr17,agnews,-0.00012584776011634774
pnull,vmf_ward150,fidelity_across_halves,tldr17,agnews,0.18433532497362964
pnull,vmf_ward150,reliability_across_halves,tldr17,agnews,0.004404256730567992
rand,vmf_ward150,fidelity_across_halves,tldr17,agnews,0.04019479158534662
rand,vmf_ward150,reliability_across_halves,tldr17,agnews,3.6082752544056867e-05
pnull,vmf_ward200,fidelity_across_halves,tldr17,agnews,0.18573508106747025
pnull,vmf_ward200,reliability_across_halves,tldr17,agnews,0.003519685454761192
rand,vmf_ward200,fidelity_across_halves,tldr17,agnews,0.04055918885998531
rand,vmf_ward200,reliability_across_halves,tldr17,agnews,-9.994574608725996e-05
pnull,vmf_wardlloyd100,fidelity_across_halves,tldr17,agnews,0.18605115654033227
pnull,vmf_wardlloyd100,reliability_across_halves,tldr17,agnews,0.006873203719599255
rand,vmf_wardlloyd100,fidelity_across_halves,tldr17,agnews,0.029531829133133396
rand,vmf_wardlloyd100,reliability_across_halves,tldr17,agnews,4.6241630485404946e-05
