model,step,domain,key,partition,eval_key,measure,value
EleutherAI/pythia-70m,0,wikitext,halfA,-,halfA,act_firing_rate_median,0.496978759765625
EleutherAI/pythia-70m,0,wikitext,halfA,-,halfA,act_frac_dead,0.0
EleutherAI/pythia-70m,0,wikitext,halfA,-,halfA,act_frac_dense,0.4912923177083333
EleutherAI/pythia-70m,0,wikitext,halfA,-,halfA,act_firing_rate_gini,0.2116887828857783
EleutherAI/pythia-70m,0,wikitext,halfB,-,halfB,act_firing_rate_median,0.4971186319986979
EleutherAI/pythia-70m,0,wikitext,halfB,-,halfB,act_frac_dead,0.0
EleutherAI/pythia-70m,0,wikitext,halfB,-,halfB,act_frac_dense,0.4921061197916667
EleutherAI/pythia-70m,0,wikitext,halfB,-,halfB,act_firing_rate_gini,0.2124616899651457
EleutherAI/pythia-70m,0,wikitext,-,-,-,lm_loss,11.017375644841424
EleutherAI/pythia-70m,0,wikitext,halfA,-,halfA,dim_participation_ratio,119.7581079092741
EleutherAI/pythia-70m,0,wikitext,halfA,-,halfA,dim_top1_share,0.041729354973281924
EleutherAI/pythia-70m,0,wikitext,halfA,-,halfA,dim_top10_share,0.22753471083182564
EleutherAI/pythia-70m,0,wikitext,halfA,-,halfA,dim_top100_share,0.5935854245996491
EleutherAI/pythia-70m,0,wikitext,halfA,-,halfA,dim_n_for_50pct,61.0
EleutherAI/pythia-70m,0,wikitext,halfA,-,halfA,dim_n_for_90pct,947.0
EleutherAI/pythia-70m,0,wikitext,halfA,-,halfA,dim_participation_ratio_frac,0.00974593977126254
EleutherAI/pythia-70m,0,wikitext,halfA,-,halfA,n_live_units,12288.0
EleutherAI/pythia-70m,0,wikitext,halfA,-,halfA,coupling_mean_absr,0.0708573541955194
EleutherAI/pythia-70m,0,wikitext,halfA,-,halfA,coupling_median_absr,0.05819759517908096
EleutherAI/pythia-70m,0,wikitext,halfA,-,halfA,coupling_p90_absr,0.14683485478162767
EleutherAI/pythia-70m,0,wikitext,halfA,-,halfA,coupling_p99_absr,0.25362799137830716
EleutherAI/pythia-70m,0,wikitext,halfA,-,halfA,coupling_frac_absr_gt_0.1,0.25229038872803117
EleutherAI/pythia-70m,0,wikitext,halfA,-,halfA,coupling_frac_absr_gt_0.3,0.004059134472680549
EleutherAI/pythia-70m,0,wikitext,halfA,-,halfA,coupling_concentration_top1pct,0.036276831319154795
EleutherAI/pythia-70m,0,wikitext,halfA,-,halfA,hub_strength_gini,0.11516931906014305
EleutherAI/pythia-70m,0,wikitext,halfA,-,halfA,hub_strength_cv,0.21029443378936977
EleutherAI/pythia-70m,0,wikitext,halfB,-,halfB,dim_participation_ratio,117.80450897314611
EleutherAI/pythia-70m,0,wikitext,halfB,-,halfB,dim_top1_share,0.04295669181673504
EleutherAI/pythia-70m,0,wikitext,halfB,-,halfB,dim_top10_share,0.22925027692931238
EleutherAI/pythia-70m,0,wikitext,halfB,-,halfB,dim_top100_share,0.594070201440513
EleutherAI/pythia-70m,0,wikitext,halfB,-,halfB,dim_n_for_50pct,61.0
EleutherAI/pythia-70m,0,wikitext,halfB,-,halfB,dim_n_for_90pct,944.0
EleutherAI/pythia-70m,0,wikitext,halfB,-,halfB,dim_participation_ratio_frac,0.009586955482840666
EleutherAI/pythia-70m,0,wikitext,halfB,-,halfB,n_live_units,12288.0
EleutherAI/pythia-70m,0,wikitext,halfB,-,halfB,coupling_mean_absr,0.07140085226871795
EleutherAI/pythia-70m,0,wikitext,halfB,-,halfB,coupling_median_absr,0.05857301317155361
EleutherAI/pythia-70m,0,wikitext,halfB,-,halfB,coupling_p90_absr,0.14813008308410644
EleutherAI/pythia-70m,0,wikitext,halfB,-,halfB,coupling_p99_absr,0.2557501327991485
EleutherAI/pythia-70m,0,wikitext,halfB,-,halfB,coupling_frac_absr_gt_0.1,0.25568104539395886
EleutherAI/pythia-70m,0,wikitext,halfB,-,halfB,coupling_frac_absr_gt_0.3,0.0043061376011879334
EleutherAI/pythia-70m,0,wikitext,halfB,-,halfB,coupling_concentration_top1pct,0.03622406821391247
EleutherAI/pythia-70m,0,wikitext,halfB,-,halfB,hub_strength_gini,0.11734626540647608
EleutherAI/pythia-70m,0,wikitext,halfB,-,halfB,hub_strength_cv,0.214294612457479
EleutherAI/pythia-70m,0,wikitext,halfA,real,halfA,segregation_within_mean,0.15585814413367663
EleutherAI/pythia-70m,0,wikitext,halfA,real,halfA,segregation_between_mean,0.06976084355086389
EleutherAI/pythia-70m,0,wikitext,halfA,real,halfA,segregation_ratio,2.2341780316924873
EleutherAI/pythia-70m,0,wikitext,halfA,real,halfA,segregation_modularity,0.014776345270214286
EleutherAI/pythia-70m,0,wikitext,halfA,real,halfB,segregation_within_mean,0.1575058515458899
EleutherAI/pythia-70m,0,wikitext,halfA,real,halfB,segregation_between_mean,0.07029009730589734
EleutherAI/pythia-70m,0,wikitext,halfA,real,halfB,segregation_ratio,2.240797176029448
EleutherAI/pythia-70m,0,wikitext,halfA,real,halfB,segregation_modularity,0.014835876562804926
EleutherAI/pythia-70m,0,wikitext,halfA,null,halfA,segregation_within_mean,0.07091729721503044
EleutherAI/pythia-70m,0,wikitext,halfA,null,halfA,segregation_between_mean,0.0708567350527683
EleutherAI/pythia-70m,0,wikitext,halfA,null,halfA,segregation_ratio,1.0008547128542833
EleutherAI/pythia-70m,0,wikitext,halfA,null,halfA,segregation_modularity,-7.939873000459734e-05
EleutherAI/pythia-70m,0,wikitext,halfA,null,halfB,segregation_within_mean,0.07146645575833542
EleutherAI/pythia-70m,0,wikitext,halfA,null,halfB,segregation_between_mean,0.07140017465161566
EleutherAI/pythia-70m,0,wikitext,halfA,null,halfB,segregation_ratio,1.0009283045460766
EleutherAI/pythia-70m,0,wikitext,halfA,null,halfB,segregation_modularity,-7.953091917689019e-05
EleutherAI/pythia-70m,0,wikitext,halfB,real,halfB,segregation_within_mean,0.1582649463136251
EleutherAI/pythia-70m,0,wikitext,halfB,real,halfB,segregation_between_mean,0.07031789111588257
EleutherAI/pythia-70m,0,wikitext,halfB,real,halfB,segregation_ratio,2.2507066665694992
EleutherAI/pythia-70m,0,wikitext,halfB,real,halfB,segregation_modularity,0.014455769497633676
EleutherAI/pythia-70m,0,wikitext,halfB,real,halfA,segregation_within_mean,0.15614324580765104
EleutherAI/pythia-70m,0,wikitext,halfB,real,halfA,segregation_between_mean,0.06979406897104516
EleutherAI/pythia-70m,0,wikitext,halfB,real,halfA,segregation_ratio,2.237199351028363
EleutherAI/pythia-70m,0,wikitext,halfB,real,halfA,segregation_modularity,0.01432272540858825
EleutherAI/pythia-70m,0,wikitext,halfB,null,halfB,segregation_within_mean,0.07145420944580076
EleutherAI/pythia-70m,0,wikitext,halfB,null,halfB,segregation_between_mean,0.07140030031024869
EleutherAI/pythia-70m,0,wikitext,halfB,null,halfB,segregation_ratio,1.0007550267340308
EleutherAI/pythia-70m,0,wikitext,halfB,null,halfB,segregation_modularity,-7.694206855293873e-05
EleutherAI/pythia-70m,0,wikitext,halfB,null,halfA,segregation_within_mean,0.07091969748579045
EleutherAI/pythia-70m,0,wikitext,halfB,null,halfA,segregation_between_mean,0.07085670927696269
EleutherAI/pythia-70m,0,wikitext,halfB,null,halfA,segregation_ratio,1.0008889519351167
EleutherAI/pythia-70m,0,wikitext,halfB,null,halfA,segregation_modularity,-7.520289276459934e-05
EleutherAI/pythia-70m,0,bookcorpus,halfA,-,halfA,act_firing_rate_median,0.4966913859049479
EleutherAI/pythia-70m,0,bookcorpus,halfA,-,halfA,act_frac_dead,0.0
EleutherAI/pythia-70m,0,bookcorpus,halfA,-,halfA,act_frac_dense,0.49072265625
EleutherAI/pythia-70m,0,bookcorpus,halfA,-,halfA,act_firing_rate_gini,0.21554857507115766
EleutherAI/pythia-70m,0,bookcorpus,halfB,-,halfB,act_firing_rate_median,0.49665323893229163
EleutherAI/pythia-70m,0,bookcorpus,halfB,-,halfB,act_frac_dead,0.0
EleutherAI/pythia-70m,0,bookcorpus,halfB,-,halfB,act_frac_dense,0.4908854166666667
EleutherAI/pythia-70m,0,bookcorpus,halfB,-,halfB,act_firing_rate_gini,0.21550963877186669
EleutherAI/pythia-70m,0,bookcorpus,-,-,-,lm_loss,10.99190833180434
EleutherAI/pythia-70m,0,bookcorpus,halfA,-,halfA,dim_participation_ratio,108.14708667763931
EleutherAI/pythia-70m,0,bookcorpus,halfA,-,halfA,dim_top1_share,0.04426614205579398
EleutherAI/pythia-70m,0,bookcorpus,halfA,-,halfA,dim_top10_share,0.2389164156744505
EleutherAI/pythia-70m,0,bookcorpus,halfA,-,halfA,dim_top100_share,0.6196162031292861
EleutherAI/pythia-70m,0,bookcorpus,halfA,-,halfA,dim_n_for_50pct,56.0
EleutherAI/pythia-70m,0,bookcorpus,halfA,-,halfA,dim_n_for_90pct,656.0
EleutherAI/pythia-70m,0,bookcorpus,halfA,-,halfA,dim_participation_ratio_frac,0.008801032444469345
EleutherAI/pythia-70m,0,bookcorpus,halfA,-,halfA,n_live_units,12288.0
EleutherAI/pythia-70m,0,bookcorpus,halfA,-,halfA,coupling_mean_absr,0.07452768131602554
EleutherAI/pythia-70m,0,bookcorpus,halfA,-,halfA,coupling_median_absr,0.06108693405985832
EleutherAI/pythia-70m,0,bookcorpus,halfA,-,halfA,coupling_p90_absr,0.15467155724763873
EleutherAI/pythia-70m,0,bookcorpus,halfA,-,halfA,coupling_p99_absr,0.2679954880475998
EleutherAI/pythia-70m,0,bookcorpus,halfA,-,halfA,coupling_frac_absr_gt_0.1,0.27511924877670996
EleutherAI/pythia-70m,0,bookcorpus,halfA,-,halfA,coupling_frac_absr_gt_0.3,0.005564409540542184
EleutherAI/pythia-70m,0,bookcorpus,halfA,-,halfA,coupling_concentration_top1pct,0.03602596852032703
EleutherAI/pythia-70m,0,bookcorpus,halfA,-,halfA,hub_strength_gini,0.12062161472015576
EleutherAI/pythia-70m,0,bookcorpus,halfA,-,halfA,hub_strength_cv,0.2192278439453018
EleutherAI/pythia-70m,0,bookcorpus,halfB,-,halfB,dim_participation_ratio,109.22455513103837
EleutherAI/pythia-70m,0,bookcorpus,halfB,-,halfB,dim_top1_share,0.04429644965656877
EleutherAI/pythia-70m,0,bookcorpus,halfB,-,halfB,dim_top10_share,0.23705064746363375
EleutherAI/pythia-70m,0,bookcorpus,halfB,-,halfB,dim_top100_share,0.6190711614478055
EleutherAI/pythia-70m,0,bookcorpus,halfB,-,halfB,dim_n_for_50pct,56.0
EleutherAI/pythia-70m,0,bookcorpus,halfB,-,halfB,dim_n_for_90pct,655.0
EleutherAI/pythia-70m,0,bookcorpus,halfB,-,halfB,dim_participation_ratio_frac,0.008888717051679556
EleutherAI/pythia-70m,0,bookcorpus,halfB,-,halfB,n_live_units,12288.0
EleutherAI/pythia-70m,0,bookcorpus,halfB,-,halfB,coupling_mean_absr,0.07416560522709215
EleutherAI/pythia-70m,0,bookcorpus,halfB,-,halfB,coupling_median_absr,0.060855913907289505
EleutherAI/pythia-70m,0,bookcorpus,halfB,-,halfB,coupling_p90_absr,0.15393344759941102
EleutherAI/pythia-70m,0,bookcorpus,halfB,-,halfB,coupling_p99_absr,0.2665562319755553
EleutherAI/pythia-70m,0,bookcorpus,halfB,-,halfB,coupling_frac_absr_gt_0.1,0.2732924112210248
EleutherAI/pythia-70m,0,bookcorpus,halfB,-,halfB,coupling_frac_absr_gt_0.3,0.005385253438339508
EleutherAI/pythia-70m,0,bookcorpus,halfB,-,halfB,coupling_concentration_top1pct,0.036042988531427095
EleutherAI/pythia-70m,0,bookcorpus,halfB,-,halfB,hub_strength_gini,0.1201061504850649
EleutherAI/pythia-70m,0,bookcorpus,halfB,-,halfB,hub_strength_cv,0.21846460910643575
EleutherAI/pythia-70m,0,bookcorpus,halfA,real,halfA,segregation_within_mean,0.16886480065620155
EleutherAI/pythia-70m,0,bookcorpus,halfA,real,halfA,segregation_between_mean,0.07334725630532135
EleutherAI/pythia-70m,0,bookcorpus,halfA,real,halfA,segregation_ratio,2.3022647221222696
EleutherAI/pythia-70m,0,bookcorpus,halfA,real,halfA,segregation_modularity,0.014794290683328203
EleutherAI/pythia-70m,0,bookcorpus,halfA,real,halfB,segregation_within_mean,0.16762711677487208
EleutherAI/pythia-70m,0,bookcorpus,halfA,real,halfB,segregation_between_mean,0.07299613655514953
EleutherAI/pythia-70m,0,bookcorpus,halfA,real,halfB,segregation_ratio,2.296383407198922
EleutherAI/pythia-70m,0,bookcorpus,halfA,real,halfB,segregation_modularity,0.014724732283496559
EleutherAI/pythia-70m,0,bookcorpus,halfA,null,halfA,segregation_within_mean,0.07448934453633661
EleutherAI/pythia-70m,0,bookcorpus,halfA,null,halfA,segregation_between_mean,0.07452807351225925
EleutherAI/pythia-70m,0,bookcorpus,halfA,null,halfA,segregation_ratio,0.9994803437939898
EleutherAI/pythia-70m,0,bookcorpus,halfA,null,halfA,segregation_modularity,-8.812588655104884e-05
EleutherAI/pythia-70m,0,bookcorpus,halfA,null,halfB,segregation_within_mean,0.07413255173261477
EleutherAI/pythia-70m,0,bookcorpus,halfA,null,halfB,segregation_between_mean,0.07416594336191058
EleutherAI/pythia-70m,0,bookcorpus,halfA,null,halfB,segregation_ratio,0.9995497713939554
EleutherAI/pythia-70m,0,bookcorpus,halfA,null,halfB,segregation_modularity,-8.748742287733593e-05
EleutherAI/pythia-70m,0,bookcorpus,halfB,real,halfB,segregation_within_mean,0.16609771423821956
EleutherAI/pythia-70m,0,bookcorpus,halfB,real,halfB,segregation_between_mean,0.07300704446376483
EleutherAI/pythia-70m,0,bookcorpus,halfB,real,halfB,segregation_ratio,2.2750916087372626
EleutherAI/pythia-70m,0,bookcorpus,halfB,real,halfB,segregation_modularity,0.014626589211865068
EleutherAI/pythia-70m,0,bookcorpus,halfB,real,halfA,segregation_within_mean,0.1672485450634965
EleutherAI/pythia-70m,0,bookcorpus,halfB,real,halfA,segregation_between_mean,0.07335918037867652
EleutherAI/pythia-70m,0,bookcorpus,halfB,real,halfA,segregation_ratio,2.279858419902835
EleutherAI/pythia-70m,0,bookcorpus,halfB,real,halfA,segregation_modularity,0.01468555165782826
EleutherAI/pythia-70m,0,bookcorpus,halfB,null,halfB,segregation_within_mean,0.0741378756360861
EleutherAI/pythia-70m,0,bookcorpus,halfB,null,halfB,segregation_between_mean,0.07416589167686431
EleutherAI/pythia-70m,0,bookcorpus,halfB,null,halfB,segregation_ratio,0.999622251682751
EleutherAI/pythia-70m,0,bookcorpus,halfB,null,halfB,segregation_modularity,-8.630685217593759e-05
EleutherAI/pythia-70m,0,bookcorpus,halfB,null,halfA,segregation_within_mean,0.07450189677426157
EleutherAI/pythia-70m,0,bookcorpus,halfB,null,halfA,segregation_between_mean,0.07452794769014842
EleutherAI/pythia-70m,0,bookcorpus,halfB,null,halfA,segregation_ratio,0.9996504544040961
EleutherAI/pythia-70m,0,bookcorpus,halfB,null,halfA,segregation_modularity,-8.626459573625327e-05
EleutherAI/pythia-70m,0,agnews,halfA,-,halfA,act_firing_rate_median,0.49720001220703125
EleutherAI/pythia-70m,0,agnews,halfA,-,halfA,act_frac_dead,0.0
EleutherAI/pythia-70m,0,agnews,halfA,-,halfA,act_frac_dense,0.4908040364583333
EleutherAI/pythia-70m,0,agnews,halfA,-,halfA,act_firing_rate_gini,0.2100120063934372
EleutherAI/pythia-70m,0,agnews,halfB,-,halfB,act_firing_rate_median,0.4976069132486979
EleutherAI/pythia-70m,0,agnews,halfB,-,halfB,act_frac_dead,0.0
EleutherAI/pythia-70m,0,agnews,halfB,-,halfB,act_frac_dense,0.4920247395833333
EleutherAI/pythia-70m,0,agnews,halfB,-,halfB,act_firing_rate_gini,0.20994246534480676
EleutherAI/pythia-70m,0,agnews,-,-,-,lm_loss,11.021176106035806
EleutherAI/pythia-70m,0,agnews,halfA,-,halfA,dim_participation_ratio,171.07890157847356
EleutherAI/pythia-70m,0,agnews,halfA,-,halfA,dim_top1_share,0.02864189089452264
EleutherAI/pythia-70m,0,agnews,halfA,-,halfA,dim_top10_share,0.18412055710187156
EleutherAI/pythia-70m,0,agnews,halfA,-,halfA,dim_top100_share,0.5521752838308276
EleutherAI/pythia-70m,0,agnews,halfA,-,halfA,dim_n_for_50pct,79.0
EleutherAI/pythia-70m,0,agnews,halfA,-,halfA,dim_n_for_90pct,1038.0
EleutherAI/pythia-70m,0,agnews,halfA,-,halfA,dim_participation_ratio_frac,0.013922436651894007
EleutherAI/pythia-70m,0,agnews,halfA,-,halfA,n_live_units,12288.0
EleutherAI/pythia-70m,0,agnews,halfA,-,halfA,coupling_mean_absr,0.05938617562320763
EleutherAI/pythia-70m,0,agnews,halfA,-,halfA,coupling_median_absr,0.04892570525407791
EleutherAI/pythia-70m,0,agnews,halfA,-,halfA,coupling_p90_absr,0.12321156710386283
EleutherAI/pythia-70m,0,agnews,halfA,-,halfA,coupling_p99_absr,0.20885827004909518
EleutherAI/pythia-70m,0,agnews,halfA,-,halfA,coupling_frac_absr_gt_0.1,0.1761048166997861
EleutherAI/pythia-70m,0,agnews,halfA,-,halfA,coupling_frac_absr_gt_0.3,0.0010028832393088626
EleutherAI/pythia-70m,0,agnews,halfA,-,halfA,coupling_concentration_top1pct,0.03690894511957908
EleutherAI/pythia-70m,0,agnews,halfA,-,halfA,hub_strength_gini,0.09812784202114733
EleutherAI/pythia-70m,0,agnews,halfA,-,halfA,hub_strength_cv,0.17737744098977826
EleutherAI/pythia-70m,0,agnews,halfB,-,halfB,dim_participation_ratio,171.02775508532974
EleutherAI/pythia-70m,0,agnews,halfB,-,halfB,dim_top1_share,0.028350806886235532
EleutherAI/pythia-70m,0,agnews,halfB,-,halfB,dim_top10_share,0.18447188489725097
EleutherAI/pythia-70m,0,agnews,halfB,-,halfB,dim_top100_share,0.552034166749831
EleutherAI/pythia-70m,0,agnews,halfB,-,halfB,dim_n_for_50pct,79.0
EleutherAI/pythia-70m,0,agnews,halfB,-,halfB,dim_n_for_90pct,1045.0
EleutherAI/pythia-70m,0,agnews,halfB,-,halfB,dim_participation_ratio_frac,0.013918274339626445
EleutherAI/pythia-70m,0,agnews,halfB,-,halfB,n_live_units,12288.0
EleutherAI/pythia-70m,0,agnews,halfB,-,halfB,coupling_mean_absr,0.059396539548710985
EleutherAI/pythia-70m,0,agnews,halfB,-,halfB,coupling_median_absr,0.048933278769254684
EleutherAI/pythia-70m,0,agnews,halfB,-,halfB,coupling_p90_absr,0.12334542870521545
EleutherAI/pythia-70m,0,agnews,halfB,-,halfB,coupling_p99_absr,0.20918504595756526
EleutherAI/pythia-70m,0,agnews,halfB,-,halfB,coupling_frac_absr_gt_0.1,0.17646631729086207
EleutherAI/pythia-70m,0,agnews,halfB,-,halfB,coupling_frac_absr_gt_0.3,0.0010108843077512664
EleutherAI/pythia-70m,0,agnews,halfB,-,halfB,coupling_concentration_top1pct,0.03691376807308357
EleutherAI/pythia-70m,0,agnews,halfB,-,halfB,hub_strength_gini,0.09814515334180962
EleutherAI/pythia-70m,0,agnews,halfB,-,halfB,hub_strength_cv,0.17711958360805669
EleutherAI/pythia-70m,0,agnews,halfA,real,halfA,segregation_within_mean,0.11062464635249016
EleutherAI/pythia-70m,0,agnews,halfA,real,halfA,segregation_between_mean,0.05867988377941054
EleutherAI/pythia-70m,0,agnews,halfA,real,halfA,segregation_ratio,1.8852226560016787
EleutherAI/pythia-70m,0,agnews,halfA,real,halfA,segregation_modularity,0.012403631110509034
EleutherAI/pythia-70m,0,agnews,halfA,real,halfB,segregation_within_mean,0.11068739578402148
EleutherAI/pythia-70m,0,agnews,halfA,real,halfB,segregation_between_mean,0.058689525593395166
EleutherAI/pythia-70m,0,agnews,halfA,real,halfB,segregation_ratio,1.8859821180166105
EleutherAI/pythia-70m,0,agnews,halfA,real,halfB,segregation_modularity,0.012416281135782262
EleutherAI/pythia-70m,0,agnews,halfA,null,halfA,segregation_within_mean,0.059432634299875456
EleutherAI/pythia-70m,0,agnews,halfA,null,halfA,segregation_between_mean,0.05938569698972554
EleutherAI/pythia-70m,0,agnews,halfA,null,halfA,segregation_ratio,1.00079038072346
EleutherAI/pythia-70m,0,agnews,halfA,null,halfA,segregation_modularity,-8.128502701327949e-05
EleutherAI/pythia-70m,0,agnews,halfA,null,halfB,segregation_within_mean,0.059446525054065134
EleutherAI/pythia-70m,0,agnews,halfA,null,halfB,segregation_between_mean,0.05939602458765969
EleutherAI/pythia-70m,0,agnews,halfA,null,halfB,segregation_ratio,1.0008502331049263
EleutherAI/pythia-70m,0,agnews,halfA,null,halfB,segregation_modularity,-8.092672001883847e-05
EleutherAI/pythia-70m,0,agnews,halfB,real,halfB,segregation_within_mean,0.11092055478885725
EleutherAI/pythia-70m,0,agnews,halfB,real,halfB,segregation_between_mean,0.05867827867504404
EleutherAI/pythia-70m,0,agnews,halfB,real,halfB,segregation_ratio,1.8903171206355092
EleutherAI/pythia-70m,0,agnews,halfB,real,halfB,segregation_modularity,0.012562089653566148
EleutherAI/pythia-70m,0,agnews,halfB,real,halfA,segregation_within_mean,0.11074629993074278
EleutherAI/pythia-70m,0,agnews,halfB,real,halfA,segregation_between_mean,0.058670199443460656
EleutherAI/pythia-70m,0,agnews,halfB,real,halfA,segregation_ratio,1.8876073540105631
EleutherAI/pythia-70m,0,agnews,halfB,real,halfA,segregation_modularity,0.012526408767351005
EleutherAI/pythia-70m,0,agnews,halfB,null,halfB,segregation_within_mean,0.05939788985909161
EleutherAI/pythia-70m,0,agnews,halfB,null,halfB,segregation_between_mean,0.05939652561412162
EleutherAI/pythia-70m,0,agnews,halfB,null,halfB,segregation_ratio,1.0000229684304913
EleutherAI/pythia-70m,0,agnews,halfB,null,halfB,segregation_modularity,-7.697953732668444e-05
EleutherAI/pythia-70m,0,agnews,halfB,null,halfA,segregation_within_mean,0.05938380847096093
EleutherAI/pythia-70m,0,agnews,halfB,null,halfA,segregation_between_mean,0.05938620003661849
EleutherAI/pythia-70m,0,agnews,halfB,null,halfA,segregation_ratio,0.999959728595935
EleutherAI/pythia-70m,0,agnews,halfB,null,halfA,segregation_modularity,-7.754210992209139e-05
EleutherAI/pythia-70m,0,tldr17,halfA,-,halfA,act_firing_rate_median,0.49645487467447913
EleutherAI/pythia-70m,0,tldr17,halfA,-,halfA,act_frac_dead,0.0
EleutherAI/pythia-70m,0,tldr17,halfA,-,halfA,act_frac_dense,0.48876953125
EleutherAI/pythia-70m,0,tldr17,halfA,-,halfA,act_firing_rate_gini,0.21393726491643528
EleutherAI/pythia-70m,0,tldr17,halfB,-,halfB,act_firing_rate_median,0.49689483642578125
EleutherAI/pythia-70m,0,tldr17,halfB,-,halfB,act_frac_dead,0.0
EleutherAI/pythia-70m,0,tldr17,halfB,-,halfB,act_frac_dense,0.4896647135416667
EleutherAI/pythia-70m,0,tldr17,halfB,-,halfB,act_firing_rate_gini,0.21411377477478344
EleutherAI/pythia-70m,0,tldr17,-,-,-,lm_loss,11.009029560570376
EleutherAI/pythia-70m,0,tldr17,halfA,-,halfA,dim_participation_ratio,126.13582448153232
EleutherAI/pythia-70m,0,tldr17,halfA,-,halfA,dim_top1_share,0.03390941608855755
EleutherAI/pythia-70m,0,tldr17,halfA,-,halfA,dim_top10_share,0.22279634976888812
EleutherAI/pythia-70m,0,tldr17,halfA,-,halfA,dim_top100_share,0.6195994571151229
EleutherAI/pythia-70m,0,tldr17,halfA,-,halfA,dim_n_for_50pct,57.0
EleutherAI/pythia-70m,0,tldr17,halfA,-,halfA,dim_n_for_90pct,650.0
EleutherAI/pythia-70m,0,tldr17,halfA,-,halfA,dim_participation_ratio_frac,0.010264959674603868
EleutherAI/pythia-70m,0,tldr17,halfA,-,halfA,n_live_units,12288.0
EleutherAI/pythia-70m,0,tldr17,halfA,-,halfA,coupling_mean_absr,0.06946365091063772
EleutherAI/pythia-70m,0,tldr17,halfA,-,halfA,coupling_median_absr,0.05750776641070843
EleutherAI/pythia-70m,0,tldr17,halfA,-,halfA,coupling_p90_absr,0.1437858819961548
EleutherAI/pythia-70m,0,tldr17,halfA,-,halfA,coupling_p99_absr,0.242994364947081
EleutherAI/pythia-70m,0,tldr17,halfA,-,halfA,coupling_frac_absr_gt_0.1,0.244954306435902
EleutherAI/pythia-70m,0,tldr17,halfA,-,halfA,coupling_frac_absr_gt_0.3,0.002802018557447481
EleutherAI/pythia-70m,0,tldr17,halfA,-,halfA,coupling_concentration_top1pct,0.03650033626771244
EleutherAI/pythia-70m,0,tldr17,halfA,-,halfA,hub_strength_gini,0.09813563506758771
EleutherAI/pythia-70m,0,tldr17,halfA,-,halfA,hub_strength_cv,0.17575170981766303
EleutherAI/pythia-70m,0,tldr17,halfB,-,halfB,dim_participation_ratio,123.46056508281656
EleutherAI/pythia-70m,0,tldr17,halfB,-,halfB,dim_top1_share,0.034929775378075886
EleutherAI/pythia-70m,0,tldr17,halfB,-,halfB,dim_top10_share,0.22581991831672762
EleutherAI/pythia-70m,0,tldr17,halfB,-,halfB,dim_top100_share,0.6203047584971207
EleutherAI/pythia-70m,0,tldr17,halfB,-,halfB,dim_n_for_50pct,56.0
EleutherAI/pythia-70m,0,tldr17,halfB,-,halfB,dim_n_for_90pct,646.0
EleutherAI/pythia-70m,0,tldr17,halfB,-,halfB,dim_participation_ratio_frac,0.01004724650739067
EleutherAI/pythia-70m,0,tldr17,halfB,-,halfB,n_live_units,12288.0
EleutherAI/pythia-70m,0,tldr17,halfB,-,halfB,coupling_mean_absr,0.0701810882233302
EleutherAI/pythia-70m,0,tldr17,halfB,-,halfB,coupling_median_absr,0.05801398493349552
EleutherAI/pythia-70m,0,tldr17,halfB,-,halfB,coupling_p90_absr,0.14522245526313782
EleutherAI/pythia-70m,0,tldr17,halfB,-,halfB,coupling_p99_absr,0.24587364792823807
EleutherAI/pythia-70m,0,tldr17,halfB,-,halfB,coupling_frac_absr_gt_0.1,0.24941825183125163
EleutherAI/pythia-70m,0,tldr17,halfB,-,halfB,coupling_frac_absr_gt_0.3,0.0030568531074372956
EleutherAI/pythia-70m,0,tldr17,halfB,-,halfB,coupling_concentration_top1pct,0.036458014782948564
EleutherAI/pythia-70m,0,tldr17,halfB,-,halfB,hub_strength_gini,0.10014830686435405
EleutherAI/pythia-70m,0,tldr17,halfB,-,halfB,hub_strength_cv,0.17960249058758193
EleutherAI/pythia-70m,0,tldr17,halfA,real,halfA,segregation_within_mean,0.14791173708283137
EleutherAI/pythia-70m,0,tldr17,halfA,real,halfA,segregation_between_mean,0.06849810054537056
EleutherAI/pythia-70m,0,tldr17,halfA,real,halfA,segregation_ratio,2.1593553092010223
EleutherAI/pythia-70m,0,tldr17,halfA,real,halfA,segregation_modularity,0.013791069981084644
EleutherAI/pythia-70m,0,tldr17,halfA,real,halfB,segregation_within_mean,0.1502505205587115
EleutherAI/pythia-70m,0,tldr17,halfA,real,halfB,segregation_between_mean,0.06919558208893697
EleutherAI/pythia-70m,0,tldr17,halfA,real,halfB,segregation_ratio,2.1713889243043685
EleutherAI/pythia-70m,0,tldr17,halfA,real,halfB,segregation_modularity,0.013916514234949386
EleutherAI/pythia-70m,0,tldr17,halfA,null,halfA,segregation_within_mean,0.06951739429887878
EleutherAI/pythia-70m,0,tldr17,halfA,null,halfA,segregation_between_mean,0.06946309321421178
EleutherAI/pythia-70m,0,tldr17,halfA,null,halfA,segregation_ratio,1.0007817256928013
EleutherAI/pythia-70m,0,tldr17,halfA,null,halfA,segregation_modularity,-6.899115742693327e-05
EleutherAI/pythia-70m,0,tldr17,halfA,null,halfB,segregation_within_mean,0.07023639921977021
EleutherAI/pythia-70m,0,tldr17,halfA,null,halfB,segregation_between_mean,0.07018051425686118
EleutherAI/pythia-70m,0,tldr17,halfA,null,halfB,segregation_ratio,1.0007963031263134
EleutherAI/pythia-70m,0,tldr17,halfA,null,halfB,segregation_modularity,-6.878272591117962e-05
EleutherAI/pythia-70m,0,tldr17,halfB,real,halfB,segregation_within_mean,0.14792592366210658
EleutherAI/pythia-70m,0,tldr17,halfB,real,halfB,segregation_between_mean,0.06918305637018206
EleutherAI/pythia-70m,0,tldr17,halfB,real,halfB,segregation_ratio,2.1381813904056246
EleutherAI/pythia-70m,0,tldr17,halfB,real,halfB,segregation_modularity,0.014166057185004945
EleutherAI/pythia-70m,0,tldr17,halfB,real,halfA,segregation_within_mean,0.1454215015119111
EleutherAI/pythia-70m,0,tldr17,halfB,real,halfA,segregation_between_mean,0.06848855905977319
EleutherAI/pythia-70m,0,tldr17,halfB,real,halfA,segregation_ratio,2.1232962630297845
EleutherAI/pythia-70m,0,tldr17,halfB,real,halfA,segregation_modularity,0.013994958966183598
EleutherAI/pythia-70m,0,tldr17,halfB,null,halfB,segregation_within_mean,0.07024182035090504
EleutherAI/pythia-70m,0,tldr17,halfB,null,halfB,segregation_between_mean,0.07018045851226735
EleutherAI/pythia-70m,0,tldr17,halfB,null,halfB,segregation_ratio,1.000874343655463
EleutherAI/pythia-70m,0,tldr17,halfB,null,halfB,segregation_modularity,-8.092467284955641e-05
EleutherAI/pythia-70m,0,tldr17,halfB,null,halfA,segregation_within_mean,0.06953004607973215
EleutherAI/pythia-70m,0,tldr17,halfB,null,halfA,segregation_between_mean,0.06946296248599095
EleutherAI/pythia-70m,0,tldr17,halfB,null,halfA,segregation_ratio,1.00096574622418
EleutherAI/pythia-70m,0,tldr17,halfB,null,halfA,segregation_modularity,-8.024167747793495e-05
EleutherAI/pythia-70m,1,wikitext,halfA,-,halfA,act_firing_rate_median,0.496978759765625
EleutherAI/pythia-70m,1,wikitext,halfA,-,halfA,act_frac_dead,0.0
EleutherAI/pythia-70m,1,wikitext,halfA,-,halfA,act_frac_dense,0.4912923177083333
EleutherAI/pythia-70m,1,wikitext,halfA,-,halfA,act_firing_rate_gini,0.2116887828857783
EleutherAI/pythia-70m,1,wikitext,halfB,-,halfB,act_firing_rate_median,0.4971186319986979
EleutherAI/pythia-70m,1,wikitext,halfB,-,halfB,act_frac_dead,0.0
EleutherAI/pythia-70m,1,wikitext,halfB,-,halfB,act_frac_dense,0.4921061197916667
EleutherAI/pythia-70m,1,wikitext,halfB,-,halfB,act_firing_rate_gini,0.2124616899651457
EleutherAI/pythia-70m,1,wikitext,-,-,-,lm_loss,11.017375644841424
EleutherAI/pythia-70m,1,wikitext,halfA,-,halfA,dim_participation_ratio,119.7581079092741
EleutherAI/pythia-70m,1,wikitext,halfA,-,halfA,dim_top1_share,0.041729354973281924
EleutherAI/pythia-70m,1,wikitext,halfA,-,halfA,dim_top10_share,0.22753471083182564
EleutherAI/pythia-70m,1,wikitext,halfA,-,halfA,dim_top100_share,0.5935854245996491
EleutherAI/pythia-70m,1,wikitext,halfA,-,halfA,dim_n_for_50pct,61.0
EleutherAI/pythia-70m,1,wikitext,halfA,-,halfA,dim_n_for_90pct,947.0
EleutherAI/pythia-70m,1,wikitext,halfA,-,halfA,dim_participation_ratio_frac,0.00974593977126254
EleutherAI/pythia-70m,1,wikitext,halfA,-,halfA,n_live_units,12288.0
EleutherAI/pythia-70m,1,wikitext,halfA,-,halfA,coupling_mean_absr,0.0708573541955194
EleutherAI/pythia-70m,1,wikitext,halfA,-,halfA,coupling_median_absr,0.05819759517908096
EleutherAI/pythia-70m,1,wikitext,halfA,-,halfA,coupling_p90_absr,0.14683485478162767
EleutherAI/pythia-70m,1,wikitext,halfA,-,halfA,coupling_p99_absr,0.25362799137830716
EleutherAI/pythia-70m,1,wikitext,halfA,-,halfA,coupling_frac_absr_gt_0.1,0.25229038872803117
EleutherAI/pythia-70m,1,wikitext,halfA,-,halfA,coupling_frac_absr_gt_0.3,0.004059134472680549
EleutherAI/pythia-70m,1,wikitext,halfA,-,halfA,coupling_concentration_top1pct,0.036276831319154795
EleutherAI/pythia-70m,1,wikitext,halfA,-,halfA,hub_strength_gini,0.11516931906014305
EleutherAI/pythia-70m,1,wikitext,halfA,-,halfA,hub_strength_cv,0.21029443378936977
EleutherAI/pythia-70m,1,wikitext,halfB,-,halfB,dim_participation_ratio,117.80450897314611
EleutherAI/pythia-70m,1,wikitext,halfB,-,halfB,dim_top1_share,0.04295669181673504
EleutherAI/pythia-70m,1,wikitext,halfB,-,halfB,dim_top10_share,0.22925027692931238
EleutherAI/pythia-70m,1,wikitext,halfB,-,halfB,dim_top100_share,0.594070201440513
EleutherAI/pythia-70m,1,wikitext,halfB,-,halfB,dim_n_for_50pct,61.0
EleutherAI/pythia-70m,1,wikitext,halfB,-,halfB,dim_n_for_90pct,944.0
EleutherAI/pythia-70m,1,wikitext,halfB,-,halfB,dim_participation_ratio_frac,0.009586955482840666
EleutherAI/pythia-70m,1,wikitext,halfB,-,halfB,n_live_units,12288.0
EleutherAI/pythia-70m,1,wikitext,halfB,-,halfB,coupling_mean_absr,0.07140085226871795
EleutherAI/pythia-70m,1,wikitext,halfB,-,halfB,coupling_median_absr,0.05857301317155361
EleutherAI/pythia-70m,1,wikitext,halfB,-,halfB,coupling_p90_absr,0.14813008308410644
EleutherAI/pythia-70m,1,wikitext,halfB,-,halfB,coupling_p99_absr,0.2557501327991485
EleutherAI/pythia-70m,1,wikitext,halfB,-,halfB,coupling_frac_absr_gt_0.1,0.25568104539395886
EleutherAI/pythia-70m,1,wikitext,halfB,-,halfB,coupling_frac_absr_gt_0.3,0.0043061376011879334
EleutherAI/pythia-70m,1,wikitext,halfB,-,halfB,coupling_concentration_top1pct,0.03622406821391247
EleutherAI/pythia-70m,1,wikitext,halfB,-,halfB,hub_strength_gini,0.11734626540647608
EleutherAI/pythia-70m,1,wikitext,halfB,-,halfB,hub_strength_cv,0.214294612457479
EleutherAI/pythia-70m,1,wikitext,halfA,real,halfA,segregation_within_mean,0.15585814413367663
EleutherAI/pythia-70m,1,wikitext,halfA,real,halfA,segregation_between_mean,0.06976084355086389
EleutherAI/pythia-70m,1,wikitext,halfA,real,halfA,segregation_ratio,2.2341780316924873
EleutherAI/pythia-70m,1,wikitext,halfA,real,halfA,segregation_modularity,0.014776345270214286
EleutherAI/pythia-70m,1,wikitext,halfA,real,halfB,segregation_within_mean,0.1575058515458899
EleutherAI/pythia-70m,1,wikitext,halfA,real,halfB,segregation_between_mean,0.07029009730589734
EleutherAI/pythia-70m,1,wikitext,halfA,real,halfB,segregation_ratio,2.240797176029448
EleutherAI/pythia-70m,1,wikitext,halfA,real,halfB,segregation_modularity,0.014835876562804926
EleutherAI/pythia-70m,1,wikitext,halfA,null,halfA,segregation_within_mean,0.07091729721503044
EleutherAI/pythia-70m,1,wikitext,halfA,null,halfA,segregation_between_mean,0.0708567350527683
EleutherAI/pythia-70m,1,wikitext,halfA,null,halfA,segregation_ratio,1.0008547128542833
EleutherAI/pythia-70m,1,wikitext,halfA,null,halfA,segregation_modularity,-7.939873000459734e-05
EleutherAI/pythia-70m,1,wikitext,halfA,null,halfB,segregation_within_mean,0.07146645575833542
EleutherAI/pythia-70m,1,wikitext,halfA,null,halfB,segregation_between_mean,0.07140017465161566
EleutherAI/pythia-70m,1,wikitext,halfA,null,halfB,segregation_ratio,1.0009283045460766
EleutherAI/pythia-70m,1,wikitext,halfA,null,halfB,segregation_modularity,-7.953091917689019e-05
EleutherAI/pythia-70m,1,wikitext,halfB,real,halfB,segregation_within_mean,0.1582649463136251
EleutherAI/pythia-70m,1,wikitext,halfB,real,halfB,segregation_between_mean,0.07031789111588257
EleutherAI/pythia-70m,1,wikitext,halfB,real,halfB,segregation_ratio,2.2507066665694992
EleutherAI/pythia-70m,1,wikitext,halfB,real,halfB,segregation_modularity,0.014455769497633676
EleutherAI/pythia-70m,1,wikitext,halfB,real,halfA,segregation_within_mean,0.15614324580765104
EleutherAI/pythia-70m,1,wikitext,halfB,real,halfA,segregation_between_mean,0.06979406897104516
EleutherAI/pythia-70m,1,wikitext,halfB,real,halfA,segregation_ratio,2.237199351028363
EleutherAI/pythia-70m,1,wikitext,halfB,real,halfA,segregation_modularity,0.01432272540858825
EleutherAI/pythia-70m,1,wikitext,halfB,null,halfB,segregation_within_mean,0.07145420944580076
EleutherAI/pythia-70m,1,wikitext,halfB,null,halfB,segregation_between_mean,0.07140030031024869
EleutherAI/pythia-70m,1,wikitext,halfB,null,halfB,segregation_ratio,1.0007550267340308
EleutherAI/pythia-70m,1,wikitext,halfB,null,halfB,segregation_modularity,-7.694206855293873e-05
EleutherAI/pythia-70m,1,wikitext,halfB,null,halfA,segregation_within_mean,0.07091969748579045
EleutherAI/pythia-70m,1,wikitext,halfB,null,halfA,segregation_between_mean,0.07085670927696269
EleutherAI/pythia-70m,1,wikitext,halfB,null,halfA,segregation_ratio,1.0008889519351167
EleutherAI/pythia-70m,1,wikitext,halfB,null,halfA,segregation_modularity,-7.520289276459934e-05
EleutherAI/pythia-70m,1,bookcorpus,halfA,-,halfA,act_firing_rate_median,0.4966913859049479
EleutherAI/pythia-70m,1,bookcorpus,halfA,-,halfA,act_frac_dead,0.0
EleutherAI/pythia-70m,1,bookcorpus,halfA,-,halfA,act_frac_dense,0.49072265625
EleutherAI/pythia-70m,1,bookcorpus,halfA,-,halfA,act_firing_rate_gini,0.21554857507115766
EleutherAI/pythia-70m,1,bookcorpus,halfB,-,halfB,act_firing_rate_median,0.49665323893229163
EleutherAI/pythia-70m,1,bookcorpus,halfB,-,halfB,act_frac_dead,0.0
EleutherAI/pythia-70m,1,bookcorpus,halfB,-,halfB,act_frac_dense,0.4908854166666667
EleutherAI/pythia-70m,1,bookcorpus,halfB,-,halfB,act_firing_rate_gini,0.21550963877186669
EleutherAI/pythia-70m,1,bookcorpus,-,-,-,lm_loss,10.99190833180434
EleutherAI/pythia-70m,1,bookcorpus,halfA,-,halfA,dim_participation_ratio,108.14708667763931
EleutherAI/pythia-70m,1,bookcorpus,halfA,-,halfA,dim_top1_share,0.04426614205579398
EleutherAI/pythia-70m,1,bookcorpus,halfA,-,halfA,dim_top10_share,0.2389164156744505
EleutherAI/pythia-70m,1,bookcorpus,halfA,-,halfA,dim_top100_share,0.6196162031292861
EleutherAI/pythia-70m,1,bookcorpus,halfA,-,halfA,dim_n_for_50pct,56.0
EleutherAI/pythia-70m,1,bookcorpus,halfA,-,halfA,dim_n_for_90pct,656.0
EleutherAI/pythia-70m,1,bookcorpus,halfA,-,halfA,dim_participation_ratio_frac,0.008801032444469345
EleutherAI/pythia-70m,1,bookcorpus,halfA,-,halfA,n_live_units,12288.0
EleutherAI/pythia-70m,1,bookcorpus,halfA,-,halfA,coupling_mean_absr,0.07452768131602554
EleutherAI/pythia-70m,1,bookcorpus,halfA,-,halfA,coupling_median_absr,0.06108693405985832
EleutherAI/pythia-70m,1,bookcorpus,halfA,-,halfA,coupling_p90_absr,0.15467155724763873
EleutherAI/pythia-70m,1,bookcorpus,halfA,-,halfA,coupling_p99_absr,0.2679954880475998
EleutherAI/pythia-70m,1,bookcorpus,halfA,-,halfA,coupling_frac_absr_gt_0.1,0.27511924877670996
EleutherAI/pythia-70m,1,bookcorpus,halfA,-,halfA,coupling_frac_absr_gt_0.3,0.005564409540542184
EleutherAI/pythia-70m,1,bookcorpus,halfA,-,halfA,coupling_concentration_top1pct,0.03602596852032703
EleutherAI/pythia-70m,1,bookcorpus,halfA,-,halfA,hub_strength_gini,0.12062161472015576
EleutherAI/pythia-70m,1,bookcorpus,halfA,-,halfA,hub_strength_cv,0.2192278439453018
EleutherAI/pythia-70m,1,bookcorpus,halfB,-,halfB,dim_participation_ratio,109.22455513103837
EleutherAI/pythia-70m,1,bookcorpus,halfB,-,halfB,dim_top1_share,0.04429644965656877
EleutherAI/pythia-70m,1,bookcorpus,halfB,-,halfB,dim_top10_share,0.23705064746363375
EleutherAI/pythia-70m,1,bookcorpus,halfB,-,halfB,dim_top100_share,0.6190711614478055
EleutherAI/pythia-70m,1,bookcorpus,halfB,-,halfB,dim_n_for_50pct,56.0
EleutherAI/pythia-70m,1,bookcorpus,halfB,-,halfB,dim_n_for_90pct,655.0
EleutherAI/pythia-70m,1,bookcorpus,halfB,-,halfB,dim_participation_ratio_frac,0.008888717051679556
EleutherAI/pythia-70m,1,bookcorpus,halfB,-,halfB,n_live_units,12288.0
EleutherAI/pythia-70m,1,bookcorpus,halfB,-,halfB,coupling_mean_absr,0.07416560522709215
EleutherAI/pythia-70m,1,bookcorpus,halfB,-,halfB,coupling_median_absr,0.060855913907289505
EleutherAI/pythia-70m,1,bookcorpus,halfB,-,halfB,coupling_p90_absr,0.15393344759941102
EleutherAI/pythia-70m,1,bookcorpus,halfB,-,halfB,coupling_p99_absr,0.2665562319755553
EleutherAI/pythia-70m,1,bookcorpus,halfB,-,halfB,coupling_frac_absr_gt_0.1,0.2732924112210248
EleutherAI/pythia-70m,1,bookcorpus,halfB,-,halfB,coupling_frac_absr_gt_0.3,0.005385253438339508
EleutherAI/pythia-70m,1,bookcorpus,halfB,-,halfB,coupling_concentration_top1pct,0.036042988531427095
EleutherAI/pythia-70m,1,bookcorpus,halfB,-,halfB,hub_strength_gini,0.1201061504850649
EleutherAI/pythia-70m,1,bookcorpus,halfB,-,halfB,hub_strength_cv,0.21846460910643575
EleutherAI/pythia-70m,1,bookcorpus,halfA,real,halfA,segregation_within_mean,0.16886480065620155
EleutherAI/pythia-70m,1,bookcorpus,halfA,real,halfA,segregation_between_mean,0.07334725630532135
EleutherAI/pythia-70m,1,bookcorpus,halfA,real,halfA,segregation_ratio,2.3022647221222696
EleutherAI/pythia-70m,1,bookcorpus,halfA,real,halfA,segregation_modularity,0.014794290683328203
EleutherAI/pythia-70m,1,bookcorpus,halfA,real,halfB,segregation_within_mean,0.16762711677487208
EleutherAI/pythia-70m,1,bookcorpus,halfA,real,halfB,segregation_between_mean,0.07299613655514953
EleutherAI/pythia-70m,1,bookcorpus,halfA,real,halfB,segregation_ratio,2.296383407198922
EleutherAI/pythia-70m,1,bookcorpus,halfA,real,halfB,segregation_modularity,0.014724732283496559
EleutherAI/pythia-70m,1,bookcorpus,halfA,null,halfA,segregation_within_mean,0.07448934453633661
EleutherAI/pythia-70m,1,bookcorpus,halfA,null,halfA,segregation_between_mean,0.07452807351225925
EleutherAI/pythia-70m,1,bookcorpus,halfA,null,halfA,segregation_ratio,0.9994803437939898
EleutherAI/pythia-70m,1,bookcorpus,halfA,null,halfA,segregation_modularity,-8.812588655104884e-05
EleutherAI/pythia-70m,1,bookcorpus,halfA,null,halfB,segregation_within_mean,0.07413255173261477
EleutherAI/pythia-70m,1,bookcorpus,halfA,null,halfB,segregation_between_mean,0.07416594336191058
EleutherAI/pythia-70m,1,bookcorpus,halfA,null,halfB,segregation_ratio,0.9995497713939554
EleutherAI/pythia-70m,1,bookcorpus,halfA,null,halfB,segregation_modularity,-8.748742287733593e-05
EleutherAI/pythia-70m,1,bookcorpus,halfB,real,halfB,segregation_within_mean,0.16609771423821956
EleutherAI/pythia-70m,1,bookcorpus,halfB,real,halfB,segregation_between_mean,0.07300704446376483
EleutherAI/pythia-70m,1,bookcorpus,halfB,real,halfB,segregation_ratio,2.2750916087372626
EleutherAI/pythia-70m,1,bookcorpus,halfB,real,halfB,segregation_modularity,0.014626589211865068
EleutherAI/pythia-70m,1,bookcorpus,halfB,real,halfA,segregation_within_mean,0.1672485450634965
EleutherAI/pythia-70m,1,bookcorpus,halfB,real,halfA,segregation_between_mean,0.07335918037867652
EleutherAI/pythia-70m,1,bookcorpus,halfB,real,halfA,segregation_ratio,2.279858419902835
EleutherAI/pythia-70m,1,bookcorpus,halfB,real,halfA,segregation_modularity,0.01468555165782826
EleutherAI/pythia-70m,1,bookcorpus,halfB,null,halfB,segregation_within_mean,0.0741378756360861
EleutherAI/pythia-70m,1,bookcorpus,halfB,null,halfB,segregation_between_mean,0.07416589167686431
EleutherAI/pythia-70m,1,bookcorpus,halfB,null,halfB,segregation_ratio,0.999622251682751
EleutherAI/pythia-70m,1,bookcorpus,halfB,null,halfB,segregation_modularity,-8.630685217593759e-05
EleutherAI/pythia-70m,1,bookcorpus,halfB,null,halfA,segregation_within_mean,0.07450189677426157
EleutherAI/pythia-70m,1,bookcorpus,halfB,null,halfA,segregation_between_mean,0.07452794769014842
EleutherAI/pythia-70m,1,bookcorpus,halfB,null,halfA,segregation_ratio,0.9996504544040961
EleutherAI/pythia-70m,1,bookcorpus,halfB,null,halfA,segregation_modularity,-8.626459573625327e-05
EleutherAI/pythia-70m,1,agnews,halfA,-,halfA,act_firing_rate_median,0.49720001220703125
EleutherAI/pythia-70m,1,agnews,halfA,-,halfA,act_frac_dead,0.0
EleutherAI/pythia-70m,1,agnews,halfA,-,halfA,act_frac_dense,0.4908040364583333
EleutherAI/pythia-70m,1,agnews,halfA,-,halfA,act_firing_rate_gini,0.2100120063934372
EleutherAI/pythia-70m,1,agnews,halfB,-,halfB,act_firing_rate_median,0.4976069132486979
EleutherAI/pythia-70m,1,agnews,halfB,-,halfB,act_frac_dead,0.0
EleutherAI/pythia-70m,1,agnews,halfB,-,halfB,act_frac_dense,0.4920247395833333
EleutherAI/pythia-70m,1,agnews,halfB,-,halfB,act_firing_rate_gini,0.20994246534480676
EleutherAI/pythia-70m,1,agnews,-,-,-,lm_loss,11.021176106035806
EleutherAI/pythia-70m,1,agnews,halfA,-,halfA,dim_participation_ratio,171.07890157847356
EleutherAI/pythia-70m,1,agnews,halfA,-,halfA,dim_top1_share,0.02864189089452264
EleutherAI/pythia-70m,1,agnews,halfA,-,halfA,dim_top10_share,0.18412055710187156
EleutherAI/pythia-70m,1,agnews,halfA,-,halfA,dim_top100_share,0.5521752838308276
EleutherAI/pythia-70m,1,agnews,halfA,-,halfA,dim_n_for_50pct,79.0
EleutherAI/pythia-70m,1,agnews,halfA,-,halfA,dim_n_for_90pct,1038.0
EleutherAI/pythia-70m,1,agnews,halfA,-,halfA,dim_participation_ratio_frac,0.013922436651894007
EleutherAI/pythia-70m,1,agnews,halfA,-,halfA,n_live_units,12288.0
EleutherAI/pythia-70m,1,agnews,halfA,-,halfA,coupling_mean_absr,0.05938617562320763
EleutherAI/pythia-70m,1,agnews,halfA,-,halfA,coupling_median_absr,0.04892570525407791
EleutherAI/pythia-70m,1,agnews,halfA,-,halfA,coupling_p90_absr,0.12321156710386283
EleutherAI/pythia-70m,1,agnews,halfA,-,halfA,coupling_p99_absr,0.20885827004909518
EleutherAI/pythia-70m,1,agnews,halfA,-,halfA,coupling_frac_absr_gt_0.1,0.1761048166997861
EleutherAI/pythia-70m,1,agnews,halfA,-,halfA,coupling_frac_absr_gt_0.3,0.0010028832393088626
EleutherAI/pythia-70m,1,agnews,halfA,-,halfA,coupling_concentration_top1pct,0.03690894511957908
EleutherAI/pythia-70m,1,agnews,halfA,-,halfA,hub_strength_gini,0.09812784202114733
EleutherAI/pythia-70m,1,agnews,halfA,-,halfA,hub_strength_cv,0.17737744098977826
EleutherAI/pythia-70m,1,agnews,halfB,-,halfB,dim_participation_ratio,171.02775508532974
EleutherAI/pythia-70m,1,agnews,halfB,-,halfB,dim_top1_share,0.028350806886235532
EleutherAI/pythia-70m,1,agnews,halfB,-,halfB,dim_top10_share,0.18447188489725097
EleutherAI/pythia-70m,1,agnews,halfB,-,halfB,dim_top100_share,0.552034166749831
EleutherAI/pythia-70m,1,agnews,halfB,-,halfB,dim_n_for_50pct,79.0
EleutherAI/pythia-70m,1,agnews,halfB,-,halfB,dim_n_for_90pct,1045.0
EleutherAI/pythia-70m,1,agnews,halfB,-,halfB,dim_participation_ratio_frac,0.013918274339626445
EleutherAI/pythia-70m,1,agnews,halfB,-,halfB,n_live_units,12288.0
EleutherAI/pythia-70m,1,agnews,halfB,-,halfB,coupling_mean_absr,0.059396539548710985
EleutherAI/pythia-70m,1,agnews,halfB,-,halfB,coupling_median_absr,0.048933278769254684
EleutherAI/pythia-70m,1,agnews,halfB,-,halfB,coupling_p90_absr,0.12334542870521545
EleutherAI/pythia-70m,1,agnews,halfB,-,halfB,coupling_p99_absr,0.20918504595756526
EleutherAI/pythia-70m,1,agnews,halfB,-,halfB,coupling_frac_absr_gt_0.1,0.17646631729086207
EleutherAI/pythia-70m,1,agnews,halfB,-,halfB,coupling_frac_absr_gt_0.3,0.0010108843077512664
EleutherAI/pythia-70m,1,agnews,halfB,-,halfB,coupling_concentration_top1pct,0.03691376807308357
EleutherAI/pythia-70m,1,agnews,halfB,-,halfB,hub_strength_gini,0.09814515334180962
EleutherAI/pythia-70m,1,agnews,halfB,-,halfB,hub_strength_cv,0.17711958360805669
EleutherAI/pythia-70m,1,agnews,halfA,real,halfA,segregation_within_mean,0.11062464635249016
EleutherAI/pythia-70m,1,agnews,halfA,real,halfA,segregation_between_mean,0.05867988377941054
EleutherAI/pythia-70m,1,agnews,halfA,real,halfA,segregation_ratio,1.8852226560016787
EleutherAI/pythia-70m,1,agnews,halfA,real,halfA,segregation_modularity,0.012403631110509034
EleutherAI/pythia-70m,1,agnews,halfA,real,halfB,segregation_within_mean,0.11068739578402148
EleutherAI/pythia-70m,1,agnews,halfA,real,halfB,segregation_between_mean,0.058689525593395166
EleutherAI/pythia-70m,1,agnews,halfA,real,halfB,segregation_ratio,1.8859821180166105
EleutherAI/pythia-70m,1,agnews,halfA,real,halfB,segregation_modularity,0.012416281135782262
EleutherAI/pythia-70m,1,agnews,halfA,null,halfA,segregation_within_mean,0.059432634299875456
EleutherAI/pythia-70m,1,agnews,halfA,null,halfA,segregation_between_mean,0.05938569698972554
EleutherAI/pythia-70m,1,agnews,halfA,null,halfA,segregation_ratio,1.00079038072346
EleutherAI/pythia-70m,1,agnews,halfA,null,halfA,segregation_modularity,-8.128502701327949e-05
EleutherAI/pythia-70m,1,agnews,halfA,null,halfB,segregation_within_mean,0.059446525054065134
EleutherAI/pythia-70m,1,agnews,halfA,null,halfB,segregation_between_mean,0.05939602458765969
EleutherAI/pythia-70m,1,agnews,halfA,null,halfB,segregation_ratio,1.0008502331049263
EleutherAI/pythia-70m,1,agnews,halfA,null,halfB,segregation_modularity,-8.092672001883847e-05
EleutherAI/pythia-70m,1,agnews,halfB,real,halfB,segregation_within_mean,0.11092055478885725
EleutherAI/pythia-70m,1,agnews,halfB,real,halfB,segregation_between_mean,0.05867827867504404
EleutherAI/pythia-70m,1,agnews,halfB,real,halfB,segregation_ratio,1.8903171206355092
EleutherAI/pythia-70m,1,agnews,halfB,real,halfB,segregation_modularity,0.012562089653566148
EleutherAI/pythia-70m,1,agnews,halfB,real,halfA,segregation_within_mean,0.11074629993074278
EleutherAI/pythia-70m,1,agnews,halfB,real,halfA,segregation_between_mean,0.058670199443460656
EleutherAI/pythia-70m,1,agnews,halfB,real,halfA,segregation_ratio,1.8876073540105631
EleutherAI/pythia-70m,1,agnews,halfB,real,halfA,segregation_modularity,0.012526408767351005
EleutherAI/pythia-70m,1,agnews,halfB,null,halfB,segregation_within_mean,0.05939788985909161
EleutherAI/pythia-70m,1,agnews,halfB,null,halfB,segregation_between_mean,0.05939652561412162
EleutherAI/pythia-70m,1,agnews,halfB,null,halfB,segregation_ratio,1.0000229684304913
EleutherAI/pythia-70m,1,agnews,halfB,null,halfB,segregation_modularity,-7.697953732668444e-05
EleutherAI/pythia-70m,1,agnews,halfB,null,halfA,segregation_within_mean,0.05938380847096093
EleutherAI/pythia-70m,1,agnews,halfB,null,halfA,segregation_between_mean,0.05938620003661849
EleutherAI/pythia-70m,1,agnews,halfB,null,halfA,segregation_ratio,0.999959728595935
EleutherAI/pythia-70m,1,agnews,halfB,null,halfA,segregation_modularity,-7.754210992209139e-05
EleutherAI/pythia-70m,1,tldr17,halfA,-,halfA,act_firing_rate_median,0.49645487467447913
EleutherAI/pythia-70m,1,tldr17,halfA,-,halfA,act_frac_dead,0.0
EleutherAI/pythia-70m,1,tldr17,halfA,-,halfA,act_frac_dense,0.48876953125
EleutherAI/pythia-70m,1,tldr17,halfA,-,halfA,act_firing_rate_gini,0.21393726491643528
EleutherAI/pythia-70m,1,tldr17,halfB,-,halfB,act_firing_rate_median,0.49689483642578125
EleutherAI/pythia-70m,1,tldr17,halfB,-,halfB,act_frac_dead,0.0
EleutherAI/pythia-70m,1,tldr17,halfB,-,halfB,act_frac_dense,0.4896647135416667
EleutherAI/pythia-70m,1,tldr17,halfB,-,halfB,act_firing_rate_gini,0.21411377477478344
EleutherAI/pythia-70m,1,tldr17,-,-,-,lm_loss,11.009029560570376
EleutherAI/pythia-70m,1,tldr17,halfA,-,halfA,dim_participation_ratio,126.13582448153232
EleutherAI/pythia-70m,1,tldr17,halfA,-,halfA,dim_top1_share,0.03390941608855755
EleutherAI/pythia-70m,1,tldr17,halfA,-,halfA,dim_top10_share,0.22279634976888812
EleutherAI/pythia-70m,1,tldr17,halfA,-,halfA,dim_top100_share,0.6195994571151229
EleutherAI/pythia-70m,1,tldr17,halfA,-,halfA,dim_n_for_50pct,57.0
EleutherAI/pythia-70m,1,tldr17,halfA,-,halfA,dim_n_for_90pct,650.0
EleutherAI/pythia-70m,1,tldr17,halfA,-,halfA,dim_participation_ratio_frac,0.010264959674603868
EleutherAI/pythia-70m,1,tldr17,halfA,-,halfA,n_live_units,12288.0
EleutherAI/pythia-70m,1,tldr17,halfA,-,halfA,coupling_mean_absr,0.06946365091063772
EleutherAI/pythia-70m,1,tldr17,halfA,-,halfA,coupling_median_absr,0.05750776641070843
EleutherAI/pythia-70m,1,tldr17,halfA,-,halfA,coupling_p90_absr,0.1437858819961548
EleutherAI/pythia-70m,1,tldr17,halfA,-,halfA,coupling_p99_absr,0.242994364947081
EleutherAI/pythia-70m,1,tldr17,halfA,-,halfA,coupling_frac_absr_gt_0.1,0.244954306435902
EleutherAI/pythia-70m,1,tldr17,halfA,-,halfA,coupling_frac_absr_gt_0.3,0.002802018557447481
EleutherAI/pythia-70m,1,tldr17,halfA,-,halfA,coupling_concentration_top1pct,0.03650033626771244
EleutherAI/pythia-70m,1,tldr17,halfA,-,halfA,hub_strength_gini,0.09813563506758771
EleutherAI/pythia-70m,1,tldr17,halfA,-,halfA,hub_strength_cv,0.17575170981766303
EleutherAI/pythia-70m,1,tldr17,halfB,-,halfB,dim_participation_ratio,123.46056508281656
EleutherAI/pythia-70m,1,tldr17,halfB,-,halfB,dim_top1_share,0.034929775378075886
EleutherAI/pythia-70m,1,tldr17,halfB,-,halfB,dim_top10_share,0.22581991831672762
EleutherAI/pythia-70m,1,tldr17,halfB,-,halfB,dim_top100_share,0.6203047584971207
EleutherAI/pythia-70m,1,tldr17,halfB,-,halfB,dim_n_for_50pct,56.0
EleutherAI/pythia-70m,1,tldr17,halfB,-,halfB,dim_n_for_90pct,646.0
EleutherAI/pythia-70m,1,tldr17,halfB,-,halfB,dim_participation_ratio_frac,0.01004724650739067
EleutherAI/pythia-70m,1,tldr17,halfB,-,halfB,n_live_units,12288.0
EleutherAI/pythia-70m,1,tldr17,halfB,-,halfB,coupling_mean_absr,0.0701810882233302
EleutherAI/pythia-70m,1,tldr17,halfB,-,halfB,coupling_median_absr,0.05801398493349552
EleutherAI/pythia-70m,1,tldr17,halfB,-,halfB,coupling_p90_absr,0.14522245526313782
EleutherAI/pythia-70m,1,tldr17,halfB,-,halfB,coupling_p99_absr,0.24587364792823807
EleutherAI/pythia-70m,1,tldr17,halfB,-,halfB,coupling_frac_absr_gt_0.1,0.24941825183125163
EleutherAI/pythia-70m,1,tldr17,halfB,-,halfB,coupling_frac_absr_gt_0.3,0.0030568531074372956
EleutherAI/pythia-70m,1,tldr17,halfB,-,halfB,coupling_concentration_top1pct,0.036458014782948564
EleutherAI/pythia-70m,1,tldr17,halfB,-,halfB,hub_strength_gini,0.10014830686435405
EleutherAI/pythia-70m,1,tldr17,halfB,-,halfB,hub_strength_cv,0.17960249058758193
EleutherAI/pythia-70m,1,tldr17,halfA,real,halfA,segregation_within_mean,0.14791173708283137
EleutherAI/pythia-70m,1,tldr17,halfA,real,halfA,segregation_between_mean,0.06849810054537056
EleutherAI/pythia-70m,1,tldr17,halfA,real,halfA,segregation_ratio,2.1593553092010223
EleutherAI/pythia-70m,1,tldr17,halfA,real,halfA,segregation_modularity,0.013791069981084644
EleutherAI/pythia-70m,1,tldr17,halfA,real,halfB,segregation_within_mean,0.1502505205587115
EleutherAI/pythia-70m,1,tldr17,halfA,real,halfB,segregation_between_mean,0.06919558208893697
EleutherAI/pythia-70m,1,tldr17,halfA,real,halfB,segregation_ratio,2.1713889243043685
EleutherAI/pythia-70m,1,tldr17,halfA,real,halfB,segregation_modularity,0.013916514234949386
EleutherAI/pythia-70m,1,tldr17,halfA,null,halfA,segregation_within_mean,0.06951739429887878
EleutherAI/pythia-70m,1,tldr17,halfA,null,halfA,segregation_between_mean,0.06946309321421178
EleutherAI/pythia-70m,1,tldr17,halfA,null,halfA,segregation_ratio,1.0007817256928013
EleutherAI/pythia-70m,1,tldr17,halfA,null,halfA,segregation_modularity,-6.899115742693327e-05
EleutherAI/pythia-70m,1,tldr17,halfA,null,halfB,segregation_within_mean,0.07023639921977021
EleutherAI/pythia-70m,1,tldr17,halfA,null,halfB,segregation_between_mean,0.07018051425686118
EleutherAI/pythia-70m,1,tldr17,halfA,null,halfB,segregation_ratio,1.0007963031263134
EleutherAI/pythia-70m,1,tldr17,halfA,null,halfB,segregation_modularity,-6.878272591117962e-05
EleutherAI/pythia-70m,1,tldr17,halfB,real,halfB,segregation_within_mean,0.14792592366210658
EleutherAI/pythia-70m,1,tldr17,halfB,real,halfB,segregation_between_mean,0.06918305637018206
EleutherAI/pythia-70m,1,tldr17,halfB,real,halfB,segregation_ratio,2.1381813904056246
EleutherAI/pythia-70m,1,tldr17,halfB,real,halfB,segregation_modularity,0.014166057185004945
EleutherAI/pythia-70m,1,tldr17,halfB,real,halfA,segregation_within_mean,0.1454215015119111
EleutherAI/pythia-70m,1,tldr17,halfB,real,halfA,segregation_between_mean,0.06848855905977319
EleutherAI/pythia-70m,1,tldr17,halfB,real,halfA,segregation_ratio,2.1232962630297845
EleutherAI/pythia-70m,1,tldr17,halfB,real,halfA,segregation_modularity,0.013994958966183598
EleutherAI/pythia-70m,1,tldr17,halfB,null,halfB,segregation_within_mean,0.07024182035090504
EleutherAI/pythia-70m,1,tldr17,halfB,null,halfB,segregation_between_mean,0.07018045851226735
EleutherAI/pythia-70m,1,tldr17,halfB,null,halfB,segregation_ratio,1.000874343655463
EleutherAI/pythia-70m,1,tldr17,halfB,null,halfB,segregation_modularity,-8.092467284955641e-05
EleutherAI/pythia-70m,1,tldr17,halfB,null,halfA,segregation_within_mean,0.06953004607973215
EleutherAI/pythia-70m,1,tldr17,halfB,null,halfA,segregation_between_mean,0.06946296248599095
EleutherAI/pythia-70m,1,tldr17,halfB,null,halfA,segregation_ratio,1.00096574622418
EleutherAI/pythia-70m,1,tldr17,halfB,null,halfA,segregation_modularity,-8.024167747793495e-05
EleutherAI/pythia-70m,1000,wikitext,halfA,-,halfA,act_firing_rate_median,0.3052164713541667
EleutherAI/pythia-70m,1000,wikitext,halfA,-,halfA,act_frac_dead,0.0
EleutherAI/pythia-70m,1000,wikitext,halfA,-,halfA,act_frac_dense,0.035970052083333336
EleutherAI/pythia-70m,1000,wikitext,halfA,-,halfA,act_firing_rate_gini,0.18308144921310543
EleutherAI/pythia-70m,1000,wikitext,halfB,-,halfB,act_firing_rate_median,0.30472819010416663
EleutherAI/pythia-70m,1000,wikitext,halfB,-,halfB,act_frac_dead,0.0
EleutherAI/pythia-70m,1000,wikitext,halfB,-,halfB,act_frac_dense,0.036051432291666664
EleutherAI/pythia-70m,1000,wikitext,halfB,-,halfB,act_firing_rate_gini,0.1830977837606773
EleutherAI/pythia-70m,1000,wikitext,-,-,-,lm_loss,5.457269868698524
EleutherAI/pythia-70m,1000,wikitext,halfA,-,halfA,dim_participation_ratio,198.7296791615291
EleutherAI/pythia-70m,1000,wikitext,halfA,-,halfA,dim_top1_share,0.031057954128138183
EleutherAI/pythia-70m,1000,wikitext,halfA,-,halfA,dim_top10_share,0.17084825821301997
EleutherAI/pythia-70m,1000,wikitext,halfA,-,halfA,dim_top100_share,0.4818761659705171
EleutherAI/pythia-70m,1000,wikitext,halfA,-,halfA,dim_n_for_50pct,114.0
EleutherAI/pythia-70m,1000,wikitext,halfA,-,halfA,dim_n_for_90pct,2691.0
EleutherAI/pythia-70m,1000,wikitext,halfA,-,halfA,dim_participation_ratio_frac,0.01617266269218173
EleutherAI/pythia-70m,1000,wikitext,halfA,-,halfA,n_live_units,12288.0
EleutherAI/pythia-70m,1000,wikitext,halfA,-,halfA,coupling_mean_absr,0.054248201161230435
EleutherAI/pythia-70m,1000,wikitext,halfA,-,halfA,coupling_median_absr,0.04391748271882534
EleutherAI/pythia-70m,1000,wikitext,halfA,-,halfA,coupling_p90_absr,0.113108791410923
EleutherAI/pythia-70m,1000,wikitext,halfA,-,halfA,coupling_p99_absr,0.20094344452023483
EleutherAI/pythia-70m,1000,wikitext,halfA,-,halfA,coupling_frac_absr_gt_0.1,0.14073719674501178
EleutherAI/pythia-70m,1000,wikitext,halfA,-,halfA,coupling_frac_absr_gt_0.3,0.0012134999923993737
EleutherAI/pythia-70m,1000,wikitext,halfA,-,halfA,coupling_concentration_top1pct,0.040002517423675645
EleutherAI/pythia-70m,1000,wikitext,halfA,-,halfA,hub_strength_gini,0.10255038431841146
EleutherAI/pythia-70m,1000,wikitext,halfA,-,halfA,hub_strength_cv,0.191303775462527
EleutherAI/pythia-70m,1000,wikitext,halfB,-,halfB,dim_participation_ratio,196.80262879726507
EleutherAI/pythia-70m,1000,wikitext,halfB,-,halfB,dim_top1_share,0.031172948684700174
EleutherAI/pythia-70m,1000,wikitext,halfB,-,halfB,dim_top10_share,0.17201502555327383
EleutherAI/pythia-70m,1000,wikitext,halfB,-,halfB,dim_top100_share,0.4827334220437157
EleutherAI/pythia-70m,1000,wikitext,halfB,-,halfB,dim_n_for_50pct,113.0
EleutherAI/pythia-70m,1000,wikitext,halfB,-,halfB,dim_n_for_90pct,2687.0
EleutherAI/pythia-70m,1000,wikitext,halfB,-,halfB,dim_participation_ratio_frac,0.016015838932069097
EleutherAI/pythia-70m,1000,wikitext,halfB,-,halfB,n_live_units,12288.0
EleutherAI/pythia-70m,1000,wikitext,halfB,-,halfB,coupling_mean_absr,0.05449695677452871
EleutherAI/pythia-70m,1000,wikitext,halfB,-,halfB,coupling_median_absr,0.04413649998605251
EleutherAI/pythia-70m,1000,wikitext,halfB,-,halfB,coupling_p90_absr,0.1136072814464569
EleutherAI/pythia-70m,1000,wikitext,halfB,-,halfB,coupling_p99_absr,0.20164932474493924
EleutherAI/pythia-70m,1000,wikitext,halfB,-,halfB,coupling_frac_absr_gt_0.1,0.1423195578533357
EleutherAI/pythia-70m,1000,wikitext,halfB,-,halfB,coupling_frac_absr_gt_0.3,0.0012712996698941196
EleutherAI/pythia-70m,1000,wikitext,halfB,-,halfB,coupling_concentration_top1pct,0.039970130190679284
EleutherAI/pythia-70m,1000,wikitext,halfB,-,halfB,hub_strength_gini,0.10340317000919774
EleutherAI/pythia-70m,1000,wikitext,halfB,-,halfB,hub_strength_cv,0.19325297335018826
EleutherAI/pythia-70m,1000,wikitext,halfA,real,halfA,segregation_within_mean,0.12776132577960325
EleutherAI/pythia-70m,1000,wikitext,halfA,real,halfA,segregation_between_mean,0.053350033530558165
EleutherAI/pythia-70m,1000,wikitext,halfA,real,halfA,segregation_ratio,2.394774985594401
EleutherAI/pythia-70m,1000,wikitext,halfA,real,halfA,segregation_modularity,0.016416231918673325
EleutherAI/pythia-70m,1000,wikitext,halfA,real,halfB,segregation_within_mean,0.1283131444872601
EleutherAI/pythia-70m,1000,wikitext,halfA,real,halfB,segregation_between_mean,0.05359508638141764
EleutherAI/pythia-70m,1000,wikitext,halfA,real,halfB,segregation_ratio,2.3941214232607066
EleutherAI/pythia-70m,1000,wikitext,halfA,real,halfB,segregation_modularity,0.016393765858738994
EleutherAI/pythia-70m,1000,wikitext,halfA,null,halfA,segregation_within_mean,0.05816223017302242
EleutherAI/pythia-70m,1000,wikitext,halfA,null,halfA,segregation_between_mean,0.05419759148653809
EleutherAI/pythia-70m,1000,wikitext,halfA,null,halfA,segregation_ratio,1.0731515659227973
EleutherAI/pythia-70m,1000,wikitext,halfA,null,halfA,segregation_modularity,0.0009111224559776164
EleutherAI/pythia-70m,1000,wikitext,halfA,null,halfB,segregation_within_mean,0.058404212805687666
EleutherAI/pythia-70m,1000,wikitext,halfA,null,halfB,segregation_between_mean,0.05444643467489327
EleutherAI/pythia-70m,1000,wikitext,halfA,null,halfB,segregation_ratio,1.0726912267888027
EleutherAI/pythia-70m,1000,wikitext,halfA,null,halfB,segregation_modularity,0.0009004595630804296
EleutherAI/pythia-70m,1000,wikitext,halfB,real,halfB,segregation_within_mean,0.1284148452957267
EleutherAI/pythia-70m,1000,wikitext,halfB,real,halfB,segregation_between_mean,0.053594344430886086
EleutherAI/pythia-70m,1000,wikitext,halfB,real,halfB,segregation_ratio,2.396052170417482
EleutherAI/pythia-70m,1000,wikitext,halfB,real,halfB,segregation_modularity,0.01636664460338694
EleutherAI/pythia-70m,1000,wikitext,halfB,real,halfA,segregation_within_mean,0.1272494370059115
EleutherAI/pythia-70m,1000,wikitext,halfB,real,halfA,segregation_between_mean,0.053356782073093016
EleutherAI/pythia-70m,1000,wikitext,halfB,real,halfA,segregation_ratio,2.384878398993281
EleutherAI/pythia-70m,1000,wikitext,halfB,real,halfA,segregation_modularity,0.01625565761573346
EleutherAI/pythia-70m,1000,wikitext,halfB,null,halfB,segregation_within_mean,0.058569528584520594
EleutherAI/pythia-70m,1000,wikitext,halfB,null,halfB,segregation_between_mean,0.05444506333664558
EleutherAI/pythia-70m,1000,wikitext,halfB,null,halfB,segregation_ratio,1.0757546230109525
EleutherAI/pythia-70m,1000,wikitext,halfB,null,halfB,segregation_modularity,0.0008804126611481489
EleutherAI/pythia-70m,1000,wikitext,halfB,null,halfA,segregation_within_mean,0.058305750562934584
EleutherAI/pythia-70m,1000,wikitext,halfB,null,halfA,segregation_between_mean,0.05419649915265052
EleutherAI/pythia-70m,1000,wikitext,halfB,null,halfA,segregation_ratio,1.0758213440818363
EleutherAI/pythia-70m,1000,wikitext,halfB,null,halfA,segregation_modularity,0.000885502909379302
EleutherAI/pythia-70m,1000,bookcorpus,halfA,-,halfA,act_firing_rate_median,0.30106099446614587
EleutherAI/pythia-70m,1000,bookcorpus,halfA,-,halfA,act_frac_dead,0.00016276041666666666
EleutherAI/pythia-70m,1000,bookcorpus,halfA,-,halfA,act_frac_dense,0.07088216145833333
EleutherAI/pythia-70m,1000,bookcorpus,halfA,-,halfA,act_firing_rate_gini,0.24438238335524987
EleutherAI/pythia-70m,1000,bookcorpus,halfB,-,halfB,act_firing_rate_median,0.3013559977213542
EleutherAI/pythia-70m,1000,bookcorpus,halfB,-,halfB,act_frac_dead,0.00016276041666666666
EleutherAI/pythia-70m,1000,bookcorpus,halfB,-,halfB,act_frac_dense,0.07210286458333333
EleutherAI/pythia-70m,1000,bookcorpus,halfB,-,halfB,act_firing_rate_gini,0.24541708193579614
EleutherAI/pythia-70m,1000,bookcorpus,-,-,-,lm_loss,5.518507666026936
EleutherAI/pythia-70m,1000,bookcorpus,halfA,-,halfA,dim_participation_ratio,158.1231879712954
EleutherAI/pythia-70m,1000,bookcorpus,halfA,-,halfA,dim_top1_share,0.04105310171297991
EleutherAI/pythia-70m,1000,bookcorpus,halfA,-,halfA,dim_top10_share,0.19739040405249322
EleutherAI/pythia-70m,1000,bookcorpus,halfA,-,halfA,dim_top100_share,0.5056064559338759
EleutherAI/pythia-70m,1000,bookcorpus,halfA,-,halfA,dim_n_for_50pct,97.0
EleutherAI/pythia-70m,1000,bookcorpus,halfA,-,halfA,dim_n_for_90pct,2119.0
EleutherAI/pythia-70m,1000,bookcorpus,halfA,-,halfA,dim_participation_ratio_frac,0.012868097979434848
EleutherAI/pythia-70m,1000,bookcorpus,halfA,-,halfA,n_live_units,12288.0
EleutherAI/pythia-70m,1000,bookcorpus,halfA,-,halfA,coupling_mean_absr,0.05979233303803108
EleutherAI/pythia-70m,1000,bookcorpus,halfA,-,halfA,coupling_median_absr,0.04753010906279087
EleutherAI/pythia-70m,1000,bookcorpus,halfA,-,halfA,coupling_p90_absr,0.12483198493719105
EleutherAI/pythia-70m,1000,bookcorpus,halfA,-,halfA,coupling_p99_absr,0.23503338277339952
EleutherAI/pythia-70m,1000,bookcorpus,halfA,-,halfA,coupling_frac_absr_gt_0.1,0.1754641141588021
EleutherAI/pythia-70m,1000,bookcorpus,halfA,-,halfA,coupling_frac_absr_gt_0.3,0.003799479641701629
EleutherAI/pythia-70m,1000,bookcorpus,halfA,-,halfA,coupling_concentration_top1pct,0.03981907988699286
EleutherAI/pythia-70m,1000,bookcorpus,halfA,-,halfA,hub_strength_gini,0.12992372174750155
EleutherAI/pythia-70m,1000,bookcorpus,halfA,-,halfA,hub_strength_cv,0.2478091167654862
EleutherAI/pythia-70m,1000,bookcorpus,halfB,-,halfB,dim_participation_ratio,158.1030715482802
EleutherAI/pythia-70m,1000,bookcorpus,halfB,-,halfB,dim_top1_share,0.04132314032810345
EleutherAI/pythia-70m,1000,bookcorpus,halfB,-,halfB,dim_top10_share,0.19718861994087103
EleutherAI/pythia-70m,1000,bookcorpus,halfB,-,halfB,dim_top100_share,0.5057614951306559
EleutherAI/pythia-70m,1000,bookcorpus,halfB,-,halfB,dim_n_for_50pct,97.0
EleutherAI/pythia-70m,1000,bookcorpus,halfB,-,halfB,dim_n_for_90pct,2113.0
EleutherAI/pythia-70m,1000,bookcorpus,halfB,-,halfB,dim_participation_ratio_frac,0.01286646090073895
EleutherAI/pythia-70m,1000,bookcorpus,halfB,-,halfB,n_live_units,12288.0
EleutherAI/pythia-70m,1000,bookcorpus,halfB,-,halfB,coupling_mean_absr,0.05976931417910119
EleutherAI/pythia-70m,1000,bookcorpus,halfB,-,halfB,coupling_median_absr,0.04752255976200104
EleutherAI/pythia-70m,1000,bookcorpus,halfB,-,halfB,coupling_p90_absr,0.12484449744224554
EleutherAI/pythia-70m,1000,bookcorpus,halfB,-,halfB,coupling_p99_absr,0.23516569495201048
EleutherAI/pythia-70m,1000,bookcorpus,halfB,-,halfB,coupling_frac_absr_gt_0.1,0.17555118140947468
EleutherAI/pythia-70m,1000,bookcorpus,halfB,-,halfB,coupling_frac_absr_gt_0.3,0.0037483156081742084
EleutherAI/pythia-70m,1000,bookcorpus,halfB,-,halfB,coupling_concentration_top1pct,0.03983518452886663
EleutherAI/pythia-70m,1000,bookcorpus,halfB,-,halfB,hub_strength_gini,0.13040365296541023
EleutherAI/pythia-70m,1000,bookcorpus,halfB,-,halfB,hub_strength_cv,0.24901743279196992
EleutherAI/pythia-70m,1000,bookcorpus,halfA,real,halfA,segregation_within_mean,0.1586197530326889
EleutherAI/pythia-70m,1000,bookcorpus,halfA,real,halfA,segregation_between_mean,0.05860164563139447
EleutherAI/pythia-70m,1000,bookcorpus,halfA,real,halfA,segregation_ratio,2.706745712064305
EleutherAI/pythia-70m,1000,bookcorpus,halfA,real,halfA,segregation_modularity,0.018181432051369253
EleutherAI/pythia-70m,1000,bookcorpus,halfA,real,halfB,segregation_within_mean,0.15849720398267889
EleutherAI/pythia-70m,1000,bookcorpus,halfA,real,halfB,segregation_between_mean,0.05857982593515568
EleutherAI/pythia-70m,1000,bookcorpus,halfA,real,halfB,segregation_ratio,2.7056619143615364
EleutherAI/pythia-70m,1000,bookcorpus,halfA,real,halfB,segregation_modularity,0.018139475705777498
EleutherAI/pythia-70m,1000,bookcorpus,halfA,null,halfA,segregation_within_mean,0.06169264874719807
EleutherAI/pythia-70m,1000,bookcorpus,halfA,null,halfA,segregation_between_mean,0.05977229636406428
EleutherAI/pythia-70m,1000,bookcorpus,halfA,null,halfA,segregation_ratio,1.0321278000001406
EleutherAI/pythia-70m,1000,bookcorpus,halfA,null,halfA,segregation_modularity,0.00026043584502970246
EleutherAI/pythia-70m,1000,bookcorpus,halfA,null,halfB,segregation_within_mean,0.061647133315874694
EleutherAI/pythia-70m,1000,bookcorpus,halfA,null,halfB,segregation_between_mean,0.05974951472047015
EleutherAI/pythia-70m,1000,bookcorpus,halfA,null,halfB,segregation_ratio,1.0317595649819464
EleutherAI/pythia-70m,1000,bookcorpus,halfA,null,halfB,segregation_modularity,0.0002572092705932067
EleutherAI/pythia-70m,1000,bookcorpus,halfB,real,halfB,segregation_within_mean,0.16179346779111195
EleutherAI/pythia-70m,1000,bookcorpus,halfB,real,halfB,segregation_between_mean,0.05849227582147741
EleutherAI/pythia-70m,1000,bookcorpus,halfB,real,halfB,segregation_ratio,2.7660655277786956
EleutherAI/pythia-70m,1000,bookcorpus,halfB,real,halfB,segregation_modularity,0.019209408528994016
EleutherAI/pythia-70m,1000,bookcorpus,halfB,real,halfA,segregation_within_mean,0.16171074818265166
EleutherAI/pythia-70m,1000,bookcorpus,halfB,real,halfA,segregation_between_mean,0.05851661822051998
EleutherAI/pythia-70m,1000,bookcorpus,halfB,real,halfA,segregation_ratio,2.7635012599881357
EleutherAI/pythia-70m,1000,bookcorpus,halfB,real,halfA,segregation_modularity,0.019219147818772406
EleutherAI/pythia-70m,1000,bookcorpus,halfB,null,halfB,segregation_within_mean,0.06178529228773618
EleutherAI/pythia-70m,1000,bookcorpus,halfB,null,halfB,segregation_between_mean,0.05974820973957943
EleutherAI/pythia-70m,1000,bookcorpus,halfB,null,halfB,segregation_ratio,1.0340944533239682
EleutherAI/pythia-70m,1000,bookcorpus,halfB,null,halfB,segregation_modularity,0.0002686468054741393
EleutherAI/pythia-70m,1000,bookcorpus,halfB,null,halfA,segregation_within_mean,0.061807504744957116
EleutherAI/pythia-70m,1000,bookcorpus,halfB,null,halfA,segregation_between_mean,0.05977123704090383
EleutherAI/pythia-70m,1000,bookcorpus,halfB,null,halfA,segregation_ratio,1.034067685476541
EleutherAI/pythia-70m,1000,bookcorpus,halfB,null,halfA,segregation_modularity,0.0002677400746227305
EleutherAI/pythia-70m,1000,agnews,halfA,-,halfA,act_firing_rate_median,0.30919138590494794
EleutherAI/pythia-70m,1000,agnews,halfA,-,halfA,act_frac_dead,0.0
EleutherAI/pythia-70m,1000,agnews,halfA,-,halfA,act_frac_dense,0.039713541666666664
EleutherAI/pythia-70m,1000,agnews,halfA,-,halfA,act_firing_rate_gini,0.189033971863378
EleutherAI/pythia-70m,1000,agnews,halfB,-,halfB,act_firing_rate_median,0.3087895711263021
EleutherAI/pythia-70m,1000,agnews,halfB,-,halfB,act_frac_dead,0.0
EleutherAI/pythia-70m,1000,agnews,halfB,-,halfB,act_frac_dense,0.039794921875
EleutherAI/pythia-70m,1000,agnews,halfB,-,halfB,act_firing_rate_gini,0.1893357065505452
EleutherAI/pythia-70m,1000,agnews,-,-,-,lm_loss,5.713536927908712
EleutherAI/pythia-70m,1000,agnews,halfA,-,halfA,dim_participation_ratio,240.051141601069
EleutherAI/pythia-70m,1000,agnews,halfA,-,halfA,dim_top1_share,0.030849389567282014
EleutherAI/pythia-70m,1000,agnews,halfA,-,halfA,dim_top10_share,0.14814772067396875
EleutherAI/pythia-70m,1000,agnews,halfA,-,halfA,dim_top100_share,0.45431628022078874
EleutherAI/pythia-70m,1000,agnews,halfA,-,halfA,dim_n_for_50pct,134.0
EleutherAI/pythia-70m,1000,agnews,halfA,-,halfA,dim_n_for_90pct,2714.0
EleutherAI/pythia-70m,1000,agnews,halfA,-,halfA,dim_participation_ratio_frac,0.019535411914149495
EleutherAI/pythia-70m,1000,agnews,halfA,-,halfA,n_live_units,12288.0
EleutherAI/pythia-70m,1000,agnews,halfA,-,halfA,coupling_mean_absr,0.04954402848477045
EleutherAI/pythia-70m,1000,agnews,halfA,-,halfA,coupling_median_absr,0.040316518396139145
EleutherAI/pythia-70m,1000,agnews,halfA,-,halfA,coupling_p90_absr,0.10357690900564195
EleutherAI/pythia-70m,1000,agnews,halfA,-,halfA,coupling_p99_absr,0.1798638546466828
EleutherAI/pythia-70m,1000,agnews,halfA,-,halfA,coupling_frac_absr_gt_0.1,0.11096621019544622
EleutherAI/pythia-70m,1000,agnews,halfA,-,halfA,coupling_frac_absr_gt_0.3,0.0004194348130894864
EleutherAI/pythia-70m,1000,agnews,halfA,-,halfA,coupling_concentration_top1pct,0.0397656814182616
EleutherAI/pythia-70m,1000,agnews,halfA,-,halfA,hub_strength_gini,0.09786501258317659
EleutherAI/pythia-70m,1000,agnews,halfA,-,halfA,hub_strength_cv,0.1807047052355349
EleutherAI/pythia-70m,1000,agnews,halfB,-,halfB,dim_participation_ratio,239.63166492497388
EleutherAI/pythia-70m,1000,agnews,halfB,-,halfB,dim_top1_share,0.030938809261783225
EleutherAI/pythia-70m,1000,agnews,halfB,-,halfB,dim_top10_share,0.14832371915404655
EleutherAI/pythia-70m,1000,agnews,halfB,-,halfB,dim_top100_share,0.4544689319611384
EleutherAI/pythia-70m,1000,agnews,halfB,-,halfB,dim_n_for_50pct,134.0
EleutherAI/pythia-70m,1000,agnews,halfB,-,halfB,dim_n_for_90pct,2734.0
EleutherAI/pythia-70m,1000,agnews,halfB,-,halfB,dim_participation_ratio_frac,0.0195012748148579
EleutherAI/pythia-70m,1000,agnews,halfB,-,halfB,n_live_units,12288.0
EleutherAI/pythia-70m,1000,agnews,halfB,-,halfB,coupling_mean_absr,0.049578591105708586
EleutherAI/pythia-70m,1000,agnews,halfB,-,halfB,coupling_median_absr,0.04030406475067139
EleutherAI/pythia-70m,1000,agnews,halfB,-,halfB,coupling_p90_absr,0.1035698264837265
EleutherAI/pythia-70m,1000,agnews,halfB,-,halfB,coupling_p99_absr,0.17989990979433046
EleutherAI/pythia-70m,1000,agnews,halfB,-,halfB,coupling_frac_absr_gt_0.1,0.11088604789639456
EleutherAI/pythia-70m,1000,agnews,halfB,-,halfB,coupling_frac_absr_gt_0.3,0.0004196349975587964
EleutherAI/pythia-70m,1000,agnews,halfB,-,halfB,coupling_concentration_top1pct,0.03976654228096798
EleutherAI/pythia-70m,1000,agnews,halfB,-,halfB,hub_strength_gini,0.09822212770159
EleutherAI/pythia-70m,1000,agnews,halfB,-,halfB,hub_strength_cv,0.18144623001235285
EleutherAI/pythia-70m,1000,agnews,halfA,real,halfA,segregation_within_mean,0.10319766074423399
EleutherAI/pythia-70m,1000,agnews,halfA,real,halfA,segregation_between_mean,0.048872738548045185
EleutherAI/pythia-70m,1000,agnews,halfA,real,halfA,segregation_ratio,2.1115587914678398
EleutherAI/pythia-70m,1000,agnews,halfA,real,halfA,segregation_modularity,0.013849387701435695
EleutherAI/pythia-70m,1000,agnews,halfA,real,halfB,segregation_within_mean,0.10332070776949584
EleutherAI/pythia-70m,1000,agnews,halfA,real,halfB,segregation_between_mean,0.04890619408763002
EleutherAI/pythia-70m,1000,agnews,halfA,real,halfB,segregation_ratio,2.1126303057720257
EleutherAI/pythia-70m,1000,agnews,halfA,real,halfB,segregation_modularity,0.013863001940601631
EleutherAI/pythia-70m,1000,agnews,halfA,null,halfA,segregation_within_mean,0.05357367615837821
EleutherAI/pythia-70m,1000,agnews,halfA,null,halfA,segregation_between_mean,0.04950140530866018
EleutherAI/pythia-70m,1000,agnews,halfA,null,halfA,segregation_ratio,1.0822657624430227
EleutherAI/pythia-70m,1000,agnews,halfA,null,halfA,segregation_modularity,0.0007869928243775846
EleutherAI/pythia-70m,1000,agnews,halfA,null,halfB,segregation_within_mean,0.05353048824281691
EleutherAI/pythia-70m,1000,agnews,halfA,null,halfB,segregation_between_mean,0.049536790325761644
EleutherAI/pythia-70m,1000,agnews,halfA,null,halfB,segregation_ratio,1.0806208454522808
EleutherAI/pythia-70m,1000,agnews,halfA,null,halfB,segregation_modularity,0.0007725363212364997
EleutherAI/pythia-70m,1000,agnews,halfB,real,halfB,segregation_within_mean,0.1033395003947132
EleutherAI/pythia-70m,1000,agnews,halfB,real,halfB,segregation_between_mean,0.048901432094500694
EleutherAI/pythia-70m,1000,agnews,halfB,real,halfB,segregation_ratio,2.1132203284969733
EleutherAI/pythia-70m,1000,agnews,halfB,real,halfB,segregation_modularity,0.013946409040092454
EleutherAI/pythia-70m,1000,agnews,halfB,real,halfA,segregation_within_mean,0.1030425292835334
EleutherAI/pythia-70m,1000,agnews,halfB,real,halfA,segregation_between_mean,0.04887017471231132
EleutherAI/pythia-70m,1000,agnews,halfB,real,halfA,segregation_ratio,2.1084952098109655
EleutherAI/pythia-70m,1000,agnews,halfB,real,halfA,segregation_modularity,0.013889599824689087
EleutherAI/pythia-70m,1000,agnews,halfB,null,halfB,segregation_within_mean,0.05341259084602281
EleutherAI/pythia-70m,1000,agnews,halfB,null,halfB,segregation_between_mean,0.049537044948854345
EleutherAI/pythia-70m,1000,agnews,halfB,null,halfB,segregation_ratio,1.078235306550277
EleutherAI/pythia-70m,1000,agnews,halfB,null,halfB,segregation_modularity,0.0007803999058530988
EleutherAI/pythia-70m,1000,agnews,halfB,null,halfA,segregation_within_mean,0.053425174929339875
EleutherAI/pythia-70m,1000,agnews,halfB,null,halfA,segregation_between_mean,0.049501971428513834
EleutherAI/pythia-70m,1000,agnews,halfB,null,halfA,segregation_ratio,1.079253479964764
EleutherAI/pythia-70m,1000,agnews,halfB,null,halfA,segregation_modularity,0.0007896333737482303
EleutherAI/pythia-70m,1000,tldr17,halfA,-,halfA,act_firing_rate_median,0.29643503824869794
EleutherAI/pythia-70m,1000,tldr17,halfA,-,halfA,act_frac_dead,0.0
EleutherAI/pythia-70m,1000,tldr17,halfA,-,halfA,act_frac_dense,0.045735677083333336
EleutherAI/pythia-70m,1000,tldr17,halfA,-,halfA,act_firing_rate_gini,0.20721944423479144
EleutherAI/pythia-70m,1000,tldr17,halfB,-,halfB,act_firing_rate_median,0.29637908935546875
EleutherAI/pythia-70m,1000,tldr17,halfB,-,halfB,act_frac_dead,0.0
EleutherAI/pythia-70m,1000,tldr17,halfB,-,halfB,act_frac_dense,0.047200520833333336
EleutherAI/pythia-70m,1000,tldr17,halfB,-,halfB,act_firing_rate_gini,0.20908988578935261
EleutherAI/pythia-70m,1000,tldr17,-,-,-,lm_loss,4.717747517307735
EleutherAI/pythia-70m,1000,tldr17,halfA,-,halfA,dim_participation_ratio,209.51933088275786
EleutherAI/pythia-70m,1000,tldr17,halfA,-,halfA,dim_top1_share,0.029522178219640757
EleutherAI/pythia-70m,1000,tldr17,halfA,-,halfA,dim_top10_share,0.16503955940021775
EleutherAI/pythia-70m,1000,tldr17,halfA,-,halfA,dim_top100_share,0.48783168934499765
EleutherAI/pythia-70m,1000,tldr17,halfA,-,halfA,dim_n_for_50pct,108.0
EleutherAI/pythia-70m,1000,tldr17,halfA,-,halfA,dim_n_for_90pct,2340.0
EleutherAI/pythia-70m,1000,tldr17,halfA,-,halfA,dim_participation_ratio_frac,0.017050726797099434
EleutherAI/pythia-70m,1000,tldr17,halfA,-,halfA,n_live_units,12288.0
EleutherAI/pythia-70m,1000,tldr17,halfA,-,halfA,coupling_mean_absr,0.052789986929531484
EleutherAI/pythia-70m,1000,tldr17,halfA,-,halfA,coupling_median_absr,0.04264145903289318
EleutherAI/pythia-70m,1000,tldr17,halfA,-,halfA,coupling_p90_absr,0.1105356797575951
EleutherAI/pythia-70m,1000,tldr17,halfA,-,halfA,coupling_p99_absr,0.19508521839976317
EleutherAI/pythia-70m,1000,tldr17,halfA,-,halfA,coupling_frac_absr_gt_0.1,0.13244133042377304
EleutherAI/pythia-70m,1000,tldr17,halfA,-,halfA,coupling_frac_absr_gt_0.3,0.0009278723740451755
EleutherAI/pythia-70m,1000,tldr17,halfA,-,halfA,coupling_concentration_top1pct,0.0403865840527054
EleutherAI/pythia-70m,1000,tldr17,halfA,-,halfA,hub_strength_gini,0.09813368816235823
EleutherAI/pythia-70m,1000,tldr17,halfA,-,halfA,hub_strength_cv,0.1818741767441716
EleutherAI/pythia-70m,1000,tldr17,halfB,-,halfB,dim_participation_ratio,207.09253149641452
EleutherAI/pythia-70m,1000,tldr17,halfB,-,halfB,dim_top1_share,0.029935496764571096
EleutherAI/pythia-70m,1000,tldr17,halfB,-,halfB,dim_top10_share,0.16641927009564597
EleutherAI/pythia-70m,1000,tldr17,halfB,-,halfB,dim_top100_share,0.48837485811317943
EleutherAI/pythia-70m,1000,tldr17,halfB,-,halfB,dim_n_for_50pct,108.0
EleutherAI/pythia-70m,1000,tldr17,halfB,-,halfB,dim_n_for_90pct,2329.0
EleutherAI/pythia-70m,1000,tldr17,halfB,-,halfB,dim_participation_ratio_frac,0.01685323335745561
EleutherAI/pythia-70m,1000,tldr17,halfB,-,halfB,n_live_units,12288.0
EleutherAI/pythia-70m,1000,tldr17,halfB,-,halfB,coupling_mean_absr,0.05308461981953007
EleutherAI/pythia-70m,1000,tldr17,halfB,-,halfB,coupling_median_absr,0.0428580641746521
EleutherAI/pythia-70m,1000,tldr17,halfB,-,halfB,coupling_p90_absr,0.1111026406288147
EleutherAI/pythia-70m,1000,tldr17,halfB,-,halfB,coupling_p99_absr,0.19641276672482508
EleutherAI/pythia-70m,1000,tldr17,halfB,-,halfB,coupling_frac_absr_gt_0.1,0.13403969848703473
EleutherAI/pythia-70m,1000,tldr17,halfB,-,halfB,coupling_frac_absr_gt_0.3,0.000978881051351052
EleutherAI/pythia-70m,1000,tldr17,halfB,-,halfB,coupling_concentration_top1pct,0.04035097830593817
EleutherAI/pythia-70m,1000,tldr17,halfB,-,halfB,hub_strength_gini,0.09931204244602143
EleutherAI/pythia-70m,1000,tldr17,halfB,-,halfB,hub_strength_cv,0.18418446759775065
EleutherAI/pythia-70m,1000,tldr17,halfA,real,halfA,segregation_within_mean,0.12023694856581114
EleutherAI/pythia-70m,1000,tldr17,halfA,real,halfA,segregation_between_mean,0.051987618011810115
EleutherAI/pythia-70m,1000,tldr17,halfA,real,halfA,segregation_ratio,2.312799723551418
EleutherAI/pythia-70m,1000,tldr17,halfA,real,halfA,segregation_modularity,0.015290435035928392
EleutherAI/pythia-70m,1000,tldr17,halfA,real,halfB,segregation_within_mean,0.12087810539616631
EleutherAI/pythia-70m,1000,tldr17,halfA,real,halfB,segregation_between_mean,0.05227812856067269
EleutherAI/pythia-70m,1000,tldr17,halfA,real,halfB,segregation_ratio,2.31221179342482
EleutherAI/pythia-70m,1000,tldr17,halfA,real,halfB,segregation_modularity,0.015278489355592558
EleutherAI/pythia-70m,1000,tldr17,halfA,null,halfA,segregation_within_mean,0.05676971928139449
EleutherAI/pythia-70m,1000,tldr17,halfA,null,halfA,segregation_between_mean,0.052728546217361706
EleutherAI/pythia-70m,1000,tldr17,halfA,null,halfA,segregation_ratio,1.0766410863552722
EleutherAI/pythia-70m,1000,tldr17,halfA,null,halfA,segregation_modularity,0.0012826341485625112
EleutherAI/pythia-70m,1000,tldr17,halfA,null,halfB,segregation_within_mean,0.05707854538595563
EleutherAI/pythia-70m,1000,tldr17,halfA,null,halfB,segregation_between_mean,0.053022959987964406
EleutherAI/pythia-70m,1000,tldr17,halfA,null,halfB,segregation_ratio,1.076487344329924
EleutherAI/pythia-70m,1000,tldr17,halfA,null,halfB,segregation_modularity,0.0012628699822335874
EleutherAI/pythia-70m,1000,tldr17,halfB,real,halfB,segregation_within_mean,0.12157176761749922
EleutherAI/pythia-70m,1000,tldr17,halfB,real,halfB,segregation_between_mean,0.05227413823572099
EleutherAI/pythia-70m,1000,tldr17,halfB,real,halfB,segregation_ratio,2.325657996872044
EleutherAI/pythia-70m,1000,tldr17,halfB,real,halfB,segregation_modularity,0.015317099184879536
EleutherAI/pythia-70m,1000,tldr17,halfB,real,halfA,segregation_within_mean,0.12032879476971756
EleutherAI/pythia-70m,1000,tldr17,halfB,real,halfA,segregation_between_mean,0.05199072804543447
EleutherAI/pythia-70m,1000,tldr17,halfB,real,halfA,segregation_ratio,2.3144279623197956
EleutherAI/pythia-70m,1000,tldr17,halfB,real,halfA,segregation_modularity,0.015197901629910972
EleutherAI/pythia-70m,1000,tldr17,halfB,null,halfB,segregation_within_mean,0.057654010464956724
EleutherAI/pythia-70m,1000,tldr17,halfB,null,halfB,segregation_between_mean,0.05301979803640615
EleutherAI/pythia-70m,1000,tldr17,halfB,null,halfB,segregation_ratio,1.0874053202799543
EleutherAI/pythia-70m,1000,tldr17,halfB,null,halfB,segregation_modularity,0.0012153273458532388
EleutherAI/pythia-70m,1000,tldr17,halfB,null,halfA,segregation_within_mean,0.05733528226337382
EleutherAI/pythia-70m,1000,tldr17,halfB,null,halfA,segregation_between_mean,0.05272550696327895
EleutherAI/pythia-70m,1000,tldr17,halfB,null,halfA,segregation_ratio,1.0874297008335145
EleutherAI/pythia-70m,1000,tldr17,halfB,null,halfA,segregation_modularity,0.0012279042036260066
EleutherAI/pythia-70m,143000,wikitext,halfA,-,halfA,act_firing_rate_median,0.17356109619140625
EleutherAI/pythia-70m,143000,wikitext,halfA,-,halfA,act_frac_dead,0.0004069010416666667
EleutherAI/pythia-70m,143000,wikitext,halfA,-,halfA,act_frac_dense,0.07438151041666667
EleutherAI/pythia-70m,143000,wikitext,halfA,-,halfA,act_firing_rate_gini,0.386293249151779
EleutherAI/pythia-70m,143000,wikitext,halfB,-,halfB,act_firing_rate_median,0.17376200358072919
EleutherAI/pythia-70m,143000,wikitext,halfB,-,halfB,act_frac_dead,0.00048828125
EleutherAI/pythia-70m,143000,wikitext,halfB,-,halfB,act_frac_dense,0.07462565104166667
EleutherAI/pythia-70m,143000,wikitext,halfB,-,halfB,act_firing_rate_gini,0.385951737864644
EleutherAI/pythia-70m,143000,wikitext,-,-,-,lm_loss,4.414952382149239
EleutherAI/pythia-70m,143000,wikitext,halfA,-,halfA,dim_participation_ratio,248.73034949533903
EleutherAI/pythia-70m,143000,wikitext,halfA,-,halfA,dim_top1_share,0.03595287880294628
EleutherAI/pythia-70m,143000,wikitext,halfA,-,halfA,dim_top10_share,0.1527337929727407
EleutherAI/pythia-70m,143000,wikitext,halfA,-,halfA,dim_top100_share,0.39312918420268633
EleutherAI/pythia-70m,143000,wikitext,halfA,-,halfA,dim_n_for_50pct,233.0
EleutherAI/pythia-70m,143000,wikitext,halfA,-,halfA,dim_n_for_90pct,3921.0
EleutherAI/pythia-70m,143000,wikitext,halfA,-,halfA,dim_participation_ratio_frac,0.02024667069559129
EleutherAI/pythia-70m,143000,wikitext,halfA,-,halfA,n_live_units,12285.0
EleutherAI/pythia-70m,143000,wikitext,halfA,-,halfA,coupling_mean_absr,0.04486956445412955
EleutherAI/pythia-70m,143000,wikitext,halfA,-,halfA,coupling_median_absr,0.03224343806505203
EleutherAI/pythia-70m,143000,wikitext,halfA,-,halfA,coupling_p90_absr,0.09933419525623322
EleutherAI/pythia-70m,143000,wikitext,halfA,-,halfA,coupling_p99_absr,0.20811911180615422
EleutherAI/pythia-70m,143000,wikitext,halfA,-,halfA,coupling_frac_absr_gt_0.1,0.09851731782698894
EleutherAI/pythia-70m,143000,wikitext,halfA,-,halfA,coupling_frac_absr_gt_0.3,0.0014253174461575633
EleutherAI/pythia-70m,143000,wikitext,halfA,-,halfA,coupling_concentration_top1pct,0.04674118227132541
EleutherAI/pythia-70m,143000,wikitext,halfA,-,halfA,hub_strength_gini,0.1730780925255777
EleutherAI/pythia-70m,143000,wikitext,halfA,-,halfA,hub_strength_cv,0.3079587185700319
EleutherAI/pythia-70m,143000,wikitext,halfB,-,halfB,dim_participation_ratio,247.8737144611649
EleutherAI/pythia-70m,143000,wikitext,halfB,-,halfB,dim_top1_share,0.03598263289331517
EleutherAI/pythia-70m,143000,wikitext,halfB,-,halfB,dim_top10_share,0.15322527583762974
EleutherAI/pythia-70m,143000,wikitext,halfB,-,halfB,dim_top100_share,0.3935746508155734
EleutherAI/pythia-70m,143000,wikitext,halfB,-,halfB,dim_n_for_50pct,232.0
EleutherAI/pythia-70m,143000,wikitext,halfB,-,halfB,dim_n_for_90pct,3912.0
EleutherAI/pythia-70m,143000,wikitext,halfB,-,halfB,dim_participation_ratio_frac,0.020178583072383988
EleutherAI/pythia-70m,143000,wikitext,halfB,-,halfB,n_live_units,12284.0
EleutherAI/pythia-70m,143000,wikitext,halfB,-,halfB,coupling_mean_absr,0.044947006055460724
EleutherAI/pythia-70m,143000,wikitext,halfB,-,halfB,coupling_median_absr,0.03231723792850971
EleutherAI/pythia-70m,143000,wikitext,halfB,-,halfB,coupling_p90_absr,0.09965632855892181
EleutherAI/pythia-70m,143000,wikitext,halfB,-,halfB,coupling_p99_absr,0.20859212547540662
EleutherAI/pythia-70m,143000,wikitext,halfB,-,halfB,coupling_frac_absr_gt_0.1,0.09921317831317976
EleutherAI/pythia-70m,143000,wikitext,halfB,-,halfB,coupling_frac_absr_gt_0.3,0.0014721154138484457
EleutherAI/pythia-70m,143000,wikitext,halfB,-,halfB,coupling_concentration_top1pct,0.04671000358869813
EleutherAI/pythia-70m,143000,wikitext,halfB,-,halfB,hub_strength_gini,0.17319038579309498
EleutherAI/pythia-70m,143000,wikitext,halfB,-,halfB,hub_strength_cv,0.3084210859233845
EleutherAI/pythia-70m,143000,wikitext,halfA,real,halfA,segregation_within_mean,0.15026163026465433
EleutherAI/pythia-70m,143000,wikitext,halfA,real,halfA,segregation_between_mean,0.04327014282991521
EleutherAI/pythia-70m,143000,wikitext,halfA,real,halfA,segregation_ratio,3.4726400339212558
EleutherAI/pythia-70m,143000,wikitext,halfA,real,halfA,segregation_modularity,0.032469060778156374
EleutherAI/pythia-70m,143000,wikitext,halfA,real,halfB,segregation_within_mean,0.15018419485234538
EleutherAI/pythia-70m,143000,wikitext,halfA,real,halfB,segregation_between_mean,0.04334993485398639
EleutherAI/pythia-70m,143000,wikitext,halfA,real,halfB,segregation_ratio,3.4644618350224508
EleutherAI/pythia-70m,143000,wikitext,halfA,real,halfB,segregation_modularity,0.032334697970610116
EleutherAI/pythia-70m,143000,wikitext,halfA,null,halfA,segregation_within_mean,0.052334706241465904
EleutherAI/pythia-70m,143000,wikitext,halfA,null,halfA,segregation_between_mean,0.04474015575672878
EleutherAI/pythia-70m,143000,wikitext,halfA,null,halfA,segregation_ratio,1.169747967039541
EleutherAI/pythia-70m,143000,wikitext,halfA,null,halfA,segregation_modularity,0.0029685229871441185
EleutherAI/pythia-70m,143000,wikitext,halfA,null,halfB,segregation_within_mean,0.05237335635599759
EleutherAI/pythia-70m,143000,wikitext,halfA,null,halfB,segregation_between_mean,0.04481826980293984
EleutherAI/pythia-70m,143000,wikitext,halfA,null,halfB,segregation_ratio,1.1685715799890646
EleutherAI/pythia-70m,143000,wikitext,halfA,null,halfB,segregation_modularity,0.002927627007176866
EleutherAI/pythia-70m,143000,wikitext,halfB,real,halfB,segregation_within_mean,0.15043882537726747
EleutherAI/pythia-70m,143000,wikitext,halfB,real,halfB,segregation_between_mean,0.04336933099154741
EleutherAI/pythia-70m,143000,wikitext,halfB,real,halfB,segregation_ratio,3.468783629763338
EleutherAI/pythia-70m,143000,wikitext,halfB,real,halfB,segregation_modularity,0.032037592210716476
EleutherAI/pythia-70m,143000,wikitext,halfB,real,halfA,segregation_within_mean,0.1501197822130171
EleutherAI/pythia-70m,143000,wikitext,halfB,real,halfA,segregation_between_mean,0.04329550263261444
EleutherAI/pythia-70m,143000,wikitext,halfB,real,halfA,segregation_ratio,3.4673297013517543
EleutherAI/pythia-70m,143000,wikitext,halfB,real,halfA,segregation_modularity,0.03204121777438587
EleutherAI/pythia-70m,143000,wikitext,halfB,null,halfB,segregation_within_mean,0.05293294884790618
EleutherAI/pythia-70m,143000,wikitext,halfB,null,halfB,segregation_between_mean,0.04480189410964541
EleutherAI/pythia-70m,143000,wikitext,halfB,null,halfB,segregation_ratio,1.1814890843311519
EleutherAI/pythia-70m,143000,wikitext,halfB,null,halfB,segregation_modularity,0.0032578131224128733
EleutherAI/pythia-70m,143000,wikitext,halfB,null,halfA,segregation_within_mean,0.05287005339584109
EleutherAI/pythia-70m,143000,wikitext,halfB,null,halfA,segregation_between_mean,0.044724188176215755
EleutherAI/pythia-70m,143000,wikitext,halfB,null,halfA,segregation_ratio,1.1821355635910076
EleutherAI/pythia-70m,143000,wikitext,halfB,null,halfA,segregation_modularity,0.003295540692675322
EleutherAI/pythia-70m,143000,bookcorpus,halfA,-,halfA,act_firing_rate_median,0.171905517578125
EleutherAI/pythia-70m,143000,bookcorpus,halfA,-,halfA,act_frac_dead,0.004801432291666667
EleutherAI/pythia-70m,143000,bookcorpus,halfA,-,halfA,act_frac_dense,0.08211263020833333
EleutherAI/pythia-70m,143000,bookcorpus,halfA,-,halfA,act_firing_rate_gini,0.4208100938411512
EleutherAI/pythia-70m,143000,bookcorpus,halfB,-,halfB,act_firing_rate_median,0.17242177327473956
EleutherAI/pythia-70m,143000,bookcorpus,halfB,-,halfB,act_frac_dead,0.004801432291666667
EleutherAI/pythia-70m,143000,bookcorpus,halfB,-,halfB,act_frac_dense,0.08284505208333333
EleutherAI/pythia-70m,143000,bookcorpus,halfB,-,halfB,act_firing_rate_gini,0.4211768451243201
EleutherAI/pythia-70m,143000,bookcorpus,-,-,-,lm_loss,4.773024902199067
EleutherAI/pythia-70m,143000,bookcorpus,halfA,-,halfA,dim_participation_ratio,195.10703565641379
EleutherAI/pythia-70m,143000,bookcorpus,halfA,-,halfA,dim_top1_share,0.04346534724835944
EleutherAI/pythia-70m,143000,bookcorpus,halfA,-,halfA,dim_top10_share,0.17676755198300315
EleutherAI/pythia-70m,143000,bookcorpus,halfA,-,halfA,dim_top100_share,0.4168287833183133
EleutherAI/pythia-70m,143000,bookcorpus,halfA,-,halfA,dim_n_for_50pct,187.0
EleutherAI/pythia-70m,143000,bookcorpus,halfA,-,halfA,dim_n_for_90pct,3439.0
EleutherAI/pythia-70m,143000,bookcorpus,halfA,-,halfA,dim_participation_ratio_frac,0.015877851209018048
EleutherAI/pythia-70m,143000,bookcorpus,halfA,-,halfA,n_live_units,12288.0
EleutherAI/pythia-70m,143000,bookcorpus,halfA,-,halfA,coupling_mean_absr,0.051042392228941504
EleutherAI/pythia-70m,143000,bookcorpus,halfA,-,halfA,coupling_median_absr,0.03714361786842346
EleutherAI/pythia-70m,143000,bookcorpus,halfA,-,halfA,coupling_p90_absr,0.11218777298927318
EleutherAI/pythia-70m,143000,bookcorpus,halfA,-,halfA,coupling_p99_absr,0.23057151824235986
EleutherAI/pythia-70m,143000,bookcorpus,halfA,-,halfA,coupling_frac_absr_gt_0.1,0.12973454846276686
EleutherAI/pythia-70m,143000,bookcorpus,halfA,-,halfA,coupling_frac_absr_gt_0.3,0.003045024113774774
EleutherAI/pythia-70m,143000,bookcorpus,halfA,-,halfA,coupling_concentration_top1pct,0.04457138458743337
EleutherAI/pythia-70m,143000,bookcorpus,halfA,-,halfA,hub_strength_gini,0.18061958099956965
EleutherAI/pythia-70m,143000,bookcorpus,halfA,-,halfA,hub_strength_cv,0.3318984432219941
EleutherAI/pythia-70m,143000,bookcorpus,halfB,-,halfB,dim_participation_ratio,194.7817652503003
EleutherAI/pythia-70m,143000,bookcorpus,halfB,-,halfB,dim_top1_share,0.043572407009520676
EleutherAI/pythia-70m,143000,bookcorpus,halfB,-,halfB,dim_top10_share,0.1766595354685843
EleutherAI/pythia-70m,143000,bookcorpus,halfB,-,halfB,dim_top100_share,0.41698510298187114
EleutherAI/pythia-70m,143000,bookcorpus,halfB,-,halfB,dim_n_for_50pct,187.0
EleutherAI/pythia-70m,143000,bookcorpus,halfB,-,halfB,dim_n_for_90pct,3438.0
EleutherAI/pythia-70m,143000,bookcorpus,halfB,-,halfB,dim_participation_ratio_frac,0.015851380635603866
EleutherAI/pythia-70m,143000,bookcorpus,halfB,-,halfB,n_live_units,12288.0
EleutherAI/pythia-70m,143000,bookcorpus,halfB,-,halfB,coupling_mean_absr,0.051085422962642235
EleutherAI/pythia-70m,143000,bookcorpus,halfB,-,halfB,coupling_median_absr,0.03721274808049202
EleutherAI/pythia-70m,143000,bookcorpus,halfB,-,halfB,coupling_p90_absr,0.11229322850704193
EleutherAI/pythia-70m,143000,bookcorpus,halfB,-,halfB,coupling_p99_absr,0.23094662636518415
EleutherAI/pythia-70m,143000,bookcorpus,halfB,-,halfB,coupling_frac_absr_gt_0.1,0.1299685433513502
EleutherAI/pythia-70m,143000,bookcorpus,halfB,-,halfB,coupling_frac_absr_gt_0.3,0.0031324637534480403
EleutherAI/pythia-70m,143000,bookcorpus,halfB,-,halfB,coupling_concentration_top1pct,0.044545492185185165
EleutherAI/pythia-70m,143000,bookcorpus,halfB,-,halfB,hub_strength_gini,0.18079398547147063
EleutherAI/pythia-70m,143000,bookcorpus,halfB,-,halfB,hub_strength_cv,0.33247585102167027
EleutherAI/pythia-70m,143000,bookcorpus,halfA,real,halfA,segregation_within_mean,0.15618685706942453
EleutherAI/pythia-70m,143000,bookcorpus,halfA,real,halfA,segregation_between_mean,0.04966910211214237
EleutherAI/pythia-70m,143000,bookcorpus,halfA,real,halfA,segregation_ratio,3.144547624734337
EleutherAI/pythia-70m,143000,bookcorpus,halfA,real,halfA,segregation_modularity,0.02442075213904788
EleutherAI/pythia-70m,143000,bookcorpus,halfA,real,halfB,segregation_within_mean,0.15610816300507943
EleutherAI/pythia-70m,143000,bookcorpus,halfA,real,halfB,segregation_between_mean,0.04971372270427625
EleutherAI/pythia-70m,143000,bookcorpus,halfA,real,halfB,segregation_ratio,3.140142288954985
EleutherAI/pythia-70m,143000,bookcorpus,halfA,real,halfB,segregation_modularity,0.02435750809279331
EleutherAI/pythia-70m,143000,bookcorpus,halfA,null,halfA,segregation_within_mean,0.053818462154648895
EleutherAI/pythia-70m,143000,bookcorpus,halfA,null,halfA,segregation_between_mean,0.050987120486535344
EleutherAI/pythia-70m,143000,bookcorpus,halfA,null,halfA,segregation_ratio,1.0555305269467268
EleutherAI/pythia-70m,143000,bookcorpus,halfA,null,halfA,segregation_modularity,0.0016470053617441357
EleutherAI/pythia-70m,143000,bookcorpus,halfA,null,halfB,segregation_within_mean,0.05385071097200964
EleutherAI/pythia-70m,143000,bookcorpus,halfA,null,halfB,segregation_between_mean,0.051030365891958765
EleutherAI/pythia-70m,143000,bookcorpus,halfA,null,halfB,segregation_ratio,1.0552679768360294
EleutherAI/pythia-70m,143000,bookcorpus,halfA,null,halfB,segregation_modularity,0.001638340049026758
EleutherAI/pythia-70m,143000,bookcorpus,halfB,real,halfB,segregation_within_mean,0.1556551716320097
EleutherAI/pythia-70m,143000,bookcorpus,halfB,real,halfB,segregation_between_mean,0.04973992738238547
EleutherAI/pythia-70m,143000,bookcorpus,halfB,real,halfB,segregation_ratio,3.129380757542728
EleutherAI/pythia-70m,143000,bookcorpus,halfB,real,halfB,segregation_modularity,0.023844303042777938
EleutherAI/pythia-70m,143000,bookcorpus,halfB,real,halfA,segregation_within_mean,0.15557373188106505
EleutherAI/pythia-70m,143000,bookcorpus,halfB,real,halfA,segregation_between_mean,0.04969739084964557
EleutherAI/pythia-70m,143000,bookcorpus,halfB,real,halfA,segregation_ratio,3.1304205154700706
EleutherAI/pythia-70m,143000,bookcorpus,halfB,real,halfA,segregation_modularity,0.023869699659975877
EleutherAI/pythia-70m,143000,bookcorpus,halfB,null,halfB,segregation_within_mean,0.05413217766965854
EleutherAI/pythia-70m,143000,bookcorpus,halfB,null,halfB,segregation_between_mean,0.05102226693872665
EleutherAI/pythia-70m,143000,bookcorpus,halfB,null,halfB,segregation_ratio,1.0609520297219766
EleutherAI/pythia-70m,143000,bookcorpus,halfB,null,halfB,segregation_modularity,0.0017975179867403767
EleutherAI/pythia-70m,143000,bookcorpus,halfB,null,halfA,segregation_within_mean,0.054095868061769074
EleutherAI/pythia-70m,143000,bookcorpus,halfB,null,halfA,segregation_between_mean,0.05097909687056285
EleutherAI/pythia-70m,143000,bookcorpus,halfB,null,halfA,segregation_ratio,1.061138219045343
EleutherAI/pythia-70m,143000,bookcorpus,halfB,null,halfA,segregation_modularity,0.0018032226120860064
EleutherAI/pythia-70m,143000,agnews,halfA,-,halfA,act_firing_rate_median,0.18366750081380206
EleutherAI/pythia-70m,143000,agnews,halfA,-,halfA,act_frac_dead,0.000732421875
EleutherAI/pythia-70m,143000,agnews,halfA,-,halfA,act_frac_dense,0.07145182291666667
EleutherAI/pythia-70m,143000,agnews,halfA,-,halfA,act_firing_rate_gini,0.38376367277870305
EleutherAI/pythia-70m,143000,agnews,halfB,-,halfB,act_firing_rate_median,0.18399556477864581
EleutherAI/pythia-70m,143000,agnews,halfB,-,halfB,act_frac_dead,0.000732421875
EleutherAI/pythia-70m,143000,agnews,halfB,-,halfB,act_frac_dense,0.0712890625
EleutherAI/pythia-70m,143000,agnews,halfB,-,halfB,act_firing_rate_gini,0.38318479378535275
EleutherAI/pythia-70m,143000,agnews,-,-,-,lm_loss,4.760162054215822
EleutherAI/pythia-70m,143000,agnews,halfA,-,halfA,dim_participation_ratio,300.70350360083154
EleutherAI/pythia-70m,143000,agnews,halfA,-,halfA,dim_top1_share,0.028036061638877664
EleutherAI/pythia-70m,143000,agnews,halfA,-,halfA,dim_top10_share,0.13932753526721095
EleutherAI/pythia-70m,143000,agnews,halfA,-,halfA,dim_top100_share,0.37763606123067445
EleutherAI/pythia-70m,143000,agnews,halfA,-,halfA,dim_n_for_50pct,247.0
EleutherAI/pythia-70m,143000,agnews,halfA,-,halfA,dim_n_for_90pct,3873.0
EleutherAI/pythia-70m,143000,agnews,halfA,-,halfA,dim_participation_ratio_frac,0.02447131376959892
EleutherAI/pythia-70m,143000,agnews,halfA,-,halfA,n_live_units,12288.0
EleutherAI/pythia-70m,143000,agnews,halfA,-,halfA,coupling_mean_absr,0.04057528910148058
EleutherAI/pythia-70m,143000,agnews,halfA,-,halfA,coupling_median_absr,0.029135797172784805
EleutherAI/pythia-70m,143000,agnews,halfA,-,halfA,coupling_p90_absr,0.0893859446048738
EleutherAI/pythia-70m,143000,agnews,halfA,-,halfA,coupling_p99_absr,0.19034063875675217
EleutherAI/pythia-70m,143000,agnews,halfA,-,halfA,coupling_frac_absr_gt_0.1,0.0769287850891624
EleutherAI/pythia-70m,143000,agnews,halfA,-,halfA,coupling_frac_absr_gt_0.3,0.0008542709044850723
EleutherAI/pythia-70m,143000,agnews,halfA,-,halfA,coupling_concentration_top1pct,0.04797956041476192
EleutherAI/pythia-70m,143000,agnews,halfA,-,halfA,hub_strength_gini,0.16044877892108733
EleutherAI/pythia-70m,143000,agnews,halfA,-,halfA,hub_strength_cv,0.28428379221407174
EleutherAI/pythia-70m,143000,agnews,halfB,-,halfB,dim_participation_ratio,300.59657618227203
EleutherAI/pythia-70m,143000,agnews,halfB,-,halfB,dim_top1_share,0.028103312999811184
EleutherAI/pythia-70m,143000,agnews,halfB,-,halfB,dim_top10_share,0.13920359208391678
EleutherAI/pythia-70m,143000,agnews,halfB,-,halfB,dim_top100_share,0.3778010434345867
EleutherAI/pythia-70m,143000,agnews,halfB,-,halfB,dim_n_for_50pct,248.0
EleutherAI/pythia-70m,143000,agnews,halfB,-,halfB,dim_n_for_90pct,3892.0
EleutherAI/pythia-70m,143000,agnews,halfB,-,halfB,dim_participation_ratio_frac,0.024462611994000003
EleutherAI/pythia-70m,143000,agnews,halfB,-,halfB,n_live_units,12288.0
EleutherAI/pythia-70m,143000,agnews,halfB,-,halfB,coupling_mean_absr,0.040584942475363185
EleutherAI/pythia-70m,143000,agnews,halfB,-,halfB,coupling_median_absr,0.029148759320378304
EleutherAI/pythia-70m,143000,agnews,halfB,-,halfB,coupling_p90_absr,0.08954726457595819
EleutherAI/pythia-70m,143000,agnews,halfB,-,halfB,coupling_p99_absr,0.19066609561443193
EleutherAI/pythia-70m,143000,agnews,halfB,-,halfB,coupling_frac_absr_gt_0.1,0.07733544977651136
EleutherAI/pythia-70m,143000,agnews,halfB,-,halfB,coupling_frac_absr_gt_0.3,0.0008496708625499367
EleutherAI/pythia-70m,143000,agnews,halfB,-,halfB,coupling_concentration_top1pct,0.0479354378845685
EleutherAI/pythia-70m,143000,agnews,halfB,-,halfB,hub_strength_gini,0.1607112670659212
EleutherAI/pythia-70m,143000,agnews,halfB,-,halfB,hub_strength_cv,0.2848428932656933
EleutherAI/pythia-70m,143000,agnews,halfA,real,halfA,segregation_within_mean,0.12649822844251032
EleutherAI/pythia-70m,143000,agnews,halfA,real,halfA,segregation_between_mean,0.03922264424112318
EleutherAI/pythia-70m,143000,agnews,halfA,real,halfA,segregation_ratio,3.225132595978387
EleutherAI/pythia-70m,143000,agnews,halfA,real,halfA,segregation_modularity,0.03211817550460685
EleutherAI/pythia-70m,143000,agnews,halfA,real,halfB,segregation_within_mean,0.1262486113394258
EleutherAI/pythia-70m,143000,agnews,halfA,real,halfB,segregation_between_mean,0.03923637918090926
EleutherAI/pythia-70m,143000,agnews,halfA,real,halfB,segregation_ratio,3.217641738992393
EleutherAI/pythia-70m,143000,agnews,halfA,real,halfB,segregation_modularity,0.03201441282988987
EleutherAI/pythia-70m,143000,agnews,halfA,null,halfA,segregation_within_mean,0.04460589509023321
EleutherAI/pythia-70m,143000,agnews,halfA,null,halfA,segregation_between_mean,0.04051398723623807
EleutherAI/pythia-70m,143000,agnews,halfA,null,halfA,segregation_ratio,1.1009998801188123
EleutherAI/pythia-70m,143000,agnews,halfA,null,halfA,segregation_modularity,0.001864160382535993
EleutherAI/pythia-70m,143000,agnews,halfA,null,halfB,segregation_within_mean,0.044591084006902273
EleutherAI/pythia-70m,143000,agnews,halfA,null,halfB,segregation_between_mean,0.04052401268080929
EleutherAI/pythia-70m,143000,agnews,halfA,null,halfB,segregation_ratio,1.100362009017409
EleutherAI/pythia-70m,143000,agnews,halfA,null,halfB,segregation_modularity,0.001847038852905649
EleutherAI/pythia-70m,143000,agnews,halfB,real,halfB,segregation_within_mean,0.1275798885582041
EleutherAI/pythia-70m,143000,agnews,halfB,real,halfB,segregation_between_mean,0.03920791025852092
EleutherAI/pythia-70m,143000,agnews,halfB,real,halfB,segregation_ratio,3.253932375303721
EleutherAI/pythia-70m,143000,agnews,halfB,real,halfB,segregation_modularity,0.032601798183230585
EleutherAI/pythia-70m,143000,agnews,halfB,real,halfA,segregation_within_mean,0.12759235066027969
EleutherAI/pythia-70m,143000,agnews,halfB,real,halfA,segregation_between_mean,0.03919790683092554
EleutherAI/pythia-70m,143000,agnews,halfB,real,halfA,segregation_ratio,3.255080716698233
EleutherAI/pythia-70m,143000,agnews,halfB,real,halfA,segregation_modularity,0.03261250460281146
EleutherAI/pythia-70m,143000,agnews,halfB,null,halfB,segregation_within_mean,0.044636054310125246
EleutherAI/pythia-70m,143000,agnews,halfB,null,halfB,segregation_between_mean,0.04052337584216077
EleutherAI/pythia-70m,143000,agnews,halfB,null,halfB,segregation_ratio,1.101489038918757
EleutherAI/pythia-70m,143000,agnews,halfB,null,halfB,segregation_modularity,0.0018218506949107072
EleutherAI/pythia-70m,143000,agnews,halfB,null,halfA,segregation_within_mean,0.04464266838658624
EleutherAI/pythia-70m,143000,agnews,halfB,null,halfA,segregation_between_mean,0.0405134752579789
EleutherAI/pythia-70m,143000,agnews,halfB,null,halfA,segregation_ratio,1.1019214743320278
EleutherAI/pythia-70m,143000,agnews,halfB,null,halfA,segregation_modularity,0.0018342391757879223
EleutherAI/pythia-70m,143000,tldr17,halfA,-,halfA,act_firing_rate_median,0.16673533121744794
EleutherAI/pythia-70m,143000,tldr17,halfA,-,halfA,act_frac_dead,0.0008138020833333334
EleutherAI/pythia-70m,143000,tldr17,halfA,-,halfA,act_frac_dense,0.0732421875
EleutherAI/pythia-70m,143000,tldr17,halfA,-,halfA,act_firing_rate_gini,0.4101557066858883
EleutherAI/pythia-70m,143000,tldr17,halfB,-,halfB,act_firing_rate_median,0.16693623860677081
EleutherAI/pythia-70m,143000,tldr17,halfB,-,halfB,act_frac_dead,0.0008138020833333334
EleutherAI/pythia-70m,143000,tldr17,halfB,-,halfB,act_frac_dense,0.07307942708333333
EleutherAI/pythia-70m,143000,tldr17,halfB,-,halfB,act_firing_rate_gini,0.4104503920518343
EleutherAI/pythia-70m,143000,tldr17,-,-,-,lm_loss,3.9806543529277065
EleutherAI/pythia-70m,143000,tldr17,halfA,-,halfA,dim_participation_ratio,297.3615118703392
EleutherAI/pythia-70m,143000,tldr17,halfA,-,halfA,dim_top1_share,0.025691920899687668
EleutherAI/pythia-70m,143000,tldr17,halfA,-,halfA,dim_top10_share,0.1406864606290291
EleutherAI/pythia-70m,143000,tldr17,halfA,-,halfA,dim_top100_share,0.3911288912797061
EleutherAI/pythia-70m,143000,tldr17,halfA,-,halfA,dim_n_for_50pct,219.0
EleutherAI/pythia-70m,143000,tldr17,halfA,-,halfA,dim_n_for_90pct,3703.0
EleutherAI/pythia-70m,143000,tldr17,halfA,-,halfA,dim_participation_ratio_frac,0.024199341786323176
EleutherAI/pythia-70m,143000,tldr17,halfA,-,halfA,n_live_units,12288.0
EleutherAI/pythia-70m,143000,tldr17,halfA,-,halfA,coupling_mean_absr,0.04095023625170277
EleutherAI/pythia-70m,143000,tldr17,halfA,-,halfA,coupling_median_absr,0.0297550018876791
EleutherAI/pythia-70m,143000,tldr17,halfA,-,halfA,coupling_p90_absr,0.08950857371091844
EleutherAI/pythia-70m,143000,tldr17,halfA,-,halfA,coupling_p99_absr,0.19106601521372807
EleutherAI/pythia-70m,143000,tldr17,halfA,-,halfA,coupling_frac_absr_gt_0.1,0.07623534635701584
EleutherAI/pythia-70m,143000,tldr17,halfA,-,halfA,coupling_frac_absr_gt_0.3,0.001005078396114897
EleutherAI/pythia-70m,143000,tldr17,halfA,-,halfA,coupling_concentration_top1pct,0.04801463536851842
EleutherAI/pythia-70m,143000,tldr17,halfA,-,halfA,hub_strength_gini,0.15212544451420018
EleutherAI/pythia-70m,143000,tldr17,halfA,-,halfA,hub_strength_cv,0.2699426238992632
EleutherAI/pythia-70m,143000,tldr17,halfB,-,halfB,dim_participation_ratio,295.91379481727506
EleutherAI/pythia-70m,143000,tldr17,halfB,-,halfB,dim_top1_share,0.025795165192601034
EleutherAI/pythia-70m,143000,tldr17,halfB,-,halfB,dim_top10_share,0.14131299956682217
EleutherAI/pythia-70m,143000,tldr17,halfB,-,halfB,dim_top100_share,0.39084985903226255
EleutherAI/pythia-70m,143000,tldr17,halfB,-,halfB,dim_n_for_50pct,219.0
EleutherAI/pythia-70m,143000,tldr17,halfB,-,halfB,dim_n_for_90pct,3699.0
EleutherAI/pythia-70m,143000,tldr17,halfB,-,halfB,dim_participation_ratio_frac,0.024081526270937098
EleutherAI/pythia-70m,143000,tldr17,halfB,-,halfB,n_live_units,12288.0
EleutherAI/pythia-70m,143000,tldr17,halfB,-,halfB,coupling_mean_absr,0.041066923802751586
EleutherAI/pythia-70m,143000,tldr17,halfB,-,halfB,coupling_median_absr,0.029841743409633636
EleutherAI/pythia-70m,143000,tldr17,halfB,-,halfB,coupling_p90_absr,0.08962055668234825
EleutherAI/pythia-70m,143000,tldr17,halfB,-,halfB,coupling_p99_absr,0.19138674512505535
EleutherAI/pythia-70m,143000,tldr17,halfB,-,halfB,coupling_frac_absr_gt_0.1,0.07663614547284515
EleutherAI/pythia-70m,143000,tldr17,halfB,-,halfB,coupling_frac_absr_gt_0.3,0.0010162841483274815
EleutherAI/pythia-70m,143000,tldr17,halfB,-,halfB,coupling_concentration_top1pct,0.04795369258799869
EleutherAI/pythia-70m,143000,tldr17,halfB,-,halfB,hub_strength_gini,0.15234696241956502
EleutherAI/pythia-70m,143000,tldr17,halfB,-,halfB,hub_strength_cv,0.27051362538295176
EleutherAI/pythia-70m,143000,tldr17,halfA,real,halfA,segregation_within_mean,0.12525150868408888
EleutherAI/pythia-70m,143000,tldr17,halfA,real,halfA,segregation_between_mean,0.0398276502526379
EleutherAI/pythia-70m,143000,tldr17,halfA,real,halfA,segregation_ratio,3.1448380180498625
EleutherAI/pythia-70m,143000,tldr17,halfA,real,halfA,segregation_modularity,0.02660691105221128
EleutherAI/pythia-70m,143000,tldr17,halfA,real,halfB,segregation_within_mean,0.12539132771974543
EleutherAI/pythia-70m,143000,tldr17,halfA,real,halfB,segregation_between_mean,0.03994402978823743
EleutherAI/pythia-70m,143000,tldr17,halfA,real,halfB,segregation_ratio,3.139175701212555
EleutherAI/pythia-70m,143000,tldr17,halfA,real,halfB,segregation_modularity,0.026526948612382563
EleutherAI/pythia-70m,143000,tldr17,halfA,null,halfA,segregation_within_mean,0.045419141257622586
EleutherAI/pythia-70m,143000,tldr17,halfA,null,halfA,segregation_between_mean,0.040857765699725386
EleutherAI/pythia-70m,143000,tldr17,halfA,null,halfA,segregation_ratio,1.1116403572192362
EleutherAI/pythia-70m,143000,tldr17,halfA,null,halfA,segregation_modularity,0.00368338422376972
EleutherAI/pythia-70m,143000,tldr17,halfA,null,halfB,segregation_within_mean,0.04557514104744781
EleutherAI/pythia-70m,143000,tldr17,halfA,null,halfB,segregation_between_mean,0.040973639807168984
EleutherAI/pythia-70m,143000,tldr17,halfA,null,halfB,segregation_ratio,1.1123039413128661
EleutherAI/pythia-70m,143000,tldr17,halfA,null,halfB,segregation_modularity,0.0036471471702571217
EleutherAI/pythia-70m,143000,tldr17,halfB,real,halfB,segregation_within_mean,0.12455274556996779
EleutherAI/pythia-70m,143000,tldr17,halfB,real,halfB,segregation_between_mean,0.03994513675869792
EleutherAI/pythia-70m,143000,tldr17,halfB,real,halfB,segregation_ratio,3.1180953597022505
EleutherAI/pythia-70m,143000,tldr17,halfB,real,halfB,segregation_modularity,0.026604959566635656
EleutherAI/pythia-70m,143000,tldr17,halfB,real,halfA,segregation_within_mean,0.12394416220606418
EleutherAI/pythia-70m,143000,tldr17,halfB,real,halfA,segregation_between_mean,0.03983505873472805
EleutherAI/pythia-70m,143000,tldr17,halfB,real,halfA,segregation_ratio,3.1114341522988678
EleutherAI/pythia-70m,143000,tldr17,halfB,real,halfA,segregation_modularity,0.026530906529174954
EleutherAI/pythia-70m,143000,tldr17,halfB,null,halfB,segregation_within_mean,0.045592058178882566
EleutherAI/pythia-70m,143000,tldr17,halfB,null,halfB,segregation_between_mean,0.04097058414253244
EleutherAI/pythia-70m,143000,tldr17,halfB,null,halfB,segregation_ratio,1.1127998082788493
EleutherAI/pythia-70m,143000,tldr17,halfB,null,halfB,segregation_modularity,0.0036890625714802046
EleutherAI/pythia-70m,143000,tldr17,halfB,null,halfA,segregation_within_mean,0.04537815435358646
EleutherAI/pythia-70m,143000,tldr17,halfB,null,halfA,segregation_between_mean,0.040855966327846556
EleutherAI/pythia-70m,143000,tldr17,halfB,null,halfA,segregation_ratio,1.1106861110431667
EleutherAI/pythia-70m,143000,tldr17,halfB,null,halfA,segregation_modularity,0.0036992992409214578
EleutherAI/pythia-70m,16,wikitext,halfA,-,halfA,act_firing_rate_median,0.49724833170572913
EleutherAI/pythia-70m,16,wikitext,halfA,-,halfA,act_frac_dead,0.0
EleutherAI/pythia-70m,16,wikitext,halfA,-,halfA,act_frac_dense,0.493408203125
EleutherAI/pythia-70m,16,wikitext,halfA,-,halfA,act_firing_rate_gini,0.2417056096018857
EleutherAI/pythia-70m,16,wikitext,halfB,-,halfB,act_firing_rate_median,0.4975255330403646
EleutherAI/pythia-70m,16,wikitext,halfB,-,halfB,act_frac_dead,0.0
EleutherAI/pythia-70m,16,wikitext,halfB,-,halfB,act_frac_dense,0.4934895833333333
EleutherAI/pythia-70m,16,wikitext,halfB,-,halfB,act_firing_rate_gini,0.2422309884530478
EleutherAI/pythia-70m,16,wikitext,-,-,-,lm_loss,10.757333753747655
EleutherAI/pythia-70m,16,wikitext,halfA,-,halfA,dim_participation_ratio,120.12633390256335
EleutherAI/pythia-70m,16,wikitext,halfA,-,halfA,dim_top1_share,0.041445250503078374
EleutherAI/pythia-70m,16,wikitext,halfA,-,halfA,dim_top10_share,0.22685035258783598
EleutherAI/pythia-70m,16,wikitext,halfA,-,halfA,dim_top100_share,0.5927359034183194
EleutherAI/pythia-70m,16,wikitext,halfA,-,halfA,dim_n_for_50pct,62.0
EleutherAI/pythia-70m,16,wikitext,halfA,-,halfA,dim_n_for_90pct,949.0
EleutherAI/pythia-70m,16,wikitext,halfA,-,halfA,dim_participation_ratio_frac,0.009775906079310169
EleutherAI/pythia-70m,16,wikitext,halfA,-,halfA,n_live_units,12288.0
EleutherAI/pythia-70m,16,wikitext,halfA,-,halfA,coupling_mean_absr,0.07065643296442306
EleutherAI/pythia-70m,16,wikitext,halfA,-,halfA,coupling_median_absr,0.05786905810236931
EleutherAI/pythia-70m,16,wikitext,halfA,-,halfA,coupling_p90_absr,0.1468393191695213
EleutherAI/pythia-70m,16,wikitext,halfA,-,halfA,coupling_p99_absr,0.2535460928082466
EleutherAI/pythia-70m,16,wikitext,halfA,-,halfA,coupling_frac_absr_gt_0.1,0.25075226198638767
EleutherAI/pythia-70m,16,wikitext,halfA,-,halfA,coupling_frac_absr_gt_0.3,0.0039789278636559655
EleutherAI/pythia-70m,16,wikitext,halfA,-,halfA,coupling_concentration_top1pct,0.036328766457480635
EleutherAI/pythia-70m,16,wikitext,halfA,-,halfA,hub_strength_gini,0.11708581829769216
EleutherAI/pythia-70m,16,wikitext,halfA,-,halfA,hub_strength_cv,0.21326991567173592
EleutherAI/pythia-70m,16,wikitext,halfB,-,halfB,dim_participation_ratio,118.0722832849488
EleutherAI/pythia-70m,16,wikitext,halfB,-,halfB,dim_top1_share,0.0427855880596377
EleutherAI/pythia-70m,16,wikitext,halfB,-,halfB,dim_top10_share,0.22871802950348968
EleutherAI/pythia-70m,16,wikitext,halfB,-,halfB,dim_top100_share,0.5933079238561384
EleutherAI/pythia-70m,16,wikitext,halfB,-,halfB,dim_n_for_50pct,61.0
EleutherAI/pythia-70m,16,wikitext,halfB,-,halfB,dim_n_for_90pct,947.0
EleutherAI/pythia-70m,16,wikitext,halfB,-,halfB,dim_participation_ratio_frac,0.009608747012121483
EleutherAI/pythia-70m,16,wikitext,halfB,-,halfB,n_live_units,12288.0
EleutherAI/pythia-70m,16,wikitext,halfB,-,halfB,coupling_mean_absr,0.07122628777161757
EleutherAI/pythia-70m,16,wikitext,halfB,-,halfB,coupling_median_absr,0.058279262855648994
EleutherAI/pythia-70m,16,wikitext,halfB,-,halfB,coupling_p90_absr,0.14817239195108411
EleutherAI/pythia-70m,16,wikitext,halfB,-,halfB,coupling_p99_absr,0.2557900685071943
EleutherAI/pythia-70m,16,wikitext,halfB,-,halfB,coupling_frac_absr_gt_0.1,0.25440334522226543
EleutherAI/pythia-70m,16,wikitext,halfB,-,halfB,coupling_frac_absr_gt_0.3,0.004278735452859504
EleutherAI/pythia-70m,16,wikitext,halfB,-,halfB,coupling_concentration_top1pct,0.036270383041449195
EleutherAI/pythia-70m,16,wikitext,halfB,-,halfB,hub_strength_gini,0.11928323583372258
EleutherAI/pythia-70m,16,wikitext,halfB,-,halfB,hub_strength_cv,0.21730262003673298
EleutherAI/pythia-70m,16,wikitext,halfA,real,halfA,segregation_within_mean,0.15219736375987175
EleutherAI/pythia-70m,16,wikitext,halfA,real,halfA,segregation_between_mean,0.06959164992394452
EleutherAI/pythia-70m,16,wikitext,halfA,real,halfA,segregation_ratio,2.1870061124604105
EleutherAI/pythia-70m,16,wikitext,halfA,real,halfA,segregation_modularity,0.014560965434432568
EleutherAI/pythia-70m,16,wikitext,halfA,real,halfB,segregation_within_mean,0.15394594835467465
EleutherAI/pythia-70m,16,wikitext,halfA,real,halfB,segregation_between_mean,0.07014611256110595
EleutherAI/pythia-70m,16,wikitext,halfA,real,halfB,segregation_ratio,2.1946468982235996
EleutherAI/pythia-70m,16,wikitext,halfA,real,halfB,segregation_modularity,0.014626337929892543
EleutherAI/pythia-70m,16,wikitext,halfA,null,halfA,segregation_within_mean,0.07055875509803995
EleutherAI/pythia-70m,16,wikitext,halfA,null,halfA,segregation_between_mean,0.07065744436569807
EleutherAI/pythia-70m,16,wikitext,halfA,null,halfA,segregation_ratio,0.9986032714805345
EleutherAI/pythia-70m,16,wikitext,halfA,null,halfA,segregation_modularity,-9.1368872099874e-05
EleutherAI/pythia-70m,16,wikitext,halfA,null,halfB,segregation_within_mean,0.07113354524871364
EleutherAI/pythia-70m,16,wikitext,halfA,null,halfB,segregation_between_mean,0.0712272480706757
EleutherAI/pythia-70m,16,wikitext,halfA,null,halfB,segregation_ratio,0.998684452586613
EleutherAI/pythia-70m,16,wikitext,halfA,null,halfB,segregation_modularity,-9.003090992744709e-05
EleutherAI/pythia-70m,16,wikitext,halfB,real,halfB,segregation_within_mean,0.15542936619347406
EleutherAI/pythia-70m,16,wikitext,halfB,real,halfB,segregation_between_mean,0.07015513279072212
EleutherAI/pythia-70m,16,wikitext,halfB,real,halfB,segregation_ratio,2.215509543074078
EleutherAI/pythia-70m,16,wikitext,halfB,real,halfB,segregation_modularity,0.014410183931321593
EleutherAI/pythia-70m,16,wikitext,halfB,real,halfA,segregation_within_mean,0.15327052399679925
EleutherAI/pythia-70m,16,wikitext,halfB,real,halfA,segregation_between_mean,0.06960549163048887
EleutherAI/pythia-70m,16,wikitext,halfB,real,halfA,segregation_ratio,2.201988958147996
EleutherAI/pythia-70m,16,wikitext,halfB,real,halfA,segregation_modularity,0.0142779876326483
EleutherAI/pythia-70m,16,wikitext,halfB,null,halfB,segregation_within_mean,0.07132586805119337
EleutherAI/pythia-70m,16,wikitext,halfB,null,halfB,segregation_between_mean,0.07122525654772889
EleutherAI/pythia-70m,16,wikitext,halfB,null,halfB,segregation_ratio,1.001412581833202
EleutherAI/pythia-70m,16,wikitext,halfB,null,halfB,segregation_modularity,-8.560791914859705e-05
EleutherAI/pythia-70m,16,wikitext,halfB,null,halfA,segregation_within_mean,0.07076137198018846
EleutherAI/pythia-70m,16,wikitext,halfB,null,halfA,segregation_between_mean,0.07065534624633284
EleutherAI/pythia-70m,16,wikitext,halfB,null,halfA,segregation_ratio,1.0015006045471206
EleutherAI/pythia-70m,16,wikitext,halfB,null,halfA,segregation_modularity,-8.433472231514877e-05
EleutherAI/pythia-70m,16,bookcorpus,halfA,-,halfA,act_firing_rate_median,0.4976781209309896
EleutherAI/pythia-70m,16,bookcorpus,halfA,-,halfA,act_frac_dead,0.0
EleutherAI/pythia-70m,16,bookcorpus,halfA,-,halfA,act_frac_dense,0.4938151041666667
EleutherAI/pythia-70m,16,bookcorpus,halfA,-,halfA,act_firing_rate_gini,0.2450998799698052
EleutherAI/pythia-70m,16,bookcorpus,halfB,-,halfB,act_firing_rate_median,0.497344970703125
EleutherAI/pythia-70m,16,bookcorpus,halfB,-,halfB,act_frac_dead,0.0
EleutherAI/pythia-70m,16,bookcorpus,halfB,-,halfB,act_frac_dense,0.4935709635416667
EleutherAI/pythia-70m,16,bookcorpus,halfB,-,halfB,act_firing_rate_gini,0.2449456647099164
EleutherAI/pythia-70m,16,bookcorpus,-,-,-,lm_loss,10.762009736554713
EleutherAI/pythia-70m,16,bookcorpus,halfA,-,halfA,dim_participation_ratio,108.25519358539913
EleutherAI/pythia-70m,16,bookcorpus,halfA,-,halfA,dim_top1_share,0.04427996661374552
EleutherAI/pythia-70m,16,bookcorpus,halfA,-,halfA,dim_top10_share,0.23878378519211713
EleutherAI/pythia-70m,16,bookcorpus,halfA,-,halfA,dim_top100_share,0.6187013563624371
EleutherAI/pythia-70m,16,bookcorpus,halfA,-,halfA,dim_n_for_50pct,56.0
EleutherAI/pythia-70m,16,bookcorpus,halfA,-,halfA,dim_n_for_90pct,661.0
EleutherAI/pythia-70m,16,bookcorpus,halfA,-,halfA,dim_participation_ratio_frac,0.008809830207145111
EleutherAI/pythia-70m,16,bookcorpus,halfA,-,halfA,n_live_units,12288.0
EleutherAI/pythia-70m,16,bookcorpus,halfA,-,halfA,coupling_mean_absr,0.07439900147156615
EleutherAI/pythia-70m,16,bookcorpus,halfA,-,halfA,coupling_median_absr,0.06081129051744938
EleutherAI/pythia-70m,16,bookcorpus,halfA,-,halfA,coupling_p90_absr,0.1548094883561135
EleutherAI/pythia-70m,16,bookcorpus,halfA,-,halfA,coupling_p99_absr,0.2683387163281442
EleutherAI/pythia-70m,16,bookcorpus,halfA,-,halfA,coupling_frac_absr_gt_0.1,0.2739099597730393
EleutherAI/pythia-70m,16,bookcorpus,halfA,-,halfA,coupling_frac_absr_gt_0.3,0.005543808024270586
EleutherAI/pythia-70m,16,bookcorpus,halfA,-,halfA,coupling_concentration_top1pct,0.03607237365146339
EleutherAI/pythia-70m,16,bookcorpus,halfA,-,halfA,hub_strength_gini,0.12258266557574893
EleutherAI/pythia-70m,16,bookcorpus,halfA,-,halfA,hub_strength_cv,0.22205726826204514
EleutherAI/pythia-70m,16,bookcorpus,halfB,-,halfB,dim_participation_ratio,109.34090886139039
EleutherAI/pythia-70m,16,bookcorpus,halfB,-,halfB,dim_top1_share,0.04429789949044765
EleutherAI/pythia-70m,16,bookcorpus,halfB,-,halfB,dim_top10_share,0.23690420370979492
EleutherAI/pythia-70m,16,bookcorpus,halfB,-,halfB,dim_top100_share,0.6180992372153908
EleutherAI/pythia-70m,16,bookcorpus,halfB,-,halfB,dim_n_for_50pct,56.0
EleutherAI/pythia-70m,16,bookcorpus,halfB,-,halfB,dim_n_for_90pct,661.0
EleutherAI/pythia-70m,16,bookcorpus,halfB,-,halfB,dim_participation_ratio_frac,0.008898185942495963
EleutherAI/pythia-70m,16,bookcorpus,halfB,-,halfB,n_live_units,12288.0
EleutherAI/pythia-70m,16,bookcorpus,halfB,-,halfB,coupling_mean_absr,0.07403438191466398
EleutherAI/pythia-70m,16,bookcorpus,halfB,-,halfB,coupling_median_absr,0.06056340038776398
EleutherAI/pythia-70m,16,bookcorpus,halfB,-,halfB,coupling_p90_absr,0.15402669906616212
EleutherAI/pythia-70m,16,bookcorpus,halfB,-,halfB,coupling_p99_absr,0.26686090350151037
EleutherAI/pythia-70m,16,bookcorpus,halfB,-,halfB,coupling_frac_absr_gt_0.1,0.27201730385698475
EleutherAI/pythia-70m,16,bookcorpus,halfB,-,halfB,coupling_frac_absr_gt_0.3,0.005336249312192087
EleutherAI/pythia-70m,16,bookcorpus,halfB,-,halfB,coupling_concentration_top1pct,0.03609808769595811
EleutherAI/pythia-70m,16,bookcorpus,halfB,-,halfB,hub_strength_gini,0.1220955544785165
EleutherAI/pythia-70m,16,bookcorpus,halfB,-,halfB,hub_strength_cv,0.22131461514920542
EleutherAI/pythia-70m,16,bookcorpus,halfA,real,halfA,segregation_within_mean,0.16755843359577743
EleutherAI/pythia-70m,16,bookcorpus,halfA,real,halfA,segregation_between_mean,0.07326112819940936
EleutherAI/pythia-70m,16,bookcorpus,halfA,real,halfA,segregation_ratio,2.2871396839494524
EleutherAI/pythia-70m,16,bookcorpus,halfA,real,halfA,segregation_modularity,0.014328106015763405
EleutherAI/pythia-70m,16,bookcorpus,halfA,real,halfB,segregation_within_mean,0.16631742497858912
EleutherAI/pythia-70m,16,bookcorpus,halfA,real,halfB,segregation_between_mean,0.07290721308016893
EleutherAI/pythia-70m,16,bookcorpus,halfA,real,halfB,segregation_ratio,2.2812204437948562
EleutherAI/pythia-70m,16,bookcorpus,halfA,real,halfB,segregation_modularity,0.014260086215409707
EleutherAI/pythia-70m,16,bookcorpus,halfA,null,halfA,segregation_within_mean,0.07445499582365907
EleutherAI/pythia-70m,16,bookcorpus,halfA,null,halfA,segregation_between_mean,0.07439842621303237
EleutherAI/pythia-70m,16,bookcorpus,halfA,null,halfA,segregation_ratio,1.0007603603127937
EleutherAI/pythia-70m,16,bookcorpus,halfA,null,halfA,segregation_modularity,-7.84701698764445e-05
EleutherAI/pythia-70m,16,bookcorpus,halfA,null,halfB,segregation_within_mean,0.07409669713868926
EleutherAI/pythia-70m,16,bookcorpus,halfA,null,halfB,segregation_between_mean,0.0740337417022583
EleutherAI/pythia-70m,16,bookcorpus,halfA,null,halfB,segregation_ratio,1.0008503614025637
EleutherAI/pythia-70m,16,bookcorpus,halfA,null,halfB,segregation_modularity,-7.77013342938472e-05
EleutherAI/pythia-70m,16,bookcorpus,halfB,real,halfB,segregation_within_mean,0.16464053410454615
EleutherAI/pythia-70m,16,bookcorpus,halfB,real,halfB,segregation_between_mean,0.07291694361018254
EleutherAI/pythia-70m,16,bookcorpus,halfB,real,halfB,segregation_ratio,2.2579187491006523
EleutherAI/pythia-70m,16,bookcorpus,halfB,real,halfB,segregation_modularity,0.014232206871253917
EleutherAI/pythia-70m,16,bookcorpus,halfB,real,halfA,segregation_within_mean,0.1657968712160796
EleutherAI/pythia-70m,16,bookcorpus,halfB,real,halfA,segregation_between_mean,0.07327179897612437
EleutherAI/pythia-70m,16,bookcorpus,halfB,real,halfA,segregation_ratio,2.2627651229104466
EleutherAI/pythia-70m,16,bookcorpus,halfB,real,halfA,segregation_modularity,0.0142897512632084
EleutherAI/pythia-70m,16,bookcorpus,halfB,null,halfB,segregation_within_mean,0.07407111441907437
EleutherAI/pythia-70m,16,bookcorpus,halfB,null,halfB,segregation_between_mean,0.0740340033163302
EleutherAI/pythia-70m,16,bookcorpus,halfB,null,halfB,segregation_ratio,1.0005012710522434
EleutherAI/pythia-70m,16,bookcorpus,halfB,null,halfB,segregation_modularity,-8.270534503426962e-05
EleutherAI/pythia-70m,16,bookcorpus,halfB,null,halfA,segregation_within_mean,0.0744296609499012
EleutherAI/pythia-70m,16,bookcorpus,halfB,null,halfA,segregation_between_mean,0.07439868546344333
EleutherAI/pythia-70m,16,bookcorpus,halfB,null,halfA,segregation_ratio,1.0004163445397578
EleutherAI/pythia-70m,16,bookcorpus,halfB,null,halfA,segregation_modularity,-8.363010778762923e-05
EleutherAI/pythia-70m,16,agnews,halfA,-,halfA,act_firing_rate_median,0.49772135416666663
EleutherAI/pythia-70m,16,agnews,halfA,-,halfA,act_frac_dead,0.0
EleutherAI/pythia-70m,16,agnews,halfA,-,halfA,act_frac_dense,0.4930826822916667
EleutherAI/pythia-70m,16,agnews,halfA,-,halfA,act_firing_rate_gini,0.24142804979079635
EleutherAI/pythia-70m,16,agnews,halfB,-,halfB,act_firing_rate_median,0.49800872802734375
EleutherAI/pythia-70m,16,agnews,halfB,-,halfB,act_frac_dead,0.0
EleutherAI/pythia-70m,16,agnews,halfB,-,halfB,act_frac_dense,0.4934895833333333
EleutherAI/pythia-70m,16,agnews,halfB,-,halfB,act_firing_rate_gini,0.24146627666290787
EleutherAI/pythia-70m,16,agnews,-,-,-,lm_loss,10.678172131032285
EleutherAI/pythia-70m,16,agnews,halfA,-,halfA,dim_participation_ratio,172.71356996782472
EleutherAI/pythia-70m,16,agnews,halfA,-,halfA,dim_top1_share,0.028457832399057095
EleutherAI/pythia-70m,16,agnews,halfA,-,halfA,dim_top10_share,0.18313580564136683
EleutherAI/pythia-70m,16,agnews,halfA,-,halfA,dim_top100_share,0.5510146558056004
EleutherAI/pythia-70m,16,agnews,halfA,-,halfA,dim_n_for_50pct,79.0
EleutherAI/pythia-70m,16,agnews,halfA,-,halfA,dim_n_for_90pct,1040.0
EleutherAI/pythia-70m,16,agnews,halfA,-,halfA,dim_participation_ratio_frac,0.014055466305975319
EleutherAI/pythia-70m,16,agnews,halfA,-,halfA,n_live_units,12288.0
EleutherAI/pythia-70m,16,agnews,halfA,-,halfA,coupling_mean_absr,0.0590267797232618
EleutherAI/pythia-70m,16,agnews,halfA,-,halfA,coupling_median_absr,0.0484752394258976
EleutherAI/pythia-70m,16,agnews,halfA,-,halfA,coupling_p90_absr,0.12282038033008577
EleutherAI/pythia-70m,16,agnews,halfA,-,halfA,coupling_p99_absr,0.20826085507869735
EleutherAI/pythia-70m,16,agnews,halfA,-,halfA,coupling_frac_absr_gt_0.1,0.17413185294379432
EleutherAI/pythia-70m,16,agnews,halfA,-,halfA,coupling_frac_absr_gt_0.3,0.0009238766817645864
EleutherAI/pythia-70m,16,agnews,halfA,-,halfA,coupling_concentration_top1pct,0.03701915864301056
EleutherAI/pythia-70m,16,agnews,halfA,-,halfA,hub_strength_gini,0.09997004652282837
EleutherAI/pythia-70m,16,agnews,halfA,-,halfA,hub_strength_cv,0.18018857843290545
EleutherAI/pythia-70m,16,agnews,halfB,-,halfB,dim_participation_ratio,172.60827893846164
EleutherAI/pythia-70m,16,agnews,halfB,-,halfB,dim_top1_share,0.028391266021584358
EleutherAI/pythia-70m,16,agnews,halfB,-,halfB,dim_top10_share,0.18353623211397702
EleutherAI/pythia-70m,16,agnews,halfB,-,halfB,dim_top100_share,0.550882053837587
EleutherAI/pythia-70m,16,agnews,halfB,-,halfB,dim_n_for_50pct,79.0
EleutherAI/pythia-70m,16,agnews,halfB,-,halfB,dim_n_for_90pct,1048.0
EleutherAI/pythia-70m,16,agnews,halfB,-,halfB,dim_participation_ratio_frac,0.01404689770007012
EleutherAI/pythia-70m,16,agnews,halfB,-,halfB,n_live_units,12288.0
EleutherAI/pythia-70m,16,agnews,halfB,-,halfB,coupling_mean_absr,0.059042734468246795
EleutherAI/pythia-70m,16,agnews,halfB,-,halfB,coupling_median_absr,0.048505350947380066
EleutherAI/pythia-70m,16,agnews,halfB,-,halfB,coupling_p90_absr,0.12294554263353347
EleutherAI/pythia-70m,16,agnews,halfB,-,halfB,coupling_p99_absr,0.208438435196876
EleutherAI/pythia-70m,16,agnews,halfB,-,halfB,coupling_frac_absr_gt_0.1,0.17444894904235014
EleutherAI/pythia-70m,16,agnews,halfB,-,halfB,coupling_frac_absr_gt_0.3,0.0009390783191318156
EleutherAI/pythia-70m,16,agnews,halfB,-,halfB,coupling_concentration_top1pct,0.03702086994270064
EleutherAI/pythia-70m,16,agnews,halfB,-,halfB,hub_strength_gini,0.10008845901402386
EleutherAI/pythia-70m,16,agnews,halfB,-,halfB,hub_strength_cv,0.18019601541169755
EleutherAI/pythia-70m,16,agnews,halfA,real,halfA,segregation_within_mean,0.10995267890826713
EleutherAI/pythia-70m,16,agnews,halfA,real,halfA,segregation_between_mean,0.05832450737237758
EleutherAI/pythia-70m,16,agnews,halfA,real,halfA,segregation_ratio,1.8851883001131116
EleutherAI/pythia-70m,16,agnews,halfA,real,halfA,segregation_modularity,0.01234621059318582
EleutherAI/pythia-70m,16,agnews,halfA,real,halfB,segregation_within_mean,0.10997984278292386
EleutherAI/pythia-70m,16,agnews,halfA,real,halfB,segregation_between_mean,0.058340307550955324
EleutherAI/pythia-70m,16,agnews,halfA,real,halfB,segregation_ratio,1.8851433494221086
EleutherAI/pythia-70m,16,agnews,halfA,real,halfB,segregation_modularity,0.012354323717440125
EleutherAI/pythia-70m,16,agnews,halfA,null,halfA,segregation_within_mean,0.05902713996058103
EleutherAI/pythia-70m,16,agnews,halfA,null,halfA,segregation_between_mean,0.059026776015628106
EleutherAI/pythia-70m,16,agnews,halfA,null,halfA,segregation_ratio,1.0000061657603123
EleutherAI/pythia-70m,16,agnews,halfA,null,halfA,segregation_modularity,-7.354320570040393e-05
EleutherAI/pythia-70m,16,agnews,halfA,null,halfB,segregation_within_mean,0.059041101978654004
EleutherAI/pythia-70m,16,agnews,halfA,null,halfB,segregation_between_mean,0.05904275127024134
EleutherAI/pythia-70m,16,agnews,halfA,null,halfB,segregation_ratio,0.9999720661461085
EleutherAI/pythia-70m,16,agnews,halfA,null,halfB,segregation_modularity,-7.431886966826175e-05
EleutherAI/pythia-70m,16,agnews,halfB,real,halfB,segregation_within_mean,0.11005313042132199
EleutherAI/pythia-70m,16,agnews,halfB,real,halfB,segregation_between_mean,0.058343271784576
EleutherAI/pythia-70m,16,agnews,halfB,real,halfB,segregation_ratio,1.8863037168651955
EleutherAI/pythia-70m,16,agnews,halfB,real,halfB,segregation_modularity,0.012306406578615151
EleutherAI/pythia-70m,16,agnews,halfB,real,halfA,segregation_within_mean,0.10992454477615049
EleutherAI/pythia-70m,16,agnews,halfB,real,halfA,segregation_between_mean,0.0583288614474494
EleutherAI/pythia-70m,16,agnews,halfB,real,halfA,segregation_ratio,1.8845652400601978
EleutherAI/pythia-70m,16,agnews,halfB,real,halfA,segregation_modularity,0.012277989192339477
EleutherAI/pythia-70m,16,agnews,halfB,null,halfB,segregation_within_mean,0.059054773609734296
EleutherAI/pythia-70m,16,agnews,halfB,null,halfB,segregation_between_mean,0.05904261013295298
EleutherAI/pythia-70m,16,agnews,halfB,null,halfB,segregation_ratio,1.0002060118404983
EleutherAI/pythia-70m,16,agnews,halfB,null,halfB,segregation_modularity,-7.90099966055442e-05
EleutherAI/pythia-70m,16,agnews,halfB,null,halfA,segregation_within_mean,0.05903545367488164
EleutherAI/pythia-70m,16,agnews,halfB,null,halfA,segregation_between_mean,0.05902669013855297
EleutherAI/pythia-70m,16,agnews,halfB,null,halfA,segregation_ratio,1.0001484673510932
EleutherAI/pythia-70m,16,agnews,halfB,null,halfA,segregation_modularity,-7.960175153680185e-05
EleutherAI/pythia-70m,16,tldr17,halfA,-,halfA,act_firing_rate_median,0.4976603190104167
EleutherAI/pythia-70m,16,tldr17,halfA,-,halfA,act_frac_dead,0.0
EleutherAI/pythia-70m,16,tldr17,halfA,-,halfA,act_frac_dense,0.49267578125
EleutherAI/pythia-70m,16,tldr17,halfA,-,halfA,act_firing_rate_gini,0.2449812185386917
EleutherAI/pythia-70m,16,tldr17,halfB,-,halfB,act_firing_rate_median,0.49779764811197913
EleutherAI/pythia-70m,16,tldr17,halfB,-,halfB,act_frac_dead,0.0
EleutherAI/pythia-70m,16,tldr17,halfB,-,halfB,act_frac_dense,0.4918619791666667
EleutherAI/pythia-70m,16,tldr17,halfB,-,halfB,act_firing_rate_gini,0.24511043956407108
EleutherAI/pythia-70m,16,tldr17,-,-,-,lm_loss,10.527081578582738
EleutherAI/pythia-70m,16,tldr17,halfA,-,halfA,dim_participation_ratio,126.7986829860767
EleutherAI/pythia-70m,16,tldr17,halfA,-,halfA,dim_top1_share,0.033777157563392224
EleutherAI/pythia-70m,16,tldr17,halfA,-,halfA,dim_top10_share,0.2224161801201177
EleutherAI/pythia-70m,16,tldr17,halfA,-,halfA,dim_top100_share,0.6189715561694462
EleutherAI/pythia-70m,16,tldr17,halfA,-,halfA,dim_n_for_50pct,57.0
EleutherAI/pythia-70m,16,tldr17,halfA,-,halfA,dim_n_for_90pct,653.0
EleutherAI/pythia-70m,16,tldr17,halfA,-,halfA,dim_participation_ratio_frac,0.01031890323779921
EleutherAI/pythia-70m,16,tldr17,halfA,-,halfA,n_live_units,12288.0
EleutherAI/pythia-70m,16,tldr17,halfA,-,halfA,coupling_mean_absr,0.06922679571847888
EleutherAI/pythia-70m,16,tldr17,halfA,-,halfA,coupling_median_absr,0.05718009173870087
EleutherAI/pythia-70m,16,tldr17,halfA,-,halfA,coupling_p90_absr,0.14358308464288716
EleutherAI/pythia-70m,16,tldr17,halfA,-,halfA,coupling_p99_absr,0.24276670411229134
EleutherAI/pythia-70m,16,tldr17,halfA,-,halfA,coupling_frac_absr_gt_0.1,0.24326517468362532
EleutherAI/pythia-70m,16,tldr17,halfA,-,halfA,coupling_frac_absr_gt_0.3,0.0026910098987721043
EleutherAI/pythia-70m,16,tldr17,halfA,-,halfA,coupling_concentration_top1pct,0.036519868649826016
EleutherAI/pythia-70m,16,tldr17,halfA,-,halfA,hub_strength_gini,0.09936148587846194
EleutherAI/pythia-70m,16,tldr17,halfA,-,halfA,hub_strength_cv,0.17734700934914294
EleutherAI/pythia-70m,16,tldr17,halfB,-,halfB,dim_participation_ratio,124.15064594597727
EleutherAI/pythia-70m,16,tldr17,halfB,-,halfB,dim_top1_share,0.034726921593727485
EleutherAI/pythia-70m,16,tldr17,halfB,-,halfB,dim_top10_share,0.22555485877946158
EleutherAI/pythia-70m,16,tldr17,halfB,-,halfB,dim_top100_share,0.619640005915838
EleutherAI/pythia-70m,16,tldr17,halfB,-,halfB,dim_n_for_50pct,56.0
EleutherAI/pythia-70m,16,tldr17,halfB,-,halfB,dim_n_for_90pct,649.0
EleutherAI/pythia-70m,16,tldr17,halfB,-,halfB,dim_participation_ratio_frac,0.010103405431801537
EleutherAI/pythia-70m,16,tldr17,halfB,-,halfB,n_live_units,12288.0
EleutherAI/pythia-70m,16,tldr17,halfB,-,halfB,coupling_mean_absr,0.06993423809419057
EleutherAI/pythia-70m,16,tldr17,halfB,-,halfB,coupling_median_absr,0.05769436061382294
EleutherAI/pythia-70m,16,tldr17,halfB,-,halfB,coupling_p90_absr,0.1450362429022789
EleutherAI/pythia-70m,16,tldr17,halfB,-,halfB,coupling_p99_absr,0.24549579471349753
EleutherAI/pythia-70m,16,tldr17,halfB,-,halfB,coupling_frac_absr_gt_0.1,0.24776831521649992
EleutherAI/pythia-70m,16,tldr17,halfB,-,halfB,coupling_frac_absr_gt_0.3,0.002954844661137942
EleutherAI/pythia-70m,16,tldr17,halfB,-,halfB,coupling_concentration_top1pct,0.03647363365672917
EleutherAI/pythia-70m,16,tldr17,halfB,-,halfB,hub_strength_gini,0.10123967496591568
EleutherAI/pythia-70m,16,tldr17,halfB,-,halfB,hub_strength_cv,0.1808389377817012
EleutherAI/pythia-70m,16,tldr17,halfA,real,halfA,segregation_within_mean,0.14099485026431313
EleutherAI/pythia-70m,16,tldr17,halfA,real,halfA,segregation_between_mean,0.06829042756896203
EleutherAI/pythia-70m,16,tldr17,halfA,real,halfA,segregation_ratio,2.0646356346492585
EleutherAI/pythia-70m,16,tldr17,halfA,real,halfA,segregation_modularity,0.013704265983871077
EleutherAI/pythia-70m,16,tldr17,halfA,real,halfB,segregation_within_mean,0.14317107137110383
EleutherAI/pythia-70m,16,tldr17,halfA,real,halfB,segregation_between_mean,0.06897870658337774
EleutherAI/pythia-70m,16,tldr17,halfA,real,halfB,segregation_ratio,2.0755835889448924
EleutherAI/pythia-70m,16,tldr17,halfA,real,halfB,segregation_modularity,0.01383706196185946
EleutherAI/pythia-70m,16,tldr17,halfA,null,halfA,segregation_within_mean,0.06936210670397089
EleutherAI/pythia-70m,16,tldr17,halfA,null,halfA,segregation_between_mean,0.06922539264037558
EleutherAI/pythia-70m,16,tldr17,halfA,null,halfA,segregation_ratio,1.0019749120717238
EleutherAI/pythia-70m,16,tldr17,halfA,null,halfA,segregation_modularity,-6.237638975684784e-05
EleutherAI/pythia-70m,16,tldr17,halfA,null,halfB,segregation_within_mean,0.07005797350035288
EleutherAI/pythia-70m,16,tldr17,halfA,null,halfB,segregation_between_mean,0.06993295503814974
EleutherAI/pythia-70m,16,tldr17,halfA,null,halfB,segregation_ratio,1.0017876902546867
EleutherAI/pythia-70m,16,tldr17,halfA,null,halfB,segregation_modularity,-6.415604629549131e-05
EleutherAI/pythia-70m,16,tldr17,halfB,real,halfB,segregation_within_mean,0.14480307802669865
EleutherAI/pythia-70m,16,tldr17,halfB,real,halfB,segregation_between_mean,0.06895746139145593
EleutherAI/pythia-70m,16,tldr17,halfB,real,halfB,segregation_ratio,2.0998899191587737
EleutherAI/pythia-70m,16,tldr17,halfB,real,halfB,segregation_modularity,0.014039696327146163
EleutherAI/pythia-70m,16,tldr17,halfB,real,halfA,segregation_within_mean,0.1423507596500447
EleutherAI/pythia-70m,16,tldr17,halfB,real,halfA,segregation_between_mean,0.06827278354928619
EleutherAI/pythia-70m,16,tldr17,halfB,real,halfA,segregation_ratio,2.0850293813973697
EleutherAI/pythia-70m,16,tldr17,halfB,real,halfA,segregation_modularity,0.013864389660650702
EleutherAI/pythia-70m,16,tldr17,halfB,null,halfB,segregation_within_mean,0.06999597833446539
EleutherAI/pythia-70m,16,tldr17,halfB,null,halfB,segregation_between_mean,0.06993359676292525
EleutherAI/pythia-70m,16,tldr17,halfB,null,halfB,segregation_ratio,1.0008920114855755
EleutherAI/pythia-70m,16,tldr17,halfB,null,halfB,segregation_modularity,-7.343147164938382e-05
EleutherAI/pythia-70m,16,tldr17,halfB,null,halfA,segregation_within_mean,0.0692905421056148
EleutherAI/pythia-70m,16,tldr17,halfB,null,halfA,segregation_between_mean,0.06922613354536057
EleutherAI/pythia-70m,16,tldr17,halfB,null,halfA,segregation_ratio,1.0009304081703774
EleutherAI/pythia-70m,16,tldr17,halfB,null,halfA,segregation_modularity,-7.281834414713464e-05
EleutherAI/pythia-70m,16000,wikitext,halfA,-,halfA,act_firing_rate_median,0.20963541666666666
EleutherAI/pythia-70m,16000,wikitext,halfA,-,halfA,act_frac_dead,0.000244140625
EleutherAI/pythia-70m,16000,wikitext,halfA,-,halfA,act_frac_dense,0.0234375
EleutherAI/pythia-70m,16000,wikitext,halfA,-,halfA,act_firing_rate_gini,0.2686713232787601
EleutherAI/pythia-70m,16000,wikitext,halfB,-,halfB,act_firing_rate_median,0.20979054768880206
EleutherAI/pythia-70m,16000,wikitext,halfB,-,halfB,act_frac_dead,0.000244140625
EleutherAI/pythia-70m,16000,wikitext,halfB,-,halfB,act_frac_dense,0.02294921875
EleutherAI/pythia-70m,16000,wikitext,halfB,-,halfB,act_firing_rate_gini,0.26795935669737636
EleutherAI/pythia-70m,16000,wikitext,-,-,-,lm_loss,4.427295019441197
EleutherAI/pythia-70m,16000,wikitext,halfA,-,halfA,dim_participation_ratio,332.7239112760706
EleutherAI/pythia-70m,16000,wikitext,halfA,-,halfA,dim_top1_share,0.030716815980230516
EleutherAI/pythia-70m,16000,wikitext,halfA,-,halfA,dim_top10_share,0.12527763090868896
EleutherAI/pythia-70m,16000,wikitext,halfA,-,halfA,dim_top100_share,0.36203230424215643
EleutherAI/pythia-70m,16000,wikitext,halfA,-,halfA,dim_n_for_50pct,279.0
EleutherAI/pythia-70m,16000,wikitext,halfA,-,halfA,dim_n_for_90pct,4468.0
EleutherAI/pythia-70m,16000,wikitext,halfA,-,halfA,dim_participation_ratio_frac,0.027081549021330833
EleutherAI/pythia-70m,16000,wikitext,halfA,-,halfA,n_live_units,12286.0
EleutherAI/pythia-70m,16000,wikitext,halfA,-,halfA,coupling_mean_absr,0.03921424849742495
EleutherAI/pythia-70m,16000,wikitext,halfA,-,halfA,coupling_median_absr,0.02908618189394474
EleutherAI/pythia-70m,16000,wikitext,halfA,-,halfA,coupling_p90_absr,0.08508036956191059
EleutherAI/pythia-70m,16000,wikitext,halfA,-,halfA,coupling_p99_absr,0.1751916967332362
EleutherAI/pythia-70m,16000,wikitext,halfA,-,halfA,coupling_frac_absr_gt_0.1,0.06582142368531167
EleutherAI/pythia-70m,16000,wikitext,halfA,-,halfA,coupling_frac_absr_gt_0.3,0.0006506536138577818
EleutherAI/pythia-70m,16000,wikitext,halfA,-,halfA,coupling_concentration_top1pct,0.04605553364902888
EleutherAI/pythia-70m,16000,wikitext,halfA,-,halfA,hub_strength_gini,0.1558721933157705
EleutherAI/pythia-70m,16000,wikitext,halfA,-,halfA,hub_strength_cv,0.2795204116446867
EleutherAI/pythia-70m,16000,wikitext,halfB,-,halfB,dim_participation_ratio,333.3703887796806
EleutherAI/pythia-70m,16000,wikitext,halfB,-,halfB,dim_top1_share,0.030655513547351233
EleutherAI/pythia-70m,16000,wikitext,halfB,-,halfB,dim_top10_share,0.12524907976113472
EleutherAI/pythia-70m,16000,wikitext,halfB,-,halfB,dim_top100_share,0.3617708272477945
EleutherAI/pythia-70m,16000,wikitext,halfB,-,halfB,dim_n_for_50pct,279.0
EleutherAI/pythia-70m,16000,wikitext,halfB,-,halfB,dim_n_for_90pct,4467.0
EleutherAI/pythia-70m,16000,wikitext,halfB,-,halfB,dim_participation_ratio_frac,0.027136376783042784
EleutherAI/pythia-70m,16000,wikitext,halfB,-,halfB,n_live_units,12285.0
EleutherAI/pythia-70m,16000,wikitext,halfB,-,halfB,coupling_mean_absr,0.039176220488493126
EleutherAI/pythia-70m,16000,wikitext,halfB,-,halfB,coupling_median_absr,0.02903574611991644
EleutherAI/pythia-70m,16000,wikitext,halfB,-,halfB,coupling_p90_absr,0.08501588404178619
EleutherAI/pythia-70m,16000,wikitext,halfB,-,halfB,coupling_p99_absr,0.17508044615387897
EleutherAI/pythia-70m,16000,wikitext,halfB,-,halfB,coupling_frac_absr_gt_0.1,0.06585476301342025
EleutherAI/pythia-70m,16000,wikitext,halfB,-,halfB,coupling_frac_absr_gt_0.3,0.0006946544609097354
EleutherAI/pythia-70m,16000,wikitext,halfB,-,halfB,coupling_concentration_top1pct,0.04607524451368537
EleutherAI/pythia-70m,16000,wikitext,halfB,-,halfB,hub_strength_gini,0.15590125029751456
EleutherAI/pythia-70m,16000,wikitext,halfB,-,halfB,hub_strength_cv,0.28005002325232575
EleutherAI/pythia-70m,16000,wikitext,halfA,real,halfA,segregation_within_mean,0.12210625928202556
EleutherAI/pythia-70m,16000,wikitext,halfA,real,halfA,segregation_between_mean,0.03803746871484143
EleutherAI/pythia-70m,16000,wikitext,halfA,real,halfA,segregation_ratio,3.2101573371621925
EleutherAI/pythia-70m,16000,wikitext,halfA,real,halfA,segregation_modularity,0.026718225264185408
EleutherAI/pythia-70m,16000,wikitext,halfA,real,halfB,segregation_within_mean,0.12136899431508102
EleutherAI/pythia-70m,16000,wikitext,halfA,real,halfB,segregation_between_mean,0.03800936746208679
EleutherAI/pythia-70m,16000,wikitext,halfA,real,halfB,segregation_ratio,3.1931337567283378
EleutherAI/pythia-70m,16000,wikitext,halfA,real,halfB,segregation_modularity,0.026500994230976845
EleutherAI/pythia-70m,16000,wikitext,halfA,null,halfA,segregation_within_mean,0.05273868297924219
EleutherAI/pythia-70m,16000,wikitext,halfA,null,halfA,segregation_between_mean,0.03895949386120442
EleutherAI/pythia-70m,16000,wikitext,halfA,null,halfA,segregation_ratio,1.3536798801115584
EleutherAI/pythia-70m,16000,wikitext,halfA,null,halfA,segregation_modularity,0.0042069339810101225
EleutherAI/pythia-70m,16000,wikitext,halfA,null,halfB,segregation_within_mean,0.052603449665624996
EleutherAI/pythia-70m,16000,wikitext,halfA,null,halfB,segregation_between_mean,0.038923296856604145
EleutherAI/pythia-70m,16000,wikitext,halfA,null,halfB,segregation_ratio,1.3514643905787167
EleutherAI/pythia-70m,16000,wikitext,halfA,null,halfB,segregation_modularity,0.004150376190562176
EleutherAI/pythia-70m,16000,wikitext,halfB,real,halfB,segregation_within_mean,0.12208052749600089
EleutherAI/pythia-70m,16000,wikitext,halfB,real,halfB,segregation_between_mean,0.038021505455600804
EleutherAI/pythia-70m,16000,wikitext,halfB,real,halfB,segregation_ratio,3.2108283465671574
EleutherAI/pythia-70m,16000,wikitext,halfB,real,halfB,segregation_modularity,0.026313223170798865
EleutherAI/pythia-70m,16000,wikitext,halfB,real,halfA,segregation_within_mean,0.12229202132372219
EleutherAI/pythia-70m,16000,wikitext,halfB,real,halfA,segregation_between_mean,0.03805711738107987
EleutherAI/pythia-70m,16000,wikitext,halfB,real,halfA,segregation_ratio,3.2133810897753325
EleutherAI/pythia-70m,16000,wikitext,halfB,real,halfA,segregation_modularity,0.026344182228272187
EleutherAI/pythia-70m,16000,wikitext,halfB,null,halfB,segregation_within_mean,0.05128832894214513
EleutherAI/pythia-70m,16000,wikitext,halfB,null,halfB,segregation_between_mean,0.03896518137243705
EleutherAI/pythia-70m,16000,wikitext,halfB,null,halfB,segregation_ratio,1.3162604955414157
EleutherAI/pythia-70m,16000,wikitext,halfB,null,halfB,segregation_modularity,0.003469011298196041
EleutherAI/pythia-70m,16000,wikitext,halfB,null,halfA,segregation_within_mean,0.05142004436802862
EleutherAI/pythia-70m,16000,wikitext,halfB,null,halfA,segregation_between_mean,0.03900157697728773
EleutherAI/pythia-70m,16000,wikitext,halfB,null,halfA,segregation_ratio,1.3184093658052003
EleutherAI/pythia-70m,16000,wikitext,halfB,null,halfA,segregation_modularity,0.0035114703625540467
EleutherAI/pythia-70m,16000,bookcorpus,halfA,-,halfA,act_firing_rate_median,0.20694732666015625
EleutherAI/pythia-70m,16000,bookcorpus,halfA,-,halfA,act_frac_dead,0.0013834635416666667
EleutherAI/pythia-70m,16000,bookcorpus,halfA,-,halfA,act_frac_dense,0.035481770833333336
EleutherAI/pythia-70m,16000,bookcorpus,halfA,-,halfA,act_firing_rate_gini,0.3166639374527256
EleutherAI/pythia-70m,16000,bookcorpus,halfB,-,halfB,act_firing_rate_median,0.2071533203125
EleutherAI/pythia-70m,16000,bookcorpus,halfB,-,halfB,act_frac_dead,0.001220703125
EleutherAI/pythia-70m,16000,bookcorpus,halfB,-,halfB,act_frac_dense,0.03564453125
EleutherAI/pythia-70m,16000,bookcorpus,halfB,-,halfB,act_firing_rate_gini,0.3174010911842857
EleutherAI/pythia-70m,16000,bookcorpus,-,-,-,lm_loss,4.831566817426356
EleutherAI/pythia-70m,16000,bookcorpus,halfA,-,halfA,dim_participation_ratio,271.8584918549328
EleutherAI/pythia-70m,16000,bookcorpus,halfA,-,halfA,dim_top1_share,0.0350292888340907
EleutherAI/pythia-70m,16000,bookcorpus,halfA,-,halfA,dim_top10_share,0.14233013480687756
EleutherAI/pythia-70m,16000,bookcorpus,halfA,-,halfA,dim_top100_share,0.38128414713950903
EleutherAI/pythia-70m,16000,bookcorpus,halfA,-,halfA,dim_n_for_50pct,233.0
EleutherAI/pythia-70m,16000,bookcorpus,halfA,-,halfA,dim_n_for_90pct,3968.0
EleutherAI/pythia-70m,16000,bookcorpus,halfA,-,halfA,dim_participation_ratio_frac,0.022123900704340237
EleutherAI/pythia-70m,16000,bookcorpus,halfA,-,halfA,n_live_units,12288.0
EleutherAI/pythia-70m,16000,bookcorpus,halfA,-,halfA,coupling_mean_absr,0.04314615081113272
EleutherAI/pythia-70m,16000,bookcorpus,halfA,-,halfA,coupling_median_absr,0.031747568398714066
EleutherAI/pythia-70m,16000,bookcorpus,halfA,-,halfA,coupling_p90_absr,0.09406330138444904
EleutherAI/pythia-70m,16000,bookcorpus,halfA,-,halfA,coupling_p99_absr,0.19108794555068048
EleutherAI/pythia-70m,16000,bookcorpus,halfA,-,halfA,coupling_frac_absr_gt_0.1,0.08576151204728669
EleutherAI/pythia-70m,16000,bookcorpus,halfA,-,halfA,coupling_frac_absr_gt_0.3,0.0016661226266253197
EleutherAI/pythia-70m,16000,bookcorpus,halfA,-,halfA,coupling_concentration_top1pct,0.04527218378017049
EleutherAI/pythia-70m,16000,bookcorpus,halfA,-,halfA,hub_strength_gini,0.16915173389236426
EleutherAI/pythia-70m,16000,bookcorpus,halfA,-,halfA,hub_strength_cv,0.31653432674375714
EleutherAI/pythia-70m,16000,bookcorpus,halfB,-,halfB,dim_participation_ratio,271.1335826606086
EleutherAI/pythia-70m,16000,bookcorpus,halfB,-,halfB,dim_top1_share,0.035170695913765745
EleutherAI/pythia-70m,16000,bookcorpus,halfB,-,halfB,dim_top10_share,0.1423976955506541
EleutherAI/pythia-70m,16000,bookcorpus,halfB,-,halfB,dim_top100_share,0.3814320307781707
EleutherAI/pythia-70m,16000,bookcorpus,halfB,-,halfB,dim_n_for_50pct,233.0
EleutherAI/pythia-70m,16000,bookcorpus,halfB,-,halfB,dim_n_for_90pct,3969.0
EleutherAI/pythia-70m,16000,bookcorpus,halfB,-,halfB,dim_participation_ratio_frac,0.022064907443083384
EleutherAI/pythia-70m,16000,bookcorpus,halfB,-,halfB,n_live_units,12288.0
EleutherAI/pythia-70m,16000,bookcorpus,halfB,-,halfB,coupling_mean_absr,0.04319047079500534
EleutherAI/pythia-70m,16000,bookcorpus,halfB,-,halfB,coupling_median_absr,0.03178757429122925
EleutherAI/pythia-70m,16000,bookcorpus,halfB,-,halfB,coupling_p90_absr,0.09414194822311402
EleutherAI/pythia-70m,16000,bookcorpus,halfB,-,halfB,coupling_p99_absr,0.19146470814943284
EleutherAI/pythia-70m,16000,bookcorpus,halfB,-,halfB,coupling_frac_absr_gt_0.1,0.08599884110242083
EleutherAI/pythia-70m,16000,bookcorpus,halfB,-,halfB,coupling_frac_absr_gt_0.3,0.0016931425626037712
EleutherAI/pythia-70m,16000,bookcorpus,halfB,-,halfB,coupling_concentration_top1pct,0.04529175698596321
EleutherAI/pythia-70m,16000,bookcorpus,halfB,-,halfB,hub_strength_gini,0.16959731997576877
EleutherAI/pythia-70m,16000,bookcorpus,halfB,-,halfB,hub_strength_cv,0.31787436195791746
EleutherAI/pythia-70m,16000,bookcorpus,halfA,real,halfA,segregation_within_mean,0.12679530944264894
EleutherAI/pythia-70m,16000,bookcorpus,halfA,real,halfA,segregation_between_mean,0.04209461279992579
EleutherAI/pythia-70m,16000,bookcorpus,halfA,real,halfA,segregation_ratio,3.0121505106912987
EleutherAI/pythia-70m,16000,bookcorpus,halfA,real,halfA,segregation_modularity,0.022076543849821193
EleutherAI/pythia-70m,16000,bookcorpus,halfA,real,halfB,segregation_within_mean,0.12681005238565538
EleutherAI/pythia-70m,16000,bookcorpus,halfA,real,halfB,segregation_between_mean,0.04213930459110355
EleutherAI/pythia-70m,16000,bookcorpus,halfA,real,halfB,segregation_ratio,3.0093057684779048
EleutherAI/pythia-70m,16000,bookcorpus,halfA,real,halfB,segregation_modularity,0.022015496728687828
EleutherAI/pythia-70m,16000,bookcorpus,halfA,null,halfA,segregation_within_mean,0.04558370183755387
EleutherAI/pythia-70m,16000,bookcorpus,halfA,null,halfA,segregation_between_mean,0.04311133148552334
EleutherAI/pythia-70m,16000,bookcorpus,halfA,null,halfA,segregation_ratio,1.0573485036726538
EleutherAI/pythia-70m,16000,bookcorpus,halfA,null,halfA,segregation_modularity,0.0008553108367187596
EleutherAI/pythia-70m,16000,bookcorpus,halfA,null,halfB,segregation_within_mean,0.045618465921804234
EleutherAI/pythia-70m,16000,bookcorpus,halfA,null,halfB,segregation_between_mean,0.04315578796663709
EleutherAI/pythia-70m,16000,bookcorpus,halfA,null,halfB,segregation_ratio,1.057064835823899
EleutherAI/pythia-70m,16000,bookcorpus,halfA,null,halfB,segregation_modularity,0.0008522540998832846
EleutherAI/pythia-70m,16000,bookcorpus,halfB,real,halfB,segregation_within_mean,0.12667875930692393
EleutherAI/pythia-70m,16000,bookcorpus,halfB,real,halfB,segregation_between_mean,0.04212302297501684
EleutherAI/pythia-70m,16000,bookcorpus,halfB,real,halfB,segregation_ratio,3.0073520455086302
EleutherAI/pythia-70m,16000,bookcorpus,halfB,real,halfB,segregation_modularity,0.022262085946307394
EleutherAI/pythia-70m,16000,bookcorpus,halfB,real,halfA,segregation_within_mean,0.12648384795793371
EleutherAI/pythia-70m,16000,bookcorpus,halfB,real,halfA,segregation_between_mean,0.042080628393818376
EleutherAI/pythia-70m,16000,bookcorpus,halfB,real,halfA,segregation_ratio,3.005749980114701
EleutherAI/pythia-70m,16000,bookcorpus,halfB,real,halfA,segregation_modularity,0.02227036412423181
EleutherAI/pythia-70m,16000,bookcorpus,halfB,null,halfB,segregation_within_mean,0.045702634465302025
EleutherAI/pythia-70m,16000,bookcorpus,halfB,null,halfB,segregation_between_mean,0.04315355071882357
EleutherAI/pythia-70m,16000,bookcorpus,halfB,null,halfB,segregation_ratio,1.0590700812335831
EleutherAI/pythia-70m,16000,bookcorpus,halfB,null,halfB,segregation_modularity,0.0009099084302537729
EleutherAI/pythia-70m,16000,bookcorpus,halfB,null,halfA,segregation_within_mean,0.045674266286369045
EleutherAI/pythia-70m,16000,bookcorpus,halfB,null,halfA,segregation_between_mean,0.04310899629589573
EleutherAI/pythia-70m,16000,bookcorpus,halfB,null,halfA,segregation_ratio,1.0595066044420418
EleutherAI/pythia-70m,16000,bookcorpus,halfB,null,halfA,segregation_modularity,0.0009151484313113754
EleutherAI/pythia-70m,16000,agnews,halfA,-,halfA,act_firing_rate_median,0.22002410888671875
EleutherAI/pythia-70m,16000,agnews,halfA,-,halfA,act_frac_dead,0.0
EleutherAI/pythia-70m,16000,agnews,halfA,-,halfA,act_frac_dense,0.025797526041666668
EleutherAI/pythia-70m,16000,agnews,halfA,-,halfA,act_firing_rate_gini,0.28169803276490346
EleutherAI/pythia-70m,16000,agnews,halfB,-,halfB,act_firing_rate_median,0.22002665201822919
EleutherAI/pythia-70m,16000,agnews,halfB,-,halfB,act_frac_dead,0.0
EleutherAI/pythia-70m,16000,agnews,halfB,-,halfB,act_frac_dense,0.025472005208333332
EleutherAI/pythia-70m,16000,agnews,halfB,-,halfB,act_firing_rate_gini,0.28120954646631735
EleutherAI/pythia-70m,16000,agnews,-,-,-,lm_loss,4.800894575314914
EleutherAI/pythia-70m,16000,agnews,halfA,-,halfA,dim_participation_ratio,402.58256698797743
EleutherAI/pythia-70m,16000,agnews,halfA,-,halfA,dim_top1_share,0.02664377972515781
EleutherAI/pythia-70m,16000,agnews,halfA,-,halfA,dim_top10_share,0.1102480420835163
EleutherAI/pythia-70m,16000,agnews,halfA,-,halfA,dim_top100_share,0.34285941021433686
EleutherAI/pythia-70m,16000,agnews,halfA,-,halfA,dim_n_for_50pct,299.0
EleutherAI/pythia-70m,16000,agnews,halfA,-,halfA,dim_n_for_90pct,4437.0
EleutherAI/pythia-70m,16000,agnews,halfA,-,halfA,dim_participation_ratio_frac,0.032762253172849726
EleutherAI/pythia-70m,16000,agnews,halfA,-,halfA,n_live_units,12288.0
EleutherAI/pythia-70m,16000,agnews,halfA,-,halfA,coupling_mean_absr,0.03553185858295182
EleutherAI/pythia-70m,16000,agnews,halfA,-,halfA,coupling_median_absr,0.026333237066864967
EleutherAI/pythia-70m,16000,agnews,halfA,-,halfA,coupling_p90_absr,0.0770071640610695
EleutherAI/pythia-70m,16000,agnews,halfA,-,halfA,coupling_p99_absr,0.15980012118816378
EleutherAI/pythia-70m,16000,agnews,halfA,-,halfA,coupling_frac_absr_gt_0.1,0.05052319342505428
EleutherAI/pythia-70m,16000,agnews,halfA,-,halfA,coupling_frac_absr_gt_0.3,0.000299024819059982
EleutherAI/pythia-70m,16000,agnews,halfA,-,halfA,coupling_concentration_top1pct,0.04655229512201508
EleutherAI/pythia-70m,16000,agnews,halfA,-,halfA,hub_strength_gini,0.15071880633586177
EleutherAI/pythia-70m,16000,agnews,halfA,-,halfA,hub_strength_cv,0.2659570715764567
EleutherAI/pythia-70m,16000,agnews,halfB,-,halfB,dim_participation_ratio,403.57150068381935
EleutherAI/pythia-70m,16000,agnews,halfB,-,halfB,dim_top1_share,0.026651820726018214
EleutherAI/pythia-70m,16000,agnews,halfB,-,halfB,dim_top10_share,0.10998108320539353
EleutherAI/pythia-70m,16000,agnews,halfB,-,halfB,dim_top100_share,0.34254365305459716
EleutherAI/pythia-70m,16000,agnews,halfB,-,halfB,dim_n_for_50pct,301.0
EleutherAI/pythia-70m,16000,agnews,halfB,-,halfB,dim_n_for_90pct,4462.0
EleutherAI/pythia-70m,16000,agnews,halfB,-,halfB,dim_participation_ratio_frac,0.03284273280304519
EleutherAI/pythia-70m,16000,agnews,halfB,-,halfB,n_live_units,12288.0
EleutherAI/pythia-70m,16000,agnews,halfB,-,halfB,coupling_mean_absr,0.03549127489788874
EleutherAI/pythia-70m,16000,agnews,halfB,-,halfB,coupling_median_absr,0.026307769119739532
EleutherAI/pythia-70m,16000,agnews,halfB,-,halfB,coupling_p90_absr,0.0769062966108322
EleutherAI/pythia-70m,16000,agnews,halfB,-,halfB,coupling_p99_absr,0.16005629509687413
EleutherAI/pythia-70m,16000,agnews,halfB,-,halfB,coupling_frac_absr_gt_0.1,0.0504034036438639
EleutherAI/pythia-70m,16000,agnews,halfB,-,halfB,coupling_frac_absr_gt_0.3,0.0002998250054054508
EleutherAI/pythia-70m,16000,agnews,halfB,-,halfB,coupling_concentration_top1pct,0.04655898682564462
EleutherAI/pythia-70m,16000,agnews,halfB,-,halfB,hub_strength_gini,0.1508001030176842
EleutherAI/pythia-70m,16000,agnews,halfB,-,halfB,hub_strength_cv,0.26621174604336023
EleutherAI/pythia-70m,16000,agnews,halfA,real,halfA,segregation_within_mean,0.10025263526088568
EleutherAI/pythia-70m,16000,agnews,halfA,real,halfA,segregation_between_mean,0.03459630142265788
EleutherAI/pythia-70m,16000,agnews,halfA,real,halfA,segregation_ratio,2.897784767108892
EleutherAI/pythia-70m,16000,agnews,halfA,real,halfA,segregation_modularity,0.024359233960837025
EleutherAI/pythia-70m,16000,agnews,halfA,real,halfB,segregation_within_mean,0.09987645674145454
EleutherAI/pythia-70m,16000,agnews,halfA,real,halfB,segregation_between_mean,0.03456056885493224
EleutherAI/pythia-70m,16000,agnews,halfA,real,halfB,segregation_ratio,2.8898962039856837
EleutherAI/pythia-70m,16000,agnews,halfA,real,halfB,segregation_modularity,0.02425491726656159
EleutherAI/pythia-70m,16000,agnews,halfA,null,halfA,segregation_within_mean,0.03894155587460399
EleutherAI/pythia-70m,16000,agnews,halfA,null,halfA,segregation_between_mean,0.03548416139433528
EleutherAI/pythia-70m,16000,agnews,halfA,null,halfA,segregation_ratio,1.0974348651457957
EleutherAI/pythia-70m,16000,agnews,halfA,null,halfA,segregation_modularity,0.001287537356228699
EleutherAI/pythia-70m,16000,agnews,halfA,null,halfB,segregation_within_mean,0.03887522926535798
EleutherAI/pythia-70m,16000,agnews,halfA,null,halfB,segregation_between_mean,0.03544393781273556
EleutherAI/pythia-70m,16000,agnews,halfA,null,halfB,segregation_ratio,1.0968089795990306
EleutherAI/pythia-70m,16000,agnews,halfA,null,halfB,segregation_modularity,0.0012696991225378874
EleutherAI/pythia-70m,16000,agnews,halfB,real,halfB,segregation_within_mean,0.10010718218820912
EleutherAI/pythia-70m,16000,agnews,halfB,real,halfB,segregation_between_mean,0.0345696091956967
EleutherAI/pythia-70m,16000,agnews,halfB,real,halfB,segregation_ratio,2.8958146914970238
EleutherAI/pythia-70m,16000,agnews,halfB,real,halfB,segregation_modularity,0.02401318086214592
EleutherAI/pythia-70m,16000,agnews,halfB,real,halfA,segregation_within_mean,0.10019344869911868
EleutherAI/pythia-70m,16000,agnews,halfB,real,halfA,segregation_between_mean,0.03460954127267151
EleutherAI/pythia-70m,16000,agnews,halfB,real,halfA,segregation_ratio,2.8949660993696478
EleutherAI/pythia-70m,16000,agnews,halfB,real,halfA,segregation_modularity,0.02399979042829825
EleutherAI/pythia-70m,16000,agnews,halfB,null,halfB,segregation_within_mean,0.03910600799126852
EleutherAI/pythia-70m,16000,agnews,halfB,null,halfB,segregation_between_mean,0.03544280938386379
EleutherAI/pythia-70m,16000,agnews,halfB,null,halfB,segregation_ratio,1.1033551987296044
EleutherAI/pythia-70m,16000,agnews,halfB,null,halfB,segregation_modularity,0.0012399571589398457
EleutherAI/pythia-70m,16000,agnews,halfB,null,halfA,segregation_within_mean,0.03916383452460002
EleutherAI/pythia-70m,16000,agnews,halfB,null,halfA,segregation_between_mean,0.03548316188051925
EleutherAI/pythia-70m,16000,agnews,halfB,null,halfA,segregation_ratio,1.1037301201193548
EleutherAI/pythia-70m,16000,agnews,halfB,null,halfA,segregation_modularity,0.001248439296199126
EleutherAI/pythia-70m,16000,tldr17,halfA,-,halfA,act_firing_rate_median,0.20186614990234375
EleutherAI/pythia-70m,16000,tldr17,halfA,-,halfA,act_frac_dead,8.138020833333333e-05
EleutherAI/pythia-70m,16000,tldr17,halfA,-,halfA,act_frac_dense,0.026448567708333332
EleutherAI/pythia-70m,16000,tldr17,halfA,-,halfA,act_firing_rate_gini,0.2932215636518314
EleutherAI/pythia-70m,16000,tldr17,halfB,-,halfB,act_firing_rate_median,0.20147450764973956
EleutherAI/pythia-70m,16000,tldr17,halfB,-,halfB,act_frac_dead,8.138020833333333e-05
EleutherAI/pythia-70m,16000,tldr17,halfB,-,halfB,act_frac_dense,0.026448567708333332
EleutherAI/pythia-70m,16000,tldr17,halfB,-,halfB,act_firing_rate_gini,0.29473433970286433
EleutherAI/pythia-70m,16000,tldr17,-,-,-,lm_loss,3.9952045969358414
EleutherAI/pythia-70m,16000,tldr17,halfA,-,halfA,dim_participation_ratio,386.2335441529999
EleutherAI/pythia-70m,16000,tldr17,halfA,-,halfA,dim_top1_share,0.0238144163777921
EleutherAI/pythia-70m,16000,tldr17,halfA,-,halfA,dim_top10_share,0.1142959606707305
EleutherAI/pythia-70m,16000,tldr17,halfA,-,halfA,dim_top100_share,0.3631790614725112
EleutherAI/pythia-70m,16000,tldr17,halfA,-,halfA,dim_n_for_50pct,254.0
EleutherAI/pythia-70m,16000,tldr17,halfA,-,halfA,dim_n_for_90pct,4166.0
EleutherAI/pythia-70m,16000,tldr17,halfA,-,halfA,dim_participation_ratio_frac,0.031431766288492834
EleutherAI/pythia-70m,16000,tldr17,halfA,-,halfA,n_live_units,12288.0
EleutherAI/pythia-70m,16000,tldr17,halfA,-,halfA,coupling_mean_absr,0.03639145922390528
EleutherAI/pythia-70m,16000,tldr17,halfA,-,halfA,coupling_median_absr,0.027114426717162132
EleutherAI/pythia-70m,16000,tldr17,halfA,-,halfA,coupling_p90_absr,0.07879357412457469
EleutherAI/pythia-70m,16000,tldr17,halfA,-,halfA,coupling_p99_absr,0.1602224580943586
EleutherAI/pythia-70m,16000,tldr17,halfA,-,halfA,coupling_frac_absr_gt_0.1,0.05233608221441272
EleutherAI/pythia-70m,16000,tldr17,halfA,-,halfA,coupling_frac_absr_gt_0.3,0.00046583633523414824
EleutherAI/pythia-70m,16000,tldr17,halfA,-,halfA,coupling_concentration_top1pct,0.047696240021609104
EleutherAI/pythia-70m,16000,tldr17,halfA,-,halfA,hub_strength_gini,0.13766471185063156
EleutherAI/pythia-70m,16000,tldr17,halfA,-,halfA,hub_strength_cv,0.24626589328631576
EleutherAI/pythia-70m,16000,tldr17,halfB,-,halfB,dim_participation_ratio,383.8278781002801
EleutherAI/pythia-70m,16000,tldr17,halfB,-,halfB,dim_top1_share,0.023876094604889344
EleutherAI/pythia-70m,16000,tldr17,halfB,-,halfB,dim_top10_share,0.1149066268447989
EleutherAI/pythia-70m,16000,tldr17,halfB,-,halfB,dim_top100_share,0.36333750882229016
EleutherAI/pythia-70m,16000,tldr17,halfB,-,halfB,dim_n_for_50pct,254.0
EleutherAI/pythia-70m,16000,tldr17,halfB,-,halfB,dim_n_for_90pct,4157.0
EleutherAI/pythia-70m,16000,tldr17,halfB,-,halfB,dim_participation_ratio_frac,0.031235992683942063
EleutherAI/pythia-70m,16000,tldr17,halfB,-,halfB,n_live_units,12288.0
EleutherAI/pythia-70m,16000,tldr17,halfB,-,halfB,coupling_mean_absr,0.036500910045862506
EleutherAI/pythia-70m,16000,tldr17,halfB,-,halfB,coupling_median_absr,0.027150378562510014
EleutherAI/pythia-70m,16000,tldr17,halfB,-,halfB,coupling_p90_absr,0.07908115535974503
EleutherAI/pythia-70m,16000,tldr17,halfB,-,halfB,coupling_p99_absr,0.1606517352163794
EleutherAI/pythia-70m,16000,tldr17,halfB,-,halfB,coupling_frac_absr_gt_0.1,0.05299698815061887
EleutherAI/pythia-70m,16000,tldr17,halfB,-,halfB,coupling_frac_absr_gt_0.3,0.0004768394823091352
EleutherAI/pythia-70m,16000,tldr17,halfB,-,halfB,coupling_concentration_top1pct,0.04768551737561238
EleutherAI/pythia-70m,16000,tldr17,halfB,-,halfB,hub_strength_gini,0.13823939514829986
EleutherAI/pythia-70m,16000,tldr17,halfB,-,halfB,hub_strength_cv,0.24752192964338818
EleutherAI/pythia-70m,16000,tldr17,halfA,real,halfA,segregation_within_mean,0.10375815155967992
EleutherAI/pythia-70m,16000,tldr17,halfA,real,halfA,segregation_between_mean,0.03553376480668823
EleutherAI/pythia-70m,16000,tldr17,halfA,real,halfA,segregation_ratio,2.9199875702489697
EleutherAI/pythia-70m,16000,tldr17,halfA,real,halfA,segregation_modularity,0.022598853075120943
EleutherAI/pythia-70m,16000,tldr17,halfA,real,halfB,segregation_within_mean,0.10395072488502362
EleutherAI/pythia-70m,16000,tldr17,halfA,real,halfB,segregation_between_mean,0.03564215733238129
EleutherAI/pythia-70m,16000,tldr17,halfA,real,halfB,segregation_ratio,2.9165104658404966
EleutherAI/pythia-70m,16000,tldr17,halfA,real,halfB,segregation_modularity,0.022565334352056588
EleutherAI/pythia-70m,16000,tldr17,halfA,null,halfA,segregation_within_mean,0.0440429141931497
EleutherAI/pythia-70m,16000,tldr17,halfA,null,halfA,segregation_between_mean,0.03623345647776241
EleutherAI/pythia-70m,16000,tldr17,halfA,null,halfA,segregation_ratio,1.2155316791314181
EleutherAI/pythia-70m,16000,tldr17,halfA,null,halfA,segregation_modularity,0.0033911406390475193
EleutherAI/pythia-70m,16000,tldr17,halfA,null,halfB,segregation_within_mean,0.0441158988488634
EleutherAI/pythia-70m,16000,tldr17,halfA,null,halfB,segregation_between_mean,0.0363436603232597
EleutherAI/pythia-70m,16000,tldr17,halfA,null,halfB,segregation_ratio,1.2138540382689391
EleutherAI/pythia-70m,16000,tldr17,halfA,null,halfB,segregation_modularity,0.0033519242618105633
EleutherAI/pythia-70m,16000,tldr17,halfB,real,halfB,segregation_within_mean,0.1026747788311176
EleutherAI/pythia-70m,16000,tldr17,halfB,real,halfB,segregation_between_mean,0.03564950246878564
EleutherAI/pythia-70m,16000,tldr17,halfB,real,halfB,segregation_ratio,2.8801181424907303
EleutherAI/pythia-70m,16000,tldr17,halfB,real,halfB,segregation_modularity,0.02244244122325643
EleutherAI/pythia-70m,16000,tldr17,halfB,real,halfA,segregation_within_mean,0.10186755756993968
EleutherAI/pythia-70m,16000,tldr17,halfB,real,halfA,segregation_between_mean,0.0355490293122154
EleutherAI/pythia-70m,16000,tldr17,halfB,real,halfA,segregation_ratio,2.865551030248126
EleutherAI/pythia-70m,16000,tldr17,halfB,real,halfA,segregation_modularity,0.02226095200759861
EleutherAI/pythia-70m,16000,tldr17,halfB,null,halfB,segregation_within_mean,0.0444011161817609
EleutherAI/pythia-70m,16000,tldr17,halfB,null,halfB,segregation_between_mean,0.03633199027077283
EleutherAI/pythia-70m,16000,tldr17,halfB,null,halfB,segregation_ratio,1.22209424396657
EleutherAI/pythia-70m,16000,tldr17,halfB,null,halfB,segregation_modularity,0.0034264715550435536
EleutherAI/pythia-70m,16000,tldr17,halfB,null,halfA,segregation_within_mean,0.04431865482068584
EleutherAI/pythia-70m,16000,tldr17,halfB,null,halfA,segregation_between_mean,0.03622196236155502
EleutherAI/pythia-70m,16000,tldr17,halfB,null,halfA,segregation_ratio,1.223529923042613
EleutherAI/pythia-70m,16000,tldr17,halfB,null,halfA,segregation_modularity,0.0034574777087280862
EleutherAI/pythia-70m,256,wikitext,halfA,-,halfA,act_firing_rate_median,0.4943669637044271
EleutherAI/pythia-70m,256,wikitext,halfA,-,halfA,act_frac_dead,0.0
EleutherAI/pythia-70m,256,wikitext,halfA,-,halfA,act_frac_dense,0.4807942708333333
EleutherAI/pythia-70m,256,wikitext,halfA,-,halfA,act_firing_rate_gini,0.20709865444795872
EleutherAI/pythia-70m,256,wikitext,halfB,-,halfB,act_firing_rate_median,0.49480692545572913
EleutherAI/pythia-70m,256,wikitext,halfB,-,halfB,act_frac_dead,0.0
EleutherAI/pythia-70m,256,wikitext,halfB,-,halfB,act_frac_dense,0.4833984375
EleutherAI/pythia-70m,256,wikitext,halfB,-,halfB,act_firing_rate_gini,0.2090242543180154
EleutherAI/pythia-70m,256,wikitext,-,-,-,lm_loss,7.419382457613636
EleutherAI/pythia-70m,256,wikitext,halfA,-,halfA,dim_participation_ratio,63.43105067435677
EleutherAI/pythia-70m,256,wikitext,halfA,-,halfA,dim_top1_share,0.06837642358816567
EleutherAI/pythia-70m,256,wikitext,halfA,-,halfA,dim_top10_share,0.322314896210759
EleutherAI/pythia-70m,256,wikitext,halfA,-,halfA,dim_top100_share,0.6495733719887533
EleutherAI/pythia-70m,256,wikitext,halfA,-,halfA,dim_n_for_50pct,32.0
EleutherAI/pythia-70m,256,wikitext,halfA,-,halfA,dim_n_for_90pct,785.0
EleutherAI/pythia-70m,256,wikitext,halfA,-,halfA,dim_participation_ratio_frac,0.005162032118681378
EleutherAI/pythia-70m,256,wikitext,halfA,-,halfA,n_live_units,12288.0
EleutherAI/pythia-70m,256,wikitext,halfA,-,halfA,coupling_mean_absr,0.09526731982732269
EleutherAI/pythia-70m,256,wikitext,halfA,-,halfA,coupling_median_absr,0.07459602504968643
EleutherAI/pythia-70m,256,wikitext,halfA,-,halfA,coupling_p90_absr,0.20425235629081726
EleutherAI/pythia-70m,256,wikitext,halfA,-,halfA,coupling_p99_absr,0.3697498708963393
EleutherAI/pythia-70m,256,wikitext,halfA,-,halfA,coupling_frac_absr_gt_0.1,0.3741580306217232
EleutherAI/pythia-70m,256,wikitext,halfA,-,halfA,coupling_frac_absr_gt_0.3,0.02761227525148072
EleutherAI/pythia-70m,256,wikitext,halfA,-,halfA,coupling_concentration_top1pct,0.036723868451198904
EleutherAI/pythia-70m,256,wikitext,halfA,-,halfA,hub_strength_gini,0.15853021683789037
EleutherAI/pythia-70m,256,wikitext,halfA,-,halfA,hub_strength_cv,0.27723467156170745
EleutherAI/pythia-70m,256,wikitext,halfB,-,halfB,dim_participation_ratio,62.56934297427572
EleutherAI/pythia-70m,256,wikitext,halfB,-,halfB,dim_top1_share,0.06900969701082604
EleutherAI/pythia-70m,256,wikitext,halfB,-,halfB,dim_top10_share,0.3243588787267421
EleutherAI/pythia-70m,256,wikitext,halfB,-,halfB,dim_top100_share,0.6502905308672384
EleutherAI/pythia-70m,256,wikitext,halfB,-,halfB,dim_n_for_50pct,32.0
EleutherAI/pythia-70m,256,wikitext,halfB,-,halfB,dim_n_for_90pct,780.0
EleutherAI/pythia-70m,256,wikitext,halfB,-,halfB,dim_participation_ratio_frac,0.005091906166526344
EleutherAI/pythia-70m,256,wikitext,halfB,-,halfB,n_live_units,12288.0
EleutherAI/pythia-70m,256,wikitext,halfB,-,halfB,coupling_mean_absr,0.09592279665015972
EleutherAI/pythia-70m,256,wikitext,halfB,-,halfB,coupling_median_absr,0.07520538568496704
EleutherAI/pythia-70m,256,wikitext,halfB,-,halfB,coupling_p90_absr,0.20565250068902963
EleutherAI/pythia-70m,256,wikitext,halfB,-,halfB,coupling_p99_absr,0.3728843080997466
EleutherAI/pythia-70m,256,wikitext,halfB,-,halfB,coupling_frac_absr_gt_0.1,0.3772353752534199
EleutherAI/pythia-70m,256,wikitext,halfB,-,halfB,coupling_frac_absr_gt_0.3,0.02853783736644953
EleutherAI/pythia-70m,256,wikitext,halfB,-,halfB,coupling_concentration_top1pct,0.03667143705671077
EleutherAI/pythia-70m,256,wikitext,halfB,-,halfB,hub_strength_gini,0.15911033039535294
EleutherAI/pythia-70m,256,wikitext,halfB,-,halfB,hub_strength_cv,0.27823342387250355
EleutherAI/pythia-70m,256,wikitext,halfA,real,halfA,segregation_within_mean,0.23056913132178114
EleutherAI/pythia-70m,256,wikitext,halfA,real,halfA,segregation_between_mean,0.09370390553657044
EleutherAI/pythia-70m,256,wikitext,halfA,real,halfA,segregation_ratio,2.4606138879856547
EleutherAI/pythia-70m,256,wikitext,halfA,real,halfA,segregation_modularity,0.01578665193478037
EleutherAI/pythia-70m,256,wikitext,halfA,real,halfB,segregation_within_mean,0.23250672298843258
EleutherAI/pythia-70m,256,wikitext,halfA,real,halfB,segregation_between_mean,0.09434456750653507
EleutherAI/pythia-70m,256,wikitext,halfA,real,halfB,segregation_ratio,2.4644420885423775
EleutherAI/pythia-70m,256,wikitext,halfA,real,halfB,segregation_modularity,0.0158120846079559
EleutherAI/pythia-70m,256,wikitext,halfA,null,halfA,segregation_within_mean,0.09688928981264085
EleutherAI/pythia-70m,256,wikitext,halfA,null,halfA,segregation_between_mean,0.0952457608121282
EleutherAI/pythia-70m,256,wikitext,halfA,null,halfA,segregation_ratio,1.0172556656222684
EleutherAI/pythia-70m,256,wikitext,halfA,null,halfA,segregation_modularity,0.0010425633527033134
EleutherAI/pythia-70m,256,wikitext,halfA,null,halfB,segregation_within_mean,0.09754143323849564
EleutherAI/pythia-70m,256,wikitext,halfA,null,halfB,segregation_between_mean,0.09590128194813685
EleutherAI/pythia-70m,256,wikitext,halfA,null,halfB,segregation_ratio,1.0171024959942223
EleutherAI/pythia-70m,256,wikitext,halfA,null,halfB,segregation_modularity,0.0010356736206022842
EleutherAI/pythia-70m,256,wikitext,halfB,real,halfB,segregation_within_mean,0.23458260466727957
EleutherAI/pythia-70m,256,wikitext,halfB,real,halfB,segregation_between_mean,0.09433513178671304
EleutherAI/pythia-70m,256,wikitext,halfB,real,halfB,segregation_ratio,2.486693983718165
EleutherAI/pythia-70m,256,wikitext,halfB,real,halfB,segregation_modularity,0.01584848682189605
EleutherAI/pythia-70m,256,wikitext,halfB,real,halfA,segregation_within_mean,0.23211759063221532
EleutherAI/pythia-70m,256,wikitext,halfB,real,halfA,segregation_between_mean,0.0937003743042748
EleutherAI/pythia-70m,256,wikitext,halfB,real,halfA,segregation_ratio,2.4772322667405358
EleutherAI/pythia-70m,256,wikitext,halfB,real,halfA,segregation_modularity,0.015768122038224374
EleutherAI/pythia-70m,256,wikitext,halfB,null,halfB,segregation_within_mean,0.09774273261951157
EleutherAI/pythia-70m,256,wikitext,halfB,null,halfB,segregation_between_mean,0.09589795364238454
EleutherAI/pythia-70m,256,wikitext,halfB,null,halfB,segregation_ratio,1.019236896169927
EleutherAI/pythia-70m,256,wikitext,halfB,null,halfB,segregation_modularity,0.0011010206441133602
EleutherAI/pythia-70m,256,wikitext,halfB,null,halfA,segregation_within_mean,0.0970718570247527
EleutherAI/pythia-70m,256,wikitext,halfB,null,halfA,segregation_between_mean,0.09524268700201147
EleutherAI/pythia-70m,256,wikitext,halfB,null,halfA,segregation_ratio,1.0192053592807877
EleutherAI/pythia-70m,256,wikitext,halfB,null,halfA,segregation_modularity,0.0011060698974485516
EleutherAI/pythia-70m,256,bookcorpus,halfA,-,halfA,act_firing_rate_median,0.4953333536783854
EleutherAI/pythia-70m,256,bookcorpus,halfA,-,halfA,act_frac_dead,0.0
EleutherAI/pythia-70m,256,bookcorpus,halfA,-,halfA,act_frac_dense,0.4873046875
EleutherAI/pythia-70m,256,bookcorpus,halfA,-,halfA,act_firing_rate_gini,0.23699717477802618
EleutherAI/pythia-70m,256,bookcorpus,halfB,-,halfB,act_firing_rate_median,0.49529012044270837
EleutherAI/pythia-70m,256,bookcorpus,halfB,-,halfB,act_frac_dead,8.138020833333333e-05
EleutherAI/pythia-70m,256,bookcorpus,halfB,-,halfB,act_frac_dense,0.4877115885416667
EleutherAI/pythia-70m,256,bookcorpus,halfB,-,halfB,act_firing_rate_gini,0.23741856648733273
EleutherAI/pythia-70m,256,bookcorpus,-,-,-,lm_loss,7.113523266151382
EleutherAI/pythia-70m,256,bookcorpus,halfA,-,halfA,dim_participation_ratio,57.442464777371406
EleutherAI/pythia-70m,256,bookcorpus,halfA,-,halfA,dim_top1_share,0.06695839767855935
EleutherAI/pythia-70m,256,bookcorpus,halfA,-,halfA,dim_top10_share,0.35055477397816354
EleutherAI/pythia-70m,256,bookcorpus,halfA,-,halfA,dim_top100_share,0.6699812991061571
EleutherAI/pythia-70m,256,bookcorpus,halfA,-,halfA,dim_n_for_50pct,30.0
EleutherAI/pythia-70m,256,bookcorpus,halfA,-,halfA,dim_n_for_90pct,593.0
EleutherAI/pythia-70m,256,bookcorpus,halfA,-,halfA,dim_participation_ratio_frac,0.004674679750762647
EleutherAI/pythia-70m,256,bookcorpus,halfA,-,halfA,n_live_units,12288.0
EleutherAI/pythia-70m,256,bookcorpus,halfA,-,halfA,coupling_mean_absr,0.10003291089412611
EleutherAI/pythia-70m,256,bookcorpus,halfA,-,halfA,coupling_median_absr,0.07851476222276688
EleutherAI/pythia-70m,256,bookcorpus,halfA,-,halfA,coupling_p90_absr,0.21352383196353913
EleutherAI/pythia-70m,256,bookcorpus,halfA,-,halfA,coupling_p99_absr,0.3912409365177162
EleutherAI/pythia-70m,256,bookcorpus,halfA,-,halfA,coupling_frac_absr_gt_0.1,0.3960847518377353
EleutherAI/pythia-70m,256,bookcorpus,halfA,-,halfA,coupling_frac_absr_gt_0.3,0.033305451281214295
EleutherAI/pythia-70m,256,bookcorpus,halfA,-,halfA,coupling_concentration_top1pct,0.03664040274562061
EleutherAI/pythia-70m,256,bookcorpus,halfA,-,halfA,hub_strength_gini,0.15931532072081311
EleutherAI/pythia-70m,256,bookcorpus,halfA,-,halfA,hub_strength_cv,0.2786858599234651
EleutherAI/pythia-70m,256,bookcorpus,halfB,-,halfB,dim_participation_ratio,57.68533381999424
EleutherAI/pythia-70m,256,bookcorpus,halfB,-,halfB,dim_top1_share,0.06730520304305178
EleutherAI/pythia-70m,256,bookcorpus,halfB,-,halfB,dim_top10_share,0.3493056392109927
EleutherAI/pythia-70m,256,bookcorpus,halfB,-,halfB,dim_top100_share,0.6695549429569765
EleutherAI/pythia-70m,256,bookcorpus,halfB,-,halfB,dim_n_for_50pct,31.0
EleutherAI/pythia-70m,256,bookcorpus,halfB,-,halfB,dim_n_for_90pct,592.0
EleutherAI/pythia-70m,256,bookcorpus,halfB,-,halfB,dim_participation_ratio_frac,0.004694444484049011
EleutherAI/pythia-70m,256,bookcorpus,halfB,-,halfB,n_live_units,12288.0
EleutherAI/pythia-70m,256,bookcorpus,halfB,-,halfB,coupling_mean_absr,0.09977302755089346
EleutherAI/pythia-70m,256,bookcorpus,halfB,-,halfB,coupling_median_absr,0.07827827334403992
EleutherAI/pythia-70m,256,bookcorpus,halfB,-,halfB,coupling_p90_absr,0.21305742859840393
EleutherAI/pythia-70m,256,bookcorpus,halfB,-,halfB,coupling_p99_absr,0.3906233608722687
EleutherAI/pythia-70m,256,bookcorpus,halfB,-,halfB,coupling_frac_absr_gt_0.1,0.3949680563103413
EleutherAI/pythia-70m,256,bookcorpus,halfB,-,halfB,coupling_frac_absr_gt_0.3,0.03334300748122992
EleutherAI/pythia-70m,256,bookcorpus,halfB,-,halfB,coupling_concentration_top1pct,0.03665495910522898
EleutherAI/pythia-70m,256,bookcorpus,halfB,-,halfB,hub_strength_gini,0.15982459452164832
EleutherAI/pythia-70m,256,bookcorpus,halfB,-,halfB,hub_strength_cv,0.27969390499297686
EleutherAI/pythia-70m,256,bookcorpus,halfA,real,halfA,segregation_within_mean,0.24903761871584576
EleutherAI/pythia-70m,256,bookcorpus,halfA,real,halfA,segregation_between_mean,0.09818940187893184
EleutherAI/pythia-70m,256,bookcorpus,halfA,real,halfA,segregation_ratio,2.536298357565216
EleutherAI/pythia-70m,256,bookcorpus,halfA,real,halfA,segregation_modularity,0.01741379678080422
EleutherAI/pythia-70m,256,bookcorpus,halfA,real,halfB,segregation_within_mean,0.24834871429164573
EleutherAI/pythia-70m,256,bookcorpus,halfA,real,halfB,segregation_between_mean,0.09793482643575326
EleutherAI/pythia-70m,256,bookcorpus,halfA,real,halfB,segregation_ratio,2.5358569911242586
EleutherAI/pythia-70m,256,bookcorpus,halfA,real,halfB,segregation_modularity,0.017382278305126144
EleutherAI/pythia-70m,256,bookcorpus,halfA,null,halfA,segregation_within_mean,0.10390302982211527
EleutherAI/pythia-70m,256,bookcorpus,halfA,null,halfA,segregation_between_mean,0.09999043822791043
EleutherAI/pythia-70m,256,bookcorpus,halfA,null,halfA,segregation_ratio,1.0391296574307114
EleutherAI/pythia-70m,256,bookcorpus,halfA,null,halfA,segregation_modularity,0.00028568517172992145
EleutherAI/pythia-70m,256,bookcorpus,halfA,null,halfB,segregation_within_mean,0.10362053978132672
EleutherAI/pythia-70m,256,bookcorpus,halfA,null,halfB,segregation_between_mean,0.09973080297159792
EleutherAI/pythia-70m,256,bookcorpus,halfA,null,halfB,segregation_ratio,1.0390023612949006
EleutherAI/pythia-70m,256,bookcorpus,halfA,null,halfB,segregation_modularity,0.00028417645445975365
EleutherAI/pythia-70m,256,bookcorpus,halfB,real,halfB,segregation_within_mean,0.2483920903089203
EleutherAI/pythia-70m,256,bookcorpus,halfB,real,halfB,segregation_between_mean,0.09792569993247123
EleutherAI/pythia-70m,256,bookcorpus,halfB,real,halfB,segregation_ratio,2.5365362767915824
EleutherAI/pythia-70m,256,bookcorpus,halfB,real,halfB,segregation_modularity,0.01743368768447485
EleutherAI/pythia-70m,256,bookcorpus,halfB,real,halfA,segregation_within_mean,0.24898782531201435
EleutherAI/pythia-70m,256,bookcorpus,halfB,real,halfA,segregation_between_mean,0.09818140865116627
EleutherAI/pythia-70m,256,bookcorpus,halfB,real,halfA,segregation_ratio,2.535997687674821
EleutherAI/pythia-70m,256,bookcorpus,halfB,real,halfA,segregation_modularity,0.017455569223045496
EleutherAI/pythia-70m,256,bookcorpus,halfB,null,halfB,segregation_within_mean,0.1038188797612866
EleutherAI/pythia-70m,256,bookcorpus,halfB,null,halfB,segregation_between_mean,0.0997290134251827
EleutherAI/pythia-70m,256,bookcorpus,halfB,null,halfB,segregation_ratio,1.0410097943982184
EleutherAI/pythia-70m,256,bookcorpus,halfB,null,halfB,segregation_modularity,0.0002700164350649384
EleutherAI/pythia-70m,256,bookcorpus,halfB,null,halfA,segregation_within_mean,0.10409040086029049
EleutherAI/pythia-70m,256,bookcorpus,halfB,null,halfA,segregation_between_mean,0.09998877016334282
EleutherAI/pythia-70m,256,bookcorpus,halfB,null,halfA,segregation_ratio,1.0410209135510637
EleutherAI/pythia-70m,256,bookcorpus,halfB,null,halfA,segregation_modularity,0.00026954417003228077
EleutherAI/pythia-70m,256,agnews,halfA,-,halfA,act_firing_rate_median,0.4936091105143229
EleutherAI/pythia-70m,256,agnews,halfA,-,halfA,act_frac_dead,0.0
EleutherAI/pythia-70m,256,agnews,halfA,-,halfA,act_frac_dense,0.4798990885416667
EleutherAI/pythia-70m,256,agnews,halfA,-,halfA,act_firing_rate_gini,0.20908267212739773
EleutherAI/pythia-70m,256,agnews,halfB,-,halfB,act_firing_rate_median,0.49408976236979163
EleutherAI/pythia-70m,256,agnews,halfB,-,halfB,act_frac_dead,0.0
EleutherAI/pythia-70m,256,agnews,halfB,-,halfB,act_frac_dense,0.4801432291666667
EleutherAI/pythia-70m,256,agnews,halfB,-,halfB,act_firing_rate_gini,0.2096057485431959
EleutherAI/pythia-70m,256,agnews,-,-,-,lm_loss,7.446260195028668
EleutherAI/pythia-70m,256,agnews,halfA,-,halfA,dim_participation_ratio,77.23830548236063
EleutherAI/pythia-70m,256,agnews,halfA,-,halfA,dim_top1_share,0.06477739922933619
EleutherAI/pythia-70m,256,agnews,halfA,-,halfA,dim_top10_share,0.28541106537198174
EleutherAI/pythia-70m,256,agnews,halfA,-,halfA,dim_top100_share,0.59822840130605
EleutherAI/pythia-70m,256,agnews,halfA,-,halfA,dim_n_for_50pct,51.0
EleutherAI/pythia-70m,256,agnews,halfA,-,halfA,dim_n_for_90pct,926.0
EleutherAI/pythia-70m,256,agnews,halfA,-,halfA,dim_participation_ratio_frac,0.00628566939146815
EleutherAI/pythia-70m,256,agnews,halfA,-,halfA,n_live_units,12288.0
EleutherAI/pythia-70m,256,agnews,halfA,-,halfA,coupling_mean_absr,0.0846704209779823
EleutherAI/pythia-70m,256,agnews,halfA,-,halfA,coupling_median_absr,0.06433957815170288
EleutherAI/pythia-70m,256,agnews,halfA,-,halfA,coupling_p90_absr,0.18472053408622746
EleutherAI/pythia-70m,256,agnews,halfA,-,halfA,coupling_p99_absr,0.34776529908180254
EleutherAI/pythia-70m,256,agnews,halfA,-,halfA,coupling_frac_absr_gt_0.1,0.31330280413274303
EleutherAI/pythia-70m,256,agnews,halfA,-,halfA,coupling_frac_absr_gt_0.3,0.020439096445004936
EleutherAI/pythia-70m,256,agnews,halfA,-,halfA,coupling_concentration_top1pct,0.037343359084939104
EleutherAI/pythia-70m,256,agnews,halfA,-,halfA,hub_strength_gini,0.17927275474785875
EleutherAI/pythia-70m,256,agnews,halfA,-,halfA,hub_strength_cv,0.3140636403092492
EleutherAI/pythia-70m,256,agnews,halfB,-,halfB,dim_participation_ratio,76.80986220040923
EleutherAI/pythia-70m,256,agnews,halfB,-,halfB,dim_top1_share,0.06535895027233725
EleutherAI/pythia-70m,256,agnews,halfB,-,halfB,dim_top10_share,0.28654748744138847
EleutherAI/pythia-70m,256,agnews,halfB,-,halfB,dim_top100_share,0.598431505487736
EleutherAI/pythia-70m,256,agnews,halfB,-,halfB,dim_n_for_50pct,51.0
EleutherAI/pythia-70m,256,agnews,halfB,-,halfB,dim_n_for_90pct,931.0
EleutherAI/pythia-70m,256,agnews,halfB,-,halfB,dim_participation_ratio_frac,0.006250802587923928
EleutherAI/pythia-70m,256,agnews,halfB,-,halfB,n_live_units,12288.0
EleutherAI/pythia-70m,256,agnews,halfB,-,halfB,coupling_mean_absr,0.08488914805531515
EleutherAI/pythia-70m,256,agnews,halfB,-,halfB,coupling_median_absr,0.06446020305156708
EleutherAI/pythia-70m,256,agnews,halfB,-,halfB,coupling_p90_absr,0.18529856801033018
EleutherAI/pythia-70m,256,agnews,halfB,-,halfB,coupling_p99_absr,0.34914015531539855
EleutherAI/pythia-70m,256,agnews,halfB,-,halfB,coupling_frac_absr_gt_0.1,0.31424080768336077
EleutherAI/pythia-70m,256,agnews,halfB,-,halfB,coupling_frac_absr_gt_0.3,0.02083373753371031
EleutherAI/pythia-70m,256,agnews,halfB,-,halfB,coupling_concentration_top1pct,0.03733617670398996
EleutherAI/pythia-70m,256,agnews,halfB,-,halfB,hub_strength_gini,0.17954927115565522
EleutherAI/pythia-70m,256,agnews,halfB,-,halfB,hub_strength_cv,0.3145642105791054
EleutherAI/pythia-70m,256,agnews,halfA,real,halfA,segregation_within_mean,0.18400630405656543
EleutherAI/pythia-70m,256,agnews,halfA,real,halfA,segregation_between_mean,0.08346233498532808
EleutherAI/pythia-70m,256,agnews,halfA,real,halfA,segregation_ratio,2.2046627869794446
EleutherAI/pythia-70m,256,agnews,halfA,real,halfA,segregation_modularity,0.014349568707969308
EleutherAI/pythia-70m,256,agnews,halfA,real,halfB,segregation_within_mean,0.18468112837877218
EleutherAI/pythia-70m,256,agnews,halfA,real,halfB,segregation_between_mean,0.08367551517177733
EleutherAI/pythia-70m,256,agnews,halfA,real,halfB,segregation_ratio,2.207110742009064
EleutherAI/pythia-70m,256,agnews,halfA,real,halfB,segregation_modularity,0.014372151462383067
EleutherAI/pythia-70m,256,agnews,halfA,null,halfA,segregation_within_mean,0.0917355744090138
EleutherAI/pythia-70m,256,agnews,halfA,null,halfA,segregation_between_mean,0.08459316404582001
EleutherAI/pythia-70m,256,agnews,halfA,null,halfA,segregation_ratio,1.084432476829039
EleutherAI/pythia-70m,256,agnews,halfA,null,halfA,segregation_modularity,0.0009613854937402369
EleutherAI/pythia-70m,256,agnews,halfA,null,halfB,segregation_within_mean,0.09188729513174182
EleutherAI/pythia-70m,256,agnews,halfA,null,halfB,segregation_between_mean,0.08481262384080773
EleutherAI/pythia-70m,256,agnews,halfA,null,halfB,segregation_ratio,1.0834153097799823
EleutherAI/pythia-70m,256,agnews,halfA,null,halfB,segregation_modularity,0.0009508124978422278
EleutherAI/pythia-70m,256,agnews,halfB,real,halfB,segregation_within_mean,0.18305513010416322
EleutherAI/pythia-70m,256,agnews,halfB,real,halfB,segregation_between_mean,0.08368474861438858
EleutherAI/pythia-70m,256,agnews,halfB,real,halfB,segregation_ratio,2.187437175054011
EleutherAI/pythia-70m,256,agnews,halfB,real,halfB,segregation_modularity,0.014372659214718845
EleutherAI/pythia-70m,256,agnews,halfB,real,halfA,segregation_within_mean,0.1822325702620502
EleutherAI/pythia-70m,256,agnews,halfB,real,halfA,segregation_between_mean,0.08347342997617366
EleutherAI/pythia-70m,256,agnews,halfB,real,halfA,segregation_ratio,2.1831206686255253
EleutherAI/pythia-70m,256,agnews,halfB,real,halfA,segregation_modularity,0.01432839073080734
EleutherAI/pythia-70m,256,agnews,halfB,null,halfB,segregation_within_mean,0.09189388398628519
EleutherAI/pythia-70m,256,agnews,halfB,null,halfB,segregation_between_mean,0.08481384151561804
EleutherAI/pythia-70m,256,agnews,halfB,null,halfB,segregation_ratio,1.0834774412306676
EleutherAI/pythia-70m,256,agnews,halfB,null,halfB,segregation_modularity,0.0009046827332316039
EleutherAI/pythia-70m,256,agnews,halfB,null,halfA,segregation_within_mean,0.09170358811340995
EleutherAI/pythia-70m,256,agnews,halfB,null,halfA,segregation_between_mean,0.08459480877460318
EleutherAI/pythia-70m,256,agnews,halfB,null,halfA,segregation_ratio,1.0840332810225697
EleutherAI/pythia-70m,256,agnews,halfB,null,halfA,segregation_modularity,0.0009104661893247481
EleutherAI/pythia-70m,256,tldr17,halfA,-,halfA,act_firing_rate_median,0.49542490641276044
EleutherAI/pythia-70m,256,tldr17,halfA,-,halfA,act_frac_dead,0.0
EleutherAI/pythia-70m,256,tldr17,halfA,-,halfA,act_frac_dense,0.487548828125
EleutherAI/pythia-70m,256,tldr17,halfA,-,halfA,act_firing_rate_gini,0.23114435878591877
EleutherAI/pythia-70m,256,tldr17,halfB,-,halfB,act_firing_rate_median,0.49506886800130206
EleutherAI/pythia-70m,256,tldr17,halfB,-,halfB,act_frac_dead,0.0
EleutherAI/pythia-70m,256,tldr17,halfB,-,halfB,act_frac_dense,0.48876953125
EleutherAI/pythia-70m,256,tldr17,halfB,-,halfB,act_firing_rate_gini,0.2330207795923387
EleutherAI/pythia-70m,256,tldr17,-,-,-,lm_loss,5.9453278291883125
EleutherAI/pythia-70m,256,tldr17,halfA,-,halfA,dim_participation_ratio,68.58492234232185
EleutherAI/pythia-70m,256,tldr17,halfA,-,halfA,dim_top1_share,0.05872557643797475
EleutherAI/pythia-70m,256,tldr17,halfA,-,halfA,dim_top10_share,0.3190714415208243
EleutherAI/pythia-70m,256,tldr17,halfA,-,halfA,dim_top100_share,0.66426727117225
EleutherAI/pythia-70m,256,tldr17,halfA,-,halfA,dim_n_for_50pct,34.0
EleutherAI/pythia-70m,256,tldr17,halfA,-,halfA,dim_n_for_90pct,630.0
EleutherAI/pythia-70m,256,tldr17,halfA,-,halfA,dim_participation_ratio_frac,0.00558145526874364
EleutherAI/pythia-70m,256,tldr17,halfA,-,halfA,n_live_units,12288.0
EleutherAI/pythia-70m,256,tldr17,halfA,-,halfA,coupling_mean_absr,0.09147082506043278
EleutherAI/pythia-70m,256,tldr17,halfA,-,halfA,coupling_median_absr,0.07165788114070892
EleutherAI/pythia-70m,256,tldr17,halfA,-,halfA,coupling_p90_absr,0.19613121747970583
EleutherAI/pythia-70m,256,tldr17,halfA,-,halfA,coupling_p99_absr,0.35760235100984594
EleutherAI/pythia-70m,256,tldr17,halfA,-,halfA,coupling_frac_absr_gt_0.1,0.3556699422554959
EleutherAI/pythia-70m,256,tldr17,halfA,-,halfA,coupling_frac_absr_gt_0.3,0.023718050007900615
EleutherAI/pythia-70m,256,tldr17,halfA,-,halfA,coupling_concentration_top1pct,0.0372977838222089
EleutherAI/pythia-70m,256,tldr17,halfA,-,halfA,hub_strength_gini,0.15197320798735636
EleutherAI/pythia-70m,256,tldr17,halfA,-,halfA,hub_strength_cv,0.2650871107352995
EleutherAI/pythia-70m,256,tldr17,halfB,-,halfB,dim_participation_ratio,67.80963619564058
EleutherAI/pythia-70m,256,tldr17,halfB,-,halfB,dim_top1_share,0.05902641540809665
EleutherAI/pythia-70m,256,tldr17,halfB,-,halfB,dim_top10_share,0.32170886291400286
EleutherAI/pythia-70m,256,tldr17,halfB,-,halfB,dim_top100_share,0.6644677579203968
EleutherAI/pythia-70m,256,tldr17,halfB,-,halfB,dim_n_for_50pct,34.0
EleutherAI/pythia-70m,256,tldr17,halfB,-,halfB,dim_n_for_90pct,627.0
EleutherAI/pythia-70m,256,tldr17,halfB,-,halfB,dim_participation_ratio_frac,0.005518362320608771
EleutherAI/pythia-70m,256,tldr17,halfB,-,halfB,n_live_units,12288.0
EleutherAI/pythia-70m,256,tldr17,halfB,-,halfB,coupling_mean_absr,0.09203519009493906
EleutherAI/pythia-70m,256,tldr17,halfB,-,halfB,coupling_median_absr,0.07212348282337189
EleutherAI/pythia-70m,256,tldr17,halfB,-,halfB,coupling_p90_absr,0.19730979949235916
EleutherAI/pythia-70m,256,tldr17,halfB,-,halfB,coupling_p99_absr,0.35948647558689284
EleutherAI/pythia-70m,256,tldr17,halfB,-,halfB,coupling_frac_absr_gt_0.1,0.35866069710572035
EleutherAI/pythia-70m,256,tldr17,halfB,-,halfB,coupling_frac_absr_gt_0.3,0.024298611925067395
EleutherAI/pythia-70m,256,tldr17,halfB,-,halfB,coupling_concentration_top1pct,0.037280783191062775
EleutherAI/pythia-70m,256,tldr17,halfB,-,halfB,hub_strength_gini,0.15162979521080588
EleutherAI/pythia-70m,256,tldr17,halfB,-,halfB,hub_strength_cv,0.26450114761311877
EleutherAI/pythia-70m,256,tldr17,halfA,real,halfA,segregation_within_mean,0.19825422536144283
EleutherAI/pythia-70m,256,tldr17,halfA,real,halfA,segregation_between_mean,0.09016854075507806
EleutherAI/pythia-70m,256,tldr17,halfA,real,halfA,segregation_ratio,2.1987072619923445
EleutherAI/pythia-70m,256,tldr17,halfA,real,halfA,segregation_modularity,0.014826232112973212
EleutherAI/pythia-70m,256,tldr17,halfA,real,halfB,segregation_within_mean,0.1996829137201736
EleutherAI/pythia-70m,256,tldr17,halfA,real,halfB,segregation_between_mean,0.09072236486024514
EleutherAI/pythia-70m,256,tldr17,halfA,real,halfB,segregation_ratio,2.2010329429549005
EleutherAI/pythia-70m,256,tldr17,halfA,real,halfB,segregation_modularity,0.01484645298809179
EleutherAI/pythia-70m,256,tldr17,halfA,null,halfA,segregation_within_mean,0.08436094696627384
EleutherAI/pythia-70m,256,tldr17,halfA,null,halfA,segregation_between_mean,0.0918129326875312
EleutherAI/pythia-70m,256,tldr17,halfA,null,halfA,segregation_ratio,0.918835119376713
EleutherAI/pythia-70m,256,tldr17,halfA,null,halfA,segregation_modularity,0.0049313171115130325
EleutherAI/pythia-70m,256,tldr17,halfA,null,halfB,segregation_within_mean,0.08494330127970535
EleutherAI/pythia-70m,256,tldr17,halfA,null,halfB,segregation_between_mean,0.09237643215828253
EleutherAI/pythia-70m,256,tldr17,halfA,null,halfB,segregation_ratio,0.9195343367901364
EleutherAI/pythia-70m,256,tldr17,halfA,null,halfB,segregation_modularity,0.004873288800046846
EleutherAI/pythia-70m,256,tldr17,halfB,real,halfB,segregation_within_mean,0.20187957366148204
EleutherAI/pythia-70m,256,tldr17,halfB,real,halfB,segregation_between_mean,0.09069557981614279
EleutherAI/pythia-70m,256,tldr17,halfB,real,halfB,segregation_ratio,2.225903115352814
EleutherAI/pythia-70m,256,tldr17,halfB,real,halfB,segregation_modularity,0.015046506646933746
EleutherAI/pythia-70m,256,tldr17,halfB,real,halfA,segregation_within_mean,0.20005900299373586
EleutherAI/pythia-70m,256,tldr17,halfB,real,halfA,segregation_between_mean,0.09014653486958835
EleutherAI/pythia-70m,256,tldr17,halfB,real,halfA,segregation_ratio,2.219264481803475
EleutherAI/pythia-70m,256,tldr17,halfB,real,halfA,segregation_modularity,0.014974278817837302
EleutherAI/pythia-70m,256,tldr17,halfB,null,halfB,segregation_within_mean,0.08463539848567424
EleutherAI/pythia-70m,256,tldr17,halfB,null,halfB,segregation_between_mean,0.09238463282088019
EleutherAI/pythia-70m,256,tldr17,halfB,null,halfB,segregation_ratio,0.9161198773151965
EleutherAI/pythia-70m,256,tldr17,halfB,null,halfB,segregation_modularity,0.005208640922672561
EleutherAI/pythia-70m,256,tldr17,halfB,null,halfA,segregation_within_mean,0.08400240492631732
EleutherAI/pythia-70m,256,tldr17,halfB,null,halfA,segregation_between_mean,0.09182350866408596
EleutherAI/pythia-70m,256,tldr17,halfB,null,halfA,segregation_ratio,0.9148246037256074
EleutherAI/pythia-70m,256,tldr17,halfB,null,halfA,segregation_modularity,0.0052577528533879715
EleutherAI/pythia-70m,4,wikitext,halfA,-,halfA,act_firing_rate_median,0.4968719482421875
EleutherAI/pythia-70m,4,wikitext,halfA,-,halfA,act_frac_dead,0.0
EleutherAI/pythia-70m,4,wikitext,halfA,-,halfA,act_frac_dense,0.4920247395833333
EleutherAI/pythia-70m,4,wikitext,halfA,-,halfA,act_firing_rate_gini,0.2117156510882745
EleutherAI/pythia-70m,4,wikitext,halfB,-,halfB,act_firing_rate_median,0.4972356160481771
EleutherAI/pythia-70m,4,wikitext,halfB,-,halfB,act_frac_dead,0.0
EleutherAI/pythia-70m,4,wikitext,halfB,-,halfB,act_frac_dense,0.4920247395833333
EleutherAI/pythia-70m,4,wikitext,halfB,-,halfB,act_firing_rate_gini,0.21248633616156654
EleutherAI/pythia-70m,4,wikitext,-,-,-,lm_loss,11.01252323760247
EleutherAI/pythia-70m,4,wikitext,halfA,-,halfA,dim_participation_ratio,119.74954733575208
EleutherAI/pythia-70m,4,wikitext,halfA,-,halfA,dim_top1_share,0.04172657958670171
EleutherAI/pythia-70m,4,wikitext,halfA,-,halfA,dim_top10_share,0.22754487126447015
EleutherAI/pythia-70m,4,wikitext,halfA,-,halfA,dim_top100_share,0.5935908284049516
EleutherAI/pythia-70m,4,wikitext,halfA,-,halfA,dim_n_for_50pct,61.0
EleutherAI/pythia-70m,4,wikitext,halfA,-,halfA,dim_n_for_90pct,947.0
EleutherAI/pythia-70m,4,wikitext,halfA,-,halfA,dim_participation_ratio_frac,0.009745243110005866
EleutherAI/pythia-70m,4,wikitext,halfA,-,halfA,n_live_units,12288.0
EleutherAI/pythia-70m,4,wikitext,halfA,-,halfA,coupling_mean_absr,0.07085936541202995
EleutherAI/pythia-70m,4,wikitext,halfA,-,halfA,coupling_median_absr,0.05820128321647644
EleutherAI/pythia-70m,4,wikitext,halfA,-,halfA,coupling_p90_absr,0.1468356430530548
EleutherAI/pythia-70m,4,wikitext,halfA,-,halfA,coupling_p99_absr,0.25363524496555306
EleutherAI/pythia-70m,4,wikitext,halfA,-,halfA,coupling_frac_absr_gt_0.1,0.25231979115079084
EleutherAI/pythia-70m,4,wikitext,halfA,-,halfA,coupling_frac_absr_gt_0.3,0.004059934538605981
EleutherAI/pythia-70m,4,wikitext,halfA,-,halfA,coupling_concentration_top1pct,0.03627582474331724
EleutherAI/pythia-70m,4,wikitext,halfA,-,halfA,hub_strength_gini,0.11518244975747782
EleutherAI/pythia-70m,4,wikitext,halfA,-,halfA,hub_strength_cv,0.21031579404660664
EleutherAI/pythia-70m,4,wikitext,halfB,-,halfB,dim_participation_ratio,117.7943022065242
EleutherAI/pythia-70m,4,wikitext,halfB,-,halfB,dim_top1_share,0.042956179105656994
EleutherAI/pythia-70m,4,wikitext,halfB,-,halfB,dim_top10_share,0.2292618169561986
EleutherAI/pythia-70m,4,wikitext,halfB,-,halfB,dim_top100_share,0.5940767689133536
EleutherAI/pythia-70m,4,wikitext,halfB,-,halfB,dim_n_for_50pct,61.0
EleutherAI/pythia-70m,4,wikitext,halfB,-,halfB,dim_n_for_90pct,944.0
EleutherAI/pythia-70m,4,wikitext,halfB,-,halfB,dim_participation_ratio_frac,0.009586124854046566
EleutherAI/pythia-70m,4,wikitext,halfB,-,halfB,n_live_units,12288.0
EleutherAI/pythia-70m,4,wikitext,halfB,-,halfB,coupling_mean_absr,0.07140332338023175
EleutherAI/pythia-70m,4,wikitext,halfB,-,halfB,coupling_median_absr,0.05857183784246445
EleutherAI/pythia-70m,4,wikitext,halfB,-,halfB,coupling_p90_absr,0.1481451138854027
EleutherAI/pythia-70m,4,wikitext,halfB,-,halfB,coupling_p99_absr,0.25574502140283584
EleutherAI/pythia-70m,4,wikitext,halfB,-,halfB,coupling_frac_absr_gt_0.1,0.2557058473384313
EleutherAI/pythia-70m,4,wikitext,halfB,-,halfB,coupling_frac_absr_gt_0.3,0.004310337930493751
EleutherAI/pythia-70m,4,wikitext,halfB,-,halfB,coupling_concentration_top1pct,0.03622056783573084
EleutherAI/pythia-70m,4,wikitext,halfB,-,halfB,hub_strength_gini,0.11736118889701141
EleutherAI/pythia-70m,4,wikitext,halfB,-,halfB,hub_strength_cv,0.21431884149500366
EleutherAI/pythia-70m,4,wikitext,halfA,real,halfA,segregation_within_mean,0.15578546553031317
EleutherAI/pythia-70m,4,wikitext,halfA,real,halfA,segregation_between_mean,0.06977182760142692
EleutherAI/pythia-70m,4,wikitext,halfA,real,halfA,segregation_ratio,2.232784647984872
EleutherAI/pythia-70m,4,wikitext,halfA,real,halfA,segregation_modularity,0.014671465933046593
EleutherAI/pythia-70m,4,wikitext,halfA,real,halfB,segregation_within_mean,0.1573534757339516
EleutherAI/pythia-70m,4,wikitext,halfA,real,halfB,segregation_between_mean,0.07030267186043199
EleutherAI/pythia-70m,4,wikitext,halfA,real,halfB,segregation_ratio,2.238228954460461
EleutherAI/pythia-70m,4,wikitext,halfA,real,halfB,segregation_modularity,0.014720480911000346
EleutherAI/pythia-70m,4,wikitext,halfA,null,halfA,segregation_within_mean,0.07084762350707773
EleutherAI/pythia-70m,4,wikitext,halfA,null,halfA,segregation_between_mean,0.07085948635372778
EleutherAI/pythia-70m,4,wikitext,halfA,null,halfA,segregation_ratio,0.999832586330208
EleutherAI/pythia-70m,4,wikitext,halfA,null,halfA,segregation_modularity,-8.32718460906184e-05
EleutherAI/pythia-70m,4,wikitext,halfA,null,halfB,segregation_within_mean,0.07139939413896543
EleutherAI/pythia-70m,4,wikitext,halfA,null,halfB,segregation_between_mean,0.07140336385177692
EleutherAI/pythia-70m,4,wikitext,halfA,null,halfB,segregation_ratio,0.9999444044006143
EleutherAI/pythia-70m,4,wikitext,halfA,null,halfB,segregation_modularity,-8.218381326678117e-05
EleutherAI/pythia-70m,4,wikitext,halfB,real,halfB,segregation_within_mean,0.15935408957400515
EleutherAI/pythia-70m,4,wikitext,halfB,real,halfB,segregation_between_mean,0.0702845869234605
EleutherAI/pythia-70m,4,wikitext,halfB,real,halfB,segregation_ratio,2.267269348079698
EleutherAI/pythia-70m,4,wikitext,halfB,real,halfB,segregation_modularity,0.014832599622304684
EleutherAI/pythia-70m,4,wikitext,halfB,real,halfA,segregation_within_mean,0.15720618493417116
EleutherAI/pythia-70m,4,wikitext,halfB,real,halfA,segregation_between_mean,0.06976103120669874
EleutherAI/pythia-70m,4,wikitext,halfB,real,halfA,segregation_ratio,2.2534957155145316
EleutherAI/pythia-70m,4,wikitext,halfB,real,halfA,segregation_modularity,0.01469346242523404
EleutherAI/pythia-70m,4,wikitext,halfB,null,halfB,segregation_within_mean,0.07149754923546928
EleutherAI/pythia-70m,4,wikitext,halfB,null,halfB,segregation_between_mean,0.07140235407151603
EleutherAI/pythia-70m,4,wikitext,halfB,null,halfB,segregation_ratio,1.0013332216450161
EleutherAI/pythia-70m,4,wikitext,halfB,null,halfB,segregation_modularity,-6.257026555047257e-05
EleutherAI/pythia-70m,4,wikitext,halfB,null,halfA,segregation_within_mean,0.070956053156283
EleutherAI/pythia-70m,4,wikitext,halfB,null,halfA,segregation_between_mean,0.07085837077347489
EleutherAI/pythia-70m,4,wikitext,halfB,null,halfA,segregation_ratio,1.0013785581257633
EleutherAI/pythia-70m,4,wikitext,halfB,null,halfA,segregation_modularity,-6.189315606574462e-05
EleutherAI/pythia-70m,4,bookcorpus,halfA,-,halfA,act_firing_rate_median,0.4965947469075521
EleutherAI/pythia-70m,4,bookcorpus,halfA,-,halfA,act_frac_dead,0.0
EleutherAI/pythia-70m,4,bookcorpus,halfA,-,halfA,act_frac_dense,0.4912923177083333
EleutherAI/pythia-70m,4,bookcorpus,halfA,-,halfA,act_firing_rate_gini,0.21558726090863511
EleutherAI/pythia-70m,4,bookcorpus,halfB,-,halfB,act_firing_rate_median,0.49666595458984375
EleutherAI/pythia-70m,4,bookcorpus,halfB,-,halfB,act_frac_dead,0.0
EleutherAI/pythia-70m,4,bookcorpus,halfB,-,halfB,act_frac_dense,0.4910481770833333
EleutherAI/pythia-70m,4,bookcorpus,halfB,-,halfB,act_firing_rate_gini,0.21554964236879126
EleutherAI/pythia-70m,4,bookcorpus,-,-,-,lm_loss,10.98748288861254
EleutherAI/pythia-70m,4,bookcorpus,halfA,-,halfA,dim_participation_ratio,108.1413630141984
EleutherAI/pythia-70m,4,bookcorpus,halfA,-,halfA,dim_top1_share,0.04426144432989173
EleutherAI/pythia-70m,4,bookcorpus,halfA,-,halfA,dim_top10_share,0.23893348972885725
EleutherAI/pythia-70m,4,bookcorpus,halfA,-,halfA,dim_top100_share,0.6196152092886243
EleutherAI/pythia-70m,4,bookcorpus,halfA,-,halfA,dim_n_for_50pct,56.0
EleutherAI/pythia-70m,4,bookcorpus,halfA,-,halfA,dim_n_for_90pct,656.0
EleutherAI/pythia-70m,4,bookcorpus,halfA,-,halfA,dim_participation_ratio_frac,0.008800566651546094
EleutherAI/pythia-70m,4,bookcorpus,halfA,-,halfA,n_live_units,12288.0
EleutherAI/pythia-70m,4,bookcorpus,halfA,-,halfA,coupling_mean_absr,0.07452915703718035
EleutherAI/pythia-70m,4,bookcorpus,halfA,-,halfA,coupling_median_absr,0.061090387403964996
EleutherAI/pythia-70m,4,bookcorpus,halfA,-,halfA,coupling_p90_absr,0.15466973483562474
EleutherAI/pythia-70m,4,bookcorpus,halfA,-,halfA,coupling_p99_absr,0.26798043280839934
EleutherAI/pythia-70m,4,bookcorpus,halfA,-,halfA,coupling_frac_absr_gt_0.1,0.2751304496010906
EleutherAI/pythia-70m,4,bookcorpus,halfA,-,halfA,coupling_frac_absr_gt_0.3,0.005565809643589768
EleutherAI/pythia-70m,4,bookcorpus,halfA,-,halfA,coupling_concentration_top1pct,0.03602502219026425
EleutherAI/pythia-70m,4,bookcorpus,halfA,-,halfA,hub_strength_gini,0.12063641318279439
EleutherAI/pythia-70m,4,bookcorpus,halfA,-,halfA,hub_strength_cv,0.2192416044846821
EleutherAI/pythia-70m,4,bookcorpus,halfB,-,halfB,dim_participation_ratio,109.21962954355774
EleutherAI/pythia-70m,4,bookcorpus,halfB,-,halfB,dim_top1_share,0.04429108030284596
EleutherAI/pythia-70m,4,bookcorpus,halfB,-,halfB,dim_top10_share,0.2370668365479507
EleutherAI/pythia-70m,4,bookcorpus,halfB,-,halfB,dim_top100_share,0.6190688645440078
EleutherAI/pythia-70m,4,bookcorpus,halfB,-,halfB,dim_n_for_50pct,56.0
EleutherAI/pythia-70m,4,bookcorpus,halfB,-,halfB,dim_n_for_90pct,655.0
EleutherAI/pythia-70m,4,bookcorpus,halfB,-,halfB,dim_participation_ratio_frac,0.008888316206344218
EleutherAI/pythia-70m,4,bookcorpus,halfB,-,halfB,n_live_units,12288.0
EleutherAI/pythia-70m,4,bookcorpus,halfB,-,halfB,coupling_mean_absr,0.07416679447116209
EleutherAI/pythia-70m,4,bookcorpus,halfB,-,halfB,coupling_median_absr,0.06085352227091789
EleutherAI/pythia-70m,4,bookcorpus,halfB,-,halfB,coupling_p90_absr,0.15394177436828624
EleutherAI/pythia-70m,4,bookcorpus,halfB,-,halfB,coupling_p99_absr,0.26655564725398984
EleutherAI/pythia-70m,4,bookcorpus,halfB,-,halfB,coupling_frac_absr_gt_0.1,0.2733100127030696
EleutherAI/pythia-70m,4,bookcorpus,halfB,-,halfB,coupling_frac_absr_gt_0.3,0.00538705358991227
EleutherAI/pythia-70m,4,bookcorpus,halfB,-,halfB,coupling_concentration_top1pct,0.03604085151820095
EleutherAI/pythia-70m,4,bookcorpus,halfB,-,halfB,hub_strength_gini,0.12012061194572099
EleutherAI/pythia-70m,4,bookcorpus,halfB,-,halfB,hub_strength_cv,0.21847714691996795
EleutherAI/pythia-70m,4,bookcorpus,halfA,real,halfA,segregation_within_mean,0.16845482694329025
EleutherAI/pythia-70m,4,bookcorpus,halfA,real,halfA,segregation_between_mean,0.07336813736953512
EleutherAI/pythia-70m,4,bookcorpus,halfA,real,halfA,segregation_ratio,2.296021583522417
EleutherAI/pythia-70m,4,bookcorpus,halfA,real,halfA,segregation_modularity,0.014575938759079195
EleutherAI/pythia-70m,4,bookcorpus,halfA,real,halfB,segregation_within_mean,0.16719323840278416
EleutherAI/pythia-70m,4,bookcorpus,halfA,real,halfB,segregation_between_mean,0.07301689016127
EleutherAI/pythia-70m,4,bookcorpus,halfA,real,halfB,segregation_ratio,2.289788541165064
EleutherAI/pythia-70m,4,bookcorpus,halfA,real,halfB,segregation_modularity,0.014505524051291359
EleutherAI/pythia-70m,4,bookcorpus,halfA,null,halfA,segregation_within_mean,0.07444914250949773
EleutherAI/pythia-70m,4,bookcorpus,halfA,null,halfA,segregation_between_mean,0.07452998123119406
EleutherAI/pythia-70m,4,bookcorpus,halfA,null,halfA,segregation_ratio,0.9989153529846524
EleutherAI/pythia-70m,4,bookcorpus,halfA,null,halfA,segregation_modularity,-9.471489913931091e-05
EleutherAI/pythia-70m,4,bookcorpus,halfA,null,halfB,segregation_within_mean,0.07409444132874869
EleutherAI/pythia-70m,4,bookcorpus,halfA,null,halfB,segregation_between_mean,0.0741675397602134
EleutherAI/pythia-70m,4,bookcorpus,halfA,null,halfB,segregation_ratio,0.9990144147736189
EleutherAI/pythia-70m,4,bookcorpus,halfA,null,halfB,segregation_modularity,-9.3982636384619e-05
EleutherAI/pythia-70m,4,bookcorpus,halfB,real,halfB,segregation_within_mean,0.16769946594985655
EleutherAI/pythia-70m,4,bookcorpus,halfB,real,halfB,segregation_between_mean,0.07300262587058676
EleutherAI/pythia-70m,4,bookcorpus,halfB,real,halfB,segregation_ratio,2.297170327093998
EleutherAI/pythia-70m,4,bookcorpus,halfB,real,halfB,segregation_modularity,0.0146679464560211
EleutherAI/pythia-70m,4,bookcorpus,halfB,real,halfA,segregation_within_mean,0.16887332249626363
EleutherAI/pythia-70m,4,bookcorpus,halfB,real,halfA,segregation_between_mean,0.07335488805054213
EleutherAI/pythia-70m,4,bookcorpus,halfB,real,halfA,segregation_ratio,2.3021413703188873
EleutherAI/pythia-70m,4,bookcorpus,halfB,real,halfA,segregation_modularity,0.014727267990978348
EleutherAI/pythia-70m,4,bookcorpus,halfB,null,halfB,segregation_within_mean,0.07426342497072413
EleutherAI/pythia-70m,4,bookcorpus,halfB,null,halfB,segregation_between_mean,0.07416579189565933
EleutherAI/pythia-70m,4,bookcorpus,halfB,null,halfB,segregation_ratio,1.0013164165388022
EleutherAI/pythia-70m,4,bookcorpus,halfB,null,halfB,segregation_modularity,-7.285835581425604e-05
EleutherAI/pythia-70m,4,bookcorpus,halfB,null,halfA,segregation_within_mean,0.07462471600265198
EleutherAI/pythia-70m,4,bookcorpus,halfB,null,halfA,segregation_between_mean,0.07452816558383189
EleutherAI/pythia-70m,4,bookcorpus,halfB,null,halfA,segregation_ratio,1.0012954890015573
EleutherAI/pythia-70m,4,bookcorpus,halfB,null,halfA,segregation_modularity,-7.295137425686827e-05
EleutherAI/pythia-70m,4,agnews,halfA,-,halfA,act_firing_rate_median,0.4972101847330729
EleutherAI/pythia-70m,4,agnews,halfA,-,halfA,act_frac_dead,0.0
EleutherAI/pythia-70m,4,agnews,halfA,-,halfA,act_frac_dense,0.4912109375
EleutherAI/pythia-70m,4,agnews,halfA,-,halfA,act_firing_rate_gini,0.2100232047840105
EleutherAI/pythia-70m,4,agnews,halfB,-,halfB,act_firing_rate_median,0.4974212646484375
EleutherAI/pythia-70m,4,agnews,halfB,-,halfB,act_frac_dead,0.0
EleutherAI/pythia-70m,4,agnews,halfB,-,halfB,act_frac_dense,0.491455078125
EleutherAI/pythia-70m,4,agnews,halfB,-,halfB,act_firing_rate_gini,0.2099590039071797
EleutherAI/pythia-70m,4,agnews,-,-,-,lm_loss,11.01452303019165
EleutherAI/pythia-70m,4,agnews,halfA,-,halfA,dim_participation_ratio,171.07548407060733
EleutherAI/pythia-70m,4,agnews,halfA,-,halfA,dim_top1_share,0.028641105220937005
EleutherAI/pythia-70m,4,agnews,halfA,-,halfA,dim_top10_share,0.18413230101808434
EleutherAI/pythia-70m,4,agnews,halfA,-,halfA,dim_top100_share,0.552177710830595
EleutherAI/pythia-70m,4,agnews,halfA,-,halfA,dim_n_for_50pct,79.0
EleutherAI/pythia-70m,4,agnews,halfA,-,halfA,dim_n_for_90pct,1038.0
EleutherAI/pythia-70m,4,agnews,halfA,-,halfA,dim_participation_ratio_frac,0.013922158534391873
EleutherAI/pythia-70m,4,agnews,halfA,-,halfA,n_live_units,12288.0
EleutherAI/pythia-70m,4,agnews,halfA,-,halfA,coupling_mean_absr,0.05938682131257632
EleutherAI/pythia-70m,4,agnews,halfA,-,halfA,coupling_median_absr,0.04892444610595703
EleutherAI/pythia-70m,4,agnews,halfA,-,halfA,coupling_p90_absr,0.12320350408554079
EleutherAI/pythia-70m,4,agnews,halfA,-,halfA,coupling_p99_absr,0.2088399434089661
EleutherAI/pythia-70m,4,agnews,halfA,-,halfA,coupling_frac_absr_gt_0.1,0.1761300187915597
EleutherAI/pythia-70m,4,agnews,halfA,-,halfA,coupling_frac_absr_gt_0.3,0.00100408333891713
EleutherAI/pythia-70m,4,agnews,halfA,-,halfA,coupling_concentration_top1pct,0.036910411793779976
EleutherAI/pythia-70m,4,agnews,halfA,-,halfA,hub_strength_gini,0.09812922840836591
EleutherAI/pythia-70m,4,agnews,halfA,-,halfA,hub_strength_cv,0.17737282798815998
EleutherAI/pythia-70m,4,agnews,halfB,-,halfB,dim_participation_ratio,171.02322344595032
EleutherAI/pythia-70m,4,agnews,halfB,-,halfB,dim_top1_share,0.028353607704712944
EleutherAI/pythia-70m,4,agnews,halfB,-,halfB,dim_top10_share,0.18448449606833647
EleutherAI/pythia-70m,4,agnews,halfB,-,halfB,dim_top100_share,0.5520363255110132
EleutherAI/pythia-70m,4,agnews,halfB,-,halfB,dim_n_for_50pct,79.0
EleutherAI/pythia-70m,4,agnews,halfB,-,halfB,dim_n_for_90pct,1045.0
EleutherAI/pythia-70m,4,agnews,halfB,-,halfB,dim_participation_ratio_frac,0.013917905553869655
EleutherAI/pythia-70m,4,agnews,halfB,-,halfB,n_live_units,12288.0
EleutherAI/pythia-70m,4,agnews,halfB,-,halfB,coupling_mean_absr,0.05939731548280916
EleutherAI/pythia-70m,4,agnews,halfB,-,halfB,coupling_median_absr,0.04893425852060318
EleutherAI/pythia-70m,4,agnews,halfB,-,halfB,coupling_p90_absr,0.12334183305501938
EleutherAI/pythia-70m,4,agnews,halfB,-,halfB,coupling_p99_absr,0.2091895627975462
EleutherAI/pythia-70m,4,agnews,halfB,-,halfB,coupling_frac_absr_gt_0.1,0.17645411627329718
EleutherAI/pythia-70m,4,agnews,halfB,-,halfB,coupling_frac_absr_gt_0.3,0.0010116843744768314
EleutherAI/pythia-70m,4,agnews,halfB,-,halfB,coupling_concentration_top1pct,0.03691584828816849
EleutherAI/pythia-70m,4,agnews,halfB,-,halfB,hub_strength_gini,0.09814922224746869
EleutherAI/pythia-70m,4,agnews,halfB,-,halfB,hub_strength_cv,0.177120390818792
EleutherAI/pythia-70m,4,agnews,halfA,real,halfA,segregation_within_mean,0.11082039678344936
EleutherAI/pythia-70m,4,agnews,halfA,real,halfA,segregation_between_mean,0.05867431976229511
EleutherAI/pythia-70m,4,agnews,halfA,real,halfA,segregation_ratio,1.8887376493227623
EleutherAI/pythia-70m,4,agnews,halfA,real,halfA,segregation_modularity,0.012483090401937378
EleutherAI/pythia-70m,4,agnews,halfA,real,halfB,segregation_within_mean,0.11089047422754209
EleutherAI/pythia-70m,4,agnews,halfA,real,halfB,segregation_between_mean,0.05868398854366425
EleutherAI/pythia-70m,4,agnews,halfA,real,halfB,segregation_ratio,1.8896206099732504
EleutherAI/pythia-70m,4,agnews,halfA,real,halfB,segregation_modularity,0.012498118705121929
EleutherAI/pythia-70m,4,agnews,halfA,null,halfA,segregation_within_mean,0.059354554430796166
EleutherAI/pythia-70m,4,agnews,halfA,null,halfA,segregation_between_mean,0.05938715485123117
EleutherAI/pythia-70m,4,agnews,halfA,null,halfA,segregation_ratio,0.9994510526642222
EleutherAI/pythia-70m,4,agnews,halfA,null,halfA,segregation_modularity,-9.383425877020738e-05
EleutherAI/pythia-70m,4,agnews,halfA,null,halfB,segregation_within_mean,0.05936838483893214
EleutherAI/pythia-70m,4,agnews,halfA,null,halfB,segregation_between_mean,0.059397614542407495
EleutherAI/pythia-70m,4,agnews,halfA,null,halfB,segregation_ratio,0.9995078976874655
EleutherAI/pythia-70m,4,agnews,halfA,null,halfB,segregation_modularity,-9.34408450987829e-05
EleutherAI/pythia-70m,4,agnews,halfB,real,halfB,segregation_within_mean,0.11126847296525218
EleutherAI/pythia-70m,4,agnews,halfB,real,halfB,segregation_between_mean,0.05868272755247205
EleutherAI/pythia-70m,4,agnews,halfB,real,halfB,segregation_ratio,1.8961026115522628
EleutherAI/pythia-70m,4,agnews,halfB,real,halfB,segregation_modularity,0.012496892816619153
EleutherAI/pythia-70m,4,agnews,halfB,real,halfA,segregation_within_mean,0.11111907066066297
EleutherAI/pythia-70m,4,agnews,halfB,real,halfA,segregation_between_mean,0.058674147003768544
EleutherAI/pythia-70m,4,agnews,halfB,real,halfA,segregation_ratio,1.8938335934142507
EleutherAI/pythia-70m,4,agnews,halfB,real,halfA,segregation_modularity,0.012464262488802034
EleutherAI/pythia-70m,4,agnews,halfB,null,halfB,segregation_within_mean,0.05943733766233894
EleutherAI/pythia-70m,4,agnews,halfB,null,halfB,segregation_between_mean,0.059396904398445964
EleutherAI/pythia-70m,4,agnews,halfB,null,halfB,segregation_ratio,1.0006807301542475
EleutherAI/pythia-70m,4,agnews,halfB,null,halfB,segregation_modularity,-7.456929979735805e-05
EleutherAI/pythia-70m,4,agnews,halfB,null,halfA,segregation_within_mean,0.05942316288662399
EleutherAI/pythia-70m,4,agnews,halfB,null,halfA,segregation_between_mean,0.05938644803932284
EleutherAI/pythia-70m,4,agnews,halfB,null,halfA,segregation_ratio,1.0006182361214269
EleutherAI/pythia-70m,4,agnews,halfB,null,halfA,segregation_modularity,-7.540309818417947e-05
EleutherAI/pythia-70m,4,tldr17,halfA,-,halfA,act_firing_rate_median,0.4965565999348958
EleutherAI/pythia-70m,4,tldr17,halfA,-,halfA,act_frac_dead,0.0
EleutherAI/pythia-70m,4,tldr17,halfA,-,halfA,act_frac_dense,0.488037109375
EleutherAI/pythia-70m,4,tldr17,halfA,-,halfA,act_firing_rate_gini,0.2139490817364056
EleutherAI/pythia-70m,4,tldr17,halfB,-,halfB,act_firing_rate_median,0.4968236287434896
EleutherAI/pythia-70m,4,tldr17,halfB,-,halfB,act_frac_dead,0.0
EleutherAI/pythia-70m,4,tldr17,halfB,-,halfB,act_frac_dense,0.4898274739583333
EleutherAI/pythia-70m,4,tldr17,halfB,-,halfB,act_firing_rate_gini,0.21412387938703903
EleutherAI/pythia-70m,4,tldr17,-,-,-,lm_loss,10.999611135413181
EleutherAI/pythia-70m,4,tldr17,halfA,-,halfA,dim_participation_ratio,126.12643204524156
EleutherAI/pythia-70m,4,tldr17,halfA,-,halfA,dim_top1_share,0.03390837399366172
EleutherAI/pythia-70m,4,tldr17,halfA,-,halfA,dim_top10_share,0.22281804596482818
EleutherAI/pythia-70m,4,tldr17,halfA,-,halfA,dim_top100_share,0.6196104713725906
EleutherAI/pythia-70m,4,tldr17,halfA,-,halfA,dim_n_for_50pct,57.0
EleutherAI/pythia-70m,4,tldr17,halfA,-,halfA,dim_n_for_90pct,650.0
EleutherAI/pythia-70m,4,tldr17,halfA,-,halfA,dim_participation_ratio_frac,0.010264195316181767
EleutherAI/pythia-70m,4,tldr17,halfA,-,halfA,n_live_units,12288.0
EleutherAI/pythia-70m,4,tldr17,halfA,-,halfA,coupling_mean_absr,0.069466578614854
EleutherAI/pythia-70m,4,tldr17,halfA,-,halfA,coupling_median_absr,0.057513944804668427
EleutherAI/pythia-70m,4,tldr17,halfA,-,halfA,coupling_p90_absr,0.1437885344028473
EleutherAI/pythia-70m,4,tldr17,halfA,-,halfA,coupling_p99_absr,0.24300543621182474
EleutherAI/pythia-70m,4,tldr17,halfA,-,halfA,coupling_frac_absr_gt_0.1,0.24493810517220344
EleutherAI/pythia-70m,4,tldr17,halfA,-,halfA,coupling_frac_absr_gt_0.3,0.0028046187602633007
EleutherAI/pythia-70m,4,tldr17,halfA,-,halfA,coupling_concentration_top1pct,0.03649540090879483
EleutherAI/pythia-70m,4,tldr17,halfA,-,halfA,hub_strength_gini,0.09813378816142926
EleutherAI/pythia-70m,4,tldr17,halfA,-,halfA,hub_strength_cv,0.17573764475878167
EleutherAI/pythia-70m,4,tldr17,halfB,-,halfB,dim_participation_ratio,123.45206758205676
EleutherAI/pythia-70m,4,tldr17,halfB,-,halfB,dim_top1_share,0.034927834010461394
EleutherAI/pythia-70m,4,tldr17,halfB,-,halfB,dim_top10_share,0.22584371660896407
EleutherAI/pythia-70m,4,tldr17,halfB,-,halfB,dim_top100_share,0.6203158402962707
EleutherAI/pythia-70m,4,tldr17,halfB,-,halfB,dim_n_for_50pct,56.0
EleutherAI/pythia-70m,4,tldr17,halfB,-,halfB,dim_n_for_90pct,646.0
EleutherAI/pythia-70m,4,tldr17,halfB,-,halfB,dim_participation_ratio_frac,0.010046554979008524
EleutherAI/pythia-70m,4,tldr17,halfB,-,halfB,n_live_units,12288.0
EleutherAI/pythia-70m,4,tldr17,halfB,-,halfB,coupling_mean_absr,0.07018392177933956
EleutherAI/pythia-70m,4,tldr17,halfB,-,halfB,coupling_median_absr,0.05802110955119133
EleutherAI/pythia-70m,4,tldr17,halfB,-,halfB,coupling_p90_absr,0.1452263966202736
EleutherAI/pythia-70m,4,tldr17,halfB,-,halfB,coupling_p99_absr,0.2459208801388742
EleutherAI/pythia-70m,4,tldr17,halfB,-,halfB,coupling_frac_absr_gt_0.1,0.2494128513840946
EleutherAI/pythia-70m,4,tldr17,halfB,-,halfB,coupling_frac_absr_gt_0.3,0.0030552529749463255
EleutherAI/pythia-70m,4,tldr17,halfB,-,halfB,coupling_concentration_top1pct,0.0364572047594823
EleutherAI/pythia-70m,4,tldr17,halfB,-,halfB,hub_strength_gini,0.10014334703752348
EleutherAI/pythia-70m,4,tldr17,halfB,-,halfB,hub_strength_cv,0.17958174362293042
EleutherAI/pythia-70m,4,tldr17,halfA,real,halfA,segregation_within_mean,0.14926290244518572
EleutherAI/pythia-70m,4,tldr17,halfA,real,halfA,segregation_between_mean,0.06849690621546524
EleutherAI/pythia-70m,4,tldr17,halfA,real,halfA,segregation_ratio,2.1791188929856387
EleutherAI/pythia-70m,4,tldr17,halfA,real,halfA,segregation_modularity,0.013794290995454388
EleutherAI/pythia-70m,4,tldr17,halfA,real,halfB,segregation_within_mean,0.1516119115978136
EleutherAI/pythia-70m,4,tldr17,halfA,real,halfB,segregation_between_mean,0.06919442163001885
EleutherAI/pythia-70m,4,tldr17,halfA,real,halfB,segregation_ratio,2.191100207593025
EleutherAI/pythia-70m,4,tldr17,halfA,real,halfB,segregation_modularity,0.013918883778810915
EleutherAI/pythia-70m,4,tldr17,halfA,null,halfA,segregation_within_mean,0.06964050496059378
EleutherAI/pythia-70m,4,tldr17,halfA,null,halfA,segregation_between_mean,0.06946478489389375
EleutherAI/pythia-70m,4,tldr17,halfA,null,halfA,segregation_ratio,1.0025296280261782
EleutherAI/pythia-70m,4,tldr17,halfA,null,halfA,segregation_modularity,-6.462112567857635e-05
EleutherAI/pythia-70m,4,tldr17,halfA,null,halfB,segregation_within_mean,0.07037718316938095
EleutherAI/pythia-70m,4,tldr17,halfA,null,halfB,segregation_between_mean,0.07018192864770699
EleutherAI/pythia-70m,4,tldr17,halfA,null,halfB,segregation_ratio,1.0027821196344444
EleutherAI/pythia-70m,4,tldr17,halfA,null,halfB,segregation_modularity,-6.313271081162328e-05
EleutherAI/pythia-70m,4,tldr17,halfB,real,halfB,segregation_within_mean,0.14783866985206473
EleutherAI/pythia-70m,4,tldr17,halfB,real,halfB,segregation_between_mean,0.06919553697734286
EleutherAI/pythia-70m,4,tldr17,halfB,real,halfB,segregation_ratio,2.1365347580216407
EleutherAI/pythia-70m,4,tldr17,halfB,real,halfB,segregation_modularity,0.014049690770469584
EleutherAI/pythia-70m,4,tldr17,halfB,real,halfA,segregation_within_mean,0.1453207827815126
EleutherAI/pythia-70m,4,tldr17,halfB,real,halfA,segregation_between_mean,0.06850111103135285
EleutherAI/pythia-70m,4,tldr17,halfB,real,halfA,segregation_ratio,2.1214368729727533
EleutherAI/pythia-70m,4,tldr17,halfB,real,halfA,segregation_modularity,0.013877915589458145
EleutherAI/pythia-70m,4,tldr17,halfB,null,halfB,segregation_within_mean,0.07023664769034271
EleutherAI/pythia-70m,4,tldr17,halfB,null,halfB,segregation_between_mean,0.07018337826948767
EleutherAI/pythia-70m,4,tldr17,halfB,null,halfB,segregation_ratio,1.0007590033732845
EleutherAI/pythia-70m,4,tldr17,halfB,null,halfB,segregation_modularity,-8.018275770243111e-05
EleutherAI/pythia-70m,4,tldr17,halfB,null,halfA,segregation_within_mean,0.0695204944897549
EleutherAI/pythia-70m,4,tldr17,halfB,null,halfA,segregation_between_mean,0.06946602283013097
EleutherAI/pythia-70m,4,tldr17,halfB,null,halfA,segregation_ratio,1.0007841482411788
EleutherAI/pythia-70m,4,tldr17,halfB,null,halfA,segregation_modularity,-8.009375477661661e-05
EleutherAI/pythia-70m,4000,wikitext,halfA,-,halfA,act_firing_rate_median,0.2225799560546875
EleutherAI/pythia-70m,4000,wikitext,halfA,-,halfA,act_frac_dead,8.138020833333333e-05
EleutherAI/pythia-70m,4000,wikitext,halfA,-,halfA,act_frac_dense,0.007649739583333333
EleutherAI/pythia-70m,4000,wikitext,halfA,-,halfA,act_firing_rate_gini,0.21521969357330262
EleutherAI/pythia-70m,4000,wikitext,halfB,-,halfB,act_firing_rate_median,0.22252655029296875
EleutherAI/pythia-70m,4000,wikitext,halfB,-,halfB,act_frac_dead,8.138020833333333e-05
EleutherAI/pythia-70m,4000,wikitext,halfB,-,halfB,act_frac_dense,0.007405598958333333
EleutherAI/pythia-70m,4000,wikitext,halfB,-,halfB,act_firing_rate_gini,0.21463871422794645
EleutherAI/pythia-70m,4000,wikitext,-,-,-,lm_loss,4.6507090050135425
EleutherAI/pythia-70m,4000,wikitext,halfA,-,halfA,dim_participation_ratio,360.86716292358335
EleutherAI/pythia-70m,4000,wikitext,halfA,-,halfA,dim_top1_share,0.02514436721198114
EleutherAI/pythia-70m,4000,wikitext,halfA,-,halfA,dim_top10_share,0.11967047526504684
EleutherAI/pythia-70m,4000,wikitext,halfA,-,halfA,dim_top100_share,0.369557232640813
EleutherAI/pythia-70m,4000,wikitext,halfA,-,halfA,dim_n_for_50pct,256.0
EleutherAI/pythia-70m,4000,wikitext,halfA,-,halfA,dim_n_for_90pct,4384.0
EleutherAI/pythia-70m,4000,wikitext,halfA,-,halfA,dim_participation_ratio_frac,0.029369835022673017
EleutherAI/pythia-70m,4000,wikitext,halfA,-,halfA,n_live_units,12287.0
EleutherAI/pythia-70m,4000,wikitext,halfA,-,halfA,coupling_mean_absr,0.03846616060923076
EleutherAI/pythia-70m,4000,wikitext,halfA,-,halfA,coupling_median_absr,0.029657181352376938
EleutherAI/pythia-70m,4000,wikitext,halfA,-,halfA,coupling_p90_absr,0.08174961358308788
EleutherAI/pythia-70m,4000,wikitext,halfA,-,halfA,coupling_p99_absr,0.15889965713024107
EleutherAI/pythia-70m,4000,wikitext,halfA,-,halfA,coupling_frac_absr_gt_0.1,0.055543776807208914
EleutherAI/pythia-70m,4000,wikitext,halfA,-,halfA,coupling_frac_absr_gt_0.3,0.000613450548325182
EleutherAI/pythia-70m,4000,wikitext,halfA,-,halfA,coupling_concentration_top1pct,0.045163855890804336
EleutherAI/pythia-70m,4000,wikitext,halfA,-,halfA,hub_strength_gini,0.12438513457945133
EleutherAI/pythia-70m,4000,wikitext,halfA,-,halfA,hub_strength_cv,0.2289559771766579
EleutherAI/pythia-70m,4000,wikitext,halfB,-,halfB,dim_participation_ratio,360.5792141778778
EleutherAI/pythia-70m,4000,wikitext,halfB,-,halfB,dim_top1_share,0.025162126713355857
EleutherAI/pythia-70m,4000,wikitext,halfB,-,halfB,dim_top10_share,0.11946382097967964
EleutherAI/pythia-70m,4000,wikitext,halfB,-,halfB,dim_top100_share,0.36944692133139967
EleutherAI/pythia-70m,4000,wikitext,halfB,-,halfB,dim_n_for_50pct,256.0
EleutherAI/pythia-70m,4000,wikitext,halfB,-,halfB,dim_n_for_90pct,4381.0
EleutherAI/pythia-70m,4000,wikitext,halfB,-,halfB,dim_participation_ratio_frac,0.02934878839149258
EleutherAI/pythia-70m,4000,wikitext,halfB,-,halfB,n_live_units,12286.0
EleutherAI/pythia-70m,4000,wikitext,halfB,-,halfB,coupling_mean_absr,0.03847753588496194
EleutherAI/pythia-70m,4000,wikitext,halfB,-,halfB,coupling_median_absr,0.02968523744493723
EleutherAI/pythia-70m,4000,wikitext,halfB,-,halfB,coupling_p90_absr,0.08181537911295889
EleutherAI/pythia-70m,4000,wikitext,halfB,-,halfB,coupling_p99_absr,0.1589414757490144
EleutherAI/pythia-70m,4000,wikitext,halfB,-,halfB,coupling_frac_absr_gt_0.1,0.0556721646977123
EleutherAI/pythia-70m,4000,wikitext,halfB,-,halfB,coupling_frac_absr_gt_0.3,0.0006338496938159951
EleutherAI/pythia-70m,4000,wikitext,halfB,-,halfB,coupling_concentration_top1pct,0.04513100039425639
EleutherAI/pythia-70m,4000,wikitext,halfB,-,halfB,hub_strength_gini,0.1247682927489604
EleutherAI/pythia-70m,4000,wikitext,halfB,-,halfB,hub_strength_cv,0.2301387584083272
EleutherAI/pythia-70m,4000,wikitext,halfA,real,halfA,segregation_within_mean,0.10593567500443626
EleutherAI/pythia-70m,4000,wikitext,halfA,real,halfA,segregation_between_mean,0.03763071122650794
EleutherAI/pythia-70m,4000,wikitext,halfA,real,halfA,segregation_ratio,2.8151387935982655
EleutherAI/pythia-70m,4000,wikitext,halfA,real,halfA,segregation_modularity,0.020866874063089215
EleutherAI/pythia-70m,4000,wikitext,halfA,real,halfB,segregation_within_mean,0.10529817054028623
EleutherAI/pythia-70m,4000,wikitext,halfA,real,halfB,segregation_between_mean,0.037650121330440066
EleutherAI/pythia-70m,4000,wikitext,halfA,real,halfB,segregation_ratio,2.796755144986819
EleutherAI/pythia-70m,4000,wikitext,halfA,real,halfB,segregation_modularity,0.020641374663442638
EleutherAI/pythia-70m,4000,wikitext,halfA,null,halfA,segregation_within_mean,0.04491543597029706
EleutherAI/pythia-70m,4000,wikitext,halfA,null,halfA,segregation_between_mean,0.038366899849640416
EleutherAI/pythia-70m,4000,wikitext,halfA,null,halfA,segregation_ratio,1.1706819197360305
EleutherAI/pythia-70m,4000,wikitext,halfA,null,halfA,segregation_modularity,0.0017255808453897896
EleutherAI/pythia-70m,4000,wikitext,halfA,null,halfB,segregation_within_mean,0.04490688023884737
EleutherAI/pythia-70m,4000,wikitext,halfA,null,halfB,segregation_between_mean,0.038378581887004576
EleutherAI/pythia-70m,4000,wikitext,halfA,null,halfB,segregation_ratio,1.1701026466028268
EleutherAI/pythia-70m,4000,wikitext,halfA,null,halfB,segregation_modularity,0.001702291362076636
EleutherAI/pythia-70m,4000,wikitext,halfB,real,halfB,segregation_within_mean,0.10739189677455364
EleutherAI/pythia-70m,4000,wikitext,halfB,real,halfB,segregation_between_mean,0.03763441852749879
EleutherAI/pythia-70m,4000,wikitext,halfB,real,halfB,segregation_ratio,2.8535553617251805
EleutherAI/pythia-70m,4000,wikitext,halfB,real,halfB,segregation_modularity,0.020934767141686027
EleutherAI/pythia-70m,4000,wikitext,halfB,real,halfA,segregation_within_mean,0.10737380207220683
EleutherAI/pythia-70m,4000,wikitext,halfB,real,halfA,segregation_between_mean,0.03762312546505625
EleutherAI/pythia-70m,4000,wikitext,halfB,real,halfA,segregation_ratio,2.853930946591183
EleutherAI/pythia-70m,4000,wikitext,halfB,real,halfA,segregation_modularity,0.02096173838725802
EleutherAI/pythia-70m,4000,wikitext,halfB,null,halfB,segregation_within_mean,0.04526678733326816
EleutherAI/pythia-70m,4000,wikitext,halfB,null,halfB,segregation_between_mean,0.03837655314837066
EleutherAI/pythia-70m,4000,wikitext,halfB,null,halfB,segregation_ratio,1.1795428098573266
EleutherAI/pythia-70m,4000,wikitext,halfB,null,halfB,segregation_modularity,0.0017057723509079446
EleutherAI/pythia-70m,4000,wikitext,halfB,null,halfA,segregation_within_mean,0.045268772195905915
EleutherAI/pythia-70m,4000,wikitext,halfB,null,halfA,segregation_between_mean,0.03836497915652395
EleutherAI/pythia-70m,4000,wikitext,halfB,null,halfA,segregation_ratio,1.1799503920285066
EleutherAI/pythia-70m,4000,wikitext,halfB,null,halfA,segregation_modularity,0.0017224466533271466
EleutherAI/pythia-70m,4000,bookcorpus,halfA,-,halfA,act_firing_rate_median,0.22170003255208331
EleutherAI/pythia-70m,4000,bookcorpus,halfA,-,halfA,act_frac_dead,0.0004069010416666667
EleutherAI/pythia-70m,4000,bookcorpus,halfA,-,halfA,act_frac_dense,0.02099609375
EleutherAI/pythia-70m,4000,bookcorpus,halfA,-,halfA,act_firing_rate_gini,0.27477805907736386
EleutherAI/pythia-70m,4000,bookcorpus,halfB,-,halfB,act_firing_rate_median,0.2218017578125
EleutherAI/pythia-70m,4000,bookcorpus,halfB,-,halfB,act_frac_dead,0.0004069010416666667
EleutherAI/pythia-70m,4000,bookcorpus,halfB,-,halfB,act_frac_dense,0.021321614583333332
EleutherAI/pythia-70m,4000,bookcorpus,halfB,-,halfB,act_firing_rate_gini,0.275828706543505
EleutherAI/pythia-70m,4000,bookcorpus,-,-,-,lm_loss,4.964018758194146
EleutherAI/pythia-70m,4000,bookcorpus,halfA,-,halfA,dim_participation_ratio,279.62657727835693
EleutherAI/pythia-70m,4000,bookcorpus,halfA,-,halfA,dim_top1_share,0.03341146100637579
EleutherAI/pythia-70m,4000,bookcorpus,halfA,-,halfA,dim_top10_share,0.13905846923728324
EleutherAI/pythia-70m,4000,bookcorpus,halfA,-,halfA,dim_top100_share,0.38931104294661784
EleutherAI/pythia-70m,4000,bookcorpus,halfA,-,halfA,dim_n_for_50pct,213.0
EleutherAI/pythia-70m,4000,bookcorpus,halfA,-,halfA,dim_n_for_90pct,3758.0
EleutherAI/pythia-70m,4000,bookcorpus,halfA,-,halfA,dim_participation_ratio_frac,0.02275606911444962
EleutherAI/pythia-70m,4000,bookcorpus,halfA,-,halfA,n_live_units,12288.0
EleutherAI/pythia-70m,4000,bookcorpus,halfA,-,halfA,coupling_mean_absr,0.042851583406340966
EleutherAI/pythia-70m,4000,bookcorpus,halfA,-,halfA,coupling_median_absr,0.03234980255365372
EleutherAI/pythia-70m,4000,bookcorpus,halfA,-,halfA,coupling_p90_absr,0.0916852541267872
EleutherAI/pythia-70m,4000,bookcorpus,halfA,-,halfA,coupling_p99_absr,0.1836067567765714
EleutherAI/pythia-70m,4000,bookcorpus,halfA,-,halfA,coupling_frac_absr_gt_0.1,0.07894581041164629
EleutherAI/pythia-70m,4000,bookcorpus,halfA,-,halfA,coupling_frac_absr_gt_0.3,0.001977145517910118
EleutherAI/pythia-70m,4000,bookcorpus,halfA,-,halfA,coupling_concentration_top1pct,0.044395663316001116
EleutherAI/pythia-70m,4000,bookcorpus,halfA,-,halfA,hub_strength_gini,0.1550880943540638
EleutherAI/pythia-70m,4000,bookcorpus,halfA,-,halfA,hub_strength_cv,0.3016148525208443
EleutherAI/pythia-70m,4000,bookcorpus,halfB,-,halfB,dim_participation_ratio,279.38382722879686
EleutherAI/pythia-70m,4000,bookcorpus,halfB,-,halfB,dim_top1_share,0.03354256965783566
EleutherAI/pythia-70m,4000,bookcorpus,halfB,-,halfB,dim_top10_share,0.13899343786933455
EleutherAI/pythia-70m,4000,bookcorpus,halfB,-,halfB,dim_top100_share,0.3892801452127408
EleutherAI/pythia-70m,4000,bookcorpus,halfB,-,halfB,dim_n_for_50pct,213.0
EleutherAI/pythia-70m,4000,bookcorpus,halfB,-,halfB,dim_n_for_90pct,3759.0
EleutherAI/pythia-70m,4000,bookcorpus,halfB,-,halfB,dim_participation_ratio_frac,0.022736314064843496
EleutherAI/pythia-70m,4000,bookcorpus,halfB,-,halfB,n_live_units,12288.0
EleutherAI/pythia-70m,4000,bookcorpus,halfB,-,halfB,coupling_mean_absr,0.04285326704697949
EleutherAI/pythia-70m,4000,bookcorpus,halfB,-,halfB,coupling_median_absr,0.03233060613274574
EleutherAI/pythia-70m,4000,bookcorpus,halfB,-,halfB,coupling_p90_absr,0.09166873395442968
EleutherAI/pythia-70m,4000,bookcorpus,halfB,-,halfB,coupling_p99_absr,0.18417030304670323
EleutherAI/pythia-70m,4000,bookcorpus,halfB,-,halfB,coupling_frac_absr_gt_0.1,0.07884963913961555
EleutherAI/pythia-70m,4000,bookcorpus,halfB,-,halfB,coupling_frac_absr_gt_0.3,0.0020107693067756304
EleutherAI/pythia-70m,4000,bookcorpus,halfB,-,halfB,coupling_concentration_top1pct,0.044391937652924665
EleutherAI/pythia-70m,4000,bookcorpus,halfB,-,halfB,hub_strength_gini,0.15562447363339293
EleutherAI/pythia-70m,4000,bookcorpus,halfB,-,halfB,hub_strength_cv,0.3029298348467166
EleutherAI/pythia-70m,4000,bookcorpus,halfA,real,halfA,segregation_within_mean,0.12384320830885764
EleutherAI/pythia-70m,4000,bookcorpus,halfA,real,halfA,segregation_between_mean,0.04183911628266562
EleutherAI/pythia-70m,4000,bookcorpus,halfA,real,halfA,segregation_ratio,2.959986235659742
EleutherAI/pythia-70m,4000,bookcorpus,halfA,real,halfA,segregation_modularity,0.021154825710662104
EleutherAI/pythia-70m,4000,bookcorpus,halfA,real,halfB,segregation_within_mean,0.12378954093008572
EleutherAI/pythia-70m,4000,bookcorpus,halfA,real,halfB,segregation_between_mean,0.041841491857805196
EleutherAI/pythia-70m,4000,bookcorpus,halfA,real,halfB,segregation_ratio,2.958535545309285
EleutherAI/pythia-70m,4000,bookcorpus,halfA,real,halfB,segregation_modularity,0.021099560748540924
EleutherAI/pythia-70m,4000,bookcorpus,halfA,null,halfA,segregation_within_mean,0.04549266287351154
EleutherAI/pythia-70m,4000,bookcorpus,halfA,null,halfA,segregation_between_mean,0.04282129571638405
EleutherAI/pythia-70m,4000,bookcorpus,halfA,null,halfA,segregation_ratio,1.0623840804542817
EleutherAI/pythia-70m,4000,bookcorpus,halfA,null,halfA,segregation_modularity,0.0005831448377111979
EleutherAI/pythia-70m,4000,bookcorpus,halfA,null,halfB,segregation_within_mean,0.04547955594608934
EleutherAI/pythia-70m,4000,bookcorpus,halfA,null,halfB,segregation_between_mean,0.04282314896917023
EleutherAI/pythia-70m,4000,bookcorpus,halfA,null,halfB,segregation_ratio,1.062032032694082
EleutherAI/pythia-70m,4000,bookcorpus,halfA,null,halfB,segregation_modularity,0.0005774015904308396
EleutherAI/pythia-70m,4000,bookcorpus,halfB,real,halfB,segregation_within_mean,0.1253439327541075
EleutherAI/pythia-70m,4000,bookcorpus,halfB,real,halfB,segregation_between_mean,0.041829700822781715
EleutherAI/pythia-70m,4000,bookcorpus,halfB,real,halfB,segregation_ratio,2.9965295062746757
EleutherAI/pythia-70m,4000,bookcorpus,halfB,real,halfB,segregation_modularity,0.02119752971358592
EleutherAI/pythia-70m,4000,bookcorpus,halfB,real,halfA,segregation_within_mean,0.12523172400816956
EleutherAI/pythia-70m,4000,bookcorpus,halfB,real,halfA,segregation_between_mean,0.041829388601646915
EleutherAI/pythia-70m,4000,bookcorpus,halfB,real,halfA,segregation_ratio,2.9938693391095588
EleutherAI/pythia-70m,4000,bookcorpus,halfB,real,halfA,segregation_modularity,0.021206864722408774
EleutherAI/pythia-70m,4000,bookcorpus,halfB,null,halfB,segregation_within_mean,0.045326982608825304
EleutherAI/pythia-70m,4000,bookcorpus,halfB,null,halfB,segregation_between_mean,0.04282428144723255
EleutherAI/pythia-70m,4000,bookcorpus,halfB,null,halfB,segregation_ratio,1.0584411711537192
EleutherAI/pythia-70m,4000,bookcorpus,halfB,null,halfB,segregation_modularity,0.0005514758769896816
EleutherAI/pythia-70m,4000,bookcorpus,halfB,null,halfA,segregation_within_mean,0.04533815734703338
EleutherAI/pythia-70m,4000,bookcorpus,halfB,null,halfA,segregation_between_mean,0.042822447131928544
EleutherAI/pythia-70m,4000,bookcorpus,halfB,null,halfA,segregation_ratio,1.0587474650235276
EleutherAI/pythia-70m,4000,bookcorpus,halfB,null,halfA,segregation_modularity,0.0005556423865266072
EleutherAI/pythia-70m,4000,agnews,halfA,-,halfA,act_firing_rate_median,0.22862752278645834
EleutherAI/pythia-70m,4000,agnews,halfA,-,halfA,act_frac_dead,8.138020833333333e-05
EleutherAI/pythia-70m,4000,agnews,halfA,-,halfA,act_frac_dense,0.011555989583333334
EleutherAI/pythia-70m,4000,agnews,halfA,-,halfA,act_firing_rate_gini,0.2379893462451459
EleutherAI/pythia-70m,4000,agnews,halfB,-,halfB,act_firing_rate_median,0.22835032145182294
EleutherAI/pythia-70m,4000,agnews,halfB,-,halfB,act_frac_dead,8.138020833333333e-05
EleutherAI/pythia-70m,4000,agnews,halfB,-,halfB,act_frac_dense,0.011474609375
EleutherAI/pythia-70m,4000,agnews,halfB,-,halfB,act_firing_rate_gini,0.2376470322642874
EleutherAI/pythia-70m,4000,agnews,-,-,-,lm_loss,5.009039139055156
EleutherAI/pythia-70m,4000,agnews,halfA,-,halfA,dim_participation_ratio,432.0795300049803
EleutherAI/pythia-70m,4000,agnews,halfA,-,halfA,dim_top1_share,0.023127741522248113
EleutherAI/pythia-70m,4000,agnews,halfA,-,halfA,dim_top10_share,0.10320289294155406
EleutherAI/pythia-70m,4000,agnews,halfA,-,halfA,dim_top100_share,0.3493290620611893
EleutherAI/pythia-70m,4000,agnews,halfA,-,halfA,dim_n_for_50pct,275.0
EleutherAI/pythia-70m,4000,agnews,halfA,-,halfA,dim_n_for_90pct,4318.0
EleutherAI/pythia-70m,4000,agnews,halfA,-,halfA,dim_participation_ratio_frac,0.03516272216837405
EleutherAI/pythia-70m,4000,agnews,halfA,-,halfA,n_live_units,12288.0
EleutherAI/pythia-70m,4000,agnews,halfA,-,halfA,coupling_mean_absr,0.03527296971793394
EleutherAI/pythia-70m,4000,agnews,halfA,-,halfA,coupling_median_absr,0.027216777205467224
EleutherAI/pythia-70m,4000,agnews,halfA,-,halfA,coupling_p90_absr,0.07544974088668827
EleutherAI/pythia-70m,4000,agnews,halfA,-,halfA,coupling_p99_absr,0.14432368814945223
EleutherAI/pythia-70m,4000,agnews,halfA,-,halfA,coupling_frac_absr_gt_0.1,0.043035371935870675
EleutherAI/pythia-70m,4000,agnews,halfA,-,halfA,coupling_frac_absr_gt_0.3,0.0001918159207214199
EleutherAI/pythia-70m,4000,agnews,halfA,-,halfA,coupling_concentration_top1pct,0.044772914757288215
EleutherAI/pythia-70m,4000,agnews,halfA,-,halfA,hub_strength_gini,0.12239416008008153
EleutherAI/pythia-70m,4000,agnews,halfA,-,halfA,hub_strength_cv,0.21933734908772054
EleutherAI/pythia-70m,4000,agnews,halfB,-,halfB,dim_participation_ratio,432.54101291389344
EleutherAI/pythia-70m,4000,agnews,halfB,-,halfB,dim_top1_share,0.023158109829116365
EleutherAI/pythia-70m,4000,agnews,halfB,-,halfB,dim_top10_share,0.10323054027060961
EleutherAI/pythia-70m,4000,agnews,halfB,-,halfB,dim_top100_share,0.3490164257522648
EleutherAI/pythia-70m,4000,agnews,halfB,-,halfB,dim_n_for_50pct,277.0
EleutherAI/pythia-70m,4000,agnews,halfB,-,halfB,dim_n_for_90pct,4341.0
EleutherAI/pythia-70m,4000,agnews,halfB,-,halfB,dim_participation_ratio_frac,0.03520027774364367
EleutherAI/pythia-70m,4000,agnews,halfB,-,halfB,n_live_units,12288.0
EleutherAI/pythia-70m,4000,agnews,halfB,-,halfB,coupling_mean_absr,0.03526360584718136
EleutherAI/pythia-70m,4000,agnews,halfB,-,halfB,coupling_median_absr,0.02723930962383747
EleutherAI/pythia-70m,4000,agnews,halfB,-,halfB,coupling_p90_absr,0.07543473243713376
EleutherAI/pythia-70m,4000,agnews,halfB,-,halfB,coupling_p99_absr,0.14415152937173825
EleutherAI/pythia-70m,4000,agnews,halfB,-,halfB,coupling_frac_absr_gt_0.1,0.0429927855983189
EleutherAI/pythia-70m,4000,agnews,halfB,-,halfB,coupling_frac_absr_gt_0.3,0.0001856154803310596
EleutherAI/pythia-70m,4000,agnews,halfB,-,halfB,coupling_concentration_top1pct,0.044757701127587084
EleutherAI/pythia-70m,4000,agnews,halfB,-,halfB,hub_strength_gini,0.12248784457159911
EleutherAI/pythia-70m,4000,agnews,halfB,-,halfB,hub_strength_cv,0.21958858323874775
EleutherAI/pythia-70m,4000,agnews,halfA,real,halfA,segregation_within_mean,0.08431808652414506
EleutherAI/pythia-70m,4000,agnews,halfA,real,halfA,segregation_between_mean,0.034636601167577274
EleutherAI/pythia-70m,4000,agnews,halfA,real,halfA,segregation_ratio,2.434363756310875
EleutherAI/pythia-70m,4000,agnews,halfA,real,halfA,segregation_modularity,0.01780287872508893
EleutherAI/pythia-70m,4000,agnews,halfA,real,halfB,segregation_within_mean,0.08396313692805103
EleutherAI/pythia-70m,4000,agnews,halfA,real,halfB,segregation_between_mean,0.03463172132842053
EleutherAI/pythia-70m,4000,agnews,halfA,real,halfB,segregation_ratio,2.4244575119962826
EleutherAI/pythia-70m,4000,agnews,halfA,real,halfB,segregation_modularity,0.017678860119275774
EleutherAI/pythia-70m,4000,agnews,halfA,null,halfA,segregation_within_mean,0.03885300447739893
EleutherAI/pythia-70m,4000,agnews,halfA,null,halfA,segregation_between_mean,0.035230334000329336
EleutherAI/pythia-70m,4000,agnews,halfA,null,halfA,segregation_ratio,1.1028281615790452
EleutherAI/pythia-70m,4000,agnews,halfA,null,halfA,segregation_modularity,0.0010615488794895607
EleutherAI/pythia-70m,4000,agnews,halfA,null,halfB,segregation_within_mean,0.03880512066047242
EleutherAI/pythia-70m,4000,agnews,halfA,null,halfB,segregation_between_mean,0.035221428886209216
EleutherAI/pythia-70m,4000,agnews,halfA,null,halfB,segregation_ratio,1.1017474840626462
EleutherAI/pythia-70m,4000,agnews,halfA,null,halfB,segregation_modularity,0.0010444807114918019
EleutherAI/pythia-70m,4000,agnews,halfB,real,halfB,segregation_within_mean,0.08304538377839804
EleutherAI/pythia-70m,4000,agnews,halfB,real,halfB,segregation_between_mean,0.03463016260494072
EleutherAI/pythia-70m,4000,agnews,halfB,real,halfB,segregation_ratio,2.3980650834873605
EleutherAI/pythia-70m,4000,agnews,halfB,real,halfB,segregation_modularity,0.01770749421265864
EleutherAI/pythia-70m,4000,agnews,halfB,real,halfA,segregation_within_mean,0.08301203839560045
EleutherAI/pythia-70m,4000,agnews,halfB,real,halfA,segregation_between_mean,0.034640092667178976
EleutherAI/pythia-70m,4000,agnews,halfB,real,halfA,segregation_ratio,2.3964150209751964
EleutherAI/pythia-70m,4000,agnews,halfB,real,halfA,segregation_modularity,0.01768890452622634
EleutherAI/pythia-70m,4000,agnews,halfB,null,halfB,segregation_within_mean,0.038733080465115144
EleutherAI/pythia-70m,4000,agnews,halfB,null,halfB,segregation_between_mean,0.03522227698573445
EleutherAI/pythia-70m,4000,agnews,halfB,null,halfB,segregation_ratio,1.0996756535871495
EleutherAI/pythia-70m,4000,agnews,halfB,null,halfB,segregation_modularity,0.0010386398278978298
EleutherAI/pythia-70m,4000,agnews,halfB,null,halfA,segregation_within_mean,0.038764212092901096
EleutherAI/pythia-70m,4000,agnews,halfB,null,halfA,segregation_between_mean,0.03523138155562868
EleutherAI/pythia-70m,4000,agnews,halfB,null,halfA,segregation_ratio,1.100275106489771
EleutherAI/pythia-70m,4000,agnews,halfB,null,halfA,segregation_modularity,0.0010482820053627781
EleutherAI/pythia-70m,4000,tldr17,halfA,-,halfA,act_firing_rate_median,0.2177581787109375
EleutherAI/pythia-70m,4000,tldr17,halfA,-,halfA,act_frac_dead,0.00016276041666666666
EleutherAI/pythia-70m,4000,tldr17,halfA,-,halfA,act_frac_dense,0.010904947916666666
EleutherAI/pythia-70m,4000,tldr17,halfA,-,halfA,act_firing_rate_gini,0.2387840182581742
EleutherAI/pythia-70m,4000,tldr17,halfB,-,halfB,act_firing_rate_median,0.21781412760416669
EleutherAI/pythia-70m,4000,tldr17,halfB,-,halfB,act_frac_dead,0.00016276041666666666
EleutherAI/pythia-70m,4000,tldr17,halfB,-,halfB,act_frac_dense,0.010660807291666666
EleutherAI/pythia-70m,4000,tldr17,halfB,-,halfB,act_firing_rate_gini,0.24087914040682779
EleutherAI/pythia-70m,4000,tldr17,-,-,-,lm_loss,4.136306341300859
EleutherAI/pythia-70m,4000,tldr17,halfA,-,halfA,dim_participation_ratio,401.8900083433886
EleutherAI/pythia-70m,4000,tldr17,halfA,-,halfA,dim_top1_share,0.021149987285595008
EleutherAI/pythia-70m,4000,tldr17,halfA,-,halfA,dim_top10_share,0.1091535384848735
EleutherAI/pythia-70m,4000,tldr17,halfA,-,halfA,dim_top100_share,0.36984398949398456
EleutherAI/pythia-70m,4000,tldr17,halfA,-,halfA,dim_n_for_50pct,234.0
EleutherAI/pythia-70m,4000,tldr17,halfA,-,halfA,dim_n_for_90pct,4040.0
EleutherAI/pythia-70m,4000,tldr17,halfA,-,halfA,dim_participation_ratio_frac,0.032705892606070035
EleutherAI/pythia-70m,4000,tldr17,halfA,-,halfA,n_live_units,12288.0
EleutherAI/pythia-70m,4000,tldr17,halfA,-,halfA,coupling_mean_absr,0.03648439529587728
EleutherAI/pythia-70m,4000,tldr17,halfA,-,halfA,coupling_median_absr,0.028090594336390495
EleutherAI/pythia-70m,4000,tldr17,halfA,-,halfA,coupling_p90_absr,0.07789912372827536
EleutherAI/pythia-70m,4000,tldr17,halfA,-,halfA,coupling_p99_absr,0.15020188421010972
EleutherAI/pythia-70m,4000,tldr17,halfA,-,halfA,coupling_frac_absr_gt_0.1,0.047874134182466235
EleutherAI/pythia-70m,4000,tldr17,halfA,-,halfA,coupling_frac_absr_gt_0.3,0.00030082346423020997
EleutherAI/pythia-70m,4000,tldr17,halfA,-,halfA,coupling_concentration_top1pct,0.045976691976942846
EleutherAI/pythia-70m,4000,tldr17,halfA,-,halfA,hub_strength_gini,0.115026352758268
EleutherAI/pythia-70m,4000,tldr17,halfA,-,halfA,hub_strength_cv,0.21005711113051612
EleutherAI/pythia-70m,4000,tldr17,halfB,-,halfB,dim_participation_ratio,398.1782469963946
EleutherAI/pythia-70m,4000,tldr17,halfB,-,halfB,dim_top1_share,0.02131300300388
EleutherAI/pythia-70m,4000,tldr17,halfB,-,halfB,dim_top10_share,0.10998236890540442
EleutherAI/pythia-70m,4000,tldr17,halfB,-,halfB,dim_top100_share,0.37053231173393547
EleutherAI/pythia-70m,4000,tldr17,halfB,-,halfB,dim_n_for_50pct,233.0
EleutherAI/pythia-70m,4000,tldr17,halfB,-,halfB,dim_n_for_90pct,4025.0
EleutherAI/pythia-70m,4000,tldr17,halfB,-,halfB,dim_participation_ratio_frac,0.03240382869436805
EleutherAI/pythia-70m,4000,tldr17,halfB,-,halfB,n_live_units,12288.0
EleutherAI/pythia-70m,4000,tldr17,halfB,-,halfB,coupling_mean_absr,0.036629639632770564
EleutherAI/pythia-70m,4000,tldr17,halfB,-,halfB,coupling_median_absr,0.0281356368213892
EleutherAI/pythia-70m,4000,tldr17,halfB,-,halfB,coupling_p90_absr,0.07821347936987877
EleutherAI/pythia-70m,4000,tldr17,halfB,-,halfB,coupling_p99_absr,0.15122959837317487
EleutherAI/pythia-70m,4000,tldr17,halfB,-,halfB,coupling_frac_absr_gt_0.1,0.0485226176727433
EleutherAI/pythia-70m,4000,tldr17,halfB,-,halfB,coupling_frac_absr_gt_0.3,0.0003196264650713079
EleutherAI/pythia-70m,4000,tldr17,halfB,-,halfB,coupling_concentration_top1pct,0.04595745461611887
EleutherAI/pythia-70m,4000,tldr17,halfB,-,halfB,hub_strength_gini,0.11643747172135122
EleutherAI/pythia-70m,4000,tldr17,halfB,-,halfB,hub_strength_cv,0.21267400170762432
EleutherAI/pythia-70m,4000,tldr17,halfA,real,halfA,segregation_within_mean,0.09330377384565412
EleutherAI/pythia-70m,4000,tldr17,halfA,real,halfA,segregation_between_mean,0.035767584266058604
EleutherAI/pythia-70m,4000,tldr17,halfA,real,halfA,segregation_ratio,2.608612679895021
EleutherAI/pythia-70m,4000,tldr17,halfA,real,halfA,segregation_modularity,0.019266212462750898
EleutherAI/pythia-70m,4000,tldr17,halfA,real,halfB,segregation_within_mean,0.09376906226714819
EleutherAI/pythia-70m,4000,tldr17,halfA,real,halfB,segregation_between_mean,0.035908791044694056
EleutherAI/pythia-70m,4000,tldr17,halfA,real,halfB,segregation_ratio,2.611312147781251
EleutherAI/pythia-70m,4000,tldr17,halfA,real,halfB,segregation_modularity,0.019284796044744472
EleutherAI/pythia-70m,4000,tldr17,halfA,null,halfA,segregation_within_mean,0.043165490777479394
EleutherAI/pythia-70m,4000,tldr17,halfA,null,halfA,segregation_between_mean,0.036362058977523544
EleutherAI/pythia-70m,4000,tldr17,halfA,null,halfA,segregation_ratio,1.1871024906527228
EleutherAI/pythia-70m,4000,tldr17,halfA,null,halfA,segregation_modularity,0.0023327044968434554
EleutherAI/pythia-70m,4000,tldr17,halfA,null,halfB,segregation_within_mean,0.04326732662731373
EleutherAI/pythia-70m,4000,tldr17,halfA,null,halfB,segregation_between_mean,0.03650809815614385
EleutherAI/pythia-70m,4000,tldr17,halfA,null,halfB,segregation_ratio,1.1851432644412452
EleutherAI/pythia-70m,4000,tldr17,halfA,null,halfB,segregation_modularity,0.002288933448543815
EleutherAI/pythia-70m,4000,tldr17,halfB,real,halfB,segregation_within_mean,0.09512504022047771
EleutherAI/pythia-70m,4000,tldr17,halfB,real,halfB,segregation_between_mean,0.03592331087911185
EleutherAI/pythia-70m,4000,tldr17,halfB,real,halfB,segregation_ratio,2.6480031459402475
EleutherAI/pythia-70m,4000,tldr17,halfB,real,halfB,segregation_modularity,0.018940065188134684
EleutherAI/pythia-70m,4000,tldr17,halfB,real,halfA,segregation_within_mean,0.09391632810418633
EleutherAI/pythia-70m,4000,tldr17,halfB,real,halfA,segregation_between_mean,0.035790907867887196
EleutherAI/pythia-70m,4000,tldr17,halfB,real,halfA,segregation_ratio,2.6240275449523094
EleutherAI/pythia-70m,4000,tldr17,halfB,real,halfA,segregation_modularity,0.01868162176515813
EleutherAI/pythia-70m,4000,tldr17,halfB,null,halfB,segregation_within_mean,0.043392296457776036
EleutherAI/pythia-70m,4000,tldr17,halfB,null,halfB,segregation_between_mean,0.036513542912316656
EleutherAI/pythia-70m,4000,tldr17,halfB,null,halfB,segregation_ratio,1.1883891015993153
EleutherAI/pythia-70m,4000,tldr17,halfB,null,halfB,segregation_modularity,0.0021839392660768166
EleutherAI/pythia-70m,4000,tldr17,halfB,null,halfA,segregation_within_mean,0.04328274386258445
EleutherAI/pythia-70m,4000,tldr17,halfB,null,halfA,segregation_between_mean,0.03636768585091082
EleutherAI/pythia-70m,4000,tldr17,halfB,null,halfA,segregation_ratio,1.1901429208342231
EleutherAI/pythia-70m,4000,tldr17,halfB,null,halfA,segregation_modularity,0.0022118698789271992
EleutherAI/pythia-70m,64,wikitext,halfA,-,halfA,act_firing_rate_median,0.5036366780598958
EleutherAI/pythia-70m,64,wikitext,halfA,-,halfA,act_frac_dead,0.0244140625
EleutherAI/pythia-70m,64,wikitext,halfA,-,halfA,act_frac_dense,0.508056640625
EleutherAI/pythia-70m,64,wikitext,halfA,-,halfA,act_firing_rate_gini,0.3242253652390106
EleutherAI/pythia-70m,64,wikitext,halfB,-,halfB,act_firing_rate_median,0.5036265055338541
EleutherAI/pythia-70m,64,wikitext,halfB,-,halfB,act_frac_dead,0.025146484375
EleutherAI/pythia-70m,64,wikitext,halfB,-,halfB,act_frac_dense,0.5087076822916666
EleutherAI/pythia-70m,64,wikitext,halfB,-,halfB,act_firing_rate_gini,0.3244705378067816
EleutherAI/pythia-70m,64,wikitext,-,-,-,lm_loss,9.614509157654057
EleutherAI/pythia-70m,64,wikitext,halfA,-,halfA,dim_participation_ratio,44.44964261969879
EleutherAI/pythia-70m,64,wikitext,halfA,-,halfA,dim_top1_share,0.11404128300366485
EleutherAI/pythia-70m,64,wikitext,halfA,-,halfA,dim_top10_share,0.3419629566154042
EleutherAI/pythia-70m,64,wikitext,halfA,-,halfA,dim_top100_share,0.6618996378548161
EleutherAI/pythia-70m,64,wikitext,halfA,-,halfA,dim_n_for_50pct,34.0
EleutherAI/pythia-70m,64,wikitext,halfA,-,halfA,dim_n_for_90pct,577.0
EleutherAI/pythia-70m,64,wikitext,halfA,-,halfA,dim_participation_ratio_frac,0.0036173211767333
EleutherAI/pythia-70m,64,wikitext,halfA,-,halfA,n_live_units,12288.0
EleutherAI/pythia-70m,64,wikitext,halfA,-,halfA,coupling_mean_absr,0.11054045096089543
EleutherAI/pythia-70m,64,wikitext,halfA,-,halfA,coupling_median_absr,0.08306334912776947
EleutherAI/pythia-70m,64,wikitext,halfA,-,halfA,coupling_p90_absr,0.24085522741079324
EleutherAI/pythia-70m,64,wikitext,halfA,-,halfA,coupling_p99_absr,0.4769677254557608
EleutherAI/pythia-70m,64,wikitext,halfA,-,halfA,coupling_frac_absr_gt_0.1,0.42282784101409954
EleutherAI/pythia-70m,64,wikitext,halfA,-,halfA,coupling_frac_absr_gt_0.3,0.056678670322434566
EleutherAI/pythia-70m,64,wikitext,halfA,-,halfA,coupling_concentration_top1pct,0.03409057137222611
EleutherAI/pythia-70m,64,wikitext,halfA,-,halfA,hub_strength_gini,0.21512290243056675
EleutherAI/pythia-70m,64,wikitext,halfA,-,halfA,hub_strength_cv,0.3878617434908633
EleutherAI/pythia-70m,64,wikitext,halfB,-,halfB,dim_participation_ratio,43.419182079695965
EleutherAI/pythia-70m,64,wikitext,halfB,-,halfB,dim_top1_share,0.11549062488349954
EleutherAI/pythia-70m,64,wikitext,halfB,-,halfB,dim_top10_share,0.3441624530620406
EleutherAI/pythia-70m,64,wikitext,halfB,-,halfB,dim_top100_share,0.6628384093713113
EleutherAI/pythia-70m,64,wikitext,halfB,-,halfB,dim_n_for_50pct,34.0
EleutherAI/pythia-70m,64,wikitext,halfB,-,halfB,dim_n_for_90pct,573.0
EleutherAI/pythia-70m,64,wikitext,halfB,-,halfB,dim_participation_ratio_frac,0.0035334620833085907
EleutherAI/pythia-70m,64,wikitext,halfB,-,halfB,n_live_units,12288.0
EleutherAI/pythia-70m,64,wikitext,halfB,-,halfB,coupling_mean_absr,0.11187957395737136
EleutherAI/pythia-70m,64,wikitext,halfB,-,halfB,coupling_median_absr,0.08391048386693001
EleutherAI/pythia-70m,64,wikitext,halfB,-,halfB,coupling_p90_absr,0.24384988844394678
EleutherAI/pythia-70m,64,wikitext,halfB,-,halfB,coupling_p99_absr,0.4822833901643748
EleutherAI/pythia-70m,64,wikitext,halfB,-,halfB,coupling_frac_absr_gt_0.1,0.4273463039502297
EleutherAI/pythia-70m,64,wikitext,halfB,-,halfB,coupling_frac_absr_gt_0.3,0.058935420536970096
EleutherAI/pythia-70m,64,wikitext,halfB,-,halfB,coupling_concentration_top1pct,0.03397257172099835
EleutherAI/pythia-70m,64,wikitext,halfB,-,halfB,hub_strength_gini,0.2162249379569654
EleutherAI/pythia-70m,64,wikitext,halfB,-,halfB,hub_strength_cv,0.38924798983730485
EleutherAI/pythia-70m,64,wikitext,halfA,real,halfA,segregation_within_mean,0.2667101979899722
EleutherAI/pythia-70m,64,wikitext,halfA,real,halfA,segregation_between_mean,0.10862883719705736
EleutherAI/pythia-70m,64,wikitext,halfA,real,halfA,segregation_ratio,2.4552430539797503
EleutherAI/pythia-70m,64,wikitext,halfA,real,halfA,segregation_modularity,0.013747660781691928
EleutherAI/pythia-70m,64,wikitext,halfA,real,halfB,segregation_within_mean,0.2704874595832562
EleutherAI/pythia-70m,64,wikitext,halfA,real,halfB,segregation_between_mean,0.10993811588842106
EleutherAI/pythia-70m,64,wikitext,halfA,real,halfB,segregation_ratio,2.460361062197761
EleutherAI/pythia-70m,64,wikitext,halfA,real,halfB,segregation_modularity,0.013779451195496645
EleutherAI/pythia-70m,64,wikitext,halfA,null,halfA,segregation_within_mean,0.11071542648896693
EleutherAI/pythia-70m,64,wikitext,halfA,null,halfA,segregation_between_mean,0.11053862855138068
EleutherAI/pythia-70m,64,wikitext,halfA,null,halfA,segregation_ratio,1.001599422210165
EleutherAI/pythia-70m,64,wikitext,halfA,null,halfA,segregation_modularity,-6.418730048872967e-05
EleutherAI/pythia-70m,64,wikitext,halfA,null,halfB,segregation_within_mean,0.11204015642884287
EleutherAI/pythia-70m,64,wikitext,halfA,null,halfB,segregation_between_mean,0.11187790145575957
EleutherAI/pythia-70m,64,wikitext,halfA,null,halfB,segregation_ratio,1.0014502861688683
EleutherAI/pythia-70m,64,wikitext,halfA,null,halfB,segregation_modularity,-6.595296035383038e-05
EleutherAI/pythia-70m,64,wikitext,halfB,real,halfB,segregation_within_mean,0.26665258038017614
EleutherAI/pythia-70m,64,wikitext,halfB,real,halfB,segregation_between_mean,0.11002014793671856
EleutherAI/pythia-70m,64,wikitext,halfB,real,halfB,segregation_ratio,2.4236704401956404
EleutherAI/pythia-70m,64,wikitext,halfB,real,halfB,segregation_modularity,0.013502743496683393
EleutherAI/pythia-70m,64,wikitext,halfB,real,halfA,segregation_within_mean,0.2625261898241381
EleutherAI/pythia-70m,64,wikitext,halfB,real,halfA,segregation_between_mean,0.10871451084435894
EleutherAI/pythia-70m,64,wikitext,halfB,real,halfA,segregation_ratio,2.4148219753293425
EleutherAI/pythia-70m,64,wikitext,halfB,real,halfA,segregation_modularity,0.01343482976791591
EleutherAI/pythia-70m,64,wikitext,halfB,null,halfB,segregation_within_mean,0.115122507553506
EleutherAI/pythia-70m,64,wikitext,halfB,null,halfB,segregation_between_mean,0.11184450207943958
EleutherAI/pythia-70m,64,wikitext,halfB,null,halfB,segregation_ratio,1.0293085973214684
EleutherAI/pythia-70m,64,wikitext,halfB,null,halfB,segregation_modularity,9.74578078022804e-05
EleutherAI/pythia-70m,64,wikitext,halfB,null,halfA,segregation_within_mean,0.1138076403464801
EleutherAI/pythia-70m,64,wikitext,halfB,null,halfA,segregation_between_mean,0.11050511676371062
EleutherAI/pythia-70m,64,wikitext,halfB,null,halfA,segregation_ratio,1.0298857073725478
EleutherAI/pythia-70m,64,wikitext,halfB,null,halfA,segregation_modularity,0.00010059628585408064
EleutherAI/pythia-70m,64,bookcorpus,halfA,-,halfA,act_firing_rate_median,0.5032374064127604
EleutherAI/pythia-70m,64,bookcorpus,halfA,-,halfA,act_frac_dead,0.027018229166666668
EleutherAI/pythia-70m,64,bookcorpus,halfA,-,halfA,act_frac_dense,0.5074869791666666
EleutherAI/pythia-70m,64,bookcorpus,halfA,-,halfA,act_firing_rate_gini,0.3280405254335155
EleutherAI/pythia-70m,64,bookcorpus,halfB,-,halfB,act_firing_rate_median,0.5033238728841145
EleutherAI/pythia-70m,64,bookcorpus,halfB,-,halfB,act_frac_dead,0.02685546875
EleutherAI/pythia-70m,64,bookcorpus,halfB,-,halfB,act_frac_dense,0.5079752604166666
EleutherAI/pythia-70m,64,bookcorpus,halfB,-,halfB,act_firing_rate_gini,0.3281917048055114
EleutherAI/pythia-70m,64,bookcorpus,-,-,-,lm_loss,9.638591353000413
EleutherAI/pythia-70m,64,bookcorpus,halfA,-,halfA,dim_participation_ratio,43.650401074394395
EleutherAI/pythia-70m,64,bookcorpus,halfA,-,halfA,dim_top1_share,0.11438346531555778
EleutherAI/pythia-70m,64,bookcorpus,halfA,-,halfA,dim_top10_share,0.34799356910119233
EleutherAI/pythia-70m,64,bookcorpus,halfA,-,halfA,dim_top100_share,0.678525207487211
EleutherAI/pythia-70m,64,bookcorpus,halfA,-,halfA,dim_n_for_50pct,35.0
EleutherAI/pythia-70m,64,bookcorpus,halfA,-,halfA,dim_n_for_90pct,459.0
EleutherAI/pythia-70m,64,bookcorpus,halfA,-,halfA,dim_participation_ratio_frac,0.003552278733267773
EleutherAI/pythia-70m,64,bookcorpus,halfA,-,halfA,n_live_units,12288.0
EleutherAI/pythia-70m,64,bookcorpus,halfA,-,halfA,coupling_mean_absr,0.11217134500233104
EleutherAI/pythia-70m,64,bookcorpus,halfA,-,halfA,coupling_median_absr,0.08491870760917664
EleutherAI/pythia-70m,64,bookcorpus,halfA,-,halfA,coupling_p90_absr,0.24357925057411195
EleutherAI/pythia-70m,64,bookcorpus,halfA,-,halfA,coupling_p99_absr,0.4761409825086598
EleutherAI/pythia-70m,64,bookcorpus,halfA,-,halfA,coupling_frac_absr_gt_0.1,0.432079801073359
EleutherAI/pythia-70m,64,bookcorpus,halfA,-,halfA,coupling_frac_absr_gt_0.3,0.0578760596779923
EleutherAI/pythia-70m,64,bookcorpus,halfA,-,halfA,coupling_concentration_top1pct,0.03396862275253522
EleutherAI/pythia-70m,64,bookcorpus,halfA,-,halfA,hub_strength_gini,0.2107552329031357
EleutherAI/pythia-70m,64,bookcorpus,halfA,-,halfA,hub_strength_cv,0.3785311170653579
EleutherAI/pythia-70m,64,bookcorpus,halfB,-,halfB,dim_participation_ratio,44.058484600773944
EleutherAI/pythia-70m,64,bookcorpus,halfB,-,halfB,dim_top1_share,0.1141670339160413
EleutherAI/pythia-70m,64,bookcorpus,halfB,-,halfB,dim_top10_share,0.3458170940350254
EleutherAI/pythia-70m,64,bookcorpus,halfB,-,halfB,dim_top100_share,0.6776750580549463
EleutherAI/pythia-70m,64,bookcorpus,halfB,-,halfB,dim_n_for_50pct,35.0
EleutherAI/pythia-70m,64,bookcorpus,halfB,-,halfB,dim_n_for_90pct,460.0
EleutherAI/pythia-70m,64,bookcorpus,halfB,-,halfB,dim_participation_ratio_frac,0.0035854886556619422
EleutherAI/pythia-70m,64,bookcorpus,halfB,-,halfB,n_live_units,12288.0
EleutherAI/pythia-70m,64,bookcorpus,halfB,-,halfB,coupling_mean_absr,0.11158239433997948
EleutherAI/pythia-70m,64,bookcorpus,halfB,-,halfB,coupling_median_absr,0.08455917239189148
EleutherAI/pythia-70m,64,bookcorpus,halfB,-,halfB,coupling_p90_absr,0.2423656523227692
EleutherAI/pythia-70m,64,bookcorpus,halfB,-,halfB,coupling_p99_absr,0.474920120239257
EleutherAI/pythia-70m,64,bookcorpus,halfB,-,halfB,coupling_frac_absr_gt_0.1,0.4300674116760631
EleutherAI/pythia-70m,64,bookcorpus,halfB,-,halfB,coupling_frac_absr_gt_0.3,0.05730462504942916
EleutherAI/pythia-70m,64,bookcorpus,halfB,-,halfB,coupling_concentration_top1pct,0.03400038037315915
EleutherAI/pythia-70m,64,bookcorpus,halfB,-,halfB,hub_strength_gini,0.21116754548690553
EleutherAI/pythia-70m,64,bookcorpus,halfB,-,halfB,hub_strength_cv,0.3795827607777534
EleutherAI/pythia-70m,64,bookcorpus,halfA,real,halfA,segregation_within_mean,0.26985344011093126
EleutherAI/pythia-70m,64,bookcorpus,halfA,real,halfA,segregation_between_mean,0.11033303194606221
EleutherAI/pythia-70m,64,bookcorpus,halfA,real,halfA,segregation_ratio,2.4458082529885767
EleutherAI/pythia-70m,64,bookcorpus,halfA,real,halfA,segregation_modularity,0.013370643380464387
EleutherAI/pythia-70m,64,bookcorpus,halfA,real,halfB,segregation_within_mean,0.26797887946056753
EleutherAI/pythia-70m,64,bookcorpus,halfA,real,halfB,segregation_between_mean,0.1097590693695478
EleutherAI/pythia-70m,64,bookcorpus,halfA,real,halfB,segregation_ratio,2.441519238454086
EleutherAI/pythia-70m,64,bookcorpus,halfA,real,halfB,segregation_modularity,0.013314381843096868
EleutherAI/pythia-70m,64,bookcorpus,halfA,null,halfA,segregation_within_mean,0.11211979241061337
EleutherAI/pythia-70m,64,bookcorpus,halfA,null,halfA,segregation_between_mean,0.11217187639322214
EleutherAI/pythia-70m,64,bookcorpus,halfA,null,halfA,segregation_ratio,0.9995356769960219
EleutherAI/pythia-70m,64,bookcorpus,halfA,null,halfA,segregation_modularity,-9.567620054622097e-05
EleutherAI/pythia-70m,64,bookcorpus,halfA,null,halfB,segregation_within_mean,0.11153737404558337
EleutherAI/pythia-70m,64,bookcorpus,halfA,null,halfB,segregation_between_mean,0.11158285837702395
EleutherAI/pythia-70m,64,bookcorpus,halfA,null,halfB,segregation_ratio,0.9995923716948808
EleutherAI/pythia-70m,64,bookcorpus,halfA,null,halfB,segregation_modularity,-9.532901856429554e-05
EleutherAI/pythia-70m,64,bookcorpus,halfB,real,halfB,segregation_within_mean,0.2688682818682552
EleutherAI/pythia-70m,64,bookcorpus,halfB,real,halfB,segregation_between_mean,0.10973996153204792
EleutherAI/pythia-70m,64,bookcorpus,halfB,real,halfB,segregation_ratio,2.4500489895810307
EleutherAI/pythia-70m,64,bookcorpus,halfB,real,halfB,segregation_modularity,0.013426028793208207
EleutherAI/pythia-70m,64,bookcorpus,halfB,real,halfA,segregation_within_mean,0.27064233142784133
EleutherAI/pythia-70m,64,bookcorpus,halfB,real,halfA,segregation_between_mean,0.11031503006519078
EleutherAI/pythia-70m,64,bookcorpus,halfB,real,halfA,segregation_ratio,2.453358633614159
EleutherAI/pythia-70m,64,bookcorpus,halfB,real,halfA,segregation_modularity,0.01347522531386069
EleutherAI/pythia-70m,64,bookcorpus,halfB,null,halfB,segregation_within_mean,0.1116295083390838
EleutherAI/pythia-70m,64,bookcorpus,halfB,null,halfB,segregation_between_mean,0.11158191009270474
EleutherAI/pythia-70m,64,bookcorpus,halfB,null,halfB,segregation_ratio,1.0004265767303995
EleutherAI/pythia-70m,64,bookcorpus,halfB,null,halfB,segregation_modularity,-0.00010901501282452376
EleutherAI/pythia-70m,64,bookcorpus,halfB,null,halfA,segregation_within_mean,0.11222561713914443
EleutherAI/pythia-70m,64,bookcorpus,halfB,null,halfA,segregation_between_mean,0.11217078718319425
EleutherAI/pythia-70m,64,bookcorpus,halfB,null,halfA,segregation_ratio,1.0004888078021654
EleutherAI/pythia-70m,64,bookcorpus,halfB,null,halfA,segregation_modularity,-0.00010831555439272358
EleutherAI/pythia-70m,64,agnews,halfA,-,halfA,act_firing_rate_median,0.5026041666666667
EleutherAI/pythia-70m,64,agnews,halfA,-,halfA,act_frac_dead,0.022054036458333332
EleutherAI/pythia-70m,64,agnews,halfA,-,halfA,act_frac_dense,0.5066731770833334
EleutherAI/pythia-70m,64,agnews,halfA,-,halfA,act_firing_rate_gini,0.3161002508754367
EleutherAI/pythia-70m,64,agnews,halfB,-,halfB,act_firing_rate_median,0.5031051635742188
EleutherAI/pythia-70m,64,agnews,halfB,-,halfB,act_frac_dead,0.022135416666666668
EleutherAI/pythia-70m,64,agnews,halfB,-,halfB,act_frac_dense,0.507080078125
EleutherAI/pythia-70m,64,agnews,halfB,-,halfB,act_firing_rate_gini,0.31627689182246055
EleutherAI/pythia-70m,64,agnews,-,-,-,lm_loss,9.539458553398404
EleutherAI/pythia-70m,64,agnews,halfA,-,halfA,dim_participation_ratio,41.15766186083951
EleutherAI/pythia-70m,64,agnews,halfA,-,halfA,dim_top1_share,0.10694135114184718
EleutherAI/pythia-70m,64,agnews,halfA,-,halfA,dim_top10_share,0.3548663291504489
EleutherAI/pythia-70m,64,agnews,halfA,-,halfA,dim_top100_share,0.6474586852884313
EleutherAI/pythia-70m,64,agnews,halfA,-,halfA,dim_n_for_50pct,40.0
EleutherAI/pythia-70m,64,agnews,halfA,-,halfA,dim_n_for_90pct,580.0
EleutherAI/pythia-70m,64,agnews,halfA,-,halfA,dim_participation_ratio_frac,0.003349419096748007
EleutherAI/pythia-70m,64,agnews,halfA,-,halfA,n_live_units,12288.0
EleutherAI/pythia-70m,64,agnews,halfA,-,halfA,coupling_mean_absr,0.11295753623444159
EleutherAI/pythia-70m,64,agnews,halfA,-,halfA,coupling_median_absr,0.08235953748226166
EleutherAI/pythia-70m,64,agnews,halfA,-,halfA,coupling_p90_absr,0.25131156444549585
EleutherAI/pythia-70m,64,agnews,halfA,-,halfA,coupling_p99_absr,0.50495929479599
EleutherAI/pythia-70m,64,agnews,halfA,-,halfA,coupling_frac_absr_gt_0.1,0.42101014384193886
EleutherAI/pythia-70m,64,agnews,halfA,-,halfA,coupling_frac_absr_gt_0.3,0.06531342101394416
EleutherAI/pythia-70m,64,agnews,halfA,-,halfA,coupling_concentration_top1pct,0.034645134015746246
EleutherAI/pythia-70m,64,agnews,halfA,-,halfA,hub_strength_gini,0.22933701946022222
EleutherAI/pythia-70m,64,agnews,halfA,-,halfA,hub_strength_cv,0.4051807666742617
EleutherAI/pythia-70m,64,agnews,halfB,-,halfB,dim_participation_ratio,41.40382808288298
EleutherAI/pythia-70m,64,agnews,halfB,-,halfB,dim_top1_share,0.10682784867532717
EleutherAI/pythia-70m,64,agnews,halfB,-,halfB,dim_top10_share,0.3547526631104471
EleutherAI/pythia-70m,64,agnews,halfB,-,halfB,dim_top100_share,0.647021936147705
EleutherAI/pythia-70m,64,agnews,halfB,-,halfB,dim_n_for_50pct,40.0
EleutherAI/pythia-70m,64,agnews,halfB,-,halfB,dim_n_for_90pct,584.0
EleutherAI/pythia-70m,64,agnews,halfB,-,halfB,dim_participation_ratio_frac,0.003369452155182534
EleutherAI/pythia-70m,64,agnews,halfB,-,halfB,n_live_units,12288.0
EleutherAI/pythia-70m,64,agnews,halfB,-,halfB,coupling_mean_absr,0.1126605744653398
EleutherAI/pythia-70m,64,agnews,halfB,-,halfB,coupling_median_absr,0.08227100223302841
EleutherAI/pythia-70m,64,agnews,halfB,-,halfB,coupling_p90_absr,0.25062518119812005
EleutherAI/pythia-70m,64,agnews,halfB,-,halfB,coupling_p99_absr,0.5037180721759795
EleutherAI/pythia-70m,64,agnews,halfB,-,halfB,coupling_frac_absr_gt_0.1,0.4204816681711255
EleutherAI/pythia-70m,64,agnews,halfB,-,halfB,coupling_frac_absr_gt_0.3,0.06496421801578252
EleutherAI/pythia-70m,64,agnews,halfB,-,halfB,coupling_concentration_top1pct,0.034661730329360305
EleutherAI/pythia-70m,64,agnews,halfB,-,halfB,hub_strength_gini,0.228672144246588
EleutherAI/pythia-70m,64,agnews,halfB,-,halfB,hub_strength_cv,0.4039583029792807
EleutherAI/pythia-70m,64,agnews,halfA,real,halfA,segregation_within_mean,0.2867918894800399
EleutherAI/pythia-70m,64,agnews,halfA,real,halfA,segregation_between_mean,0.11081424835275466
EleutherAI/pythia-70m,64,agnews,halfA,real,halfA,segregation_ratio,2.5880416439508407
EleutherAI/pythia-70m,64,agnews,halfA,real,halfA,segregation_modularity,0.015622249905569287
EleutherAI/pythia-70m,64,agnews,halfA,real,halfB,segregation_within_mean,0.2856009724961966
EleutherAI/pythia-70m,64,agnews,halfA,real,halfB,segregation_between_mean,0.11052830855255598
EleutherAI/pythia-70m,64,agnews,halfA,real,halfB,segregation_ratio,2.583962210553452
EleutherAI/pythia-70m,64,agnews,halfA,real,halfB,segregation_modularity,0.015642992121491558
EleutherAI/pythia-70m,64,agnews,halfA,null,halfA,segregation_within_mean,0.11357996943819866
EleutherAI/pythia-70m,64,agnews,halfA,null,halfA,segregation_between_mean,0.11295110932933732
EleutherAI/pythia-70m,64,agnews,halfA,null,halfA,segregation_ratio,1.0055675425641704
EleutherAI/pythia-70m,64,agnews,halfA,null,halfA,segregation_modularity,-5.9434021372007124e-05
EleutherAI/pythia-70m,64,agnews,halfA,null,halfB,segregation_within_mean,0.11328020624202653
EleutherAI/pythia-70m,64,agnews,halfA,null,halfB,segregation_between_mean,0.11265417647855774
EleutherAI/pythia-70m,64,agnews,halfA,null,halfB,segregation_ratio,1.0055570932480071
EleutherAI/pythia-70m,64,agnews,halfA,null,halfB,segregation_modularity,-5.921944236180546e-05
EleutherAI/pythia-70m,64,agnews,halfB,real,halfB,segregation_within_mean,0.2821845553567942
EleutherAI/pythia-70m,64,agnews,halfB,real,halfB,segregation_between_mean,0.11059752502998489
EleutherAI/pythia-70m,64,agnews,halfB,real,halfB,segregation_ratio,2.5514545219731555
EleutherAI/pythia-70m,64,agnews,halfB,real,halfB,segregation_modularity,0.015295276595827505
EleutherAI/pythia-70m,64,agnews,halfB,real,halfA,segregation_within_mean,0.2832692162130427
EleutherAI/pythia-70m,64,agnews,halfB,real,halfA,segregation_between_mean,0.11088490077753539
EleutherAI/pythia-70m,64,agnews,halfB,real,halfA,segregation_ratio,2.5546238868117497
EleutherAI/pythia-70m,64,agnews,halfB,real,halfA,segregation_modularity,0.015266462381646065
EleutherAI/pythia-70m,64,agnews,halfB,null,halfB,segregation_within_mean,0.11258840815405712
EleutherAI/pythia-70m,64,agnews,halfB,null,halfB,segregation_between_mean,0.11266132067759675
EleutherAI/pythia-70m,64,agnews,halfB,null,halfB,segregation_ratio,0.9993528167156118
EleutherAI/pythia-70m,64,agnews,halfB,null,halfB,segregation_modularity,-8.630385027804435e-05
EleutherAI/pythia-70m,64,agnews,halfB,null,halfA,segregation_within_mean,0.11288467708376479
EleutherAI/pythia-70m,64,agnews,halfB,null,halfA,segregation_between_mean,0.11295828960383648
EleutherAI/pythia-70m,64,agnews,halfB,null,halfA,segregation_ratio,0.9993483212225516
EleutherAI/pythia-70m,64,agnews,halfB,null,halfA,segregation_modularity,-8.640087749230629e-05
EleutherAI/pythia-70m,64,tldr17,halfA,-,halfA,act_firing_rate_median,0.5021260579427083
EleutherAI/pythia-70m,64,tldr17,halfA,-,halfA,act_frac_dead,0.017659505208333332
EleutherAI/pythia-70m,64,tldr17,halfA,-,halfA,act_frac_dense,0.5050455729166666
EleutherAI/pythia-70m,64,tldr17,halfA,-,halfA,act_firing_rate_gini,0.31643288992622365
EleutherAI/pythia-70m,64,tldr17,halfB,-,halfB,act_firing_rate_median,0.5022939046223958
EleutherAI/pythia-70m,64,tldr17,halfB,-,halfB,act_frac_dead,0.017822265625
EleutherAI/pythia-70m,64,tldr17,halfB,-,halfB,act_frac_dense,0.5050455729166666
EleutherAI/pythia-70m,64,tldr17,halfB,-,halfB,act_firing_rate_gini,0.3168912937456527
EleutherAI/pythia-70m,64,tldr17,-,-,-,lm_loss,9.034182875619885
EleutherAI/pythia-70m,64,tldr17,halfA,-,halfA,dim_participation_ratio,36.741160242384055
EleutherAI/pythia-70m,64,tldr17,halfA,-,halfA,dim_top1_share,0.1100620126835391
EleutherAI/pythia-70m,64,tldr17,halfA,-,halfA,dim_top10_share,0.38671321341855913
EleutherAI/pythia-70m,64,tldr17,halfA,-,halfA,dim_top100_share,0.7056846057013378
EleutherAI/pythia-70m,64,tldr17,halfA,-,halfA,dim_n_for_50pct,27.0
EleutherAI/pythia-70m,64,tldr17,halfA,-,halfA,dim_n_for_90pct,403.0
EleutherAI/pythia-70m,64,tldr17,halfA,-,halfA,dim_participation_ratio_frac,0.002990003274933598
EleutherAI/pythia-70m,64,tldr17,halfA,-,halfA,n_live_units,12288.0
EleutherAI/pythia-70m,64,tldr17,halfA,-,halfA,coupling_mean_absr,0.12160920478784598
EleutherAI/pythia-70m,64,tldr17,halfA,-,halfA,coupling_median_absr,0.09129983931779861
EleutherAI/pythia-70m,64,tldr17,halfA,-,halfA,coupling_p90_absr,0.2662666499614716
EleutherAI/pythia-70m,64,tldr17,halfA,-,halfA,coupling_p99_absr,0.5209431278705599
EleutherAI/pythia-70m,64,tldr17,halfA,-,halfA,coupling_frac_absr_gt_0.1,0.46258408155836156
EleutherAI/pythia-70m,64,tldr17,halfA,-,halfA,coupling_frac_absr_gt_0.3,0.0745382139806905
EleutherAI/pythia-70m,64,tldr17,halfA,-,halfA,coupling_concentration_top1pct,0.03404392490311396
EleutherAI/pythia-70m,64,tldr17,halfA,-,halfA,hub_strength_gini,0.2120115655934478
EleutherAI/pythia-70m,64,tldr17,halfA,-,halfA,hub_strength_cv,0.374070031728373
EleutherAI/pythia-70m,64,tldr17,halfB,-,halfB,dim_participation_ratio,35.97385748404638
EleutherAI/pythia-70m,64,tldr17,halfB,-,halfB,dim_top1_share,0.11155954169128482
EleutherAI/pythia-70m,64,tldr17,halfB,-,halfB,dim_top10_share,0.3892247289758525
EleutherAI/pythia-70m,64,tldr17,halfB,-,halfB,dim_top100_share,0.705952008781703
EleutherAI/pythia-70m,64,tldr17,halfB,-,halfB,dim_n_for_50pct,27.0
EleutherAI/pythia-70m,64,tldr17,halfB,-,halfB,dim_n_for_90pct,401.0
EleutherAI/pythia-70m,64,tldr17,halfB,-,halfB,dim_participation_ratio_frac,0.0029275600166053365
EleutherAI/pythia-70m,64,tldr17,halfB,-,halfB,n_live_units,12288.0
EleutherAI/pythia-70m,64,tldr17,halfB,-,halfB,coupling_mean_absr,0.12294969207511154
EleutherAI/pythia-70m,64,tldr17,halfB,-,halfB,coupling_median_absr,0.09244148433208466
EleutherAI/pythia-70m,64,tldr17,halfB,-,halfB,coupling_p90_absr,0.2691710740327835
EleutherAI/pythia-70m,64,tldr17,halfB,-,halfB,coupling_p99_absr,0.5263584703207022
EleutherAI/pythia-70m,64,tldr17,halfB,-,halfB,coupling_frac_absr_gt_0.1,0.4676969253054153
EleutherAI/pythia-70m,64,tldr17,halfB,-,halfB,coupling_frac_absr_gt_0.3,0.07668334938132877
EleutherAI/pythia-70m,64,tldr17,halfB,-,halfB,coupling_concentration_top1pct,0.03392943779833184
EleutherAI/pythia-70m,64,tldr17,halfB,-,halfB,hub_strength_gini,0.21252381142340426
EleutherAI/pythia-70m,64,tldr17,halfB,-,halfB,hub_strength_cv,0.37491741896837677
EleutherAI/pythia-70m,64,tldr17,halfA,real,halfA,segregation_within_mean,0.31245696997863776
EleutherAI/pythia-70m,64,tldr17,halfA,real,halfA,segregation_between_mean,0.119220266253257
EleutherAI/pythia-70m,64,tldr17,halfA,real,halfA,segregation_ratio,2.620837713236542
EleutherAI/pythia-70m,64,tldr17,halfA,real,halfA,segregation_modularity,0.016225497807111126
EleutherAI/pythia-70m,64,tldr17,halfA,real,halfB,segregation_within_mean,0.3164106511906819
EleutherAI/pythia-70m,64,tldr17,halfA,real,halfB,segregation_between_mean,0.12052804286085504
EleutherAI/pythia-70m,64,tldr17,halfA,real,halfB,segregation_ratio,2.625203593125342
EleutherAI/pythia-70m,64,tldr17,halfA,real,halfB,segregation_modularity,0.016218990768322557
EleutherAI/pythia-70m,64,tldr17,halfA,null,halfA,segregation_within_mean,0.11382949648572756
EleutherAI/pythia-70m,64,tldr17,halfA,null,halfA,segregation_between_mean,0.12176837006087504
EleutherAI/pythia-70m,64,tldr17,halfA,null,halfA,segregation_ratio,0.9348034832758405
EleutherAI/pythia-70m,64,tldr17,halfA,null,halfA,segregation_modularity,0.00030615825689336656
EleutherAI/pythia-70m,64,tldr17,halfA,null,halfB,segregation_within_mean,0.1150568306001772
EleutherAI/pythia-70m,64,tldr17,halfA,null,halfB,segregation_between_mean,0.12311117234290915
EleutherAI/pythia-70m,64,tldr17,halfA,null,halfB,segregation_ratio,0.9345766790336648
EleutherAI/pythia-70m,64,tldr17,halfA,null,halfB,segregation_modularity,0.00026179125524526664
EleutherAI/pythia-70m,64,tldr17,halfB,real,halfB,segregation_within_mean,0.31790650361353895
EleutherAI/pythia-70m,64,tldr17,halfB,real,halfB,segregation_between_mean,0.12048278368393137
EleutherAI/pythia-70m,64,tldr17,halfB,real,halfB,segregation_ratio,2.6386052338192925
EleutherAI/pythia-70m,64,tldr17,halfB,real,halfB,segregation_modularity,0.016378955970101413
EleutherAI/pythia-70m,64,tldr17,halfB,real,halfA,segregation_within_mean,0.31327784777823475
EleutherAI/pythia-70m,64,tldr17,halfB,real,halfA,segregation_between_mean,0.11918390361599032
EleutherAI/pythia-70m,64,tldr17,halfB,real,halfA,segregation_ratio,2.6285248114343838
EleutherAI/pythia-70m,64,tldr17,halfB,real,halfA,segregation_modularity,0.01632452636650523
EleutherAI/pythia-70m,64,tldr17,halfB,null,halfB,segregation_within_mean,0.12218257043950692
EleutherAI/pythia-70m,64,tldr17,halfB,null,halfB,segregation_between_mean,0.1229585339002443
EleutherAI/pythia-70m,64,tldr17,halfB,null,halfB,segregation_ratio,0.9936892264723414
EleutherAI/pythia-70m,64,tldr17,halfB,null,halfB,segregation_modularity,8.361344386876816e-05
EleutherAI/pythia-70m,64,tldr17,halfB,null,halfA,segregation_within_mean,0.12097497463072768
EleutherAI/pythia-70m,64,tldr17,halfB,null,halfA,segregation_between_mean,0.12161651490811615
EleutherAI/pythia-70m,64,tldr17,halfB,null,halfA,segregation_ratio,0.994724891780749
EleutherAI/pythia-70m,64,tldr17,halfB,null,halfA,segregation_modularity,0.00010111568854669057
EleutherAI/pythia-70m,64000,wikitext,halfA,-,halfA,act_firing_rate_median,0.19850921630859375
EleutherAI/pythia-70m,64000,wikitext,halfA,-,halfA,act_frac_dead,0.0004069010416666667
EleutherAI/pythia-70m,64000,wikitext,halfA,-,halfA,act_frac_dense,0.038736979166666664
EleutherAI/pythia-70m,64000,wikitext,halfA,-,halfA,act_firing_rate_gini,0.31713517162018734
EleutherAI/pythia-70m,64000,wikitext,halfB,-,halfB,act_firing_rate_median,0.1987940470377604
EleutherAI/pythia-70m,64000,wikitext,halfB,-,halfB,act_frac_dead,0.0004069010416666667
EleutherAI/pythia-70m,64000,wikitext,halfB,-,halfB,act_frac_dense,0.038818359375
EleutherAI/pythia-70m,64000,wikitext,halfB,-,halfB,act_firing_rate_gini,0.31674799500761486
EleutherAI/pythia-70m,64000,wikitext,-,-,-,lm_loss,4.369244682208369
EleutherAI/pythia-70m,64000,wikitext,halfA,-,halfA,dim_participation_ratio,353.6025059060547
EleutherAI/pythia-70m,64000,wikitext,halfA,-,halfA,dim_top1_share,0.027920178058147078
EleutherAI/pythia-70m,64000,wikitext,halfA,-,halfA,dim_top10_share,0.12403323176442496
EleutherAI/pythia-70m,64000,wikitext,halfA,-,halfA,dim_top100_share,0.3528168598348543
EleutherAI/pythia-70m,64000,wikitext,halfA,-,halfA,dim_n_for_50pct,302.0
EleutherAI/pythia-70m,64000,wikitext,halfA,-,halfA,dim_n_for_90pct,4485.0
EleutherAI/pythia-70m,64000,wikitext,halfA,-,halfA,dim_participation_ratio_frac,0.028776245597823463
EleutherAI/pythia-70m,64000,wikitext,halfA,-,halfA,n_live_units,12288.0
EleutherAI/pythia-70m,64000,wikitext,halfA,-,halfA,coupling_mean_absr,0.03759292663076716
EleutherAI/pythia-70m,64000,wikitext,halfA,-,halfA,coupling_median_absr,0.0273461090400815
EleutherAI/pythia-70m,64000,wikitext,halfA,-,halfA,coupling_p90_absr,0.08248373344540594
EleutherAI/pythia-70m,64000,wikitext,halfA,-,halfA,coupling_p99_absr,0.17089497447013852
EleutherAI/pythia-70m,64000,wikitext,halfA,-,halfA,coupling_frac_absr_gt_0.1,0.06110383495600037
EleutherAI/pythia-70m,64000,wikitext,halfA,-,halfA,coupling_frac_absr_gt_0.3,0.0006654548334782786
EleutherAI/pythia-70m,64000,wikitext,halfA,-,halfA,coupling_concentration_top1pct,0.048056985138186
EleutherAI/pythia-70m,64000,wikitext,halfA,-,halfA,hub_strength_gini,0.15668777013949553
EleutherAI/pythia-70m,64000,wikitext,halfA,-,halfA,hub_strength_cv,0.283045623160307
EleutherAI/pythia-70m,64000,wikitext,halfB,-,halfB,dim_participation_ratio,353.67623902099626
EleutherAI/pythia-70m,64000,wikitext,halfB,-,halfB,dim_top1_share,0.027951057858527122
EleutherAI/pythia-70m,64000,wikitext,halfB,-,halfB,dim_top10_share,0.1240898303110176
EleutherAI/pythia-70m,64000,wikitext,halfB,-,halfB,dim_top100_share,0.3527073089533771
EleutherAI/pythia-70m,64000,wikitext,halfB,-,halfB,dim_n_for_50pct,302.0
EleutherAI/pythia-70m,64000,wikitext,halfB,-,halfB,dim_n_for_90pct,4483.0
EleutherAI/pythia-70m,64000,wikitext,halfB,-,halfB,dim_participation_ratio_frac,0.028782246014078472
EleutherAI/pythia-70m,64000,wikitext,halfB,-,halfB,n_live_units,12288.0
EleutherAI/pythia-70m,64000,wikitext,halfB,-,halfB,coupling_mean_absr,0.037584209418403416
EleutherAI/pythia-70m,64000,wikitext,halfB,-,halfB,coupling_median_absr,0.027336410246789455
EleutherAI/pythia-70m,64000,wikitext,halfB,-,halfB,coupling_p90_absr,0.08263830319046972
EleutherAI/pythia-70m,64000,wikitext,halfB,-,halfB,coupling_p99_absr,0.17091165304183908
EleutherAI/pythia-70m,64000,wikitext,halfB,-,halfB,coupling_frac_absr_gt_0.1,0.06123600090247076
EleutherAI/pythia-70m,64000,wikitext,halfB,-,halfB,coupling_frac_absr_gt_0.3,0.0006728527516557298
EleutherAI/pythia-70m,64000,wikitext,halfB,-,halfB,coupling_concentration_top1pct,0.04804246807942084
EleutherAI/pythia-70m,64000,wikitext,halfB,-,halfB,hub_strength_gini,0.15704271969733763
EleutherAI/pythia-70m,64000,wikitext,halfB,-,halfB,hub_strength_cv,0.28421728543759833
EleutherAI/pythia-70m,64000,wikitext,halfA,real,halfA,segregation_within_mean,0.12001410232723098
EleutherAI/pythia-70m,64000,wikitext,halfA,real,halfA,segregation_between_mean,0.03644700151080752
EleutherAI/pythia-70m,64000,wikitext,halfA,real,halfA,segregation_ratio,3.2928388441404035
EleutherAI/pythia-70m,64000,wikitext,halfA,real,halfA,segregation_modularity,0.028307097185066087
EleutherAI/pythia-70m,64000,wikitext,halfA,real,halfB,segregation_within_mean,0.11928741887121905
EleutherAI/pythia-70m,64000,wikitext,halfA,real,halfB,segregation_between_mean,0.036448266385374545
EleutherAI/pythia-70m,64000,wikitext,halfA,real,halfB,segregation_ratio,3.272787177583981
EleutherAI/pythia-70m,64000,wikitext,halfA,real,halfB,segregation_modularity,0.028051934073985197
EleutherAI/pythia-70m,64000,wikitext,halfA,null,halfA,segregation_within_mean,0.04431350935062214
EleutherAI/pythia-70m,64000,wikitext,halfA,null,halfA,segregation_between_mean,0.03747405522310339
EleutherAI/pythia-70m,64000,wikitext,halfA,null,halfA,segregation_ratio,1.1825117160872975
EleutherAI/pythia-70m,64000,wikitext,halfA,null,halfA,segregation_modularity,0.002999031649546166
EleutherAI/pythia-70m,64000,wikitext,halfA,null,halfB,segregation_within_mean,0.04428152265318461
EleutherAI/pythia-70m,64000,wikitext,halfA,null,halfB,segregation_between_mean,0.03746574958282901
EleutherAI/pythia-70m,64000,wikitext,halfA,null,halfB,segregation_ratio,1.1819201042618228
EleutherAI/pythia-70m,64000,wikitext,halfA,null,halfB,segregation_modularity,0.0029567603459052373
EleutherAI/pythia-70m,64000,wikitext,halfB,real,halfB,segregation_within_mean,0.11814545300225232
EleutherAI/pythia-70m,64000,wikitext,halfB,real,halfB,segregation_between_mean,0.03644230105284536
EleutherAI/pythia-70m,64000,wikitext,halfB,real,halfB,segregation_ratio,3.2419866361053424
EleutherAI/pythia-70m,64000,wikitext,halfB,real,halfB,segregation_modularity,0.028229951995104908
EleutherAI/pythia-70m,64000,wikitext,halfB,real,halfA,segregation_within_mean,0.11835496534505195
EleutherAI/pythia-70m,64000,wikitext,halfB,real,halfA,segregation_between_mean,0.03644817211725466
EleutherAI/pythia-70m,64000,wikitext,halfB,real,halfA,segregation_ratio,3.2472126438687003
EleutherAI/pythia-70m,64000,wikitext,halfB,real,halfA,segregation_modularity,0.028299950201300952
EleutherAI/pythia-70m,64000,wikitext,halfB,null,halfB,segregation_within_mean,0.04450379788576236
EleutherAI/pythia-70m,64000,wikitext,halfB,null,halfB,segregation_between_mean,0.037453801153582614
EleutherAI/pythia-70m,64000,wikitext,halfB,null,halfB,segregation_ratio,1.1882318086559656
EleutherAI/pythia-70m,64000,wikitext,halfB,null,halfB,segregation_modularity,0.0031782715397256074
EleutherAI/pythia-70m,64000,wikitext,halfB,null,halfA,segregation_within_mean,0.04451734837487738
EleutherAI/pythia-70m,64000,wikitext,halfB,null,halfA,segregation_between_mean,0.03746242727743613
EleutherAI/pythia-70m,64000,wikitext,halfB,null,halfA,segregation_ratio,1.1883199143823358
EleutherAI/pythia-70m,64000,wikitext,halfB,null,halfA,segregation_modularity,0.0032110494475538873
EleutherAI/pythia-70m,64000,bookcorpus,halfA,-,halfA,act_firing_rate_median,0.19734446207682294
EleutherAI/pythia-70m,64000,bookcorpus,halfA,-,halfA,act_frac_dead,0.0022786458333333335
EleutherAI/pythia-70m,64000,bookcorpus,halfA,-,halfA,act_frac_dense,0.048258463541666664
EleutherAI/pythia-70m,64000,bookcorpus,halfA,-,halfA,act_firing_rate_gini,0.3559404643676236
EleutherAI/pythia-70m,64000,bookcorpus,halfB,-,halfB,act_firing_rate_median,0.19787343343098956
EleutherAI/pythia-70m,64000,bookcorpus,halfB,-,halfB,act_frac_dead,0.0025227864583333335
EleutherAI/pythia-70m,64000,bookcorpus,halfB,-,halfB,act_frac_dense,0.049072265625
EleutherAI/pythia-70m,64000,bookcorpus,halfB,-,halfB,act_firing_rate_gini,0.3564736261300381
EleutherAI/pythia-70m,64000,bookcorpus,-,-,-,lm_loss,4.795898915483035
EleutherAI/pythia-70m,64000,bookcorpus,halfA,-,halfA,dim_participation_ratio,275.47434829381046
EleutherAI/pythia-70m,64000,bookcorpus,halfA,-,halfA,dim_top1_share,0.035316511404902065
EleutherAI/pythia-70m,64000,bookcorpus,halfA,-,halfA,dim_top10_share,0.14345159517049522
EleutherAI/pythia-70m,64000,bookcorpus,halfA,-,halfA,dim_top100_share,0.37517917118171845
EleutherAI/pythia-70m,64000,bookcorpus,halfA,-,halfA,dim_n_for_50pct,247.0
EleutherAI/pythia-70m,64000,bookcorpus,halfA,-,halfA,dim_n_for_90pct,3989.0
EleutherAI/pythia-70m,64000,bookcorpus,halfA,-,halfA,dim_participation_ratio_frac,0.022418159854639522
EleutherAI/pythia-70m,64000,bookcorpus,halfA,-,halfA,n_live_units,12288.0
EleutherAI/pythia-70m,64000,bookcorpus,halfA,-,halfA,coupling_mean_absr,0.04261879744817308
EleutherAI/pythia-70m,64000,bookcorpus,halfA,-,halfA,coupling_median_absr,0.031053021550178528
EleutherAI/pythia-70m,64000,bookcorpus,halfA,-,halfA,coupling_p90_absr,0.09335825741291048
EleutherAI/pythia-70m,64000,bookcorpus,halfA,-,halfA,coupling_p99_absr,0.19141469538211825
EleutherAI/pythia-70m,64000,bookcorpus,halfA,-,halfA,coupling_frac_absr_gt_0.1,0.08432180608492786
EleutherAI/pythia-70m,64000,bookcorpus,halfA,-,halfA,coupling_frac_absr_gt_0.3,0.0016437209778639708
EleutherAI/pythia-70m,64000,bookcorpus,halfA,-,halfA,coupling_concentration_top1pct,0.04612376871363982
EleutherAI/pythia-70m,64000,bookcorpus,halfA,-,halfA,hub_strength_gini,0.17173240241863552
EleutherAI/pythia-70m,64000,bookcorpus,halfA,-,halfA,hub_strength_cv,0.32427600875323964
EleutherAI/pythia-70m,64000,bookcorpus,halfB,-,halfB,dim_participation_ratio,275.66466403911886
EleutherAI/pythia-70m,64000,bookcorpus,halfB,-,halfB,dim_top1_share,0.03537663250228369
EleutherAI/pythia-70m,64000,bookcorpus,halfB,-,halfB,dim_top10_share,0.14309275486133116
EleutherAI/pythia-70m,64000,bookcorpus,halfB,-,halfB,dim_top100_share,0.3752865542715028
EleutherAI/pythia-70m,64000,bookcorpus,halfB,-,halfB,dim_n_for_50pct,247.0
EleutherAI/pythia-70m,64000,bookcorpus,halfB,-,halfB,dim_n_for_90pct,3998.0
EleutherAI/pythia-70m,64000,bookcorpus,halfB,-,halfB,dim_participation_ratio_frac,0.022433647789641836
EleutherAI/pythia-70m,64000,bookcorpus,halfB,-,halfB,n_live_units,12288.0
EleutherAI/pythia-70m,64000,bookcorpus,halfB,-,halfB,coupling_mean_absr,0.04257547124366772
EleutherAI/pythia-70m,64000,bookcorpus,halfB,-,halfB,coupling_median_absr,0.031005235388875008
EleutherAI/pythia-70m,64000,bookcorpus,halfB,-,halfB,coupling_p90_absr,0.09336264133453372
EleutherAI/pythia-70m,64000,bookcorpus,halfB,-,halfB,coupling_p99_absr,0.1914711356163024
EleutherAI/pythia-70m,64000,bookcorpus,halfB,-,halfB,coupling_frac_absr_gt_0.1,0.08438730541111561
EleutherAI/pythia-70m,64000,bookcorpus,halfB,-,halfB,coupling_frac_absr_gt_0.3,0.0016569395143071046
EleutherAI/pythia-70m,64000,bookcorpus,halfB,-,halfB,coupling_concentration_top1pct,0.04613377897913715
EleutherAI/pythia-70m,64000,bookcorpus,halfB,-,halfB,hub_strength_gini,0.1722553602368182
EleutherAI/pythia-70m,64000,bookcorpus,halfB,-,halfB,hub_strength_cv,0.32546909612115277
EleutherAI/pythia-70m,64000,bookcorpus,halfA,real,halfA,segregation_within_mean,0.12761487430041213
EleutherAI/pythia-70m,64000,bookcorpus,halfA,real,halfA,segregation_between_mean,0.04153485135662305
EleutherAI/pythia-70m,64000,bookcorpus,halfA,real,halfA,segregation_ratio,3.072476971319724
EleutherAI/pythia-70m,64000,bookcorpus,halfA,real,halfA,segregation_modularity,0.02321568372736427
EleutherAI/pythia-70m,64000,bookcorpus,halfA,real,halfB,segregation_within_mean,0.12754440883838997
EleutherAI/pythia-70m,64000,bookcorpus,halfA,real,halfB,segregation_between_mean,0.04149187125020027
EleutherAI/pythia-70m,64000,bookcorpus,halfA,real,halfB,segregation_ratio,3.073961356654271
EleutherAI/pythia-70m,64000,bookcorpus,halfA,real,halfB,segregation_modularity,0.0232062281107653
EleutherAI/pythia-70m,64000,bookcorpus,halfA,null,halfA,segregation_within_mean,0.04491336713777638
EleutherAI/pythia-70m,64000,bookcorpus,halfA,null,halfA,segregation_between_mean,0.042577548055283014
EleutherAI/pythia-70m,64000,bookcorpus,halfA,null,halfA,segregation_ratio,1.0548603475113345
EleutherAI/pythia-70m,64000,bookcorpus,halfA,null,halfA,segregation_modularity,0.0012545678537204826
EleutherAI/pythia-70m,64000,bookcorpus,halfA,null,halfB,segregation_within_mean,0.04492921763755674
EleutherAI/pythia-70m,64000,bookcorpus,halfA,null,halfB,segregation_between_mean,0.04253315802674243
EleutherAI/pythia-70m,64000,bookcorpus,halfA,null,halfB,segregation_ratio,1.0563339220969157
EleutherAI/pythia-70m,64000,bookcorpus,halfA,null,halfB,segregation_modularity,0.0012646381571351731
EleutherAI/pythia-70m,64000,bookcorpus,halfB,real,halfB,segregation_within_mean,0.12692033986367782
EleutherAI/pythia-70m,64000,bookcorpus,halfB,real,halfB,segregation_between_mean,0.041495269931140576
EleutherAI/pythia-70m,64000,bookcorpus,halfB,real,halfB,segregation_ratio,3.0586700622576037
EleutherAI/pythia-70m,64000,bookcorpus,halfB,real,halfB,segregation_modularity,0.0230869521380401
EleutherAI/pythia-70m,64000,bookcorpus,halfB,real,halfA,segregation_within_mean,0.12666798386593284
EleutherAI/pythia-70m,64000,bookcorpus,halfB,real,halfA,segregation_between_mean,0.04154238291815685
EleutherAI/pythia-70m,64000,bookcorpus,halfB,real,halfA,segregation_ratio,3.049126577921227
EleutherAI/pythia-70m,64000,bookcorpus,halfB,real,halfA,segregation_modularity,0.023004787867189166
EleutherAI/pythia-70m,64000,bookcorpus,halfB,null,halfB,segregation_within_mean,0.04522258851218297
EleutherAI/pythia-70m,64000,bookcorpus,halfB,null,halfB,segregation_between_mean,0.042525192119447185
EleutherAI/pythia-70m,64000,bookcorpus,halfB,null,halfB,segregation_ratio,1.0634305515930225
EleutherAI/pythia-70m,64000,bookcorpus,halfB,null,halfB,segregation_modularity,0.001444698622459254
EleutherAI/pythia-70m,64000,bookcorpus,halfB,null,halfA,segregation_within_mean,0.04519779356631908
EleutherAI/pythia-70m,64000,bookcorpus,halfB,null,halfA,segregation_between_mean,0.042569812209185445
EleutherAI/pythia-70m,64000,bookcorpus,halfB,null,halfA,segregation_ratio,1.06173344961495
EleutherAI/pythia-70m,64000,bookcorpus,halfB,null,halfA,segregation_modularity,0.0014309370120556186
EleutherAI/pythia-70m,64000,agnews,halfA,-,halfA,act_firing_rate_median,0.20847066243489581
EleutherAI/pythia-70m,64000,agnews,halfA,-,halfA,act_frac_dead,0.0003255208333333333
EleutherAI/pythia-70m,64000,agnews,halfA,-,halfA,act_frac_dense,0.042887369791666664
EleutherAI/pythia-70m,64000,agnews,halfA,-,halfA,act_firing_rate_gini,0.32317253968303494
EleutherAI/pythia-70m,64000,agnews,halfB,-,halfB,act_firing_rate_median,0.2082672119140625
EleutherAI/pythia-70m,64000,agnews,halfB,-,halfB,act_frac_dead,0.0003255208333333333
EleutherAI/pythia-70m,64000,agnews,halfB,-,halfB,act_frac_dense,0.0419921875
EleutherAI/pythia-70m,64000,agnews,halfB,-,halfB,act_firing_rate_gini,0.32266575441281864
EleutherAI/pythia-70m,64000,agnews,-,-,-,lm_loss,4.720964552535115
EleutherAI/pythia-70m,64000,agnews,halfA,-,halfA,dim_participation_ratio,427.96462161375223
EleutherAI/pythia-70m,64000,agnews,halfA,-,halfA,dim_top1_share,0.021229551087496867
EleutherAI/pythia-70m,64000,agnews,halfA,-,halfA,dim_top10_share,0.11139586142765094
EleutherAI/pythia-70m,64000,agnews,halfA,-,halfA,dim_top100_share,0.33683524979593993
EleutherAI/pythia-70m,64000,agnews,halfA,-,halfA,dim_n_for_50pct,316.0
EleutherAI/pythia-70m,64000,agnews,halfA,-,halfA,dim_n_for_90pct,4412.0
EleutherAI/pythia-70m,64000,agnews,halfA,-,halfA,dim_participation_ratio_frac,0.034827850066223326
EleutherAI/pythia-70m,64000,agnews,halfA,-,halfA,n_live_units,12288.0
EleutherAI/pythia-70m,64000,agnews,halfA,-,halfA,coupling_mean_absr,0.03403071965228641
EleutherAI/pythia-70m,64000,agnews,halfA,-,halfA,coupling_median_absr,0.024827521294355392
EleutherAI/pythia-70m,64000,agnews,halfA,-,halfA,coupling_p90_absr,0.07430009543895724
EleutherAI/pythia-70m,64000,agnews,halfA,-,halfA,coupling_p99_absr,0.15591658353805543
EleutherAI/pythia-70m,64000,agnews,halfA,-,halfA,coupling_frac_absr_gt_0.1,0.04637704929509149
EleutherAI/pythia-70m,64000,agnews,halfA,-,halfA,coupling_frac_absr_gt_0.3,0.00036983069594776364
EleutherAI/pythia-70m,64000,agnews,halfA,-,halfA,coupling_concentration_top1pct,0.04919230303184598
EleutherAI/pythia-70m,64000,agnews,halfA,-,halfA,hub_strength_gini,0.1454666392486541
EleutherAI/pythia-70m,64000,agnews,halfA,-,halfA,hub_strength_cv,0.25877508026979984
EleutherAI/pythia-70m,64000,agnews,halfB,-,halfB,dim_participation_ratio,429.23449325911764
EleutherAI/pythia-70m,64000,agnews,halfB,-,halfB,dim_top1_share,0.02122797725392259
EleutherAI/pythia-70m,64000,agnews,halfB,-,halfB,dim_top10_share,0.1110510355992319
EleutherAI/pythia-70m,64000,agnews,halfB,-,halfB,dim_top100_share,0.33664208059438705
EleutherAI/pythia-70m,64000,agnews,halfB,-,halfB,dim_n_for_50pct,318.0
EleutherAI/pythia-70m,64000,agnews,halfB,-,halfB,dim_n_for_90pct,4437.0
EleutherAI/pythia-70m,64000,agnews,halfB,-,halfB,dim_participation_ratio_frac,0.034931192485279754
EleutherAI/pythia-70m,64000,agnews,halfB,-,halfB,n_live_units,12288.0
EleutherAI/pythia-70m,64000,agnews,halfB,-,halfB,coupling_mean_absr,0.03398638586306886
EleutherAI/pythia-70m,64000,agnews,halfB,-,halfB,coupling_median_absr,0.024795668199658394
EleutherAI/pythia-70m,64000,agnews,halfB,-,halfB,coupling_p90_absr,0.07424511760473247
EleutherAI/pythia-70m,64000,agnews,halfB,-,halfB,coupling_p99_absr,0.15598201841115944
EleutherAI/pythia-70m,64000,agnews,halfB,-,halfB,coupling_frac_absr_gt_0.1,0.046164850148502384
EleutherAI/pythia-70m,64000,agnews,halfB,-,halfB,coupling_frac_absr_gt_0.3,0.000371030943980728
EleutherAI/pythia-70m,64000,agnews,halfB,-,halfB,coupling_concentration_top1pct,0.04919615441213378
EleutherAI/pythia-70m,64000,agnews,halfB,-,halfB,hub_strength_gini,0.14551387445431874
EleutherAI/pythia-70m,64000,agnews,halfB,-,halfB,hub_strength_cv,0.25902672045143343
EleutherAI/pythia-70m,64000,agnews,halfA,real,halfA,segregation_within_mean,0.10134139047233272
EleutherAI/pythia-70m,64000,agnews,halfA,real,halfA,segregation_between_mean,0.033068407682484036
EleutherAI/pythia-70m,64000,agnews,halfA,real,halfA,segregation_ratio,3.064598436229275
EleutherAI/pythia-70m,64000,agnews,halfA,real,halfA,segregation_modularity,0.027409211719380978
EleutherAI/pythia-70m,64000,agnews,halfA,real,halfB,segregation_within_mean,0.10076125144289659
EleutherAI/pythia-70m,64000,agnews,halfA,real,halfB,segregation_between_mean,0.03303173407447525
EleutherAI/pythia-70m,64000,agnews,halfA,real,halfB,segregation_ratio,3.0504378370119616
EleutherAI/pythia-70m,64000,agnews,halfA,real,halfB,segregation_modularity,0.027241710024441604
EleutherAI/pythia-70m,64000,agnews,halfA,null,halfA,segregation_within_mean,0.03715385637742183
EleutherAI/pythia-70m,64000,agnews,halfA,null,halfA,segregation_between_mean,0.03398596733814815
EleutherAI/pythia-70m,64000,agnews,halfA,null,halfA,segregation_ratio,1.0932116778596979
EleutherAI/pythia-70m,64000,agnews,halfA,null,halfA,segregation_modularity,0.0014988962672319943
EleutherAI/pythia-70m,64000,agnews,halfA,null,halfB,segregation_within_mean,0.03706777506437498
EleutherAI/pythia-70m,64000,agnews,halfA,null,halfB,segregation_between_mean,0.03394223176828348
EleutherAI/pythia-70m,64000,agnews,halfA,null,halfB,segregation_ratio,1.0920842011046572
EleutherAI/pythia-70m,64000,agnews,halfA,null,halfB,segregation_modularity,0.0014737542550563938
EleutherAI/pythia-70m,64000,agnews,halfB,real,halfB,segregation_within_mean,0.10035428768627805
EleutherAI/pythia-70m,64000,agnews,halfB,real,halfB,segregation_between_mean,0.033026535903818585
EleutherAI/pythia-70m,64000,agnews,halfB,real,halfB,segregation_ratio,3.0385956304510553
EleutherAI/pythia-70m,64000,agnews,halfB,real,halfB,segregation_modularity,0.02747987089196785
EleutherAI/pythia-70m,64000,agnews,halfB,real,halfA,segregation_within_mean,0.10060182444053282
EleutherAI/pythia-70m,64000,agnews,halfB,real,halfA,segregation_between_mean,0.03306793085878979
EleutherAI/pythia-70m,64000,agnews,halfB,real,halfA,segregation_ratio,3.0422775731004603
EleutherAI/pythia-70m,64000,agnews,halfB,real,halfA,segregation_modularity,0.027510919142041176
EleutherAI/pythia-70m,64000,agnews,halfB,null,halfB,segregation_within_mean,0.03702826240764607
EleutherAI/pythia-70m,64000,agnews,halfB,null,halfB,segregation_between_mean,0.033943328479542505
EleutherAI/pythia-70m,64000,agnews,halfB,null,halfB,segregation_ratio,1.0908848385320502
EleutherAI/pythia-70m,64000,agnews,halfB,null,halfB,segregation_modularity,0.0014838707454365798
EleutherAI/pythia-70m,64000,agnews,halfB,null,halfA,segregation_within_mean,0.03709175627992395
EleutherAI/pythia-70m,64000,agnews,halfB,null,halfA,segregation_between_mean,0.033987391055971115
EleutherAI/pythia-70m,64000,agnews,halfB,null,halfA,segregation_ratio,1.0913387326152955
EleutherAI/pythia-70m,64000,agnews,halfB,null,halfA,segregation_modularity,0.0014970368541758897
EleutherAI/pythia-70m,64000,tldr17,halfA,-,halfA,act_firing_rate_median,0.19210052490234375
EleutherAI/pythia-70m,64000,tldr17,halfA,-,halfA,act_frac_dead,0.00048828125
EleutherAI/pythia-70m,64000,tldr17,halfA,-,halfA,act_frac_dense,0.037679036458333336
EleutherAI/pythia-70m,64000,tldr17,halfA,-,halfA,act_firing_rate_gini,0.3379851500923876
EleutherAI/pythia-70m,64000,tldr17,halfB,-,halfB,act_firing_rate_median,0.1919682820638021
EleutherAI/pythia-70m,64000,tldr17,halfB,-,halfB,act_frac_dead,0.0004069010416666667
EleutherAI/pythia-70m,64000,tldr17,halfB,-,halfB,act_frac_dense,0.037841796875
EleutherAI/pythia-70m,64000,tldr17,halfB,-,halfB,act_firing_rate_gini,0.33891317616843986
EleutherAI/pythia-70m,64000,tldr17,-,-,-,lm_loss,3.960412437899161
EleutherAI/pythia-70m,64000,tldr17,halfA,-,halfA,dim_participation_ratio,415.20329130194244
EleutherAI/pythia-70m,64000,tldr17,halfA,-,halfA,dim_top1_share,0.019997883790186702
EleutherAI/pythia-70m,64000,tldr17,halfA,-,halfA,dim_top10_share,0.11209392523645731
EleutherAI/pythia-70m,64000,tldr17,halfA,-,halfA,dim_top100_share,0.3523686414865235
EleutherAI/pythia-70m,64000,tldr17,halfA,-,halfA,dim_n_for_50pct,278.0
EleutherAI/pythia-70m,64000,tldr17,halfA,-,halfA,dim_n_for_90pct,4206.0
EleutherAI/pythia-70m,64000,tldr17,halfA,-,halfA,dim_participation_ratio_frac,0.033789330346837766
EleutherAI/pythia-70m,64000,tldr17,halfA,-,halfA,n_live_units,12288.0
EleutherAI/pythia-70m,64000,tldr17,halfA,-,halfA,coupling_mean_absr,0.034619412880229995
EleutherAI/pythia-70m,64000,tldr17,halfA,-,halfA,coupling_median_absr,0.02538791112601757
EleutherAI/pythia-70m,64000,tldr17,halfA,-,halfA,coupling_p90_absr,0.07538051903247833
EleutherAI/pythia-70m,64000,tldr17,halfA,-,halfA,coupling_p99_absr,0.1573212365806103
EleutherAI/pythia-70m,64000,tldr17,halfA,-,halfA,coupling_frac_absr_gt_0.1,0.04712007536587854
EleutherAI/pythia-70m,64000,tldr17,halfA,-,halfA,coupling_frac_absr_gt_0.3,0.0004650362728292807
EleutherAI/pythia-70m,64000,tldr17,halfA,-,halfA,coupling_concentration_top1pct,0.04956470894452375
EleutherAI/pythia-70m,64000,tldr17,halfA,-,halfA,hub_strength_gini,0.13887905491636543
EleutherAI/pythia-70m,64000,tldr17,halfA,-,halfA,hub_strength_cv,0.25034481949783377
EleutherAI/pythia-70m,64000,tldr17,halfB,-,halfB,dim_participation_ratio,413.0353679010948
EleutherAI/pythia-70m,64000,tldr17,halfB,-,halfB,dim_top1_share,0.02008776513744034
EleutherAI/pythia-70m,64000,tldr17,halfB,-,halfB,dim_top10_share,0.11260106281232846
EleutherAI/pythia-70m,64000,tldr17,halfB,-,halfB,dim_top100_share,0.35246572169592116
EleutherAI/pythia-70m,64000,tldr17,halfB,-,halfB,dim_n_for_50pct,278.0
EleutherAI/pythia-70m,64000,tldr17,halfB,-,halfB,dim_n_for_90pct,4199.0
EleutherAI/pythia-70m,64000,tldr17,halfB,-,halfB,dim_participation_ratio_frac,0.03361290428882607
EleutherAI/pythia-70m,64000,tldr17,halfB,-,halfB,n_live_units,12288.0
EleutherAI/pythia-70m,64000,tldr17,halfB,-,halfB,coupling_mean_absr,0.034713810648591914
EleutherAI/pythia-70m,64000,tldr17,halfB,-,halfB,coupling_median_absr,0.025426589883863926
EleutherAI/pythia-70m,64000,tldr17,halfB,-,halfB,coupling_p90_absr,0.07560611516237259
EleutherAI/pythia-70m,64000,tldr17,halfB,-,halfB,coupling_p99_absr,0.15746524035930676
EleutherAI/pythia-70m,64000,tldr17,halfB,-,halfB,coupling_frac_absr_gt_0.1,0.04744392835726798
EleutherAI/pythia-70m,64000,tldr17,halfB,-,halfB,coupling_frac_absr_gt_0.3,0.0004808398135365608
EleutherAI/pythia-70m,64000,tldr17,halfB,-,halfB,coupling_concentration_top1pct,0.04953097442217428
EleutherAI/pythia-70m,64000,tldr17,halfB,-,halfB,hub_strength_gini,0.13928476230059883
EleutherAI/pythia-70m,64000,tldr17,halfB,-,halfB,hub_strength_cv,0.25129377366410893
EleutherAI/pythia-70m,64000,tldr17,halfA,real,halfA,segregation_within_mean,0.09831579071213854
EleutherAI/pythia-70m,64000,tldr17,halfA,real,halfA,segregation_between_mean,0.033786838209235275
EleutherAI/pythia-70m,64000,tldr17,halfA,real,halfA,segregation_ratio,2.909884319547396
EleutherAI/pythia-70m,64000,tldr17,halfA,real,halfA,segregation_modularity,0.02362324259539082
EleutherAI/pythia-70m,64000,tldr17,halfA,real,halfB,segregation_within_mean,0.09835103133578148
EleutherAI/pythia-70m,64000,tldr17,halfA,real,halfB,segregation_between_mean,0.033882009219681826
EleutherAI/pythia-70m,64000,tldr17,halfA,real,halfB,segregation_ratio,2.902750858076328
EleutherAI/pythia-70m,64000,tldr17,halfA,real,halfB,segregation_modularity,0.023532093538903797
EleutherAI/pythia-70m,64000,tldr17,halfA,null,halfA,segregation_within_mean,0.03845745520782354
EleutherAI/pythia-70m,64000,tldr17,halfA,null,halfA,segregation_between_mean,0.03453579074115224
EleutherAI/pythia-70m,64000,tldr17,halfA,null,halfA,segregation_ratio,1.1135536318268895
EleutherAI/pythia-70m,64000,tldr17,halfA,null,halfA,segregation_modularity,0.003493642404140977
EleutherAI/pythia-70m,64000,tldr17,halfA,null,halfB,segregation_within_mean,0.03856293900542772
EleutherAI/pythia-70m,64000,tldr17,halfA,null,halfB,segregation_between_mean,0.03462994697376445
EleutherAI/pythia-70m,64000,tldr17,halfA,null,halfB,segregation_ratio,1.1135719911625301
EleutherAI/pythia-70m,64000,tldr17,halfA,null,halfB,segregation_modularity,0.0034594979113977066
EleutherAI/pythia-70m,64000,tldr17,halfB,real,halfB,segregation_within_mean,0.0977685594012425
EleutherAI/pythia-70m,64000,tldr17,halfB,real,halfB,segregation_between_mean,0.03388450201874439
EleutherAI/pythia-70m,64000,tldr17,halfB,real,halfB,segregation_ratio,2.885347388229534
EleutherAI/pythia-70m,64000,tldr17,halfB,real,halfB,segregation_modularity,0.023550429103662826
EleutherAI/pythia-70m,64000,tldr17,halfB,real,halfA,segregation_within_mean,0.09712711496771201
EleutherAI/pythia-70m,64000,tldr17,halfB,real,halfA,segregation_between_mean,0.03379729911691825
EleutherAI/pythia-70m,64000,tldr17,halfB,real,halfA,segregation_ratio,2.8738129230892335
EleutherAI/pythia-70m,64000,tldr17,halfB,real,halfA,segregation_modularity,0.02340931875171471
EleutherAI/pythia-70m,64000,tldr17,halfB,null,halfB,segregation_within_mean,0.03848062298971761
EleutherAI/pythia-70m,64000,tldr17,halfB,null,halfB,segregation_between_mean,0.03462972367049746
EleutherAI/pythia-70m,64000,tldr17,halfB,null,halfB,segregation_ratio,1.111202138251565
EleutherAI/pythia-70m,64000,tldr17,halfB,null,halfB,segregation_modularity,0.003404233878561332
EleutherAI/pythia-70m,64000,tldr17,halfB,null,halfA,segregation_within_mean,0.03835172619448604
EleutherAI/pythia-70m,64000,tldr17,halfB,null,halfA,segregation_between_mean,0.0345360960165778
EleutherAI/pythia-70m,64000,tldr17,halfB,null,halfA,segregation_ratio,1.1104823827243442
EleutherAI/pythia-70m,64000,tldr17,halfB,null,halfA,segregation_modularity,0.003416633985802986
