model,step,domain,key,tree,measure,value
pythia-70m,0,wikitext,halfA,real,crisp_median_max_membership,0.64
pythia-70m,0,wikitext,halfA,real,crisp_frac_confident,0.7027180989583334
pythia-70m,0,wikitext,halfA,real,crisp_network_median,0.6012632696390658
pythia-70m,0,wikitext,halfA,real,size_n_networks,100.0
pythia-70m,0,wikitext,halfA,real,size_effective_n,89.22322217117681
pythia-70m,0,wikitext,halfA,real,size_gini,0.2385579427083333
pythia-70m,0,wikitext,halfA,real,size_largest_share,0.044921875
pythia-70m,0,wikitext,halfA,real,size_frac_small,0.01
pythia-70m,0,wikitext,halfA,real,depth_median_effective_layers,5.8671383411305795
pythia-70m,0,wikitext,halfA,real,depth_frac_single_layer,0.0
pythia-70m,0,wikitext,halfA,real,depth_mean_layer_span,5.7
pythia-70m,1,wikitext,halfA,real,crisp_median_max_membership,0.64
pythia-70m,1,wikitext,halfA,real,crisp_frac_confident,0.7027180989583334
pythia-70m,1,wikitext,halfA,real,crisp_network_median,0.6012632696390658
pythia-70m,1,wikitext,halfA,real,size_n_networks,100.0
pythia-70m,1,wikitext,halfA,real,size_effective_n,89.22322217117681
pythia-70m,1,wikitext,halfA,real,size_gini,0.2385579427083333
pythia-70m,1,wikitext,halfA,real,size_largest_share,0.044921875
pythia-70m,1,wikitext,halfA,real,size_frac_small,0.01
pythia-70m,1,wikitext,halfA,real,depth_median_effective_layers,5.8671383411305795
pythia-70m,1,wikitext,halfA,real,depth_frac_single_layer,0.0
pythia-70m,1,wikitext,halfA,real,depth_mean_layer_span,5.7
pythia-70m,4,wikitext,halfA,real,crisp_median_max_membership,0.64
pythia-70m,4,wikitext,halfA,real,crisp_frac_confident,0.697509765625
pythia-70m,4,wikitext,halfA,real,crisp_network_median,0.6131692103232445
pythia-70m,4,wikitext,halfA,real,size_n_networks,100.0
pythia-70m,4,wikitext,halfA,real,size_effective_n,89.34493929778407
pythia-70m,4,wikitext,halfA,real,size_gini,0.23340983072916677
pythia-70m,4,wikitext,halfA,real,size_largest_share,0.044270833333333336
pythia-70m,4,wikitext,halfA,real,size_frac_small,0.02
pythia-70m,4,wikitext,halfA,real,depth_median_effective_layers,5.868800787686091
pythia-70m,4,wikitext,halfA,real,depth_frac_single_layer,0.0
pythia-70m,4,wikitext,halfA,real,depth_mean_layer_span,5.71
pythia-70m,16,wikitext,halfA,real,crisp_median_max_membership,0.6174999999999999
pythia-70m,16,wikitext,halfA,real,crisp_frac_confident,0.6569010416666666
pythia-70m,16,wikitext,halfA,real,crisp_network_median,0.5964835296534721
pythia-70m,16,wikitext,halfA,real,size_n_networks,100.0
pythia-70m,16,wikitext,halfA,real,size_effective_n,89.52874777603712
pythia-70m,16,wikitext,halfA,real,size_gini,0.2322102864583333
pythia-70m,16,wikitext,halfA,real,size_largest_share,0.049072265625
pythia-70m,16,wikitext,halfA,real,size_frac_small,0.01
pythia-70m,16,wikitext,halfA,real,depth_median_effective_layers,5.874385262722902
pythia-70m,16,wikitext,halfA,real,depth_frac_single_layer,0.0
pythia-70m,16,wikitext,halfA,real,depth_mean_layer_span,5.74
pythia-70m,64,wikitext,halfA,real,crisp_median_max_membership,0.56
pythia-70m,64,wikitext,halfA,real,crisp_frac_confident,0.6092936197916666
pythia-70m,64,wikitext,halfA,real,crisp_network_median,0.5464935897435896
pythia-70m,64,wikitext,halfA,real,size_n_networks,100.0
pythia-70m,64,wikitext,halfA,real,size_effective_n,90.37755942826996
pythia-70m,64,wikitext,halfA,real,size_gini,0.24800292968749993
pythia-70m,64,wikitext,halfA,real,size_largest_share,0.027994791666666668
pythia-70m,64,wikitext,halfA,real,size_frac_small,0.0
pythia-70m,64,wikitext,halfA,real,depth_median_effective_layers,5.0488359791210975
pythia-70m,64,wikitext,halfA,real,depth_frac_single_layer,0.0
pythia-70m,64,wikitext,halfA,real,depth_mean_layer_span,4.31
pythia-70m,256,wikitext,halfA,real,crisp_median_max_membership,0.57
pythia-70m,256,wikitext,halfA,real,crisp_frac_confident,0.6131998697916666
pythia-70m,256,wikitext,halfA,real,crisp_network_median,0.546640749601276
pythia-70m,256,wikitext,halfA,real,size_n_networks,100.0
pythia-70m,256,wikitext,halfA,real,size_effective_n,93.27825359006187
pythia-70m,256,wikitext,halfA,real,size_gini,0.1962467447916667
pythia-70m,256,wikitext,halfA,real,size_largest_share,0.027180989583333332
pythia-70m,256,wikitext,halfA,real,size_frac_small,0.0
pythia-70m,256,wikitext,halfA,real,depth_median_effective_layers,4.747832515752199
pythia-70m,256,wikitext,halfA,real,depth_frac_single_layer,0.0
pythia-70m,256,wikitext,halfA,real,depth_mean_layer_span,4.14
pythia-70m,1000,wikitext,halfA,real,crisp_median_max_membership,0.625
pythia-70m,1000,wikitext,halfA,real,crisp_frac_confident,0.693359375
pythia-70m,1000,wikitext,halfA,real,crisp_network_median,0.5922002012072434
pythia-70m,1000,wikitext,halfA,real,size_n_networks,100.0
pythia-70m,1000,wikitext,halfA,real,size_effective_n,90.50455446643319
pythia-70m,1000,wikitext,halfA,real,size_gini,0.22207519531249997
pythia-70m,1000,wikitext,halfA,real,size_largest_share,0.039876302083333336
pythia-70m,1000,wikitext,halfA,real,size_frac_small,0.01
pythia-70m,1000,wikitext,halfA,real,depth_median_effective_layers,4.51918781213786
pythia-70m,1000,wikitext,halfA,real,depth_frac_single_layer,0.0
pythia-70m,1000,wikitext,halfA,real,depth_mean_layer_span,3.79
pythia-70m,4000,wikitext,halfA,real,crisp_median_max_membership,0.695
pythia-70m,4000,wikitext,halfA,real,crisp_frac_confident,0.786376953125
pythia-70m,4000,wikitext,halfA,real,crisp_network_median,0.6726602782268356
pythia-70m,4000,wikitext,halfA,real,size_n_networks,100.0
pythia-70m,4000,wikitext,halfA,real,size_effective_n,90.22061709742466
pythia-70m,4000,wikitext,halfA,real,size_gini,0.24226562499999993
pythia-70m,4000,wikitext,halfA,real,size_largest_share,0.033528645833333336
pythia-70m,4000,wikitext,halfA,real,size_frac_small,0.0
pythia-70m,4000,wikitext,halfA,real,depth_median_effective_layers,4.103405231688646
pythia-70m,4000,wikitext,halfA,real,depth_frac_single_layer,0.04
pythia-70m,4000,wikitext,halfA,real,depth_mean_layer_span,3.41
pythia-70m,16000,wikitext,halfA,real,crisp_median_max_membership,0.715
pythia-70m,16000,wikitext,halfA,real,crisp_frac_confident,0.7792154947916666
pythia-70m,16000,wikitext,halfA,real,crisp_network_median,0.66578125
pythia-70m,16000,wikitext,halfA,real,size_n_networks,100.0
pythia-70m,16000,wikitext,halfA,real,size_effective_n,85.16333620919282
pythia-70m,16000,wikitext,halfA,real,size_gini,0.28160481770833323
pythia-70m,16000,wikitext,halfA,real,size_largest_share,0.051920572916666664
pythia-70m,16000,wikitext,halfA,real,size_frac_small,0.02
pythia-70m,16000,wikitext,halfA,real,depth_median_effective_layers,4.161216949134458
pythia-70m,16000,wikitext,halfA,real,depth_frac_single_layer,0.08
pythia-70m,16000,wikitext,halfA,real,depth_mean_layer_span,3.38
pythia-70m,64000,wikitext,halfA,real,crisp_median_max_membership,0.71
pythia-70m,64000,wikitext,halfA,real,crisp_frac_confident,0.768798828125
pythia-70m,64000,wikitext,halfA,real,crisp_network_median,0.6570483709273183
pythia-70m,64000,wikitext,halfA,real,size_n_networks,100.0
pythia-70m,64000,wikitext,halfA,real,size_effective_n,87.48264561103854
pythia-70m,64000,wikitext,halfA,real,size_gini,0.24905273437499997
pythia-70m,64000,wikitext,halfA,real,size_largest_share,0.054606119791666664
pythia-70m,64000,wikitext,halfA,real,size_frac_small,0.01
pythia-70m,64000,wikitext,halfA,real,depth_median_effective_layers,4.051957381291001
pythia-70m,64000,wikitext,halfA,real,depth_frac_single_layer,0.07
pythia-70m,64000,wikitext,halfA,real,depth_mean_layer_span,3.31
pythia-70m,143000,wikitext,halfA,real,crisp_median_max_membership,0.71
pythia-70m,143000,wikitext,halfA,real,crisp_frac_confident,0.7939453125
pythia-70m,143000,wikitext,halfA,real,crisp_network_median,0.6474368059614259
pythia-70m,143000,wikitext,halfA,real,size_n_networks,100.0
pythia-70m,143000,wikitext,halfA,real,size_effective_n,85.81960510100119
pythia-70m,143000,wikitext,halfA,real,size_gini,0.2597054036458333
pythia-70m,143000,wikitext,halfA,real,size_largest_share,0.068359375
pythia-70m,143000,wikitext,halfA,real,size_frac_small,0.0
pythia-70m,143000,wikitext,halfA,real,depth_median_effective_layers,3.856865198439638
pythia-70m,143000,wikitext,halfA,real,depth_frac_single_layer,0.08
pythia-70m,143000,wikitext,halfA,real,depth_mean_layer_span,3.21
pythia-70m,0,bookcorpus,halfA,real,crisp_median_max_membership,0.61
pythia-70m,0,bookcorpus,halfA,real,crisp_frac_confident,0.6456705729166666
pythia-70m,0,bookcorpus,halfA,real,crisp_network_median,0.5927566137566138
pythia-70m,0,bookcorpus,halfA,real,size_n_networks,100.0
pythia-70m,0,bookcorpus,halfA,real,size_effective_n,89.79456549433567
pythia-70m,0,bookcorpus,halfA,real,size_gini,0.23914388020833321
pythia-70m,0,bookcorpus,halfA,real,size_largest_share,0.037434895833333336
pythia-70m,0,bookcorpus,halfA,real,size_frac_small,0.0
pythia-70m,0,bookcorpus,halfA,real,depth_median_effective_layers,5.865760988504318
pythia-70m,0,bookcorpus,halfA,real,depth_frac_single_layer,0.0
pythia-70m,0,bookcorpus,halfA,real,depth_mean_layer_span,5.77
pythia-70m,1,bookcorpus,halfA,real,crisp_median_max_membership,0.61
pythia-70m,1,bookcorpus,halfA,real,crisp_frac_confident,0.6456705729166666
pythia-70m,1,bookcorpus,halfA,real,crisp_network_median,0.5927566137566138
pythia-70m,1,bookcorpus,halfA,real,size_n_networks,100.0
pythia-70m,1,bookcorpus,halfA,real,size_effective_n,89.79456549433567
pythia-70m,1,bookcorpus,halfA,real,size_gini,0.23914388020833321
pythia-70m,1,bookcorpus,halfA,real,size_largest_share,0.037434895833333336
pythia-70m,1,bookcorpus,halfA,real,size_frac_small,0.0
pythia-70m,1,bookcorpus,halfA,real,depth_median_effective_layers,5.865760988504318
pythia-70m,1,bookcorpus,halfA,real,depth_frac_single_layer,0.0
pythia-70m,1,bookcorpus,halfA,real,depth_mean_layer_span,5.77
pythia-70m,4,bookcorpus,halfA,real,crisp_median_max_membership,0.61
pythia-70m,4,bookcorpus,halfA,real,crisp_frac_confident,0.6455078125
pythia-70m,4,bookcorpus,halfA,real,crisp_network_median,0.5833638020833334
pythia-70m,4,bookcorpus,halfA,real,size_n_networks,100.0
pythia-70m,4,bookcorpus,halfA,real,size_effective_n,91.00464481405555
pythia-70m,4,bookcorpus,halfA,real,size_gini,0.22789388020833323
pythia-70m,4,bookcorpus,halfA,real,size_largest_share,0.037434895833333336
pythia-70m,4,bookcorpus,halfA,real,size_frac_small,0.0
pythia-70m,4,bookcorpus,halfA,real,depth_median_effective_layers,5.860633789479361
pythia-70m,4,bookcorpus,halfA,real,depth_frac_single_layer,0.0
pythia-70m,4,bookcorpus,halfA,real,depth_mean_layer_span,5.81
pythia-70m,16,bookcorpus,halfA,real,crisp_median_max_membership,0.61
pythia-70m,16,bookcorpus,halfA,real,crisp_frac_confident,0.656005859375
pythia-70m,16,bookcorpus,halfA,real,crisp_network_median,0.5824085246702492
pythia-70m,16,bookcorpus,halfA,real,size_n_networks,100.0
pythia-70m,16,bookcorpus,halfA,real,size_effective_n,91.4285884014456
pythia-70m,16,bookcorpus,halfA,real,size_gini,0.22314941406249988
pythia-70m,16,bookcorpus,halfA,real,size_largest_share,0.037516276041666664
pythia-70m,16,bookcorpus,halfA,real,size_frac_small,0.0
pythia-70m,16,bookcorpus,halfA,real,depth_median_effective_layers,5.880017000937238
pythia-70m,16,bookcorpus,halfA,real,depth_frac_single_layer,0.0
pythia-70m,16,bookcorpus,halfA,real,depth_mean_layer_span,5.77
pythia-70m,64,bookcorpus,halfA,real,crisp_median_max_membership,0.56
pythia-70m,64,bookcorpus,halfA,real,crisp_frac_confident,0.608154296875
pythia-70m,64,bookcorpus,halfA,real,crisp_network_median,0.5585098204264871
pythia-70m,64,bookcorpus,halfA,real,size_n_networks,100.0
pythia-70m,64,bookcorpus,halfA,real,size_effective_n,92.72111582825681
pythia-70m,64,bookcorpus,halfA,real,size_gini,0.21712239583333326
pythia-70m,64,bookcorpus,halfA,real,size_largest_share,0.024658203125
pythia-70m,64,bookcorpus,halfA,real,size_frac_small,0.0
pythia-70m,64,bookcorpus,halfA,real,depth_median_effective_layers,5.156682106833498
pythia-70m,64,bookcorpus,halfA,real,depth_frac_single_layer,0.0
pythia-70m,64,bookcorpus,halfA,real,depth_mean_layer_span,4.46
pythia-70m,256,bookcorpus,halfA,real,crisp_median_max_membership,0.58
pythia-70m,256,bookcorpus,halfA,real,crisp_frac_confident,0.6302897135416666
pythia-70m,256,bookcorpus,halfA,real,crisp_network_median,0.5456305343511451
pythia-70m,256,bookcorpus,halfA,real,size_n_networks,100.0
pythia-70m,256,bookcorpus,halfA,real,size_effective_n,90.87661486040392
pythia-70m,256,bookcorpus,halfA,real,size_gini,0.22248209635416671
pythia-70m,256,bookcorpus,halfA,real,size_largest_share,0.037027994791666664
pythia-70m,256,bookcorpus,halfA,real,size_frac_small,0.0
pythia-70m,256,bookcorpus,halfA,real,depth_median_effective_layers,4.7359629783294785
pythia-70m,256,bookcorpus,halfA,real,depth_frac_single_layer,0.0
pythia-70m,256,bookcorpus,halfA,real,depth_mean_layer_span,4.23
pythia-70m,1000,bookcorpus,halfA,real,crisp_median_max_membership,0.63
pythia-70m,1000,bookcorpus,halfA,real,crisp_frac_confident,0.7118326822916666
pythia-70m,1000,bookcorpus,halfA,real,crisp_network_median,0.624015748031496
pythia-70m,1000,bookcorpus,halfA,real,size_n_networks,100.0
pythia-70m,1000,bookcorpus,halfA,real,size_effective_n,91.35891081621246
pythia-70m,1000,bookcorpus,halfA,real,size_gini,0.22519205729166658
pythia-70m,1000,bookcorpus,halfA,real,size_largest_share,0.030517578125
pythia-70m,1000,bookcorpus,halfA,real,size_frac_small,0.0
pythia-70m,1000,bookcorpus,halfA,real,depth_median_effective_layers,4.859910718082968
pythia-70m,1000,bookcorpus,halfA,real,depth_frac_single_layer,0.0
pythia-70m,1000,bookcorpus,halfA,real,depth_mean_layer_span,4.02
pythia-70m,4000,bookcorpus,halfA,real,crisp_median_max_membership,0.67
pythia-70m,4000,bookcorpus,halfA,real,crisp_frac_confident,0.751220703125
pythia-70m,4000,bookcorpus,halfA,real,crisp_network_median,0.6511445832817848
pythia-70m,4000,bookcorpus,halfA,real,size_n_networks,100.0
pythia-70m,4000,bookcorpus,halfA,real,size_effective_n,89.96306587592358
pythia-70m,4000,bookcorpus,halfA,real,size_gini,0.23878580729166665
pythia-70m,4000,bookcorpus,halfA,real,size_largest_share,0.033365885416666664
pythia-70m,4000,bookcorpus,halfA,real,size_frac_small,0.0
pythia-70m,4000,bookcorpus,halfA,real,depth_median_effective_layers,4.489305069540627
pythia-70m,4000,bookcorpus,halfA,real,depth_frac_single_layer,0.04
pythia-70m,4000,bookcorpus,halfA,real,depth_mean_layer_span,3.7
pythia-70m,16000,bookcorpus,halfA,real,crisp_median_max_membership,0.675
pythia-70m,16000,bookcorpus,halfA,real,crisp_frac_confident,0.749267578125
pythia-70m,16000,bookcorpus,halfA,real,crisp_network_median,0.6385417548314289
pythia-70m,16000,bookcorpus,halfA,real,size_n_networks,100.0
pythia-70m,16000,bookcorpus,halfA,real,size_effective_n,89.91897488397522
pythia-70m,16000,bookcorpus,halfA,real,size_gini,0.23641927083333325
pythia-70m,16000,bookcorpus,halfA,real,size_largest_share,0.033772786458333336
pythia-70m,16000,bookcorpus,halfA,real,size_frac_small,0.01
pythia-70m,16000,bookcorpus,halfA,real,depth_median_effective_layers,4.331072073241268
pythia-70m,16000,bookcorpus,halfA,real,depth_frac_single_layer,0.08
pythia-70m,16000,bookcorpus,halfA,real,depth_mean_layer_span,3.6
pythia-70m,64000,bookcorpus,halfA,real,crisp_median_max_membership,0.635
pythia-70m,64000,bookcorpus,halfA,real,crisp_frac_confident,0.703369140625
pythia-70m,64000,bookcorpus,halfA,real,crisp_network_median,0.6185036072389338
pythia-70m,64000,bookcorpus,halfA,real,size_n_networks,100.0
pythia-70m,64000,bookcorpus,halfA,real,size_effective_n,89.1340378290889
pythia-70m,64000,bookcorpus,halfA,real,size_gini,0.25321777343750007
pythia-70m,64000,bookcorpus,halfA,real,size_largest_share,0.033528645833333336
pythia-70m,64000,bookcorpus,halfA,real,size_frac_small,0.0
pythia-70m,64000,bookcorpus,halfA,real,depth_median_effective_layers,4.34511985629567
pythia-70m,64000,bookcorpus,halfA,real,depth_frac_single_layer,0.07
pythia-70m,64000,bookcorpus,halfA,real,depth_mean_layer_span,3.64
pythia-70m,143000,bookcorpus,halfA,real,crisp_median_max_membership,0.635
pythia-70m,143000,bookcorpus,halfA,real,crisp_frac_confident,0.7003580729166666
pythia-70m,143000,bookcorpus,halfA,real,crisp_network_median,0.6065988372093023
pythia-70m,143000,bookcorpus,halfA,real,size_n_networks,100.0
pythia-70m,143000,bookcorpus,halfA,real,size_effective_n,89.08794119520046
pythia-70m,143000,bookcorpus,halfA,real,size_gini,0.24272135416666663
pythia-70m,143000,bookcorpus,halfA,real,size_largest_share,0.044026692708333336
pythia-70m,143000,bookcorpus,halfA,real,size_frac_small,0.0
pythia-70m,143000,bookcorpus,halfA,real,depth_median_effective_layers,4.317536266124327
pythia-70m,143000,bookcorpus,halfA,real,depth_frac_single_layer,0.08
pythia-70m,143000,bookcorpus,halfA,real,depth_mean_layer_span,3.57
pythia-70m,0,agnews,halfA,real,crisp_median_max_membership,0.615
pythia-70m,0,agnews,halfA,real,crisp_frac_confident,0.6664225260416666
pythia-70m,0,agnews,halfA,real,crisp_network_median,0.620250568977591
pythia-70m,0,agnews,halfA,real,size_n_networks,100.0
pythia-70m,0,agnews,halfA,real,size_effective_n,89.1702885420728
pythia-70m,0,agnews,halfA,real,size_gini,0.22525065104166675
pythia-70m,0,agnews,halfA,real,size_largest_share,0.060546875
pythia-70m,0,agnews,halfA,real,size_frac_small,0.0
pythia-70m,0,agnews,halfA,real,depth_median_effective_layers,5.843812748087711
pythia-70m,0,agnews,halfA,real,depth_frac_single_layer,0.0
pythia-70m,0,agnews,halfA,real,depth_mean_layer_span,5.65
pythia-70m,1,agnews,halfA,real,crisp_median_max_membership,0.615
pythia-70m,1,agnews,halfA,real,crisp_frac_confident,0.6664225260416666
pythia-70m,1,agnews,halfA,real,crisp_network_median,0.620250568977591
pythia-70m,1,agnews,halfA,real,size_n_networks,100.0
pythia-70m,1,agnews,halfA,real,size_effective_n,89.1702885420728
pythia-70m,1,agnews,halfA,real,size_gini,0.22525065104166675
pythia-70m,1,agnews,halfA,real,size_largest_share,0.060546875
pythia-70m,1,agnews,halfA,real,size_frac_small,0.0
pythia-70m,1,agnews,halfA,real,depth_median_effective_layers,5.843812748087711
pythia-70m,1,agnews,halfA,real,depth_frac_single_layer,0.0
pythia-70m,1,agnews,halfA,real,depth_mean_layer_span,5.65
pythia-70m,4,agnews,halfA,real,crisp_median_max_membership,0.615
pythia-70m,4,agnews,halfA,real,crisp_frac_confident,0.6646321614583334
pythia-70m,4,agnews,halfA,real,crisp_network_median,0.614745475113122
pythia-70m,4,agnews,halfA,real,size_n_networks,100.0
pythia-70m,4,agnews,halfA,real,size_effective_n,88.18584998371044
pythia-70m,4,agnews,halfA,real,size_gini,0.24053873697916672
pythia-70m,4,agnews,halfA,real,size_largest_share,0.059733072916666664
pythia-70m,4,agnews,halfA,real,size_frac_small,0.01
pythia-70m,4,agnews,halfA,real,depth_median_effective_layers,5.841924823442657
pythia-70m,4,agnews,halfA,real,depth_frac_single_layer,0.0
pythia-70m,4,agnews,halfA,real,depth_mean_layer_span,5.68
pythia-70m,16,agnews,halfA,real,crisp_median_max_membership,0.6
pythia-70m,16,agnews,halfA,real,crisp_frac_confident,0.6392415364583334
pythia-70m,16,agnews,halfA,real,crisp_network_median,0.6015366654045184
pythia-70m,16,agnews,halfA,real,size_n_networks,100.0
pythia-70m,16,agnews,halfA,real,size_effective_n,89.27267532235662
pythia-70m,16,agnews,halfA,real,size_gini,0.22294921874999996
pythia-70m,16,agnews,halfA,real,size_largest_share,0.061360677083333336
pythia-70m,16,agnews,halfA,real,size_frac_small,0.0
pythia-70m,16,agnews,halfA,real,depth_median_effective_layers,5.834362104108463
pythia-70m,16,agnews,halfA,real,depth_frac_single_layer,0.0
pythia-70m,16,agnews,halfA,real,depth_mean_layer_span,5.68
pythia-70m,64,agnews,halfA,real,crisp_median_max_membership,0.595
pythia-70m,64,agnews,halfA,real,crisp_frac_confident,0.6687825520833334
pythia-70m,64,agnews,halfA,real,crisp_network_median,0.587493396226415
pythia-70m,64,agnews,halfA,real,size_n_networks,100.0
pythia-70m,64,agnews,halfA,real,size_effective_n,90.67203820472103
pythia-70m,64,agnews,halfA,real,size_gini,0.234375
pythia-70m,64,agnews,halfA,real,size_largest_share,0.036376953125
pythia-70m,64,agnews,halfA,real,size_frac_small,0.0
pythia-70m,64,agnews,halfA,real,depth_median_effective_layers,5.343470675731658
pythia-70m,64,agnews,halfA,real,depth_frac_single_layer,0.0
pythia-70m,64,agnews,halfA,real,depth_mean_layer_span,4.52
pythia-70m,256,agnews,halfA,real,crisp_median_max_membership,0.54
pythia-70m,256,agnews,halfA,real,crisp_frac_confident,0.5690104166666666
pythia-70m,256,agnews,halfA,real,crisp_network_median,0.5336817901234567
pythia-70m,256,agnews,halfA,real,size_n_networks,100.0
pythia-70m,256,agnews,halfA,real,size_effective_n,92.14670398389336
pythia-70m,256,agnews,halfA,real,size_gini,0.19946777343749988
pythia-70m,256,agnews,halfA,real,size_largest_share,0.044514973958333336
pythia-70m,256,agnews,halfA,real,size_frac_small,0.0
pythia-70m,256,agnews,halfA,real,depth_median_effective_layers,4.792017453223176
pythia-70m,256,agnews,halfA,real,depth_frac_single_layer,0.0
pythia-70m,256,agnews,halfA,real,depth_mean_layer_span,4.02
pythia-70m,1000,agnews,halfA,real,crisp_median_max_membership,0.585
pythia-70m,1000,agnews,halfA,real,crisp_frac_confident,0.629150390625
pythia-70m,1000,agnews,halfA,real,crisp_network_median,0.5636890861432147
pythia-70m,1000,agnews,halfA,real,size_n_networks,100.0
pythia-70m,1000,agnews,halfA,real,size_effective_n,90.98183830045684
pythia-70m,1000,agnews,halfA,real,size_gini,0.20715494791666655
pythia-70m,1000,agnews,halfA,real,size_largest_share,0.0439453125
pythia-70m,1000,agnews,halfA,real,size_frac_small,0.01
pythia-70m,1000,agnews,halfA,real,depth_median_effective_layers,4.181017347945621
pythia-70m,1000,agnews,halfA,real,depth_frac_single_layer,0.01
pythia-70m,1000,agnews,halfA,real,depth_mean_layer_span,3.54
pythia-70m,4000,agnews,halfA,real,crisp_median_max_membership,0.655
pythia-70m,4000,agnews,halfA,real,crisp_frac_confident,0.731689453125
pythia-70m,4000,agnews,halfA,real,crisp_network_median,0.6358327367102201
pythia-70m,4000,agnews,halfA,real,size_n_networks,100.0
pythia-70m,4000,agnews,halfA,real,size_effective_n,89.21328167183384
pythia-70m,4000,agnews,halfA,real,size_gini,0.23458496093749992
pythia-70m,4000,agnews,halfA,real,size_largest_share,0.045003255208333336
pythia-70m,4000,agnews,halfA,real,size_frac_small,0.01
pythia-70m,4000,agnews,halfA,real,depth_median_effective_layers,4.099753865882776
pythia-70m,4000,agnews,halfA,real,depth_frac_single_layer,0.07
pythia-70m,4000,agnews,halfA,real,depth_mean_layer_span,3.37
pythia-70m,16000,agnews,halfA,real,crisp_median_max_membership,0.68
pythia-70m,16000,agnews,halfA,real,crisp_frac_confident,0.729736328125
pythia-70m,16000,agnews,halfA,real,crisp_network_median,0.6370234760051882
pythia-70m,16000,agnews,halfA,real,size_n_networks,100.0
pythia-70m,16000,agnews,halfA,real,size_effective_n,85.59567718476083
pythia-70m,16000,agnews,halfA,real,size_gini,0.275859375
pythia-70m,16000,agnews,halfA,real,size_largest_share,0.046712239583333336
pythia-70m,16000,agnews,halfA,real,size_frac_small,0.01
pythia-70m,16000,agnews,halfA,real,depth_median_effective_layers,4.127488911465926
pythia-70m,16000,agnews,halfA,real,depth_frac_single_layer,0.09
pythia-70m,16000,agnews,halfA,real,depth_mean_layer_span,3.32
pythia-70m,64000,agnews,halfA,real,crisp_median_max_membership,0.7
pythia-70m,64000,agnews,halfA,real,crisp_frac_confident,0.7530110677083334
pythia-70m,64000,agnews,halfA,real,crisp_network_median,0.6527063725747937
pythia-70m,64000,agnews,halfA,real,size_n_networks,100.0
pythia-70m,64000,agnews,halfA,real,size_effective_n,86.48022182035143
pythia-70m,64000,agnews,halfA,real,size_gini,0.26520507812499994
pythia-70m,64000,agnews,halfA,real,size_largest_share,0.054117838541666664
pythia-70m,64000,agnews,halfA,real,size_frac_small,0.0
pythia-70m,64000,agnews,halfA,real,depth_median_effective_layers,3.949504019425356
pythia-70m,64000,agnews,halfA,real,depth_frac_single_layer,0.09
pythia-70m,64000,agnews,halfA,real,depth_mean_layer_span,3.41
pythia-70m,143000,agnews,halfA,real,crisp_median_max_membership,0.66
pythia-70m,143000,agnews,halfA,real,crisp_frac_confident,0.7473958333333334
pythia-70m,143000,agnews,halfA,real,crisp_network_median,0.6389739583333334
pythia-70m,143000,agnews,halfA,real,size_n_networks,100.0
pythia-70m,143000,agnews,halfA,real,size_effective_n,84.61793067743123
pythia-70m,143000,agnews,halfA,real,size_gini,0.2693196614583333
pythia-70m,143000,agnews,halfA,real,size_largest_share,0.06705729166666667
pythia-70m,143000,agnews,halfA,real,size_frac_small,0.0
pythia-70m,143000,agnews,halfA,real,depth_median_effective_layers,4.088611433113753
pythia-70m,143000,agnews,halfA,real,depth_frac_single_layer,0.1
pythia-70m,143000,agnews,halfA,real,depth_mean_layer_span,3.32
pythia-70m,0,tldr17,halfA,real,crisp_median_max_membership,0.645
pythia-70m,0,tldr17,halfA,real,crisp_frac_confident,0.712158203125
pythia-70m,0,tldr17,halfA,real,crisp_network_median,0.6360021617557216
pythia-70m,0,tldr17,halfA,real,size_n_networks,100.0
pythia-70m,0,tldr17,halfA,real,size_effective_n,90.61330131006589
pythia-70m,0,tldr17,halfA,real,size_gini,0.22632486979166666
pythia-70m,0,tldr17,halfA,real,size_largest_share,0.040445963541666664
pythia-70m,0,tldr17,halfA,real,size_frac_small,0.01
pythia-70m,0,tldr17,halfA,real,depth_median_effective_layers,5.856714043964526
pythia-70m,0,tldr17,halfA,real,depth_frac_single_layer,0.0
pythia-70m,0,tldr17,halfA,real,depth_mean_layer_span,5.74
pythia-70m,1,tldr17,halfA,real,crisp_median_max_membership,0.645
pythia-70m,1,tldr17,halfA,real,crisp_frac_confident,0.712158203125
pythia-70m,1,tldr17,halfA,real,crisp_network_median,0.6360021617557216
pythia-70m,1,tldr17,halfA,real,size_n_networks,100.0
pythia-70m,1,tldr17,halfA,real,size_effective_n,90.61330131006589
pythia-70m,1,tldr17,halfA,real,size_gini,0.22632486979166666
pythia-70m,1,tldr17,halfA,real,size_largest_share,0.040445963541666664
pythia-70m,1,tldr17,halfA,real,size_frac_small,0.01
pythia-70m,1,tldr17,halfA,real,depth_median_effective_layers,5.856714043964526
pythia-70m,1,tldr17,halfA,real,depth_frac_single_layer,0.0
pythia-70m,1,tldr17,halfA,real,depth_mean_layer_span,5.74
pythia-70m,4,tldr17,halfA,real,crisp_median_max_membership,0.64
pythia-70m,4,tldr17,halfA,real,crisp_frac_confident,0.7042643229166666
pythia-70m,4,tldr17,halfA,real,crisp_network_median,0.6391929824561403
pythia-70m,4,tldr17,halfA,real,size_n_networks,100.0
pythia-70m,4,tldr17,halfA,real,size_effective_n,91.40335744420682
pythia-70m,4,tldr17,halfA,real,size_gini,0.21799967447916657
pythia-70m,4,tldr17,halfA,real,size_largest_share,0.039388020833333336
pythia-70m,4,tldr17,halfA,real,size_frac_small,0.0
pythia-70m,4,tldr17,halfA,real,depth_median_effective_layers,5.839867926474987
pythia-70m,4,tldr17,halfA,real,depth_frac_single_layer,0.0
pythia-70m,4,tldr17,halfA,real,depth_mean_layer_span,5.76
pythia-70m,16,tldr17,halfA,real,crisp_median_max_membership,0.615
pythia-70m,16,tldr17,halfA,real,crisp_frac_confident,0.6712239583333334
pythia-70m,16,tldr17,halfA,real,crisp_network_median,0.6112117647058823
pythia-70m,16,tldr17,halfA,real,size_n_networks,100.0
pythia-70m,16,tldr17,halfA,real,size_effective_n,89.03657333558222
pythia-70m,16,tldr17,halfA,real,size_gini,0.24236816406249995
pythia-70m,16,tldr17,halfA,real,size_largest_share,0.048502604166666664
pythia-70m,16,tldr17,halfA,real,size_frac_small,0.0
pythia-70m,16,tldr17,halfA,real,depth_median_effective_layers,5.8484941021116885
pythia-70m,16,tldr17,halfA,real,depth_frac_single_layer,0.0
pythia-70m,16,tldr17,halfA,real,depth_mean_layer_span,5.64
pythia-70m,64,tldr17,halfA,real,crisp_median_max_membership,0.59
pythia-70m,64,tldr17,halfA,real,crisp_frac_confident,0.66650390625
pythia-70m,64,tldr17,halfA,real,crisp_network_median,0.5802000241429262
pythia-70m,64,tldr17,halfA,real,size_n_networks,100.0
pythia-70m,64,tldr17,halfA,real,size_effective_n,90.62788287937857
pythia-70m,64,tldr17,halfA,real,size_gini,0.2335205078125
pythia-70m,64,tldr17,halfA,real,size_largest_share,0.040445963541666664
pythia-70m,64,tldr17,halfA,real,size_frac_small,0.0
pythia-70m,64,tldr17,halfA,real,depth_median_effective_layers,5.205522222853553
pythia-70m,64,tldr17,halfA,real,depth_frac_single_layer,0.0
pythia-70m,64,tldr17,halfA,real,depth_mean_layer_span,4.39
pythia-70m,256,tldr17,halfA,real,crisp_median_max_membership,0.56
pythia-70m,256,tldr17,halfA,real,crisp_frac_confident,0.5972493489583334
pythia-70m,256,tldr17,halfA,real,crisp_network_median,0.5278678740014524
pythia-70m,256,tldr17,halfA,real,size_n_networks,100.0
pythia-70m,256,tldr17,halfA,real,size_effective_n,92.60621853537164
pythia-70m,256,tldr17,halfA,real,size_gini,0.19262369791666667
pythia-70m,256,tldr17,halfA,real,size_largest_share,0.046061197916666664
pythia-70m,256,tldr17,halfA,real,size_frac_small,0.0
pythia-70m,256,tldr17,halfA,real,depth_median_effective_layers,4.845203043627288
pythia-70m,256,tldr17,halfA,real,depth_frac_single_layer,0.0
pythia-70m,256,tldr17,halfA,real,depth_mean_layer_span,4.24
pythia-70m,1000,tldr17,halfA,real,crisp_median_max_membership,0.64
pythia-70m,1000,tldr17,halfA,real,crisp_frac_confident,0.7110188802083334
pythia-70m,1000,tldr17,halfA,real,crisp_network_median,0.5944441585177561
pythia-70m,1000,tldr17,halfA,real,size_n_networks,100.0
pythia-70m,1000,tldr17,halfA,real,size_effective_n,92.83620351692812
pythia-70m,1000,tldr17,halfA,real,size_gini,0.19731933593750006
pythia-70m,1000,tldr17,halfA,real,size_largest_share,0.037027994791666664
pythia-70m,1000,tldr17,halfA,real,size_frac_small,0.0
pythia-70m,1000,tldr17,halfA,real,depth_median_effective_layers,4.322772506274268
pythia-70m,1000,tldr17,halfA,real,depth_frac_single_layer,0.01
pythia-70m,1000,tldr17,halfA,real,depth_mean_layer_span,3.67
pythia-70m,4000,tldr17,halfA,real,crisp_median_max_membership,0.695
pythia-70m,4000,tldr17,halfA,real,crisp_frac_confident,0.783935546875
pythia-70m,4000,tldr17,halfA,real,crisp_network_median,0.6829489436619718
pythia-70m,4000,tldr17,halfA,real,size_n_networks,100.0
pythia-70m,4000,tldr17,halfA,real,size_effective_n,90.02407152555958
pythia-70m,4000,tldr17,halfA,real,size_gini,0.2351871744791667
pythia-70m,4000,tldr17,halfA,real,size_largest_share,0.0390625
pythia-70m,4000,tldr17,halfA,real,size_frac_small,0.0
pythia-70m,4000,tldr17,halfA,real,depth_median_effective_layers,4.181876255147604
pythia-70m,4000,tldr17,halfA,real,depth_frac_single_layer,0.04
pythia-70m,4000,tldr17,halfA,real,depth_mean_layer_span,3.51
pythia-70m,16000,tldr17,halfA,real,crisp_median_max_membership,0.715
pythia-70m,16000,tldr17,halfA,real,crisp_frac_confident,0.7626139322916666
pythia-70m,16000,tldr17,halfA,real,crisp_network_median,0.7050791380625476
pythia-70m,16000,tldr17,halfA,real,size_n_networks,100.0
pythia-70m,16000,tldr17,halfA,real,size_effective_n,89.2303754119016
pythia-70m,16000,tldr17,halfA,real,size_gini,0.2521272786458333
pythia-70m,16000,tldr17,halfA,real,size_largest_share,0.03271484375
pythia-70m,16000,tldr17,halfA,real,size_frac_small,0.0
pythia-70m,16000,tldr17,halfA,real,depth_median_effective_layers,4.181086346477153
pythia-70m,16000,tldr17,halfA,real,depth_frac_single_layer,0.08
pythia-70m,16000,tldr17,halfA,real,depth_mean_layer_span,3.37
pythia-70m,64000,tldr17,halfA,real,crisp_median_max_membership,0.695
pythia-70m,64000,tldr17,halfA,real,crisp_frac_confident,0.76025390625
pythia-70m,64000,tldr17,halfA,real,crisp_network_median,0.6621746773959692
pythia-70m,64000,tldr17,halfA,real,size_n_networks,100.0
pythia-70m,64000,tldr17,halfA,real,size_effective_n,88.58857110805769
pythia-70m,64000,tldr17,halfA,real,size_gini,0.25309570312500007
pythia-70m,64000,tldr17,halfA,real,size_largest_share,0.037841796875
pythia-70m,64000,tldr17,halfA,real,size_frac_small,0.0
pythia-70m,64000,tldr17,halfA,real,depth_median_effective_layers,4.235662900220138
pythia-70m,64000,tldr17,halfA,real,depth_frac_single_layer,0.08
pythia-70m,64000,tldr17,halfA,real,depth_mean_layer_span,3.44
pythia-70m,143000,tldr17,halfA,real,crisp_median_max_membership,0.6675
pythia-70m,143000,tldr17,halfA,real,crisp_frac_confident,0.73291015625
pythia-70m,143000,tldr17,halfA,real,crisp_network_median,0.6341132966451986
pythia-70m,143000,tldr17,halfA,real,size_n_networks,100.0
pythia-70m,143000,tldr17,halfA,real,size_effective_n,88.57838944027431
pythia-70m,143000,tldr17,halfA,real,size_gini,0.24730143229166668
pythia-70m,143000,tldr17,halfA,real,size_largest_share,0.038167317708333336
pythia-70m,143000,tldr17,halfA,real,size_frac_small,0.0
pythia-70m,143000,tldr17,halfA,real,depth_median_effective_layers,4.199486500859665
pythia-70m,143000,tldr17,halfA,real,depth_frac_single_layer,0.06
pythia-70m,143000,tldr17,halfA,real,depth_mean_layer_span,3.43
pythia-70m,0,wikitext,halfB,real,crisp_median_max_membership,0.64
pythia-70m,0,wikitext,halfB,real,crisp_frac_confident,0.7005208333333334
pythia-70m,0,wikitext,halfB,real,crisp_network_median,0.6092484472049691
pythia-70m,0,wikitext,halfB,real,size_n_networks,100.0
pythia-70m,0,wikitext,halfB,real,size_effective_n,90.6773399596242
pythia-70m,0,wikitext,halfB,real,size_gini,0.22331705729166673
pythia-70m,0,wikitext,halfB,real,size_largest_share,0.041748046875
pythia-70m,0,wikitext,halfB,real,size_frac_small,0.0
pythia-70m,0,wikitext,halfB,real,depth_median_effective_layers,5.867945163551413
pythia-70m,0,wikitext,halfB,real,depth_frac_single_layer,0.0
pythia-70m,0,wikitext,halfB,real,depth_mean_layer_span,5.77
pythia-70m,1,wikitext,halfB,real,crisp_median_max_membership,0.64
pythia-70m,1,wikitext,halfB,real,crisp_frac_confident,0.7005208333333334
pythia-70m,1,wikitext,halfB,real,crisp_network_median,0.6092484472049691
pythia-70m,1,wikitext,halfB,real,size_n_networks,100.0
pythia-70m,1,wikitext,halfB,real,size_effective_n,90.6773399596242
pythia-70m,1,wikitext,halfB,real,size_gini,0.22331705729166673
pythia-70m,1,wikitext,halfB,real,size_largest_share,0.041748046875
pythia-70m,1,wikitext,halfB,real,size_frac_small,0.0
pythia-70m,1,wikitext,halfB,real,depth_median_effective_layers,5.867945163551413
pythia-70m,1,wikitext,halfB,real,depth_frac_single_layer,0.0
pythia-70m,1,wikitext,halfB,real,depth_mean_layer_span,5.77
pythia-70m,4,wikitext,halfB,real,crisp_median_max_membership,0.64
pythia-70m,4,wikitext,halfB,real,crisp_frac_confident,0.7012532552083334
pythia-70m,4,wikitext,halfB,real,crisp_network_median,0.5859950076804916
pythia-70m,4,wikitext,halfB,real,size_n_networks,100.0
pythia-70m,4,wikitext,halfB,real,size_effective_n,89.34606356919545
pythia-70m,4,wikitext,halfB,real,size_gini,0.23965169270833342
pythia-70m,4,wikitext,halfB,real,size_largest_share,0.0419921875
pythia-70m,4,wikitext,halfB,real,size_frac_small,0.0
pythia-70m,4,wikitext,halfB,real,depth_median_effective_layers,5.864229724476203
pythia-70m,4,wikitext,halfB,real,depth_frac_single_layer,0.0
pythia-70m,4,wikitext,halfB,real,depth_mean_layer_span,5.71
pythia-70m,16,wikitext,halfB,real,crisp_median_max_membership,0.61
pythia-70m,16,wikitext,halfB,real,crisp_frac_confident,0.656005859375
pythia-70m,16,wikitext,halfB,real,crisp_network_median,0.5875374331550802
pythia-70m,16,wikitext,halfB,real,size_n_networks,100.0
pythia-70m,16,wikitext,halfB,real,size_effective_n,90.61103980106387
pythia-70m,16,wikitext,halfB,real,size_gini,0.22187500000000004
pythia-70m,16,wikitext,halfB,real,size_largest_share,0.046061197916666664
pythia-70m,16,wikitext,halfB,real,size_frac_small,0.0
pythia-70m,16,wikitext,halfB,real,depth_median_effective_layers,5.864691832900703
pythia-70m,16,wikitext,halfB,real,depth_frac_single_layer,0.0
pythia-70m,16,wikitext,halfB,real,depth_mean_layer_span,5.77
pythia-70m,64,wikitext,halfB,real,crisp_median_max_membership,0.56
pythia-70m,64,wikitext,halfB,real,crisp_frac_confident,0.612548828125
pythia-70m,64,wikitext,halfB,real,crisp_network_median,0.5465342493030665
pythia-70m,64,wikitext,halfB,real,size_n_networks,100.0
pythia-70m,64,wikitext,halfB,real,size_effective_n,91.1929144519603
pythia-70m,64,wikitext,halfB,real,size_gini,0.2331494140624999
pythia-70m,64,wikitext,halfB,real,size_largest_share,0.0283203125
pythia-70m,64,wikitext,halfB,real,size_frac_small,0.01
pythia-70m,64,wikitext,halfB,real,depth_median_effective_layers,5.086765839000076
pythia-70m,64,wikitext,halfB,real,depth_frac_single_layer,0.0
pythia-70m,64,wikitext,halfB,real,depth_mean_layer_span,4.24
pythia-70m,256,wikitext,halfB,real,crisp_median_max_membership,0.575
pythia-70m,256,wikitext,halfB,real,crisp_frac_confident,0.6295572916666666
pythia-70m,256,wikitext,halfB,real,crisp_network_median,0.5471793717486995
pythia-70m,256,wikitext,halfB,real,size_n_networks,100.0
pythia-70m,256,wikitext,halfB,real,size_effective_n,93.67075791244542
pythia-70m,256,wikitext,halfB,real,size_gini,0.18823404947916655
pythia-70m,256,wikitext,halfB,real,size_largest_share,0.026936848958333332
pythia-70m,256,wikitext,halfB,real,size_frac_small,0.0
pythia-70m,256,wikitext,halfB,real,depth_median_effective_layers,4.687747099494331
pythia-70m,256,wikitext,halfB,real,depth_frac_single_layer,0.0
pythia-70m,256,wikitext,halfB,real,depth_mean_layer_span,4.09
pythia-70m,1000,wikitext,halfB,real,crisp_median_max_membership,0.625
pythia-70m,1000,wikitext,halfB,real,crisp_frac_confident,0.6910807291666666
pythia-70m,1000,wikitext,halfB,real,crisp_network_median,0.5983863636363638
pythia-70m,1000,wikitext,halfB,real,size_n_networks,100.0
pythia-70m,1000,wikitext,halfB,real,size_effective_n,90.662169292199
pythia-70m,1000,wikitext,halfB,real,size_gini,0.22215657552083323
pythia-70m,1000,wikitext,halfB,real,size_largest_share,0.039469401041666664
pythia-70m,1000,wikitext,halfB,real,size_frac_small,0.01
pythia-70m,1000,wikitext,halfB,real,depth_median_effective_layers,4.5414083906240705
pythia-70m,1000,wikitext,halfB,real,depth_frac_single_layer,0.0
pythia-70m,1000,wikitext,halfB,real,depth_mean_layer_span,3.89
pythia-70m,4000,wikitext,halfB,real,crisp_median_max_membership,0.685
pythia-70m,4000,wikitext,halfB,real,crisp_frac_confident,0.782470703125
pythia-70m,4000,wikitext,halfB,real,crisp_network_median,0.6788256222943723
pythia-70m,4000,wikitext,halfB,real,size_n_networks,100.0
pythia-70m,4000,wikitext,halfB,real,size_effective_n,91.17151830607278
pythia-70m,4000,wikitext,halfB,real,size_gini,0.22222330729166662
pythia-70m,4000,wikitext,halfB,real,size_largest_share,0.033203125
pythia-70m,4000,wikitext,halfB,real,size_frac_small,0.0
pythia-70m,4000,wikitext,halfB,real,depth_median_effective_layers,3.9960429391189947
pythia-70m,4000,wikitext,halfB,real,depth_frac_single_layer,0.04
pythia-70m,4000,wikitext,halfB,real,depth_mean_layer_span,3.35
pythia-70m,16000,wikitext,halfB,real,crisp_median_max_membership,0.71
pythia-70m,16000,wikitext,halfB,real,crisp_frac_confident,0.775390625
pythia-70m,16000,wikitext,halfB,real,crisp_network_median,0.666883330590752
pythia-70m,16000,wikitext,halfB,real,size_n_networks,100.0
pythia-70m,16000,wikitext,halfB,real,size_effective_n,86.48295556922257
pythia-70m,16000,wikitext,halfB,real,size_gini,0.27461751302083326
pythia-70m,16000,wikitext,halfB,real,size_largest_share,0.051025390625
pythia-70m,16000,wikitext,halfB,real,size_frac_small,0.0
pythia-70m,16000,wikitext,halfB,real,depth_median_effective_layers,3.9930098046608116
pythia-70m,16000,wikitext,halfB,real,depth_frac_single_layer,0.08
pythia-70m,16000,wikitext,halfB,real,depth_mean_layer_span,3.38
pythia-70m,64000,wikitext,halfB,real,crisp_median_max_membership,0.685
pythia-70m,64000,wikitext,halfB,real,crisp_frac_confident,0.7657063802083334
pythia-70m,64000,wikitext,halfB,real,crisp_network_median,0.6523451221840397
pythia-70m,64000,wikitext,halfB,real,size_n_networks,100.0
pythia-70m,64000,wikitext,halfB,real,size_effective_n,86.94798414449863
pythia-70m,64000,wikitext,halfB,real,size_gini,0.254169921875
pythia-70m,64000,wikitext,halfB,real,size_largest_share,0.053955078125
pythia-70m,64000,wikitext,halfB,real,size_frac_small,0.01
pythia-70m,64000,wikitext,halfB,real,depth_median_effective_layers,4.058666665342798
pythia-70m,64000,wikitext,halfB,real,depth_frac_single_layer,0.06
pythia-70m,64000,wikitext,halfB,real,depth_mean_layer_span,3.36
pythia-70m,143000,wikitext,halfB,real,crisp_median_max_membership,0.71
pythia-70m,143000,wikitext,halfB,real,crisp_frac_confident,0.7877604166666666
pythia-70m,143000,wikitext,halfB,real,crisp_network_median,0.6559005376344087
pythia-70m,143000,wikitext,halfB,real,size_n_networks,100.0
pythia-70m,143000,wikitext,halfB,real,size_effective_n,86.18797031320761
pythia-70m,143000,wikitext,halfB,real,size_gini,0.257333984375
pythia-70m,143000,wikitext,halfB,real,size_largest_share,0.06705729166666667
pythia-70m,143000,wikitext,halfB,real,size_frac_small,0.0
pythia-70m,143000,wikitext,halfB,real,depth_median_effective_layers,4.019368649707532
pythia-70m,143000,wikitext,halfB,real,depth_frac_single_layer,0.08
pythia-70m,143000,wikitext,halfB,real,depth_mean_layer_span,3.23
pythia-70m,0,bookcorpus,halfB,real,crisp_median_max_membership,0.61
pythia-70m,0,bookcorpus,halfB,real,crisp_frac_confident,0.6573079427083334
pythia-70m,0,bookcorpus,halfB,real,crisp_network_median,0.5940619476846942
pythia-70m,0,bookcorpus,halfB,real,size_n_networks,100.0
pythia-70m,0,bookcorpus,halfB,real,size_effective_n,89.58165032810908
pythia-70m,0,bookcorpus,halfB,real,size_gini,0.2470556640624999
pythia-70m,0,bookcorpus,halfB,real,size_largest_share,0.038492838541666664
pythia-70m,0,bookcorpus,halfB,real,size_frac_small,0.0
pythia-70m,0,bookcorpus,halfB,real,depth_median_effective_layers,5.866728517574144
pythia-70m,0,bookcorpus,halfB,real,depth_frac_single_layer,0.0
pythia-70m,0,bookcorpus,halfB,real,depth_mean_layer_span,5.71
pythia-70m,1,bookcorpus,halfB,real,crisp_median_max_membership,0.61
pythia-70m,1,bookcorpus,halfB,real,crisp_frac_confident,0.6573079427083334
pythia-70m,1,bookcorpus,halfB,real,crisp_network_median,0.5940619476846942
pythia-70m,1,bookcorpus,halfB,real,size_n_networks,100.0
pythia-70m,1,bookcorpus,halfB,real,size_effective_n,89.58165032810908
pythia-70m,1,bookcorpus,halfB,real,size_gini,0.2470556640624999
pythia-70m,1,bookcorpus,halfB,real,size_largest_share,0.038492838541666664
pythia-70m,1,bookcorpus,halfB,real,size_frac_small,0.0
pythia-70m,1,bookcorpus,halfB,real,depth_median_effective_layers,5.866728517574144
pythia-70m,1,bookcorpus,halfB,real,depth_frac_single_layer,0.0
pythia-70m,1,bookcorpus,halfB,real,depth_mean_layer_span,5.71
pythia-70m,4,bookcorpus,halfB,real,crisp_median_max_membership,0.615
pythia-70m,4,bookcorpus,halfB,real,crisp_frac_confident,0.65185546875
pythia-70m,4,bookcorpus,halfB,real,crisp_network_median,0.5927503934352518
pythia-70m,4,bookcorpus,halfB,real,size_n_networks,100.0
pythia-70m,4,bookcorpus,halfB,real,size_effective_n,90.41597457898095
pythia-70m,4,bookcorpus,halfB,real,size_gini,0.23314290364583323
pythia-70m,4,bookcorpus,halfB,real,size_largest_share,0.038004557291666664
pythia-70m,4,bookcorpus,halfB,real,size_frac_small,0.01
pythia-70m,4,bookcorpus,halfB,real,depth_median_effective_layers,5.865635551572227
pythia-70m,4,bookcorpus,halfB,real,depth_frac_single_layer,0.0
pythia-70m,4,bookcorpus,halfB,real,depth_mean_layer_span,5.8
pythia-70m,16,bookcorpus,halfB,real,crisp_median_max_membership,0.605
pythia-70m,16,bookcorpus,halfB,real,crisp_frac_confident,0.64453125
pythia-70m,16,bookcorpus,halfB,real,crisp_network_median,0.5927901069518716
pythia-70m,16,bookcorpus,halfB,real,size_n_networks,100.0
pythia-70m,16,bookcorpus,halfB,real,size_effective_n,91.18897520633924
pythia-70m,16,bookcorpus,halfB,real,size_gini,0.22446614583333324
pythia-70m,16,bookcorpus,halfB,real,size_largest_share,0.039225260416666664
pythia-70m,16,bookcorpus,halfB,real,size_frac_small,0.0
pythia-70m,16,bookcorpus,halfB,real,depth_median_effective_layers,5.866176967370588
pythia-70m,16,bookcorpus,halfB,real,depth_frac_single_layer,0.0
pythia-70m,16,bookcorpus,halfB,real,depth_mean_layer_span,5.72
pythia-70m,64,bookcorpus,halfB,real,crisp_median_max_membership,0.56
pythia-70m,64,bookcorpus,halfB,real,crisp_frac_confident,0.619140625
pythia-70m,64,bookcorpus,halfB,real,crisp_network_median,0.5552916666666667
pythia-70m,64,bookcorpus,halfB,real,size_n_networks,100.0
pythia-70m,64,bookcorpus,halfB,real,size_effective_n,92.55823999345023
pythia-70m,64,bookcorpus,halfB,real,size_gini,0.21747884114583327
pythia-70m,64,bookcorpus,halfB,real,size_largest_share,0.025065104166666668
pythia-70m,64,bookcorpus,halfB,real,size_frac_small,0.0
pythia-70m,64,bookcorpus,halfB,real,depth_median_effective_layers,5.156083411524871
pythia-70m,64,bookcorpus,halfB,real,depth_frac_single_layer,0.0
pythia-70m,64,bookcorpus,halfB,real,depth_mean_layer_span,4.48
pythia-70m,256,bookcorpus,halfB,real,crisp_median_max_membership,0.575
pythia-70m,256,bookcorpus,halfB,real,crisp_frac_confident,0.6263020833333334
pythia-70m,256,bookcorpus,halfB,real,crisp_network_median,0.5543938815574218
pythia-70m,256,bookcorpus,halfB,real,size_n_networks,100.0
pythia-70m,256,bookcorpus,halfB,real,size_effective_n,90.74753525042699
pythia-70m,256,bookcorpus,halfB,real,size_gini,0.22359863281249992
pythia-70m,256,bookcorpus,halfB,real,size_largest_share,0.038167317708333336
pythia-70m,256,bookcorpus,halfB,real,size_frac_small,0.0
pythia-70m,256,bookcorpus,halfB,real,depth_median_effective_layers,4.755735102061661
pythia-70m,256,bookcorpus,halfB,real,depth_frac_single_layer,0.0
pythia-70m,256,bookcorpus,halfB,real,depth_mean_layer_span,4.16
pythia-70m,1000,bookcorpus,halfB,real,crisp_median_max_membership,0.63
pythia-70m,1000,bookcorpus,halfB,real,crisp_frac_confident,0.6982421875
pythia-70m,1000,bookcorpus,halfB,real,crisp_network_median,0.6143578629032258
pythia-70m,1000,bookcorpus,halfB,real,size_n_networks,100.0
pythia-70m,1000,bookcorpus,halfB,real,size_effective_n,89.77560088787897
pythia-70m,1000,bookcorpus,halfB,real,size_gini,0.24074055989583343
pythia-70m,1000,bookcorpus,halfB,real,size_largest_share,0.036539713541666664
pythia-70m,1000,bookcorpus,halfB,real,size_frac_small,0.01
pythia-70m,1000,bookcorpus,halfB,real,depth_median_effective_layers,4.799329725672112
pythia-70m,1000,bookcorpus,halfB,real,depth_frac_single_layer,0.0
pythia-70m,1000,bookcorpus,halfB,real,depth_mean_layer_span,4.09
pythia-70m,4000,bookcorpus,halfB,real,crisp_median_max_membership,0.665
pythia-70m,4000,bookcorpus,halfB,real,crisp_frac_confident,0.7406412760416666
pythia-70m,4000,bookcorpus,halfB,real,crisp_network_median,0.6539512288786483
pythia-70m,4000,bookcorpus,halfB,real,size_n_networks,100.0
pythia-70m,4000,bookcorpus,halfB,real,size_effective_n,90.73065178873607
pythia-70m,4000,bookcorpus,halfB,real,size_gini,0.22823079427083326
pythia-70m,4000,bookcorpus,halfB,real,size_largest_share,0.033772786458333336
pythia-70m,4000,bookcorpus,halfB,real,size_frac_small,0.0
pythia-70m,4000,bookcorpus,halfB,real,depth_median_effective_layers,4.656075853345888
pythia-70m,4000,bookcorpus,halfB,real,depth_frac_single_layer,0.02
pythia-70m,4000,bookcorpus,halfB,real,depth_mean_layer_span,3.66
pythia-70m,16000,bookcorpus,halfB,real,crisp_median_max_membership,0.68
pythia-70m,16000,bookcorpus,halfB,real,crisp_frac_confident,0.743896484375
pythia-70m,16000,bookcorpus,halfB,real,crisp_network_median,0.6563817049808429
pythia-70m,16000,bookcorpus,halfB,real,size_n_networks,100.0
pythia-70m,16000,bookcorpus,halfB,real,size_effective_n,88.76596633545239
pythia-70m,16000,bookcorpus,halfB,real,size_gini,0.2550602213541666
pythia-70m,16000,bookcorpus,halfB,real,size_largest_share,0.035074869791666664
pythia-70m,16000,bookcorpus,halfB,real,size_frac_small,0.01
pythia-70m,16000,bookcorpus,halfB,real,depth_median_effective_layers,4.393152892467706
pythia-70m,16000,bookcorpus,halfB,real,depth_frac_single_layer,0.06
pythia-70m,16000,bookcorpus,halfB,real,depth_mean_layer_span,3.64
pythia-70m,64000,bookcorpus,halfB,real,crisp_median_max_membership,0.64
pythia-70m,64000,bookcorpus,halfB,real,crisp_frac_confident,0.721435546875
pythia-70m,64000,bookcorpus,halfB,real,crisp_network_median,0.623091777408638
pythia-70m,64000,bookcorpus,halfB,real,size_n_networks,100.0
pythia-70m,64000,bookcorpus,halfB,real,size_effective_n,88.24478023695829
pythia-70m,64000,bookcorpus,halfB,real,size_gini,0.2656380208333333
pythia-70m,64000,bookcorpus,halfB,real,size_largest_share,0.030110677083333332
pythia-70m,64000,bookcorpus,halfB,real,size_frac_small,0.0
pythia-70m,64000,bookcorpus,halfB,real,depth_median_effective_layers,4.285382209914576
pythia-70m,64000,bookcorpus,halfB,real,depth_frac_single_layer,0.08
pythia-70m,64000,bookcorpus,halfB,real,depth_mean_layer_span,3.57
pythia-70m,143000,bookcorpus,halfB,real,crisp_median_max_membership,0.63
pythia-70m,143000,bookcorpus,halfB,real,crisp_frac_confident,0.6897786458333334
pythia-70m,143000,bookcorpus,halfB,real,crisp_network_median,0.5937007916131791
pythia-70m,143000,bookcorpus,halfB,real,size_n_networks,100.0
pythia-70m,143000,bookcorpus,halfB,real,size_effective_n,89.75610501980347
pythia-70m,143000,bookcorpus,halfB,real,size_gini,0.236318359375
pythia-70m,143000,bookcorpus,halfB,real,size_largest_share,0.043050130208333336
pythia-70m,143000,bookcorpus,halfB,real,size_frac_small,0.0
pythia-70m,143000,bookcorpus,halfB,real,depth_median_effective_layers,4.295156668960896
pythia-70m,143000,bookcorpus,halfB,real,depth_frac_single_layer,0.08
pythia-70m,143000,bookcorpus,halfB,real,depth_mean_layer_span,3.47
pythia-70m,0,agnews,halfB,real,crisp_median_max_membership,0.605
pythia-70m,0,agnews,halfB,real,crisp_frac_confident,0.64990234375
pythia-70m,0,agnews,halfB,real,crisp_network_median,0.6076040038214348
pythia-70m,0,agnews,halfB,real,size_n_networks,100.0
pythia-70m,0,agnews,halfB,real,size_effective_n,87.90907777335931
pythia-70m,0,agnews,halfB,real,size_gini,0.24481445312500005
pythia-70m,0,agnews,halfB,real,size_largest_share,0.059977213541666664
pythia-70m,0,agnews,halfB,real,size_frac_small,0.0
pythia-70m,0,agnews,halfB,real,depth_median_effective_layers,5.82938256651132
pythia-70m,0,agnews,halfB,real,depth_frac_single_layer,0.0
pythia-70m,0,agnews,halfB,real,depth_mean_layer_span,5.66
pythia-70m,1,agnews,halfB,real,crisp_median_max_membership,0.605
pythia-70m,1,agnews,halfB,real,crisp_frac_confident,0.64990234375
pythia-70m,1,agnews,halfB,real,crisp_network_median,0.6076040038214348
pythia-70m,1,agnews,halfB,real,size_n_networks,100.0
pythia-70m,1,agnews,halfB,real,size_effective_n,87.90907777335931
pythia-70m,1,agnews,halfB,real,size_gini,0.24481445312500005
pythia-70m,1,agnews,halfB,real,size_largest_share,0.059977213541666664
pythia-70m,1,agnews,halfB,real,size_frac_small,0.0
pythia-70m,1,agnews,halfB,real,depth_median_effective_layers,5.82938256651132
pythia-70m,1,agnews,halfB,real,depth_frac_single_layer,0.0
pythia-70m,1,agnews,halfB,real,depth_mean_layer_span,5.66
pythia-70m,4,agnews,halfB,real,crisp_median_max_membership,0.61
pythia-70m,4,agnews,halfB,real,crisp_frac_confident,0.6590169270833334
pythia-70m,4,agnews,halfB,real,crisp_network_median,0.619364950980392
pythia-70m,4,agnews,halfB,real,size_n_networks,100.0
pythia-70m,4,agnews,halfB,real,size_effective_n,88.32830128934877
pythia-70m,4,agnews,halfB,real,size_gini,0.24164550781249994
pythia-70m,4,agnews,halfB,real,size_largest_share,0.058919270833333336
pythia-70m,4,agnews,halfB,real,size_frac_small,0.0
pythia-70m,4,agnews,halfB,real,depth_median_effective_layers,5.833813568594051
pythia-70m,4,agnews,halfB,real,depth_frac_single_layer,0.0
pythia-70m,4,agnews,halfB,real,depth_mean_layer_span,5.68
pythia-70m,16,agnews,halfB,real,crisp_median_max_membership,0.61
pythia-70m,16,agnews,halfB,real,crisp_frac_confident,0.6608072916666666
pythia-70m,16,agnews,halfB,real,crisp_network_median,0.608494965553789
pythia-70m,16,agnews,halfB,real,size_n_networks,100.0
pythia-70m,16,agnews,halfB,real,size_effective_n,89.31432700361655
pythia-70m,16,agnews,halfB,real,size_gini,0.2246468098958334
pythia-70m,16,agnews,halfB,real,size_largest_share,0.060546875
pythia-70m,16,agnews,halfB,real,size_frac_small,0.0
pythia-70m,16,agnews,halfB,real,depth_median_effective_layers,5.847198660472549
pythia-70m,16,agnews,halfB,real,depth_frac_single_layer,0.0
pythia-70m,16,agnews,halfB,real,depth_mean_layer_span,5.64
pythia-70m,64,agnews,halfB,real,crisp_median_max_membership,0.59
pythia-70m,64,agnews,halfB,real,crisp_frac_confident,0.6566569010416666
pythia-70m,64,agnews,halfB,real,crisp_network_median,0.5809326844113811
pythia-70m,64,agnews,halfB,real,size_n_networks,100.0
pythia-70m,64,agnews,halfB,real,size_effective_n,91.16336389861225
pythia-70m,64,agnews,halfB,real,size_gini,0.2333756510416667
pythia-70m,64,agnews,halfB,real,size_largest_share,0.0341796875
pythia-70m,64,agnews,halfB,real,size_frac_small,0.0
pythia-70m,64,agnews,halfB,real,depth_median_effective_layers,5.374831747302192
pythia-70m,64,agnews,halfB,real,depth_frac_single_layer,0.0
pythia-70m,64,agnews,halfB,real,depth_mean_layer_span,4.49
pythia-70m,256,agnews,halfB,real,crisp_median_max_membership,0.535
pythia-70m,256,agnews,halfB,real,crisp_frac_confident,0.558837890625
pythia-70m,256,agnews,halfB,real,crisp_network_median,0.5204733778757404
pythia-70m,256,agnews,halfB,real,size_n_networks,100.0
pythia-70m,256,agnews,halfB,real,size_effective_n,92.01307775448068
pythia-70m,256,agnews,halfB,real,size_gini,0.20496419270833321
pythia-70m,256,agnews,halfB,real,size_largest_share,0.045491536458333336
pythia-70m,256,agnews,halfB,real,size_frac_small,0.0
pythia-70m,256,agnews,halfB,real,depth_median_effective_layers,4.7267139543384475
pythia-70m,256,agnews,halfB,real,depth_frac_single_layer,0.0
pythia-70m,256,agnews,halfB,real,depth_mean_layer_span,3.96
pythia-70m,1000,agnews,halfB,real,crisp_median_max_membership,0.59
pythia-70m,1000,agnews,halfB,real,crisp_frac_confident,0.6322428385416666
pythia-70m,1000,agnews,halfB,real,crisp_network_median,0.5596702533842416
pythia-70m,1000,agnews,halfB,real,size_n_networks,100.0
pythia-70m,1000,agnews,halfB,real,size_effective_n,91.00624756619052
pythia-70m,1000,agnews,halfB,real,size_gini,0.20862955729166677
pythia-70m,1000,agnews,halfB,real,size_largest_share,0.044759114583333336
pythia-70m,1000,agnews,halfB,real,size_frac_small,0.0
pythia-70m,1000,agnews,halfB,real,depth_median_effective_layers,4.252635701180595
pythia-70m,1000,agnews,halfB,real,depth_frac_single_layer,0.01
pythia-70m,1000,agnews,halfB,real,depth_mean_layer_span,3.63
pythia-70m,4000,agnews,halfB,real,crisp_median_max_membership,0.665
pythia-70m,4000,agnews,halfB,real,crisp_frac_confident,0.7523600260416666
pythia-70m,4000,agnews,halfB,real,crisp_network_median,0.6596375338753386
pythia-70m,4000,agnews,halfB,real,size_n_networks,100.0
pythia-70m,4000,agnews,halfB,real,size_effective_n,88.57000542382592
pythia-70m,4000,agnews,halfB,real,size_gini,0.2442301432291667
pythia-70m,4000,agnews,halfB,real,size_largest_share,0.048177083333333336
pythia-70m,4000,agnews,halfB,real,size_frac_small,0.0
pythia-70m,4000,agnews,halfB,real,depth_median_effective_layers,4.111191067793797
pythia-70m,4000,agnews,halfB,real,depth_frac_single_layer,0.07
pythia-70m,4000,agnews,halfB,real,depth_mean_layer_span,3.44
pythia-70m,16000,agnews,halfB,real,crisp_median_max_membership,0.67
pythia-70m,16000,agnews,halfB,real,crisp_frac_confident,0.7430826822916666
pythia-70m,16000,agnews,halfB,real,crisp_network_median,0.6087018474842767
pythia-70m,16000,agnews,halfB,real,size_n_networks,100.0
pythia-70m,16000,agnews,halfB,real,size_effective_n,86.47395952190219
pythia-70m,16000,agnews,halfB,real,size_gini,0.255849609375
pythia-70m,16000,agnews,halfB,real,size_largest_share,0.04736328125
pythia-70m,16000,agnews,halfB,real,size_frac_small,0.01
pythia-70m,16000,agnews,halfB,real,depth_median_effective_layers,4.124960780274382
pythia-70m,16000,agnews,halfB,real,depth_frac_single_layer,0.08
pythia-70m,16000,agnews,halfB,real,depth_mean_layer_span,3.38
pythia-70m,64000,agnews,halfB,real,crisp_median_max_membership,0.71
pythia-70m,64000,agnews,halfB,real,crisp_frac_confident,0.7696126302083334
pythia-70m,64000,agnews,halfB,real,crisp_network_median,0.6778488089450657
pythia-70m,64000,agnews,halfB,real,size_n_networks,100.0
pythia-70m,64000,agnews,halfB,real,size_effective_n,86.11395622369643
pythia-70m,64000,agnews,halfB,real,size_gini,0.26250488281250006
pythia-70m,64000,agnews,halfB,real,size_largest_share,0.054443359375
pythia-70m,64000,agnews,halfB,real,size_frac_small,0.01
pythia-70m,64000,agnews,halfB,real,depth_median_effective_layers,3.942714397954103
pythia-70m,64000,agnews,halfB,real,depth_frac_single_layer,0.09
pythia-70m,64000,agnews,halfB,real,depth_mean_layer_span,3.37
pythia-70m,143000,agnews,halfB,real,crisp_median_max_membership,0.67
pythia-70m,143000,agnews,halfB,real,crisp_frac_confident,0.7550455729166666
pythia-70m,143000,agnews,halfB,real,crisp_network_median,0.6380553765750288
pythia-70m,143000,agnews,halfB,real,size_n_networks,100.0
pythia-70m,143000,agnews,halfB,real,size_effective_n,84.3431349567992
pythia-70m,143000,agnews,halfB,real,size_gini,0.2698746744791667
pythia-70m,143000,agnews,halfB,real,size_largest_share,0.06901041666666667
pythia-70m,143000,agnews,halfB,real,size_frac_small,0.01
pythia-70m,143000,agnews,halfB,real,depth_median_effective_layers,4.005350156638698
pythia-70m,143000,agnews,halfB,real,depth_frac_single_layer,0.1
pythia-70m,143000,agnews,halfB,real,depth_mean_layer_span,3.25
pythia-70m,0,tldr17,halfB,real,crisp_median_max_membership,0.63
pythia-70m,0,tldr17,halfB,real,crisp_frac_confident,0.6807454427083334
pythia-70m,0,tldr17,halfB,real,crisp_network_median,0.6279561101549053
pythia-70m,0,tldr17,halfB,real,size_n_networks,100.0
pythia-70m,0,tldr17,halfB,real,size_effective_n,88.95204352005992
pythia-70m,0,tldr17,halfB,real,size_gini,0.24741699218750002
pythia-70m,0,tldr17,halfB,real,size_largest_share,0.045166015625
pythia-70m,0,tldr17,halfB,real,size_frac_small,0.01
pythia-70m,0,tldr17,halfB,real,depth_median_effective_layers,5.849599826167249
pythia-70m,0,tldr17,halfB,real,depth_frac_single_layer,0.0
pythia-70m,0,tldr17,halfB,real,depth_mean_layer_span,5.7
pythia-70m,1,tldr17,halfB,real,crisp_median_max_membership,0.63
pythia-70m,1,tldr17,halfB,real,crisp_frac_confident,0.6807454427083334
pythia-70m,1,tldr17,halfB,real,crisp_network_median,0.6279561101549053
pythia-70m,1,tldr17,halfB,real,size_n_networks,100.0
pythia-70m,1,tldr17,halfB,real,size_effective_n,88.95204352005992
pythia-70m,1,tldr17,halfB,real,size_gini,0.24741699218750002
pythia-70m,1,tldr17,halfB,real,size_largest_share,0.045166015625
pythia-70m,1,tldr17,halfB,real,size_frac_small,0.01
pythia-70m,1,tldr17,halfB,real,depth_median_effective_layers,5.849599826167249
pythia-70m,1,tldr17,halfB,real,depth_frac_single_layer,0.0
pythia-70m,1,tldr17,halfB,real,depth_mean_layer_span,5.7
pythia-70m,4,tldr17,halfB,real,crisp_median_max_membership,0.635
pythia-70m,4,tldr17,halfB,real,crisp_frac_confident,0.6892903645833334
pythia-70m,4,tldr17,halfB,real,crisp_network_median,0.6216874627162459
pythia-70m,4,tldr17,halfB,real,size_n_networks,100.0
pythia-70m,4,tldr17,halfB,real,size_effective_n,89.88939436172286
pythia-70m,4,tldr17,halfB,real,size_gini,0.23716471354166657
pythia-70m,4,tldr17,halfB,real,size_largest_share,0.044759114583333336
pythia-70m,4,tldr17,halfB,real,size_frac_small,0.0
pythia-70m,4,tldr17,halfB,real,depth_median_effective_layers,5.84253387110337
pythia-70m,4,tldr17,halfB,real,depth_frac_single_layer,0.0
pythia-70m,4,tldr17,halfB,real,depth_mean_layer_span,5.75
pythia-70m,16,tldr17,halfB,real,crisp_median_max_membership,0.615
pythia-70m,16,tldr17,halfB,real,crisp_frac_confident,0.66943359375
pythia-70m,16,tldr17,halfB,real,crisp_network_median,0.5963625834949364
pythia-70m,16,tldr17,halfB,real,size_n_networks,100.0
pythia-70m,16,tldr17,halfB,real,size_effective_n,88.97224562578799
pythia-70m,16,tldr17,halfB,real,size_gini,0.24962565104166656
pythia-70m,16,tldr17,halfB,real,size_largest_share,0.047119140625
pythia-70m,16,tldr17,halfB,real,size_frac_small,0.0
pythia-70m,16,tldr17,halfB,real,depth_median_effective_layers,5.846553344140396
pythia-70m,16,tldr17,halfB,real,depth_frac_single_layer,0.0
pythia-70m,16,tldr17,halfB,real,depth_mean_layer_span,5.63
pythia-70m,64,tldr17,halfB,real,crisp_median_max_membership,0.59
pythia-70m,64,tldr17,halfB,real,crisp_frac_confident,0.6698404947916666
pythia-70m,64,tldr17,halfB,real,crisp_network_median,0.5927718480138169
pythia-70m,64,tldr17,halfB,real,size_n_networks,100.0
pythia-70m,64,tldr17,halfB,real,size_effective_n,90.07110309696674
pythia-70m,64,tldr17,halfB,real,size_gini,0.2414078776041666
pythia-70m,64,tldr17,halfB,real,size_largest_share,0.041422526041666664
pythia-70m,64,tldr17,halfB,real,size_frac_small,0.0
pythia-70m,64,tldr17,halfB,real,depth_median_effective_layers,5.218450222662763
pythia-70m,64,tldr17,halfB,real,depth_frac_single_layer,0.0
pythia-70m,64,tldr17,halfB,real,depth_mean_layer_span,4.41
pythia-70m,256,tldr17,halfB,real,crisp_median_max_membership,0.555
pythia-70m,256,tldr17,halfB,real,crisp_frac_confident,0.5882161458333334
pythia-70m,256,tldr17,halfB,real,crisp_network_median,0.5305724144450747
pythia-70m,256,tldr17,halfB,real,size_n_networks,100.0
pythia-70m,256,tldr17,halfB,real,size_effective_n,92.25844698279447
pythia-70m,256,tldr17,halfB,real,size_gini,0.19711588541666658
pythia-70m,256,tldr17,halfB,real,size_largest_share,0.044840494791666664
pythia-70m,256,tldr17,halfB,real,size_frac_small,0.0
pythia-70m,256,tldr17,halfB,real,depth_median_effective_layers,4.853516712683306
pythia-70m,256,tldr17,halfB,real,depth_frac_single_layer,0.0
pythia-70m,256,tldr17,halfB,real,depth_mean_layer_span,4.14
pythia-70m,1000,tldr17,halfB,real,crisp_median_max_membership,0.63
pythia-70m,1000,tldr17,halfB,real,crisp_frac_confident,0.7059733072916666
pythia-70m,1000,tldr17,halfB,real,crisp_network_median,0.6034622122122122
pythia-70m,1000,tldr17,halfB,real,size_n_networks,100.0
pythia-70m,1000,tldr17,halfB,real,size_effective_n,92.75463579810308
pythia-70m,1000,tldr17,halfB,real,size_gini,0.20239746093749988
pythia-70m,1000,tldr17,halfB,real,size_largest_share,0.03564453125
pythia-70m,1000,tldr17,halfB,real,size_frac_small,0.0
pythia-70m,1000,tldr17,halfB,real,depth_median_effective_layers,4.232529872741727
pythia-70m,1000,tldr17,halfB,real,depth_frac_single_layer,0.0
pythia-70m,1000,tldr17,halfB,real,depth_mean_layer_span,3.66
pythia-70m,4000,tldr17,halfB,real,crisp_median_max_membership,0.68
pythia-70m,4000,tldr17,halfB,real,crisp_frac_confident,0.7706705729166666
pythia-70m,4000,tldr17,halfB,real,crisp_network_median,0.7020092351408952
pythia-70m,4000,tldr17,halfB,real,size_n_networks,100.0
pythia-70m,4000,tldr17,halfB,real,size_effective_n,92.00458327605376
pythia-70m,4000,tldr17,halfB,real,size_gini,0.20898274739583322
pythia-70m,4000,tldr17,halfB,real,size_largest_share,0.037353515625
pythia-70m,4000,tldr17,halfB,real,size_frac_small,0.0
pythia-70m,4000,tldr17,halfB,real,depth_median_effective_layers,4.096250655775148
pythia-70m,4000,tldr17,halfB,real,depth_frac_single_layer,0.03
pythia-70m,4000,tldr17,halfB,real,depth_mean_layer_span,3.45
pythia-70m,16000,tldr17,halfB,real,crisp_median_max_membership,0.7
pythia-70m,16000,tldr17,halfB,real,crisp_frac_confident,0.760009765625
pythia-70m,16000,tldr17,halfB,real,crisp_network_median,0.6780738636363636
pythia-70m,16000,tldr17,halfB,real,size_n_networks,100.0
pythia-70m,16000,tldr17,halfB,real,size_effective_n,89.12056862404698
pythia-70m,16000,tldr17,halfB,real,size_gini,0.2479248046875
pythia-70m,16000,tldr17,halfB,real,size_largest_share,0.03857421875
pythia-70m,16000,tldr17,halfB,real,size_frac_small,0.0
pythia-70m,16000,tldr17,halfB,real,depth_median_effective_layers,4.262907122754752
pythia-70m,16000,tldr17,halfB,real,depth_frac_single_layer,0.08
pythia-70m,16000,tldr17,halfB,real,depth_mean_layer_span,3.42
pythia-70m,64000,tldr17,halfB,real,crisp_median_max_membership,0.705
pythia-70m,64000,tldr17,halfB,real,crisp_frac_confident,0.7716471354166666
pythia-70m,64000,tldr17,halfB,real,crisp_network_median,0.6673606230269821
pythia-70m,64000,tldr17,halfB,real,size_n_networks,100.0
pythia-70m,64000,tldr17,halfB,real,size_effective_n,87.45462939015177
pythia-70m,64000,tldr17,halfB,real,size_gini,0.268046875
pythia-70m,64000,tldr17,halfB,real,size_largest_share,0.038167317708333336
pythia-70m,64000,tldr17,halfB,real,size_frac_small,0.02
pythia-70m,64000,tldr17,halfB,real,depth_median_effective_layers,4.095218141915364
pythia-70m,64000,tldr17,halfB,real,depth_frac_single_layer,0.07
pythia-70m,64000,tldr17,halfB,real,depth_mean_layer_span,3.4
pythia-70m,143000,tldr17,halfB,real,crisp_median_max_membership,0.67
pythia-70m,143000,tldr17,halfB,real,crisp_frac_confident,0.7361653645833334
pythia-70m,143000,tldr17,halfB,real,crisp_network_median,0.6466914438988907
pythia-70m,143000,tldr17,halfB,real,size_n_networks,100.0
pythia-70m,143000,tldr17,halfB,real,size_effective_n,88.28107689893275
pythia-70m,143000,tldr17,halfB,real,size_gini,0.24667480468750003
pythia-70m,143000,tldr17,halfB,real,size_largest_share,0.038167317708333336
pythia-70m,143000,tldr17,halfB,real,size_frac_small,0.0
pythia-70m,143000,tldr17,halfB,real,depth_median_effective_layers,4.269270711229462
pythia-70m,143000,tldr17,halfB,real,depth_frac_single_layer,0.08
pythia-70m,143000,tldr17,halfB,real,depth_mean_layer_span,3.47
pythia-70m,0,wikitext,halfA_vs_halfB,real,halves_split_degree,1.06
pythia-70m,0,wikitext,halfA_vs_halfB,real,halves_merge_degree,1.11
pythia-70m,0,wikitext,halfA_vs_halfB,real,halves_continued,0.84
pythia-70m,0,wikitext,halfA_vs_halfB,real,halves_mean_best_jaccard,0.6822523518680151
pythia-70m,1,wikitext,halfA_vs_halfB,real,halves_split_degree,1.06
pythia-70m,1,wikitext,halfA_vs_halfB,real,halves_merge_degree,1.11
pythia-70m,1,wikitext,halfA_vs_halfB,real,halves_continued,0.84
pythia-70m,1,wikitext,halfA_vs_halfB,real,halves_mean_best_jaccard,0.6822523518680151
pythia-70m,4,wikitext,halfA_vs_halfB,real,halves_split_degree,1.12
pythia-70m,4,wikitext,halfA_vs_halfB,real,halves_merge_degree,1.15
pythia-70m,4,wikitext,halfA_vs_halfB,real,halves_continued,0.8
pythia-70m,4,wikitext,halfA_vs_halfB,real,halves_mean_best_jaccard,0.6607534764553988
pythia-70m,16,wikitext,halfA_vs_halfB,real,halves_split_degree,1.1
pythia-70m,16,wikitext,halfA_vs_halfB,real,halves_merge_degree,1.07
pythia-70m,16,wikitext,halfA_vs_halfB,real,halves_continued,0.78
pythia-70m,16,wikitext,halfA_vs_halfB,real,halves_mean_best_jaccard,0.6672248234118575
pythia-70m,64,wikitext,halfA_vs_halfB,real,halves_split_degree,1.25
pythia-70m,64,wikitext,halfA_vs_halfB,real,halves_merge_degree,1.24
pythia-70m,64,wikitext,halfA_vs_halfB,real,halves_continued,0.73
pythia-70m,64,wikitext,halfA_vs_halfB,real,halves_mean_best_jaccard,0.6241254032556773
pythia-70m,256,wikitext,halfA_vs_halfB,real,halves_split_degree,1.16
pythia-70m,256,wikitext,halfA_vs_halfB,real,halves_merge_degree,1.19
pythia-70m,256,wikitext,halfA_vs_halfB,real,halves_continued,0.78
pythia-70m,256,wikitext,halfA_vs_halfB,real,halves_mean_best_jaccard,0.6458572766428832
pythia-70m,1000,wikitext,halfA_vs_halfB,real,halves_split_degree,1.1
pythia-70m,1000,wikitext,halfA_vs_halfB,real,halves_merge_degree,1.13
pythia-70m,1000,wikitext,halfA_vs_halfB,real,halves_continued,0.8
pythia-70m,1000,wikitext,halfA_vs_halfB,real,halves_mean_best_jaccard,0.6523664735688347
pythia-70m,4000,wikitext,halfA_vs_halfB,real,halves_split_degree,1.16
pythia-70m,4000,wikitext,halfA_vs_halfB,real,halves_merge_degree,1.19
pythia-70m,4000,wikitext,halfA_vs_halfB,real,halves_continued,0.8
pythia-70m,4000,wikitext,halfA_vs_halfB,real,halves_mean_best_jaccard,0.6690278286398251
pythia-70m,16000,wikitext,halfA_vs_halfB,real,halves_split_degree,1.16
pythia-70m,16000,wikitext,halfA_vs_halfB,real,halves_merge_degree,1.14
pythia-70m,16000,wikitext,halfA_vs_halfB,real,halves_continued,0.77
pythia-70m,16000,wikitext,halfA_vs_halfB,real,halves_mean_best_jaccard,0.6508641350941002
pythia-70m,64000,wikitext,halfA_vs_halfB,real,halves_split_degree,1.11
pythia-70m,64000,wikitext,halfA_vs_halfB,real,halves_merge_degree,1.11
pythia-70m,64000,wikitext,halfA_vs_halfB,real,halves_continued,0.83
pythia-70m,64000,wikitext,halfA_vs_halfB,real,halves_mean_best_jaccard,0.6973806297171079
pythia-70m,143000,wikitext,halfA_vs_halfB,real,halves_split_degree,1.08
pythia-70m,143000,wikitext,halfA_vs_halfB,real,halves_merge_degree,1.1
pythia-70m,143000,wikitext,halfA_vs_halfB,real,halves_continued,0.88
pythia-70m,143000,wikitext,halfA_vs_halfB,real,halves_mean_best_jaccard,0.7328980064107923
pythia-70m,0,bookcorpus,halfA_vs_halfB,real,halves_split_degree,1.11
pythia-70m,0,bookcorpus,halfA_vs_halfB,real,halves_merge_degree,1.15
pythia-70m,0,bookcorpus,halfA_vs_halfB,real,halves_continued,0.8
pythia-70m,0,bookcorpus,halfA_vs_halfB,real,halves_mean_best_jaccard,0.7135098653047878
pythia-70m,1,bookcorpus,halfA_vs_halfB,real,halves_split_degree,1.11
pythia-70m,1,bookcorpus,halfA_vs_halfB,real,halves_merge_degree,1.15
pythia-70m,1,bookcorpus,halfA_vs_halfB,real,halves_continued,0.8
pythia-70m,1,bookcorpus,halfA_vs_halfB,real,halves_mean_best_jaccard,0.7135098653047878
pythia-70m,4,bookcorpus,halfA_vs_halfB,real,halves_split_degree,1.17
pythia-70m,4,bookcorpus,halfA_vs_halfB,real,halves_merge_degree,1.16
pythia-70m,4,bookcorpus,halfA_vs_halfB,real,halves_continued,0.81
pythia-70m,4,bookcorpus,halfA_vs_halfB,real,halves_mean_best_jaccard,0.7046968044894234
pythia-70m,16,bookcorpus,halfA_vs_halfB,real,halves_split_degree,1.14
pythia-70m,16,bookcorpus,halfA_vs_halfB,real,halves_merge_degree,1.13
pythia-70m,16,bookcorpus,halfA_vs_halfB,real,halves_continued,0.83
pythia-70m,16,bookcorpus,halfA_vs_halfB,real,halves_mean_best_jaccard,0.7259077179452881
pythia-70m,64,bookcorpus,halfA_vs_halfB,real,halves_split_degree,1.25
pythia-70m,64,bookcorpus,halfA_vs_halfB,real,halves_merge_degree,1.22
pythia-70m,64,bookcorpus,halfA_vs_halfB,real,halves_continued,0.79
pythia-70m,64,bookcorpus,halfA_vs_halfB,real,halves_mean_best_jaccard,0.6743243569735017
pythia-70m,256,bookcorpus,halfA_vs_halfB,real,halves_split_degree,1.17
pythia-70m,256,bookcorpus,halfA_vs_halfB,real,halves_merge_degree,1.22
pythia-70m,256,bookcorpus,halfA_vs_halfB,real,halves_continued,0.77
pythia-70m,256,bookcorpus,halfA_vs_halfB,real,halves_mean_best_jaccard,0.6798735036910517
pythia-70m,1000,bookcorpus,halfA_vs_halfB,real,halves_split_degree,1.13
pythia-70m,1000,bookcorpus,halfA_vs_halfB,real,halves_merge_degree,1.14
pythia-70m,1000,bookcorpus,halfA_vs_halfB,real,halves_continued,0.81
pythia-70m,1000,bookcorpus,halfA_vs_halfB,real,halves_mean_best_jaccard,0.7201927415947416
pythia-70m,4000,bookcorpus,halfA_vs_halfB,real,halves_split_degree,1.11
pythia-70m,4000,bookcorpus,halfA_vs_halfB,real,halves_merge_degree,1.08
pythia-70m,4000,bookcorpus,halfA_vs_halfB,real,halves_continued,0.84
pythia-70m,4000,bookcorpus,halfA_vs_halfB,real,halves_mean_best_jaccard,0.7356751127965951
pythia-70m,16000,bookcorpus,halfA_vs_halfB,real,halves_split_degree,1.13
pythia-70m,16000,bookcorpus,halfA_vs_halfB,real,halves_merge_degree,1.12
pythia-70m,16000,bookcorpus,halfA_vs_halfB,real,halves_continued,0.84
pythia-70m,16000,bookcorpus,halfA_vs_halfB,real,halves_mean_best_jaccard,0.735611124913639
pythia-70m,64000,bookcorpus,halfA_vs_halfB,real,halves_split_degree,1.18
pythia-70m,64000,bookcorpus,halfA_vs_halfB,real,halves_merge_degree,1.09
pythia-70m,64000,bookcorpus,halfA_vs_halfB,real,halves_continued,0.81
pythia-70m,64000,bookcorpus,halfA_vs_halfB,real,halves_mean_best_jaccard,0.6844227539181724
pythia-70m,143000,bookcorpus,halfA_vs_halfB,real,halves_split_degree,1.11
pythia-70m,143000,bookcorpus,halfA_vs_halfB,real,halves_merge_degree,1.11
pythia-70m,143000,bookcorpus,halfA_vs_halfB,real,halves_continued,0.86
pythia-70m,143000,bookcorpus,halfA_vs_halfB,real,halves_mean_best_jaccard,0.7272910536412706
pythia-70m,0,agnews,halfA_vs_halfB,real,halves_split_degree,1.12
pythia-70m,0,agnews,halfA_vs_halfB,real,halves_merge_degree,1.14
pythia-70m,0,agnews,halfA_vs_halfB,real,halves_continued,0.81
pythia-70m,0,agnews,halfA_vs_halfB,real,halves_mean_best_jaccard,0.7197123916084841
pythia-70m,1,agnews,halfA_vs_halfB,real,halves_split_degree,1.12
pythia-70m,1,agnews,halfA_vs_halfB,real,halves_merge_degree,1.14
pythia-70m,1,agnews,halfA_vs_halfB,real,halves_continued,0.81
pythia-70m,1,agnews,halfA_vs_halfB,real,halves_mean_best_jaccard,0.7197123916084841
pythia-70m,4,agnews,halfA_vs_halfB,real,halves_split_degree,1.08
pythia-70m,4,agnews,halfA_vs_halfB,real,halves_merge_degree,1.14
pythia-70m,4,agnews,halfA_vs_halfB,real,halves_continued,0.81
pythia-70m,4,agnews,halfA_vs_halfB,real,halves_mean_best_jaccard,0.7190074762349813
pythia-70m,16,agnews,halfA_vs_halfB,real,halves_split_degree,1.14
pythia-70m,16,agnews,halfA_vs_halfB,real,halves_merge_degree,1.14
pythia-70m,16,agnews,halfA_vs_halfB,real,halves_continued,0.81
pythia-70m,16,agnews,halfA_vs_halfB,real,halves_mean_best_jaccard,0.7025838850940166
pythia-70m,64,agnews,halfA_vs_halfB,real,halves_split_degree,1.29
pythia-70m,64,agnews,halfA_vs_halfB,real,halves_merge_degree,1.3
pythia-70m,64,agnews,halfA_vs_halfB,real,halves_continued,0.68
pythia-70m,64,agnews,halfA_vs_halfB,real,halves_mean_best_jaccard,0.6459949764967169
pythia-70m,256,agnews,halfA_vs_halfB,real,halves_split_degree,1.28
pythia-70m,256,agnews,halfA_vs_halfB,real,halves_merge_degree,1.27
pythia-70m,256,agnews,halfA_vs_halfB,real,halves_continued,0.75
pythia-70m,256,agnews,halfA_vs_halfB,real,halves_mean_best_jaccard,0.6181324551066847
pythia-70m,1000,agnews,halfA_vs_halfB,real,halves_split_degree,1.16
pythia-70m,1000,agnews,halfA_vs_halfB,real,halves_merge_degree,1.13
pythia-70m,1000,agnews,halfA_vs_halfB,real,halves_continued,0.8
pythia-70m,1000,agnews,halfA_vs_halfB,real,halves_mean_best_jaccard,0.6950448678152432
pythia-70m,4000,agnews,halfA_vs_halfB,real,halves_split_degree,1.14
pythia-70m,4000,agnews,halfA_vs_halfB,real,halves_merge_degree,1.13
pythia-70m,4000,agnews,halfA_vs_halfB,real,halves_continued,0.82
pythia-70m,4000,agnews,halfA_vs_halfB,real,halves_mean_best_jaccard,0.697317600831762
pythia-70m,16000,agnews,halfA_vs_halfB,real,halves_split_degree,1.18
pythia-70m,16000,agnews,halfA_vs_halfB,real,halves_merge_degree,1.19
pythia-70m,16000,agnews,halfA_vs_halfB,real,halves_continued,0.74
pythia-70m,16000,agnews,halfA_vs_halfB,real,halves_mean_best_jaccard,0.6576385513312778
pythia-70m,64000,agnews,halfA_vs_halfB,real,halves_split_degree,1.13
pythia-70m,64000,agnews,halfA_vs_halfB,real,halves_merge_degree,1.13
pythia-70m,64000,agnews,halfA_vs_halfB,real,halves_continued,0.8
pythia-70m,64000,agnews,halfA_vs_halfB,real,halves_mean_best_jaccard,0.714636674735418
pythia-70m,143000,agnews,halfA_vs_halfB,real,halves_split_degree,1.18
pythia-70m,143000,agnews,halfA_vs_halfB,real,halves_merge_degree,1.17
pythia-70m,143000,agnews,halfA_vs_halfB,real,halves_continued,0.76
pythia-70m,143000,agnews,halfA_vs_halfB,real,halves_mean_best_jaccard,0.688588336827634
pythia-70m,0,tldr17,halfA_vs_halfB,real,halves_split_degree,1.12
pythia-70m,0,tldr17,halfA_vs_halfB,real,halves_merge_degree,1.06
pythia-70m,0,tldr17,halfA_vs_halfB,real,halves_continued,0.84
pythia-70m,0,tldr17,halfA_vs_halfB,real,halves_mean_best_jaccard,0.7081351352481642
pythia-70m,1,tldr17,halfA_vs_halfB,real,halves_split_degree,1.12
pythia-70m,1,tldr17,halfA_vs_halfB,real,halves_merge_degree,1.06
pythia-70m,1,tldr17,halfA_vs_halfB,real,halves_continued,0.84
pythia-70m,1,tldr17,halfA_vs_halfB,real,halves_mean_best_jaccard,0.7081351352481642
pythia-70m,4,tldr17,halfA_vs_halfB,real,halves_split_degree,1.09
pythia-70m,4,tldr17,halfA_vs_halfB,real,halves_merge_degree,1.12
pythia-70m,4,tldr17,halfA_vs_halfB,real,halves_continued,0.85
pythia-70m,4,tldr17,halfA_vs_halfB,real,halves_mean_best_jaccard,0.7125047234172531
pythia-70m,16,tldr17,halfA_vs_halfB,real,halves_split_degree,1.06
pythia-70m,16,tldr17,halfA_vs_halfB,real,halves_merge_degree,1.1
pythia-70m,16,tldr17,halfA_vs_halfB,real,halves_continued,0.84
pythia-70m,16,tldr17,halfA_vs_halfB,real,halves_mean_best_jaccard,0.7129151325060686
pythia-70m,64,tldr17,halfA_vs_halfB,real,halves_split_degree,1.23
pythia-70m,64,tldr17,halfA_vs_halfB,real,halves_merge_degree,1.23
pythia-70m,64,tldr17,halfA_vs_halfB,real,halves_continued,0.78
pythia-70m,64,tldr17,halfA_vs_halfB,real,halves_mean_best_jaccard,0.6426204965826321
pythia-70m,256,tldr17,halfA_vs_halfB,real,halves_split_degree,1.25
pythia-70m,256,tldr17,halfA_vs_halfB,real,halves_merge_degree,1.28
pythia-70m,256,tldr17,halfA_vs_halfB,real,halves_continued,0.65
pythia-70m,256,tldr17,halfA_vs_halfB,real,halves_mean_best_jaccard,0.6123242798262453
pythia-70m,1000,tldr17,halfA_vs_halfB,real,halves_split_degree,1.13
pythia-70m,1000,tldr17,halfA_vs_halfB,real,halves_merge_degree,1.17
pythia-70m,1000,tldr17,halfA_vs_halfB,real,halves_continued,0.79
pythia-70m,1000,tldr17,halfA_vs_halfB,real,halves_mean_best_jaccard,0.6590197284777749
pythia-70m,4000,tldr17,halfA_vs_halfB,real,halves_split_degree,1.09
pythia-70m,4000,tldr17,halfA_vs_halfB,real,halves_merge_degree,1.13
pythia-70m,4000,tldr17,halfA_vs_halfB,real,halves_continued,0.79
pythia-70m,4000,tldr17,halfA_vs_halfB,real,halves_mean_best_jaccard,0.6620649118927335
pythia-70m,16000,tldr17,halfA_vs_halfB,real,halves_split_degree,1.12
pythia-70m,16000,tldr17,halfA_vs_halfB,real,halves_merge_degree,1.12
pythia-70m,16000,tldr17,halfA_vs_halfB,real,halves_continued,0.81
pythia-70m,16000,tldr17,halfA_vs_halfB,real,halves_mean_best_jaccard,0.671444024653525
pythia-70m,64000,tldr17,halfA_vs_halfB,real,halves_split_degree,1.07
pythia-70m,64000,tldr17,halfA_vs_halfB,real,halves_merge_degree,1.13
pythia-70m,64000,tldr17,halfA_vs_halfB,real,halves_continued,0.82
pythia-70m,64000,tldr17,halfA_vs_halfB,real,halves_mean_best_jaccard,0.6623771148695455
pythia-70m,143000,tldr17,halfA_vs_halfB,real,halves_split_degree,1.15
pythia-70m,143000,tldr17,halfA_vs_halfB,real,halves_merge_degree,1.15
pythia-70m,143000,tldr17,halfA_vs_halfB,real,halves_continued,0.8
pythia-70m,143000,tldr17,halfA_vs_halfB,real,halves_mean_best_jaccard,0.6701640872207346
pythia-70m,0,agnews,halfA,real,generality_mean,0.1309702773023456
pythia-70m,0,agnews,halfA,real,generality_frac_general,0.02
pythia-70m,0,bookcorpus,halfA,real,generality_mean,0.1423730109550547
pythia-70m,0,bookcorpus,halfA,real,generality_frac_general,0.04
pythia-70m,0,tldr17,halfA,real,generality_mean,0.13110270744828514
pythia-70m,0,tldr17,halfA,real,generality_frac_general,0.02
pythia-70m,0,wikitext,halfA,real,generality_mean,0.13946662817594283
pythia-70m,0,wikitext,halfA,real,generality_frac_general,0.02
pythia-70m,1,agnews,halfA,real,generality_mean,0.1309702773023456
pythia-70m,1,agnews,halfA,real,generality_frac_general,0.02
pythia-70m,1,bookcorpus,halfA,real,generality_mean,0.1423730109550547
pythia-70m,1,bookcorpus,halfA,real,generality_frac_general,0.04
pythia-70m,1,tldr17,halfA,real,generality_mean,0.13110270744828514
pythia-70m,1,tldr17,halfA,real,generality_frac_general,0.02
pythia-70m,1,wikitext,halfA,real,generality_mean,0.13946662817594283
pythia-70m,1,wikitext,halfA,real,generality_frac_general,0.02
pythia-70m,4,agnews,halfA,real,generality_mean,0.12899759289563728
pythia-70m,4,agnews,halfA,real,generality_frac_general,0.03
pythia-70m,4,bookcorpus,halfA,real,generality_mean,0.14224995733282245
pythia-70m,4,bookcorpus,halfA,real,generality_frac_general,0.04
pythia-70m,4,tldr17,halfA,real,generality_mean,0.13052256694774855
pythia-70m,4,tldr17,halfA,real,generality_frac_general,0.03
pythia-70m,4,wikitext,halfA,real,generality_mean,0.13951394878560136
pythia-70m,4,wikitext,halfA,real,generality_frac_general,0.03
pythia-70m,16,agnews,halfA,real,generality_mean,0.12665788181025983
pythia-70m,16,agnews,halfA,real,generality_frac_general,0.05
pythia-70m,16,bookcorpus,halfA,real,generality_mean,0.14264935284676103
pythia-70m,16,bookcorpus,halfA,real,generality_frac_general,0.05
pythia-70m,16,tldr17,halfA,real,generality_mean,0.1258884726336821
pythia-70m,16,tldr17,halfA,real,generality_frac_general,0.03
pythia-70m,16,wikitext,halfA,real,generality_mean,0.14005456491198773
pythia-70m,16,wikitext,halfA,real,generality_frac_general,0.02
pythia-70m,64,agnews,halfA,real,generality_mean,0.17088031823580332
pythia-70m,64,agnews,halfA,real,generality_frac_general,0.0
pythia-70m,64,bookcorpus,halfA,real,generality_mean,0.15131790546290008
pythia-70m,64,bookcorpus,halfA,real,generality_frac_general,0.0
pythia-70m,64,tldr17,halfA,real,generality_mean,0.16717120425975632
pythia-70m,64,tldr17,halfA,real,generality_frac_general,0.0
pythia-70m,64,wikitext,halfA,real,generality_mean,0.15611921846816063
pythia-70m,64,wikitext,halfA,real,generality_frac_general,0.0
pythia-70m,256,agnews,halfA,real,generality_mean,0.14217951114736135
pythia-70m,256,agnews,halfA,real,generality_frac_general,0.02
pythia-70m,256,bookcorpus,halfA,real,generality_mean,0.15124954666465767
pythia-70m,256,bookcorpus,halfA,real,generality_frac_general,0.03
pythia-70m,256,tldr17,halfA,real,generality_mean,0.140772094102215
pythia-70m,256,tldr17,halfA,real,generality_frac_general,0.02
pythia-70m,256,wikitext,halfA,real,generality_mean,0.15545004939822973
pythia-70m,256,wikitext,halfA,real,generality_frac_general,0.01
pythia-70m,1000,agnews,halfA,real,generality_mean,0.12151920942010135
pythia-70m,1000,agnews,halfA,real,generality_frac_general,0.01
pythia-70m,1000,bookcorpus,halfA,real,generality_mean,0.1309211919196226
pythia-70m,1000,bookcorpus,halfA,real,generality_frac_general,0.03
pythia-70m,1000,tldr17,halfA,real,generality_mean,0.12202413423204986
pythia-70m,1000,tldr17,halfA,real,generality_frac_general,0.01
pythia-70m,1000,wikitext,halfA,real,generality_mean,0.13178688298748234
pythia-70m,1000,wikitext,halfA,real,generality_frac_general,0.01
pythia-70m,4000,agnews,halfA,real,generality_mean,0.11118247672461216
pythia-70m,4000,agnews,halfA,real,generality_frac_general,0.02
pythia-70m,4000,bookcorpus,halfA,real,generality_mean,0.1173309145673241
pythia-70m,4000,bookcorpus,halfA,real,generality_frac_general,0.02
pythia-70m,4000,tldr17,halfA,real,generality_mean,0.12085472223520574
pythia-70m,4000,tldr17,halfA,real,generality_frac_general,0.01
pythia-70m,4000,wikitext,halfA,real,generality_mean,0.12215293471351789
pythia-70m,4000,wikitext,halfA,real,generality_frac_general,0.01
pythia-70m,16000,agnews,halfA,real,generality_mean,0.11586513294185781
pythia-70m,16000,agnews,halfA,real,generality_frac_general,0.02
pythia-70m,16000,bookcorpus,halfA,real,generality_mean,0.12885602596281903
pythia-70m,16000,bookcorpus,halfA,real,generality_frac_general,0.02
pythia-70m,16000,tldr17,halfA,real,generality_mean,0.1293385734460257
pythia-70m,16000,tldr17,halfA,real,generality_frac_general,0.02
pythia-70m,16000,wikitext,halfA,real,generality_mean,0.12650151270261475
pythia-70m,16000,wikitext,halfA,real,generality_frac_general,0.02
pythia-70m,64000,agnews,halfA,real,generality_mean,0.13218827373090924
pythia-70m,64000,agnews,halfA,real,generality_frac_general,0.03
pythia-70m,64000,bookcorpus,halfA,real,generality_mean,0.13122069107898443
pythia-70m,64000,bookcorpus,halfA,real,generality_frac_general,0.03
pythia-70m,64000,tldr17,halfA,real,generality_mean,0.13702912060071765
pythia-70m,64000,tldr17,halfA,real,generality_frac_general,0.04
pythia-70m,64000,wikitext,halfA,real,generality_mean,0.1432626977581823
pythia-70m,64000,wikitext,halfA,real,generality_frac_general,0.05
pythia-70m,143000,agnews,halfA,real,generality_mean,0.1448997835859621
pythia-70m,143000,agnews,halfA,real,generality_frac_general,0.03
pythia-70m,143000,bookcorpus,halfA,real,generality_mean,0.13863881702085443
pythia-70m,143000,bookcorpus,halfA,real,generality_frac_general,0.04
pythia-70m,143000,tldr17,halfA,real,generality_mean,0.1423082791681904
pythia-70m,143000,tldr17,halfA,real,generality_frac_general,0.04
pythia-70m,143000,wikitext,halfA,real,generality_mean,0.15646407689270905
pythia-70m,143000,wikitext,halfA,real,generality_frac_general,0.04
pythia-70m,1,wikitext,halfA,real,trans_split_degree,1.0
pythia-70m,1,wikitext,halfA,real,trans_merge_degree,1.0
pythia-70m,1,wikitext,halfA,real,trans_continued,1.0
pythia-70m,1,wikitext,halfA,real,trans_mean_best_jaccard,1.0
pythia-70m,4,wikitext,halfA,real,trans_split_degree,1.07
pythia-70m,4,wikitext,halfA,real,trans_merge_degree,1.1
pythia-70m,4,wikitext,halfA,real,trans_continued,0.89
pythia-70m,4,wikitext,halfA,real,trans_mean_best_jaccard,0.7765435151544527
pythia-70m,16,wikitext,halfA,real,trans_split_degree,1.21
pythia-70m,16,wikitext,halfA,real,trans_merge_degree,1.19
pythia-70m,16,wikitext,halfA,real,trans_continued,0.49
pythia-70m,16,wikitext,halfA,real,trans_mean_best_jaccard,0.45975767349652386
pythia-70m,64,wikitext,halfA,real,trans_split_degree,0.16
pythia-70m,64,wikitext,halfA,real,trans_merge_degree,0.29
pythia-70m,64,wikitext,halfA,real,trans_continued,0.0
pythia-70m,64,wikitext,halfA,real,trans_mean_best_jaccard,0.07041724510567292
pythia-70m,256,wikitext,halfA,real,trans_split_degree,0.27
pythia-70m,256,wikitext,halfA,real,trans_merge_degree,0.2
pythia-70m,256,wikitext,halfA,real,trans_continued,0.0
pythia-70m,256,wikitext,halfA,real,trans_mean_best_jaccard,0.07583495099222079
pythia-70m,1000,wikitext,halfA,real,trans_split_degree,0.16
pythia-70m,1000,wikitext,halfA,real,trans_merge_degree,0.15
pythia-70m,1000,wikitext,halfA,real,trans_continued,0.0
pythia-70m,1000,wikitext,halfA,real,trans_mean_best_jaccard,0.06103661058286238
pythia-70m,4000,wikitext,halfA,real,trans_split_degree,0.22
pythia-70m,4000,wikitext,halfA,real,trans_merge_degree,0.27
pythia-70m,4000,wikitext,halfA,real,trans_continued,0.0
pythia-70m,4000,wikitext,halfA,real,trans_mean_best_jaccard,0.07787532678885876
pythia-70m,16000,wikitext,halfA,real,trans_split_degree,0.72
pythia-70m,16000,wikitext,halfA,real,trans_merge_degree,0.77
pythia-70m,16000,wikitext,halfA,real,trans_continued,0.01
pythia-70m,16000,wikitext,halfA,real,trans_mean_best_jaccard,0.16649815257222048
pythia-70m,64000,wikitext,halfA,real,trans_split_degree,0.84
pythia-70m,64000,wikitext,halfA,real,trans_merge_degree,0.76
pythia-70m,64000,wikitext,halfA,real,trans_continued,0.02
pythia-70m,64000,wikitext,halfA,real,trans_mean_best_jaccard,0.1928179642615741
pythia-70m,143000,wikitext,halfA,real,trans_split_degree,1.05
pythia-70m,143000,wikitext,halfA,real,trans_merge_degree,1.04
pythia-70m,143000,wikitext,halfA,real,trans_continued,0.09
pythia-70m,143000,wikitext,halfA,real,trans_mean_best_jaccard,0.27881094597312206
pythia-70m,0,wikitext,halfA,real,birth_frac_born_by,0.0
pythia-70m,1,wikitext,halfA,real,birth_frac_born_by,0.0
pythia-70m,4,wikitext,halfA,real,birth_frac_born_by,0.0
pythia-70m,16,wikitext,halfA,real,birth_frac_born_by,0.0
pythia-70m,64,wikitext,halfA,real,birth_frac_born_by,0.0
pythia-70m,256,wikitext,halfA,real,birth_frac_born_by,0.0
pythia-70m,1000,wikitext,halfA,real,birth_frac_born_by,0.0
pythia-70m,4000,wikitext,halfA,real,birth_frac_born_by,0.0
pythia-70m,16000,wikitext,halfA,real,birth_frac_born_by,0.01
pythia-70m,64000,wikitext,halfA,real,birth_frac_born_by,0.09
pythia-70m,143000,wikitext,halfA,real,birth_frac_born_by,1.0
pythia-70m,1,bookcorpus,halfA,real,trans_split_degree,1.0
pythia-70m,1,bookcorpus,halfA,real,trans_merge_degree,1.0
pythia-70m,1,bookcorpus,halfA,real,trans_continued,1.0
pythia-70m,1,bookcorpus,halfA,real,trans_mean_best_jaccard,1.0
pythia-70m,4,bookcorpus,halfA,real,trans_split_degree,1.19
pythia-70m,4,bookcorpus,halfA,real,trans_merge_degree,1.12
pythia-70m,4,bookcorpus,halfA,real,trans_continued,0.8
pythia-70m,4,bookcorpus,halfA,real,trans_mean_best_jaccard,0.7170480778122419
pythia-70m,16,bookcorpus,halfA,real,trans_split_degree,1.06
pythia-70m,16,bookcorpus,halfA,real,trans_merge_degree,1.1
pythia-70m,16,bookcorpus,halfA,real,trans_continued,0.55
pythia-70m,16,bookcorpus,halfA,real,trans_mean_best_jaccard,0.4883209431016356
pythia-70m,64,bookcorpus,halfA,real,trans_split_degree,0.17
pythia-70m,64,bookcorpus,halfA,real,trans_merge_degree,0.34
pythia-70m,64,bookcorpus,halfA,real,trans_continued,0.0
pythia-70m,64,bookcorpus,halfA,real,trans_mean_best_jaccard,0.07794058224967179
pythia-70m,256,bookcorpus,halfA,real,trans_split_degree,0.26
pythia-70m,256,bookcorpus,halfA,real,trans_merge_degree,0.11
pythia-70m,256,bookcorpus,halfA,real,trans_continued,0.0
pythia-70m,256,bookcorpus,halfA,real,trans_mean_best_jaccard,0.07153833803539551
pythia-70m,1000,bookcorpus,halfA,real,trans_split_degree,0.09
pythia-70m,1000,bookcorpus,halfA,real,trans_merge_degree,0.11
pythia-70m,1000,bookcorpus,halfA,real,trans_continued,0.0
pythia-70m,1000,bookcorpus,halfA,real,trans_mean_best_jaccard,0.05355790187399135
pythia-70m,4000,bookcorpus,halfA,real,trans_split_degree,0.27
pythia-70m,4000,bookcorpus,halfA,real,trans_merge_degree,0.22
pythia-70m,4000,bookcorpus,halfA,real,trans_continued,0.0
pythia-70m,4000,bookcorpus,halfA,real,trans_mean_best_jaccard,0.07494691684039999
pythia-70m,16000,bookcorpus,halfA,real,trans_split_degree,0.69
pythia-70m,16000,bookcorpus,halfA,real,trans_merge_degree,0.64
pythia-70m,16000,bookcorpus,halfA,real,trans_continued,0.0
pythia-70m,16000,bookcorpus,halfA,real,trans_mean_best_jaccard,0.1304893277991029
pythia-70m,64000,bookcorpus,halfA,real,trans_split_degree,0.68
pythia-70m,64000,bookcorpus,halfA,real,trans_merge_degree,0.67
pythia-70m,64000,bookcorpus,halfA,real,trans_continued,0.0
pythia-70m,64000,bookcorpus,halfA,real,trans_mean_best_jaccard,0.16826304761284178
pythia-70m,143000,bookcorpus,halfA,real,trans_split_degree,0.93
pythia-70m,143000,bookcorpus,halfA,real,trans_merge_degree,0.94
pythia-70m,143000,bookcorpus,halfA,real,trans_continued,0.03
pythia-70m,143000,bookcorpus,halfA,real,trans_mean_best_jaccard,0.2191220494594959
pythia-70m,0,bookcorpus,halfA,real,birth_frac_born_by,0.0
pythia-70m,1,bookcorpus,halfA,real,birth_frac_born_by,0.0
pythia-70m,4,bookcorpus,halfA,real,birth_frac_born_by,0.0
pythia-70m,16,bookcorpus,halfA,real,birth_frac_born_by,0.0
pythia-70m,64,bookcorpus,halfA,real,birth_frac_born_by,0.0
pythia-70m,256,bookcorpus,halfA,real,birth_frac_born_by,0.0
pythia-70m,1000,bookcorpus,halfA,real,birth_frac_born_by,0.0
pythia-70m,4000,bookcorpus,halfA,real,birth_frac_born_by,0.0
pythia-70m,16000,bookcorpus,halfA,real,birth_frac_born_by,0.0
pythia-70m,64000,bookcorpus,halfA,real,birth_frac_born_by,0.03
pythia-70m,143000,bookcorpus,halfA,real,birth_frac_born_by,1.0
pythia-70m,1,agnews,halfA,real,trans_split_degree,1.0
pythia-70m,1,agnews,halfA,real,trans_merge_degree,1.0
pythia-70m,1,agnews,halfA,real,trans_continued,1.0
pythia-70m,1,agnews,halfA,real,trans_mean_best_jaccard,1.0
pythia-70m,4,agnews,halfA,real,trans_split_degree,1.11
pythia-70m,4,agnews,halfA,real,trans_merge_degree,1.12
pythia-70m,4,agnews,halfA,real,trans_continued,0.82
pythia-70m,4,agnews,halfA,real,trans_mean_best_jaccard,0.771392497267668
pythia-70m,16,agnews,halfA,real,trans_split_degree,1.13
pythia-70m,16,agnews,halfA,real,trans_merge_degree,1.13
pythia-70m,16,agnews,halfA,real,trans_continued,0.4
pythia-70m,16,agnews,halfA,real,trans_mean_best_jaccard,0.4400915441248465
pythia-70m,64,agnews,halfA,real,trans_split_degree,0.08
pythia-70m,64,agnews,halfA,real,trans_merge_degree,0.19
pythia-70m,64,agnews,halfA,real,trans_continued,0.0
pythia-70m,64,agnews,halfA,real,trans_mean_best_jaccard,0.05253788386094921
pythia-70m,256,agnews,halfA,real,trans_split_degree,0.29
pythia-70m,256,agnews,halfA,real,trans_merge_degree,0.19
pythia-70m,256,agnews,halfA,real,trans_continued,0.0
pythia-70m,256,agnews,halfA,real,trans_mean_best_jaccard,0.07317542722458925
pythia-70m,1000,agnews,halfA,real,trans_split_degree,0.11
pythia-70m,1000,agnews,halfA,real,trans_merge_degree,0.2
pythia-70m,1000,agnews,halfA,real,trans_continued,0.0
pythia-70m,1000,agnews,halfA,real,trans_mean_best_jaccard,0.058655090977016086
pythia-70m,4000,agnews,halfA,real,trans_split_degree,0.36
pythia-70m,4000,agnews,halfA,real,trans_merge_degree,0.36
pythia-70m,4000,agnews,halfA,real,trans_continued,0.0
pythia-70m,4000,agnews,halfA,real,trans_mean_best_jaccard,0.08576457838994052
pythia-70m,16000,agnews,halfA,real,trans_split_degree,0.92
pythia-70m,16000,agnews,halfA,real,trans_merge_degree,0.85
pythia-70m,16000,agnews,halfA,real,trans_continued,0.0
pythia-70m,16000,agnews,halfA,real,trans_mean_best_jaccard,0.1672602766024786
pythia-70m,64000,agnews,halfA,real,trans_split_degree,0.95
pythia-70m,64000,agnews,halfA,real,trans_merge_degree,0.94
pythia-70m,64000,agnews,halfA,real,trans_continued,0.03
pythia-70m,64000,agnews,halfA,real,trans_mean_best_jaccard,0.20670365550276937
pythia-70m,143000,agnews,halfA,real,trans_split_degree,1.09
pythia-70m,143000,agnews,halfA,real,trans_merge_degree,1.03
pythia-70m,143000,agnews,halfA,real,trans_continued,0.05
pythia-70m,143000,agnews,halfA,real,trans_mean_best_jaccard,0.29067703009846
pythia-70m,0,agnews,halfA,real,birth_frac_born_by,0.0
pythia-70m,1,agnews,halfA,real,birth_frac_born_by,0.0
pythia-70m,4,agnews,halfA,real,birth_frac_born_by,0.0
pythia-70m,16,agnews,halfA,real,birth_frac_born_by,0.0
pythia-70m,64,agnews,halfA,real,birth_frac_born_by,0.0
pythia-70m,256,agnews,halfA,real,birth_frac_born_by,0.0
pythia-70m,1000,agnews,halfA,real,birth_frac_born_by,0.0
pythia-70m,4000,agnews,halfA,real,birth_frac_born_by,0.0
pythia-70m,16000,agnews,halfA,real,birth_frac_born_by,0.02
pythia-70m,64000,agnews,halfA,real,birth_frac_born_by,0.05
pythia-70m,143000,agnews,halfA,real,birth_frac_born_by,1.0
pythia-70m,1,tldr17,halfA,real,trans_split_degree,1.0
pythia-70m,1,tldr17,halfA,real,trans_merge_degree,1.0
pythia-70m,1,tldr17,halfA,real,trans_continued,1.0
pythia-70m,1,tldr17,halfA,real,trans_mean_best_jaccard,1.0
pythia-70m,4,tldr17,halfA,real,trans_split_degree,1.07
pythia-70m,4,tldr17,halfA,real,trans_merge_degree,1.06
pythia-70m,4,tldr17,halfA,real,trans_continued,0.92
pythia-70m,4,tldr17,halfA,real,trans_mean_best_jaccard,0.8117736405562378
pythia-70m,16,tldr17,halfA,real,trans_split_degree,1.08
pythia-70m,16,tldr17,halfA,real,trans_merge_degree,1.11
pythia-70m,16,tldr17,halfA,real,trans_continued,0.47
pythia-70m,16,tldr17,halfA,real,trans_mean_best_jaccard,0.44906347855911116
pythia-70m,64,tldr17,halfA,real,trans_split_degree,0.09
pythia-70m,64,tldr17,halfA,real,trans_merge_degree,0.16
pythia-70m,64,tldr17,halfA,real,trans_continued,0.0
pythia-70m,64,tldr17,halfA,real,trans_mean_best_jaccard,0.05237316467296733
pythia-70m,256,tldr17,halfA,real,trans_split_degree,0.25
pythia-70m,256,tldr17,halfA,real,trans_merge_degree,0.14
pythia-70m,256,tldr17,halfA,real,trans_continued,0.0
pythia-70m,256,tldr17,halfA,real,trans_mean_best_jaccard,0.07023850531720835
pythia-70m,1000,tldr17,halfA,real,trans_split_degree,0.12
pythia-70m,1000,tldr17,halfA,real,trans_merge_degree,0.2
pythia-70m,1000,tldr17,halfA,real,trans_continued,0.0
pythia-70m,1000,tldr17,halfA,real,trans_mean_best_jaccard,0.06364281584415987
pythia-70m,4000,tldr17,halfA,real,trans_split_degree,0.31
pythia-70m,4000,tldr17,halfA,real,trans_merge_degree,0.34
pythia-70m,4000,tldr17,halfA,real,trans_continued,0.0
pythia-70m,4000,tldr17,halfA,real,trans_mean_best_jaccard,0.09023964052742443
pythia-70m,16000,tldr17,halfA,real,trans_split_degree,0.84
pythia-70m,16000,tldr17,halfA,real,trans_merge_degree,0.81
pythia-70m,16000,tldr17,halfA,real,trans_continued,0.01
pythia-70m,16000,tldr17,halfA,real,trans_mean_best_jaccard,0.18676025447888642
pythia-70m,64000,tldr17,halfA,real,trans_split_degree,0.92
pythia-70m,64000,tldr17,halfA,real,trans_merge_degree,0.87
pythia-70m,64000,tldr17,halfA,real,trans_continued,0.03
pythia-70m,64000,tldr17,halfA,real,trans_mean_best_jaccard,0.21637981553904723
pythia-70m,143000,tldr17,halfA,real,trans_split_degree,1.12
pythia-70m,143000,tldr17,halfA,real,trans_merge_degree,1.04
pythia-70m,143000,tldr17,halfA,real,trans_continued,0.06
pythia-70m,143000,tldr17,halfA,real,trans_mean_best_jaccard,0.27216854494217974
pythia-70m,0,tldr17,halfA,real,birth_frac_born_by,0.0
pythia-70m,1,tldr17,halfA,real,birth_frac_born_by,0.0
pythia-70m,4,tldr17,halfA,real,birth_frac_born_by,0.0
pythia-70m,16,tldr17,halfA,real,birth_frac_born_by,0.0
pythia-70m,64,tldr17,halfA,real,birth_frac_born_by,0.0
pythia-70m,256,tldr17,halfA,real,birth_frac_born_by,0.0
pythia-70m,1000,tldr17,halfA,real,birth_frac_born_by,0.0
pythia-70m,4000,tldr17,halfA,real,birth_frac_born_by,0.0
pythia-70m,16000,tldr17,halfA,real,birth_frac_born_by,0.01
pythia-70m,64000,tldr17,halfA,real,birth_frac_born_by,0.06
pythia-70m,143000,tldr17,halfA,real,birth_frac_born_by,1.0
pythia-70m,0,agnews,halfB,real,generality_mean,0.12889616652102504
pythia-70m,0,agnews,halfB,real,generality_frac_general,0.03
pythia-70m,0,bookcorpus,halfB,real,generality_mean,0.14595506669539562
pythia-70m,0,bookcorpus,halfB,real,generality_frac_general,0.03
pythia-70m,0,tldr17,halfB,real,generality_mean,0.1259212820829848
pythia-70m,0,tldr17,halfB,real,generality_frac_general,0.01
pythia-70m,0,wikitext,halfB,real,generality_mean,0.14653996489728174
pythia-70m,0,wikitext,halfB,real,generality_frac_general,0.01
pythia-70m,1,agnews,halfB,real,generality_mean,0.12889616652102504
pythia-70m,1,agnews,halfB,real,generality_frac_general,0.03
pythia-70m,1,bookcorpus,halfB,real,generality_mean,0.14595506669539562
pythia-70m,1,bookcorpus,halfB,real,generality_frac_general,0.03
pythia-70m,1,tldr17,halfB,real,generality_mean,0.1259212820829848
pythia-70m,1,tldr17,halfB,real,generality_frac_general,0.01
pythia-70m,1,wikitext,halfB,real,generality_mean,0.14653996489728174
pythia-70m,1,wikitext,halfB,real,generality_frac_general,0.01
pythia-70m,4,agnews,halfB,real,generality_mean,0.13060599510965124
pythia-70m,4,agnews,halfB,real,generality_frac_general,0.03
pythia-70m,4,bookcorpus,halfB,real,generality_mean,0.14557181203217742
pythia-70m,4,bookcorpus,halfB,real,generality_frac_general,0.03
pythia-70m,4,tldr17,halfB,real,generality_mean,0.12980552387241517
pythia-70m,4,tldr17,halfB,real,generality_frac_general,0.02
pythia-70m,4,wikitext,halfB,real,generality_mean,0.1455410848714313
pythia-70m,4,wikitext,halfB,real,generality_frac_general,0.03
pythia-70m,16,agnews,halfB,real,generality_mean,0.12814737759288358
pythia-70m,16,agnews,halfB,real,generality_frac_general,0.06
pythia-70m,16,bookcorpus,halfB,real,generality_mean,0.1467445408764995
pythia-70m,16,bookcorpus,halfB,real,generality_frac_general,0.04
pythia-70m,16,tldr17,halfB,real,generality_mean,0.12462081022595792
pythia-70m,16,tldr17,halfB,real,generality_frac_general,0.03
pythia-70m,16,wikitext,halfB,real,generality_mean,0.1468342938518552
pythia-70m,16,wikitext,halfB,real,generality_frac_general,0.04
pythia-70m,64,agnews,halfB,real,generality_mean,0.1650999704696516
pythia-70m,64,agnews,halfB,real,generality_frac_general,0.0
pythia-70m,64,bookcorpus,halfB,real,generality_mean,0.15767277523985265
pythia-70m,64,bookcorpus,halfB,real,generality_frac_general,0.0
pythia-70m,64,tldr17,halfB,real,generality_mean,0.16142862665811275
pythia-70m,64,tldr17,halfB,real,generality_frac_general,0.0
pythia-70m,64,wikitext,halfB,real,generality_mean,0.16398116341690014
pythia-70m,64,wikitext,halfB,real,generality_frac_general,0.0
pythia-70m,256,agnews,halfB,real,generality_mean,0.1445497290831552
pythia-70m,256,agnews,halfB,real,generality_frac_general,0.02
pythia-70m,256,bookcorpus,halfB,real,generality_mean,0.15475285817901377
pythia-70m,256,bookcorpus,halfB,real,generality_frac_general,0.02
pythia-70m,256,tldr17,halfB,real,generality_mean,0.14541492129768488
pythia-70m,256,tldr17,halfB,real,generality_frac_general,0.01
pythia-70m,256,wikitext,halfB,real,generality_mean,0.15712804762428012
pythia-70m,256,wikitext,halfB,real,generality_frac_general,0.01
pythia-70m,1000,agnews,halfB,real,generality_mean,0.12182606950433468
pythia-70m,1000,agnews,halfB,real,generality_frac_general,0.01
pythia-70m,1000,bookcorpus,halfB,real,generality_mean,0.13032761375144394
pythia-70m,1000,bookcorpus,halfB,real,generality_frac_general,0.02
pythia-70m,1000,tldr17,halfB,real,generality_mean,0.12150783656253118
pythia-70m,1000,tldr17,halfB,real,generality_frac_general,0.01
pythia-70m,1000,wikitext,halfB,real,generality_mean,0.13072213264038765
pythia-70m,1000,wikitext,halfB,real,generality_frac_general,0.01
pythia-70m,4000,agnews,halfB,real,generality_mean,0.11146512766645694
pythia-70m,4000,agnews,halfB,real,generality_frac_general,0.02
pythia-70m,4000,bookcorpus,halfB,real,generality_mean,0.12142842501113597
pythia-70m,4000,bookcorpus,halfB,real,generality_frac_general,0.02
pythia-70m,4000,tldr17,halfB,real,generality_mean,0.1235115080087316
pythia-70m,4000,tldr17,halfB,real,generality_frac_general,0.02
pythia-70m,4000,wikitext,halfB,real,generality_mean,0.12515417216834832
pythia-70m,4000,wikitext,halfB,real,generality_frac_general,0.02
pythia-70m,16000,agnews,halfB,real,generality_mean,0.11832146845444125
pythia-70m,16000,agnews,halfB,real,generality_frac_general,0.03
pythia-70m,16000,bookcorpus,halfB,real,generality_mean,0.12994648785810634
pythia-70m,16000,bookcorpus,halfB,real,generality_frac_general,0.02
pythia-70m,16000,tldr17,halfB,real,generality_mean,0.13128737858377634
pythia-70m,16000,tldr17,halfB,real,generality_frac_general,0.02
pythia-70m,16000,wikitext,halfB,real,generality_mean,0.13068099641097275
pythia-70m,16000,wikitext,halfB,real,generality_frac_general,0.02
pythia-70m,64000,agnews,halfB,real,generality_mean,0.13395257172758362
pythia-70m,64000,agnews,halfB,real,generality_frac_general,0.03
pythia-70m,64000,bookcorpus,halfB,real,generality_mean,0.1360991900863236
pythia-70m,64000,bookcorpus,halfB,real,generality_frac_general,0.03
pythia-70m,64000,tldr17,halfB,real,generality_mean,0.14009246846986576
pythia-70m,64000,tldr17,halfB,real,generality_frac_general,0.05
pythia-70m,64000,wikitext,halfB,real,generality_mean,0.14714573619130916
pythia-70m,64000,wikitext,halfB,real,generality_frac_general,0.06
pythia-70m,143000,agnews,halfB,real,generality_mean,0.14559083298075504
pythia-70m,143000,agnews,halfB,real,generality_frac_general,0.04
pythia-70m,143000,bookcorpus,halfB,real,generality_mean,0.14270812754406142
pythia-70m,143000,bookcorpus,halfB,real,generality_frac_general,0.03
pythia-70m,143000,tldr17,halfB,real,generality_mean,0.14506289895366994
pythia-70m,143000,tldr17,halfB,real,generality_frac_general,0.04
pythia-70m,143000,wikitext,halfB,real,generality_mean,0.15691392792806677
pythia-70m,143000,wikitext,halfB,real,generality_frac_general,0.04
pythia-70m,1,wikitext,halfB,real,trans_split_degree,1.0
pythia-70m,1,wikitext,halfB,real,trans_merge_degree,1.0
pythia-70m,1,wikitext,halfB,real,trans_continued,1.0
pythia-70m,1,wikitext,halfB,real,trans_mean_best_jaccard,1.0
pythia-70m,4,wikitext,halfB,real,trans_split_degree,1.08
pythia-70m,4,wikitext,halfB,real,trans_merge_degree,1.11
pythia-70m,4,wikitext,halfB,real,trans_continued,0.85
pythia-70m,4,wikitext,halfB,real,trans_mean_best_jaccard,0.7737424903401225
pythia-70m,16,wikitext,halfB,real,trans_split_degree,1.26
pythia-70m,16,wikitext,halfB,real,trans_merge_degree,1.15
pythia-70m,16,wikitext,halfB,real,trans_continued,0.5
pythia-70m,16,wikitext,halfB,real,trans_mean_best_jaccard,0.44780918248079293
pythia-70m,64,wikitext,halfB,real,trans_split_degree,0.15
pythia-70m,64,wikitext,halfB,real,trans_merge_degree,0.28
pythia-70m,64,wikitext,halfB,real,trans_continued,0.0
pythia-70m,64,wikitext,halfB,real,trans_mean_best_jaccard,0.06806598682654368
pythia-70m,256,wikitext,halfB,real,trans_split_degree,0.26
pythia-70m,256,wikitext,halfB,real,trans_merge_degree,0.16
pythia-70m,256,wikitext,halfB,real,trans_continued,0.0
pythia-70m,256,wikitext,halfB,real,trans_mean_best_jaccard,0.07303113545409609
pythia-70m,1000,wikitext,halfB,real,trans_split_degree,0.12
pythia-70m,1000,wikitext,halfB,real,trans_merge_degree,0.18
pythia-70m,1000,wikitext,halfB,real,trans_continued,0.0
pythia-70m,1000,wikitext,halfB,real,trans_mean_best_jaccard,0.06162253793632428
pythia-70m,4000,wikitext,halfB,real,trans_split_degree,0.19
pythia-70m,4000,wikitext,halfB,real,trans_merge_degree,0.3
pythia-70m,4000,wikitext,halfB,real,trans_continued,0.0
pythia-70m,4000,wikitext,halfB,real,trans_mean_best_jaccard,0.07726815326044496
pythia-70m,16000,wikitext,halfB,real,trans_split_degree,0.81
pythia-70m,16000,wikitext,halfB,real,trans_merge_degree,0.7
pythia-70m,16000,wikitext,halfB,real,trans_continued,0.01
pythia-70m,16000,wikitext,halfB,real,trans_mean_best_jaccard,0.1707750080531342
pythia-70m,64000,wikitext,halfB,real,trans_split_degree,0.82
pythia-70m,64000,wikitext,halfB,real,trans_merge_degree,0.77
pythia-70m,64000,wikitext,halfB,real,trans_continued,0.02
pythia-70m,64000,wikitext,halfB,real,trans_mean_best_jaccard,0.19413366105059332
pythia-70m,143000,wikitext,halfB,real,trans_split_degree,0.99
pythia-70m,143000,wikitext,halfB,real,trans_merge_degree,1.01
pythia-70m,143000,wikitext,halfB,real,trans_continued,0.07
pythia-70m,143000,wikitext,halfB,real,trans_mean_best_jaccard,0.2724135246569846
pythia-70m,0,wikitext,halfB,real,birth_frac_born_by,0.0
pythia-70m,1,wikitext,halfB,real,birth_frac_born_by,0.0
pythia-70m,4,wikitext,halfB,real,birth_frac_born_by,0.0
pythia-70m,16,wikitext,halfB,real,birth_frac_born_by,0.0
pythia-70m,64,wikitext,halfB,real,birth_frac_born_by,0.0
pythia-70m,256,wikitext,halfB,real,birth_frac_born_by,0.0
pythia-70m,1000,wikitext,halfB,real,birth_frac_born_by,0.0
pythia-70m,4000,wikitext,halfB,real,birth_frac_born_by,0.0
pythia-70m,16000,wikitext,halfB,real,birth_frac_born_by,0.02
pythia-70m,64000,wikitext,halfB,real,birth_frac_born_by,0.07
pythia-70m,143000,wikitext,halfB,real,birth_frac_born_by,1.0
pythia-70m,1,bookcorpus,halfB,real,trans_split_degree,1.0
pythia-70m,1,bookcorpus,halfB,real,trans_merge_degree,1.0
pythia-70m,1,bookcorpus,halfB,real,trans_continued,1.0
pythia-70m,1,bookcorpus,halfB,real,trans_mean_best_jaccard,1.0
pythia-70m,4,bookcorpus,halfB,real,trans_split_degree,1.13
pythia-70m,4,bookcorpus,halfB,real,trans_merge_degree,1.19
pythia-70m,4,bookcorpus,halfB,real,trans_continued,0.84
pythia-70m,4,bookcorpus,halfB,real,trans_mean_best_jaccard,0.7297041406581941
pythia-70m,16,bookcorpus,halfB,real,trans_split_degree,1.12
pythia-70m,16,bookcorpus,halfB,real,trans_merge_degree,1.07
pythia-70m,16,bookcorpus,halfB,real,trans_continued,0.52
pythia-70m,16,bookcorpus,halfB,real,trans_mean_best_jaccard,0.4657649755698427
pythia-70m,64,bookcorpus,halfB,real,trans_split_degree,0.18
pythia-70m,64,bookcorpus,halfB,real,trans_merge_degree,0.36
pythia-70m,64,bookcorpus,halfB,real,trans_continued,0.0
pythia-70m,64,bookcorpus,halfB,real,trans_mean_best_jaccard,0.07849029956517434
pythia-70m,256,bookcorpus,halfB,real,trans_split_degree,0.26
pythia-70m,256,bookcorpus,halfB,real,trans_merge_degree,0.16
pythia-70m,256,bookcorpus,halfB,real,trans_continued,0.0
pythia-70m,256,bookcorpus,halfB,real,trans_mean_best_jaccard,0.07234603928473217
pythia-70m,1000,bookcorpus,halfB,real,trans_split_degree,0.1
pythia-70m,1000,bookcorpus,halfB,real,trans_merge_degree,0.16
pythia-70m,1000,bookcorpus,halfB,real,trans_continued,0.0
pythia-70m,1000,bookcorpus,halfB,real,trans_mean_best_jaccard,0.05329820862285926
pythia-70m,4000,bookcorpus,halfB,real,trans_split_degree,0.32
pythia-70m,4000,bookcorpus,halfB,real,trans_merge_degree,0.27
pythia-70m,4000,bookcorpus,halfB,real,trans_continued,0.0
pythia-70m,4000,bookcorpus,halfB,real,trans_mean_best_jaccard,0.07683664715965667
pythia-70m,16000,bookcorpus,halfB,real,trans_split_degree,0.65
pythia-70m,16000,bookcorpus,halfB,real,trans_merge_degree,0.65
pythia-70m,16000,bookcorpus,halfB,real,trans_continued,0.0
pythia-70m,16000,bookcorpus,halfB,real,trans_mean_best_jaccard,0.1320436460110247
pythia-70m,64000,bookcorpus,halfB,real,trans_split_degree,0.69
pythia-70m,64000,bookcorpus,halfB,real,trans_merge_degree,0.67
pythia-70m,64000,bookcorpus,halfB,real,trans_continued,0.0
pythia-70m,64000,bookcorpus,halfB,real,trans_mean_best_jaccard,0.16823516407703676
pythia-70m,143000,bookcorpus,halfB,real,trans_split_degree,0.92
pythia-70m,143000,bookcorpus,halfB,real,trans_merge_degree,0.9
pythia-70m,143000,bookcorpus,halfB,real,trans_continued,0.02
pythia-70m,143000,bookcorpus,halfB,real,trans_mean_best_jaccard,0.21882416535866317
pythia-70m,0,bookcorpus,halfB,real,birth_frac_born_by,0.0
pythia-70m,1,bookcorpus,halfB,real,birth_frac_born_by,0.0
pythia-70m,4,bookcorpus,halfB,real,birth_frac_born_by,0.0
pythia-70m,16,bookcorpus,halfB,real,birth_frac_born_by,0.0
pythia-70m,64,bookcorpus,halfB,real,birth_frac_born_by,0.0
pythia-70m,256,bookcorpus,halfB,real,birth_frac_born_by,0.0
pythia-70m,1000,bookcorpus,halfB,real,birth_frac_born_by,0.0
pythia-70m,4000,bookcorpus,halfB,real,birth_frac_born_by,0.0
pythia-70m,16000,bookcorpus,halfB,real,birth_frac_born_by,0.0
pythia-70m,64000,bookcorpus,halfB,real,birth_frac_born_by,0.02
pythia-70m,143000,bookcorpus,halfB,real,birth_frac_born_by,1.0
pythia-70m,1,agnews,halfB,real,trans_split_degree,1.0
pythia-70m,1,agnews,halfB,real,trans_merge_degree,1.0
pythia-70m,1,agnews,halfB,real,trans_continued,1.0
pythia-70m,1,agnews,halfB,real,trans_mean_best_jaccard,1.0
pythia-70m,4,agnews,halfB,real,trans_split_degree,1.15
pythia-70m,4,agnews,halfB,real,trans_merge_degree,1.14
pythia-70m,4,agnews,halfB,real,trans_continued,0.84
pythia-70m,4,agnews,halfB,real,trans_mean_best_jaccard,0.7401376717837299
pythia-70m,16,agnews,halfB,real,trans_split_degree,1.18
pythia-70m,16,agnews,halfB,real,trans_merge_degree,1.15
pythia-70m,16,agnews,halfB,real,trans_continued,0.42
pythia-70m,16,agnews,halfB,real,trans_mean_best_jaccard,0.4315914060725916
pythia-70m,64,agnews,halfB,real,trans_split_degree,0.09
pythia-70m,64,agnews,halfB,real,trans_merge_degree,0.18
pythia-70m,64,agnews,halfB,real,trans_continued,0.0
pythia-70m,64,agnews,halfB,real,trans_mean_best_jaccard,0.05275739008320552
pythia-70m,256,agnews,halfB,real,trans_split_degree,0.27
pythia-70m,256,agnews,halfB,real,trans_merge_degree,0.23
pythia-70m,256,agnews,halfB,real,trans_continued,0.0
pythia-70m,256,agnews,halfB,real,trans_mean_best_jaccard,0.0730906123644597
pythia-70m,1000,agnews,halfB,real,trans_split_degree,0.1
pythia-70m,1000,agnews,halfB,real,trans_merge_degree,0.17
pythia-70m,1000,agnews,halfB,real,trans_continued,0.0
pythia-70m,1000,agnews,halfB,real,trans_mean_best_jaccard,0.05842557805018202
pythia-70m,4000,agnews,halfB,real,trans_split_degree,0.31
pythia-70m,4000,agnews,halfB,real,trans_merge_degree,0.36
pythia-70m,4000,agnews,halfB,real,trans_continued,0.0
pythia-70m,4000,agnews,halfB,real,trans_mean_best_jaccard,0.08738115751463811
pythia-70m,16000,agnews,halfB,real,trans_split_degree,0.87
pythia-70m,16000,agnews,halfB,real,trans_merge_degree,0.87
pythia-70m,16000,agnews,halfB,real,trans_continued,0.0
pythia-70m,16000,agnews,halfB,real,trans_mean_best_jaccard,0.17127001009045995
pythia-70m,64000,agnews,halfB,real,trans_split_degree,0.97
pythia-70m,64000,agnews,halfB,real,trans_merge_degree,0.96
pythia-70m,64000,agnews,halfB,real,trans_continued,0.03
pythia-70m,64000,agnews,halfB,real,trans_mean_best_jaccard,0.20453117543363927
pythia-70m,143000,agnews,halfB,real,trans_split_degree,1.13
pythia-70m,143000,agnews,halfB,real,trans_merge_degree,1.06
pythia-70m,143000,agnews,halfB,real,trans_continued,0.06
pythia-70m,143000,agnews,halfB,real,trans_mean_best_jaccard,0.27774055791449725
pythia-70m,0,agnews,halfB,real,birth_frac_born_by,0.0
pythia-70m,1,agnews,halfB,real,birth_frac_born_by,0.0
pythia-70m,4,agnews,halfB,real,birth_frac_born_by,0.0
pythia-70m,16,agnews,halfB,real,birth_frac_born_by,0.0
pythia-70m,64,agnews,halfB,real,birth_frac_born_by,0.0
pythia-70m,256,agnews,halfB,real,birth_frac_born_by,0.0
pythia-70m,1000,agnews,halfB,real,birth_frac_born_by,0.0
pythia-70m,4000,agnews,halfB,real,birth_frac_born_by,0.0
pythia-70m,16000,agnews,halfB,real,birth_frac_born_by,0.02
pythia-70m,64000,agnews,halfB,real,birth_frac_born_by,0.06
pythia-70m,143000,agnews,halfB,real,birth_frac_born_by,1.0
pythia-70m,1,tldr17,halfB,real,trans_split_degree,1.0
pythia-70m,1,tldr17,halfB,real,trans_merge_degree,1.0
pythia-70m,1,tldr17,halfB,real,trans_continued,1.0
pythia-70m,1,tldr17,halfB,real,trans_mean_best_jaccard,1.0
pythia-70m,4,tldr17,halfB,real,trans_split_degree,1.09
pythia-70m,4,tldr17,halfB,real,trans_merge_degree,1.13
pythia-70m,4,tldr17,halfB,real,trans_continued,0.86
pythia-70m,4,tldr17,halfB,real,trans_mean_best_jaccard,0.7600893808563183
pythia-70m,16,tldr17,halfB,real,trans_split_degree,1.08
pythia-70m,16,tldr17,halfB,real,trans_merge_degree,1.06
pythia-70m,16,tldr17,halfB,real,trans_continued,0.48
pythia-70m,16,tldr17,halfB,real,trans_mean_best_jaccard,0.44922499834285257
pythia-70m,64,tldr17,halfB,real,trans_split_degree,0.08
pythia-70m,64,tldr17,halfB,real,trans_merge_degree,0.17
pythia-70m,64,tldr17,halfB,real,trans_continued,0.0
pythia-70m,64,tldr17,halfB,real,trans_mean_best_jaccard,0.05400915438507946
pythia-70m,256,tldr17,halfB,real,trans_split_degree,0.26
pythia-70m,256,tldr17,halfB,real,trans_merge_degree,0.17
pythia-70m,256,tldr17,halfB,real,trans_continued,0.0
pythia-70m,256,tldr17,halfB,real,trans_mean_best_jaccard,0.06936890326062105
pythia-70m,1000,tldr17,halfB,real,trans_split_degree,0.13
pythia-70m,1000,tldr17,halfB,real,trans_merge_degree,0.2
pythia-70m,1000,tldr17,halfB,real,trans_continued,0.0
pythia-70m,1000,tldr17,halfB,real,trans_mean_best_jaccard,0.06193620874750695
pythia-70m,4000,tldr17,halfB,real,trans_split_degree,0.29
pythia-70m,4000,tldr17,halfB,real,trans_merge_degree,0.34
pythia-70m,4000,tldr17,halfB,real,trans_continued,0.0
pythia-70m,4000,tldr17,halfB,real,trans_mean_best_jaccard,0.0875884873520361
pythia-70m,16000,tldr17,halfB,real,trans_split_degree,0.83
pythia-70m,16000,tldr17,halfB,real,trans_merge_degree,0.76
pythia-70m,16000,tldr17,halfB,real,trans_continued,0.01
pythia-70m,16000,tldr17,halfB,real,trans_mean_best_jaccard,0.1838319317333499
pythia-70m,64000,tldr17,halfB,real,trans_split_degree,0.9
pythia-70m,64000,tldr17,halfB,real,trans_merge_degree,0.92
pythia-70m,64000,tldr17,halfB,real,trans_continued,0.03
pythia-70m,64000,tldr17,halfB,real,trans_mean_best_jaccard,0.21018914428290825
pythia-70m,143000,tldr17,halfB,real,trans_split_degree,1.13
pythia-70m,143000,tldr17,halfB,real,trans_merge_degree,1.04
pythia-70m,143000,tldr17,halfB,real,trans_continued,0.04
pythia-70m,143000,tldr17,halfB,real,trans_mean_best_jaccard,0.2555899651709311
pythia-70m,0,tldr17,halfB,real,birth_frac_born_by,0.0
pythia-70m,1,tldr17,halfB,real,birth_frac_born_by,0.0
pythia-70m,4,tldr17,halfB,real,birth_frac_born_by,0.0
pythia-70m,16,tldr17,halfB,real,birth_frac_born_by,0.0
pythia-70m,64,tldr17,halfB,real,birth_frac_born_by,0.0
pythia-70m,256,tldr17,halfB,real,birth_frac_born_by,0.0
pythia-70m,1000,tldr17,halfB,real,birth_frac_born_by,0.0
pythia-70m,4000,tldr17,halfB,real,birth_frac_born_by,0.0
pythia-70m,16000,tldr17,halfB,real,birth_frac_born_by,0.01
pythia-70m,64000,tldr17,halfB,real,birth_frac_born_by,0.04
pythia-70m,143000,tldr17,halfB,real,birth_frac_born_by,1.0
pythia-70m,0,wikitext,halfA,null,crisp_median_max_membership,0.08
pythia-70m,0,wikitext,halfA,null,crisp_frac_confident,0.0
pythia-70m,0,wikitext,halfA,null,crisp_network_median,0.08699503032345013
pythia-70m,0,wikitext,halfA,null,size_n_networks,100.0
pythia-70m,0,wikitext,halfA,null,size_effective_n,98.49753734135662
pythia-70m,0,wikitext,halfA,null,size_gini,0.09732747395833341
pythia-70m,0,wikitext,halfA,null,size_largest_share,0.015299479166666666
pythia-70m,0,wikitext,halfA,null,size_frac_small,0.0
pythia-70m,0,wikitext,halfA,null,depth_median_effective_layers,5.858820104558997
pythia-70m,0,wikitext,halfA,null,depth_frac_single_layer,0.0
pythia-70m,0,wikitext,halfA,null,depth_mean_layer_span,5.83
pythia-70m,1,wikitext,halfA,null,crisp_median_max_membership,0.08
pythia-70m,1,wikitext,halfA,null,crisp_frac_confident,0.0
pythia-70m,1,wikitext,halfA,null,crisp_network_median,0.08699503032345013
pythia-70m,1,wikitext,halfA,null,size_n_networks,100.0
pythia-70m,1,wikitext,halfA,null,size_effective_n,98.49753734135662
pythia-70m,1,wikitext,halfA,null,size_gini,0.09732747395833341
pythia-70m,1,wikitext,halfA,null,size_largest_share,0.015299479166666666
pythia-70m,1,wikitext,halfA,null,size_frac_small,0.0
pythia-70m,1,wikitext,halfA,null,depth_median_effective_layers,5.858820104558997
pythia-70m,1,wikitext,halfA,null,depth_frac_single_layer,0.0
pythia-70m,1,wikitext,halfA,null,depth_mean_layer_span,5.83
pythia-70m,4,wikitext,halfA,null,crisp_median_max_membership,0.08
pythia-70m,4,wikitext,halfA,null,crisp_frac_confident,0.0
pythia-70m,4,wikitext,halfA,null,crisp_network_median,0.08747442212959455
pythia-70m,4,wikitext,halfA,null,size_n_networks,100.0
pythia-70m,4,wikitext,halfA,null,size_effective_n,98.6483973592461
pythia-70m,4,wikitext,halfA,null,size_gini,0.09138020833333327
pythia-70m,4,wikitext,halfA,null,size_largest_share,0.01611328125
pythia-70m,4,wikitext,halfA,null,size_frac_small,0.0
pythia-70m,4,wikitext,halfA,null,depth_median_effective_layers,5.86905958343155
pythia-70m,4,wikitext,halfA,null,depth_frac_single_layer,0.0
pythia-70m,4,wikitext,halfA,null,depth_mean_layer_span,5.81
pythia-70m,16,wikitext,halfA,null,crisp_median_max_membership,0.08
pythia-70m,16,wikitext,halfA,null,crisp_frac_confident,8.138020833333333e-05
pythia-70m,16,wikitext,halfA,null,crisp_network_median,0.08768895855102751
pythia-70m,16,wikitext,halfA,null,size_n_networks,100.0
pythia-70m,16,wikitext,halfA,null,size_effective_n,98.389531193951
pythia-70m,16,wikitext,halfA,null,size_gini,0.10220052083333342
pythia-70m,16,wikitext,halfA,null,size_largest_share,0.014729817708333334
pythia-70m,16,wikitext,halfA,null,size_frac_small,0.0
pythia-70m,16,wikitext,halfA,null,depth_median_effective_layers,5.88164120593216
pythia-70m,16,wikitext,halfA,null,depth_frac_single_layer,0.0
pythia-70m,16,wikitext,halfA,null,depth_mean_layer_span,5.8
pythia-70m,64,wikitext,halfA,null,crisp_median_max_membership,0.08
pythia-70m,64,wikitext,halfA,null,crisp_frac_confident,0.0
pythia-70m,64,wikitext,halfA,null,crisp_network_median,0.0872872970524702
pythia-70m,64,wikitext,halfA,null,size_n_networks,100.0
pythia-70m,64,wikitext,halfA,null,size_effective_n,98.15349349654855
pythia-70m,64,wikitext,halfA,null,size_gini,0.10657226562499988
pythia-70m,64,wikitext,halfA,null,size_largest_share,0.016276041666666668
pythia-70m,64,wikitext,halfA,null,size_frac_small,0.0
pythia-70m,64,wikitext,halfA,null,depth_median_effective_layers,5.844126289640386
pythia-70m,64,wikitext,halfA,null,depth_frac_single_layer,0.0
pythia-70m,64,wikitext,halfA,null,depth_mean_layer_span,5.66
pythia-70m,256,wikitext,halfA,null,crisp_median_max_membership,0.135
pythia-70m,256,wikitext,halfA,null,crisp_frac_confident,0.032552083333333336
pythia-70m,256,wikitext,halfA,null,crisp_network_median,0.1561056105610561
pythia-70m,256,wikitext,halfA,null,size_n_networks,100.0
pythia-70m,256,wikitext,halfA,null,size_effective_n,84.71244906869047
pythia-70m,256,wikitext,halfA,null,size_gini,0.3157617187499999
pythia-70m,256,wikitext,halfA,null,size_largest_share,0.027425130208333332
pythia-70m,256,wikitext,halfA,null,size_frac_small,0.01
pythia-70m,256,wikitext,halfA,null,depth_median_effective_layers,3.4823658383655554
pythia-70m,256,wikitext,halfA,null,depth_frac_single_layer,0.0
pythia-70m,256,wikitext,halfA,null,depth_mean_layer_span,3.15
pythia-70m,1000,wikitext,halfA,null,crisp_median_max_membership,0.135
pythia-70m,1000,wikitext,halfA,null,crisp_frac_confident,0.021809895833333332
pythia-70m,1000,wikitext,halfA,null,crisp_network_median,0.13775102291325694
pythia-70m,1000,wikitext,halfA,null,size_n_networks,100.0
pythia-70m,1000,wikitext,halfA,null,size_effective_n,87.6495680412394
pythia-70m,1000,wikitext,halfA,null,size_gini,0.28859212239583343
pythia-70m,1000,wikitext,halfA,null,size_largest_share,0.026692708333333332
pythia-70m,1000,wikitext,halfA,null,size_frac_small,0.0
pythia-70m,1000,wikitext,halfA,null,depth_median_effective_layers,3.7073351412243913
pythia-70m,1000,wikitext,halfA,null,depth_frac_single_layer,0.0
pythia-70m,1000,wikitext,halfA,null,depth_mean_layer_span,3.18
pythia-70m,4000,wikitext,halfA,null,crisp_median_max_membership,0.325
pythia-70m,4000,wikitext,halfA,null,crisp_frac_confident,0.20947265625
pythia-70m,4000,wikitext,halfA,null,crisp_network_median,0.2872832089552239
pythia-70m,4000,wikitext,halfA,null,size_n_networks,100.0
pythia-70m,4000,wikitext,halfA,null,size_effective_n,78.92346909522362
pythia-70m,4000,wikitext,halfA,null,size_gini,0.38420572916666673
pythia-70m,4000,wikitext,halfA,null,size_largest_share,0.036702473958333336
pythia-70m,4000,wikitext,halfA,null,size_frac_small,0.0
pythia-70m,4000,wikitext,halfA,null,depth_median_effective_layers,4.500781872917104
pythia-70m,4000,wikitext,halfA,null,depth_frac_single_layer,0.09
pythia-70m,4000,wikitext,halfA,null,depth_mean_layer_span,3.6
pythia-70m,16000,wikitext,halfA,null,crisp_median_max_membership,0.335
pythia-70m,16000,wikitext,halfA,null,crisp_frac_confident,0.218505859375
pythia-70m,16000,wikitext,halfA,null,crisp_network_median,0.26976816860465114
pythia-70m,16000,wikitext,halfA,null,size_n_networks,100.0
pythia-70m,16000,wikitext,halfA,null,size_effective_n,74.86058156652958
pythia-70m,16000,wikitext,halfA,null,size_gini,0.4020849609374999
pythia-70m,16000,wikitext,halfA,null,size_largest_share,0.07828776041666667
pythia-70m,16000,wikitext,halfA,null,size_frac_small,0.0
pythia-70m,16000,wikitext,halfA,null,depth_median_effective_layers,4.6498149442977335
pythia-70m,16000,wikitext,halfA,null,depth_frac_single_layer,0.11
pythia-70m,16000,wikitext,halfA,null,depth_mean_layer_span,3.63
pythia-70m,64000,wikitext,halfA,null,crisp_median_max_membership,0.335
pythia-70m,64000,wikitext,halfA,null,crisp_frac_confident,0.19124348958333334
pythia-70m,64000,wikitext,halfA,null,crisp_network_median,0.3002187749933351
pythia-70m,64000,wikitext,halfA,null,size_n_networks,100.0
pythia-70m,64000,wikitext,halfA,null,size_effective_n,76.8586588451109
pythia-70m,64000,wikitext,halfA,null,size_gini,0.38582356770833326
pythia-70m,64000,wikitext,halfA,null,size_largest_share,0.07218424479166667
pythia-70m,64000,wikitext,halfA,null,size_frac_small,0.0
pythia-70m,64000,wikitext,halfA,null,depth_median_effective_layers,4.380296612613991
pythia-70m,64000,wikitext,halfA,null,depth_frac_single_layer,0.1
pythia-70m,64000,wikitext,halfA,null,depth_mean_layer_span,3.45
pythia-70m,143000,wikitext,halfA,null,crisp_median_max_membership,0.315
pythia-70m,143000,wikitext,halfA,null,crisp_frac_confident,0.16080729166666666
pythia-70m,143000,wikitext,halfA,null,crisp_network_median,0.3004439984949203
pythia-70m,143000,wikitext,halfA,null,size_n_networks,100.0
pythia-70m,143000,wikitext,halfA,null,size_effective_n,75.52457760579078
pythia-70m,143000,wikitext,halfA,null,size_gini,0.40597493489583325
pythia-70m,143000,wikitext,halfA,null,size_largest_share,0.061604817708333336
pythia-70m,143000,wikitext,halfA,null,size_frac_small,0.02
pythia-70m,143000,wikitext,halfA,null,depth_median_effective_layers,4.227952128519239
pythia-70m,143000,wikitext,halfA,null,depth_frac_single_layer,0.01
pythia-70m,143000,wikitext,halfA,null,depth_mean_layer_span,3.67
pythia-70m,0,bookcorpus,halfA,null,crisp_median_max_membership,0.08
pythia-70m,0,bookcorpus,halfA,null,crisp_frac_confident,8.138020833333333e-05
pythia-70m,0,bookcorpus,halfA,null,crisp_network_median,0.08696395775941229
pythia-70m,0,bookcorpus,halfA,null,size_n_networks,100.0
pythia-70m,0,bookcorpus,halfA,null,size_effective_n,98.9630927884439
pythia-70m,0,bookcorpus,halfA,null,size_gini,0.08200683593749991
pythia-70m,0,bookcorpus,halfA,null,size_largest_share,0.013509114583333334
pythia-70m,0,bookcorpus,halfA,null,size_frac_small,0.0
pythia-70m,0,bookcorpus,halfA,null,depth_median_effective_layers,5.887471116442291
pythia-70m,0,bookcorpus,halfA,null,depth_frac_single_layer,0.0
pythia-70m,0,bookcorpus,halfA,null,depth_mean_layer_span,5.86
pythia-70m,1,bookcorpus,halfA,null,crisp_median_max_membership,0.08
pythia-70m,1,bookcorpus,halfA,null,crisp_frac_confident,8.138020833333333e-05
pythia-70m,1,bookcorpus,halfA,null,crisp_network_median,0.08696395775941229
pythia-70m,1,bookcorpus,halfA,null,size_n_networks,100.0
pythia-70m,1,bookcorpus,halfA,null,size_effective_n,98.9630927884439
pythia-70m,1,bookcorpus,halfA,null,size_gini,0.08200683593749991
pythia-70m,1,bookcorpus,halfA,null,size_largest_share,0.013509114583333334
pythia-70m,1,bookcorpus,halfA,null,size_frac_small,0.0
pythia-70m,1,bookcorpus,halfA,null,depth_median_effective_layers,5.887471116442291
pythia-70m,1,bookcorpus,halfA,null,depth_frac_single_layer,0.0
pythia-70m,1,bookcorpus,halfA,null,depth_mean_layer_span,5.86
pythia-70m,4,bookcorpus,halfA,null,crisp_median_max_membership,0.08
pythia-70m,4,bookcorpus,halfA,null,crisp_frac_confident,0.0
pythia-70m,4,bookcorpus,halfA,null,crisp_network_median,0.08782668590921017
pythia-70m,4,bookcorpus,halfA,null,size_n_networks,100.0
pythia-70m,4,bookcorpus,halfA,null,size_effective_n,98.62291717866009
pythia-70m,4,bookcorpus,halfA,null,size_gini,0.09434082031250002
pythia-70m,4,bookcorpus,halfA,null,size_largest_share,0.013671875
pythia-70m,4,bookcorpus,halfA,null,size_frac_small,0.0
pythia-70m,4,bookcorpus,halfA,null,depth_median_effective_layers,5.890030623739941
pythia-70m,4,bookcorpus,halfA,null,depth_frac_single_layer,0.0
pythia-70m,4,bookcorpus,halfA,null,depth_mean_layer_span,5.86
pythia-70m,16,bookcorpus,halfA,null,crisp_median_max_membership,0.08
pythia-70m,16,bookcorpus,halfA,null,crisp_frac_confident,0.0
pythia-70m,16,bookcorpus,halfA,null,crisp_network_median,0.08729029605263157
pythia-70m,16,bookcorpus,halfA,null,size_n_networks,100.0
pythia-70m,16,bookcorpus,halfA,null,size_effective_n,98.75229769474151
pythia-70m,16,bookcorpus,halfA,null,size_gini,0.08984212239583322
pythia-70m,16,bookcorpus,halfA,null,size_largest_share,0.013590494791666666
pythia-70m,16,bookcorpus,halfA,null,size_frac_small,0.0
pythia-70m,16,bookcorpus,halfA,null,depth_median_effective_layers,5.895422874379118
pythia-70m,16,bookcorpus,halfA,null,depth_frac_single_layer,0.0
pythia-70m,16,bookcorpus,halfA,null,depth_mean_layer_span,5.94
pythia-70m,64,bookcorpus,halfA,null,crisp_median_max_membership,0.08
pythia-70m,64,bookcorpus,halfA,null,crisp_frac_confident,0.0
pythia-70m,64,bookcorpus,halfA,null,crisp_network_median,0.08645542093817957
pythia-70m,64,bookcorpus,halfA,null,size_n_networks,100.0
pythia-70m,64,bookcorpus,halfA,null,size_effective_n,98.58896239722375
pythia-70m,64,bookcorpus,halfA,null,size_gini,0.09429687499999995
pythia-70m,64,bookcorpus,halfA,null,size_largest_share,0.014567057291666666
pythia-70m,64,bookcorpus,halfA,null,size_frac_small,0.0
pythia-70m,64,bookcorpus,halfA,null,depth_median_effective_layers,5.882469216926148
pythia-70m,64,bookcorpus,halfA,null,depth_frac_single_layer,0.0
pythia-70m,64,bookcorpus,halfA,null,depth_mean_layer_span,5.89
pythia-70m,256,bookcorpus,halfA,null,crisp_median_max_membership,0.085
pythia-70m,256,bookcorpus,halfA,null,crisp_frac_confident,0.0021158854166666665
pythia-70m,256,bookcorpus,halfA,null,crisp_network_median,0.09139844992050875
pythia-70m,256,bookcorpus,halfA,null,size_n_networks,100.0
pythia-70m,256,bookcorpus,halfA,null,size_effective_n,96.25205872613941
pythia-70m,256,bookcorpus,halfA,null,size_gini,0.13865885416666668
pythia-70m,256,bookcorpus,halfA,null,size_largest_share,0.031901041666666664
pythia-70m,256,bookcorpus,halfA,null,size_frac_small,0.0
pythia-70m,256,bookcorpus,halfA,null,depth_median_effective_layers,5.52972124834911
pythia-70m,256,bookcorpus,halfA,null,depth_frac_single_layer,0.0
pythia-70m,256,bookcorpus,halfA,null,depth_mean_layer_span,4.64
pythia-70m,1000,bookcorpus,halfA,null,crisp_median_max_membership,0.085
pythia-70m,1000,bookcorpus,halfA,null,crisp_frac_confident,0.009765625
pythia-70m,1000,bookcorpus,halfA,null,crisp_network_median,0.0916808533758331
pythia-70m,1000,bookcorpus,halfA,null,size_n_networks,100.0
pythia-70m,1000,bookcorpus,halfA,null,size_effective_n,97.49268283416916
pythia-70m,1000,bookcorpus,halfA,null,size_gini,0.12679036458333326
pythia-70m,1000,bookcorpus,halfA,null,size_largest_share,0.017578125
pythia-70m,1000,bookcorpus,halfA,null,size_frac_small,0.0
pythia-70m,1000,bookcorpus,halfA,null,depth_median_effective_layers,5.333616153100753
pythia-70m,1000,bookcorpus,halfA,null,depth_frac_single_layer,0.0
pythia-70m,1000,bookcorpus,halfA,null,depth_mean_layer_span,4.34
pythia-70m,4000,bookcorpus,halfA,null,crisp_median_max_membership,0.1
pythia-70m,4000,bookcorpus,halfA,null,crisp_frac_confident,0.038004557291666664
pythia-70m,4000,bookcorpus,halfA,null,crisp_network_median,0.1022915069018405
pythia-70m,4000,bookcorpus,halfA,null,size_n_networks,100.0
pythia-70m,4000,bookcorpus,halfA,null,size_effective_n,91.82517249063142
pythia-70m,4000,bookcorpus,halfA,null,size_gini,0.20947102864583322
pythia-70m,4000,bookcorpus,halfA,null,size_largest_share,0.018636067708333332
pythia-70m,4000,bookcorpus,halfA,null,size_frac_small,0.02
pythia-70m,4000,bookcorpus,halfA,null,depth_median_effective_layers,4.907301443147127
pythia-70m,4000,bookcorpus,halfA,null,depth_frac_single_layer,0.05
pythia-70m,4000,bookcorpus,halfA,null,depth_mean_layer_span,4.04
pythia-70m,16000,bookcorpus,halfA,null,crisp_median_max_membership,0.125
pythia-70m,16000,bookcorpus,halfA,null,crisp_frac_confident,0.09383138020833333
pythia-70m,16000,bookcorpus,halfA,null,crisp_network_median,0.12429878048780488
pythia-70m,16000,bookcorpus,halfA,null,size_n_networks,100.0
pythia-70m,16000,bookcorpus,halfA,null,size_effective_n,80.43228751208922
pythia-70m,16000,bookcorpus,halfA,null,size_gini,0.35459309895833324
pythia-70m,16000,bookcorpus,halfA,null,size_largest_share,0.032389322916666664
pythia-70m,16000,bookcorpus,halfA,null,size_frac_small,0.04
pythia-70m,16000,bookcorpus,halfA,null,depth_median_effective_layers,4.727846488461637
pythia-70m,16000,bookcorpus,halfA,null,depth_frac_single_layer,0.11
pythia-70m,16000,bookcorpus,halfA,null,depth_mean_layer_span,3.67
pythia-70m,64000,bookcorpus,halfA,null,crisp_median_max_membership,0.31
pythia-70m,64000,bookcorpus,halfA,null,crisp_frac_confident,0.276611328125
pythia-70m,64000,bookcorpus,halfA,null,crisp_network_median,0.4392948717948718
pythia-70m,64000,bookcorpus,halfA,null,size_n_networks,100.0
pythia-70m,64000,bookcorpus,halfA,null,size_effective_n,67.11117941112975
pythia-70m,64000,bookcorpus,halfA,null,size_gini,0.48751302083333337
pythia-70m,64000,bookcorpus,halfA,null,size_largest_share,0.032470703125
pythia-70m,64000,bookcorpus,halfA,null,size_frac_small,0.09
pythia-70m,64000,bookcorpus,halfA,null,depth_median_effective_layers,3.917909271156446
pythia-70m,64000,bookcorpus,halfA,null,depth_frac_single_layer,0.15
pythia-70m,64000,bookcorpus,halfA,null,depth_mean_layer_span,3.25
pythia-70m,143000,bookcorpus,halfA,null,crisp_median_max_membership,0.25
pythia-70m,143000,bookcorpus,halfA,null,crisp_frac_confident,0.21142578125
pythia-70m,143000,bookcorpus,halfA,null,crisp_network_median,0.44663352272727275
pythia-70m,143000,bookcorpus,halfA,null,size_n_networks,100.0
pythia-70m,143000,bookcorpus,halfA,null,size_effective_n,62.579465827192
pythia-70m,143000,bookcorpus,halfA,null,size_gini,0.5279215494791667
pythia-70m,143000,bookcorpus,halfA,null,size_largest_share,0.037109375
pythia-70m,143000,bookcorpus,halfA,null,size_frac_small,0.14
pythia-70m,143000,bookcorpus,halfA,null,depth_median_effective_layers,4.243446708439706
pythia-70m,143000,bookcorpus,halfA,null,depth_frac_single_layer,0.0
pythia-70m,143000,bookcorpus,halfA,null,depth_mean_layer_span,3.69
pythia-70m,0,agnews,halfA,null,crisp_median_max_membership,0.08
pythia-70m,0,agnews,halfA,null,crisp_frac_confident,0.0
pythia-70m,0,agnews,halfA,null,crisp_network_median,0.08655866778149388
pythia-70m,0,agnews,halfA,null,size_n_networks,100.0
pythia-70m,0,agnews,halfA,null,size_effective_n,98.63137032484502
pythia-70m,0,agnews,halfA,null,size_gini,0.09371093750000004
pythia-70m,0,agnews,halfA,null,size_largest_share,0.015543619791666666
pythia-70m,0,agnews,halfA,null,size_frac_small,0.0
pythia-70m,0,agnews,halfA,null,depth_median_effective_layers,5.890313553099141
pythia-70m,0,agnews,halfA,null,depth_frac_single_layer,0.0
pythia-70m,0,agnews,halfA,null,depth_mean_layer_span,5.89
pythia-70m,1,agnews,halfA,null,crisp_median_max_membership,0.08
pythia-70m,1,agnews,halfA,null,crisp_frac_confident,0.0
pythia-70m,1,agnews,halfA,null,crisp_network_median,0.08655866778149388
pythia-70m,1,agnews,halfA,null,size_n_networks,100.0
pythia-70m,1,agnews,halfA,null,size_effective_n,98.63137032484502
pythia-70m,1,agnews,halfA,null,size_gini,0.09371093750000004
pythia-70m,1,agnews,halfA,null,size_largest_share,0.015543619791666666
pythia-70m,1,agnews,halfA,null,size_frac_small,0.0
pythia-70m,1,agnews,halfA,null,depth_median_effective_layers,5.890313553099141
pythia-70m,1,agnews,halfA,null,depth_frac_single_layer,0.0
pythia-70m,1,agnews,halfA,null,depth_mean_layer_span,5.89
pythia-70m,4,agnews,halfA,null,crisp_median_max_membership,0.08
pythia-70m,4,agnews,halfA,null,crisp_frac_confident,8.138020833333333e-05
pythia-70m,4,agnews,halfA,null,crisp_network_median,0.08773601964806219
pythia-70m,4,agnews,halfA,null,size_n_networks,100.0
pythia-70m,4,agnews,halfA,null,size_effective_n,98.42471606614468
pythia-70m,4,agnews,halfA,null,size_gini,0.09921386718750003
pythia-70m,4,agnews,halfA,null,size_largest_share,0.013997395833333334
pythia-70m,4,agnews,halfA,null,size_frac_small,0.0
pythia-70m,4,agnews,halfA,null,depth_median_effective_layers,5.8806507971823265
pythia-70m,4,agnews,halfA,null,depth_frac_single_layer,0.0
pythia-70m,4,agnews,halfA,null,depth_mean_layer_span,5.87
pythia-70m,16,agnews,halfA,null,crisp_median_max_membership,0.08
pythia-70m,16,agnews,halfA,null,crisp_frac_confident,0.0
pythia-70m,16,agnews,halfA,null,crisp_network_median,0.08577708978328175
pythia-70m,16,agnews,halfA,null,size_n_networks,100.0
pythia-70m,16,agnews,halfA,null,size_effective_n,98.6732664725464
pythia-70m,16,agnews,halfA,null,size_gini,0.09226888020833335
pythia-70m,16,agnews,halfA,null,size_largest_share,0.014241536458333334
pythia-70m,16,agnews,halfA,null,size_frac_small,0.0
pythia-70m,16,agnews,halfA,null,depth_median_effective_layers,5.893107535772006
pythia-70m,16,agnews,halfA,null,depth_frac_single_layer,0.0
pythia-70m,16,agnews,halfA,null,depth_mean_layer_span,5.9
pythia-70m,64,agnews,halfA,null,crisp_median_max_membership,0.08
pythia-70m,64,agnews,halfA,null,crisp_frac_confident,8.138020833333333e-05
pythia-70m,64,agnews,halfA,null,crisp_network_median,0.08643410852713179
pythia-70m,64,agnews,halfA,null,size_n_networks,100.0
pythia-70m,64,agnews,halfA,null,size_effective_n,98.5610412366811
pythia-70m,64,agnews,halfA,null,size_gini,0.09376302083333332
pythia-70m,64,agnews,halfA,null,size_largest_share,0.016764322916666668
pythia-70m,64,agnews,halfA,null,size_frac_small,0.0
pythia-70m,64,agnews,halfA,null,depth_median_effective_layers,5.865312553052052
pythia-70m,64,agnews,halfA,null,depth_frac_single_layer,0.0
pythia-70m,64,agnews,halfA,null,depth_mean_layer_span,5.84
pythia-70m,256,agnews,halfA,null,crisp_median_max_membership,0.1
pythia-70m,256,agnews,halfA,null,crisp_frac_confident,0.003987630208333333
pythia-70m,256,agnews,halfA,null,crisp_network_median,0.10553568181818182
pythia-70m,256,agnews,halfA,null,size_n_networks,100.0
pythia-70m,256,agnews,halfA,null,size_effective_n,95.47758902533315
pythia-70m,256,agnews,halfA,null,size_gini,0.1644531250000001
pythia-70m,256,agnews,halfA,null,size_largest_share,0.021077473958333332
pythia-70m,256,agnews,halfA,null,size_frac_small,0.01
pythia-70m,256,agnews,halfA,null,depth_median_effective_layers,4.029078469146985
pythia-70m,256,agnews,halfA,null,depth_frac_single_layer,0.0
pythia-70m,256,agnews,halfA,null,depth_mean_layer_span,3.32
pythia-70m,1000,agnews,halfA,null,crisp_median_max_membership,0.095
pythia-70m,1000,agnews,halfA,null,crisp_frac_confident,0.004150390625
pythia-70m,1000,agnews,halfA,null,crisp_network_median,0.1020312613200029
pythia-70m,1000,agnews,halfA,null,size_n_networks,100.0
pythia-70m,1000,agnews,halfA,null,size_effective_n,97.47835627548213
pythia-70m,1000,agnews,halfA,null,size_gini,0.12440917968749998
pythia-70m,1000,agnews,halfA,null,size_largest_share,0.02197265625
pythia-70m,1000,agnews,halfA,null,size_frac_small,0.0
pythia-70m,1000,agnews,halfA,null,depth_median_effective_layers,4.282229007570676
pythia-70m,1000,agnews,halfA,null,depth_frac_single_layer,0.0
pythia-70m,1000,agnews,halfA,null,depth_mean_layer_span,3.61
pythia-70m,4000,agnews,halfA,null,crisp_median_max_membership,0.11
pythia-70m,4000,agnews,halfA,null,crisp_frac_confident,0.022054036458333332
pythia-70m,4000,agnews,halfA,null,crisp_network_median,0.10670556247875836
pythia-70m,4000,agnews,halfA,null,size_n_networks,100.0
pythia-70m,4000,agnews,halfA,null,size_effective_n,91.8208290967374
pythia-70m,4000,agnews,halfA,null,size_gini,0.2296712239583334
pythia-70m,4000,agnews,halfA,null,size_largest_share,0.025472005208333332
pythia-70m,4000,agnews,halfA,null,size_frac_small,0.0
pythia-70m,4000,agnews,halfA,null,depth_median_effective_layers,4.727454834339652
pythia-70m,4000,agnews,halfA,null,depth_frac_single_layer,0.06
pythia-70m,4000,agnews,halfA,null,depth_mean_layer_span,3.84
pythia-70m,16000,agnews,halfA,null,crisp_median_max_membership,0.14
pythia-70m,16000,agnews,halfA,null,crisp_frac_confident,0.06648763020833333
pythia-70m,16000,agnews,halfA,null,crisp_network_median,0.1377684294871795
pythia-70m,16000,agnews,halfA,null,size_n_networks,100.0
pythia-70m,16000,agnews,halfA,null,size_effective_n,83.28256541295256
pythia-70m,16000,agnews,halfA,null,size_gini,0.33177897135416656
pythia-70m,16000,agnews,halfA,null,size_largest_share,0.033040364583333336
pythia-70m,16000,agnews,halfA,null,size_frac_small,0.01
pythia-70m,16000,agnews,halfA,null,depth_median_effective_layers,4.550310088625855
pythia-70m,16000,agnews,halfA,null,depth_frac_single_layer,0.08
pythia-70m,16000,agnews,halfA,null,depth_mean_layer_span,3.71
pythia-70m,64000,agnews,halfA,null,crisp_median_max_membership,0.165
pythia-70m,64000,agnews,halfA,null,crisp_frac_confident,0.08260091145833333
pythia-70m,64000,agnews,halfA,null,crisp_network_median,0.20150864512471656
pythia-70m,64000,agnews,halfA,null,size_n_networks,100.0
pythia-70m,64000,agnews,halfA,null,size_effective_n,80.96050251989992
pythia-70m,64000,agnews,halfA,null,size_gini,0.36155598958333335
pythia-70m,64000,agnews,halfA,null,size_largest_share,0.028645833333333332
pythia-70m,64000,agnews,halfA,null,size_frac_small,0.03
pythia-70m,64000,agnews,halfA,null,depth_median_effective_layers,4.311367280942384
pythia-70m,64000,agnews,halfA,null,depth_frac_single_layer,0.04
pythia-70m,64000,agnews,halfA,null,depth_mean_layer_span,3.69
pythia-70m,143000,agnews,halfA,null,crisp_median_max_membership,0.2
pythia-70m,143000,agnews,halfA,null,crisp_frac_confident,0.13175455729166666
pythia-70m,143000,agnews,halfA,null,crisp_network_median,0.2729898119122257
pythia-70m,143000,agnews,halfA,null,size_n_networks,100.0
pythia-70m,143000,agnews,halfA,null,size_effective_n,76.77660685317491
pythia-70m,143000,agnews,halfA,null,size_gini,0.3990527343749999
pythia-70m,143000,agnews,halfA,null,size_largest_share,0.03271484375
pythia-70m,143000,agnews,halfA,null,size_frac_small,0.06
pythia-70m,143000,agnews,halfA,null,depth_median_effective_layers,4.327043130085018
pythia-70m,143000,agnews,halfA,null,depth_frac_single_layer,0.0
pythia-70m,143000,agnews,halfA,null,depth_mean_layer_span,3.78
pythia-70m,0,tldr17,halfA,null,crisp_median_max_membership,0.08
pythia-70m,0,tldr17,halfA,null,crisp_frac_confident,0.0
pythia-70m,0,tldr17,halfA,null,crisp_network_median,0.08688255966001962
pythia-70m,0,tldr17,halfA,null,size_n_networks,100.0
pythia-70m,0,tldr17,halfA,null,size_effective_n,98.26362952767323
pythia-70m,0,tldr17,halfA,null,size_gini,0.10413411458333321
pythia-70m,0,tldr17,halfA,null,size_largest_share,0.01611328125
pythia-70m,0,tldr17,halfA,null,size_frac_small,0.0
pythia-70m,0,tldr17,halfA,null,depth_median_effective_layers,5.773405639733383
pythia-70m,0,tldr17,halfA,null,depth_frac_single_layer,0.0
pythia-70m,0,tldr17,halfA,null,depth_mean_layer_span,5.46
pythia-70m,1,tldr17,halfA,null,crisp_median_max_membership,0.08
pythia-70m,1,tldr17,halfA,null,crisp_frac_confident,0.0
pythia-70m,1,tldr17,halfA,null,crisp_network_median,0.08688255966001962
pythia-70m,1,tldr17,halfA,null,size_n_networks,100.0
pythia-70m,1,tldr17,halfA,null,size_effective_n,98.26362952767323
pythia-70m,1,tldr17,halfA,null,size_gini,0.10413411458333321
pythia-70m,1,tldr17,halfA,null,size_largest_share,0.01611328125
pythia-70m,1,tldr17,halfA,null,size_frac_small,0.0
pythia-70m,1,tldr17,halfA,null,depth_median_effective_layers,5.773405639733383
pythia-70m,1,tldr17,halfA,null,depth_frac_single_layer,0.0
pythia-70m,1,tldr17,halfA,null,depth_mean_layer_span,5.46
pythia-70m,4,tldr17,halfA,null,crisp_median_max_membership,0.08
pythia-70m,4,tldr17,halfA,null,crisp_frac_confident,0.0
pythia-70m,4,tldr17,halfA,null,crisp_network_median,0.08708946078431373
pythia-70m,4,tldr17,halfA,null,size_n_networks,100.0
pythia-70m,4,tldr17,halfA,null,size_effective_n,98.60787590148965
pythia-70m,4,tldr17,halfA,null,size_gini,0.09287760416666657
pythia-70m,4,tldr17,halfA,null,size_largest_share,0.015787760416666668
pythia-70m,4,tldr17,halfA,null,size_frac_small,0.0
pythia-70m,4,tldr17,halfA,null,depth_median_effective_layers,5.78872728333654
pythia-70m,4,tldr17,halfA,null,depth_frac_single_layer,0.0
pythia-70m,4,tldr17,halfA,null,depth_mean_layer_span,5.52
pythia-70m,16,tldr17,halfA,null,crisp_median_max_membership,0.08
pythia-70m,16,tldr17,halfA,null,crisp_frac_confident,0.0
pythia-70m,16,tldr17,halfA,null,crisp_network_median,0.08765640181366727
pythia-70m,16,tldr17,halfA,null,size_n_networks,100.0
pythia-70m,16,tldr17,halfA,null,size_effective_n,98.30043135693442
pythia-70m,16,tldr17,halfA,null,size_gini,0.10455566406250005
pythia-70m,16,tldr17,halfA,null,size_largest_share,0.014241536458333334
pythia-70m,16,tldr17,halfA,null,size_frac_small,0.0
pythia-70m,16,tldr17,halfA,null,depth_median_effective_layers,5.801810355186353
pythia-70m,16,tldr17,halfA,null,depth_frac_single_layer,0.0
pythia-70m,16,tldr17,halfA,null,depth_mean_layer_span,5.62
pythia-70m,64,tldr17,halfA,null,crisp_median_max_membership,0.165
pythia-70m,64,tldr17,halfA,null,crisp_frac_confident,0.20271809895833334
pythia-70m,64,tldr17,halfA,null,crisp_network_median,0.7001536885245903
pythia-70m,64,tldr17,halfA,null,size_n_networks,100.0
pythia-70m,64,tldr17,halfA,null,size_effective_n,63.41194942693773
pythia-70m,64,tldr17,halfA,null,size_gini,0.514658203125
pythia-70m,64,tldr17,halfA,null,size_largest_share,0.033854166666666664
pythia-70m,64,tldr17,halfA,null,size_frac_small,0.01
pythia-70m,64,tldr17,halfA,null,depth_median_effective_layers,3.9151800844996707
pythia-70m,64,tldr17,halfA,null,depth_frac_single_layer,0.0
pythia-70m,64,tldr17,halfA,null,depth_mean_layer_span,3.76
pythia-70m,256,tldr17,halfA,null,crisp_median_max_membership,0.485
pythia-70m,256,tldr17,halfA,null,crisp_frac_confident,0.4640299479166667
pythia-70m,256,tldr17,halfA,null,crisp_network_median,0.7307675438596491
pythia-70m,256,tldr17,halfA,null,size_n_networks,100.0
pythia-70m,256,tldr17,halfA,null,size_effective_n,40.424798664300134
pythia-70m,256,tldr17,halfA,null,size_gini,0.6270914713541667
pythia-70m,256,tldr17,halfA,null,size_largest_share,0.12646484375
pythia-70m,256,tldr17,halfA,null,size_frac_small,0.01
pythia-70m,256,tldr17,halfA,null,depth_median_effective_layers,3.953310618671046
pythia-70m,256,tldr17,halfA,null,depth_frac_single_layer,0.01
pythia-70m,256,tldr17,halfA,null,depth_mean_layer_span,3.69
pythia-70m,1000,tldr17,halfA,null,crisp_median_max_membership,0.23249999999999998
pythia-70m,1000,tldr17,halfA,null,crisp_frac_confident,0.15966796875
pythia-70m,1000,tldr17,halfA,null,crisp_network_median,0.30808982683982683
pythia-70m,1000,tldr17,halfA,null,size_n_networks,100.0
pythia-70m,1000,tldr17,halfA,null,size_effective_n,78.82557108936328
pythia-70m,1000,tldr17,halfA,null,size_gini,0.38641113281249995
pythia-70m,1000,tldr17,halfA,null,size_largest_share,0.034505208333333336
pythia-70m,1000,tldr17,halfA,null,size_frac_small,0.0
pythia-70m,1000,tldr17,halfA,null,depth_median_effective_layers,3.767703942463407
pythia-70m,1000,tldr17,halfA,null,depth_frac_single_layer,0.0
pythia-70m,1000,tldr17,halfA,null,depth_mean_layer_span,3.34
pythia-70m,4000,tldr17,halfA,null,crisp_median_max_membership,0.37
pythia-70m,4000,tldr17,halfA,null,crisp_frac_confident,0.26953125
pythia-70m,4000,tldr17,halfA,null,crisp_network_median,0.33776438835932987
pythia-70m,4000,tldr17,halfA,null,size_n_networks,100.0
pythia-70m,4000,tldr17,halfA,null,size_effective_n,73.18704669985709
pythia-70m,4000,tldr17,halfA,null,size_gini,0.4273339843749999
pythia-70m,4000,tldr17,halfA,null,size_largest_share,0.059407552083333336
pythia-70m,4000,tldr17,halfA,null,size_frac_small,0.0
pythia-70m,4000,tldr17,halfA,null,depth_median_effective_layers,4.6039481272220755
pythia-70m,4000,tldr17,halfA,null,depth_frac_single_layer,0.14
pythia-70m,4000,tldr17,halfA,null,depth_mean_layer_span,3.67
pythia-70m,16000,tldr17,halfA,null,crisp_median_max_membership,0.41
pythia-70m,16000,tldr17,halfA,null,crisp_frac_confident,0.34716796875
pythia-70m,16000,tldr17,halfA,null,crisp_network_median,0.34890218642117377
pythia-70m,16000,tldr17,halfA,null,size_n_networks,100.0
pythia-70m,16000,tldr17,halfA,null,size_effective_n,71.63366926185441
pythia-70m,16000,tldr17,halfA,null,size_gini,0.4279768880208332
pythia-70m,16000,tldr17,halfA,null,size_largest_share,0.0859375
pythia-70m,16000,tldr17,halfA,null,size_frac_small,0.0
pythia-70m,16000,tldr17,halfA,null,depth_median_effective_layers,4.593421435660163
pythia-70m,16000,tldr17,halfA,null,depth_frac_single_layer,0.15
pythia-70m,16000,tldr17,halfA,null,depth_mean_layer_span,3.63
pythia-70m,64000,tldr17,halfA,null,crisp_median_max_membership,0.37
pythia-70m,64000,tldr17,halfA,null,crisp_frac_confident,0.2862955729166667
pythia-70m,64000,tldr17,halfA,null,crisp_network_median,0.3194929718875502
pythia-70m,64000,tldr17,halfA,null,size_n_networks,100.0
pythia-70m,64000,tldr17,halfA,null,size_effective_n,70.5871540511642
pythia-70m,64000,tldr17,halfA,null,size_gini,0.43209309895833337
pythia-70m,64000,tldr17,halfA,null,size_largest_share,0.09122721354166667
pythia-70m,64000,tldr17,halfA,null,size_frac_small,0.01
pythia-70m,64000,tldr17,halfA,null,depth_median_effective_layers,4.319295858289394
pythia-70m,64000,tldr17,halfA,null,depth_frac_single_layer,0.09
pythia-70m,64000,tldr17,halfA,null,depth_mean_layer_span,3.45
pythia-70m,143000,tldr17,halfA,null,crisp_median_max_membership,0.39
pythia-70m,143000,tldr17,halfA,null,crisp_frac_confident,0.318115234375
pythia-70m,143000,tldr17,halfA,null,crisp_network_median,0.32914828924329187
pythia-70m,143000,tldr17,halfA,null,size_n_networks,100.0
pythia-70m,143000,tldr17,halfA,null,size_effective_n,71.87265886348123
pythia-70m,143000,tldr17,halfA,null,size_gini,0.42476888020833337
pythia-70m,143000,tldr17,halfA,null,size_largest_share,0.08439127604166667
pythia-70m,143000,tldr17,halfA,null,size_frac_small,0.0
pythia-70m,143000,tldr17,halfA,null,depth_median_effective_layers,4.298161828524735
pythia-70m,143000,tldr17,halfA,null,depth_frac_single_layer,0.0
pythia-70m,143000,tldr17,halfA,null,depth_mean_layer_span,3.59
pythia-70m,0,wikitext,halfB,null,crisp_median_max_membership,0.08
pythia-70m,0,wikitext,halfB,null,crisp_frac_confident,0.0
pythia-70m,0,wikitext,halfB,null,crisp_network_median,0.0869892000826788
pythia-70m,0,wikitext,halfB,null,size_n_networks,100.0
pythia-70m,0,wikitext,halfB,null,size_effective_n,98.38681343038645
pythia-70m,0,wikitext,halfB,null,size_gini,0.0989241536458334
pythia-70m,0,wikitext,halfB,null,size_largest_share,0.014892578125
pythia-70m,0,wikitext,halfB,null,size_frac_small,0.0
pythia-70m,0,wikitext,halfB,null,depth_median_effective_layers,5.882461655452897
pythia-70m,0,wikitext,halfB,null,depth_frac_single_layer,0.0
pythia-70m,0,wikitext,halfB,null,depth_mean_layer_span,5.85
pythia-70m,1,wikitext,halfB,null,crisp_median_max_membership,0.08
pythia-70m,1,wikitext,halfB,null,crisp_frac_confident,0.0
pythia-70m,1,wikitext,halfB,null,crisp_network_median,0.0869892000826788
pythia-70m,1,wikitext,halfB,null,size_n_networks,100.0
pythia-70m,1,wikitext,halfB,null,size_effective_n,98.38681343038645
pythia-70m,1,wikitext,halfB,null,size_gini,0.0989241536458334
pythia-70m,1,wikitext,halfB,null,size_largest_share,0.014892578125
pythia-70m,1,wikitext,halfB,null,size_frac_small,0.0
pythia-70m,1,wikitext,halfB,null,depth_median_effective_layers,5.882461655452897
pythia-70m,1,wikitext,halfB,null,depth_frac_single_layer,0.0
pythia-70m,1,wikitext,halfB,null,depth_mean_layer_span,5.85
pythia-70m,4,wikitext,halfB,null,crisp_median_max_membership,0.08
pythia-70m,4,wikitext,halfB,null,crisp_frac_confident,0.0
pythia-70m,4,wikitext,halfB,null,crisp_network_median,0.0869375
pythia-70m,4,wikitext,halfB,null,size_n_networks,100.0
pythia-70m,4,wikitext,halfB,null,size_effective_n,98.69133916036184
pythia-70m,4,wikitext,halfB,null,size_gini,0.0908528645833333
pythia-70m,4,wikitext,halfB,null,size_largest_share,0.015218098958333334
pythia-70m,4,wikitext,halfB,null,size_frac_small,0.0
pythia-70m,4,wikitext,halfB,null,depth_median_effective_layers,5.856910724692332
pythia-70m,4,wikitext,halfB,null,depth_frac_single_layer,0.0
pythia-70m,4,wikitext,halfB,null,depth_mean_layer_span,5.8
pythia-70m,16,wikitext,halfB,null,crisp_median_max_membership,0.08
pythia-70m,16,wikitext,halfB,null,crisp_frac_confident,8.138020833333333e-05
pythia-70m,16,wikitext,halfB,null,crisp_network_median,0.08733387483561539
pythia-70m,16,wikitext,halfB,null,size_n_networks,100.0
pythia-70m,16,wikitext,halfB,null,size_effective_n,98.35044311857709
pythia-70m,16,wikitext,halfB,null,size_gini,0.1039892578124999
pythia-70m,16,wikitext,halfB,null,size_largest_share,0.013671875
pythia-70m,16,wikitext,halfB,null,size_frac_small,0.0
pythia-70m,16,wikitext,halfB,null,depth_median_effective_layers,5.861996616721457
pythia-70m,16,wikitext,halfB,null,depth_frac_single_layer,0.0
pythia-70m,16,wikitext,halfB,null,depth_mean_layer_span,5.83
pythia-70m,64,wikitext,halfB,null,crisp_median_max_membership,0.08
pythia-70m,64,wikitext,halfB,null,crisp_frac_confident,0.011474609375
pythia-70m,64,wikitext,halfB,null,crisp_network_median,0.08873333333333333
pythia-70m,64,wikitext,halfB,null,size_n_networks,100.0
pythia-70m,64,wikitext,halfB,null,size_effective_n,96.8382668302815
pythia-70m,64,wikitext,halfB,null,size_gini,0.12842936197916677
pythia-70m,64,wikitext,halfB,null,size_largest_share,0.029866536458333332
pythia-70m,64,wikitext,halfB,null,size_frac_small,0.0
pythia-70m,64,wikitext,halfB,null,depth_median_effective_layers,5.819905507175145
pythia-70m,64,wikitext,halfB,null,depth_frac_single_layer,0.0
pythia-70m,64,wikitext,halfB,null,depth_mean_layer_span,5.54
pythia-70m,256,wikitext,halfB,null,crisp_median_max_membership,0.135
pythia-70m,256,wikitext,halfB,null,crisp_frac_confident,0.050374348958333336
pythia-70m,256,wikitext,halfB,null,crisp_network_median,0.157257326007326
pythia-70m,256,wikitext,halfB,null,size_n_networks,100.0
pythia-70m,256,wikitext,halfB,null,size_effective_n,83.12912965904815
pythia-70m,256,wikitext,halfB,null,size_gini,0.33532389322916667
pythia-70m,256,wikitext,halfB,null,size_largest_share,0.026285807291666668
pythia-70m,256,wikitext,halfB,null,size_frac_small,0.01
pythia-70m,256,wikitext,halfB,null,depth_median_effective_layers,3.42112963289952
pythia-70m,256,wikitext,halfB,null,depth_frac_single_layer,0.0
pythia-70m,256,wikitext,halfB,null,depth_mean_layer_span,3.15
pythia-70m,1000,wikitext,halfB,null,crisp_median_max_membership,0.14
pythia-70m,1000,wikitext,halfB,null,crisp_frac_confident,0.039469401041666664
pythia-70m,1000,wikitext,halfB,null,crisp_network_median,0.13893113938053098
pythia-70m,1000,wikitext,halfB,null,size_n_networks,100.0
pythia-70m,1000,wikitext,halfB,null,size_effective_n,87.95830188280483
pythia-70m,1000,wikitext,halfB,null,size_gini,0.28673177083333323
pythia-70m,1000,wikitext,halfB,null,size_largest_share,0.025227864583333332
pythia-70m,1000,wikitext,halfB,null,size_frac_small,0.0
pythia-70m,1000,wikitext,halfB,null,depth_median_effective_layers,3.7338784509365035
pythia-70m,1000,wikitext,halfB,null,depth_frac_single_layer,0.0
pythia-70m,1000,wikitext,halfB,null,depth_mean_layer_span,3.17
pythia-70m,4000,wikitext,halfB,null,crisp_median_max_membership,0.345
pythia-70m,4000,wikitext,halfB,null,crisp_frac_confident,0.22102864583333334
pythia-70m,4000,wikitext,halfB,null,crisp_network_median,0.31221861471861473
pythia-70m,4000,wikitext,halfB,null,size_n_networks,100.0
pythia-70m,4000,wikitext,halfB,null,size_effective_n,80.32635188440479
pythia-70m,4000,wikitext,halfB,null,size_gini,0.36854817708333343
pythia-70m,4000,wikitext,halfB,null,size_largest_share,0.03759765625
pythia-70m,4000,wikitext,halfB,null,size_frac_small,0.01
pythia-70m,4000,wikitext,halfB,null,depth_median_effective_layers,4.402772130450572
pythia-70m,4000,wikitext,halfB,null,depth_frac_single_layer,0.11
pythia-70m,4000,wikitext,halfB,null,depth_mean_layer_span,3.55
pythia-70m,16000,wikitext,halfB,null,crisp_median_max_membership,0.325
pythia-70m,16000,wikitext,halfB,null,crisp_frac_confident,0.20296223958333334
pythia-70m,16000,wikitext,halfB,null,crisp_network_median,0.2762446808510638
pythia-70m,16000,wikitext,halfB,null,size_n_networks,100.0
pythia-70m,16000,wikitext,halfB,null,size_effective_n,76.43077999218434
pythia-70m,16000,wikitext,halfB,null,size_gini,0.3956298828125
pythia-70m,16000,wikitext,halfB,null,size_largest_share,0.0654296875
pythia-70m,16000,wikitext,halfB,null,size_frac_small,0.0
pythia-70m,16000,wikitext,halfB,null,depth_median_effective_layers,4.487526889447491
pythia-70m,16000,wikitext,halfB,null,depth_frac_single_layer,0.1
pythia-70m,16000,wikitext,halfB,null,depth_mean_layer_span,3.59
pythia-70m,64000,wikitext,halfB,null,crisp_median_max_membership,0.345
pythia-70m,64000,wikitext,halfB,null,crisp_frac_confident,0.23046875
pythia-70m,64000,wikitext,halfB,null,crisp_network_median,0.293218992248062
pythia-70m,64000,wikitext,halfB,null,size_n_networks,100.0
pythia-70m,64000,wikitext,halfB,null,size_effective_n,74.63124949083156
pythia-70m,64000,wikitext,halfB,null,size_gini,0.4048274739583333
pythia-70m,64000,wikitext,halfB,null,size_largest_share,0.07698567708333333
pythia-70m,64000,wikitext,halfB,null,size_frac_small,0.0
pythia-70m,64000,wikitext,halfB,null,depth_median_effective_layers,4.308244587255274
pythia-70m,64000,wikitext,halfB,null,depth_frac_single_layer,0.08
pythia-70m,64000,wikitext,halfB,null,depth_mean_layer_span,3.58
pythia-70m,143000,wikitext,halfB,null,crisp_median_max_membership,0.32
pythia-70m,143000,wikitext,halfB,null,crisp_frac_confident,0.20906575520833334
pythia-70m,143000,wikitext,halfB,null,crisp_network_median,0.3076190127077224
pythia-70m,143000,wikitext,halfB,null,size_n_networks,100.0
pythia-70m,143000,wikitext,halfB,null,size_effective_n,75.13409693729005
pythia-70m,143000,wikitext,halfB,null,size_gini,0.40114908854166664
pythia-70m,143000,wikitext,halfB,null,size_largest_share,0.071533203125
pythia-70m,143000,wikitext,halfB,null,size_frac_small,0.02
pythia-70m,143000,wikitext,halfB,null,depth_median_effective_layers,4.2724320935524265
pythia-70m,143000,wikitext,halfB,null,depth_frac_single_layer,0.01
pythia-70m,143000,wikitext,halfB,null,depth_mean_layer_span,3.77
pythia-70m,0,bookcorpus,halfB,null,crisp_median_max_membership,0.08
pythia-70m,0,bookcorpus,halfB,null,crisp_frac_confident,8.138020833333333e-05
pythia-70m,0,bookcorpus,halfB,null,crisp_network_median,0.08744164332399626
pythia-70m,0,bookcorpus,halfB,null,size_n_networks,100.0
pythia-70m,0,bookcorpus,halfB,null,size_effective_n,98.47706586245441
pythia-70m,0,bookcorpus,halfB,null,size_gini,0.09793782552083341
pythia-70m,0,bookcorpus,halfB,null,size_largest_share,0.015625
pythia-70m,0,bookcorpus,halfB,null,size_frac_small,0.0
pythia-70m,0,bookcorpus,halfB,null,depth_median_effective_layers,5.8868868125319995
pythia-70m,0,bookcorpus,halfB,null,depth_frac_single_layer,0.0
pythia-70m,0,bookcorpus,halfB,null,depth_mean_layer_span,5.88
pythia-70m,1,bookcorpus,halfB,null,crisp_median_max_membership,0.08
pythia-70m,1,bookcorpus,halfB,null,crisp_frac_confident,8.138020833333333e-05
pythia-70m,1,bookcorpus,halfB,null,crisp_network_median,0.08744164332399626
pythia-70m,1,bookcorpus,halfB,null,size_n_networks,100.0
pythia-70m,1,bookcorpus,halfB,null,size_effective_n,98.47706586245441
pythia-70m,1,bookcorpus,halfB,null,size_gini,0.09793782552083341
pythia-70m,1,bookcorpus,halfB,null,size_largest_share,0.015625
pythia-70m,1,bookcorpus,halfB,null,size_frac_small,0.0
pythia-70m,1,bookcorpus,halfB,null,depth_median_effective_layers,5.8868868125319995
pythia-70m,1,bookcorpus,halfB,null,depth_frac_single_layer,0.0
pythia-70m,1,bookcorpus,halfB,null,depth_mean_layer_span,5.88
pythia-70m,4,bookcorpus,halfB,null,crisp_median_max_membership,0.08
pythia-70m,4,bookcorpus,halfB,null,crisp_frac_confident,0.0
pythia-70m,4,bookcorpus,halfB,null,crisp_network_median,0.08683839706652699
pythia-70m,4,bookcorpus,halfB,null,size_n_networks,100.0
pythia-70m,4,bookcorpus,halfB,null,size_effective_n,98.23748548637917
pythia-70m,4,bookcorpus,halfB,null,size_gini,0.10547037760416655
pythia-70m,4,bookcorpus,halfB,null,size_largest_share,0.014892578125
pythia-70m,4,bookcorpus,halfB,null,size_frac_small,0.0
pythia-70m,4,bookcorpus,halfB,null,depth_median_effective_layers,5.902222802593769
pythia-70m,4,bookcorpus,halfB,null,depth_frac_single_layer,0.0
pythia-70m,4,bookcorpus,halfB,null,depth_mean_layer_span,5.86
pythia-70m,16,bookcorpus,halfB,null,crisp_median_max_membership,0.08
pythia-70m,16,bookcorpus,halfB,null,crisp_frac_confident,0.0
pythia-70m,16,bookcorpus,halfB,null,crisp_network_median,0.08739244880821653
pythia-70m,16,bookcorpus,halfB,null,size_n_networks,100.0
pythia-70m,16,bookcorpus,halfB,null,size_effective_n,98.57859847921377
pythia-70m,16,bookcorpus,halfB,null,size_gini,0.09544270833333335
pythia-70m,16,bookcorpus,halfB,null,size_largest_share,0.013753255208333334
pythia-70m,16,bookcorpus,halfB,null,size_frac_small,0.0
pythia-70m,16,bookcorpus,halfB,null,depth_median_effective_layers,5.904349978636701
pythia-70m,16,bookcorpus,halfB,null,depth_frac_single_layer,0.0
pythia-70m,16,bookcorpus,halfB,null,depth_mean_layer_span,5.89
pythia-70m,64,bookcorpus,halfB,null,crisp_median_max_membership,0.08
pythia-70m,64,bookcorpus,halfB,null,crisp_frac_confident,0.0
pythia-70m,64,bookcorpus,halfB,null,crisp_network_median,0.08672646822204347
pythia-70m,64,bookcorpus,halfB,null,size_n_networks,100.0
pythia-70m,64,bookcorpus,halfB,null,size_effective_n,98.71553751224846
pythia-70m,64,bookcorpus,halfB,null,size_gini,0.09075683593749995
pythia-70m,64,bookcorpus,halfB,null,size_largest_share,0.013509114583333334
pythia-70m,64,bookcorpus,halfB,null,size_frac_small,0.0
pythia-70m,64,bookcorpus,halfB,null,depth_median_effective_layers,5.8860883995501005
pythia-70m,64,bookcorpus,halfB,null,depth_frac_single_layer,0.0
pythia-70m,64,bookcorpus,halfB,null,depth_mean_layer_span,5.83
pythia-70m,256,bookcorpus,halfB,null,crisp_median_max_membership,0.085
pythia-70m,256,bookcorpus,halfB,null,crisp_frac_confident,0.0048828125
pythia-70m,256,bookcorpus,halfB,null,crisp_network_median,0.08969281499479348
pythia-70m,256,bookcorpus,halfB,null,size_n_networks,100.0
pythia-70m,256,bookcorpus,halfB,null,size_effective_n,96.43748586619348
pythia-70m,256,bookcorpus,halfB,null,size_gini,0.13918131510416676
pythia-70m,256,bookcorpus,halfB,null,size_largest_share,0.028889973958333332
pythia-70m,256,bookcorpus,halfB,null,size_frac_small,0.0
pythia-70m,256,bookcorpus,halfB,null,depth_median_effective_layers,5.5396914291474015
pythia-70m,256,bookcorpus,halfB,null,depth_frac_single_layer,0.0
pythia-70m,256,bookcorpus,halfB,null,depth_mean_layer_span,4.79
pythia-70m,1000,bookcorpus,halfB,null,crisp_median_max_membership,0.09
pythia-70m,1000,bookcorpus,halfB,null,crisp_frac_confident,0.006022135416666667
pythia-70m,1000,bookcorpus,halfB,null,crisp_network_median,0.09272767295597484
pythia-70m,1000,bookcorpus,halfB,null,size_n_networks,100.0
pythia-70m,1000,bookcorpus,halfB,null,size_effective_n,97.92095367090732
pythia-70m,1000,bookcorpus,halfB,null,size_gini,0.11255696614583321
pythia-70m,1000,bookcorpus,halfB,null,size_largest_share,0.019205729166666668
pythia-70m,1000,bookcorpus,halfB,null,size_frac_small,0.0
pythia-70m,1000,bookcorpus,halfB,null,depth_median_effective_layers,5.343955530783513
pythia-70m,1000,bookcorpus,halfB,null,depth_frac_single_layer,0.0
pythia-70m,1000,bookcorpus,halfB,null,depth_mean_layer_span,4.37
pythia-70m,4000,bookcorpus,halfB,null,crisp_median_max_membership,0.105
pythia-70m,4000,bookcorpus,halfB,null,crisp_frac_confident,0.040934244791666664
pythia-70m,4000,bookcorpus,halfB,null,crisp_network_median,0.10588390734434235
pythia-70m,4000,bookcorpus,halfB,null,size_n_networks,100.0
pythia-70m,4000,bookcorpus,halfB,null,size_effective_n,90.71244557680149
pythia-70m,4000,bookcorpus,halfB,null,size_gini,0.22594563802083334
pythia-70m,4000,bookcorpus,halfB,null,size_largest_share,0.019694010416666668
pythia-70m,4000,bookcorpus,halfB,null,size_frac_small,0.02
pythia-70m,4000,bookcorpus,halfB,null,depth_median_effective_layers,4.853537826182949
pythia-70m,4000,bookcorpus,halfB,null,depth_frac_single_layer,0.05
pythia-70m,4000,bookcorpus,halfB,null,depth_mean_layer_span,4.03
pythia-70m,16000,bookcorpus,halfB,null,crisp_median_max_membership,0.135
pythia-70m,16000,bookcorpus,halfB,null,crisp_frac_confident,0.10660807291666667
pythia-70m,16000,bookcorpus,halfB,null,crisp_network_median,0.14601732592350442
pythia-70m,16000,bookcorpus,halfB,null,size_n_networks,100.0
pythia-70m,16000,bookcorpus,halfB,null,size_effective_n,79.02682401351801
pythia-70m,16000,bookcorpus,halfB,null,size_gini,0.36817057291666666
pythia-70m,16000,bookcorpus,halfB,null,size_largest_share,0.036865234375
pythia-70m,16000,bookcorpus,halfB,null,size_frac_small,0.06
pythia-70m,16000,bookcorpus,halfB,null,depth_median_effective_layers,4.789836002779856
pythia-70m,16000,bookcorpus,halfB,null,depth_frac_single_layer,0.11
pythia-70m,16000,bookcorpus,halfB,null,depth_mean_layer_span,3.65
pythia-70m,64000,bookcorpus,halfB,null,crisp_median_max_membership,0.345
pythia-70m,64000,bookcorpus,halfB,null,crisp_frac_confident,0.3119303385416667
pythia-70m,64000,bookcorpus,halfB,null,crisp_network_median,0.4594956140350877
pythia-70m,64000,bookcorpus,halfB,null,size_n_networks,100.0
pythia-70m,64000,bookcorpus,halfB,null,size_effective_n,64.38235953200139
pythia-70m,64000,bookcorpus,halfB,null,size_gini,0.5116634114583334
pythia-70m,64000,bookcorpus,halfB,null,size_largest_share,0.033447265625
pythia-70m,64000,bookcorpus,halfB,null,size_frac_small,0.17
pythia-70m,64000,bookcorpus,halfB,null,depth_median_effective_layers,3.7090311797218254
pythia-70m,64000,bookcorpus,halfB,null,depth_frac_single_layer,0.2
pythia-70m,64000,bookcorpus,halfB,null,depth_mean_layer_span,3.18
pythia-70m,143000,bookcorpus,halfB,null,crisp_median_max_membership,0.275
pythia-70m,143000,bookcorpus,halfB,null,crisp_frac_confident,0.24666341145833334
pythia-70m,143000,bookcorpus,halfB,null,crisp_network_median,0.4843346111719605
pythia-70m,143000,bookcorpus,halfB,null,size_n_networks,100.0
pythia-70m,143000,bookcorpus,halfB,null,size_effective_n,59.91956706651634
pythia-70m,143000,bookcorpus,halfB,null,size_gini,0.5471126302083333
pythia-70m,143000,bookcorpus,halfB,null,size_largest_share,0.038248697916666664
pythia-70m,143000,bookcorpus,halfB,null,size_frac_small,0.17
pythia-70m,143000,bookcorpus,halfB,null,depth_median_effective_layers,4.165460549724973
pythia-70m,143000,bookcorpus,halfB,null,depth_frac_single_layer,0.01
pythia-70m,143000,bookcorpus,halfB,null,depth_mean_layer_span,3.64
pythia-70m,0,agnews,halfB,null,crisp_median_max_membership,0.08
pythia-70m,0,agnews,halfB,null,crisp_frac_confident,0.0
pythia-70m,0,agnews,halfB,null,crisp_network_median,0.08682709677419355
pythia-70m,0,agnews,halfB,null,size_n_networks,100.0
pythia-70m,0,agnews,halfB,null,size_effective_n,98.5834806457707
pythia-70m,0,agnews,halfB,null,size_gini,0.09540690104166671
pythia-70m,0,agnews,halfB,null,size_largest_share,0.014973958333333334
pythia-70m,0,agnews,halfB,null,size_frac_small,0.0
pythia-70m,0,agnews,halfB,null,depth_median_effective_layers,5.86956589056841
pythia-70m,0,agnews,halfB,null,depth_frac_single_layer,0.0
pythia-70m,0,agnews,halfB,null,depth_mean_layer_span,5.87
pythia-70m,1,agnews,halfB,null,crisp_median_max_membership,0.08
pythia-70m,1,agnews,halfB,null,crisp_frac_confident,0.0
pythia-70m,1,agnews,halfB,null,crisp_network_median,0.08682709677419355
pythia-70m,1,agnews,halfB,null,size_n_networks,100.0
pythia-70m,1,agnews,halfB,null,size_effective_n,98.5834806457707
pythia-70m,1,agnews,halfB,null,size_gini,0.09540690104166671
pythia-70m,1,agnews,halfB,null,size_largest_share,0.014973958333333334
pythia-70m,1,agnews,halfB,null,size_frac_small,0.0
pythia-70m,1,agnews,halfB,null,depth_median_effective_layers,5.86956589056841
pythia-70m,1,agnews,halfB,null,depth_frac_single_layer,0.0
pythia-70m,1,agnews,halfB,null,depth_mean_layer_span,5.87
pythia-70m,4,agnews,halfB,null,crisp_median_max_membership,0.08
pythia-70m,4,agnews,halfB,null,crisp_frac_confident,0.0
pythia-70m,4,agnews,halfB,null,crisp_network_median,0.0876584585077567
pythia-70m,4,agnews,halfB,null,size_n_networks,100.0
pythia-70m,4,agnews,halfB,null,size_effective_n,98.77192986390045
pythia-70m,4,agnews,halfB,null,size_gini,0.08936360677083321
pythia-70m,4,agnews,halfB,null,size_largest_share,0.013753255208333334
pythia-70m,4,agnews,halfB,null,size_frac_small,0.0
pythia-70m,4,agnews,halfB,null,depth_median_effective_layers,5.895733788159226
pythia-70m,4,agnews,halfB,null,depth_frac_single_layer,0.0
pythia-70m,4,agnews,halfB,null,depth_mean_layer_span,5.84
pythia-70m,16,agnews,halfB,null,crisp_median_max_membership,0.08
pythia-70m,16,agnews,halfB,null,crisp_frac_confident,0.0
pythia-70m,16,agnews,halfB,null,crisp_network_median,0.08655599903241415
pythia-70m,16,agnews,halfB,null,size_n_networks,100.0
pythia-70m,16,agnews,halfB,null,size_effective_n,98.52603042659585
pythia-70m,16,agnews,halfB,null,size_gini,0.09754394531249999
pythia-70m,16,agnews,halfB,null,size_largest_share,0.014485677083333334
pythia-70m,16,agnews,halfB,null,size_frac_small,0.0
pythia-70m,16,agnews,halfB,null,depth_median_effective_layers,5.893672528579984
pythia-70m,16,agnews,halfB,null,depth_frac_single_layer,0.0
pythia-70m,16,agnews,halfB,null,depth_mean_layer_span,5.87
pythia-70m,64,agnews,halfB,null,crisp_median_max_membership,0.08
pythia-70m,64,agnews,halfB,null,crisp_frac_confident,8.138020833333333e-05
pythia-70m,64,agnews,halfB,null,crisp_network_median,0.08759980237154151
pythia-70m,64,agnews,halfB,null,size_n_networks,100.0
pythia-70m,64,agnews,halfB,null,size_effective_n,98.43292050555668
pythia-70m,64,agnews,halfB,null,size_gini,0.10036295572916676
pythia-70m,64,agnews,halfB,null,size_largest_share,0.0146484375
pythia-70m,64,agnews,halfB,null,size_frac_small,0.0
pythia-70m,64,agnews,halfB,null,depth_median_effective_layers,5.887448965957059
pythia-70m,64,agnews,halfB,null,depth_frac_single_layer,0.0
pythia-70m,64,agnews,halfB,null,depth_mean_layer_span,5.85
pythia-70m,256,agnews,halfB,null,crisp_median_max_membership,0.1
pythia-70m,256,agnews,halfB,null,crisp_frac_confident,0.002197265625
pythia-70m,256,agnews,halfB,null,crisp_network_median,0.10434766883671992
pythia-70m,256,agnews,halfB,null,size_n_networks,100.0
pythia-70m,256,agnews,halfB,null,size_effective_n,96.4386589889934
pythia-70m,256,agnews,halfB,null,size_gini,0.15176432291666675
pythia-70m,256,agnews,halfB,null,size_largest_share,0.017578125
pythia-70m,256,agnews,halfB,null,size_frac_small,0.0
pythia-70m,256,agnews,halfB,null,depth_median_effective_layers,4.058921801225883
pythia-70m,256,agnews,halfB,null,depth_frac_single_layer,0.0
pythia-70m,256,agnews,halfB,null,depth_mean_layer_span,3.35
pythia-70m,1000,agnews,halfB,null,crisp_median_max_membership,0.095
pythia-70m,1000,agnews,halfB,null,crisp_frac_confident,0.0037434895833333335
pythia-70m,1000,agnews,halfB,null,crisp_network_median,0.10052857453281183
pythia-70m,1000,agnews,halfB,null,size_n_networks,100.0
pythia-70m,1000,agnews,halfB,null,size_effective_n,96.3908046099337
pythia-70m,1000,agnews,halfB,null,size_gini,0.14666503906249995
pythia-70m,1000,agnews,halfB,null,size_largest_share,0.022379557291666668
pythia-70m,1000,agnews,halfB,null,size_frac_small,0.0
pythia-70m,1000,agnews,halfB,null,depth_median_effective_layers,4.3145968294133645
pythia-70m,1000,agnews,halfB,null,depth_frac_single_layer,0.0
pythia-70m,1000,agnews,halfB,null,depth_mean_layer_span,3.62
pythia-70m,4000,agnews,halfB,null,crisp_median_max_membership,0.105
pythia-70m,4000,agnews,halfB,null,crisp_frac_confident,0.013020833333333334
pythia-70m,4000,agnews,halfB,null,crisp_network_median,0.10556881454872025
pythia-70m,4000,agnews,halfB,null,size_n_networks,100.0
pythia-70m,4000,agnews,halfB,null,size_effective_n,91.58235867461471
pythia-70m,4000,agnews,halfB,null,size_gini,0.2287353515624999
pythia-70m,4000,agnews,halfB,null,size_largest_share,0.02734375
pythia-70m,4000,agnews,halfB,null,size_frac_small,0.01
pythia-70m,4000,agnews,halfB,null,depth_median_effective_layers,4.715098994892597
pythia-70m,4000,agnews,halfB,null,depth_frac_single_layer,0.05
pythia-70m,4000,agnews,halfB,null,depth_mean_layer_span,3.99
pythia-70m,16000,agnews,halfB,null,crisp_median_max_membership,0.13
pythia-70m,16000,agnews,halfB,null,crisp_frac_confident,0.052571614583333336
pythia-70m,16000,agnews,halfB,null,crisp_network_median,0.12967708333333333
pythia-70m,16000,agnews,halfB,null,size_n_networks,100.0
pythia-70m,16000,agnews,halfB,null,size_effective_n,85.37975277930606
pythia-70m,16000,agnews,halfB,null,size_gini,0.3107779947916667
pythia-70m,16000,agnews,halfB,null,size_largest_share,0.029541015625
pythia-70m,16000,agnews,halfB,null,size_frac_small,0.02
pythia-70m,16000,agnews,halfB,null,depth_median_effective_layers,4.7069455644411065
pythia-70m,16000,agnews,halfB,null,depth_frac_single_layer,0.09
pythia-70m,16000,agnews,halfB,null,depth_mean_layer_span,3.85
pythia-70m,64000,agnews,halfB,null,crisp_median_max_membership,0.16
pythia-70m,64000,agnews,halfB,null,crisp_frac_confident,0.06876627604166667
pythia-70m,64000,agnews,halfB,null,crisp_network_median,0.18964573948948948
pythia-70m,64000,agnews,halfB,null,size_n_networks,100.0
pythia-70m,64000,agnews,halfB,null,size_effective_n,81.47362725993611
pythia-70m,64000,agnews,halfB,null,size_gini,0.35355143229166663
pythia-70m,64000,agnews,halfB,null,size_largest_share,0.029541015625
pythia-70m,64000,agnews,halfB,null,size_frac_small,0.03
pythia-70m,64000,agnews,halfB,null,depth_median_effective_layers,4.320400483046843
pythia-70m,64000,agnews,halfB,null,depth_frac_single_layer,0.07
pythia-70m,64000,agnews,halfB,null,depth_mean_layer_span,3.58
pythia-70m,143000,agnews,halfB,null,crisp_median_max_membership,0.195
pythia-70m,143000,agnews,halfB,null,crisp_frac_confident,0.135986328125
pythia-70m,143000,agnews,halfB,null,crisp_network_median,0.26743961352657003
pythia-70m,143000,agnews,halfB,null,size_n_networks,100.0
pythia-70m,143000,agnews,halfB,null,size_effective_n,76.96473262519726
pythia-70m,143000,agnews,halfB,null,size_gini,0.3985888671875
pythia-70m,143000,agnews,halfB,null,size_largest_share,0.0302734375
pythia-70m,143000,agnews,halfB,null,size_frac_small,0.04
pythia-70m,143000,agnews,halfB,null,depth_median_effective_layers,4.183257888363566
pythia-70m,143000,agnews,halfB,null,depth_frac_single_layer,0.02
pythia-70m,143000,agnews,halfB,null,depth_mean_layer_span,3.63
pythia-70m,0,tldr17,halfB,null,crisp_median_max_membership,0.08
pythia-70m,0,tldr17,halfB,null,crisp_frac_confident,0.0
pythia-70m,0,tldr17,halfB,null,crisp_network_median,0.08681276184337738
pythia-70m,0,tldr17,halfB,null,size_n_networks,100.0
pythia-70m,0,tldr17,halfB,null,size_effective_n,98.28210420200568
pythia-70m,0,tldr17,halfB,null,size_gini,0.1050227864583333
pythia-70m,0,tldr17,halfB,null,size_largest_share,0.0146484375
pythia-70m,0,tldr17,halfB,null,size_frac_small,0.0
pythia-70m,0,tldr17,halfB,null,depth_median_effective_layers,5.834901867793958
pythia-70m,0,tldr17,halfB,null,depth_frac_single_layer,0.0
pythia-70m,0,tldr17,halfB,null,depth_mean_layer_span,5.69
pythia-70m,1,tldr17,halfB,null,crisp_median_max_membership,0.08
pythia-70m,1,tldr17,halfB,null,crisp_frac_confident,0.0
pythia-70m,1,tldr17,halfB,null,crisp_network_median,0.08681276184337738
pythia-70m,1,tldr17,halfB,null,size_n_networks,100.0
pythia-70m,1,tldr17,halfB,null,size_effective_n,98.28210420200568
pythia-70m,1,tldr17,halfB,null,size_gini,0.1050227864583333
pythia-70m,1,tldr17,halfB,null,size_largest_share,0.0146484375
pythia-70m,1,tldr17,halfB,null,size_frac_small,0.0
pythia-70m,1,tldr17,halfB,null,depth_median_effective_layers,5.834901867793958
pythia-70m,1,tldr17,halfB,null,depth_frac_single_layer,0.0
pythia-70m,1,tldr17,halfB,null,depth_mean_layer_span,5.69
pythia-70m,4,tldr17,halfB,null,crisp_median_max_membership,0.08
pythia-70m,4,tldr17,halfB,null,crisp_frac_confident,8.138020833333333e-05
pythia-70m,4,tldr17,halfB,null,crisp_network_median,0.08810797375223703
pythia-70m,4,tldr17,halfB,null,size_n_networks,100.0
pythia-70m,4,tldr17,halfB,null,size_effective_n,98.5707470232866
pythia-70m,4,tldr17,halfB,null,size_gini,0.09615071614583326
pythia-70m,4,tldr17,halfB,null,size_largest_share,0.013509114583333334
pythia-70m,4,tldr17,halfB,null,size_frac_small,0.0
pythia-70m,4,tldr17,halfB,null,depth_median_effective_layers,5.818477678710362
pythia-70m,4,tldr17,halfB,null,depth_frac_single_layer,0.0
pythia-70m,4,tldr17,halfB,null,depth_mean_layer_span,5.6
pythia-70m,16,tldr17,halfB,null,crisp_median_max_membership,0.08
pythia-70m,16,tldr17,halfB,null,crisp_frac_confident,0.0
pythia-70m,16,tldr17,halfB,null,crisp_network_median,0.08637897782063644
pythia-70m,16,tldr17,halfB,null,size_n_networks,100.0
pythia-70m,16,tldr17,halfB,null,size_effective_n,98.19277998144202
pythia-70m,16,tldr17,halfB,null,size_gini,0.10869954427083339
pythia-70m,16,tldr17,halfB,null,size_largest_share,0.014811197916666666
pythia-70m,16,tldr17,halfB,null,size_frac_small,0.0
pythia-70m,16,tldr17,halfB,null,depth_median_effective_layers,5.846028063602844
pythia-70m,16,tldr17,halfB,null,depth_frac_single_layer,0.0
pythia-70m,16,tldr17,halfB,null,depth_mean_layer_span,5.69
pythia-70m,64,tldr17,halfB,null,crisp_median_max_membership,0.095
pythia-70m,64,tldr17,halfB,null,crisp_frac_confident,0.07373046875
pythia-70m,64,tldr17,halfB,null,crisp_network_median,0.09841516853932583
pythia-70m,64,tldr17,halfB,null,size_n_networks,100.0
pythia-70m,64,tldr17,halfB,null,size_effective_n,91.83062218238214
pythia-70m,64,tldr17,halfB,null,size_gini,0.21539876302083338
pythia-70m,64,tldr17,halfB,null,size_largest_share,0.016845703125
pythia-70m,64,tldr17,halfB,null,size_frac_small,0.0
pythia-70m,64,tldr17,halfB,null,depth_median_effective_layers,5.538279463289527
pythia-70m,64,tldr17,halfB,null,depth_frac_single_layer,0.0
pythia-70m,64,tldr17,halfB,null,depth_mean_layer_span,4.64
pythia-70m,256,tldr17,halfB,null,crisp_median_max_membership,0.44
pythia-70m,256,tldr17,halfB,null,crisp_frac_confident,0.4037272135416667
pythia-70m,256,tldr17,halfB,null,crisp_network_median,0.8061111111111112
pythia-70m,256,tldr17,halfB,null,size_n_networks,100.0
pythia-70m,256,tldr17,halfB,null,size_effective_n,41.69386306836903
pythia-70m,256,tldr17,halfB,null,size_gini,0.6255338541666666
pythia-70m,256,tldr17,halfB,null,size_largest_share,0.138916015625
pythia-70m,256,tldr17,halfB,null,size_frac_small,0.01
pythia-70m,256,tldr17,halfB,null,depth_median_effective_layers,3.91945810478426
pythia-70m,256,tldr17,halfB,null,depth_frac_single_layer,0.01
pythia-70m,256,tldr17,halfB,null,depth_mean_layer_span,3.69
pythia-70m,1000,tldr17,halfB,null,crisp_median_max_membership,0.18
pythia-70m,1000,tldr17,halfB,null,crisp_frac_confident,0.089599609375
pythia-70m,1000,tldr17,halfB,null,crisp_network_median,0.19268021346469624
pythia-70m,1000,tldr17,halfB,null,size_n_networks,100.0
pythia-70m,1000,tldr17,halfB,null,size_effective_n,82.69590496487967
pythia-70m,1000,tldr17,halfB,null,size_gini,0.3480550130208333
pythia-70m,1000,tldr17,halfB,null,size_largest_share,0.026611328125
pythia-70m,1000,tldr17,halfB,null,size_frac_small,0.0
pythia-70m,1000,tldr17,halfB,null,depth_median_effective_layers,3.6790258520231505
pythia-70m,1000,tldr17,halfB,null,depth_frac_single_layer,0.0
pythia-70m,1000,tldr17,halfB,null,depth_mean_layer_span,3.23
pythia-70m,4000,tldr17,halfB,null,crisp_median_max_membership,0.375
pythia-70m,4000,tldr17,halfB,null,crisp_frac_confident,0.2621256510416667
pythia-70m,4000,tldr17,halfB,null,crisp_network_median,0.3521203830369357
pythia-70m,4000,tldr17,halfB,null,size_n_networks,100.0
pythia-70m,4000,tldr17,halfB,null,size_effective_n,76.04324750658002
pythia-70m,4000,tldr17,halfB,null,size_gini,0.4010009765625
pythia-70m,4000,tldr17,halfB,null,size_largest_share,0.05859375
pythia-70m,4000,tldr17,halfB,null,size_frac_small,0.0
pythia-70m,4000,tldr17,halfB,null,depth_median_effective_layers,4.6057581331538735
pythia-70m,4000,tldr17,halfB,null,depth_frac_single_layer,0.15
pythia-70m,4000,tldr17,halfB,null,depth_mean_layer_span,3.67
pythia-70m,16000,tldr17,halfB,null,crisp_median_max_membership,0.395
pythia-70m,16000,tldr17,halfB,null,crisp_frac_confident,0.32373046875
pythia-70m,16000,tldr17,halfB,null,crisp_network_median,0.3396634615384615
pythia-70m,16000,tldr17,halfB,null,size_n_networks,100.0
pythia-70m,16000,tldr17,halfB,null,size_effective_n,70.31589476960535
pythia-70m,16000,tldr17,halfB,null,size_gini,0.44018717447916655
pythia-70m,16000,tldr17,halfB,null,size_largest_share,0.0888671875
pythia-70m,16000,tldr17,halfB,null,size_frac_small,0.0
pythia-70m,16000,tldr17,halfB,null,depth_median_effective_layers,4.594322772779186
pythia-70m,16000,tldr17,halfB,null,depth_frac_single_layer,0.17
pythia-70m,16000,tldr17,halfB,null,depth_mean_layer_span,3.61
pythia-70m,64000,tldr17,halfB,null,crisp_median_max_membership,0.385
pythia-70m,64000,tldr17,halfB,null,crisp_frac_confident,0.312744140625
pythia-70m,64000,tldr17,halfB,null,crisp_network_median,0.3233206600455203
pythia-70m,64000,tldr17,halfB,null,size_n_networks,100.0
pythia-70m,64000,tldr17,halfB,null,size_effective_n,69.08913177299138
pythia-70m,64000,tldr17,halfB,null,size_gini,0.447255859375
pythia-70m,64000,tldr17,halfB,null,size_largest_share,0.09212239583333333
pythia-70m,64000,tldr17,halfB,null,size_frac_small,0.01
pythia-70m,64000,tldr17,halfB,null,depth_median_effective_layers,4.216381637356362
pythia-70m,64000,tldr17,halfB,null,depth_frac_single_layer,0.11
pythia-70m,64000,tldr17,halfB,null,depth_mean_layer_span,3.46
pythia-70m,143000,tldr17,halfB,null,crisp_median_max_membership,0.375
pythia-70m,143000,tldr17,halfB,null,crisp_frac_confident,0.2976888020833333
pythia-70m,143000,tldr17,halfB,null,crisp_network_median,0.3356242563318035
pythia-70m,143000,tldr17,halfB,null,size_n_networks,100.0
pythia-70m,143000,tldr17,halfB,null,size_effective_n,71.28404060712762
pythia-70m,143000,tldr17,halfB,null,size_gini,0.426015625
pythia-70m,143000,tldr17,halfB,null,size_largest_share,0.08756510416666667
pythia-70m,143000,tldr17,halfB,null,size_frac_small,0.0
pythia-70m,143000,tldr17,halfB,null,depth_median_effective_layers,4.205351467524105
pythia-70m,143000,tldr17,halfB,null,depth_frac_single_layer,0.01
pythia-70m,143000,tldr17,halfB,null,depth_mean_layer_span,3.63
pythia-70m,0,wikitext,halfA_vs_halfB,null,halves_split_degree,0.0
pythia-70m,0,wikitext,halfA_vs_halfB,null,halves_merge_degree,0.0
pythia-70m,0,wikitext,halfA_vs_halfB,null,halves_continued,0.0
pythia-70m,0,wikitext,halfA_vs_halfB,null,halves_mean_best_jaccard,0.019100282058076
pythia-70m,1,wikitext,halfA_vs_halfB,null,halves_split_degree,0.0
pythia-70m,1,wikitext,halfA_vs_halfB,null,halves_merge_degree,0.0
pythia-70m,1,wikitext,halfA_vs_halfB,null,halves_continued,0.0
pythia-70m,1,wikitext,halfA_vs_halfB,null,halves_mean_best_jaccard,0.019100282058076
pythia-70m,4,wikitext,halfA_vs_halfB,null,halves_split_degree,0.0
pythia-70m,4,wikitext,halfA_vs_halfB,null,halves_merge_degree,0.0
pythia-70m,4,wikitext,halfA_vs_halfB,null,halves_continued,0.0
pythia-70m,4,wikitext,halfA_vs_halfB,null,halves_mean_best_jaccard,0.019727907810402796
pythia-70m,16,wikitext,halfA_vs_halfB,null,halves_split_degree,0.0
pythia-70m,16,wikitext,halfA_vs_halfB,null,halves_merge_degree,0.0
pythia-70m,16,wikitext,halfA_vs_halfB,null,halves_continued,0.0
pythia-70m,16,wikitext,halfA_vs_halfB,null,halves_mean_best_jaccard,0.020866473664559702
pythia-70m,64,wikitext,halfA_vs_halfB,null,halves_split_degree,0.01
pythia-70m,64,wikitext,halfA_vs_halfB,null,halves_merge_degree,0.0
pythia-70m,64,wikitext,halfA_vs_halfB,null,halves_continued,0.0
pythia-70m,64,wikitext,halfA_vs_halfB,null,halves_mean_best_jaccard,0.0220465115312493
pythia-70m,256,wikitext,halfA_vs_halfB,null,halves_split_degree,0.0
pythia-70m,256,wikitext,halfA_vs_halfB,null,halves_merge_degree,0.05
pythia-70m,256,wikitext,halfA_vs_halfB,null,halves_continued,0.0
pythia-70m,256,wikitext,halfA_vs_halfB,null,halves_mean_best_jaccard,0.031186217567981723
pythia-70m,1000,wikitext,halfA_vs_halfB,null,halves_split_degree,0.0
pythia-70m,1000,wikitext,halfA_vs_halfB,null,halves_merge_degree,0.02
pythia-70m,1000,wikitext,halfA_vs_halfB,null,halves_continued,0.0
pythia-70m,1000,wikitext,halfA_vs_halfB,null,halves_mean_best_jaccard,0.033625030230386474
pythia-70m,4000,wikitext,halfA_vs_halfB,null,halves_split_degree,0.03
pythia-70m,4000,wikitext,halfA_vs_halfB,null,halves_merge_degree,0.08
pythia-70m,4000,wikitext,halfA_vs_halfB,null,halves_continued,0.0
pythia-70m,4000,wikitext,halfA_vs_halfB,null,halves_mean_best_jaccard,0.037154705665650684
pythia-70m,16000,wikitext,halfA_vs_halfB,null,halves_split_degree,0.03
pythia-70m,16000,wikitext,halfA_vs_halfB,null,halves_merge_degree,0.06
pythia-70m,16000,wikitext,halfA_vs_halfB,null,halves_continued,0.0
pythia-70m,16000,wikitext,halfA_vs_halfB,null,halves_mean_best_jaccard,0.04114648403434793
pythia-70m,64000,wikitext,halfA_vs_halfB,null,halves_split_degree,0.09
pythia-70m,64000,wikitext,halfA_vs_halfB,null,halves_merge_degree,0.1
pythia-70m,64000,wikitext,halfA_vs_halfB,null,halves_continued,0.0
pythia-70m,64000,wikitext,halfA_vs_halfB,null,halves_mean_best_jaccard,0.048576138980141216
pythia-70m,143000,wikitext,halfA_vs_halfB,null,halves_split_degree,0.08
pythia-70m,143000,wikitext,halfA_vs_halfB,null,halves_merge_degree,0.1
pythia-70m,143000,wikitext,halfA_vs_halfB,null,halves_continued,0.0
pythia-70m,143000,wikitext,halfA_vs_halfB,null,halves_mean_best_jaccard,0.04726864873979161
pythia-70m,0,bookcorpus,halfA_vs_halfB,null,halves_split_degree,0.0
pythia-70m,0,bookcorpus,halfA_vs_halfB,null,halves_merge_degree,0.0
pythia-70m,0,bookcorpus,halfA_vs_halfB,null,halves_continued,0.0
pythia-70m,0,bookcorpus,halfA_vs_halfB,null,halves_mean_best_jaccard,0.019643134276931533
pythia-70m,1,bookcorpus,halfA_vs_halfB,null,halves_split_degree,0.0
pythia-70m,1,bookcorpus,halfA_vs_halfB,null,halves_merge_degree,0.0
pythia-70m,1,bookcorpus,halfA_vs_halfB,null,halves_continued,0.0
pythia-70m,1,bookcorpus,halfA_vs_halfB,null,halves_mean_best_jaccard,0.019643134276931533
pythia-70m,4,bookcorpus,halfA_vs_halfB,null,halves_split_degree,0.0
pythia-70m,4,bookcorpus,halfA_vs_halfB,null,halves_merge_degree,0.0
pythia-70m,4,bookcorpus,halfA_vs_halfB,null,halves_continued,0.0
pythia-70m,4,bookcorpus,halfA_vs_halfB,null,halves_mean_best_jaccard,0.0199334471617124
pythia-70m,16,bookcorpus,halfA_vs_halfB,null,halves_split_degree,0.0
pythia-70m,16,bookcorpus,halfA_vs_halfB,null,halves_merge_degree,0.0
pythia-70m,16,bookcorpus,halfA_vs_halfB,null,halves_continued,0.0
pythia-70m,16,bookcorpus,halfA_vs_halfB,null,halves_mean_best_jaccard,0.01990209114067613
pythia-70m,64,bookcorpus,halfA_vs_halfB,null,halves_split_degree,0.0
pythia-70m,64,bookcorpus,halfA_vs_halfB,null,halves_merge_degree,0.0
pythia-70m,64,bookcorpus,halfA_vs_halfB,null,halves_continued,0.0
pythia-70m,64,bookcorpus,halfA_vs_halfB,null,halves_mean_best_jaccard,0.019615281574296522
pythia-70m,256,bookcorpus,halfA_vs_halfB,null,halves_split_degree,0.01
pythia-70m,256,bookcorpus,halfA_vs_halfB,null,halves_merge_degree,0.02
pythia-70m,256,bookcorpus,halfA_vs_halfB,null,halves_continued,0.0
pythia-70m,256,bookcorpus,halfA_vs_halfB,null,halves_mean_best_jaccard,0.025629779502924603
pythia-70m,1000,bookcorpus,halfA_vs_halfB,null,halves_split_degree,0.02
pythia-70m,1000,bookcorpus,halfA_vs_halfB,null,halves_merge_degree,0.02
pythia-70m,1000,bookcorpus,halfA_vs_halfB,null,halves_continued,0.0
pythia-70m,1000,bookcorpus,halfA_vs_halfB,null,halves_mean_best_jaccard,0.025702049622467867
pythia-70m,4000,bookcorpus,halfA_vs_halfB,null,halves_split_degree,0.12
pythia-70m,4000,bookcorpus,halfA_vs_halfB,null,halves_merge_degree,0.11
pythia-70m,4000,bookcorpus,halfA_vs_halfB,null,halves_continued,0.0
pythia-70m,4000,bookcorpus,halfA_vs_halfB,null,halves_mean_best_jaccard,0.038300215073943523
pythia-70m,16000,bookcorpus,halfA_vs_halfB,null,halves_split_degree,0.11
pythia-70m,16000,bookcorpus,halfA_vs_halfB,null,halves_merge_degree,0.15
pythia-70m,16000,bookcorpus,halfA_vs_halfB,null,halves_continued,0.0
pythia-70m,16000,bookcorpus,halfA_vs_halfB,null,halves_mean_best_jaccard,0.042761266227153344
pythia-70m,64000,bookcorpus,halfA_vs_halfB,null,halves_split_degree,0.23
pythia-70m,64000,bookcorpus,halfA_vs_halfB,null,halves_merge_degree,0.25
pythia-70m,64000,bookcorpus,halfA_vs_halfB,null,halves_continued,0.0
pythia-70m,64000,bookcorpus,halfA_vs_halfB,null,halves_mean_best_jaccard,0.057066139550383185
pythia-70m,143000,bookcorpus,halfA_vs_halfB,null,halves_split_degree,0.24
pythia-70m,143000,bookcorpus,halfA_vs_halfB,null,halves_merge_degree,0.26
pythia-70m,143000,bookcorpus,halfA_vs_halfB,null,halves_continued,0.0
pythia-70m,143000,bookcorpus,halfA_vs_halfB,null,halves_mean_best_jaccard,0.05734733735516606
pythia-70m,0,agnews,halfA_vs_halfB,null,halves_split_degree,0.0
pythia-70m,0,agnews,halfA_vs_halfB,null,halves_merge_degree,0.0
pythia-70m,0,agnews,halfA_vs_halfB,null,halves_continued,0.0
pythia-70m,0,agnews,halfA_vs_halfB,null,halves_mean_best_jaccard,0.019928425965755118
pythia-70m,1,agnews,halfA_vs_halfB,null,halves_split_degree,0.0
pythia-70m,1,agnews,halfA_vs_halfB,null,halves_merge_degree,0.0
pythia-70m,1,agnews,halfA_vs_halfB,null,halves_continued,0.0
pythia-70m,1,agnews,halfA_vs_halfB,null,halves_mean_best_jaccard,0.019928425965755118
pythia-70m,4,agnews,halfA_vs_halfB,null,halves_split_degree,0.0
pythia-70m,4,agnews,halfA_vs_halfB,null,halves_merge_degree,0.0
pythia-70m,4,agnews,halfA_vs_halfB,null,halves_continued,0.0
pythia-70m,4,agnews,halfA_vs_halfB,null,halves_mean_best_jaccard,0.019892079765061004
pythia-70m,16,agnews,halfA_vs_halfB,null,halves_split_degree,0.0
pythia-70m,16,agnews,halfA_vs_halfB,null,halves_merge_degree,0.0
pythia-70m,16,agnews,halfA_vs_halfB,null,halves_continued,0.0
pythia-70m,16,agnews,halfA_vs_halfB,null,halves_mean_best_jaccard,0.019339852310810358
pythia-70m,64,agnews,halfA_vs_halfB,null,halves_split_degree,0.0
pythia-70m,64,agnews,halfA_vs_halfB,null,halves_merge_degree,0.0
pythia-70m,64,agnews,halfA_vs_halfB,null,halves_continued,0.0
pythia-70m,64,agnews,halfA_vs_halfB,null,halves_mean_best_jaccard,0.02009190966821419
pythia-70m,256,agnews,halfA_vs_halfB,null,halves_split_degree,0.01
pythia-70m,256,agnews,halfA_vs_halfB,null,halves_merge_degree,0.0
pythia-70m,256,agnews,halfA_vs_halfB,null,halves_continued,0.0
pythia-70m,256,agnews,halfA_vs_halfB,null,halves_mean_best_jaccard,0.027790388127803756
pythia-70m,1000,agnews,halfA_vs_halfB,null,halves_split_degree,0.01
pythia-70m,1000,agnews,halfA_vs_halfB,null,halves_merge_degree,0.01
pythia-70m,1000,agnews,halfA_vs_halfB,null,halves_continued,0.0
pythia-70m,1000,agnews,halfA_vs_halfB,null,halves_mean_best_jaccard,0.029760349250630203
pythia-70m,4000,agnews,halfA_vs_halfB,null,halves_split_degree,0.08
pythia-70m,4000,agnews,halfA_vs_halfB,null,halves_merge_degree,0.09
pythia-70m,4000,agnews,halfA_vs_halfB,null,halves_continued,0.0
pythia-70m,4000,agnews,halfA_vs_halfB,null,halves_mean_best_jaccard,0.03529701667830849
pythia-70m,16000,agnews,halfA_vs_halfB,null,halves_split_degree,0.09
pythia-70m,16000,agnews,halfA_vs_halfB,null,halves_merge_degree,0.07
pythia-70m,16000,agnews,halfA_vs_halfB,null,halves_continued,0.0
pythia-70m,16000,agnews,halfA_vs_halfB,null,halves_mean_best_jaccard,0.042966338684870535
pythia-70m,64000,agnews,halfA_vs_halfB,null,halves_split_degree,0.16
pythia-70m,64000,agnews,halfA_vs_halfB,null,halves_merge_degree,0.18
pythia-70m,64000,agnews,halfA_vs_halfB,null,halves_continued,0.0
pythia-70m,64000,agnews,halfA_vs_halfB,null,halves_mean_best_jaccard,0.04689592694419197
pythia-70m,143000,agnews,halfA_vs_halfB,null,halves_split_degree,0.18
pythia-70m,143000,agnews,halfA_vs_halfB,null,halves_merge_degree,0.17
pythia-70m,143000,agnews,halfA_vs_halfB,null,halves_continued,0.0
pythia-70m,143000,agnews,halfA_vs_halfB,null,halves_mean_best_jaccard,0.05203542900944378
pythia-70m,0,tldr17,halfA_vs_halfB,null,halves_split_degree,0.0
pythia-70m,0,tldr17,halfA_vs_halfB,null,halves_merge_degree,0.0
pythia-70m,0,tldr17,halfA_vs_halfB,null,halves_continued,0.0
pythia-70m,0,tldr17,halfA_vs_halfB,null,halves_mean_best_jaccard,0.019849128130939978
pythia-70m,1,tldr17,halfA_vs_halfB,null,halves_split_degree,0.0
pythia-70m,1,tldr17,halfA_vs_halfB,null,halves_merge_degree,0.0
pythia-70m,1,tldr17,halfA_vs_halfB,null,halves_continued,0.0
pythia-70m,1,tldr17,halfA_vs_halfB,null,halves_mean_best_jaccard,0.019849128130939978
pythia-70m,4,tldr17,halfA_vs_halfB,null,halves_split_degree,0.0
pythia-70m,4,tldr17,halfA_vs_halfB,null,halves_merge_degree,0.0
pythia-70m,4,tldr17,halfA_vs_halfB,null,halves_continued,0.0
pythia-70m,4,tldr17,halfA_vs_halfB,null,halves_mean_best_jaccard,0.01955866071985187
pythia-70m,16,tldr17,halfA_vs_halfB,null,halves_split_degree,0.0
pythia-70m,16,tldr17,halfA_vs_halfB,null,halves_merge_degree,0.0
pythia-70m,16,tldr17,halfA_vs_halfB,null,halves_continued,0.0
pythia-70m,16,tldr17,halfA_vs_halfB,null,halves_mean_best_jaccard,0.020107193679351737
pythia-70m,64,tldr17,halfA_vs_halfB,null,halves_split_degree,0.04
pythia-70m,64,tldr17,halfA_vs_halfB,null,halves_merge_degree,0.0
pythia-70m,64,tldr17,halfA_vs_halfB,null,halves_continued,0.0
pythia-70m,64,tldr17,halfA_vs_halfB,null,halves_mean_best_jaccard,0.025585492425007468
pythia-70m,256,tldr17,halfA_vs_halfB,null,halves_split_degree,0.09
pythia-70m,256,tldr17,halfA_vs_halfB,null,halves_merge_degree,0.15
pythia-70m,256,tldr17,halfA_vs_halfB,null,halves_continued,0.0
pythia-70m,256,tldr17,halfA_vs_halfB,null,halves_mean_best_jaccard,0.04489142321958941
pythia-70m,1000,tldr17,halfA_vs_halfB,null,halves_split_degree,0.01
pythia-70m,1000,tldr17,halfA_vs_halfB,null,halves_merge_degree,0.0
pythia-70m,1000,tldr17,halfA_vs_halfB,null,halves_continued,0.0
pythia-70m,1000,tldr17,halfA_vs_halfB,null,halves_mean_best_jaccard,0.033949190864358235
pythia-70m,4000,tldr17,halfA_vs_halfB,null,halves_split_degree,0.04
pythia-70m,4000,tldr17,halfA_vs_halfB,null,halves_merge_degree,0.05
pythia-70m,4000,tldr17,halfA_vs_halfB,null,halves_continued,0.0
pythia-70m,4000,tldr17,halfA_vs_halfB,null,halves_mean_best_jaccard,0.037261650333347725
pythia-70m,16000,tldr17,halfA_vs_halfB,null,halves_split_degree,0.05
pythia-70m,16000,tldr17,halfA_vs_halfB,null,halves_merge_degree,0.08
pythia-70m,16000,tldr17,halfA_vs_halfB,null,halves_continued,0.0
pythia-70m,16000,tldr17,halfA_vs_halfB,null,halves_mean_best_jaccard,0.042442443237297116
pythia-70m,64000,tldr17,halfA_vs_halfB,null,halves_split_degree,0.08
pythia-70m,64000,tldr17,halfA_vs_halfB,null,halves_merge_degree,0.06
pythia-70m,64000,tldr17,halfA_vs_halfB,null,halves_continued,0.01
pythia-70m,64000,tldr17,halfA_vs_halfB,null,halves_mean_best_jaccard,0.0528326437944966
pythia-70m,143000,tldr17,halfA_vs_halfB,null,halves_split_degree,0.1
pythia-70m,143000,tldr17,halfA_vs_halfB,null,halves_merge_degree,0.12
pythia-70m,143000,tldr17,halfA_vs_halfB,null,halves_continued,0.0
pythia-70m,143000,tldr17,halfA_vs_halfB,null,halves_mean_best_jaccard,0.05193048995986226
pythia-70m,0,agnews,halfA,null,generality_mean,0.019829534310350852
pythia-70m,0,agnews,halfA,null,generality_frac_general,0.0
pythia-70m,0,bookcorpus,halfA,null,generality_mean,0.019679615206390715
pythia-70m,0,bookcorpus,halfA,null,generality_frac_general,0.0
pythia-70m,0,tldr17,halfA,null,generality_mean,0.01965393155034919
pythia-70m,0,tldr17,halfA,null,generality_frac_general,0.0
pythia-70m,0,wikitext,halfA,null,generality_mean,0.019826578551317153
pythia-70m,0,wikitext,halfA,null,generality_frac_general,0.0
pythia-70m,1,agnews,halfA,null,generality_mean,0.019829534310350852
pythia-70m,1,agnews,halfA,null,generality_frac_general,0.0
pythia-70m,1,bookcorpus,halfA,null,generality_mean,0.019679615206390715
pythia-70m,1,bookcorpus,halfA,null,generality_frac_general,0.0
pythia-70m,1,tldr17,halfA,null,generality_mean,0.01965393155034919
pythia-70m,1,tldr17,halfA,null,generality_frac_general,0.0
pythia-70m,1,wikitext,halfA,null,generality_mean,0.019826578551317153
pythia-70m,1,wikitext,halfA,null,generality_frac_general,0.0
pythia-70m,4,agnews,halfA,null,generality_mean,0.019596218486047
pythia-70m,4,agnews,halfA,null,generality_frac_general,0.0
pythia-70m,4,bookcorpus,halfA,null,generality_mean,0.01941507220961185
pythia-70m,4,bookcorpus,halfA,null,generality_frac_general,0.0
pythia-70m,4,tldr17,halfA,null,generality_mean,0.019558271171957717
pythia-70m,4,tldr17,halfA,null,generality_frac_general,0.0
pythia-70m,4,wikitext,halfA,null,generality_mean,0.019564033314292163
pythia-70m,4,wikitext,halfA,null,generality_frac_general,0.0
pythia-70m,16,agnews,halfA,null,generality_mean,0.019926618201463103
pythia-70m,16,agnews,halfA,null,generality_frac_general,0.0
pythia-70m,16,bookcorpus,halfA,null,generality_mean,0.019944120068565333
pythia-70m,16,bookcorpus,halfA,null,generality_frac_general,0.0
pythia-70m,16,tldr17,halfA,null,generality_mean,0.02001070128666588
pythia-70m,16,tldr17,halfA,null,generality_frac_general,0.0
pythia-70m,16,wikitext,halfA,null,generality_mean,0.019563735363319942
pythia-70m,16,wikitext,halfA,null,generality_frac_general,0.0
pythia-70m,64,agnews,halfA,null,generality_mean,0.019461312527765444
pythia-70m,64,agnews,halfA,null,generality_frac_general,0.0
pythia-70m,64,bookcorpus,halfA,null,generality_mean,0.01911846075490493
pythia-70m,64,bookcorpus,halfA,null,generality_frac_general,0.0
pythia-70m,64,tldr17,halfA,null,generality_mean,0.017756579241961307
pythia-70m,64,tldr17,halfA,null,generality_frac_general,0.0
pythia-70m,64,wikitext,halfA,null,generality_mean,0.019383583319193855
pythia-70m,64,wikitext,halfA,null,generality_frac_general,0.0
pythia-70m,256,agnews,halfA,null,generality_mean,0.025199017715441245
pythia-70m,256,agnews,halfA,null,generality_frac_general,0.0
pythia-70m,256,bookcorpus,halfA,null,generality_mean,0.02211706916343839
pythia-70m,256,bookcorpus,halfA,null,generality_frac_general,0.0
pythia-70m,256,tldr17,halfA,null,generality_mean,0.022659451861717736
pythia-70m,256,tldr17,halfA,null,generality_frac_general,0.0
pythia-70m,256,wikitext,halfA,null,generality_mean,0.02635914852094008
pythia-70m,256,wikitext,halfA,null,generality_frac_general,0.0
pythia-70m,1000,agnews,halfA,null,generality_mean,0.025109404529479396
pythia-70m,1000,agnews,halfA,null,generality_frac_general,0.0
pythia-70m,1000,bookcorpus,halfA,null,generality_mean,0.023052490901910732
pythia-70m,1000,bookcorpus,halfA,null,generality_frac_general,0.0
pythia-70m,1000,tldr17,halfA,null,generality_mean,0.025637071205249468
pythia-70m,1000,tldr17,halfA,null,generality_frac_general,0.0
pythia-70m,1000,wikitext,halfA,null,generality_mean,0.02674746720845254
pythia-70m,1000,wikitext,halfA,null,generality_frac_general,0.0
pythia-70m,4000,agnews,halfA,null,generality_mean,0.027125636596573206
pythia-70m,4000,agnews,halfA,null,generality_frac_general,0.0
pythia-70m,4000,bookcorpus,halfA,null,generality_mean,0.025985904504728586
pythia-70m,4000,bookcorpus,halfA,null,generality_frac_general,0.0
pythia-70m,4000,tldr17,halfA,null,generality_mean,0.02992968190641667
pythia-70m,4000,tldr17,halfA,null,generality_frac_general,0.0
pythia-70m,4000,wikitext,halfA,null,generality_mean,0.030599356155415706
pythia-70m,4000,wikitext,halfA,null,generality_frac_general,0.0
pythia-70m,16000,agnews,halfA,null,generality_mean,0.030373229092020802
pythia-70m,16000,agnews,halfA,null,generality_frac_general,0.0
pythia-70m,16000,bookcorpus,halfA,null,generality_mean,0.030129725313862966
pythia-70m,16000,bookcorpus,halfA,null,generality_frac_general,0.0
pythia-70m,16000,tldr17,halfA,null,generality_mean,0.0315049710401744
pythia-70m,16000,tldr17,halfA,null,generality_frac_general,0.0
pythia-70m,16000,wikitext,halfA,null,generality_mean,0.032259693683391814
pythia-70m,16000,wikitext,halfA,null,generality_frac_general,0.0
pythia-70m,64000,agnews,halfA,null,generality_mean,0.03676112001040646
pythia-70m,64000,agnews,halfA,null,generality_frac_general,0.0
pythia-70m,64000,bookcorpus,halfA,null,generality_mean,0.03766584554527888
pythia-70m,64000,bookcorpus,halfA,null,generality_frac_general,0.0
pythia-70m,64000,tldr17,halfA,null,generality_mean,0.03548594975266324
pythia-70m,64000,tldr17,halfA,null,generality_frac_general,0.0
pythia-70m,64000,wikitext,halfA,null,generality_mean,0.036765189534579905
pythia-70m,64000,wikitext,halfA,null,generality_frac_general,0.0
pythia-70m,143000,agnews,halfA,null,generality_mean,0.03944627839115176
pythia-70m,143000,agnews,halfA,null,generality_frac_general,0.0
pythia-70m,143000,bookcorpus,halfA,null,generality_mean,0.03820023400905406
pythia-70m,143000,bookcorpus,halfA,null,generality_frac_general,0.0
pythia-70m,143000,tldr17,halfA,null,generality_mean,0.03476889371178829
pythia-70m,143000,tldr17,halfA,null,generality_frac_general,0.0
pythia-70m,143000,wikitext,halfA,null,generality_mean,0.03775478083393521
pythia-70m,143000,wikitext,halfA,null,generality_frac_general,0.0
pythia-70m,1,wikitext,halfA,null,trans_split_degree,1.0
pythia-70m,1,wikitext,halfA,null,trans_merge_degree,1.0
pythia-70m,1,wikitext,halfA,null,trans_continued,1.0
pythia-70m,1,wikitext,halfA,null,trans_mean_best_jaccard,1.0
pythia-70m,4,wikitext,halfA,null,trans_split_degree,0.04
pythia-70m,4,wikitext,halfA,null,trans_merge_degree,0.06
pythia-70m,4,wikitext,halfA,null,trans_continued,0.0
pythia-70m,4,wikitext,halfA,null,trans_mean_best_jaccard,0.05496606828373241
pythia-70m,16,wikitext,halfA,null,trans_split_degree,0.0
pythia-70m,16,wikitext,halfA,null,trans_merge_degree,0.0
pythia-70m,16,wikitext,halfA,null,trans_continued,0.0
pythia-70m,16,wikitext,halfA,null,trans_mean_best_jaccard,0.023873678512116404
pythia-70m,64,wikitext,halfA,null,trans_split_degree,0.0
pythia-70m,64,wikitext,halfA,null,trans_merge_degree,0.0
pythia-70m,64,wikitext,halfA,null,trans_continued,0.0
pythia-70m,64,wikitext,halfA,null,trans_mean_best_jaccard,0.019805310182568092
pythia-70m,256,wikitext,halfA,null,trans_split_degree,0.0
pythia-70m,256,wikitext,halfA,null,trans_merge_degree,0.0
pythia-70m,256,wikitext,halfA,null,trans_continued,0.0
pythia-70m,256,wikitext,halfA,null,trans_mean_best_jaccard,0.019923792997762237
pythia-70m,1000,wikitext,halfA,null,trans_split_degree,0.01
pythia-70m,1000,wikitext,halfA,null,trans_merge_degree,0.0
pythia-70m,1000,wikitext,halfA,null,trans_continued,0.0
pythia-70m,1000,wikitext,halfA,null,trans_mean_best_jaccard,0.027470753335860063
pythia-70m,4000,wikitext,halfA,null,trans_split_degree,0.0
pythia-70m,4000,wikitext,halfA,null,trans_merge_degree,0.01
pythia-70m,4000,wikitext,halfA,null,trans_continued,0.0
pythia-70m,4000,wikitext,halfA,null,trans_mean_best_jaccard,0.03144797273110535
pythia-70m,16000,wikitext,halfA,null,trans_split_degree,0.1
pythia-70m,16000,wikitext,halfA,null,trans_merge_degree,0.08
pythia-70m,16000,wikitext,halfA,null,trans_continued,0.0
pythia-70m,16000,wikitext,halfA,null,trans_mean_best_jaccard,0.05555644671177797
pythia-70m,64000,wikitext,halfA,null,trans_split_degree,0.16
pythia-70m,64000,wikitext,halfA,null,trans_merge_degree,0.13
pythia-70m,64000,wikitext,halfA,null,trans_continued,0.0
pythia-70m,64000,wikitext,halfA,null,trans_mean_best_jaccard,0.06743352125832966
pythia-70m,143000,wikitext,halfA,null,trans_split_degree,0.42
pythia-70m,143000,wikitext,halfA,null,trans_merge_degree,0.44
pythia-70m,143000,wikitext,halfA,null,trans_continued,0.0
pythia-70m,143000,wikitext,halfA,null,trans_mean_best_jaccard,0.09148530080180615
pythia-70m,0,wikitext,halfA,null,birth_frac_born_by,0.0
pythia-70m,1,wikitext,halfA,null,birth_frac_born_by,0.0
pythia-70m,4,wikitext,halfA,null,birth_frac_born_by,0.0
pythia-70m,16,wikitext,halfA,null,birth_frac_born_by,0.0
pythia-70m,64,wikitext,halfA,null,birth_frac_born_by,0.0
pythia-70m,256,wikitext,halfA,null,birth_frac_born_by,0.0
pythia-70m,1000,wikitext,halfA,null,birth_frac_born_by,0.0
pythia-70m,4000,wikitext,halfA,null,birth_frac_born_by,0.0
pythia-70m,16000,wikitext,halfA,null,birth_frac_born_by,0.0
pythia-70m,64000,wikitext,halfA,null,birth_frac_born_by,0.0
pythia-70m,143000,wikitext,halfA,null,birth_frac_born_by,1.0
pythia-70m,1,bookcorpus,halfA,null,trans_split_degree,1.0
pythia-70m,1,bookcorpus,halfA,null,trans_merge_degree,1.0
pythia-70m,1,bookcorpus,halfA,null,trans_continued,1.0
pythia-70m,1,bookcorpus,halfA,null,trans_mean_best_jaccard,1.0
pythia-70m,4,bookcorpus,halfA,null,trans_split_degree,0.07
pythia-70m,4,bookcorpus,halfA,null,trans_merge_degree,0.07
pythia-70m,4,bookcorpus,halfA,null,trans_continued,0.0
pythia-70m,4,bookcorpus,halfA,null,trans_mean_best_jaccard,0.05890708642000746
pythia-70m,16,bookcorpus,halfA,null,trans_split_degree,0.0
pythia-70m,16,bookcorpus,halfA,null,trans_merge_degree,0.0
pythia-70m,16,bookcorpus,halfA,null,trans_continued,0.0
pythia-70m,16,bookcorpus,halfA,null,trans_mean_best_jaccard,0.0231207908935682
pythia-70m,64,bookcorpus,halfA,null,trans_split_degree,0.0
pythia-70m,64,bookcorpus,halfA,null,trans_merge_degree,0.0
pythia-70m,64,bookcorpus,halfA,null,trans_continued,0.0
pythia-70m,64,bookcorpus,halfA,null,trans_mean_best_jaccard,0.020034850917169653
pythia-70m,256,bookcorpus,halfA,null,trans_split_degree,0.0
pythia-70m,256,bookcorpus,halfA,null,trans_merge_degree,0.0
pythia-70m,256,bookcorpus,halfA,null,trans_continued,0.0
pythia-70m,256,bookcorpus,halfA,null,trans_mean_best_jaccard,0.019682936389553166
pythia-70m,1000,bookcorpus,halfA,null,trans_split_degree,0.0
pythia-70m,1000,bookcorpus,halfA,null,trans_merge_degree,0.0
pythia-70m,1000,bookcorpus,halfA,null,trans_continued,0.0
pythia-70m,1000,bookcorpus,halfA,null,trans_mean_best_jaccard,0.02138712893318901
pythia-70m,4000,bookcorpus,halfA,null,trans_split_degree,0.0
pythia-70m,4000,bookcorpus,halfA,null,trans_merge_degree,0.02
pythia-70m,4000,bookcorpus,halfA,null,trans_continued,0.0
pythia-70m,4000,bookcorpus,halfA,null,trans_mean_best_jaccard,0.022569646588347023
pythia-70m,16000,bookcorpus,halfA,null,trans_split_degree,0.08
pythia-70m,16000,bookcorpus,halfA,null,trans_merge_degree,0.15
pythia-70m,16000,bookcorpus,halfA,null,trans_continued,0.0
pythia-70m,16000,bookcorpus,halfA,null,trans_mean_best_jaccard,0.03743479227494078
pythia-70m,64000,bookcorpus,halfA,null,trans_split_degree,0.15
pythia-70m,64000,bookcorpus,halfA,null,trans_merge_degree,0.29
pythia-70m,64000,bookcorpus,halfA,null,trans_continued,0.01
pythia-70m,64000,bookcorpus,halfA,null,trans_mean_best_jaccard,0.06115714340485948
pythia-70m,143000,bookcorpus,halfA,null,trans_split_degree,0.49
pythia-70m,143000,bookcorpus,halfA,null,trans_merge_degree,0.43
pythia-70m,143000,bookcorpus,halfA,null,trans_continued,0.0
pythia-70m,143000,bookcorpus,halfA,null,trans_mean_best_jaccard,0.07968731452065657
pythia-70m,0,bookcorpus,halfA,null,birth_frac_born_by,0.0
pythia-70m,1,bookcorpus,halfA,null,birth_frac_born_by,0.0
pythia-70m,4,bookcorpus,halfA,null,birth_frac_born_by,0.0
pythia-70m,16,bookcorpus,halfA,null,birth_frac_born_by,0.0
pythia-70m,64,bookcorpus,halfA,null,birth_frac_born_by,0.0
pythia-70m,256,bookcorpus,halfA,null,birth_frac_born_by,0.0
pythia-70m,1000,bookcorpus,halfA,null,birth_frac_born_by,0.0
pythia-70m,4000,bookcorpus,halfA,null,birth_frac_born_by,0.0
pythia-70m,16000,bookcorpus,halfA,null,birth_frac_born_by,0.0
pythia-70m,64000,bookcorpus,halfA,null,birth_frac_born_by,0.0
pythia-70m,143000,bookcorpus,halfA,null,birth_frac_born_by,1.0
pythia-70m,1,agnews,halfA,null,trans_split_degree,1.0
pythia-70m,1,agnews,halfA,null,trans_merge_degree,1.0
pythia-70m,1,agnews,halfA,null,trans_continued,1.0
pythia-70m,1,agnews,halfA,null,trans_mean_best_jaccard,1.0
pythia-70m,4,agnews,halfA,null,trans_split_degree,0.08
pythia-70m,4,agnews,halfA,null,trans_merge_degree,0.06
pythia-70m,4,agnews,halfA,null,trans_continued,0.0
pythia-70m,4,agnews,halfA,null,trans_mean_best_jaccard,0.05881355812347056
pythia-70m,16,agnews,halfA,null,trans_split_degree,0.0
pythia-70m,16,agnews,halfA,null,trans_merge_degree,0.0
pythia-70m,16,agnews,halfA,null,trans_continued,0.0
pythia-70m,16,agnews,halfA,null,trans_mean_best_jaccard,0.023316406070774846
pythia-70m,64,agnews,halfA,null,trans_split_degree,0.0
pythia-70m,64,agnews,halfA,null,trans_merge_degree,0.0
pythia-70m,64,agnews,halfA,null,trans_continued,0.0
pythia-70m,64,agnews,halfA,null,trans_mean_best_jaccard,0.019435810882409893
pythia-70m,256,agnews,halfA,null,trans_split_degree,0.0
pythia-70m,256,agnews,halfA,null,trans_merge_degree,0.0
pythia-70m,256,agnews,halfA,null,trans_continued,0.0
pythia-70m,256,agnews,halfA,null,trans_mean_best_jaccard,0.020168380674225
pythia-70m,1000,agnews,halfA,null,trans_split_degree,0.0
pythia-70m,1000,agnews,halfA,null,trans_merge_degree,0.0
pythia-70m,1000,agnews,halfA,null,trans_continued,0.0
pythia-70m,1000,agnews,halfA,null,trans_mean_best_jaccard,0.025110787834180616
pythia-70m,4000,agnews,halfA,null,trans_split_degree,0.0
pythia-70m,4000,agnews,halfA,null,trans_merge_degree,0.05
pythia-70m,4000,agnews,halfA,null,trans_continued,0.0
pythia-70m,4000,agnews,halfA,null,trans_mean_best_jaccard,0.025219291424237008
pythia-70m,16000,agnews,halfA,null,trans_split_degree,0.06
pythia-70m,16000,agnews,halfA,null,trans_merge_degree,0.11
pythia-70m,16000,agnews,halfA,null,trans_continued,0.0
pythia-70m,16000,agnews,halfA,null,trans_mean_best_jaccard,0.03798737545402784
pythia-70m,64000,agnews,halfA,null,trans_split_degree,0.14
pythia-70m,64000,agnews,halfA,null,trans_merge_degree,0.19
pythia-70m,64000,agnews,halfA,null,trans_continued,0.0
pythia-70m,64000,agnews,halfA,null,trans_mean_best_jaccard,0.05545542957396931
pythia-70m,143000,agnews,halfA,null,trans_split_degree,0.29
pythia-70m,143000,agnews,halfA,null,trans_merge_degree,0.44
pythia-70m,143000,agnews,halfA,null,trans_continued,0.0
pythia-70m,143000,agnews,halfA,null,trans_mean_best_jaccard,0.07998891368599592
pythia-70m,0,agnews,halfA,null,birth_frac_born_by,0.0
pythia-70m,1,agnews,halfA,null,birth_frac_born_by,0.0
pythia-70m,4,agnews,halfA,null,birth_frac_born_by,0.0
pythia-70m,16,agnews,halfA,null,birth_frac_born_by,0.0
pythia-70m,64,agnews,halfA,null,birth_frac_born_by,0.0
pythia-70m,256,agnews,halfA,null,birth_frac_born_by,0.0
pythia-70m,1000,agnews,halfA,null,birth_frac_born_by,0.0
pythia-70m,4000,agnews,halfA,null,birth_frac_born_by,0.0
pythia-70m,16000,agnews,halfA,null,birth_frac_born_by,0.0
pythia-70m,64000,agnews,halfA,null,birth_frac_born_by,0.0
pythia-70m,143000,agnews,halfA,null,birth_frac_born_by,1.0
pythia-70m,1,tldr17,halfA,null,trans_split_degree,1.0
pythia-70m,1,tldr17,halfA,null,trans_merge_degree,1.0
pythia-70m,1,tldr17,halfA,null,trans_continued,1.0
pythia-70m,1,tldr17,halfA,null,trans_mean_best_jaccard,1.0
pythia-70m,4,tldr17,halfA,null,trans_split_degree,0.02
pythia-70m,4,tldr17,halfA,null,trans_merge_degree,0.05
pythia-70m,4,tldr17,halfA,null,trans_continued,0.0
pythia-70m,4,tldr17,halfA,null,trans_mean_best_jaccard,0.05206355082011984
pythia-70m,16,tldr17,halfA,null,trans_split_degree,0.0
pythia-70m,16,tldr17,halfA,null,trans_merge_degree,0.0
pythia-70m,16,tldr17,halfA,null,trans_continued,0.0
pythia-70m,16,tldr17,halfA,null,trans_mean_best_jaccard,0.023656443105890004
pythia-70m,64,tldr17,halfA,null,trans_split_degree,0.0
pythia-70m,64,tldr17,halfA,null,trans_merge_degree,0.05
pythia-70m,64,tldr17,halfA,null,trans_continued,0.0
pythia-70m,64,tldr17,halfA,null,trans_mean_best_jaccard,0.019568461590943043
pythia-70m,256,tldr17,halfA,null,trans_split_degree,0.65
pythia-70m,256,tldr17,halfA,null,trans_merge_degree,0.37
pythia-70m,256,tldr17,halfA,null,trans_continued,0.0
pythia-70m,256,tldr17,halfA,null,trans_mean_best_jaccard,0.0973959865097204
pythia-70m,1000,tldr17,halfA,null,trans_split_degree,0.31
pythia-70m,1000,tldr17,halfA,null,trans_merge_degree,0.41
pythia-70m,1000,tldr17,halfA,null,trans_continued,0.0
pythia-70m,1000,tldr17,halfA,null,trans_mean_best_jaccard,0.07709006444792316
pythia-70m,4000,tldr17,halfA,null,trans_split_degree,0.09
pythia-70m,4000,tldr17,halfA,null,trans_merge_degree,0.05
pythia-70m,4000,tldr17,halfA,null,trans_continued,0.0
pythia-70m,4000,tldr17,halfA,null,trans_mean_best_jaccard,0.03939366154809455
pythia-70m,16000,tldr17,halfA,null,trans_split_degree,0.23
pythia-70m,16000,tldr17,halfA,null,trans_merge_degree,0.22
pythia-70m,16000,tldr17,halfA,null,trans_continued,0.0
pythia-70m,16000,tldr17,halfA,null,trans_mean_best_jaccard,0.07174607294955322
pythia-70m,64000,tldr17,halfA,null,trans_split_degree,0.28
pythia-70m,64000,tldr17,halfA,null,trans_merge_degree,0.37
pythia-70m,64000,tldr17,halfA,null,trans_continued,0.0
pythia-70m,64000,tldr17,halfA,null,trans_mean_best_jaccard,0.08600387512208313
pythia-70m,143000,tldr17,halfA,null,trans_split_degree,0.46
pythia-70m,143000,tldr17,halfA,null,trans_merge_degree,0.43
pythia-70m,143000,tldr17,halfA,null,trans_continued,0.0
pythia-70m,143000,tldr17,halfA,null,trans_mean_best_jaccard,0.11250797511562217
pythia-70m,0,tldr17,halfA,null,birth_frac_born_by,0.0
pythia-70m,1,tldr17,halfA,null,birth_frac_born_by,0.0
pythia-70m,4,tldr17,halfA,null,birth_frac_born_by,0.0
pythia-70m,16,tldr17,halfA,null,birth_frac_born_by,0.0
pythia-70m,64,tldr17,halfA,null,birth_frac_born_by,0.0
pythia-70m,256,tldr17,halfA,null,birth_frac_born_by,0.0
pythia-70m,1000,tldr17,halfA,null,birth_frac_born_by,0.0
pythia-70m,4000,tldr17,halfA,null,birth_frac_born_by,0.0
pythia-70m,16000,tldr17,halfA,null,birth_frac_born_by,0.0
pythia-70m,64000,tldr17,halfA,null,birth_frac_born_by,0.0
pythia-70m,143000,tldr17,halfA,null,birth_frac_born_by,1.0
pythia-70m,0,agnews,halfB,null,generality_mean,0.019608734330127157
pythia-70m,0,agnews,halfB,null,generality_frac_general,0.0
pythia-70m,0,bookcorpus,halfB,null,generality_mean,0.019595734874058343
pythia-70m,0,bookcorpus,halfB,null,generality_frac_general,0.0
pythia-70m,0,tldr17,halfB,null,generality_mean,0.019584905212573805
pythia-70m,0,tldr17,halfB,null,generality_frac_general,0.0
pythia-70m,0,wikitext,halfB,null,generality_mean,0.019547778309122025
pythia-70m,0,wikitext,halfB,null,generality_frac_general,0.0
pythia-70m,1,agnews,halfB,null,generality_mean,0.019608734330127157
pythia-70m,1,agnews,halfB,null,generality_frac_general,0.0
pythia-70m,1,bookcorpus,halfB,null,generality_mean,0.019595734874058343
pythia-70m,1,bookcorpus,halfB,null,generality_frac_general,0.0
pythia-70m,1,tldr17,halfB,null,generality_mean,0.019584905212573805
pythia-70m,1,tldr17,halfB,null,generality_frac_general,0.0
pythia-70m,1,wikitext,halfB,null,generality_mean,0.019547778309122025
pythia-70m,1,wikitext,halfB,null,generality_frac_general,0.0
pythia-70m,4,agnews,halfB,null,generality_mean,0.019895915727816696
pythia-70m,4,agnews,halfB,null,generality_frac_general,0.0
pythia-70m,4,bookcorpus,halfB,null,generality_mean,0.01972944523105467
pythia-70m,4,bookcorpus,halfB,null,generality_frac_general,0.0
pythia-70m,4,tldr17,halfB,null,generality_mean,0.01977661512970677
pythia-70m,4,tldr17,halfB,null,generality_frac_general,0.0
pythia-70m,4,wikitext,halfB,null,generality_mean,0.019887748514776652
pythia-70m,4,wikitext,halfB,null,generality_frac_general,0.0
pythia-70m,16,agnews,halfB,null,generality_mean,0.020094608787051053
pythia-70m,16,agnews,halfB,null,generality_frac_general,0.0
pythia-70m,16,bookcorpus,halfB,null,generality_mean,0.019712123196572805
pythia-70m,16,bookcorpus,halfB,null,generality_frac_general,0.0
pythia-70m,16,tldr17,halfB,null,generality_mean,0.019446435978073228
pythia-70m,16,tldr17,halfB,null,generality_frac_general,0.0
pythia-70m,16,wikitext,halfB,null,generality_mean,0.019547320815110104
pythia-70m,16,wikitext,halfB,null,generality_frac_general,0.0
pythia-70m,64,agnews,halfB,null,generality_mean,0.019622161403525774
pythia-70m,64,agnews,halfB,null,generality_frac_general,0.0
pythia-70m,64,bookcorpus,halfB,null,generality_mean,0.01957895726665883
pythia-70m,64,bookcorpus,halfB,null,generality_frac_general,0.0
pythia-70m,64,tldr17,halfB,null,generality_mean,0.02005172882192728
pythia-70m,64,tldr17,halfB,null,generality_frac_general,0.0
pythia-70m,64,wikitext,halfB,null,generality_mean,0.01986578538461011
pythia-70m,64,wikitext,halfB,null,generality_frac_general,0.0
pythia-70m,256,agnews,halfB,null,generality_mean,0.025490961051369835
pythia-70m,256,agnews,halfB,null,generality_frac_general,0.0
pythia-70m,256,bookcorpus,halfB,null,generality_mean,0.022195816957814876
pythia-70m,256,bookcorpus,halfB,null,generality_frac_general,0.0
pythia-70m,256,tldr17,halfB,null,generality_mean,0.023599127082867027
pythia-70m,256,tldr17,halfB,null,generality_frac_general,0.0
pythia-70m,256,wikitext,halfB,null,generality_mean,0.026787065782325207
pythia-70m,256,wikitext,halfB,null,generality_frac_general,0.0
pythia-70m,1000,agnews,halfB,null,generality_mean,0.025298978890546903
pythia-70m,1000,agnews,halfB,null,generality_frac_general,0.0
pythia-70m,1000,bookcorpus,halfB,null,generality_mean,0.0237952796331895
pythia-70m,1000,bookcorpus,halfB,null,generality_frac_general,0.0
pythia-70m,1000,tldr17,halfB,null,generality_mean,0.02607723792646798
pythia-70m,1000,tldr17,halfB,null,generality_frac_general,0.0
pythia-70m,1000,wikitext,halfB,null,generality_mean,0.027473926518509134
pythia-70m,1000,wikitext,halfB,null,generality_frac_general,0.0
pythia-70m,4000,agnews,halfB,null,generality_mean,0.02692005000183449
pythia-70m,4000,agnews,halfB,null,generality_frac_general,0.0
pythia-70m,4000,bookcorpus,halfB,null,generality_mean,0.026026425291152743
pythia-70m,4000,bookcorpus,halfB,null,generality_frac_general,0.0
pythia-70m,4000,tldr17,halfB,null,generality_mean,0.029999096689396397
pythia-70m,4000,tldr17,halfB,null,generality_frac_general,0.0
pythia-70m,4000,wikitext,halfB,null,generality_mean,0.03031196566533729
pythia-70m,4000,wikitext,halfB,null,generality_frac_general,0.0
pythia-70m,16000,agnews,halfB,null,generality_mean,0.030651616115906468
pythia-70m,16000,agnews,halfB,null,generality_frac_general,0.0
pythia-70m,16000,bookcorpus,halfB,null,generality_mean,0.029540793838472506
pythia-70m,16000,bookcorpus,halfB,null,generality_frac_general,0.0
pythia-70m,16000,tldr17,halfB,null,generality_mean,0.032416568603029015
pythia-70m,16000,tldr17,halfB,null,generality_frac_general,0.0
pythia-70m,16000,wikitext,halfB,null,generality_mean,0.032675280898776145
pythia-70m,16000,wikitext,halfB,null,generality_frac_general,0.0
pythia-70m,64000,agnews,halfB,null,generality_mean,0.03625112664533139
pythia-70m,64000,agnews,halfB,null,generality_frac_general,0.0
pythia-70m,64000,bookcorpus,halfB,null,generality_mean,0.03776647600534359
pythia-70m,64000,bookcorpus,halfB,null,generality_frac_general,0.0
pythia-70m,64000,tldr17,halfB,null,generality_mean,0.03722555668848057
pythia-70m,64000,tldr17,halfB,null,generality_frac_general,0.0
pythia-70m,64000,wikitext,halfB,null,generality_mean,0.03662584185311555
pythia-70m,64000,wikitext,halfB,null,generality_frac_general,0.0
pythia-70m,143000,agnews,halfB,null,generality_mean,0.04107691886851227
pythia-70m,143000,agnews,halfB,null,generality_frac_general,0.0
pythia-70m,143000,bookcorpus,halfB,null,generality_mean,0.039106363306746814
pythia-70m,143000,bookcorpus,halfB,null,generality_frac_general,0.0
pythia-70m,143000,tldr17,halfB,null,generality_mean,0.03708145745254999
pythia-70m,143000,tldr17,halfB,null,generality_frac_general,0.0
pythia-70m,143000,wikitext,halfB,null,generality_mean,0.03869188414222002
pythia-70m,143000,wikitext,halfB,null,generality_frac_general,0.0
pythia-70m,1,wikitext,halfB,null,trans_split_degree,1.0
pythia-70m,1,wikitext,halfB,null,trans_merge_degree,1.0
pythia-70m,1,wikitext,halfB,null,trans_continued,1.0
pythia-70m,1,wikitext,halfB,null,trans_mean_best_jaccard,1.0
pythia-70m,4,wikitext,halfB,null,trans_split_degree,0.09
pythia-70m,4,wikitext,halfB,null,trans_merge_degree,0.11
pythia-70m,4,wikitext,halfB,null,trans_continued,0.0
pythia-70m,4,wikitext,halfB,null,trans_mean_best_jaccard,0.057877598504529455
pythia-70m,16,wikitext,halfB,null,trans_split_degree,0.0
pythia-70m,16,wikitext,halfB,null,trans_merge_degree,0.0
pythia-70m,16,wikitext,halfB,null,trans_continued,0.0
pythia-70m,16,wikitext,halfB,null,trans_mean_best_jaccard,0.02326747565008856
pythia-70m,64,wikitext,halfB,null,trans_split_degree,0.0
pythia-70m,64,wikitext,halfB,null,trans_merge_degree,0.0
pythia-70m,64,wikitext,halfB,null,trans_continued,0.0
pythia-70m,64,wikitext,halfB,null,trans_mean_best_jaccard,0.019394062903561424
pythia-70m,256,wikitext,halfB,null,trans_split_degree,0.0
pythia-70m,256,wikitext,halfB,null,trans_merge_degree,0.05
pythia-70m,256,wikitext,halfB,null,trans_continued,0.0
pythia-70m,256,wikitext,halfB,null,trans_mean_best_jaccard,0.020205893555310564
pythia-70m,1000,wikitext,halfB,null,trans_split_degree,0.05
pythia-70m,1000,wikitext,halfB,null,trans_merge_degree,0.0
pythia-70m,1000,wikitext,halfB,null,trans_continued,0.0
pythia-70m,1000,wikitext,halfB,null,trans_mean_best_jaccard,0.027391007107630427
pythia-70m,4000,wikitext,halfB,null,trans_split_degree,0.0
pythia-70m,4000,wikitext,halfB,null,trans_merge_degree,0.02
pythia-70m,4000,wikitext,halfB,null,trans_continued,0.0
pythia-70m,4000,wikitext,halfB,null,trans_mean_best_jaccard,0.02995406583125382
pythia-70m,16000,wikitext,halfB,null,trans_split_degree,0.08
pythia-70m,16000,wikitext,halfB,null,trans_merge_degree,0.05
pythia-70m,16000,wikitext,halfB,null,trans_continued,0.0
pythia-70m,16000,wikitext,halfB,null,trans_mean_best_jaccard,0.05877301027787838
pythia-70m,64000,wikitext,halfB,null,trans_split_degree,0.21
pythia-70m,64000,wikitext,halfB,null,trans_merge_degree,0.2
pythia-70m,64000,wikitext,halfB,null,trans_continued,0.0
pythia-70m,64000,wikitext,halfB,null,trans_mean_best_jaccard,0.06892969583728514
pythia-70m,143000,wikitext,halfB,null,trans_split_degree,0.41
pythia-70m,143000,wikitext,halfB,null,trans_merge_degree,0.4
pythia-70m,143000,wikitext,halfB,null,trans_continued,0.0
pythia-70m,143000,wikitext,halfB,null,trans_mean_best_jaccard,0.0949798520293255
pythia-70m,0,wikitext,halfB,null,birth_frac_born_by,0.0
pythia-70m,1,wikitext,halfB,null,birth_frac_born_by,0.0
pythia-70m,4,wikitext,halfB,null,birth_frac_born_by,0.0
pythia-70m,16,wikitext,halfB,null,birth_frac_born_by,0.0
pythia-70m,64,wikitext,halfB,null,birth_frac_born_by,0.0
pythia-70m,256,wikitext,halfB,null,birth_frac_born_by,0.0
pythia-70m,1000,wikitext,halfB,null,birth_frac_born_by,0.0
pythia-70m,4000,wikitext,halfB,null,birth_frac_born_by,0.0
pythia-70m,16000,wikitext,halfB,null,birth_frac_born_by,0.0
pythia-70m,64000,wikitext,halfB,null,birth_frac_born_by,0.0
pythia-70m,143000,wikitext,halfB,null,birth_frac_born_by,1.0
pythia-70m,1,bookcorpus,halfB,null,trans_split_degree,1.0
pythia-70m,1,bookcorpus,halfB,null,trans_merge_degree,1.0
pythia-70m,1,bookcorpus,halfB,null,trans_continued,1.0
pythia-70m,1,bookcorpus,halfB,null,trans_mean_best_jaccard,1.0
pythia-70m,4,bookcorpus,halfB,null,trans_split_degree,0.11
pythia-70m,4,bookcorpus,halfB,null,trans_merge_degree,0.04
pythia-70m,4,bookcorpus,halfB,null,trans_continued,0.0
pythia-70m,4,bookcorpus,halfB,null,trans_mean_best_jaccard,0.05641163476066868
pythia-70m,16,bookcorpus,halfB,null,trans_split_degree,0.0
pythia-70m,16,bookcorpus,halfB,null,trans_merge_degree,0.0
pythia-70m,16,bookcorpus,halfB,null,trans_continued,0.0
pythia-70m,16,bookcorpus,halfB,null,trans_mean_best_jaccard,0.024109975827150572
pythia-70m,64,bookcorpus,halfB,null,trans_split_degree,0.0
pythia-70m,64,bookcorpus,halfB,null,trans_merge_degree,0.0
pythia-70m,64,bookcorpus,halfB,null,trans_continued,0.0
pythia-70m,64,bookcorpus,halfB,null,trans_mean_best_jaccard,0.019893707330245054
pythia-70m,256,bookcorpus,halfB,null,trans_split_degree,0.0
pythia-70m,256,bookcorpus,halfB,null,trans_merge_degree,0.0
pythia-70m,256,bookcorpus,halfB,null,trans_continued,0.0
pythia-70m,256,bookcorpus,halfB,null,trans_mean_best_jaccard,0.019298070785619632
pythia-70m,1000,bookcorpus,halfB,null,trans_split_degree,0.0
pythia-70m,1000,bookcorpus,halfB,null,trans_merge_degree,0.0
pythia-70m,1000,bookcorpus,halfB,null,trans_continued,0.0
pythia-70m,1000,bookcorpus,halfB,null,trans_mean_best_jaccard,0.021591305706726505
pythia-70m,4000,bookcorpus,halfB,null,trans_split_degree,0.0
pythia-70m,4000,bookcorpus,halfB,null,trans_merge_degree,0.01
pythia-70m,4000,bookcorpus,halfB,null,trans_continued,0.0
pythia-70m,4000,bookcorpus,halfB,null,trans_mean_best_jaccard,0.022810535191653374
pythia-70m,16000,bookcorpus,halfB,null,trans_split_degree,0.07
pythia-70m,16000,bookcorpus,halfB,null,trans_merge_degree,0.23
pythia-70m,16000,bookcorpus,halfB,null,trans_continued,0.0
pythia-70m,16000,bookcorpus,halfB,null,trans_mean_best_jaccard,0.038699842929846094
pythia-70m,64000,bookcorpus,halfB,null,trans_split_degree,0.18
pythia-70m,64000,bookcorpus,halfB,null,trans_merge_degree,0.31
pythia-70m,64000,bookcorpus,halfB,null,trans_continued,0.0
pythia-70m,64000,bookcorpus,halfB,null,trans_mean_best_jaccard,0.05787405156782878
pythia-70m,143000,bookcorpus,halfB,null,trans_split_degree,0.41
pythia-70m,143000,bookcorpus,halfB,null,trans_merge_degree,0.56
pythia-70m,143000,bookcorpus,halfB,null,trans_continued,0.0
pythia-70m,143000,bookcorpus,halfB,null,trans_mean_best_jaccard,0.07560262582766959
pythia-70m,0,bookcorpus,halfB,null,birth_frac_born_by,0.0
pythia-70m,1,bookcorpus,halfB,null,birth_frac_born_by,0.0
pythia-70m,4,bookcorpus,halfB,null,birth_frac_born_by,0.0
pythia-70m,16,bookcorpus,halfB,null,birth_frac_born_by,0.0
pythia-70m,64,bookcorpus,halfB,null,birth_frac_born_by,0.0
pythia-70m,256,bookcorpus,halfB,null,birth_frac_born_by,0.0
pythia-70m,1000,bookcorpus,halfB,null,birth_frac_born_by,0.0
pythia-70m,4000,bookcorpus,halfB,null,birth_frac_born_by,0.0
pythia-70m,16000,bookcorpus,halfB,null,birth_frac_born_by,0.0
pythia-70m,64000,bookcorpus,halfB,null,birth_frac_born_by,0.0
pythia-70m,143000,bookcorpus,halfB,null,birth_frac_born_by,1.0
pythia-70m,1,agnews,halfB,null,trans_split_degree,1.0
pythia-70m,1,agnews,halfB,null,trans_merge_degree,1.0
pythia-70m,1,agnews,halfB,null,trans_continued,1.0
pythia-70m,1,agnews,halfB,null,trans_mean_best_jaccard,1.0
pythia-70m,4,agnews,halfB,null,trans_split_degree,0.03
pythia-70m,4,agnews,halfB,null,trans_merge_degree,0.04
pythia-70m,4,agnews,halfB,null,trans_continued,0.0
pythia-70m,4,agnews,halfB,null,trans_mean_best_jaccard,0.05038958190263156
pythia-70m,16,agnews,halfB,null,trans_split_degree,0.0
pythia-70m,16,agnews,halfB,null,trans_merge_degree,0.0
pythia-70m,16,agnews,halfB,null,trans_continued,0.0
pythia-70m,16,agnews,halfB,null,trans_mean_best_jaccard,0.023906248985794142
pythia-70m,64,agnews,halfB,null,trans_split_degree,0.0
pythia-70m,64,agnews,halfB,null,trans_merge_degree,0.0
pythia-70m,64,agnews,halfB,null,trans_continued,0.0
pythia-70m,64,agnews,halfB,null,trans_mean_best_jaccard,0.019603987837997175
pythia-70m,256,agnews,halfB,null,trans_split_degree,0.0
pythia-70m,256,agnews,halfB,null,trans_merge_degree,0.0
pythia-70m,256,agnews,halfB,null,trans_continued,0.0
pythia-70m,256,agnews,halfB,null,trans_mean_best_jaccard,0.02036379457729322
pythia-70m,1000,agnews,halfB,null,trans_split_degree,0.0
pythia-70m,1000,agnews,halfB,null,trans_merge_degree,0.0
pythia-70m,1000,agnews,halfB,null,trans_continued,0.0
pythia-70m,1000,agnews,halfB,null,trans_mean_best_jaccard,0.02455058915105414
pythia-70m,4000,agnews,halfB,null,trans_split_degree,0.0
pythia-70m,4000,agnews,halfB,null,trans_merge_degree,0.07
pythia-70m,4000,agnews,halfB,null,trans_continued,0.0
pythia-70m,4000,agnews,halfB,null,trans_mean_best_jaccard,0.025320121827636058
pythia-70m,16000,agnews,halfB,null,trans_split_degree,0.06
pythia-70m,16000,agnews,halfB,null,trans_merge_degree,0.1
pythia-70m,16000,agnews,halfB,null,trans_continued,0.0
pythia-70m,16000,agnews,halfB,null,trans_mean_best_jaccard,0.03469526609917816
pythia-70m,64000,agnews,halfB,null,trans_split_degree,0.15
pythia-70m,64000,agnews,halfB,null,trans_merge_degree,0.15
pythia-70m,64000,agnews,halfB,null,trans_continued,0.0
pythia-70m,64000,agnews,halfB,null,trans_mean_best_jaccard,0.05038502099443367
pythia-70m,143000,agnews,halfB,null,trans_split_degree,0.26
pythia-70m,143000,agnews,halfB,null,trans_merge_degree,0.32
pythia-70m,143000,agnews,halfB,null,trans_continued,0.0
pythia-70m,143000,agnews,halfB,null,trans_mean_best_jaccard,0.07445980748425678
pythia-70m,0,agnews,halfB,null,birth_frac_born_by,0.0
pythia-70m,1,agnews,halfB,null,birth_frac_born_by,0.0
pythia-70m,4,agnews,halfB,null,birth_frac_born_by,0.0
pythia-70m,16,agnews,halfB,null,birth_frac_born_by,0.0
pythia-70m,64,agnews,halfB,null,birth_frac_born_by,0.0
pythia-70m,256,agnews,halfB,null,birth_frac_born_by,0.0
pythia-70m,1000,agnews,halfB,null,birth_frac_born_by,0.0
pythia-70m,4000,agnews,halfB,null,birth_frac_born_by,0.0
pythia-70m,16000,agnews,halfB,null,birth_frac_born_by,0.0
pythia-70m,64000,agnews,halfB,null,birth_frac_born_by,0.0
pythia-70m,143000,agnews,halfB,null,birth_frac_born_by,1.0
pythia-70m,1,tldr17,halfB,null,trans_split_degree,1.0
pythia-70m,1,tldr17,halfB,null,trans_merge_degree,1.0
pythia-70m,1,tldr17,halfB,null,trans_continued,1.0
pythia-70m,1,tldr17,halfB,null,trans_mean_best_jaccard,1.0
pythia-70m,4,tldr17,halfB,null,trans_split_degree,0.07
pythia-70m,4,tldr17,halfB,null,trans_merge_degree,0.07
pythia-70m,4,tldr17,halfB,null,trans_continued,0.0
pythia-70m,4,tldr17,halfB,null,trans_mean_best_jaccard,0.054714470244822545
pythia-70m,16,tldr17,halfB,null,trans_split_degree,0.0
pythia-70m,16,tldr17,halfB,null,trans_merge_degree,0.0
pythia-70m,16,tldr17,halfB,null,trans_continued,0.0
pythia-70m,16,tldr17,halfB,null,trans_mean_best_jaccard,0.02284098508524561
pythia-70m,64,tldr17,halfB,null,trans_split_degree,0.0
pythia-70m,64,tldr17,halfB,null,trans_merge_degree,0.0
pythia-70m,64,tldr17,halfB,null,trans_continued,0.0
pythia-70m,64,tldr17,halfB,null,trans_mean_best_jaccard,0.01923969666314499
pythia-70m,256,tldr17,halfB,null,trans_split_degree,0.4
pythia-70m,256,tldr17,halfB,null,trans_merge_degree,0.4
pythia-70m,256,tldr17,halfB,null,trans_continued,0.0
pythia-70m,256,tldr17,halfB,null,trans_mean_best_jaccard,0.07054935803480818
pythia-70m,1000,tldr17,halfB,null,trans_split_degree,0.23
pythia-70m,1000,tldr17,halfB,null,trans_merge_degree,0.39
pythia-70m,1000,tldr17,halfB,null,trans_continued,0.0
pythia-70m,1000,tldr17,halfB,null,trans_mean_best_jaccard,0.071780579939856
pythia-70m,4000,tldr17,halfB,null,trans_split_degree,0.06
pythia-70m,4000,tldr17,halfB,null,trans_merge_degree,0.02
pythia-70m,4000,tldr17,halfB,null,trans_continued,0.0
pythia-70m,4000,tldr17,halfB,null,trans_mean_best_jaccard,0.033329477192412534
pythia-70m,16000,tldr17,halfB,null,trans_split_degree,0.2
pythia-70m,16000,tldr17,halfB,null,trans_merge_degree,0.19
pythia-70m,16000,tldr17,halfB,null,trans_continued,0.0
pythia-70m,16000,tldr17,halfB,null,trans_mean_best_jaccard,0.07075277823342992
pythia-70m,64000,tldr17,halfB,null,trans_split_degree,0.31
pythia-70m,64000,tldr17,halfB,null,trans_merge_degree,0.32
pythia-70m,64000,tldr17,halfB,null,trans_continued,0.0
pythia-70m,64000,tldr17,halfB,null,trans_mean_best_jaccard,0.08534154695783663
pythia-70m,143000,tldr17,halfB,null,trans_split_degree,0.65
pythia-70m,143000,tldr17,halfB,null,trans_merge_degree,0.56
pythia-70m,143000,tldr17,halfB,null,trans_continued,0.0
pythia-70m,143000,tldr17,halfB,null,trans_mean_best_jaccard,0.12650892480137513
pythia-70m,0,tldr17,halfB,null,birth_frac_born_by,0.0
pythia-70m,1,tldr17,halfB,null,birth_frac_born_by,0.0
pythia-70m,4,tldr17,halfB,null,birth_frac_born_by,0.0
pythia-70m,16,tldr17,halfB,null,birth_frac_born_by,0.0
pythia-70m,64,tldr17,halfB,null,birth_frac_born_by,0.0
pythia-70m,256,tldr17,halfB,null,birth_frac_born_by,0.0
pythia-70m,1000,tldr17,halfB,null,birth_frac_born_by,0.0
pythia-70m,4000,tldr17,halfB,null,birth_frac_born_by,0.0
pythia-70m,16000,tldr17,halfB,null,birth_frac_born_by,0.0
pythia-70m,64000,tldr17,halfB,null,birth_frac_born_by,0.0
pythia-70m,143000,tldr17,halfB,null,birth_frac_born_by,1.0
