model,step,domain,key,tree,measure,value
pythia-70m,0,wikitext,halfA,real,crisp_median_max_membership,0.425
pythia-70m,0,wikitext,halfA,real,crisp_frac_confident,0.3819173177083333
pythia-70m,0,wikitext,halfA,real,crisp_network_median,0.3838600628930817
pythia-70m,0,wikitext,halfA,real,size_n_networks,100.0
pythia-70m,0,wikitext,halfA,real,size_effective_n,66.69274706755404
pythia-70m,0,wikitext,halfA,real,size_gini,0.300068359375
pythia-70m,0,wikitext,halfA,real,size_largest_share,0.16145833333333334
pythia-70m,0,wikitext,halfA,real,size_frac_small,0.0
pythia-70m,0,wikitext,halfA,real,depth_median_effective_layers,4.697176816489371
pythia-70m,0,wikitext,halfA,real,depth_frac_single_layer,0.02
pythia-70m,0,wikitext,halfA,real,depth_mean_layer_span,4.42
pythia-70m,1,wikitext,halfA,real,crisp_median_max_membership,0.425
pythia-70m,1,wikitext,halfA,real,crisp_frac_confident,0.3779296875
pythia-70m,1,wikitext,halfA,real,crisp_network_median,0.3868068925683481
pythia-70m,1,wikitext,halfA,real,size_n_networks,100.0
pythia-70m,1,wikitext,halfA,real,size_effective_n,66.86742493476434
pythia-70m,1,wikitext,halfA,real,size_gini,0.2991422526041667
pythia-70m,1,wikitext,halfA,real,size_largest_share,0.16145833333333334
pythia-70m,1,wikitext,halfA,real,size_frac_small,0.0
pythia-70m,1,wikitext,halfA,real,depth_median_effective_layers,4.726040822462641
pythia-70m,1,wikitext,halfA,real,depth_frac_single_layer,0.02
pythia-70m,1,wikitext,halfA,real,depth_mean_layer_span,4.44
pythia-70m,4,wikitext,halfA,real,crisp_median_max_membership,0.43
pythia-70m,4,wikitext,halfA,real,crisp_frac_confident,0.3846842447916667
pythia-70m,4,wikitext,halfA,real,crisp_network_median,0.39234481734481735
pythia-70m,4,wikitext,halfA,real,size_n_networks,100.0
pythia-70m,4,wikitext,halfA,real,size_effective_n,65.34228796993185
pythia-70m,4,wikitext,halfA,real,size_gini,0.31254882812499996
pythia-70m,4,wikitext,halfA,real,size_largest_share,0.16666666666666666
pythia-70m,4,wikitext,halfA,real,size_frac_small,0.0
pythia-70m,4,wikitext,halfA,real,depth_median_effective_layers,4.729963170375318
pythia-70m,4,wikitext,halfA,real,depth_frac_single_layer,0.01
pythia-70m,4,wikitext,halfA,real,depth_mean_layer_span,4.56
pythia-70m,16,wikitext,halfA,real,crisp_median_max_membership,0.43
pythia-70m,16,wikitext,halfA,real,crisp_frac_confident,0.3868815104166667
pythia-70m,16,wikitext,halfA,real,crisp_network_median,0.3916360759493671
pythia-70m,16,wikitext,halfA,real,size_n_networks,100.0
pythia-70m,16,wikitext,halfA,real,size_effective_n,65.60831207009323
pythia-70m,16,wikitext,halfA,real,size_gini,0.30845377604166657
pythia-70m,16,wikitext,halfA,real,size_largest_share,0.16658528645833334
pythia-70m,16,wikitext,halfA,real,size_frac_small,0.0
pythia-70m,16,wikitext,halfA,real,depth_median_effective_layers,4.750839440453532
pythia-70m,16,wikitext,halfA,real,depth_frac_single_layer,0.01
pythia-70m,16,wikitext,halfA,real,depth_mean_layer_span,4.51
pythia-70m,64,wikitext,halfA,real,crisp_median_max_membership,0.495
pythia-70m,64,wikitext,halfA,real,crisp_frac_confident,0.488037109375
pythia-70m,64,wikitext,halfA,real,crisp_network_median,0.4528311178731582
pythia-70m,64,wikitext,halfA,real,size_n_networks,100.0
pythia-70m,64,wikitext,halfA,real,size_effective_n,67.3034835378407
pythia-70m,64,wikitext,halfA,real,size_gini,0.3303352864583333
pythia-70m,64,wikitext,halfA,real,size_largest_share,0.166259765625
pythia-70m,64,wikitext,halfA,real,size_frac_small,0.0
pythia-70m,64,wikitext,halfA,real,depth_median_effective_layers,4.687535602034939
pythia-70m,64,wikitext,halfA,real,depth_frac_single_layer,0.01
pythia-70m,64,wikitext,halfA,real,depth_mean_layer_span,4.36
pythia-70m,256,wikitext,halfA,real,crisp_median_max_membership,0.53
pythia-70m,256,wikitext,halfA,real,crisp_frac_confident,0.546630859375
pythia-70m,256,wikitext,halfA,real,crisp_network_median,0.4969339622641509
pythia-70m,256,wikitext,halfA,real,size_n_networks,100.0
pythia-70m,256,wikitext,halfA,real,size_effective_n,69.99316550094343
pythia-70m,256,wikitext,halfA,real,size_gini,0.28536132812500004
pythia-70m,256,wikitext,halfA,real,size_largest_share,0.16560872395833334
pythia-70m,256,wikitext,halfA,real,size_frac_small,0.0
pythia-70m,256,wikitext,halfA,real,depth_median_effective_layers,2.9944365242720847
pythia-70m,256,wikitext,halfA,real,depth_frac_single_layer,0.16
pythia-70m,256,wikitext,halfA,real,depth_mean_layer_span,2.86
pythia-70m,1000,wikitext,halfA,real,crisp_median_max_membership,0.6
pythia-70m,1000,wikitext,halfA,real,crisp_frac_confident,0.636962890625
pythia-70m,1000,wikitext,halfA,real,crisp_network_median,0.5140532195888065
pythia-70m,1000,wikitext,halfA,real,size_n_networks,100.0
pythia-70m,1000,wikitext,halfA,real,size_effective_n,74.74533431340527
pythia-70m,1000,wikitext,halfA,real,size_gini,0.3308333333333333
pythia-70m,1000,wikitext,halfA,real,size_largest_share,0.11409505208333333
pythia-70m,1000,wikitext,halfA,real,size_frac_small,0.01
pythia-70m,1000,wikitext,halfA,real,depth_median_effective_layers,2.0379403857409537
pythia-70m,1000,wikitext,halfA,real,depth_frac_single_layer,0.37
pythia-70m,1000,wikitext,halfA,real,depth_mean_layer_span,1.93
pythia-70m,4000,wikitext,halfA,real,crisp_median_max_membership,0.72
pythia-70m,4000,wikitext,halfA,real,crisp_frac_confident,0.7631022135416666
pythia-70m,4000,wikitext,halfA,real,crisp_network_median,0.6231724941724941
pythia-70m,4000,wikitext,halfA,real,size_n_networks,100.0
pythia-70m,4000,wikitext,halfA,real,size_effective_n,70.32220603327698
pythia-70m,4000,wikitext,halfA,real,size_gini,0.34249348958333337
pythia-70m,4000,wikitext,halfA,real,size_largest_share,0.14119466145833334
pythia-70m,4000,wikitext,halfA,real,size_frac_small,0.01
pythia-70m,4000,wikitext,halfA,real,depth_median_effective_layers,2.3270086547602986
pythia-70m,4000,wikitext,halfA,real,depth_frac_single_layer,0.38
pythia-70m,4000,wikitext,halfA,real,depth_mean_layer_span,2.24
pythia-70m,16000,wikitext,halfA,real,crisp_median_max_membership,0.765
pythia-70m,16000,wikitext,halfA,real,crisp_frac_confident,0.7845052083333334
pythia-70m,16000,wikitext,halfA,real,crisp_network_median,0.663140817650876
pythia-70m,16000,wikitext,halfA,real,size_n_networks,100.0
pythia-70m,16000,wikitext,halfA,real,size_effective_n,66.03710063074244
pythia-70m,16000,wikitext,halfA,real,size_gini,0.37735839843749996
pythia-70m,16000,wikitext,halfA,real,size_largest_share,0.15690104166666666
pythia-70m,16000,wikitext,halfA,real,size_frac_small,0.01
pythia-70m,16000,wikitext,halfA,real,depth_median_effective_layers,2.761444269536172
pythia-70m,16000,wikitext,halfA,real,depth_frac_single_layer,0.22
pythia-70m,16000,wikitext,halfA,real,depth_mean_layer_span,2.53
pythia-70m,64000,wikitext,halfA,real,crisp_median_max_membership,0.765
pythia-70m,64000,wikitext,halfA,real,crisp_frac_confident,0.8079427083333334
pythia-70m,64000,wikitext,halfA,real,crisp_network_median,0.6537145106128874
pythia-70m,64000,wikitext,halfA,real,size_n_networks,100.0
pythia-70m,64000,wikitext,halfA,real,size_effective_n,67.70318622883086
pythia-70m,64000,wikitext,halfA,real,size_gini,0.34391276041666674
pythia-70m,64000,wikitext,halfA,real,size_largest_share,0.159912109375
pythia-70m,64000,wikitext,halfA,real,size_frac_small,0.0
pythia-70m,64000,wikitext,halfA,real,depth_median_effective_layers,2.879694661642783
pythia-70m,64000,wikitext,halfA,real,depth_frac_single_layer,0.19
pythia-70m,64000,wikitext,halfA,real,depth_mean_layer_span,2.71
pythia-70m,143000,wikitext,halfA,real,crisp_median_max_membership,0.745
pythia-70m,143000,wikitext,halfA,real,crisp_frac_confident,0.7805989583333334
pythia-70m,143000,wikitext,halfA,real,crisp_network_median,0.6436585365853658
pythia-70m,143000,wikitext,halfA,real,size_n_networks,99.0
pythia-70m,143000,wikitext,halfA,real,size_effective_n,66.27252614269182
pythia-70m,143000,wikitext,halfA,real,size_gini,0.3495436132154881
pythia-70m,143000,wikitext,halfA,real,size_largest_share,0.165283203125
pythia-70m,143000,wikitext,halfA,real,size_frac_small,0.0
pythia-70m,143000,wikitext,halfA,real,depth_median_effective_layers,2.8678366832986515
pythia-70m,143000,wikitext,halfA,real,depth_frac_single_layer,0.18181818181818182
pythia-70m,143000,wikitext,halfA,real,depth_mean_layer_span,2.686868686868687
pythia-70m,0,bookcorpus,halfA,real,crisp_median_max_membership,0.42
pythia-70m,0,bookcorpus,halfA,real,crisp_frac_confident,0.3856608072916667
pythia-70m,0,bookcorpus,halfA,real,crisp_network_median,0.37310753162694915
pythia-70m,0,bookcorpus,halfA,real,size_n_networks,100.0
pythia-70m,0,bookcorpus,halfA,real,size_effective_n,63.74084294217657
pythia-70m,0,bookcorpus,halfA,real,size_gini,0.3322981770833333
pythia-70m,0,bookcorpus,halfA,real,size_largest_share,0.16121419270833334
pythia-70m,0,bookcorpus,halfA,real,size_frac_small,0.01
pythia-70m,0,bookcorpus,halfA,real,depth_median_effective_layers,4.552243320530533
pythia-70m,0,bookcorpus,halfA,real,depth_frac_single_layer,0.03
pythia-70m,0,bookcorpus,halfA,real,depth_mean_layer_span,4.16
pythia-70m,1,bookcorpus,halfA,real,crisp_median_max_membership,0.415
pythia-70m,1,bookcorpus,halfA,real,crisp_frac_confident,0.3846028645833333
pythia-70m,1,bookcorpus,halfA,real,crisp_network_median,0.3717610432330828
pythia-70m,1,bookcorpus,halfA,real,size_n_networks,100.0
pythia-70m,1,bookcorpus,halfA,real,size_effective_n,63.55616425577778
pythia-70m,1,bookcorpus,halfA,real,size_gini,0.33651692708333325
pythia-70m,1,bookcorpus,halfA,real,size_largest_share,0.16121419270833334
pythia-70m,1,bookcorpus,halfA,real,size_frac_small,0.01
pythia-70m,1,bookcorpus,halfA,real,depth_median_effective_layers,4.558685442023642
pythia-70m,1,bookcorpus,halfA,real,depth_frac_single_layer,0.03
pythia-70m,1,bookcorpus,halfA,real,depth_mean_layer_span,4.12
pythia-70m,4,bookcorpus,halfA,real,crisp_median_max_membership,0.42
pythia-70m,4,bookcorpus,halfA,real,crisp_frac_confident,0.3876139322916667
pythia-70m,4,bookcorpus,halfA,real,crisp_network_median,0.3710107142857143
pythia-70m,4,bookcorpus,halfA,real,size_n_networks,100.0
pythia-70m,4,bookcorpus,halfA,real,size_effective_n,63.106598597576394
pythia-70m,4,bookcorpus,halfA,real,size_gini,0.33532877604166655
pythia-70m,4,bookcorpus,halfA,real,size_largest_share,0.165771484375
pythia-70m,4,bookcorpus,halfA,real,size_frac_small,0.01
pythia-70m,4,bookcorpus,halfA,real,depth_median_effective_layers,4.577799561329442
pythia-70m,4,bookcorpus,halfA,real,depth_frac_single_layer,0.02
pythia-70m,4,bookcorpus,halfA,real,depth_mean_layer_span,4.2
pythia-70m,16,bookcorpus,halfA,real,crisp_median_max_membership,0.42
pythia-70m,16,bookcorpus,halfA,real,crisp_frac_confident,0.3824055989583333
pythia-70m,16,bookcorpus,halfA,real,crisp_network_median,0.37274066091954017
pythia-70m,16,bookcorpus,halfA,real,size_n_networks,100.0
pythia-70m,16,bookcorpus,halfA,real,size_effective_n,63.711080321489895
pythia-70m,16,bookcorpus,halfA,real,size_gini,0.3284619140625
pythia-70m,16,bookcorpus,halfA,real,size_largest_share,0.16642252604166666
pythia-70m,16,bookcorpus,halfA,real,size_frac_small,0.0
pythia-70m,16,bookcorpus,halfA,real,depth_median_effective_layers,4.634036422419896
pythia-70m,16,bookcorpus,halfA,real,depth_frac_single_layer,0.01
pythia-70m,16,bookcorpus,halfA,real,depth_mean_layer_span,4.18
pythia-70m,64,bookcorpus,halfA,real,crisp_median_max_membership,0.47
pythia-70m,64,bookcorpus,halfA,real,crisp_frac_confident,0.454345703125
pythia-70m,64,bookcorpus,halfA,real,crisp_network_median,0.43104400440044
pythia-70m,64,bookcorpus,halfA,real,size_n_networks,100.0
pythia-70m,64,bookcorpus,halfA,real,size_effective_n,66.54068026681513
pythia-70m,64,bookcorpus,halfA,real,size_gini,0.33912923177083343
pythia-70m,64,bookcorpus,halfA,real,size_largest_share,0.1630859375
pythia-70m,64,bookcorpus,halfA,real,size_frac_small,0.0
pythia-70m,64,bookcorpus,halfA,real,depth_median_effective_layers,4.474000771679695
pythia-70m,64,bookcorpus,halfA,real,depth_frac_single_layer,0.02
pythia-70m,64,bookcorpus,halfA,real,depth_mean_layer_span,4.07
pythia-70m,256,bookcorpus,halfA,real,crisp_median_max_membership,0.57
pythia-70m,256,bookcorpus,halfA,real,crisp_frac_confident,0.6001790364583334
pythia-70m,256,bookcorpus,halfA,real,crisp_network_median,0.5064776016789694
pythia-70m,256,bookcorpus,halfA,real,size_n_networks,100.0
pythia-70m,256,bookcorpus,halfA,real,size_effective_n,70.6634065956052
pythia-70m,256,bookcorpus,halfA,real,size_gini,0.2942740885416666
pythia-70m,256,bookcorpus,halfA,real,size_largest_share,0.157470703125
pythia-70m,256,bookcorpus,halfA,real,size_frac_small,0.0
pythia-70m,256,bookcorpus,halfA,real,depth_median_effective_layers,2.9949182777734187
pythia-70m,256,bookcorpus,halfA,real,depth_frac_single_layer,0.09
pythia-70m,256,bookcorpus,halfA,real,depth_mean_layer_span,2.92
pythia-70m,1000,bookcorpus,halfA,real,crisp_median_max_membership,0.61
pythia-70m,1000,bookcorpus,halfA,real,crisp_frac_confident,0.6476236979166666
pythia-70m,1000,bookcorpus,halfA,real,crisp_network_median,0.5326544230769231
pythia-70m,1000,bookcorpus,halfA,real,size_n_networks,100.0
pythia-70m,1000,bookcorpus,halfA,real,size_effective_n,78.57422284506104
pythia-70m,1000,bookcorpus,halfA,real,size_gini,0.2963444010416667
pythia-70m,1000,bookcorpus,halfA,real,size_largest_share,0.10262044270833333
pythia-70m,1000,bookcorpus,halfA,real,size_frac_small,0.01
pythia-70m,1000,bookcorpus,halfA,real,depth_median_effective_layers,2.0829150029113217
pythia-70m,1000,bookcorpus,halfA,real,depth_frac_single_layer,0.38
pythia-70m,1000,bookcorpus,halfA,real,depth_mean_layer_span,2.06
pythia-70m,4000,bookcorpus,halfA,real,crisp_median_max_membership,0.725
pythia-70m,4000,bookcorpus,halfA,real,crisp_frac_confident,0.7794596354166666
pythia-70m,4000,bookcorpus,halfA,real,crisp_network_median,0.6393313223601618
pythia-70m,4000,bookcorpus,halfA,real,size_n_networks,100.0
pythia-70m,4000,bookcorpus,halfA,real,size_effective_n,71.66322729981715
pythia-70m,4000,bookcorpus,halfA,real,size_gini,0.34183593749999996
pythia-70m,4000,bookcorpus,halfA,real,size_largest_share,0.13094075520833334
pythia-70m,4000,bookcorpus,halfA,real,size_frac_small,0.01
pythia-70m,4000,bookcorpus,halfA,real,depth_median_effective_layers,2.3925907867600094
pythia-70m,4000,bookcorpus,halfA,real,depth_frac_single_layer,0.35
pythia-70m,4000,bookcorpus,halfA,real,depth_mean_layer_span,2.19
pythia-70m,16000,bookcorpus,halfA,real,crisp_median_max_membership,0.76
pythia-70m,16000,bookcorpus,halfA,real,crisp_frac_confident,0.8001302083333334
pythia-70m,16000,bookcorpus,halfA,real,crisp_network_median,0.6461292654713707
pythia-70m,16000,bookcorpus,halfA,real,size_n_networks,100.0
pythia-70m,16000,bookcorpus,halfA,real,size_effective_n,67.47780049872573
pythia-70m,16000,bookcorpus,halfA,real,size_gini,0.35570963541666667
pythia-70m,16000,bookcorpus,halfA,real,size_largest_share,0.15584309895833334
pythia-70m,16000,bookcorpus,halfA,real,size_frac_small,0.01
pythia-70m,16000,bookcorpus,halfA,real,depth_median_effective_layers,2.825427987108715
pythia-70m,16000,bookcorpus,halfA,real,depth_frac_single_layer,0.24
pythia-70m,16000,bookcorpus,halfA,real,depth_mean_layer_span,2.44
pythia-70m,64000,bookcorpus,halfA,real,crisp_median_max_membership,0.745
pythia-70m,64000,bookcorpus,halfA,real,crisp_frac_confident,0.7666015625
pythia-70m,64000,bookcorpus,halfA,real,crisp_network_median,0.6349811683963844
pythia-70m,64000,bookcorpus,halfA,real,size_n_networks,100.0
pythia-70m,64000,bookcorpus,halfA,real,size_effective_n,67.45230447211208
pythia-70m,64000,bookcorpus,halfA,real,size_gini,0.3489941406249999
pythia-70m,64000,bookcorpus,halfA,real,size_largest_share,0.15861002604166666
pythia-70m,64000,bookcorpus,halfA,real,size_frac_small,0.01
pythia-70m,64000,bookcorpus,halfA,real,depth_median_effective_layers,2.841647397113828
pythia-70m,64000,bookcorpus,halfA,real,depth_frac_single_layer,0.22
pythia-70m,64000,bookcorpus,halfA,real,depth_mean_layer_span,2.51
pythia-70m,143000,bookcorpus,halfA,real,crisp_median_max_membership,0.775
pythia-70m,143000,bookcorpus,halfA,real,crisp_frac_confident,0.7930501302083334
pythia-70m,143000,bookcorpus,halfA,real,crisp_network_median,0.6562814047313406
pythia-70m,143000,bookcorpus,halfA,real,size_n_networks,100.0
pythia-70m,143000,bookcorpus,halfA,real,size_effective_n,67.86848873203998
pythia-70m,143000,bookcorpus,halfA,real,size_gini,0.34081217447916656
pythia-70m,143000,bookcorpus,halfA,real,size_largest_share,0.15983072916666666
pythia-70m,143000,bookcorpus,halfA,real,size_frac_small,0.0
pythia-70m,143000,bookcorpus,halfA,real,depth_median_effective_layers,2.7374531114187355
pythia-70m,143000,bookcorpus,halfA,real,depth_frac_single_layer,0.16
pythia-70m,143000,bookcorpus,halfA,real,depth_mean_layer_span,2.52
pythia-70m,0,agnews,halfA,real,crisp_median_max_membership,0.415
pythia-70m,0,agnews,halfA,real,crisp_frac_confident,0.3741048177083333
pythia-70m,0,agnews,halfA,real,crisp_network_median,0.3621124144672532
pythia-70m,0,agnews,halfA,real,size_n_networks,100.0
pythia-70m,0,agnews,halfA,real,size_effective_n,61.988104332973606
pythia-70m,0,agnews,halfA,real,size_gini,0.3536083984375
pythia-70m,0,agnews,halfA,real,size_largest_share,0.162109375
pythia-70m,0,agnews,halfA,real,size_frac_small,0.01
pythia-70m,0,agnews,halfA,real,depth_median_effective_layers,4.564696848180743
pythia-70m,0,agnews,halfA,real,depth_frac_single_layer,0.02
pythia-70m,0,agnews,halfA,real,depth_mean_layer_span,4.17
pythia-70m,1,agnews,halfA,real,crisp_median_max_membership,0.41
pythia-70m,1,agnews,halfA,real,crisp_frac_confident,0.37158203125
pythia-70m,1,agnews,halfA,real,crisp_network_median,0.364484126984127
pythia-70m,1,agnews,halfA,real,size_n_networks,100.0
pythia-70m,1,agnews,halfA,real,size_effective_n,61.81622148580612
pythia-70m,1,agnews,halfA,real,size_gini,0.35875325520833323
pythia-70m,1,agnews,halfA,real,size_largest_share,0.162109375
pythia-70m,1,agnews,halfA,real,size_frac_small,0.0
pythia-70m,1,agnews,halfA,real,depth_median_effective_layers,4.568551561247577
pythia-70m,1,agnews,halfA,real,depth_frac_single_layer,0.02
pythia-70m,1,agnews,halfA,real,depth_mean_layer_span,4.13
pythia-70m,4,agnews,halfA,real,crisp_median_max_membership,0.41
pythia-70m,4,agnews,halfA,real,crisp_frac_confident,0.3739420572916667
pythia-70m,4,agnews,halfA,real,crisp_network_median,0.36442528735632185
pythia-70m,4,agnews,halfA,real,size_n_networks,100.0
pythia-70m,4,agnews,halfA,real,size_effective_n,61.39092723174698
pythia-70m,4,agnews,halfA,real,size_gini,0.35566406250000004
pythia-70m,4,agnews,halfA,real,size_largest_share,0.16585286458333334
pythia-70m,4,agnews,halfA,real,size_frac_small,0.0
pythia-70m,4,agnews,halfA,real,depth_median_effective_layers,4.56788911733025
pythia-70m,4,agnews,halfA,real,depth_frac_single_layer,0.01
pythia-70m,4,agnews,halfA,real,depth_mean_layer_span,4.12
pythia-70m,16,agnews,halfA,real,crisp_median_max_membership,0.405
pythia-70m,16,agnews,halfA,real,crisp_frac_confident,0.3662109375
pythia-70m,16,agnews,halfA,real,crisp_network_median,0.35570352214960055
pythia-70m,16,agnews,halfA,real,size_n_networks,100.0
pythia-70m,16,agnews,halfA,real,size_effective_n,61.47582574750966
pythia-70m,16,agnews,halfA,real,size_gini,0.3587369791666666
pythia-70m,16,agnews,halfA,real,size_largest_share,0.16650390625
pythia-70m,16,agnews,halfA,real,size_frac_small,0.0
pythia-70m,16,agnews,halfA,real,depth_median_effective_layers,4.687380278778736
pythia-70m,16,agnews,halfA,real,depth_frac_single_layer,0.01
pythia-70m,16,agnews,halfA,real,depth_mean_layer_span,4.3
pythia-70m,64,agnews,halfA,real,crisp_median_max_membership,0.53
pythia-70m,64,agnews,halfA,real,crisp_frac_confident,0.5484212239583334
pythia-70m,64,agnews,halfA,real,crisp_network_median,0.4891701750961914
pythia-70m,64,agnews,halfA,real,size_n_networks,100.0
pythia-70m,64,agnews,halfA,real,size_effective_n,66.31357413985347
pythia-70m,64,agnews,halfA,real,size_gini,0.3603369140624999
pythia-70m,64,agnews,halfA,real,size_largest_share,0.16267903645833334
pythia-70m,64,agnews,halfA,real,size_frac_small,0.01
pythia-70m,64,agnews,halfA,real,depth_median_effective_layers,4.569045756244843
pythia-70m,64,agnews,halfA,real,depth_frac_single_layer,0.03
pythia-70m,64,agnews,halfA,real,depth_mean_layer_span,4.3
pythia-70m,256,agnews,halfA,real,crisp_median_max_membership,0.565
pythia-70m,256,agnews,halfA,real,crisp_frac_confident,0.5956217447916666
pythia-70m,256,agnews,halfA,real,crisp_network_median,0.5017456896551724
pythia-70m,256,agnews,halfA,real,size_n_networks,100.0
pythia-70m,256,agnews,halfA,real,size_effective_n,68.2507677848171
pythia-70m,256,agnews,halfA,real,size_gini,0.32651204427083336
pythia-70m,256,agnews,halfA,real,size_largest_share,0.16259765625
pythia-70m,256,agnews,halfA,real,size_frac_small,0.01
pythia-70m,256,agnews,halfA,real,depth_median_effective_layers,2.976557803706396
pythia-70m,256,agnews,halfA,real,depth_frac_single_layer,0.17
pythia-70m,256,agnews,halfA,real,depth_mean_layer_span,2.72
pythia-70m,1000,agnews,halfA,real,crisp_median_max_membership,0.605
pythia-70m,1000,agnews,halfA,real,crisp_frac_confident,0.6437174479166666
pythia-70m,1000,agnews,halfA,real,crisp_network_median,0.5254132200330877
pythia-70m,1000,agnews,halfA,real,size_n_networks,100.0
pythia-70m,1000,agnews,halfA,real,size_effective_n,75.79941392615797
pythia-70m,1000,agnews,halfA,real,size_gini,0.3080061848958333
pythia-70m,1000,agnews,halfA,real,size_largest_share,0.11279296875
pythia-70m,1000,agnews,halfA,real,size_frac_small,0.01
pythia-70m,1000,agnews,halfA,real,depth_median_effective_layers,2.098656309069641
pythia-70m,1000,agnews,halfA,real,depth_frac_single_layer,0.42
pythia-70m,1000,agnews,halfA,real,depth_mean_layer_span,1.95
pythia-70m,4000,agnews,halfA,real,crisp_median_max_membership,0.71
pythia-70m,4000,agnews,halfA,real,crisp_frac_confident,0.7593587239583334
pythia-70m,4000,agnews,halfA,real,crisp_network_median,0.6161780602542288
pythia-70m,4000,agnews,halfA,real,size_n_networks,100.0
pythia-70m,4000,agnews,halfA,real,size_effective_n,70.66624471305825
pythia-70m,4000,agnews,halfA,real,size_gini,0.3494270833333333
pythia-70m,4000,agnews,halfA,real,size_largest_share,0.13395182291666666
pythia-70m,4000,agnews,halfA,real,size_frac_small,0.01
pythia-70m,4000,agnews,halfA,real,depth_median_effective_layers,2.4721827087060255
pythia-70m,4000,agnews,halfA,real,depth_frac_single_layer,0.33
pythia-70m,4000,agnews,halfA,real,depth_mean_layer_span,2.32
pythia-70m,16000,agnews,halfA,real,crisp_median_max_membership,0.75
pythia-70m,16000,agnews,halfA,real,crisp_frac_confident,0.7940266927083334
pythia-70m,16000,agnews,halfA,real,crisp_network_median,0.6651470814132103
pythia-70m,16000,agnews,halfA,real,size_n_networks,100.0
pythia-70m,16000,agnews,halfA,real,size_effective_n,66.26889474074913
pythia-70m,16000,agnews,halfA,real,size_gini,0.34877278645833343
pythia-70m,16000,agnews,halfA,real,size_largest_share,0.16300455729166666
pythia-70m,16000,agnews,halfA,real,size_frac_small,0.02
pythia-70m,16000,agnews,halfA,real,depth_median_effective_layers,2.8069977818754426
pythia-70m,16000,agnews,halfA,real,depth_frac_single_layer,0.23
pythia-70m,16000,agnews,halfA,real,depth_mean_layer_span,2.53
pythia-70m,64000,agnews,halfA,real,crisp_median_max_membership,0.77
pythia-70m,64000,agnews,halfA,real,crisp_frac_confident,0.7976888020833334
pythia-70m,64000,agnews,halfA,real,crisp_network_median,0.6645122845617895
pythia-70m,64000,agnews,halfA,real,size_n_networks,100.0
pythia-70m,64000,agnews,halfA,real,size_effective_n,66.09270225703733
pythia-70m,64000,agnews,halfA,real,size_gini,0.3582714843749999
pythia-70m,64000,agnews,halfA,real,size_largest_share,0.16471354166666666
pythia-70m,64000,agnews,halfA,real,size_frac_small,0.0
pythia-70m,64000,agnews,halfA,real,depth_median_effective_layers,3.0692500588443563
pythia-70m,64000,agnews,halfA,real,depth_frac_single_layer,0.18
pythia-70m,64000,agnews,halfA,real,depth_mean_layer_span,2.62
pythia-70m,143000,agnews,halfA,real,crisp_median_max_membership,0.755
pythia-70m,143000,agnews,halfA,real,crisp_frac_confident,0.7862141927083334
pythia-70m,143000,agnews,halfA,real,crisp_network_median,0.6283313462949376
pythia-70m,143000,agnews,halfA,real,size_n_networks,100.0
pythia-70m,143000,agnews,halfA,real,size_effective_n,66.13654370445798
pythia-70m,143000,agnews,halfA,real,size_gini,0.3560139973958334
pythia-70m,143000,agnews,halfA,real,size_largest_share,0.16585286458333334
pythia-70m,143000,agnews,halfA,real,size_frac_small,0.0
pythia-70m,143000,agnews,halfA,real,depth_median_effective_layers,3.0624939751021087
pythia-70m,143000,agnews,halfA,real,depth_frac_single_layer,0.18
pythia-70m,143000,agnews,halfA,real,depth_mean_layer_span,2.73
pythia-70m,0,tldr17,halfA,real,crisp_median_max_membership,0.41
pythia-70m,0,tldr17,halfA,real,crisp_frac_confident,0.37158203125
pythia-70m,0,tldr17,halfA,real,crisp_network_median,0.36876390836839645
pythia-70m,0,tldr17,halfA,real,size_n_networks,100.0
pythia-70m,0,tldr17,halfA,real,size_effective_n,66.51961135515575
pythia-70m,0,tldr17,halfA,real,size_gini,0.31850260416666676
pythia-70m,0,tldr17,halfA,real,size_largest_share,0.15486653645833334
pythia-70m,0,tldr17,halfA,real,size_frac_small,0.0
pythia-70m,0,tldr17,halfA,real,depth_median_effective_layers,4.797848845639528
pythia-70m,0,tldr17,halfA,real,depth_frac_single_layer,0.03
pythia-70m,0,tldr17,halfA,real,depth_mean_layer_span,4.54
pythia-70m,1,tldr17,halfA,real,crisp_median_max_membership,0.415
pythia-70m,1,tldr17,halfA,real,crisp_frac_confident,0.3680013020833333
pythia-70m,1,tldr17,halfA,real,crisp_network_median,0.3684158216642524
pythia-70m,1,tldr17,halfA,real,size_n_networks,100.0
pythia-70m,1,tldr17,halfA,real,size_effective_n,66.61104039332606
pythia-70m,1,tldr17,halfA,real,size_gini,0.3143912760416667
pythia-70m,1,tldr17,halfA,real,size_largest_share,0.15486653645833334
pythia-70m,1,tldr17,halfA,real,size_frac_small,0.0
pythia-70m,1,tldr17,halfA,real,depth_median_effective_layers,4.790232365152579
pythia-70m,1,tldr17,halfA,real,depth_frac_single_layer,0.03
pythia-70m,1,tldr17,halfA,real,depth_mean_layer_span,4.54
pythia-70m,4,tldr17,halfA,real,crisp_median_max_membership,0.415
pythia-70m,4,tldr17,halfA,real,crisp_frac_confident,0.373046875
pythia-70m,4,tldr17,halfA,real,crisp_network_median,0.378025287965047
pythia-70m,4,tldr17,halfA,real,size_n_networks,100.0
pythia-70m,4,tldr17,halfA,real,size_effective_n,64.28759727632557
pythia-70m,4,tldr17,halfA,real,size_gini,0.3231624348958333
pythia-70m,4,tldr17,halfA,real,size_largest_share,0.166259765625
pythia-70m,4,tldr17,halfA,real,size_frac_small,0.01
pythia-70m,4,tldr17,halfA,real,depth_median_effective_layers,4.779450517733547
pythia-70m,4,tldr17,halfA,real,depth_frac_single_layer,0.02
pythia-70m,4,tldr17,halfA,real,depth_mean_layer_span,4.61
pythia-70m,16,tldr17,halfA,real,crisp_median_max_membership,0.415
pythia-70m,16,tldr17,halfA,real,crisp_frac_confident,0.376220703125
pythia-70m,16,tldr17,halfA,real,crisp_network_median,0.3703119429590018
pythia-70m,16,tldr17,halfA,real,size_n_networks,100.0
pythia-70m,16,tldr17,halfA,real,size_effective_n,64.061701836508
pythia-70m,16,tldr17,halfA,real,size_gini,0.33224446614583325
pythia-70m,16,tldr17,halfA,real,size_largest_share,0.16617838541666666
pythia-70m,16,tldr17,halfA,real,size_frac_small,0.0
pythia-70m,16,tldr17,halfA,real,depth_median_effective_layers,4.804304103903424
pythia-70m,16,tldr17,halfA,real,depth_frac_single_layer,0.01
pythia-70m,16,tldr17,halfA,real,depth_mean_layer_span,4.66
pythia-70m,64,tldr17,halfA,real,crisp_median_max_membership,0.515
pythia-70m,64,tldr17,halfA,real,crisp_frac_confident,0.523681640625
pythia-70m,64,tldr17,halfA,real,crisp_network_median,0.46005407523510977
pythia-70m,64,tldr17,halfA,real,size_n_networks,100.0
pythia-70m,64,tldr17,halfA,real,size_effective_n,66.98066459152541
pythia-70m,64,tldr17,halfA,real,size_gini,0.3474072265624999
pythia-70m,64,tldr17,halfA,real,size_largest_share,0.16520182291666666
pythia-70m,64,tldr17,halfA,real,size_frac_small,0.01
pythia-70m,64,tldr17,halfA,real,depth_median_effective_layers,4.581526119890834
pythia-70m,64,tldr17,halfA,real,depth_frac_single_layer,0.02
pythia-70m,64,tldr17,halfA,real,depth_mean_layer_span,4.27
pythia-70m,256,tldr17,halfA,real,crisp_median_max_membership,0.535
pythia-70m,256,tldr17,halfA,real,crisp_frac_confident,0.5590006510416666
pythia-70m,256,tldr17,halfA,real,crisp_network_median,0.4962405893042575
pythia-70m,256,tldr17,halfA,real,size_n_networks,100.0
pythia-70m,256,tldr17,halfA,real,size_effective_n,68.32773100124508
pythia-70m,256,tldr17,halfA,real,size_gini,0.32275716145833333
pythia-70m,256,tldr17,halfA,real,size_largest_share,0.162841796875
pythia-70m,256,tldr17,halfA,real,size_frac_small,0.01
pythia-70m,256,tldr17,halfA,real,depth_median_effective_layers,3.1572975491057726
pythia-70m,256,tldr17,halfA,real,depth_frac_single_layer,0.11
pythia-70m,256,tldr17,halfA,real,depth_mean_layer_span,2.94
pythia-70m,1000,tldr17,halfA,real,crisp_median_max_membership,0.595
pythia-70m,1000,tldr17,halfA,real,crisp_frac_confident,0.6463216145833334
pythia-70m,1000,tldr17,halfA,real,crisp_network_median,0.5336349129593811
pythia-70m,1000,tldr17,halfA,real,size_n_networks,100.0
pythia-70m,1000,tldr17,halfA,real,size_effective_n,78.02622885756087
pythia-70m,1000,tldr17,halfA,real,size_gini,0.28796712239583333
pythia-70m,1000,tldr17,halfA,real,size_largest_share,0.10994466145833333
pythia-70m,1000,tldr17,halfA,real,size_frac_small,0.0
pythia-70m,1000,tldr17,halfA,real,depth_median_effective_layers,2.2101512682690614
pythia-70m,1000,tldr17,halfA,real,depth_frac_single_layer,0.37
pythia-70m,1000,tldr17,halfA,real,depth_mean_layer_span,2.1
pythia-70m,4000,tldr17,halfA,real,crisp_median_max_membership,0.725
pythia-70m,4000,tldr17,halfA,real,crisp_frac_confident,0.7530924479166666
pythia-70m,4000,tldr17,halfA,real,crisp_network_median,0.6180497580157289
pythia-70m,4000,tldr17,halfA,real,size_n_networks,100.0
pythia-70m,4000,tldr17,halfA,real,size_effective_n,68.83517830459806
pythia-70m,4000,tldr17,halfA,real,size_gini,0.3580566406250001
pythia-70m,4000,tldr17,halfA,real,size_largest_share,0.1416015625
pythia-70m,4000,tldr17,halfA,real,size_frac_small,0.02
pythia-70m,4000,tldr17,halfA,real,depth_median_effective_layers,2.1841524047296392
pythia-70m,4000,tldr17,halfA,real,depth_frac_single_layer,0.38
pythia-70m,4000,tldr17,halfA,real,depth_mean_layer_span,2.17
pythia-70m,16000,tldr17,halfA,real,crisp_median_max_membership,0.765
pythia-70m,16000,tldr17,halfA,real,crisp_frac_confident,0.7909342447916666
pythia-70m,16000,tldr17,halfA,real,crisp_network_median,0.6383850574712644
pythia-70m,16000,tldr17,halfA,real,size_n_networks,100.0
pythia-70m,16000,tldr17,halfA,real,size_effective_n,64.63811967198906
pythia-70m,16000,tldr17,halfA,real,size_gini,0.37520507812500004
pythia-70m,16000,tldr17,halfA,real,size_largest_share,0.16276041666666666
pythia-70m,16000,tldr17,halfA,real,size_frac_small,0.02
pythia-70m,16000,tldr17,halfA,real,depth_median_effective_layers,2.6756852737834165
pythia-70m,16000,tldr17,halfA,real,depth_frac_single_layer,0.22
pythia-70m,16000,tldr17,halfA,real,depth_mean_layer_span,2.45
pythia-70m,64000,tldr17,halfA,real,crisp_median_max_membership,0.76
pythia-70m,64000,tldr17,halfA,real,crisp_frac_confident,0.7845052083333334
pythia-70m,64000,tldr17,halfA,real,crisp_network_median,0.6681794100801832
pythia-70m,64000,tldr17,halfA,real,size_n_networks,100.0
pythia-70m,64000,tldr17,halfA,real,size_effective_n,65.34413174676745
pythia-70m,64000,tldr17,halfA,real,size_gini,0.3609716796875
pythia-70m,64000,tldr17,halfA,real,size_largest_share,0.16455078125
pythia-70m,64000,tldr17,halfA,real,size_frac_small,0.02
pythia-70m,64000,tldr17,halfA,real,depth_median_effective_layers,2.7918705785855953
pythia-70m,64000,tldr17,halfA,real,depth_frac_single_layer,0.17
pythia-70m,64000,tldr17,halfA,real,depth_mean_layer_span,2.65
pythia-70m,143000,tldr17,halfA,real,crisp_median_max_membership,0.78
pythia-70m,143000,tldr17,halfA,real,crisp_frac_confident,0.8199869791666666
pythia-70m,143000,tldr17,halfA,real,crisp_network_median,0.6742445408924453
pythia-70m,143000,tldr17,halfA,real,size_n_networks,100.0
pythia-70m,143000,tldr17,halfA,real,size_effective_n,65.69198913333115
pythia-70m,143000,tldr17,halfA,real,size_gini,0.3497542317708333
pythia-70m,143000,tldr17,halfA,real,size_largest_share,0.16585286458333334
pythia-70m,143000,tldr17,halfA,real,size_frac_small,0.02
pythia-70m,143000,tldr17,halfA,real,depth_median_effective_layers,2.7649200358290544
pythia-70m,143000,tldr17,halfA,real,depth_frac_single_layer,0.15
pythia-70m,143000,tldr17,halfA,real,depth_mean_layer_span,2.6
pythia-70m,0,wikitext,halfB,real,crisp_median_max_membership,0.41
pythia-70m,0,wikitext,halfB,real,crisp_frac_confident,0.3634440104166667
pythia-70m,0,wikitext,halfB,real,crisp_network_median,0.3844879015435962
pythia-70m,0,wikitext,halfB,real,size_n_networks,100.0
pythia-70m,0,wikitext,halfB,real,size_effective_n,67.72192889006352
pythia-70m,0,wikitext,halfB,real,size_gini,0.2988883463541667
pythia-70m,0,wikitext,halfB,real,size_largest_share,0.16121419270833334
pythia-70m,0,wikitext,halfB,real,size_frac_small,0.0
pythia-70m,0,wikitext,halfB,real,depth_median_effective_layers,4.744805105254988
pythia-70m,0,wikitext,halfB,real,depth_frac_single_layer,0.02
pythia-70m,0,wikitext,halfB,real,depth_mean_layer_span,4.58
pythia-70m,1,wikitext,halfB,real,crisp_median_max_membership,0.41
pythia-70m,1,wikitext,halfB,real,crisp_frac_confident,0.3597005208333333
pythia-70m,1,wikitext,halfB,real,crisp_network_median,0.379293743890518
pythia-70m,1,wikitext,halfB,real,size_n_networks,100.0
pythia-70m,1,wikitext,halfB,real,size_effective_n,67.6964113904905
pythia-70m,1,wikitext,halfB,real,size_gini,0.3005419921874999
pythia-70m,1,wikitext,halfB,real,size_largest_share,0.16121419270833334
pythia-70m,1,wikitext,halfB,real,size_frac_small,0.0
pythia-70m,1,wikitext,halfB,real,depth_median_effective_layers,4.744724372655964
pythia-70m,1,wikitext,halfB,real,depth_frac_single_layer,0.02
pythia-70m,1,wikitext,halfB,real,depth_mean_layer_span,4.55
pythia-70m,4,wikitext,halfB,real,crisp_median_max_membership,0.415
pythia-70m,4,wikitext,halfB,real,crisp_frac_confident,0.3671061197916667
pythia-70m,4,wikitext,halfB,real,crisp_network_median,0.38076276881720433
pythia-70m,4,wikitext,halfB,real,size_n_networks,100.0
pythia-70m,4,wikitext,halfB,real,size_effective_n,66.44325233210208
pythia-70m,4,wikitext,halfB,real,size_gini,0.30968912760416667
pythia-70m,4,wikitext,halfB,real,size_largest_share,0.16666666666666666
pythia-70m,4,wikitext,halfB,real,size_frac_small,0.0
pythia-70m,4,wikitext,halfB,real,depth_median_effective_layers,4.770316025471662
pythia-70m,4,wikitext,halfB,real,depth_frac_single_layer,0.01
pythia-70m,4,wikitext,halfB,real,depth_mean_layer_span,4.63
pythia-70m,16,wikitext,halfB,real,crisp_median_max_membership,0.405
pythia-70m,16,wikitext,halfB,real,crisp_frac_confident,0.35107421875
pythia-70m,16,wikitext,halfB,real,crisp_network_median,0.36844074844074837
pythia-70m,16,wikitext,halfB,real,size_n_networks,100.0
pythia-70m,16,wikitext,halfB,real,size_effective_n,66.20090346834317
pythia-70m,16,wikitext,halfB,real,size_gini,0.29579427083333343
pythia-70m,16,wikitext,halfB,real,size_largest_share,0.16658528645833334
pythia-70m,16,wikitext,halfB,real,size_frac_small,0.0
pythia-70m,16,wikitext,halfB,real,depth_median_effective_layers,4.77732583494699
pythia-70m,16,wikitext,halfB,real,depth_frac_single_layer,0.01
pythia-70m,16,wikitext,halfB,real,depth_mean_layer_span,4.66
pythia-70m,64,wikitext,halfB,real,crisp_median_max_membership,0.49
pythia-70m,64,wikitext,halfB,real,crisp_frac_confident,0.4825032552083333
pythia-70m,64,wikitext,halfB,real,crisp_network_median,0.4421441670193257
pythia-70m,64,wikitext,halfB,real,size_n_networks,100.0
pythia-70m,64,wikitext,halfB,real,size_effective_n,66.40236408452775
pythia-70m,64,wikitext,halfB,real,size_gini,0.3510042317708333
pythia-70m,64,wikitext,halfB,real,size_largest_share,0.16585286458333334
pythia-70m,64,wikitext,halfB,real,size_frac_small,0.01
pythia-70m,64,wikitext,halfB,real,depth_median_effective_layers,4.595909630780872
pythia-70m,64,wikitext,halfB,real,depth_frac_single_layer,0.02
pythia-70m,64,wikitext,halfB,real,depth_mean_layer_span,4.23
pythia-70m,256,wikitext,halfB,real,crisp_median_max_membership,0.53
pythia-70m,256,wikitext,halfB,real,crisp_frac_confident,0.546142578125
pythia-70m,256,wikitext,halfB,real,crisp_network_median,0.48164556962025323
pythia-70m,256,wikitext,halfB,real,size_n_networks,99.0
pythia-70m,256,wikitext,halfB,real,size_effective_n,69.42854936056784
pythia-70m,256,wikitext,halfB,real,size_gini,0.2851348774200335
pythia-70m,256,wikitext,halfB,real,size_largest_share,0.16569010416666666
pythia-70m,256,wikitext,halfB,real,size_frac_small,0.0
pythia-70m,256,wikitext,halfB,real,depth_median_effective_layers,2.9915737394302275
pythia-70m,256,wikitext,halfB,real,depth_frac_single_layer,0.13131313131313133
pythia-70m,256,wikitext,halfB,real,depth_mean_layer_span,2.888888888888889
pythia-70m,1000,wikitext,halfB,real,crisp_median_max_membership,0.605
pythia-70m,1000,wikitext,halfB,real,crisp_frac_confident,0.6427408854166666
pythia-70m,1000,wikitext,halfB,real,crisp_network_median,0.5306878306878307
pythia-70m,1000,wikitext,halfB,real,size_n_networks,100.0
pythia-70m,1000,wikitext,halfB,real,size_effective_n,76.94067057158264
pythia-70m,1000,wikitext,halfB,real,size_gini,0.30797526041666656
pythia-70m,1000,wikitext,halfB,real,size_largest_share,0.109619140625
pythia-70m,1000,wikitext,halfB,real,size_frac_small,0.0
pythia-70m,1000,wikitext,halfB,real,depth_median_effective_layers,1.9705783826132304
pythia-70m,1000,wikitext,halfB,real,depth_frac_single_layer,0.39
pythia-70m,1000,wikitext,halfB,real,depth_mean_layer_span,2.02
pythia-70m,4000,wikitext,halfB,real,crisp_median_max_membership,0.735
pythia-70m,4000,wikitext,halfB,real,crisp_frac_confident,0.779296875
pythia-70m,4000,wikitext,halfB,real,crisp_network_median,0.6534831262666314
pythia-70m,4000,wikitext,halfB,real,size_n_networks,100.0
pythia-70m,4000,wikitext,halfB,real,size_effective_n,71.51013376184564
pythia-70m,4000,wikitext,halfB,real,size_gini,0.3361018880208333
pythia-70m,4000,wikitext,halfB,real,size_largest_share,0.13663736979166666
pythia-70m,4000,wikitext,halfB,real,size_frac_small,0.01
pythia-70m,4000,wikitext,halfB,real,depth_median_effective_layers,2.3913174261076984
pythia-70m,4000,wikitext,halfB,real,depth_frac_single_layer,0.38
pythia-70m,4000,wikitext,halfB,real,depth_mean_layer_span,2.28
pythia-70m,16000,wikitext,halfB,real,crisp_median_max_membership,0.76
pythia-70m,16000,wikitext,halfB,real,crisp_frac_confident,0.7886555989583334
pythia-70m,16000,wikitext,halfB,real,crisp_network_median,0.6735614035087718
pythia-70m,16000,wikitext,halfB,real,size_n_networks,100.0
pythia-70m,16000,wikitext,halfB,real,size_effective_n,66.67008593495393
pythia-70m,16000,wikitext,halfB,real,size_gini,0.36622884114583343
pythia-70m,16000,wikitext,halfB,real,size_largest_share,0.15673828125
pythia-70m,16000,wikitext,halfB,real,size_frac_small,0.02
pythia-70m,16000,wikitext,halfB,real,depth_median_effective_layers,2.7394369681556583
pythia-70m,16000,wikitext,halfB,real,depth_frac_single_layer,0.22
pythia-70m,16000,wikitext,halfB,real,depth_mean_layer_span,2.5
pythia-70m,64000,wikitext,halfB,real,crisp_median_max_membership,0.77
pythia-70m,64000,wikitext,halfB,real,crisp_frac_confident,0.8218587239583334
pythia-70m,64000,wikitext,halfB,real,crisp_network_median,0.6795098670098669
pythia-70m,64000,wikitext,halfB,real,size_n_networks,100.0
pythia-70m,64000,wikitext,halfB,real,size_effective_n,68.51790078060718
pythia-70m,64000,wikitext,halfB,real,size_gini,0.32831868489583327
pythia-70m,64000,wikitext,halfB,real,size_largest_share,0.15974934895833334
pythia-70m,64000,wikitext,halfB,real,size_frac_small,0.0
pythia-70m,64000,wikitext,halfB,real,depth_median_effective_layers,2.884278910005226
pythia-70m,64000,wikitext,halfB,real,depth_frac_single_layer,0.19
pythia-70m,64000,wikitext,halfB,real,depth_mean_layer_span,2.69
pythia-70m,143000,wikitext,halfB,real,crisp_median_max_membership,0.745
pythia-70m,143000,wikitext,halfB,real,crisp_frac_confident,0.7987467447916666
pythia-70m,143000,wikitext,halfB,real,crisp_network_median,0.6571969696969697
pythia-70m,143000,wikitext,halfB,real,size_n_networks,99.0
pythia-70m,143000,wikitext,halfB,real,size_effective_n,66.30056858568666
pythia-70m,143000,wikitext,halfB,real,size_gini,0.3456768202861953
pythia-70m,143000,wikitext,halfB,real,size_largest_share,0.16520182291666666
pythia-70m,143000,wikitext,halfB,real,size_frac_small,0.010101010101010102
pythia-70m,143000,wikitext,halfB,real,depth_median_effective_layers,2.8635348530245595
pythia-70m,143000,wikitext,halfB,real,depth_frac_single_layer,0.18181818181818182
pythia-70m,143000,wikitext,halfB,real,depth_mean_layer_span,2.676767676767677
pythia-70m,0,bookcorpus,halfB,real,crisp_median_max_membership,0.425
pythia-70m,0,bookcorpus,halfB,real,crisp_frac_confident,0.3885091145833333
pythia-70m,0,bookcorpus,halfB,real,crisp_network_median,0.373160783994795
pythia-70m,0,bookcorpus,halfB,real,size_n_networks,100.0
pythia-70m,0,bookcorpus,halfB,real,size_effective_n,63.21392029589403
pythia-70m,0,bookcorpus,halfB,real,size_gini,0.3450797526041667
pythia-70m,0,bookcorpus,halfB,real,size_largest_share,0.16080729166666666
pythia-70m,0,bookcorpus,halfB,real,size_frac_small,0.01
pythia-70m,0,bookcorpus,halfB,real,depth_median_effective_layers,4.481076189272772
pythia-70m,0,bookcorpus,halfB,real,depth_frac_single_layer,0.03
pythia-70m,0,bookcorpus,halfB,real,depth_mean_layer_span,4.08
pythia-70m,1,bookcorpus,halfB,real,crisp_median_max_membership,0.425
pythia-70m,1,bookcorpus,halfB,real,crisp_frac_confident,0.396484375
pythia-70m,1,bookcorpus,halfB,real,crisp_network_median,0.37890156062424973
pythia-70m,1,bookcorpus,halfB,real,size_n_networks,100.0
pythia-70m,1,bookcorpus,halfB,real,size_effective_n,63.20591235310696
pythia-70m,1,bookcorpus,halfB,real,size_gini,0.3475911458333334
pythia-70m,1,bookcorpus,halfB,real,size_largest_share,0.16080729166666666
pythia-70m,1,bookcorpus,halfB,real,size_frac_small,0.01
pythia-70m,1,bookcorpus,halfB,real,depth_median_effective_layers,4.474495901244639
pythia-70m,1,bookcorpus,halfB,real,depth_frac_single_layer,0.03
pythia-70m,1,bookcorpus,halfB,real,depth_mean_layer_span,4.02
pythia-70m,4,bookcorpus,halfB,real,crisp_median_max_membership,0.425
pythia-70m,4,bookcorpus,halfB,real,crisp_frac_confident,0.388671875
pythia-70m,4,bookcorpus,halfB,real,crisp_network_median,0.3750475581265992
pythia-70m,4,bookcorpus,halfB,real,size_n_networks,100.0
pythia-70m,4,bookcorpus,halfB,real,size_effective_n,62.72254038958313
pythia-70m,4,bookcorpus,halfB,real,size_gini,0.3372005208333333
pythia-70m,4,bookcorpus,halfB,real,size_largest_share,0.165771484375
pythia-70m,4,bookcorpus,halfB,real,size_frac_small,0.01
pythia-70m,4,bookcorpus,halfB,real,depth_median_effective_layers,4.513010147406703
pythia-70m,4,bookcorpus,halfB,real,depth_frac_single_layer,0.02
pythia-70m,4,bookcorpus,halfB,real,depth_mean_layer_span,4.08
pythia-70m,16,bookcorpus,halfB,real,crisp_median_max_membership,0.415
pythia-70m,16,bookcorpus,halfB,real,crisp_frac_confident,0.375732421875
pythia-70m,16,bookcorpus,halfB,real,crisp_network_median,0.3599643998837548
pythia-70m,16,bookcorpus,halfB,real,size_n_networks,100.0
pythia-70m,16,bookcorpus,halfB,real,size_effective_n,62.819826670476914
pythia-70m,16,bookcorpus,halfB,real,size_gini,0.33308593749999993
pythia-70m,16,bookcorpus,halfB,real,size_largest_share,0.16642252604166666
pythia-70m,16,bookcorpus,halfB,real,size_frac_small,0.0
pythia-70m,16,bookcorpus,halfB,real,depth_median_effective_layers,4.562082624036057
pythia-70m,16,bookcorpus,halfB,real,depth_frac_single_layer,0.01
pythia-70m,16,bookcorpus,halfB,real,depth_mean_layer_span,4.28
pythia-70m,64,bookcorpus,halfB,real,crisp_median_max_membership,0.48
pythia-70m,64,bookcorpus,halfB,real,crisp_frac_confident,0.4619954427083333
pythia-70m,64,bookcorpus,halfB,real,crisp_network_median,0.4341825166559209
pythia-70m,64,bookcorpus,halfB,real,size_n_networks,100.0
pythia-70m,64,bookcorpus,halfB,real,size_effective_n,67.25462938973692
pythia-70m,64,bookcorpus,halfB,real,size_gini,0.3306184895833333
pythia-70m,64,bookcorpus,halfB,real,size_largest_share,0.16267903645833334
pythia-70m,64,bookcorpus,halfB,real,size_frac_small,0.01
pythia-70m,64,bookcorpus,halfB,real,depth_median_effective_layers,4.505738158792385
pythia-70m,64,bookcorpus,halfB,real,depth_frac_single_layer,0.02
pythia-70m,64,bookcorpus,halfB,real,depth_mean_layer_span,4.08
pythia-70m,256,bookcorpus,halfB,real,crisp_median_max_membership,0.555
pythia-70m,256,bookcorpus,halfB,real,crisp_frac_confident,0.580810546875
pythia-70m,256,bookcorpus,halfB,real,crisp_network_median,0.49851220865704776
pythia-70m,256,bookcorpus,halfB,real,size_n_networks,100.0
pythia-70m,256,bookcorpus,halfB,real,size_effective_n,70.51449222540923
pythia-70m,256,bookcorpus,halfB,real,size_gini,0.2977571614583334
pythia-70m,256,bookcorpus,halfB,real,size_largest_share,0.157470703125
pythia-70m,256,bookcorpus,halfB,real,size_frac_small,0.0
pythia-70m,256,bookcorpus,halfB,real,depth_median_effective_layers,2.988827117524736
pythia-70m,256,bookcorpus,halfB,real,depth_frac_single_layer,0.09
pythia-70m,256,bookcorpus,halfB,real,depth_mean_layer_span,2.92
pythia-70m,1000,bookcorpus,halfB,real,crisp_median_max_membership,0.62
pythia-70m,1000,bookcorpus,halfB,real,crisp_frac_confident,0.653564453125
pythia-70m,1000,bookcorpus,halfB,real,crisp_network_median,0.5299034378159757
pythia-70m,1000,bookcorpus,halfB,real,size_n_networks,100.0
pythia-70m,1000,bookcorpus,halfB,real,size_effective_n,78.17503130090874
pythia-70m,1000,bookcorpus,halfB,real,size_gini,0.30456705729166655
pythia-70m,1000,bookcorpus,halfB,real,size_largest_share,0.10237630208333333
pythia-70m,1000,bookcorpus,halfB,real,size_frac_small,0.0
pythia-70m,1000,bookcorpus,halfB,real,depth_median_effective_layers,2.1020875756447515
pythia-70m,1000,bookcorpus,halfB,real,depth_frac_single_layer,0.36
pythia-70m,1000,bookcorpus,halfB,real,depth_mean_layer_span,2.1
pythia-70m,4000,bookcorpus,halfB,real,crisp_median_max_membership,0.725
pythia-70m,4000,bookcorpus,halfB,real,crisp_frac_confident,0.7737630208333334
pythia-70m,4000,bookcorpus,halfB,real,crisp_network_median,0.634625
pythia-70m,4000,bookcorpus,halfB,real,size_n_networks,99.0
pythia-70m,4000,bookcorpus,halfB,real,size_effective_n,71.15912541930948
pythia-70m,4000,bookcorpus,halfB,real,size_gini,0.3364537300084174
pythia-70m,4000,bookcorpus,halfB,real,size_largest_share,0.13232421875
pythia-70m,4000,bookcorpus,halfB,real,size_frac_small,0.010101010101010102
pythia-70m,4000,bookcorpus,halfB,real,depth_median_effective_layers,2.265314478521628
pythia-70m,4000,bookcorpus,halfB,real,depth_frac_single_layer,0.3434343434343434
pythia-70m,4000,bookcorpus,halfB,real,depth_mean_layer_span,2.1313131313131315
pythia-70m,16000,bookcorpus,halfB,real,crisp_median_max_membership,0.775
pythia-70m,16000,bookcorpus,halfB,real,crisp_frac_confident,0.8072916666666666
pythia-70m,16000,bookcorpus,halfB,real,crisp_network_median,0.6635377358490567
pythia-70m,16000,bookcorpus,halfB,real,size_n_networks,99.0
pythia-70m,16000,bookcorpus,halfB,real,size_effective_n,67.30170308339689
pythia-70m,16000,bookcorpus,halfB,real,size_gini,0.35145728114478114
pythia-70m,16000,bookcorpus,halfB,real,size_largest_share,0.15584309895833334
pythia-70m,16000,bookcorpus,halfB,real,size_frac_small,0.010101010101010102
pythia-70m,16000,bookcorpus,halfB,real,depth_median_effective_layers,2.815806236802176
pythia-70m,16000,bookcorpus,halfB,real,depth_frac_single_layer,0.24242424242424243
pythia-70m,16000,bookcorpus,halfB,real,depth_mean_layer_span,2.5656565656565657
pythia-70m,64000,bookcorpus,halfB,real,crisp_median_max_membership,0.75
pythia-70m,64000,bookcorpus,halfB,real,crisp_frac_confident,0.7879231770833334
pythia-70m,64000,bookcorpus,halfB,real,crisp_network_median,0.6523661123853212
pythia-70m,64000,bookcorpus,halfB,real,size_n_networks,100.0
pythia-70m,64000,bookcorpus,halfB,real,size_effective_n,67.64530084417767
pythia-70m,64000,bookcorpus,halfB,real,size_gini,0.3456982421874999
pythia-70m,64000,bookcorpus,halfB,real,size_largest_share,0.15861002604166666
pythia-70m,64000,bookcorpus,halfB,real,size_frac_small,0.02
pythia-70m,64000,bookcorpus,halfB,real,depth_median_effective_layers,2.9199622604551596
pythia-70m,64000,bookcorpus,halfB,real,depth_frac_single_layer,0.24
pythia-70m,64000,bookcorpus,halfB,real,depth_mean_layer_span,2.51
pythia-70m,143000,bookcorpus,halfB,real,crisp_median_max_membership,0.77
pythia-70m,143000,bookcorpus,halfB,real,crisp_frac_confident,0.7950032552083334
pythia-70m,143000,bookcorpus,halfB,real,crisp_network_median,0.6497051167633496
pythia-70m,143000,bookcorpus,halfB,real,size_n_networks,100.0
pythia-70m,143000,bookcorpus,halfB,real,size_effective_n,67.72097143600179
pythia-70m,143000,bookcorpus,halfB,real,size_gini,0.34087402343750006
pythia-70m,143000,bookcorpus,halfB,real,size_largest_share,0.159912109375
pythia-70m,143000,bookcorpus,halfB,real,size_frac_small,0.0
pythia-70m,143000,bookcorpus,halfB,real,depth_median_effective_layers,2.7324267272616827
pythia-70m,143000,bookcorpus,halfB,real,depth_frac_single_layer,0.17
pythia-70m,143000,bookcorpus,halfB,real,depth_mean_layer_span,2.46
pythia-70m,0,agnews,halfB,real,crisp_median_max_membership,0.405
pythia-70m,0,agnews,halfB,real,crisp_frac_confident,0.3658854166666667
pythia-70m,0,agnews,halfB,real,crisp_network_median,0.35751617681453185
pythia-70m,0,agnews,halfB,real,size_n_networks,100.0
pythia-70m,0,agnews,halfB,real,size_effective_n,62.94036226171033
pythia-70m,0,agnews,halfB,real,size_gini,0.34816243489583343
pythia-70m,0,agnews,halfB,real,size_largest_share,0.16162109375
pythia-70m,0,agnews,halfB,real,size_frac_small,0.0
pythia-70m,0,agnews,halfB,real,depth_median_effective_layers,4.600053853099924
pythia-70m,0,agnews,halfB,real,depth_frac_single_layer,0.02
pythia-70m,0,agnews,halfB,real,depth_mean_layer_span,4.17
pythia-70m,1,agnews,halfB,real,crisp_median_max_membership,0.41
pythia-70m,1,agnews,halfB,real,crisp_frac_confident,0.3714192708333333
pythia-70m,1,agnews,halfB,real,crisp_network_median,0.36112631578947363
pythia-70m,1,agnews,halfB,real,size_n_networks,100.0
pythia-70m,1,agnews,halfB,real,size_effective_n,63.51152022571834
pythia-70m,1,agnews,halfB,real,size_gini,0.33257812499999995
pythia-70m,1,agnews,halfB,real,size_largest_share,0.16162109375
pythia-70m,1,agnews,halfB,real,size_frac_small,0.0
pythia-70m,1,agnews,halfB,real,depth_median_effective_layers,4.591341804373715
pythia-70m,1,agnews,halfB,real,depth_frac_single_layer,0.02
pythia-70m,1,agnews,halfB,real,depth_mean_layer_span,4.14
pythia-70m,4,agnews,halfB,real,crisp_median_max_membership,0.41
pythia-70m,4,agnews,halfB,real,crisp_frac_confident,0.370849609375
pythia-70m,4,agnews,halfB,real,crisp_network_median,0.3672003170200119
pythia-70m,4,agnews,halfB,real,size_n_networks,100.0
pythia-70m,4,agnews,halfB,real,size_effective_n,62.9460876476256
pythia-70m,4,agnews,halfB,real,size_gini,0.333994140625
pythia-70m,4,agnews,halfB,real,size_largest_share,0.163818359375
pythia-70m,4,agnews,halfB,real,size_frac_small,0.0
pythia-70m,4,agnews,halfB,real,depth_median_effective_layers,4.574512060518451
pythia-70m,4,agnews,halfB,real,depth_frac_single_layer,0.02
pythia-70m,4,agnews,halfB,real,depth_mean_layer_span,4.17
pythia-70m,16,agnews,halfB,real,crisp_median_max_membership,0.405
pythia-70m,16,agnews,halfB,real,crisp_frac_confident,0.3675944010416667
pythia-70m,16,agnews,halfB,real,crisp_network_median,0.35617816091954024
pythia-70m,16,agnews,halfB,real,size_n_networks,100.0
pythia-70m,16,agnews,halfB,real,size_effective_n,61.838836408948524
pythia-70m,16,agnews,halfB,real,size_gini,0.3466243489583334
pythia-70m,16,agnews,halfB,real,size_largest_share,0.16650390625
pythia-70m,16,agnews,halfB,real,size_frac_small,0.0
pythia-70m,16,agnews,halfB,real,depth_median_effective_layers,4.646098047152611
pythia-70m,16,agnews,halfB,real,depth_frac_single_layer,0.01
pythia-70m,16,agnews,halfB,real,depth_mean_layer_span,4.33
pythia-70m,64,agnews,halfB,real,crisp_median_max_membership,0.52
pythia-70m,64,agnews,halfB,real,crisp_frac_confident,0.5301920572916666
pythia-70m,64,agnews,halfB,real,crisp_network_median,0.46992598288955106
pythia-70m,64,agnews,halfB,real,size_n_networks,100.0
pythia-70m,64,agnews,halfB,real,size_effective_n,66.97559619795713
pythia-70m,64,agnews,halfB,real,size_gini,0.34988444010416675
pythia-70m,64,agnews,halfB,real,size_largest_share,0.16259765625
pythia-70m,64,agnews,halfB,real,size_frac_small,0.0
pythia-70m,64,agnews,halfB,real,depth_median_effective_layers,4.567930952574098
pythia-70m,64,agnews,halfB,real,depth_frac_single_layer,0.02
pythia-70m,64,agnews,halfB,real,depth_mean_layer_span,4.23
pythia-70m,256,agnews,halfB,real,crisp_median_max_membership,0.56
pythia-70m,256,agnews,halfB,real,crisp_frac_confident,0.5836588541666666
pythia-70m,256,agnews,halfB,real,crisp_network_median,0.49788283208020045
pythia-70m,256,agnews,halfB,real,size_n_networks,100.0
pythia-70m,256,agnews,halfB,real,size_effective_n,68.14948650047103
pythia-70m,256,agnews,halfB,real,size_gini,0.33218912760416663
pythia-70m,256,agnews,halfB,real,size_largest_share,0.16267903645833334
pythia-70m,256,agnews,halfB,real,size_frac_small,0.01
pythia-70m,256,agnews,halfB,real,depth_median_effective_layers,2.971142891508525
pythia-70m,256,agnews,halfB,real,depth_frac_single_layer,0.22
pythia-70m,256,agnews,halfB,real,depth_mean_layer_span,2.68
pythia-70m,1000,agnews,halfB,real,crisp_median_max_membership,0.6
pythia-70m,1000,agnews,halfB,real,crisp_frac_confident,0.6297200520833334
pythia-70m,1000,agnews,halfB,real,crisp_network_median,0.5192591328098327
pythia-70m,1000,agnews,halfB,real,size_n_networks,100.0
pythia-70m,1000,agnews,halfB,real,size_effective_n,76.42075237675081
pythia-70m,1000,agnews,halfB,real,size_gini,0.30058105468750007
pythia-70m,1000,agnews,halfB,real,size_largest_share,0.11385091145833333
pythia-70m,1000,agnews,halfB,real,size_frac_small,0.0
pythia-70m,1000,agnews,halfB,real,depth_median_effective_layers,2.0540759310862615
pythia-70m,1000,agnews,halfB,real,depth_frac_single_layer,0.41
pythia-70m,1000,agnews,halfB,real,depth_mean_layer_span,1.99
pythia-70m,4000,agnews,halfB,real,crisp_median_max_membership,0.715
pythia-70m,4000,agnews,halfB,real,crisp_frac_confident,0.7576497395833334
pythia-70m,4000,agnews,halfB,real,crisp_network_median,0.6239555715791225
pythia-70m,4000,agnews,halfB,real,size_n_networks,100.0
pythia-70m,4000,agnews,halfB,real,size_effective_n,71.8382467060632
pythia-70m,4000,agnews,halfB,real,size_gini,0.33262044270833324
pythia-70m,4000,agnews,halfB,real,size_largest_share,0.13370768229166666
pythia-70m,4000,agnews,halfB,real,size_frac_small,0.0
pythia-70m,4000,agnews,halfB,real,depth_median_effective_layers,2.344261794732825
pythia-70m,4000,agnews,halfB,real,depth_frac_single_layer,0.35
pythia-70m,4000,agnews,halfB,real,depth_mean_layer_span,2.23
pythia-70m,16000,agnews,halfB,real,crisp_median_max_membership,0.755
pythia-70m,16000,agnews,halfB,real,crisp_frac_confident,0.8072916666666666
pythia-70m,16000,agnews,halfB,real,crisp_network_median,0.6733004313205042
pythia-70m,16000,agnews,halfB,real,size_n_networks,100.0
pythia-70m,16000,agnews,halfB,real,size_effective_n,65.23859517916917
pythia-70m,16000,agnews,halfB,real,size_gini,0.36259765624999996
pythia-70m,16000,agnews,halfB,real,size_largest_share,0.16357421875
pythia-70m,16000,agnews,halfB,real,size_frac_small,0.02
pythia-70m,16000,agnews,halfB,real,depth_median_effective_layers,2.8073797544359866
pythia-70m,16000,agnews,halfB,real,depth_frac_single_layer,0.22
pythia-70m,16000,agnews,halfB,real,depth_mean_layer_span,2.53
pythia-70m,64000,agnews,halfB,real,crisp_median_max_membership,0.765
pythia-70m,64000,agnews,halfB,real,crisp_frac_confident,0.8011067708333334
pythia-70m,64000,agnews,halfB,real,crisp_network_median,0.6651243815283123
pythia-70m,64000,agnews,halfB,real,size_n_networks,100.0
pythia-70m,64000,agnews,halfB,real,size_effective_n,66.37994297890849
pythia-70m,64000,agnews,halfB,real,size_gini,0.3512386067708333
pythia-70m,64000,agnews,halfB,real,size_largest_share,0.16471354166666666
pythia-70m,64000,agnews,halfB,real,size_frac_small,0.0
pythia-70m,64000,agnews,halfB,real,depth_median_effective_layers,3.0716044791857513
pythia-70m,64000,agnews,halfB,real,depth_frac_single_layer,0.18
pythia-70m,64000,agnews,halfB,real,depth_mean_layer_span,2.67
pythia-70m,143000,agnews,halfB,real,crisp_median_max_membership,0.745
pythia-70m,143000,agnews,halfB,real,crisp_frac_confident,0.78466796875
pythia-70m,143000,agnews,halfB,real,crisp_network_median,0.643865553925165
pythia-70m,143000,agnews,halfB,real,size_n_networks,100.0
pythia-70m,143000,agnews,halfB,real,size_effective_n,66.83909746025066
pythia-70m,143000,agnews,halfB,real,size_gini,0.3446468098958333
pythia-70m,143000,agnews,halfB,real,size_largest_share,0.16585286458333334
pythia-70m,143000,agnews,halfB,real,size_frac_small,0.0
pythia-70m,143000,agnews,halfB,real,depth_median_effective_layers,2.9704138660433985
pythia-70m,143000,agnews,halfB,real,depth_frac_single_layer,0.19
pythia-70m,143000,agnews,halfB,real,depth_mean_layer_span,2.72
pythia-70m,0,tldr17,halfB,real,crisp_median_max_membership,0.415
pythia-70m,0,tldr17,halfB,real,crisp_frac_confident,0.3756510416666667
pythia-70m,0,tldr17,halfB,real,crisp_network_median,0.3740226787101787
pythia-70m,0,tldr17,halfB,real,size_n_networks,100.0
pythia-70m,0,tldr17,halfB,real,size_effective_n,67.4440077738637
pythia-70m,0,tldr17,halfB,real,size_gini,0.30407389322916667
pythia-70m,0,tldr17,halfB,real,size_largest_share,0.152587890625
pythia-70m,0,tldr17,halfB,real,size_frac_small,0.0
pythia-70m,0,tldr17,halfB,real,depth_median_effective_layers,4.778614509380143
pythia-70m,0,tldr17,halfB,real,depth_frac_single_layer,0.03
pythia-70m,0,tldr17,halfB,real,depth_mean_layer_span,4.51
pythia-70m,1,tldr17,halfB,real,crisp_median_max_membership,0.42
pythia-70m,1,tldr17,halfB,real,crisp_frac_confident,0.3778483072916667
pythia-70m,1,tldr17,halfB,real,crisp_network_median,0.38356490270526816
pythia-70m,1,tldr17,halfB,real,size_n_networks,100.0
pythia-70m,1,tldr17,halfB,real,size_effective_n,67.50888325144294
pythia-70m,1,tldr17,halfB,real,size_gini,0.30161458333333324
pythia-70m,1,tldr17,halfB,real,size_largest_share,0.152587890625
pythia-70m,1,tldr17,halfB,real,size_frac_small,0.0
pythia-70m,1,tldr17,halfB,real,depth_median_effective_layers,4.7747218468069175
pythia-70m,1,tldr17,halfB,real,depth_frac_single_layer,0.03
pythia-70m,1,tldr17,halfB,real,depth_mean_layer_span,4.54
pythia-70m,4,tldr17,halfB,real,crisp_median_max_membership,0.41
pythia-70m,4,tldr17,halfB,real,crisp_frac_confident,0.3706868489583333
pythia-70m,4,tldr17,halfB,real,crisp_network_median,0.3646042029616725
pythia-70m,4,tldr17,halfB,real,size_n_networks,100.0
pythia-70m,4,tldr17,halfB,real,size_effective_n,64.45962635725378
pythia-70m,4,tldr17,halfB,real,size_gini,0.3217822265624999
pythia-70m,4,tldr17,halfB,real,size_largest_share,0.165771484375
pythia-70m,4,tldr17,halfB,real,size_frac_small,0.01
pythia-70m,4,tldr17,halfB,real,depth_median_effective_layers,4.769871685730797
pythia-70m,4,tldr17,halfB,real,depth_frac_single_layer,0.02
pythia-70m,4,tldr17,halfB,real,depth_mean_layer_span,4.49
pythia-70m,16,tldr17,halfB,real,crisp_median_max_membership,0.41
pythia-70m,16,tldr17,halfB,real,crisp_frac_confident,0.3645833333333333
pythia-70m,16,tldr17,halfB,real,crisp_network_median,0.3587110010851873
pythia-70m,16,tldr17,halfB,real,size_n_networks,100.0
pythia-70m,16,tldr17,halfB,real,size_effective_n,63.72987319937992
pythia-70m,16,tldr17,halfB,real,size_gini,0.3341145833333332
pythia-70m,16,tldr17,halfB,real,size_largest_share,0.166015625
pythia-70m,16,tldr17,halfB,real,size_frac_small,0.01
pythia-70m,16,tldr17,halfB,real,depth_median_effective_layers,4.792999330584379
pythia-70m,16,tldr17,halfB,real,depth_frac_single_layer,0.02
pythia-70m,16,tldr17,halfB,real,depth_mean_layer_span,4.6
pythia-70m,64,tldr17,halfB,real,crisp_median_max_membership,0.54
pythia-70m,64,tldr17,halfB,real,crisp_frac_confident,0.55908203125
pythia-70m,64,tldr17,halfB,real,crisp_network_median,0.49393283392585063
pythia-70m,64,tldr17,halfB,real,size_n_networks,100.0
pythia-70m,64,tldr17,halfB,real,size_effective_n,67.26554542813989
pythia-70m,64,tldr17,halfB,real,size_gini,0.3419791666666667
pythia-70m,64,tldr17,halfB,real,size_largest_share,0.16349283854166666
pythia-70m,64,tldr17,halfB,real,size_frac_small,0.0
pythia-70m,64,tldr17,halfB,real,depth_median_effective_layers,4.644864943510002
pythia-70m,64,tldr17,halfB,real,depth_frac_single_layer,0.01
pythia-70m,64,tldr17,halfB,real,depth_mean_layer_span,4.35
pythia-70m,256,tldr17,halfB,real,crisp_median_max_membership,0.545
pythia-70m,256,tldr17,halfB,real,crisp_frac_confident,0.5709635416666666
pythia-70m,256,tldr17,halfB,real,crisp_network_median,0.5086388888888889
pythia-70m,256,tldr17,halfB,real,size_n_networks,100.0
pythia-70m,256,tldr17,halfB,real,size_effective_n,69.85619667681013
pythia-70m,256,tldr17,halfB,real,size_gini,0.3105126953124999
pythia-70m,256,tldr17,halfB,real,size_largest_share,0.16023763020833334
pythia-70m,256,tldr17,halfB,real,size_frac_small,0.0
pythia-70m,256,tldr17,halfB,real,depth_median_effective_layers,3.224513582144711
pythia-70m,256,tldr17,halfB,real,depth_frac_single_layer,0.1
pythia-70m,256,tldr17,halfB,real,depth_mean_layer_span,2.85
pythia-70m,1000,tldr17,halfB,real,crisp_median_max_membership,0.61
pythia-70m,1000,tldr17,halfB,real,crisp_frac_confident,0.6561686197916666
pythia-70m,1000,tldr17,halfB,real,crisp_network_median,0.5437786259541985
pythia-70m,1000,tldr17,halfB,real,size_n_networks,99.0
pythia-70m,1000,tldr17,halfB,real,size_effective_n,76.94285988817347
pythia-70m,1000,tldr17,halfB,real,size_gini,0.2958080150462963
pythia-70m,1000,tldr17,halfB,real,size_largest_share,0.10782877604166667
pythia-70m,1000,tldr17,halfB,real,size_frac_small,0.0
pythia-70m,1000,tldr17,halfB,real,depth_median_effective_layers,2.1943836491904984
pythia-70m,1000,tldr17,halfB,real,depth_frac_single_layer,0.36363636363636365
pythia-70m,1000,tldr17,halfB,real,depth_mean_layer_span,2.080808080808081
pythia-70m,4000,tldr17,halfB,real,crisp_median_max_membership,0.715
pythia-70m,4000,tldr17,halfB,real,crisp_frac_confident,0.7640787760416666
pythia-70m,4000,tldr17,halfB,real,crisp_network_median,0.6056063292499463
pythia-70m,4000,tldr17,halfB,real,size_n_networks,100.0
pythia-70m,4000,tldr17,halfB,real,size_effective_n,69.66932439346907
pythia-70m,4000,tldr17,halfB,real,size_gini,0.35089843749999994
pythia-70m,4000,tldr17,halfB,real,size_largest_share,0.14054361979166666
pythia-70m,4000,tldr17,halfB,real,size_frac_small,0.01
pythia-70m,4000,tldr17,halfB,real,depth_median_effective_layers,2.281880242296129
pythia-70m,4000,tldr17,halfB,real,depth_frac_single_layer,0.4
pythia-70m,4000,tldr17,halfB,real,depth_mean_layer_span,2.16
pythia-70m,16000,tldr17,halfB,real,crisp_median_max_membership,0.765
pythia-70m,16000,tldr17,halfB,real,crisp_frac_confident,0.7864583333333334
pythia-70m,16000,tldr17,halfB,real,crisp_network_median,0.6487573099415205
pythia-70m,16000,tldr17,halfB,real,size_n_networks,100.0
pythia-70m,16000,tldr17,halfB,real,size_effective_n,64.46861366003752
pythia-70m,16000,tldr17,halfB,real,size_gini,0.3828922526041667
pythia-70m,16000,tldr17,halfB,real,size_largest_share,0.16276041666666666
pythia-70m,16000,tldr17,halfB,real,size_frac_small,0.01
pythia-70m,16000,tldr17,halfB,real,depth_median_effective_layers,2.6346060718497304
pythia-70m,16000,tldr17,halfB,real,depth_frac_single_layer,0.24
pythia-70m,16000,tldr17,halfB,real,depth_mean_layer_span,2.46
pythia-70m,64000,tldr17,halfB,real,crisp_median_max_membership,0.755
pythia-70m,64000,tldr17,halfB,real,crisp_frac_confident,0.79052734375
pythia-70m,64000,tldr17,halfB,real,crisp_network_median,0.6687987329434697
pythia-70m,64000,tldr17,halfB,real,size_n_networks,100.0
pythia-70m,64000,tldr17,halfB,real,size_effective_n,66.41751866296622
pythia-70m,64000,tldr17,halfB,real,size_gini,0.34566406250000004
pythia-70m,64000,tldr17,halfB,real,size_largest_share,0.16463216145833334
pythia-70m,64000,tldr17,halfB,real,size_frac_small,0.0
pythia-70m,64000,tldr17,halfB,real,depth_median_effective_layers,2.7567658175363587
pythia-70m,64000,tldr17,halfB,real,depth_frac_single_layer,0.19
pythia-70m,64000,tldr17,halfB,real,depth_mean_layer_span,2.59
pythia-70m,143000,tldr17,halfB,real,crisp_median_max_membership,0.795
pythia-70m,143000,tldr17,halfB,real,crisp_frac_confident,0.8063151041666666
pythia-70m,143000,tldr17,halfB,real,crisp_network_median,0.6889381501441284
pythia-70m,143000,tldr17,halfB,real,size_n_networks,100.0
pythia-70m,143000,tldr17,halfB,real,size_effective_n,65.64017935251782
pythia-70m,143000,tldr17,halfB,real,size_gini,0.35326497395833334
pythia-70m,143000,tldr17,halfB,real,size_largest_share,0.16569010416666666
pythia-70m,143000,tldr17,halfB,real,size_frac_small,0.01
pythia-70m,143000,tldr17,halfB,real,depth_median_effective_layers,2.7466190382124145
pythia-70m,143000,tldr17,halfB,real,depth_frac_single_layer,0.17
pythia-70m,143000,tldr17,halfB,real,depth_mean_layer_span,2.56
pythia-70m,0,wikitext,halfA_vs_halfB,real,halves_split_degree,0.94
pythia-70m,0,wikitext,halfA_vs_halfB,real,halves_merge_degree,0.9
pythia-70m,0,wikitext,halfA_vs_halfB,real,halves_continued,0.02
pythia-70m,0,wikitext,halfA_vs_halfB,real,halves_mean_best_jaccard,0.17065898361524412
pythia-70m,1,wikitext,halfA_vs_halfB,real,halves_split_degree,0.92
pythia-70m,1,wikitext,halfA_vs_halfB,real,halves_merge_degree,0.8
pythia-70m,1,wikitext,halfA_vs_halfB,real,halves_continued,0.02
pythia-70m,1,wikitext,halfA_vs_halfB,real,halves_mean_best_jaccard,0.16770394495867713
pythia-70m,4,wikitext,halfA_vs_halfB,real,halves_split_degree,0.84
pythia-70m,4,wikitext,halfA_vs_halfB,real,halves_merge_degree,0.78
pythia-70m,4,wikitext,halfA_vs_halfB,real,halves_continued,0.01
pythia-70m,4,wikitext,halfA_vs_halfB,real,halves_mean_best_jaccard,0.16230443905709324
pythia-70m,16,wikitext,halfA_vs_halfB,real,halves_split_degree,0.84
pythia-70m,16,wikitext,halfA_vs_halfB,real,halves_merge_degree,0.83
pythia-70m,16,wikitext,halfA_vs_halfB,real,halves_continued,0.01
pythia-70m,16,wikitext,halfA_vs_halfB,real,halves_mean_best_jaccard,0.15728808906826083
pythia-70m,64,wikitext,halfA_vs_halfB,real,halves_split_degree,1.28
pythia-70m,64,wikitext,halfA_vs_halfB,real,halves_merge_degree,1.23
pythia-70m,64,wikitext,halfA_vs_halfB,real,halves_continued,0.05
pythia-70m,64,wikitext,halfA_vs_halfB,real,halves_mean_best_jaccard,0.23412497654314757
pythia-70m,256,wikitext,halfA_vs_halfB,real,halves_split_degree,1.36
pythia-70m,256,wikitext,halfA_vs_halfB,real,halves_merge_degree,1.303030303030303
pythia-70m,256,wikitext,halfA_vs_halfB,real,halves_continued,0.41
pythia-70m,256,wikitext,halfA_vs_halfB,real,halves_mean_best_jaccard,0.44825282390416965
pythia-70m,1000,wikitext,halfA_vs_halfB,real,halves_split_degree,1.25
pythia-70m,1000,wikitext,halfA_vs_halfB,real,halves_merge_degree,1.27
pythia-70m,1000,wikitext,halfA_vs_halfB,real,halves_continued,0.62
pythia-70m,1000,wikitext,halfA_vs_halfB,real,halves_mean_best_jaccard,0.5329110222449708
pythia-70m,4000,wikitext,halfA_vs_halfB,real,halves_split_degree,1.15
pythia-70m,4000,wikitext,halfA_vs_halfB,real,halves_merge_degree,1.16
pythia-70m,4000,wikitext,halfA_vs_halfB,real,halves_continued,0.77
pythia-70m,4000,wikitext,halfA_vs_halfB,real,halves_mean_best_jaccard,0.64921923281183
pythia-70m,16000,wikitext,halfA_vs_halfB,real,halves_split_degree,1.14
pythia-70m,16000,wikitext,halfA_vs_halfB,real,halves_merge_degree,1.07
pythia-70m,16000,wikitext,halfA_vs_halfB,real,halves_continued,0.74
pythia-70m,16000,wikitext,halfA_vs_halfB,real,halves_mean_best_jaccard,0.6182350786627718
pythia-70m,64000,wikitext,halfA_vs_halfB,real,halves_split_degree,1.11
pythia-70m,64000,wikitext,halfA_vs_halfB,real,halves_merge_degree,1.18
pythia-70m,64000,wikitext,halfA_vs_halfB,real,halves_continued,0.79
pythia-70m,64000,wikitext,halfA_vs_halfB,real,halves_mean_best_jaccard,0.651923360791161
pythia-70m,143000,wikitext,halfA_vs_halfB,real,halves_split_degree,1.0909090909090908
pythia-70m,143000,wikitext,halfA_vs_halfB,real,halves_merge_degree,1.0909090909090908
pythia-70m,143000,wikitext,halfA_vs_halfB,real,halves_continued,0.8181818181818182
pythia-70m,143000,wikitext,halfA_vs_halfB,real,halves_mean_best_jaccard,0.680359182305592
pythia-70m,0,bookcorpus,halfA_vs_halfB,real,halves_split_degree,0.73
pythia-70m,0,bookcorpus,halfA_vs_halfB,real,halves_merge_degree,0.82
pythia-70m,0,bookcorpus,halfA_vs_halfB,real,halves_continued,0.02
pythia-70m,0,bookcorpus,halfA_vs_halfB,real,halves_mean_best_jaccard,0.1580144002287251
pythia-70m,1,bookcorpus,halfA_vs_halfB,real,halves_split_degree,0.8
pythia-70m,1,bookcorpus,halfA_vs_halfB,real,halves_merge_degree,0.84
pythia-70m,1,bookcorpus,halfA_vs_halfB,real,halves_continued,0.02
pythia-70m,1,bookcorpus,halfA_vs_halfB,real,halves_mean_best_jaccard,0.16250531138471555
pythia-70m,4,bookcorpus,halfA_vs_halfB,real,halves_split_degree,0.8
pythia-70m,4,bookcorpus,halfA_vs_halfB,real,halves_merge_degree,0.87
pythia-70m,4,bookcorpus,halfA_vs_halfB,real,halves_continued,0.01
pythia-70m,4,bookcorpus,halfA_vs_halfB,real,halves_mean_best_jaccard,0.15602627263713492
pythia-70m,16,bookcorpus,halfA_vs_halfB,real,halves_split_degree,0.77
pythia-70m,16,bookcorpus,halfA_vs_halfB,real,halves_merge_degree,0.86
pythia-70m,16,bookcorpus,halfA_vs_halfB,real,halves_continued,0.01
pythia-70m,16,bookcorpus,halfA_vs_halfB,real,halves_mean_best_jaccard,0.15072384762262908
pythia-70m,64,bookcorpus,halfA_vs_halfB,real,halves_split_degree,1.17
pythia-70m,64,bookcorpus,halfA_vs_halfB,real,halves_merge_degree,1.16
pythia-70m,64,bookcorpus,halfA_vs_halfB,real,halves_continued,0.04
pythia-70m,64,bookcorpus,halfA_vs_halfB,real,halves_mean_best_jaccard,0.23829393235902485
pythia-70m,256,bookcorpus,halfA_vs_halfB,real,halves_split_degree,1.33
pythia-70m,256,bookcorpus,halfA_vs_halfB,real,halves_merge_degree,1.34
pythia-70m,256,bookcorpus,halfA_vs_halfB,real,halves_continued,0.51
pythia-70m,256,bookcorpus,halfA_vs_halfB,real,halves_mean_best_jaccard,0.48549722315891203
pythia-70m,1000,bookcorpus,halfA_vs_halfB,real,halves_split_degree,1.13
pythia-70m,1000,bookcorpus,halfA_vs_halfB,real,halves_merge_degree,1.12
pythia-70m,1000,bookcorpus,halfA_vs_halfB,real,halves_continued,0.8
pythia-70m,1000,bookcorpus,halfA_vs_halfB,real,halves_mean_best_jaccard,0.6376564270953451
pythia-70m,4000,bookcorpus,halfA_vs_halfB,real,halves_split_degree,1.07
pythia-70m,4000,bookcorpus,halfA_vs_halfB,real,halves_merge_degree,1.1515151515151516
pythia-70m,4000,bookcorpus,halfA_vs_halfB,real,halves_continued,0.83
pythia-70m,4000,bookcorpus,halfA_vs_halfB,real,halves_mean_best_jaccard,0.7120404873515618
pythia-70m,16000,bookcorpus,halfA_vs_halfB,real,halves_split_degree,1.15
pythia-70m,16000,bookcorpus,halfA_vs_halfB,real,halves_merge_degree,1.121212121212121
pythia-70m,16000,bookcorpus,halfA_vs_halfB,real,halves_continued,0.8
pythia-70m,16000,bookcorpus,halfA_vs_halfB,real,halves_mean_best_jaccard,0.7075814330890354
pythia-70m,64000,bookcorpus,halfA_vs_halfB,real,halves_split_degree,1.12
pythia-70m,64000,bookcorpus,halfA_vs_halfB,real,halves_merge_degree,1.11
pythia-70m,64000,bookcorpus,halfA_vs_halfB,real,halves_continued,0.81
pythia-70m,64000,bookcorpus,halfA_vs_halfB,real,halves_mean_best_jaccard,0.6979504194910723
pythia-70m,143000,bookcorpus,halfA_vs_halfB,real,halves_split_degree,1.07
pythia-70m,143000,bookcorpus,halfA_vs_halfB,real,halves_merge_degree,1.08
pythia-70m,143000,bookcorpus,halfA_vs_halfB,real,halves_continued,0.9
pythia-70m,143000,bookcorpus,halfA_vs_halfB,real,halves_mean_best_jaccard,0.7559906870501816
pythia-70m,0,agnews,halfA_vs_halfB,real,halves_split_degree,0.74
pythia-70m,0,agnews,halfA_vs_halfB,real,halves_merge_degree,0.65
pythia-70m,0,agnews,halfA_vs_halfB,real,halves_continued,0.02
pythia-70m,0,agnews,halfA_vs_halfB,real,halves_mean_best_jaccard,0.14967992285834067
pythia-70m,1,agnews,halfA_vs_halfB,real,halves_split_degree,0.65
pythia-70m,1,agnews,halfA_vs_halfB,real,halves_merge_degree,0.76
pythia-70m,1,agnews,halfA_vs_halfB,real,halves_continued,0.02
pythia-70m,1,agnews,halfA_vs_halfB,real,halves_mean_best_jaccard,0.15574525986456542
pythia-70m,4,agnews,halfA_vs_halfB,real,halves_split_degree,0.68
pythia-70m,4,agnews,halfA_vs_halfB,real,halves_merge_degree,0.79
pythia-70m,4,agnews,halfA_vs_halfB,real,halves_continued,0.01
pythia-70m,4,agnews,halfA_vs_halfB,real,halves_mean_best_jaccard,0.14297643197821558
pythia-70m,16,agnews,halfA_vs_halfB,real,halves_split_degree,0.65
pythia-70m,16,agnews,halfA_vs_halfB,real,halves_merge_degree,0.73
pythia-70m,16,agnews,halfA_vs_halfB,real,halves_continued,0.01
pythia-70m,16,agnews,halfA_vs_halfB,real,halves_mean_best_jaccard,0.1482848231869321
pythia-70m,64,agnews,halfA_vs_halfB,real,halves_split_degree,1.34
pythia-70m,64,agnews,halfA_vs_halfB,real,halves_merge_degree,1.26
pythia-70m,64,agnews,halfA_vs_halfB,real,halves_continued,0.06
pythia-70m,64,agnews,halfA_vs_halfB,real,halves_mean_best_jaccard,0.27540104637250257
pythia-70m,256,agnews,halfA_vs_halfB,real,halves_split_degree,1.3
pythia-70m,256,agnews,halfA_vs_halfB,real,halves_merge_degree,1.27
pythia-70m,256,agnews,halfA_vs_halfB,real,halves_continued,0.49
pythia-70m,256,agnews,halfA_vs_halfB,real,halves_mean_best_jaccard,0.46529914450979026
pythia-70m,1000,agnews,halfA_vs_halfB,real,halves_split_degree,1.25
pythia-70m,1000,agnews,halfA_vs_halfB,real,halves_merge_degree,1.24
pythia-70m,1000,agnews,halfA_vs_halfB,real,halves_continued,0.7
pythia-70m,1000,agnews,halfA_vs_halfB,real,halves_mean_best_jaccard,0.5921719027110316
pythia-70m,4000,agnews,halfA_vs_halfB,real,halves_split_degree,1.1
pythia-70m,4000,agnews,halfA_vs_halfB,real,halves_merge_degree,1.2
pythia-70m,4000,agnews,halfA_vs_halfB,real,halves_continued,0.8
pythia-70m,4000,agnews,halfA_vs_halfB,real,halves_mean_best_jaccard,0.6416678357255345
pythia-70m,16000,agnews,halfA_vs_halfB,real,halves_split_degree,1.09
pythia-70m,16000,agnews,halfA_vs_halfB,real,halves_merge_degree,1.12
pythia-70m,16000,agnews,halfA_vs_halfB,real,halves_continued,0.81
pythia-70m,16000,agnews,halfA_vs_halfB,real,halves_mean_best_jaccard,0.6794375082593372
pythia-70m,64000,agnews,halfA_vs_halfB,real,halves_split_degree,1.15
pythia-70m,64000,agnews,halfA_vs_halfB,real,halves_merge_degree,1.09
pythia-70m,64000,agnews,halfA_vs_halfB,real,halves_continued,0.77
pythia-70m,64000,agnews,halfA_vs_halfB,real,halves_mean_best_jaccard,0.6734735942375406
pythia-70m,143000,agnews,halfA_vs_halfB,real,halves_split_degree,1.12
pythia-70m,143000,agnews,halfA_vs_halfB,real,halves_merge_degree,1.1
pythia-70m,143000,agnews,halfA_vs_halfB,real,halves_continued,0.79
pythia-70m,143000,agnews,halfA_vs_halfB,real,halves_mean_best_jaccard,0.6802378249836036
pythia-70m,0,tldr17,halfA_vs_halfB,real,halves_split_degree,0.81
pythia-70m,0,tldr17,halfA_vs_halfB,real,halves_merge_degree,0.78
pythia-70m,0,tldr17,halfA_vs_halfB,real,halves_continued,0.01
pythia-70m,0,tldr17,halfA_vs_halfB,real,halves_mean_best_jaccard,0.15572604801417353
pythia-70m,1,tldr17,halfA_vs_halfB,real,halves_split_degree,0.79
pythia-70m,1,tldr17,halfA_vs_halfB,real,halves_merge_degree,0.82
pythia-70m,1,tldr17,halfA_vs_halfB,real,halves_continued,0.02
pythia-70m,1,tldr17,halfA_vs_halfB,real,halves_mean_best_jaccard,0.15526324263093935
pythia-70m,4,tldr17,halfA_vs_halfB,real,halves_split_degree,0.71
pythia-70m,4,tldr17,halfA_vs_halfB,real,halves_merge_degree,0.68
pythia-70m,4,tldr17,halfA_vs_halfB,real,halves_continued,0.01
pythia-70m,4,tldr17,halfA_vs_halfB,real,halves_mean_best_jaccard,0.15564397716149972
pythia-70m,16,tldr17,halfA_vs_halfB,real,halves_split_degree,0.76
pythia-70m,16,tldr17,halfA_vs_halfB,real,halves_merge_degree,0.83
pythia-70m,16,tldr17,halfA_vs_halfB,real,halves_continued,0.02
pythia-70m,16,tldr17,halfA_vs_halfB,real,halves_mean_best_jaccard,0.15412950866546787
pythia-70m,64,tldr17,halfA_vs_halfB,real,halves_split_degree,1.18
pythia-70m,64,tldr17,halfA_vs_halfB,real,halves_merge_degree,1.17
pythia-70m,64,tldr17,halfA_vs_halfB,real,halves_continued,0.06
pythia-70m,64,tldr17,halfA_vs_halfB,real,halves_mean_best_jaccard,0.23117762465068936
pythia-70m,256,tldr17,halfA_vs_halfB,real,halves_split_degree,1.31
pythia-70m,256,tldr17,halfA_vs_halfB,real,halves_merge_degree,1.26
pythia-70m,256,tldr17,halfA_vs_halfB,real,halves_continued,0.34
pythia-70m,256,tldr17,halfA_vs_halfB,real,halves_mean_best_jaccard,0.42009332111583425
pythia-70m,1000,tldr17,halfA_vs_halfB,real,halves_split_degree,1.22
pythia-70m,1000,tldr17,halfA_vs_halfB,real,halves_merge_degree,1.2121212121212122
pythia-70m,1000,tldr17,halfA_vs_halfB,real,halves_continued,0.61
pythia-70m,1000,tldr17,halfA_vs_halfB,real,halves_mean_best_jaccard,0.5569075059800143
pythia-70m,4000,tldr17,halfA_vs_halfB,real,halves_split_degree,1.09
pythia-70m,4000,tldr17,halfA_vs_halfB,real,halves_merge_degree,1.1
pythia-70m,4000,tldr17,halfA_vs_halfB,real,halves_continued,0.78
pythia-70m,4000,tldr17,halfA_vs_halfB,real,halves_mean_best_jaccard,0.632214804666317
pythia-70m,16000,tldr17,halfA_vs_halfB,real,halves_split_degree,1.14
pythia-70m,16000,tldr17,halfA_vs_halfB,real,halves_merge_degree,1.11
pythia-70m,16000,tldr17,halfA_vs_halfB,real,halves_continued,0.72
pythia-70m,16000,tldr17,halfA_vs_halfB,real,halves_mean_best_jaccard,0.6214022512996789
pythia-70m,64000,tldr17,halfA_vs_halfB,real,halves_split_degree,1.15
pythia-70m,64000,tldr17,halfA_vs_halfB,real,halves_merge_degree,1.13
pythia-70m,64000,tldr17,halfA_vs_halfB,real,halves_continued,0.8
pythia-70m,64000,tldr17,halfA_vs_halfB,real,halves_mean_best_jaccard,0.6578962869116114
pythia-70m,143000,tldr17,halfA_vs_halfB,real,halves_split_degree,1.06
pythia-70m,143000,tldr17,halfA_vs_halfB,real,halves_merge_degree,1.03
pythia-70m,143000,tldr17,halfA_vs_halfB,real,halves_continued,0.93
pythia-70m,143000,tldr17,halfA_vs_halfB,real,halves_mean_best_jaccard,0.7280829633603748
pythia-70m,0,agnews,halfA,real,generality_mean,0.06412065398345701
pythia-70m,0,agnews,halfA,real,generality_frac_general,0.02
pythia-70m,0,bookcorpus,halfA,real,generality_mean,0.06205915897521333
pythia-70m,0,bookcorpus,halfA,real,generality_frac_general,0.02
pythia-70m,0,tldr17,halfA,real,generality_mean,0.0592189689632477
pythia-70m,0,tldr17,halfA,real,generality_frac_general,0.02
pythia-70m,0,wikitext,halfA,real,generality_mean,0.05700811828637505
pythia-70m,0,wikitext,halfA,real,generality_frac_general,0.02
pythia-70m,1,agnews,halfA,real,generality_mean,0.06425775053437217
pythia-70m,1,agnews,halfA,real,generality_frac_general,0.02
pythia-70m,1,bookcorpus,halfA,real,generality_mean,0.06236965984748479
pythia-70m,1,bookcorpus,halfA,real,generality_frac_general,0.02
pythia-70m,1,tldr17,halfA,real,generality_mean,0.05894068379993345
pythia-70m,1,tldr17,halfA,real,generality_frac_general,0.02
pythia-70m,1,wikitext,halfA,real,generality_mean,0.057501797533933405
pythia-70m,1,wikitext,halfA,real,generality_frac_general,0.02
pythia-70m,4,agnews,halfA,real,generality_mean,0.05843954530265576
pythia-70m,4,agnews,halfA,real,generality_frac_general,0.01
pythia-70m,4,bookcorpus,halfA,real,generality_mean,0.05592499808224921
pythia-70m,4,bookcorpus,halfA,real,generality_frac_general,0.01
pythia-70m,4,tldr17,halfA,real,generality_mean,0.05638821176159488
pythia-70m,4,tldr17,halfA,real,generality_frac_general,0.01
pythia-70m,4,wikitext,halfA,real,generality_mean,0.04998781805943606
pythia-70m,4,wikitext,halfA,real,generality_frac_general,0.01
pythia-70m,16,agnews,halfA,real,generality_mean,0.058459330379803554
pythia-70m,16,agnews,halfA,real,generality_frac_general,0.01
pythia-70m,16,bookcorpus,halfA,real,generality_mean,0.056424955850809234
pythia-70m,16,bookcorpus,halfA,real,generality_frac_general,0.01
pythia-70m,16,tldr17,halfA,real,generality_mean,0.05681464004032996
pythia-70m,16,tldr17,halfA,real,generality_frac_general,0.01
pythia-70m,16,wikitext,halfA,real,generality_mean,0.05118759258499668
pythia-70m,16,wikitext,halfA,real,generality_frac_general,0.01
pythia-70m,64,agnews,halfA,real,generality_mean,0.09874822956541532
pythia-70m,64,agnews,halfA,real,generality_frac_general,0.01
pythia-70m,64,bookcorpus,halfA,real,generality_mean,0.08597379485467853
pythia-70m,64,bookcorpus,halfA,real,generality_frac_general,0.01
pythia-70m,64,tldr17,halfA,real,generality_mean,0.09408442496546492
pythia-70m,64,tldr17,halfA,real,generality_frac_general,0.01
pythia-70m,64,wikitext,halfA,real,generality_mean,0.07834293588431702
pythia-70m,64,wikitext,halfA,real,generality_frac_general,0.01
pythia-70m,256,agnews,halfA,real,generality_mean,0.08969630842088634
pythia-70m,256,agnews,halfA,real,generality_frac_general,0.01
pythia-70m,256,bookcorpus,halfA,real,generality_mean,0.09987768967743066
pythia-70m,256,bookcorpus,halfA,real,generality_frac_general,0.01
pythia-70m,256,tldr17,halfA,real,generality_mean,0.09939986567076664
pythia-70m,256,tldr17,halfA,real,generality_frac_general,0.01
pythia-70m,256,wikitext,halfA,real,generality_mean,0.08291105458421023
pythia-70m,256,wikitext,halfA,real,generality_frac_general,0.01
pythia-70m,1000,agnews,halfA,real,generality_mean,0.16371742956415955
pythia-70m,1000,agnews,halfA,real,generality_frac_general,0.04
pythia-70m,1000,bookcorpus,halfA,real,generality_mean,0.16795439239277932
pythia-70m,1000,bookcorpus,halfA,real,generality_frac_general,0.04
pythia-70m,1000,tldr17,halfA,real,generality_mean,0.16991346566609392
pythia-70m,1000,tldr17,halfA,real,generality_frac_general,0.06
pythia-70m,1000,wikitext,halfA,real,generality_mean,0.1671033700331065
pythia-70m,1000,wikitext,halfA,real,generality_frac_general,0.05
pythia-70m,4000,agnews,halfA,real,generality_mean,0.14970747587517547
pythia-70m,4000,agnews,halfA,real,generality_frac_general,0.08
pythia-70m,4000,bookcorpus,halfA,real,generality_mean,0.16645354462569265
pythia-70m,4000,bookcorpus,halfA,real,generality_frac_general,0.1
pythia-70m,4000,tldr17,halfA,real,generality_mean,0.17438488499717647
pythia-70m,4000,tldr17,halfA,real,generality_frac_general,0.08
pythia-70m,4000,wikitext,halfA,real,generality_mean,0.16965867458859663
pythia-70m,4000,wikitext,halfA,real,generality_frac_general,0.09
pythia-70m,16000,agnews,halfA,real,generality_mean,0.1611932755007276
pythia-70m,16000,agnews,halfA,real,generality_frac_general,0.07
pythia-70m,16000,bookcorpus,halfA,real,generality_mean,0.17980807476706534
pythia-70m,16000,bookcorpus,halfA,real,generality_frac_general,0.07
pythia-70m,16000,tldr17,halfA,real,generality_mean,0.17532286697301866
pythia-70m,16000,tldr17,halfA,real,generality_frac_general,0.08
pythia-70m,16000,wikitext,halfA,real,generality_mean,0.17261504930130425
pythia-70m,16000,wikitext,halfA,real,generality_frac_general,0.08
pythia-70m,64000,agnews,halfA,real,generality_mean,0.1771481983935654
pythia-70m,64000,agnews,halfA,real,generality_frac_general,0.1
pythia-70m,64000,bookcorpus,halfA,real,generality_mean,0.19174993344784763
pythia-70m,64000,bookcorpus,halfA,real,generality_frac_general,0.1
pythia-70m,64000,tldr17,halfA,real,generality_mean,0.1950299164812613
pythia-70m,64000,tldr17,halfA,real,generality_frac_general,0.09
pythia-70m,64000,wikitext,halfA,real,generality_mean,0.19955026075007598
pythia-70m,64000,wikitext,halfA,real,generality_frac_general,0.09
pythia-70m,143000,agnews,halfA,real,generality_mean,0.19680228466714045
pythia-70m,143000,agnews,halfA,real,generality_frac_general,0.13
pythia-70m,143000,bookcorpus,halfA,real,generality_mean,0.2120349457882239
pythia-70m,143000,bookcorpus,halfA,real,generality_frac_general,0.16
pythia-70m,143000,tldr17,halfA,real,generality_mean,0.21993745917356786
pythia-70m,143000,tldr17,halfA,real,generality_frac_general,0.12
pythia-70m,143000,wikitext,halfA,real,generality_mean,0.21479983441778114
pythia-70m,143000,wikitext,halfA,real,generality_frac_general,0.15151515151515152
pythia-70m,1,wikitext,halfA,real,trans_split_degree,1.16
pythia-70m,1,wikitext,halfA,real,trans_merge_degree,1.18
pythia-70m,1,wikitext,halfA,real,trans_continued,0.69
pythia-70m,1,wikitext,halfA,real,trans_mean_best_jaccard,0.5976927463612455
pythia-70m,4,wikitext,halfA,real,trans_split_degree,1.22
pythia-70m,4,wikitext,halfA,real,trans_merge_degree,1.29
pythia-70m,4,wikitext,halfA,real,trans_continued,0.55
pythia-70m,4,wikitext,halfA,real,trans_mean_best_jaccard,0.516990477566239
pythia-70m,16,wikitext,halfA,real,trans_split_degree,1.3
pythia-70m,16,wikitext,halfA,real,trans_merge_degree,1.28
pythia-70m,16,wikitext,halfA,real,trans_continued,0.25
pythia-70m,16,wikitext,halfA,real,trans_mean_best_jaccard,0.3669397764246268
pythia-70m,64,wikitext,halfA,real,trans_split_degree,0.06
pythia-70m,64,wikitext,halfA,real,trans_merge_degree,0.07
pythia-70m,64,wikitext,halfA,real,trans_continued,0.01
pythia-70m,64,wikitext,halfA,real,trans_mean_best_jaccard,0.06424786917760589
pythia-70m,256,wikitext,halfA,real,trans_split_degree,0.01
pythia-70m,256,wikitext,halfA,real,trans_merge_degree,0.01
pythia-70m,256,wikitext,halfA,real,trans_continued,0.01
pythia-70m,256,wikitext,halfA,real,trans_mean_best_jaccard,0.04137745455791696
pythia-70m,1000,wikitext,halfA,real,trans_split_degree,0.01
pythia-70m,1000,wikitext,halfA,real,trans_merge_degree,0.09
pythia-70m,1000,wikitext,halfA,real,trans_continued,0.01
pythia-70m,1000,wikitext,halfA,real,trans_mean_best_jaccard,0.044364572641786525
pythia-70m,4000,wikitext,halfA,real,trans_split_degree,0.35
pythia-70m,4000,wikitext,halfA,real,trans_merge_degree,0.3
pythia-70m,4000,wikitext,halfA,real,trans_continued,0.01
pythia-70m,4000,wikitext,halfA,real,trans_mean_best_jaccard,0.07677555203725396
pythia-70m,16000,wikitext,halfA,real,trans_split_degree,0.78
pythia-70m,16000,wikitext,halfA,real,trans_merge_degree,0.79
pythia-70m,16000,wikitext,halfA,real,trans_continued,0.02
pythia-70m,16000,wikitext,halfA,real,trans_mean_best_jaccard,0.18025975600132157
pythia-70m,64000,wikitext,halfA,real,trans_split_degree,1.0
pythia-70m,64000,wikitext,halfA,real,trans_merge_degree,1.0
pythia-70m,64000,wikitext,halfA,real,trans_continued,0.02
pythia-70m,64000,wikitext,halfA,real,trans_mean_best_jaccard,0.23100738760312642
pythia-70m,143000,wikitext,halfA,real,trans_split_degree,1.11
pythia-70m,143000,wikitext,halfA,real,trans_merge_degree,1.121212121212121
pythia-70m,143000,wikitext,halfA,real,trans_continued,0.18
pythia-70m,143000,wikitext,halfA,real,trans_mean_best_jaccard,0.3330041601410758
pythia-70m,0,wikitext,halfA,real,birth_frac_born_by,0.010101010101010102
pythia-70m,1,wikitext,halfA,real,birth_frac_born_by,0.010101010101010102
pythia-70m,4,wikitext,halfA,real,birth_frac_born_by,0.010101010101010102
pythia-70m,16,wikitext,halfA,real,birth_frac_born_by,0.010101010101010102
pythia-70m,64,wikitext,halfA,real,birth_frac_born_by,0.010101010101010102
pythia-70m,256,wikitext,halfA,real,birth_frac_born_by,0.010101010101010102
pythia-70m,1000,wikitext,halfA,real,birth_frac_born_by,0.010101010101010102
pythia-70m,4000,wikitext,halfA,real,birth_frac_born_by,0.010101010101010102
pythia-70m,16000,wikitext,halfA,real,birth_frac_born_by,0.020202020202020204
pythia-70m,64000,wikitext,halfA,real,birth_frac_born_by,0.18181818181818182
pythia-70m,143000,wikitext,halfA,real,birth_frac_born_by,1.0
pythia-70m,1,bookcorpus,halfA,real,trans_split_degree,1.17
pythia-70m,1,bookcorpus,halfA,real,trans_merge_degree,1.16
pythia-70m,1,bookcorpus,halfA,real,trans_continued,0.72
pythia-70m,1,bookcorpus,halfA,real,trans_mean_best_jaccard,0.6106086204017056
pythia-70m,4,bookcorpus,halfA,real,trans_split_degree,1.27
pythia-70m,4,bookcorpus,halfA,real,trans_merge_degree,1.26
pythia-70m,4,bookcorpus,halfA,real,trans_continued,0.5
pythia-70m,4,bookcorpus,halfA,real,trans_mean_best_jaccard,0.4844688334382493
pythia-70m,16,bookcorpus,halfA,real,trans_split_degree,1.23
pythia-70m,16,bookcorpus,halfA,real,trans_merge_degree,1.22
pythia-70m,16,bookcorpus,halfA,real,trans_continued,0.19
pythia-70m,16,bookcorpus,halfA,real,trans_mean_best_jaccard,0.3492785687652056
pythia-70m,64,bookcorpus,halfA,real,trans_split_degree,0.06
pythia-70m,64,bookcorpus,halfA,real,trans_merge_degree,0.15
pythia-70m,64,bookcorpus,halfA,real,trans_continued,0.01
pythia-70m,64,bookcorpus,halfA,real,trans_mean_best_jaccard,0.06318716285834518
pythia-70m,256,bookcorpus,halfA,real,trans_split_degree,0.02
pythia-70m,256,bookcorpus,halfA,real,trans_merge_degree,0.03
pythia-70m,256,bookcorpus,halfA,real,trans_continued,0.01
pythia-70m,256,bookcorpus,halfA,real,trans_mean_best_jaccard,0.0400858071418898
pythia-70m,1000,bookcorpus,halfA,real,trans_split_degree,0.03
pythia-70m,1000,bookcorpus,halfA,real,trans_merge_degree,0.11
pythia-70m,1000,bookcorpus,halfA,real,trans_continued,0.01
pythia-70m,1000,bookcorpus,halfA,real,trans_mean_best_jaccard,0.04212666463832638
pythia-70m,4000,bookcorpus,halfA,real,trans_split_degree,0.39
pythia-70m,4000,bookcorpus,halfA,real,trans_merge_degree,0.29
pythia-70m,4000,bookcorpus,halfA,real,trans_continued,0.01
pythia-70m,4000,bookcorpus,halfA,real,trans_mean_best_jaccard,0.07787232690072891
pythia-70m,16000,bookcorpus,halfA,real,trans_split_degree,0.76
pythia-70m,16000,bookcorpus,halfA,real,trans_merge_degree,0.74
pythia-70m,16000,bookcorpus,halfA,real,trans_continued,0.01
pythia-70m,16000,bookcorpus,halfA,real,trans_mean_best_jaccard,0.16449849422071755
pythia-70m,64000,bookcorpus,halfA,real,trans_split_degree,0.93
pythia-70m,64000,bookcorpus,halfA,real,trans_merge_degree,0.85
pythia-70m,64000,bookcorpus,halfA,real,trans_continued,0.01
pythia-70m,64000,bookcorpus,halfA,real,trans_mean_best_jaccard,0.22099096435426568
pythia-70m,143000,bookcorpus,halfA,real,trans_split_degree,1.07
pythia-70m,143000,bookcorpus,halfA,real,trans_merge_degree,1.02
pythia-70m,143000,bookcorpus,halfA,real,trans_continued,0.15
pythia-70m,143000,bookcorpus,halfA,real,trans_mean_best_jaccard,0.30491993604585854
pythia-70m,0,bookcorpus,halfA,real,birth_frac_born_by,0.01
pythia-70m,1,bookcorpus,halfA,real,birth_frac_born_by,0.01
pythia-70m,4,bookcorpus,halfA,real,birth_frac_born_by,0.01
pythia-70m,16,bookcorpus,halfA,real,birth_frac_born_by,0.01
pythia-70m,64,bookcorpus,halfA,real,birth_frac_born_by,0.01
pythia-70m,256,bookcorpus,halfA,real,birth_frac_born_by,0.01
pythia-70m,1000,bookcorpus,halfA,real,birth_frac_born_by,0.01
pythia-70m,4000,bookcorpus,halfA,real,birth_frac_born_by,0.01
pythia-70m,16000,bookcorpus,halfA,real,birth_frac_born_by,0.01
pythia-70m,64000,bookcorpus,halfA,real,birth_frac_born_by,0.15
pythia-70m,143000,bookcorpus,halfA,real,birth_frac_born_by,1.0
pythia-70m,1,agnews,halfA,real,trans_split_degree,1.17
pythia-70m,1,agnews,halfA,real,trans_merge_degree,1.21
pythia-70m,1,agnews,halfA,real,trans_continued,0.68
pythia-70m,1,agnews,halfA,real,trans_mean_best_jaccard,0.585350815700236
pythia-70m,4,agnews,halfA,real,trans_split_degree,1.29
pythia-70m,4,agnews,halfA,real,trans_merge_degree,1.36
pythia-70m,4,agnews,halfA,real,trans_continued,0.4
pythia-70m,4,agnews,halfA,real,trans_mean_best_jaccard,0.446680541894621
pythia-70m,16,agnews,halfA,real,trans_split_degree,1.32
pythia-70m,16,agnews,halfA,real,trans_merge_degree,1.29
pythia-70m,16,agnews,halfA,real,trans_continued,0.18
pythia-70m,16,agnews,halfA,real,trans_mean_best_jaccard,0.3331115590291499
pythia-70m,64,agnews,halfA,real,trans_split_degree,0.02
pythia-70m,64,agnews,halfA,real,trans_merge_degree,0.08
pythia-70m,64,agnews,halfA,real,trans_continued,0.01
pythia-70m,64,agnews,halfA,real,trans_mean_best_jaccard,0.05038271297820373
pythia-70m,256,agnews,halfA,real,trans_split_degree,0.04
pythia-70m,256,agnews,halfA,real,trans_merge_degree,0.03
pythia-70m,256,agnews,halfA,real,trans_continued,0.01
pythia-70m,256,agnews,halfA,real,trans_mean_best_jaccard,0.03877551901096263
pythia-70m,1000,agnews,halfA,real,trans_split_degree,0.04
pythia-70m,1000,agnews,halfA,real,trans_merge_degree,0.08
pythia-70m,1000,agnews,halfA,real,trans_continued,0.01
pythia-70m,1000,agnews,halfA,real,trans_mean_best_jaccard,0.04604995560288845
pythia-70m,4000,agnews,halfA,real,trans_split_degree,0.28
pythia-70m,4000,agnews,halfA,real,trans_merge_degree,0.31
pythia-70m,4000,agnews,halfA,real,trans_continued,0.01
pythia-70m,4000,agnews,halfA,real,trans_mean_best_jaccard,0.07873695210667943
pythia-70m,16000,agnews,halfA,real,trans_split_degree,0.86
pythia-70m,16000,agnews,halfA,real,trans_merge_degree,0.79
pythia-70m,16000,agnews,halfA,real,trans_continued,0.03
pythia-70m,16000,agnews,halfA,real,trans_mean_best_jaccard,0.18050451565168635
pythia-70m,64000,agnews,halfA,real,trans_split_degree,1.0
pythia-70m,64000,agnews,halfA,real,trans_merge_degree,1.02
pythia-70m,64000,agnews,halfA,real,trans_continued,0.03
pythia-70m,64000,agnews,halfA,real,trans_mean_best_jaccard,0.23176396266483482
pythia-70m,143000,agnews,halfA,real,trans_split_degree,1.1
pythia-70m,143000,agnews,halfA,real,trans_merge_degree,1.06
pythia-70m,143000,agnews,halfA,real,trans_continued,0.18
pythia-70m,143000,agnews,halfA,real,trans_mean_best_jaccard,0.33131170588128606
pythia-70m,0,agnews,halfA,real,birth_frac_born_by,0.01
pythia-70m,1,agnews,halfA,real,birth_frac_born_by,0.01
pythia-70m,4,agnews,halfA,real,birth_frac_born_by,0.01
pythia-70m,16,agnews,halfA,real,birth_frac_born_by,0.01
pythia-70m,64,agnews,halfA,real,birth_frac_born_by,0.01
pythia-70m,256,agnews,halfA,real,birth_frac_born_by,0.01
pythia-70m,1000,agnews,halfA,real,birth_frac_born_by,0.01
pythia-70m,4000,agnews,halfA,real,birth_frac_born_by,0.01
pythia-70m,16000,agnews,halfA,real,birth_frac_born_by,0.02
pythia-70m,64000,agnews,halfA,real,birth_frac_born_by,0.18
pythia-70m,143000,agnews,halfA,real,birth_frac_born_by,1.0
pythia-70m,1,tldr17,halfA,real,trans_split_degree,1.19
pythia-70m,1,tldr17,halfA,real,trans_merge_degree,1.18
pythia-70m,1,tldr17,halfA,real,trans_continued,0.74
pythia-70m,1,tldr17,halfA,real,trans_mean_best_jaccard,0.6370891379661865
pythia-70m,4,tldr17,halfA,real,trans_split_degree,1.25
pythia-70m,4,tldr17,halfA,real,trans_merge_degree,1.25
pythia-70m,4,tldr17,halfA,real,trans_continued,0.52
pythia-70m,4,tldr17,halfA,real,trans_mean_best_jaccard,0.5004594351406721
pythia-70m,16,tldr17,halfA,real,trans_split_degree,1.28
pythia-70m,16,tldr17,halfA,real,trans_merge_degree,1.23
pythia-70m,16,tldr17,halfA,real,trans_continued,0.12
pythia-70m,16,tldr17,halfA,real,trans_mean_best_jaccard,0.33247717326135773
pythia-70m,64,tldr17,halfA,real,trans_split_degree,0.01
pythia-70m,64,tldr17,halfA,real,trans_merge_degree,0.04
pythia-70m,64,tldr17,halfA,real,trans_continued,0.01
pythia-70m,64,tldr17,halfA,real,trans_mean_best_jaccard,0.04919518913572505
pythia-70m,256,tldr17,halfA,real,trans_split_degree,0.03
pythia-70m,256,tldr17,halfA,real,trans_merge_degree,0.04
pythia-70m,256,tldr17,halfA,real,trans_continued,0.01
pythia-70m,256,tldr17,halfA,real,trans_mean_best_jaccard,0.03939716448213652
pythia-70m,1000,tldr17,halfA,real,trans_split_degree,0.07
pythia-70m,1000,tldr17,halfA,real,trans_merge_degree,0.08
pythia-70m,1000,tldr17,halfA,real,trans_continued,0.01
pythia-70m,1000,tldr17,halfA,real,trans_mean_best_jaccard,0.04279044506629117
pythia-70m,4000,tldr17,halfA,real,trans_split_degree,0.35
pythia-70m,4000,tldr17,halfA,real,trans_merge_degree,0.39
pythia-70m,4000,tldr17,halfA,real,trans_continued,0.01
pythia-70m,4000,tldr17,halfA,real,trans_mean_best_jaccard,0.09055516659007119
pythia-70m,16000,tldr17,halfA,real,trans_split_degree,1.04
pythia-70m,16000,tldr17,halfA,real,trans_merge_degree,0.95
pythia-70m,16000,tldr17,halfA,real,trans_continued,0.04
pythia-70m,16000,tldr17,halfA,real,trans_mean_best_jaccard,0.20357439185773313
pythia-70m,64000,tldr17,halfA,real,trans_split_degree,0.97
pythia-70m,64000,tldr17,halfA,real,trans_merge_degree,0.98
pythia-70m,64000,tldr17,halfA,real,trans_continued,0.06
pythia-70m,64000,tldr17,halfA,real,trans_mean_best_jaccard,0.2492485372484137
pythia-70m,143000,tldr17,halfA,real,trans_split_degree,1.11
pythia-70m,143000,tldr17,halfA,real,trans_merge_degree,1.01
pythia-70m,143000,tldr17,halfA,real,trans_continued,0.18
pythia-70m,143000,tldr17,halfA,real,trans_mean_best_jaccard,0.3610238834146392
pythia-70m,0,tldr17,halfA,real,birth_frac_born_by,0.01
pythia-70m,1,tldr17,halfA,real,birth_frac_born_by,0.01
pythia-70m,4,tldr17,halfA,real,birth_frac_born_by,0.01
pythia-70m,16,tldr17,halfA,real,birth_frac_born_by,0.01
pythia-70m,64,tldr17,halfA,real,birth_frac_born_by,0.01
pythia-70m,256,tldr17,halfA,real,birth_frac_born_by,0.01
pythia-70m,1000,tldr17,halfA,real,birth_frac_born_by,0.01
pythia-70m,4000,tldr17,halfA,real,birth_frac_born_by,0.01
pythia-70m,16000,tldr17,halfA,real,birth_frac_born_by,0.02
pythia-70m,64000,tldr17,halfA,real,birth_frac_born_by,0.18
pythia-70m,143000,tldr17,halfA,real,birth_frac_born_by,1.0
pythia-70m,0,agnews,halfB,real,generality_mean,0.06590481914918139
pythia-70m,0,agnews,halfB,real,generality_frac_general,0.02
pythia-70m,0,bookcorpus,halfB,real,generality_mean,0.06770964756173474
pythia-70m,0,bookcorpus,halfB,real,generality_frac_general,0.02
pythia-70m,0,tldr17,halfB,real,generality_mean,0.06112386943257839
pythia-70m,0,tldr17,halfB,real,generality_frac_general,0.02
pythia-70m,0,wikitext,halfB,real,generality_mean,0.06248151411987985
pythia-70m,0,wikitext,halfB,real,generality_frac_general,0.02
pythia-70m,1,agnews,halfB,real,generality_mean,0.06605542557292775
pythia-70m,1,agnews,halfB,real,generality_frac_general,0.02
pythia-70m,1,bookcorpus,halfB,real,generality_mean,0.06711931674584978
pythia-70m,1,bookcorpus,halfB,real,generality_frac_general,0.02
pythia-70m,1,tldr17,halfB,real,generality_mean,0.06087058278051814
pythia-70m,1,tldr17,halfB,real,generality_frac_general,0.02
pythia-70m,1,wikitext,halfB,real,generality_mean,0.06208466737107008
pythia-70m,1,wikitext,halfB,real,generality_frac_general,0.02
pythia-70m,4,agnews,halfB,real,generality_mean,0.05891880045188525
pythia-70m,4,agnews,halfB,real,generality_frac_general,0.01
pythia-70m,4,bookcorpus,halfB,real,generality_mean,0.06061046760065861
pythia-70m,4,bookcorpus,halfB,real,generality_frac_general,0.01
pythia-70m,4,tldr17,halfB,real,generality_mean,0.0538300107598319
pythia-70m,4,tldr17,halfB,real,generality_frac_general,0.01
pythia-70m,4,wikitext,halfB,real,generality_mean,0.0548560806569275
pythia-70m,4,wikitext,halfB,real,generality_frac_general,0.01
pythia-70m,16,agnews,halfB,real,generality_mean,0.05923927737396418
pythia-70m,16,agnews,halfB,real,generality_frac_general,0.01
pythia-70m,16,bookcorpus,halfB,real,generality_mean,0.06056826074211931
pythia-70m,16,bookcorpus,halfB,real,generality_frac_general,0.01
pythia-70m,16,tldr17,halfB,real,generality_mean,0.05416230781269811
pythia-70m,16,tldr17,halfB,real,generality_frac_general,0.01
pythia-70m,16,wikitext,halfB,real,generality_mean,0.05420766975965873
pythia-70m,16,wikitext,halfB,real,generality_frac_general,0.01
pythia-70m,64,agnews,halfB,real,generality_mean,0.10040718093233743
pythia-70m,64,agnews,halfB,real,generality_frac_general,0.01
pythia-70m,64,bookcorpus,halfB,real,generality_mean,0.08820736740667919
pythia-70m,64,bookcorpus,halfB,real,generality_frac_general,0.01
pythia-70m,64,tldr17,halfB,real,generality_mean,0.0992275895548171
pythia-70m,64,tldr17,halfB,real,generality_frac_general,0.01
pythia-70m,64,wikitext,halfB,real,generality_mean,0.08255307423453552
pythia-70m,64,wikitext,halfB,real,generality_frac_general,0.01
pythia-70m,256,agnews,halfB,real,generality_mean,0.09530040289294556
pythia-70m,256,agnews,halfB,real,generality_frac_general,0.01
pythia-70m,256,bookcorpus,halfB,real,generality_mean,0.10491686836591921
pythia-70m,256,bookcorpus,halfB,real,generality_frac_general,0.01
pythia-70m,256,tldr17,halfB,real,generality_mean,0.10389463223253669
pythia-70m,256,tldr17,halfB,real,generality_frac_general,0.01
pythia-70m,256,wikitext,halfB,real,generality_mean,0.08898273794887497
pythia-70m,256,wikitext,halfB,real,generality_frac_general,0.010101010101010102
pythia-70m,1000,agnews,halfB,real,generality_mean,0.16939949076376962
pythia-70m,1000,agnews,halfB,real,generality_frac_general,0.05
pythia-70m,1000,bookcorpus,halfB,real,generality_mean,0.17010731707241736
pythia-70m,1000,bookcorpus,halfB,real,generality_frac_general,0.05
pythia-70m,1000,tldr17,halfB,real,generality_mean,0.1692089856436236
pythia-70m,1000,tldr17,halfB,real,generality_frac_general,0.0707070707070707
pythia-70m,1000,wikitext,halfB,real,generality_mean,0.1760506518111
pythia-70m,1000,wikitext,halfB,real,generality_frac_general,0.08
pythia-70m,4000,agnews,halfB,real,generality_mean,0.157349142067951
pythia-70m,4000,agnews,halfB,real,generality_frac_general,0.07
pythia-70m,4000,bookcorpus,halfB,real,generality_mean,0.1704776296051139
pythia-70m,4000,bookcorpus,halfB,real,generality_frac_general,0.10101010101010101
pythia-70m,4000,tldr17,halfB,real,generality_mean,0.17845890003850629
pythia-70m,4000,tldr17,halfB,real,generality_frac_general,0.08
pythia-70m,4000,wikitext,halfB,real,generality_mean,0.1725615606282347
pythia-70m,4000,wikitext,halfB,real,generality_frac_general,0.08
pythia-70m,16000,agnews,halfB,real,generality_mean,0.16257503734867018
pythia-70m,16000,agnews,halfB,real,generality_frac_general,0.07
pythia-70m,16000,bookcorpus,halfB,real,generality_mean,0.17951482644739428
pythia-70m,16000,bookcorpus,halfB,real,generality_frac_general,0.0707070707070707
pythia-70m,16000,tldr17,halfB,real,generality_mean,0.18087391586318155
pythia-70m,16000,tldr17,halfB,real,generality_frac_general,0.09
pythia-70m,16000,wikitext,halfB,real,generality_mean,0.17756860635498475
pythia-70m,16000,wikitext,halfB,real,generality_frac_general,0.09
pythia-70m,64000,agnews,halfB,real,generality_mean,0.18335029518251592
pythia-70m,64000,agnews,halfB,real,generality_frac_general,0.11
pythia-70m,64000,bookcorpus,halfB,real,generality_mean,0.19451344633682072
pythia-70m,64000,bookcorpus,halfB,real,generality_frac_general,0.12
pythia-70m,64000,tldr17,halfB,real,generality_mean,0.1994552834141154
pythia-70m,64000,tldr17,halfB,real,generality_frac_general,0.11
pythia-70m,64000,wikitext,halfB,real,generality_mean,0.2056094236723205
pythia-70m,64000,wikitext,halfB,real,generality_frac_general,0.12
pythia-70m,143000,agnews,halfB,real,generality_mean,0.1994453689008696
pythia-70m,143000,agnews,halfB,real,generality_frac_general,0.13
pythia-70m,143000,bookcorpus,halfB,real,generality_mean,0.21308208089053224
pythia-70m,143000,bookcorpus,halfB,real,generality_frac_general,0.13
pythia-70m,143000,tldr17,halfB,real,generality_mean,0.21842075197498861
pythia-70m,143000,tldr17,halfB,real,generality_frac_general,0.12
pythia-70m,143000,wikitext,halfB,real,generality_mean,0.21492118225232926
pythia-70m,143000,wikitext,halfB,real,generality_frac_general,0.1414141414141414
pythia-70m,1,wikitext,halfB,real,trans_split_degree,1.17
pythia-70m,1,wikitext,halfB,real,trans_merge_degree,1.17
pythia-70m,1,wikitext,halfB,real,trans_continued,0.8
pythia-70m,1,wikitext,halfB,real,trans_mean_best_jaccard,0.6313183625924509
pythia-70m,4,wikitext,halfB,real,trans_split_degree,1.25
pythia-70m,4,wikitext,halfB,real,trans_merge_degree,1.25
pythia-70m,4,wikitext,halfB,real,trans_continued,0.53
pythia-70m,4,wikitext,halfB,real,trans_mean_best_jaccard,0.5015334932307413
pythia-70m,16,wikitext,halfB,real,trans_split_degree,1.2
pythia-70m,16,wikitext,halfB,real,trans_merge_degree,1.28
pythia-70m,16,wikitext,halfB,real,trans_continued,0.2
pythia-70m,16,wikitext,halfB,real,trans_mean_best_jaccard,0.3562326243544177
pythia-70m,64,wikitext,halfB,real,trans_split_degree,0.04
pythia-70m,64,wikitext,halfB,real,trans_merge_degree,0.07
pythia-70m,64,wikitext,halfB,real,trans_continued,0.01
pythia-70m,64,wikitext,halfB,real,trans_mean_best_jaccard,0.06044342103314815
pythia-70m,256,wikitext,halfB,real,trans_split_degree,0.02
pythia-70m,256,wikitext,halfB,real,trans_merge_degree,0.010101010101010102
pythia-70m,256,wikitext,halfB,real,trans_continued,0.01
pythia-70m,256,wikitext,halfB,real,trans_mean_best_jaccard,0.04097462729443103
pythia-70m,1000,wikitext,halfB,real,trans_split_degree,0.010101010101010102
pythia-70m,1000,wikitext,halfB,real,trans_merge_degree,0.09
pythia-70m,1000,wikitext,halfB,real,trans_continued,0.010101010101010102
pythia-70m,1000,wikitext,halfB,real,trans_mean_best_jaccard,0.04345028279121692
pythia-70m,4000,wikitext,halfB,real,trans_split_degree,0.29
pythia-70m,4000,wikitext,halfB,real,trans_merge_degree,0.3
pythia-70m,4000,wikitext,halfB,real,trans_continued,0.01
pythia-70m,4000,wikitext,halfB,real,trans_mean_best_jaccard,0.07720666536702078
pythia-70m,16000,wikitext,halfB,real,trans_split_degree,0.79
pythia-70m,16000,wikitext,halfB,real,trans_merge_degree,0.83
pythia-70m,16000,wikitext,halfB,real,trans_continued,0.02
pythia-70m,16000,wikitext,halfB,real,trans_mean_best_jaccard,0.18224920480950113
pythia-70m,64000,wikitext,halfB,real,trans_split_degree,0.97
pythia-70m,64000,wikitext,halfB,real,trans_merge_degree,0.9
pythia-70m,64000,wikitext,halfB,real,trans_continued,0.05
pythia-70m,64000,wikitext,halfB,real,trans_mean_best_jaccard,0.23761494463927024
pythia-70m,143000,wikitext,halfB,real,trans_split_degree,1.15
pythia-70m,143000,wikitext,halfB,real,trans_merge_degree,1.0606060606060606
pythia-70m,143000,wikitext,halfB,real,trans_continued,0.17
pythia-70m,143000,wikitext,halfB,real,trans_mean_best_jaccard,0.32266203262735493
pythia-70m,0,wikitext,halfB,real,birth_frac_born_by,0.010101010101010102
pythia-70m,1,wikitext,halfB,real,birth_frac_born_by,0.010101010101010102
pythia-70m,4,wikitext,halfB,real,birth_frac_born_by,0.010101010101010102
pythia-70m,16,wikitext,halfB,real,birth_frac_born_by,0.010101010101010102
pythia-70m,64,wikitext,halfB,real,birth_frac_born_by,0.010101010101010102
pythia-70m,256,wikitext,halfB,real,birth_frac_born_by,0.010101010101010102
pythia-70m,1000,wikitext,halfB,real,birth_frac_born_by,0.010101010101010102
pythia-70m,4000,wikitext,halfB,real,birth_frac_born_by,0.010101010101010102
pythia-70m,16000,wikitext,halfB,real,birth_frac_born_by,0.020202020202020204
pythia-70m,64000,wikitext,halfB,real,birth_frac_born_by,0.1717171717171717
pythia-70m,143000,wikitext,halfB,real,birth_frac_born_by,1.0
pythia-70m,1,bookcorpus,halfB,real,trans_split_degree,1.2
pythia-70m,1,bookcorpus,halfB,real,trans_merge_degree,1.18
pythia-70m,1,bookcorpus,halfB,real,trans_continued,0.72
pythia-70m,1,bookcorpus,halfB,real,trans_mean_best_jaccard,0.6241428275323229
pythia-70m,4,bookcorpus,halfB,real,trans_split_degree,1.24
pythia-70m,4,bookcorpus,halfB,real,trans_merge_degree,1.22
pythia-70m,4,bookcorpus,halfB,real,trans_continued,0.53
pythia-70m,4,bookcorpus,halfB,real,trans_mean_best_jaccard,0.5037027515015332
pythia-70m,16,bookcorpus,halfB,real,trans_split_degree,1.27
pythia-70m,16,bookcorpus,halfB,real,trans_merge_degree,1.31
pythia-70m,16,bookcorpus,halfB,real,trans_continued,0.18
pythia-70m,16,bookcorpus,halfB,real,trans_mean_best_jaccard,0.3540389045492576
pythia-70m,64,bookcorpus,halfB,real,trans_split_degree,0.1
pythia-70m,64,bookcorpus,halfB,real,trans_merge_degree,0.2
pythia-70m,64,bookcorpus,halfB,real,trans_continued,0.01
pythia-70m,64,bookcorpus,halfB,real,trans_mean_best_jaccard,0.0691969965637243
pythia-70m,256,bookcorpus,halfB,real,trans_split_degree,0.09
pythia-70m,256,bookcorpus,halfB,real,trans_merge_degree,0.03
pythia-70m,256,bookcorpus,halfB,real,trans_continued,0.01
pythia-70m,256,bookcorpus,halfB,real,trans_mean_best_jaccard,0.04108190215660002
pythia-70m,1000,bookcorpus,halfB,real,trans_split_degree,0.02
pythia-70m,1000,bookcorpus,halfB,real,trans_merge_degree,0.08
pythia-70m,1000,bookcorpus,halfB,real,trans_continued,0.01
pythia-70m,1000,bookcorpus,halfB,real,trans_mean_best_jaccard,0.041574705280366483
pythia-70m,4000,bookcorpus,halfB,real,trans_split_degree,0.32
pythia-70m,4000,bookcorpus,halfB,real,trans_merge_degree,0.30303030303030304
pythia-70m,4000,bookcorpus,halfB,real,trans_continued,0.01
pythia-70m,4000,bookcorpus,halfB,real,trans_mean_best_jaccard,0.07720986604814996
pythia-70m,16000,bookcorpus,halfB,real,trans_split_degree,0.7474747474747475
pythia-70m,16000,bookcorpus,halfB,real,trans_merge_degree,0.7171717171717171
pythia-70m,16000,bookcorpus,halfB,real,trans_continued,0.010101010101010102
pythia-70m,16000,bookcorpus,halfB,real,trans_mean_best_jaccard,0.16698659196505533
pythia-70m,64000,bookcorpus,halfB,real,trans_split_degree,0.8484848484848485
pythia-70m,64000,bookcorpus,halfB,real,trans_merge_degree,0.87
pythia-70m,64000,bookcorpus,halfB,real,trans_continued,0.010101010101010102
pythia-70m,64000,bookcorpus,halfB,real,trans_mean_best_jaccard,0.22104865203021987
pythia-70m,143000,bookcorpus,halfB,real,trans_split_degree,1.02
pythia-70m,143000,bookcorpus,halfB,real,trans_merge_degree,1.0
pythia-70m,143000,bookcorpus,halfB,real,trans_continued,0.15
pythia-70m,143000,bookcorpus,halfB,real,trans_mean_best_jaccard,0.31265376416325447
pythia-70m,0,bookcorpus,halfB,real,birth_frac_born_by,0.01
pythia-70m,1,bookcorpus,halfB,real,birth_frac_born_by,0.01
pythia-70m,4,bookcorpus,halfB,real,birth_frac_born_by,0.01
pythia-70m,16,bookcorpus,halfB,real,birth_frac_born_by,0.01
pythia-70m,64,bookcorpus,halfB,real,birth_frac_born_by,0.01
pythia-70m,256,bookcorpus,halfB,real,birth_frac_born_by,0.01
pythia-70m,1000,bookcorpus,halfB,real,birth_frac_born_by,0.01
pythia-70m,4000,bookcorpus,halfB,real,birth_frac_born_by,0.01
pythia-70m,16000,bookcorpus,halfB,real,birth_frac_born_by,0.01
pythia-70m,64000,bookcorpus,halfB,real,birth_frac_born_by,0.15
pythia-70m,143000,bookcorpus,halfB,real,birth_frac_born_by,1.0
pythia-70m,1,agnews,halfB,real,trans_split_degree,1.11
pythia-70m,1,agnews,halfB,real,trans_merge_degree,1.07
pythia-70m,1,agnews,halfB,real,trans_continued,0.82
pythia-70m,1,agnews,halfB,real,trans_mean_best_jaccard,0.6803325799019072
pythia-70m,4,agnews,halfB,real,trans_split_degree,1.24
pythia-70m,4,agnews,halfB,real,trans_merge_degree,1.27
pythia-70m,4,agnews,halfB,real,trans_continued,0.49
pythia-70m,4,agnews,halfB,real,trans_mean_best_jaccard,0.48686985277951633
pythia-70m,16,agnews,halfB,real,trans_split_degree,1.23
pythia-70m,16,agnews,halfB,real,trans_merge_degree,1.24
pythia-70m,16,agnews,halfB,real,trans_continued,0.15
pythia-70m,16,agnews,halfB,real,trans_mean_best_jaccard,0.32973766893004075
pythia-70m,64,agnews,halfB,real,trans_split_degree,0.01
pythia-70m,64,agnews,halfB,real,trans_merge_degree,0.07
pythia-70m,64,agnews,halfB,real,trans_continued,0.01
pythia-70m,64,agnews,halfB,real,trans_mean_best_jaccard,0.04974907083780694
pythia-70m,256,agnews,halfB,real,trans_split_degree,0.03
pythia-70m,256,agnews,halfB,real,trans_merge_degree,0.02
pythia-70m,256,agnews,halfB,real,trans_continued,0.01
pythia-70m,256,agnews,halfB,real,trans_mean_best_jaccard,0.03910226918782466
pythia-70m,1000,agnews,halfB,real,trans_split_degree,0.06
pythia-70m,1000,agnews,halfB,real,trans_merge_degree,0.1
pythia-70m,1000,agnews,halfB,real,trans_continued,0.01
pythia-70m,1000,agnews,halfB,real,trans_mean_best_jaccard,0.04563396815697038
pythia-70m,4000,agnews,halfB,real,trans_split_degree,0.27
pythia-70m,4000,agnews,halfB,real,trans_merge_degree,0.27
pythia-70m,4000,agnews,halfB,real,trans_continued,0.01
pythia-70m,4000,agnews,halfB,real,trans_mean_best_jaccard,0.07852505386861272
pythia-70m,16000,agnews,halfB,real,trans_split_degree,0.82
pythia-70m,16000,agnews,halfB,real,trans_merge_degree,0.79
pythia-70m,16000,agnews,halfB,real,trans_continued,0.03
pythia-70m,16000,agnews,halfB,real,trans_mean_best_jaccard,0.18075150169042092
pythia-70m,64000,agnews,halfB,real,trans_split_degree,1.02
pythia-70m,64000,agnews,halfB,real,trans_merge_degree,1.02
pythia-70m,64000,agnews,halfB,real,trans_continued,0.03
pythia-70m,64000,agnews,halfB,real,trans_mean_best_jaccard,0.2343129249189135
pythia-70m,143000,agnews,halfB,real,trans_split_degree,1.13
pythia-70m,143000,agnews,halfB,real,trans_merge_degree,1.1
pythia-70m,143000,agnews,halfB,real,trans_continued,0.17
pythia-70m,143000,agnews,halfB,real,trans_mean_best_jaccard,0.33471583970039714
pythia-70m,0,agnews,halfB,real,birth_frac_born_by,0.01
pythia-70m,1,agnews,halfB,real,birth_frac_born_by,0.01
pythia-70m,4,agnews,halfB,real,birth_frac_born_by,0.01
pythia-70m,16,agnews,halfB,real,birth_frac_born_by,0.01
pythia-70m,64,agnews,halfB,real,birth_frac_born_by,0.01
pythia-70m,256,agnews,halfB,real,birth_frac_born_by,0.01
pythia-70m,1000,agnews,halfB,real,birth_frac_born_by,0.01
pythia-70m,4000,agnews,halfB,real,birth_frac_born_by,0.01
pythia-70m,16000,agnews,halfB,real,birth_frac_born_by,0.02
pythia-70m,64000,agnews,halfB,real,birth_frac_born_by,0.17
pythia-70m,143000,agnews,halfB,real,birth_frac_born_by,1.0
pythia-70m,1,tldr17,halfB,real,trans_split_degree,1.1
pythia-70m,1,tldr17,halfB,real,trans_merge_degree,1.11
pythia-70m,1,tldr17,halfB,real,trans_continued,0.83
pythia-70m,1,tldr17,halfB,real,trans_mean_best_jaccard,0.703732514078429
pythia-70m,4,tldr17,halfB,real,trans_split_degree,1.25
pythia-70m,4,tldr17,halfB,real,trans_merge_degree,1.29
pythia-70m,4,tldr17,halfB,real,trans_continued,0.51
pythia-70m,4,tldr17,halfB,real,trans_mean_best_jaccard,0.4728741257714002
pythia-70m,16,tldr17,halfB,real,trans_split_degree,1.2
pythia-70m,16,tldr17,halfB,real,trans_merge_degree,1.27
pythia-70m,16,tldr17,halfB,real,trans_continued,0.14
pythia-70m,16,tldr17,halfB,real,trans_mean_best_jaccard,0.3297304629823154
pythia-70m,64,tldr17,halfB,real,trans_split_degree,0.03
pythia-70m,64,tldr17,halfB,real,trans_merge_degree,0.05
pythia-70m,64,tldr17,halfB,real,trans_continued,0.01
pythia-70m,64,tldr17,halfB,real,trans_mean_best_jaccard,0.05076872556320153
pythia-70m,256,tldr17,halfB,real,trans_split_degree,0.04
pythia-70m,256,tldr17,halfB,real,trans_merge_degree,0.03
pythia-70m,256,tldr17,halfB,real,trans_continued,0.01
pythia-70m,256,tldr17,halfB,real,trans_mean_best_jaccard,0.03829140133739828
pythia-70m,1000,tldr17,halfB,real,trans_split_degree,0.05
pythia-70m,1000,tldr17,halfB,real,trans_merge_degree,0.09090909090909091
pythia-70m,1000,tldr17,halfB,real,trans_continued,0.01
pythia-70m,1000,tldr17,halfB,real,trans_mean_best_jaccard,0.042906249081510375
pythia-70m,4000,tldr17,halfB,real,trans_split_degree,0.2828282828282828
pythia-70m,4000,tldr17,halfB,real,trans_merge_degree,0.36
pythia-70m,4000,tldr17,halfB,real,trans_continued,0.010101010101010102
pythia-70m,4000,tldr17,halfB,real,trans_mean_best_jaccard,0.08849926867013815
pythia-70m,16000,tldr17,halfB,real,trans_split_degree,1.07
pythia-70m,16000,tldr17,halfB,real,trans_merge_degree,0.95
pythia-70m,16000,tldr17,halfB,real,trans_continued,0.03
pythia-70m,16000,tldr17,halfB,real,trans_mean_best_jaccard,0.19493649755487868
pythia-70m,64000,tldr17,halfB,real,trans_split_degree,0.99
pythia-70m,64000,tldr17,halfB,real,trans_merge_degree,0.92
pythia-70m,64000,tldr17,halfB,real,trans_continued,0.04
pythia-70m,64000,tldr17,halfB,real,trans_mean_best_jaccard,0.25863998792425197
pythia-70m,143000,tldr17,halfB,real,trans_split_degree,1.1
pythia-70m,143000,tldr17,halfB,real,trans_merge_degree,1.08
pythia-70m,143000,tldr17,halfB,real,trans_continued,0.21
pythia-70m,143000,tldr17,halfB,real,trans_mean_best_jaccard,0.36563547820047687
pythia-70m,0,tldr17,halfB,real,birth_frac_born_by,0.01
pythia-70m,1,tldr17,halfB,real,birth_frac_born_by,0.01
pythia-70m,4,tldr17,halfB,real,birth_frac_born_by,0.01
pythia-70m,16,tldr17,halfB,real,birth_frac_born_by,0.01
pythia-70m,64,tldr17,halfB,real,birth_frac_born_by,0.01
pythia-70m,256,tldr17,halfB,real,birth_frac_born_by,0.01
pythia-70m,1000,tldr17,halfB,real,birth_frac_born_by,0.01
pythia-70m,4000,tldr17,halfB,real,birth_frac_born_by,0.01
pythia-70m,16000,tldr17,halfB,real,birth_frac_born_by,0.02
pythia-70m,64000,tldr17,halfB,real,birth_frac_born_by,0.21
pythia-70m,143000,tldr17,halfB,real,birth_frac_born_by,1.0
pythia-70m,0,wikitext,halfA,null,crisp_median_max_membership,0.41
pythia-70m,0,wikitext,halfA,null,crisp_frac_confident,0.23046875
pythia-70m,0,wikitext,halfA,null,crisp_network_median,0.4023794998269297
pythia-70m,0,wikitext,halfA,null,size_n_networks,100.0
pythia-70m,0,wikitext,halfA,null,size_effective_n,90.96753247796076
pythia-70m,0,wikitext,halfA,null,size_gini,0.1847395833333334
pythia-70m,0,wikitext,halfA,null,size_largest_share,0.061279296875
pythia-70m,0,wikitext,halfA,null,size_frac_small,0.0
pythia-70m,0,wikitext,halfA,null,depth_median_effective_layers,4.916407108369141
pythia-70m,0,wikitext,halfA,null,depth_frac_single_layer,0.1
pythia-70m,0,wikitext,halfA,null,depth_mean_layer_span,4.58
pythia-70m,1,wikitext,halfA,null,crisp_median_max_membership,0.405
pythia-70m,1,wikitext,halfA,null,crisp_frac_confident,0.22127278645833334
pythia-70m,1,wikitext,halfA,null,crisp_network_median,0.393247501703384
pythia-70m,1,wikitext,halfA,null,size_n_networks,100.0
pythia-70m,1,wikitext,halfA,null,size_effective_n,90.12382889043825
pythia-70m,1,wikitext,halfA,null,size_gini,0.19895833333333335
pythia-70m,1,wikitext,halfA,null,size_largest_share,0.06005859375
pythia-70m,1,wikitext,halfA,null,size_frac_small,0.0
pythia-70m,1,wikitext,halfA,null,depth_median_effective_layers,4.92261620900824
pythia-70m,1,wikitext,halfA,null,depth_frac_single_layer,0.1
pythia-70m,1,wikitext,halfA,null,depth_mean_layer_span,4.6
pythia-70m,4,wikitext,halfA,null,crisp_median_max_membership,0.425
pythia-70m,4,wikitext,halfA,null,crisp_frac_confident,0.2725423177083333
pythia-70m,4,wikitext,halfA,null,crisp_network_median,0.41402713763509214
pythia-70m,4,wikitext,halfA,null,size_n_networks,100.0
pythia-70m,4,wikitext,halfA,null,size_effective_n,87.95048222756904
pythia-70m,4,wikitext,halfA,null,size_gini,0.22117838541666668
pythia-70m,4,wikitext,halfA,null,size_largest_share,0.06502278645833333
pythia-70m,4,wikitext,halfA,null,size_frac_small,0.01
pythia-70m,4,wikitext,halfA,null,depth_median_effective_layers,4.917590837073413
pythia-70m,4,wikitext,halfA,null,depth_frac_single_layer,0.18
pythia-70m,4,wikitext,halfA,null,depth_mean_layer_span,4.26
pythia-70m,16,wikitext,halfA,null,crisp_median_max_membership,0.425
pythia-70m,16,wikitext,halfA,null,crisp_frac_confident,0.2906087239583333
pythia-70m,16,wikitext,halfA,null,crisp_network_median,0.4161157024793389
pythia-70m,16,wikitext,halfA,null,size_n_networks,99.0
pythia-70m,16,wikitext,halfA,null,size_effective_n,87.1871956315515
pythia-70m,16,wikitext,halfA,null,size_gini,0.21223136311026924
pythia-70m,16,wikitext,halfA,null,size_largest_share,0.07120768229166667
pythia-70m,16,wikitext,halfA,null,size_frac_small,0.010101010101010102
pythia-70m,16,wikitext,halfA,null,depth_median_effective_layers,4.922123010161078
pythia-70m,16,wikitext,halfA,null,depth_frac_single_layer,0.1414141414141414
pythia-70m,16,wikitext,halfA,null,depth_mean_layer_span,4.424242424242424
pythia-70m,64,wikitext,halfA,null,crisp_median_max_membership,0.53
pythia-70m,64,wikitext,halfA,null,crisp_frac_confident,0.5586751302083334
pythia-70m,64,wikitext,halfA,null,crisp_network_median,0.5167510118206347
pythia-70m,64,wikitext,halfA,null,size_n_networks,100.0
pythia-70m,64,wikitext,halfA,null,size_effective_n,71.03290790030096
pythia-70m,64,wikitext,halfA,null,size_gini,0.4203125000000001
pythia-70m,64,wikitext,halfA,null,size_largest_share,0.08260091145833333
pythia-70m,64,wikitext,halfA,null,size_frac_small,0.01
pythia-70m,64,wikitext,halfA,null,depth_median_effective_layers,4.780286350480349
pythia-70m,64,wikitext,halfA,null,depth_frac_single_layer,0.1
pythia-70m,64,wikitext,halfA,null,depth_mean_layer_span,4.16
pythia-70m,256,wikitext,halfA,null,crisp_median_max_membership,0.535
pythia-70m,256,wikitext,halfA,null,crisp_frac_confident,0.5537923177083334
pythia-70m,256,wikitext,halfA,null,crisp_network_median,0.6088328597111872
pythia-70m,256,wikitext,halfA,null,size_n_networks,100.0
pythia-70m,256,wikitext,halfA,null,size_effective_n,68.29323406042681
pythia-70m,256,wikitext,halfA,null,size_gini,0.4456770833333332
pythia-70m,256,wikitext,halfA,null,size_largest_share,0.07218424479166667
pythia-70m,256,wikitext,halfA,null,size_frac_small,0.0
pythia-70m,256,wikitext,halfA,null,depth_median_effective_layers,4.6541813684012805
pythia-70m,256,wikitext,halfA,null,depth_frac_single_layer,0.11
pythia-70m,256,wikitext,halfA,null,depth_mean_layer_span,4.11
pythia-70m,1000,wikitext,halfA,null,crisp_median_max_membership,0.185
pythia-70m,1000,wikitext,halfA,null,crisp_frac_confident,0.103271484375
pythia-70m,1000,wikitext,halfA,null,crisp_network_median,0.17731580091284505
pythia-70m,1000,wikitext,halfA,null,size_n_networks,100.0
pythia-70m,1000,wikitext,halfA,null,size_effective_n,83.44862331229065
pythia-70m,1000,wikitext,halfA,null,size_gini,0.32654947916666677
pythia-70m,1000,wikitext,halfA,null,size_largest_share,0.038818359375
pythia-70m,1000,wikitext,halfA,null,size_frac_small,0.01
pythia-70m,1000,wikitext,halfA,null,depth_median_effective_layers,3.37883359573937
pythia-70m,1000,wikitext,halfA,null,depth_frac_single_layer,0.31
pythia-70m,1000,wikitext,halfA,null,depth_mean_layer_span,2.65
pythia-70m,4000,wikitext,halfA,null,crisp_median_max_membership,0.35
pythia-70m,4000,wikitext,halfA,null,crisp_frac_confident,0.2618001302083333
pythia-70m,4000,wikitext,halfA,null,crisp_network_median,0.28470622459682704
pythia-70m,4000,wikitext,halfA,null,size_n_networks,100.0
pythia-70m,4000,wikitext,halfA,null,size_effective_n,81.61226808184414
pythia-70m,4000,wikitext,halfA,null,size_gini,0.3537923177083333
pythia-70m,4000,wikitext,halfA,null,size_largest_share,0.040934244791666664
pythia-70m,4000,wikitext,halfA,null,size_frac_small,0.01
pythia-70m,4000,wikitext,halfA,null,depth_median_effective_layers,4.460633218239787
pythia-70m,4000,wikitext,halfA,null,depth_frac_single_layer,0.1
pythia-70m,4000,wikitext,halfA,null,depth_mean_layer_span,3.71
pythia-70m,16000,wikitext,halfA,null,crisp_median_max_membership,0.375
pythia-70m,16000,wikitext,halfA,null,crisp_frac_confident,0.3013509114583333
pythia-70m,16000,wikitext,halfA,null,crisp_network_median,0.3108051989730424
pythia-70m,16000,wikitext,halfA,null,size_n_networks,100.0
pythia-70m,16000,wikitext,halfA,null,size_effective_n,78.58844942726196
pythia-70m,16000,wikitext,halfA,null,size_gini,0.3738167317708334
pythia-70m,16000,wikitext,halfA,null,size_largest_share,0.054117838541666664
pythia-70m,16000,wikitext,halfA,null,size_frac_small,0.0
pythia-70m,16000,wikitext,halfA,null,depth_median_effective_layers,4.616049444671311
pythia-70m,16000,wikitext,halfA,null,depth_frac_single_layer,0.21
pythia-70m,16000,wikitext,halfA,null,depth_mean_layer_span,3.62
pythia-70m,64000,wikitext,halfA,null,crisp_median_max_membership,0.355
pythia-70m,64000,wikitext,halfA,null,crisp_frac_confident,0.2674967447916667
pythia-70m,64000,wikitext,halfA,null,crisp_network_median,0.30671575421575414
pythia-70m,64000,wikitext,halfA,null,size_n_networks,100.0
pythia-70m,64000,wikitext,halfA,null,size_effective_n,76.33103773564746
pythia-70m,64000,wikitext,halfA,null,size_gini,0.38697265625
pythia-70m,64000,wikitext,halfA,null,size_largest_share,0.06534830729166667
pythia-70m,64000,wikitext,halfA,null,size_frac_small,0.0
pythia-70m,64000,wikitext,halfA,null,depth_median_effective_layers,4.437320919070234
pythia-70m,64000,wikitext,halfA,null,depth_frac_single_layer,0.13
pythia-70m,64000,wikitext,halfA,null,depth_mean_layer_span,3.51
pythia-70m,143000,wikitext,halfA,null,crisp_median_max_membership,0.32
pythia-70m,143000,wikitext,halfA,null,crisp_frac_confident,0.23030598958333334
pythia-70m,143000,wikitext,halfA,null,crisp_network_median,0.2919685039370079
pythia-70m,143000,wikitext,halfA,null,size_n_networks,100.0
pythia-70m,143000,wikitext,halfA,null,size_effective_n,79.97295958234582
pythia-70m,143000,wikitext,halfA,null,size_gini,0.34545247395833334
pythia-70m,143000,wikitext,halfA,null,size_largest_share,0.06632486979166667
pythia-70m,143000,wikitext,halfA,null,size_frac_small,0.0
pythia-70m,143000,wikitext,halfA,null,depth_median_effective_layers,4.239947552848546
pythia-70m,143000,wikitext,halfA,null,depth_frac_single_layer,0.17
pythia-70m,143000,wikitext,halfA,null,depth_mean_layer_span,3.47
pythia-70m,0,bookcorpus,halfA,null,crisp_median_max_membership,0.565
pythia-70m,0,bookcorpus,halfA,null,crisp_frac_confident,0.6486002604166666
pythia-70m,0,bookcorpus,halfA,null,crisp_network_median,0.5534986580589004
pythia-70m,0,bookcorpus,halfA,null,size_n_networks,100.0
pythia-70m,0,bookcorpus,halfA,null,size_effective_n,89.70234157470868
pythia-70m,0,bookcorpus,halfA,null,size_gini,0.1944954427083334
pythia-70m,0,bookcorpus,halfA,null,size_largest_share,0.044026692708333336
pythia-70m,0,bookcorpus,halfA,null,size_frac_small,0.01
pythia-70m,0,bookcorpus,halfA,null,depth_median_effective_layers,4.924891064031796
pythia-70m,0,bookcorpus,halfA,null,depth_frac_single_layer,0.08
pythia-70m,0,bookcorpus,halfA,null,depth_mean_layer_span,4.66
pythia-70m,1,bookcorpus,halfA,null,crisp_median_max_membership,0.565
pythia-70m,1,bookcorpus,halfA,null,crisp_frac_confident,0.6503092447916666
pythia-70m,1,bookcorpus,halfA,null,crisp_network_median,0.5502845528455285
pythia-70m,1,bookcorpus,halfA,null,size_n_networks,99.0
pythia-70m,1,bookcorpus,halfA,null,size_effective_n,88.6529732248132
pythia-70m,1,bookcorpus,halfA,null,size_gini,0.19499519938973053
pythia-70m,1,bookcorpus,halfA,null,size_largest_share,0.041748046875
pythia-70m,1,bookcorpus,halfA,null,size_frac_small,0.010101010101010102
pythia-70m,1,bookcorpus,halfA,null,depth_median_effective_layers,4.9116964445501985
pythia-70m,1,bookcorpus,halfA,null,depth_frac_single_layer,0.0707070707070707
pythia-70m,1,bookcorpus,halfA,null,depth_mean_layer_span,4.707070707070707
pythia-70m,4,bookcorpus,halfA,null,crisp_median_max_membership,0.56
pythia-70m,4,bookcorpus,halfA,null,crisp_frac_confident,0.6355794270833334
pythia-70m,4,bookcorpus,halfA,null,crisp_network_median,0.5503571428571429
pythia-70m,4,bookcorpus,halfA,null,size_n_networks,99.0
pythia-70m,4,bookcorpus,halfA,null,size_effective_n,91.3383477844863
pythia-70m,4,bookcorpus,halfA,null,size_gini,0.16780927767255882
pythia-70m,4,bookcorpus,halfA,null,size_largest_share,0.043701171875
pythia-70m,4,bookcorpus,halfA,null,size_frac_small,0.0
pythia-70m,4,bookcorpus,halfA,null,depth_median_effective_layers,4.922218541498652
pythia-70m,4,bookcorpus,halfA,null,depth_frac_single_layer,0.1111111111111111
pythia-70m,4,bookcorpus,halfA,null,depth_mean_layer_span,4.525252525252525
pythia-70m,16,bookcorpus,halfA,null,crisp_median_max_membership,0.575
pythia-70m,16,bookcorpus,halfA,null,crisp_frac_confident,0.663818359375
pythia-70m,16,bookcorpus,halfA,null,crisp_network_median,0.5583587786259543
pythia-70m,16,bookcorpus,halfA,null,size_n_networks,99.0
pythia-70m,16,bookcorpus,halfA,null,size_effective_n,91.47376475666793
pythia-70m,16,bookcorpus,halfA,null,size_gini,0.1758815367213804
pythia-70m,16,bookcorpus,halfA,null,size_largest_share,0.03857421875
pythia-70m,16,bookcorpus,halfA,null,size_frac_small,0.0
pythia-70m,16,bookcorpus,halfA,null,depth_median_effective_layers,4.913475116100952
pythia-70m,16,bookcorpus,halfA,null,depth_frac_single_layer,0.09090909090909091
pythia-70m,16,bookcorpus,halfA,null,depth_mean_layer_span,4.616161616161616
pythia-70m,64,bookcorpus,halfA,null,crisp_median_max_membership,0.605
pythia-70m,64,bookcorpus,halfA,null,crisp_frac_confident,0.697998046875
pythia-70m,64,bookcorpus,halfA,null,crisp_network_median,0.5758927156254128
pythia-70m,64,bookcorpus,halfA,null,size_n_networks,98.0
pythia-70m,64,bookcorpus,halfA,null,size_effective_n,75.65526956177868
pythia-70m,64,bookcorpus,halfA,null,size_gini,0.3250408561862246
pythia-70m,64,bookcorpus,halfA,null,size_largest_share,0.068603515625
pythia-70m,64,bookcorpus,halfA,null,size_frac_small,0.02040816326530612
pythia-70m,64,bookcorpus,halfA,null,depth_median_effective_layers,4.896649566970979
pythia-70m,64,bookcorpus,halfA,null,depth_frac_single_layer,0.05102040816326531
pythia-70m,64,bookcorpus,halfA,null,depth_mean_layer_span,4.510204081632653
pythia-70m,256,bookcorpus,halfA,null,crisp_median_max_membership,0.485
pythia-70m,256,bookcorpus,halfA,null,crisp_frac_confident,0.4608561197916667
pythia-70m,256,bookcorpus,halfA,null,crisp_network_median,0.4762667928098392
pythia-70m,256,bookcorpus,halfA,null,size_n_networks,100.0
pythia-70m,256,bookcorpus,halfA,null,size_effective_n,89.4304791145162
pythia-70m,256,bookcorpus,halfA,null,size_gini,0.23083170572916667
pythia-70m,256,bookcorpus,halfA,null,size_largest_share,0.032145182291666664
pythia-70m,256,bookcorpus,halfA,null,size_frac_small,0.01
pythia-70m,256,bookcorpus,halfA,null,depth_median_effective_layers,4.806992485046607
pythia-70m,256,bookcorpus,halfA,null,depth_frac_single_layer,0.15
pythia-70m,256,bookcorpus,halfA,null,depth_mean_layer_span,4.13
pythia-70m,1000,bookcorpus,halfA,null,crisp_median_max_membership,0.23
pythia-70m,1000,bookcorpus,halfA,null,crisp_frac_confident,0.223876953125
pythia-70m,1000,bookcorpus,halfA,null,crisp_network_median,0.2352735969387755
pythia-70m,1000,bookcorpus,halfA,null,size_n_networks,100.0
pythia-70m,1000,bookcorpus,halfA,null,size_effective_n,80.00716979594839
pythia-70m,1000,bookcorpus,halfA,null,size_gini,0.36122233072916665
pythia-70m,1000,bookcorpus,halfA,null,size_largest_share,0.048583984375
pythia-70m,1000,bookcorpus,halfA,null,size_frac_small,0.0
pythia-70m,1000,bookcorpus,halfA,null,depth_median_effective_layers,3.01719901766397
pythia-70m,1000,bookcorpus,halfA,null,depth_frac_single_layer,0.41
pythia-70m,1000,bookcorpus,halfA,null,depth_mean_layer_span,2.31
pythia-70m,4000,bookcorpus,halfA,null,crisp_median_max_membership,0.145
pythia-70m,4000,bookcorpus,halfA,null,crisp_frac_confident,0.06640625
pythia-70m,4000,bookcorpus,halfA,null,crisp_network_median,0.15943530701754388
pythia-70m,4000,bookcorpus,halfA,null,size_n_networks,100.0
pythia-70m,4000,bookcorpus,halfA,null,size_effective_n,90.31444378777333
pythia-70m,4000,bookcorpus,halfA,null,size_gini,0.2432812499999999
pythia-70m,4000,bookcorpus,halfA,null,size_largest_share,0.020914713541666668
pythia-70m,4000,bookcorpus,halfA,null,size_frac_small,0.0
pythia-70m,4000,bookcorpus,halfA,null,depth_median_effective_layers,4.222081253628533
pythia-70m,4000,bookcorpus,halfA,null,depth_frac_single_layer,0.31
pythia-70m,4000,bookcorpus,halfA,null,depth_mean_layer_span,3.01
pythia-70m,16000,bookcorpus,halfA,null,crisp_median_max_membership,0.16
pythia-70m,16000,bookcorpus,halfA,null,crisp_frac_confident,0.07796223958333333
pythia-70m,16000,bookcorpus,halfA,null,crisp_network_median,0.2455827067669173
pythia-70m,16000,bookcorpus,halfA,null,size_n_networks,100.0
pythia-70m,16000,bookcorpus,halfA,null,size_effective_n,79.23396423936232
pythia-70m,16000,bookcorpus,halfA,null,size_gini,0.37426920572916655
pythia-70m,16000,bookcorpus,halfA,null,size_largest_share,0.028564453125
pythia-70m,16000,bookcorpus,halfA,null,size_frac_small,0.03
pythia-70m,16000,bookcorpus,halfA,null,depth_median_effective_layers,3.099441486924431
pythia-70m,16000,bookcorpus,halfA,null,depth_frac_single_layer,0.45
pythia-70m,16000,bookcorpus,halfA,null,depth_mean_layer_span,2.78
pythia-70m,64000,bookcorpus,halfA,null,crisp_median_max_membership,0.435
pythia-70m,64000,bookcorpus,halfA,null,crisp_frac_confident,0.39111328125
pythia-70m,64000,bookcorpus,halfA,null,crisp_network_median,0.47587589928057555
pythia-70m,64000,bookcorpus,halfA,null,size_n_networks,100.0
pythia-70m,64000,bookcorpus,halfA,null,size_effective_n,71.653078336126
pythia-70m,64000,bookcorpus,halfA,null,size_gini,0.452900390625
pythia-70m,64000,bookcorpus,halfA,null,size_largest_share,0.036702473958333336
pythia-70m,64000,bookcorpus,halfA,null,size_frac_small,0.05
pythia-70m,64000,bookcorpus,halfA,null,depth_median_effective_layers,2.6642857183713877
pythia-70m,64000,bookcorpus,halfA,null,depth_frac_single_layer,0.38
pythia-70m,64000,bookcorpus,halfA,null,depth_mean_layer_span,2.69
pythia-70m,143000,bookcorpus,halfA,null,crisp_median_max_membership,0.19
pythia-70m,143000,bookcorpus,halfA,null,crisp_frac_confident,0.09798177083333333
pythia-70m,143000,bookcorpus,halfA,null,crisp_network_median,0.345618788611335
pythia-70m,143000,bookcorpus,halfA,null,size_n_networks,100.0
pythia-70m,143000,bookcorpus,halfA,null,size_effective_n,75.74289662102562
pythia-70m,143000,bookcorpus,halfA,null,size_gini,0.41111653645833335
pythia-70m,143000,bookcorpus,halfA,null,size_largest_share,0.026529947916666668
pythia-70m,143000,bookcorpus,halfA,null,size_frac_small,0.01
pythia-70m,143000,bookcorpus,halfA,null,depth_median_effective_layers,3.0104683739918117
pythia-70m,143000,bookcorpus,halfA,null,depth_frac_single_layer,0.41
pythia-70m,143000,bookcorpus,halfA,null,depth_mean_layer_span,2.73
pythia-70m,0,agnews,halfA,null,crisp_median_max_membership,0.51
pythia-70m,0,agnews,halfA,null,crisp_frac_confident,0.5230305989583334
pythia-70m,0,agnews,halfA,null,crisp_network_median,0.5005806017494954
pythia-70m,0,agnews,halfA,null,size_n_networks,100.0
pythia-70m,0,agnews,halfA,null,size_effective_n,90.35681758766499
pythia-70m,0,agnews,halfA,null,size_gini,0.18781249999999994
pythia-70m,0,agnews,halfA,null,size_largest_share,0.051839192708333336
pythia-70m,0,agnews,halfA,null,size_frac_small,0.01
pythia-70m,0,agnews,halfA,null,depth_median_effective_layers,4.907612929973739
pythia-70m,0,agnews,halfA,null,depth_frac_single_layer,0.09
pythia-70m,0,agnews,halfA,null,depth_mean_layer_span,4.62
pythia-70m,1,agnews,halfA,null,crisp_median_max_membership,0.51
pythia-70m,1,agnews,halfA,null,crisp_frac_confident,0.5189615885416666
pythia-70m,1,agnews,halfA,null,crisp_network_median,0.49793551136363634
pythia-70m,1,agnews,halfA,null,size_n_networks,100.0
pythia-70m,1,agnews,halfA,null,size_effective_n,90.43661397565344
pythia-70m,1,agnews,halfA,null,size_gini,0.19014973958333337
pythia-70m,1,agnews,halfA,null,size_largest_share,0.052001953125
pythia-70m,1,agnews,halfA,null,size_frac_small,0.0
pythia-70m,1,agnews,halfA,null,depth_median_effective_layers,4.918767639093634
pythia-70m,1,agnews,halfA,null,depth_frac_single_layer,0.09
pythia-70m,1,agnews,halfA,null,depth_mean_layer_span,4.62
pythia-70m,4,agnews,halfA,null,crisp_median_max_membership,0.515
pythia-70m,4,agnews,halfA,null,crisp_frac_confident,0.5352376302083334
pythia-70m,4,agnews,halfA,null,crisp_network_median,0.5048532528077982
pythia-70m,4,agnews,halfA,null,size_n_networks,100.0
pythia-70m,4,agnews,halfA,null,size_effective_n,90.96631751304794
pythia-70m,4,agnews,halfA,null,size_gini,0.18294270833333326
pythia-70m,4,agnews,halfA,null,size_largest_share,0.058512369791666664
pythia-70m,4,agnews,halfA,null,size_frac_small,0.0
pythia-70m,4,agnews,halfA,null,depth_median_effective_layers,4.923561384701101
pythia-70m,4,agnews,halfA,null,depth_frac_single_layer,0.14
pythia-70m,4,agnews,halfA,null,depth_mean_layer_span,4.41
pythia-70m,16,agnews,halfA,null,crisp_median_max_membership,0.515
pythia-70m,16,agnews,halfA,null,crisp_frac_confident,0.533935546875
pythia-70m,16,agnews,halfA,null,crisp_network_median,0.5075139888089528
pythia-70m,16,agnews,halfA,null,size_n_networks,100.0
pythia-70m,16,agnews,halfA,null,size_effective_n,89.62374284795924
pythia-70m,16,agnews,halfA,null,size_gini,0.20032226562499988
pythia-70m,16,agnews,halfA,null,size_largest_share,0.062255859375
pythia-70m,16,agnews,halfA,null,size_frac_small,0.01
pythia-70m,16,agnews,halfA,null,depth_median_effective_layers,4.911284266239303
pythia-70m,16,agnews,halfA,null,depth_frac_single_layer,0.12
pythia-70m,16,agnews,halfA,null,depth_mean_layer_span,4.52
pythia-70m,64,agnews,halfA,null,crisp_median_max_membership,0.6
pythia-70m,64,agnews,halfA,null,crisp_frac_confident,0.6895345052083334
pythia-70m,64,agnews,halfA,null,crisp_network_median,0.5989333642547929
pythia-70m,64,agnews,halfA,null,size_n_networks,100.0
pythia-70m,64,agnews,halfA,null,size_effective_n,65.01287447683849
pythia-70m,64,agnews,halfA,null,size_gini,0.47561197916666664
pythia-70m,64,agnews,halfA,null,size_largest_share,0.07902018229166667
pythia-70m,64,agnews,halfA,null,size_frac_small,0.0
pythia-70m,64,agnews,halfA,null,depth_median_effective_layers,4.49581402583482
pythia-70m,64,agnews,halfA,null,depth_frac_single_layer,0.04
pythia-70m,64,agnews,halfA,null,depth_mean_layer_span,4.14
pythia-70m,256,agnews,halfA,null,crisp_median_max_membership,0.315
pythia-70m,256,agnews,halfA,null,crisp_frac_confident,0.21883138020833334
pythia-70m,256,agnews,halfA,null,crisp_network_median,0.325187030075188
pythia-70m,256,agnews,halfA,null,size_n_networks,100.0
pythia-70m,256,agnews,halfA,null,size_effective_n,90.40703603030958
pythia-70m,256,agnews,halfA,null,size_gini,0.21752115885416656
pythia-70m,256,agnews,halfA,null,size_largest_share,0.052408854166666664
pythia-70m,256,agnews,halfA,null,size_frac_small,0.0
pythia-70m,256,agnews,halfA,null,depth_median_effective_layers,3.581983869596029
pythia-70m,256,agnews,halfA,null,depth_frac_single_layer,0.17
pythia-70m,256,agnews,halfA,null,depth_mean_layer_span,2.81
pythia-70m,1000,agnews,halfA,null,crisp_median_max_membership,0.185
pythia-70m,1000,agnews,halfA,null,crisp_frac_confident,0.11344401041666667
pythia-70m,1000,agnews,halfA,null,crisp_network_median,0.18216632160110421
pythia-70m,1000,agnews,halfA,null,size_n_networks,100.0
pythia-70m,1000,agnews,halfA,null,size_effective_n,83.05789661283035
pythia-70m,1000,agnews,halfA,null,size_gini,0.33619791666666665
pythia-70m,1000,agnews,halfA,null,size_largest_share,0.037272135416666664
pythia-70m,1000,agnews,halfA,null,size_frac_small,0.01
pythia-70m,1000,agnews,halfA,null,depth_median_effective_layers,2.944009833939367
pythia-70m,1000,agnews,halfA,null,depth_frac_single_layer,0.4
pythia-70m,1000,agnews,halfA,null,depth_mean_layer_span,2.34
pythia-70m,4000,agnews,halfA,null,crisp_median_max_membership,0.18
pythia-70m,4000,agnews,halfA,null,crisp_frac_confident,0.08382161458333333
pythia-70m,4000,agnews,halfA,null,crisp_network_median,0.18315625000000002
pythia-70m,4000,agnews,halfA,null,size_n_networks,100.0
pythia-70m,4000,agnews,halfA,null,size_effective_n,86.0783452406969
pythia-70m,4000,agnews,halfA,null,size_gini,0.3026220703125
pythia-70m,4000,agnews,halfA,null,size_largest_share,0.029459635416666668
pythia-70m,4000,agnews,halfA,null,size_frac_small,0.01
pythia-70m,4000,agnews,halfA,null,depth_median_effective_layers,4.516831547199816
pythia-70m,4000,agnews,halfA,null,depth_frac_single_layer,0.25
pythia-70m,4000,agnews,halfA,null,depth_mean_layer_span,3.46
pythia-70m,16000,agnews,halfA,null,crisp_median_max_membership,0.18
pythia-70m,16000,agnews,halfA,null,crisp_frac_confident,0.092529296875
pythia-70m,16000,agnews,halfA,null,crisp_network_median,0.22060494854721552
pythia-70m,16000,agnews,halfA,null,size_n_networks,100.0
pythia-70m,16000,agnews,halfA,null,size_effective_n,84.9469354066906
pythia-70m,16000,agnews,halfA,null,size_gini,0.3216357421875
pythia-70m,16000,agnews,halfA,null,size_largest_share,0.026774088541666668
pythia-70m,16000,agnews,halfA,null,size_frac_small,0.0
pythia-70m,16000,agnews,halfA,null,depth_median_effective_layers,4.568543674050281
pythia-70m,16000,agnews,halfA,null,depth_frac_single_layer,0.35
pythia-70m,16000,agnews,halfA,null,depth_mean_layer_span,3.17
pythia-70m,64000,agnews,halfA,null,crisp_median_max_membership,0.17
pythia-70m,64000,agnews,halfA,null,crisp_frac_confident,0.082763671875
pythia-70m,64000,agnews,halfA,null,crisp_network_median,0.2132603160667252
pythia-70m,64000,agnews,halfA,null,size_n_networks,100.0
pythia-70m,64000,agnews,halfA,null,size_effective_n,84.77626950960996
pythia-70m,64000,agnews,halfA,null,size_gini,0.32060546874999996
pythia-70m,64000,agnews,halfA,null,size_largest_share,0.028076171875
pythia-70m,64000,agnews,halfA,null,size_frac_small,0.01
pythia-70m,64000,agnews,halfA,null,depth_median_effective_layers,4.0467687018747185
pythia-70m,64000,agnews,halfA,null,depth_frac_single_layer,0.32
pythia-70m,64000,agnews,halfA,null,depth_mean_layer_span,3.09
pythia-70m,143000,agnews,halfA,null,crisp_median_max_membership,0.2
pythia-70m,143000,agnews,halfA,null,crisp_frac_confident,0.13956705729166666
pythia-70m,143000,agnews,halfA,null,crisp_network_median,0.30020833333333335
pythia-70m,143000,agnews,halfA,null,size_n_networks,100.0
pythia-70m,143000,agnews,halfA,null,size_effective_n,78.30554262117123
pythia-70m,143000,agnews,halfA,null,size_gini,0.39093261718750005
pythia-70m,143000,agnews,halfA,null,size_largest_share,0.032063802083333336
pythia-70m,143000,agnews,halfA,null,size_frac_small,0.01
pythia-70m,143000,agnews,halfA,null,depth_median_effective_layers,3.681280330062614
pythia-70m,143000,agnews,halfA,null,depth_frac_single_layer,0.36
pythia-70m,143000,agnews,halfA,null,depth_mean_layer_span,2.87
pythia-70m,0,tldr17,halfA,null,crisp_median_max_membership,0.325
pythia-70m,0,tldr17,halfA,null,crisp_frac_confident,0.16756184895833334
pythia-70m,0,tldr17,halfA,null,crisp_network_median,0.3064981425586255
pythia-70m,0,tldr17,halfA,null,size_n_networks,100.0
pythia-70m,0,tldr17,halfA,null,size_effective_n,80.32197808904101
pythia-70m,0,tldr17,halfA,null,size_gini,0.3089501953125
pythia-70m,0,tldr17,halfA,null,size_largest_share,0.07552083333333333
pythia-70m,0,tldr17,halfA,null,size_frac_small,0.06
pythia-70m,0,tldr17,halfA,null,depth_median_effective_layers,4.924465931982578
pythia-70m,0,tldr17,halfA,null,depth_frac_single_layer,0.08
pythia-70m,0,tldr17,halfA,null,depth_mean_layer_span,4.57
pythia-70m,1,tldr17,halfA,null,crisp_median_max_membership,0.325
pythia-70m,1,tldr17,halfA,null,crisp_frac_confident,0.16105143229166666
pythia-70m,1,tldr17,halfA,null,crisp_network_median,0.30752032520325207
pythia-70m,1,tldr17,halfA,null,size_n_networks,99.0
pythia-70m,1,tldr17,halfA,null,size_effective_n,80.92721297589253
pythia-70m,1,tldr17,halfA,null,size_gini,0.2968454071969697
pythia-70m,1,tldr17,halfA,null,size_largest_share,0.076416015625
pythia-70m,1,tldr17,halfA,null,size_frac_small,0.030303030303030304
pythia-70m,1,tldr17,halfA,null,depth_median_effective_layers,4.910643601568777
pythia-70m,1,tldr17,halfA,null,depth_frac_single_layer,0.0707070707070707
pythia-70m,1,tldr17,halfA,null,depth_mean_layer_span,4.616161616161616
pythia-70m,4,tldr17,halfA,null,crisp_median_max_membership,0.34
pythia-70m,4,tldr17,halfA,null,crisp_frac_confident,0.15755208333333334
pythia-70m,4,tldr17,halfA,null,crisp_network_median,0.3313735430683218
pythia-70m,4,tldr17,halfA,null,size_n_networks,100.0
pythia-70m,4,tldr17,halfA,null,size_effective_n,84.86545950862711
pythia-70m,4,tldr17,halfA,null,size_gini,0.2757096354166666
pythia-70m,4,tldr17,halfA,null,size_largest_share,0.06453450520833333
pythia-70m,4,tldr17,halfA,null,size_frac_small,0.01
pythia-70m,4,tldr17,halfA,null,depth_median_effective_layers,4.925228107106698
pythia-70m,4,tldr17,halfA,null,depth_frac_single_layer,0.18
pythia-70m,4,tldr17,halfA,null,depth_mean_layer_span,4.24
pythia-70m,16,tldr17,halfA,null,crisp_median_max_membership,0.34
pythia-70m,16,tldr17,halfA,null,crisp_frac_confident,0.16642252604166666
pythia-70m,16,tldr17,halfA,null,crisp_network_median,0.322659115920763
pythia-70m,16,tldr17,halfA,null,size_n_networks,100.0
pythia-70m,16,tldr17,halfA,null,size_effective_n,83.99217802350653
pythia-70m,16,tldr17,halfA,null,size_gini,0.2824837239583333
pythia-70m,16,tldr17,halfA,null,size_largest_share,0.06803385416666667
pythia-70m,16,tldr17,halfA,null,size_frac_small,0.02
pythia-70m,16,tldr17,halfA,null,depth_median_effective_layers,4.913483180524318
pythia-70m,16,tldr17,halfA,null,depth_frac_single_layer,0.13
pythia-70m,16,tldr17,halfA,null,depth_mean_layer_span,4.4
pythia-70m,64,tldr17,halfA,null,crisp_median_max_membership,0.72
pythia-70m,64,tldr17,halfA,null,crisp_frac_confident,0.798095703125
pythia-70m,64,tldr17,halfA,null,crisp_network_median,0.8479577464788735
pythia-70m,64,tldr17,halfA,null,size_n_networks,99.0
pythia-70m,64,tldr17,halfA,null,size_effective_n,45.4803693673763
pythia-70m,64,tldr17,halfA,null,size_gini,0.5399354876893938
pythia-70m,64,tldr17,halfA,null,size_largest_share,0.16666666666666666
pythia-70m,64,tldr17,halfA,null,size_frac_small,0.020202020202020204
pythia-70m,64,tldr17,halfA,null,depth_median_effective_layers,4.63398622572547
pythia-70m,64,tldr17,halfA,null,depth_frac_single_layer,0.020202020202020204
pythia-70m,64,tldr17,halfA,null,depth_mean_layer_span,4.3232323232323235
pythia-70m,256,tldr17,halfA,null,crisp_median_max_membership,0.58
pythia-70m,256,tldr17,halfA,null,crisp_frac_confident,0.5809733072916666
pythia-70m,256,tldr17,halfA,null,crisp_network_median,0.7880262474012474
pythia-70m,256,tldr17,halfA,null,size_n_networks,100.0
pythia-70m,256,tldr17,halfA,null,size_effective_n,55.88710205399376
pythia-70m,256,tldr17,halfA,null,size_gini,0.47960286458333323
pythia-70m,256,tldr17,halfA,null,size_largest_share,0.12776692708333334
pythia-70m,256,tldr17,halfA,null,size_frac_small,0.0
pythia-70m,256,tldr17,halfA,null,depth_median_effective_layers,4.852687563337864
pythia-70m,256,tldr17,halfA,null,depth_frac_single_layer,0.02
pythia-70m,256,tldr17,halfA,null,depth_mean_layer_span,4.72
pythia-70m,1000,tldr17,halfA,null,crisp_median_max_membership,0.495
pythia-70m,1000,tldr17,halfA,null,crisp_frac_confident,0.4893391927083333
pythia-70m,1000,tldr17,halfA,null,crisp_network_median,0.6153748733535968
pythia-70m,1000,tldr17,halfA,null,size_n_networks,100.0
pythia-70m,1000,tldr17,halfA,null,size_effective_n,69.75209807699093
pythia-70m,1000,tldr17,halfA,null,size_gini,0.4369514973958333
pythia-70m,1000,tldr17,halfA,null,size_largest_share,0.056803385416666664
pythia-70m,1000,tldr17,halfA,null,size_frac_small,0.0
pythia-70m,1000,tldr17,halfA,null,depth_median_effective_layers,4.571574818474121
pythia-70m,1000,tldr17,halfA,null,depth_frac_single_layer,0.05
pythia-70m,1000,tldr17,halfA,null,depth_mean_layer_span,4.2
pythia-70m,4000,tldr17,halfA,null,crisp_median_max_membership,0.42
pythia-70m,4000,tldr17,halfA,null,crisp_frac_confident,0.3881022135416667
pythia-70m,4000,tldr17,halfA,null,crisp_network_median,0.3914898459383753
pythia-70m,4000,tldr17,halfA,null,size_n_networks,100.0
pythia-70m,4000,tldr17,halfA,null,size_effective_n,72.5556216911392
pythia-70m,4000,tldr17,halfA,null,size_gini,0.4393212890625
pythia-70m,4000,tldr17,halfA,null,size_largest_share,0.048746744791666664
pythia-70m,4000,tldr17,halfA,null,size_frac_small,0.0
pythia-70m,4000,tldr17,halfA,null,depth_median_effective_layers,4.269204668008589
pythia-70m,4000,tldr17,halfA,null,depth_frac_single_layer,0.07
pythia-70m,4000,tldr17,halfA,null,depth_mean_layer_span,3.47
pythia-70m,16000,tldr17,halfA,null,crisp_median_max_membership,0.4
pythia-70m,16000,tldr17,halfA,null,crisp_frac_confident,0.358642578125
pythia-70m,16000,tldr17,halfA,null,crisp_network_median,0.352844712539369
pythia-70m,16000,tldr17,halfA,null,size_n_networks,100.0
pythia-70m,16000,tldr17,halfA,null,size_effective_n,74.31059000567586
pythia-70m,16000,tldr17,halfA,null,size_gini,0.40691894531249995
pythia-70m,16000,tldr17,halfA,null,size_largest_share,0.061360677083333336
pythia-70m,16000,tldr17,halfA,null,size_frac_small,0.0
pythia-70m,16000,tldr17,halfA,null,depth_median_effective_layers,4.575479448348219
pythia-70m,16000,tldr17,halfA,null,depth_frac_single_layer,0.17
pythia-70m,16000,tldr17,halfA,null,depth_mean_layer_span,3.58
pythia-70m,64000,tldr17,halfA,null,crisp_median_max_membership,0.39
pythia-70m,64000,tldr17,halfA,null,crisp_frac_confident,0.3392740885416667
pythia-70m,64000,tldr17,halfA,null,crisp_network_median,0.3171633169264424
pythia-70m,64000,tldr17,halfA,null,size_n_networks,100.0
pythia-70m,64000,tldr17,halfA,null,size_effective_n,69.9655822759446
pythia-70m,64000,tldr17,halfA,null,size_gini,0.4473535156249999
pythia-70m,64000,tldr17,halfA,null,size_largest_share,0.06982421875
pythia-70m,64000,tldr17,halfA,null,size_frac_small,0.0
pythia-70m,64000,tldr17,halfA,null,depth_median_effective_layers,4.401053656749656
pythia-70m,64000,tldr17,halfA,null,depth_frac_single_layer,0.19
pythia-70m,64000,tldr17,halfA,null,depth_mean_layer_span,3.36
pythia-70m,143000,tldr17,halfA,null,crisp_median_max_membership,0.39
pythia-70m,143000,tldr17,halfA,null,crisp_frac_confident,0.34521484375
pythia-70m,143000,tldr17,halfA,null,crisp_network_median,0.33453860569715144
pythia-70m,143000,tldr17,halfA,null,size_n_networks,100.0
pythia-70m,143000,tldr17,halfA,null,size_effective_n,73.8623389053986
pythia-70m,143000,tldr17,halfA,null,size_gini,0.4078710937500001
pythia-70m,143000,tldr17,halfA,null,size_largest_share,0.06673177083333333
pythia-70m,143000,tldr17,halfA,null,size_frac_small,0.0
pythia-70m,143000,tldr17,halfA,null,depth_median_effective_layers,4.1871282763534845
pythia-70m,143000,tldr17,halfA,null,depth_frac_single_layer,0.16
pythia-70m,143000,tldr17,halfA,null,depth_mean_layer_span,3.44
pythia-70m,0,wikitext,halfB,null,crisp_median_max_membership,0.415
pythia-70m,0,wikitext,halfB,null,crisp_frac_confident,0.25390625
pythia-70m,0,wikitext,halfB,null,crisp_network_median,0.4000800369092513
pythia-70m,0,wikitext,halfB,null,size_n_networks,100.0
pythia-70m,0,wikitext,halfB,null,size_effective_n,89.67606781313393
pythia-70m,0,wikitext,halfB,null,size_gini,0.2086751302083334
pythia-70m,0,wikitext,halfB,null,size_largest_share,0.050048828125
pythia-70m,0,wikitext,halfB,null,size_frac_small,0.0
pythia-70m,0,wikitext,halfB,null,depth_median_effective_layers,4.913437691584853
pythia-70m,0,wikitext,halfB,null,depth_frac_single_layer,0.09
pythia-70m,0,wikitext,halfB,null,depth_mean_layer_span,4.64
pythia-70m,1,wikitext,halfB,null,crisp_median_max_membership,0.415
pythia-70m,1,wikitext,halfB,null,crisp_frac_confident,0.24820963541666666
pythia-70m,1,wikitext,halfB,null,crisp_network_median,0.4024255264509502
pythia-70m,1,wikitext,halfB,null,size_n_networks,100.0
pythia-70m,1,wikitext,halfB,null,size_effective_n,90.59004213328805
pythia-70m,1,wikitext,halfB,null,size_gini,0.19184407552083327
pythia-70m,1,wikitext,halfB,null,size_largest_share,0.045654296875
pythia-70m,1,wikitext,halfB,null,size_frac_small,0.0
pythia-70m,1,wikitext,halfB,null,depth_median_effective_layers,4.91540566189351
pythia-70m,1,wikitext,halfB,null,depth_frac_single_layer,0.08
pythia-70m,1,wikitext,halfB,null,depth_mean_layer_span,4.66
pythia-70m,4,wikitext,halfB,null,crisp_median_max_membership,0.43
pythia-70m,4,wikitext,halfB,null,crisp_frac_confident,0.2918294270833333
pythia-70m,4,wikitext,halfB,null,crisp_network_median,0.4259909909909909
pythia-70m,4,wikitext,halfB,null,size_n_networks,99.0
pythia-70m,4,wikitext,halfB,null,size_effective_n,89.25895854688189
pythia-70m,4,wikitext,halfB,null,size_gini,0.2008479982112794
pythia-70m,4,wikitext,halfB,null,size_largest_share,0.06298828125
pythia-70m,4,wikitext,halfB,null,size_frac_small,0.0
pythia-70m,4,wikitext,halfB,null,depth_median_effective_layers,4.916284213437684
pythia-70m,4,wikitext,halfB,null,depth_frac_single_layer,0.16161616161616163
pythia-70m,4,wikitext,halfB,null,depth_mean_layer_span,4.343434343434343
pythia-70m,16,wikitext,halfB,null,crisp_median_max_membership,0.435
pythia-70m,16,wikitext,halfB,null,crisp_frac_confident,0.3053385416666667
pythia-70m,16,wikitext,halfB,null,crisp_network_median,0.42283505154639167
pythia-70m,16,wikitext,halfB,null,size_n_networks,99.0
pythia-70m,16,wikitext,halfB,null,size_effective_n,86.7940620525637
pythia-70m,16,wikitext,halfB,null,size_gini,0.21032427135942755
pythia-70m,16,wikitext,halfB,null,size_largest_share,0.072021484375
pythia-70m,16,wikitext,halfB,null,size_frac_small,0.010101010101010102
pythia-70m,16,wikitext,halfB,null,depth_median_effective_layers,4.917026417464173
pythia-70m,16,wikitext,halfB,null,depth_frac_single_layer,0.1414141414141414
pythia-70m,16,wikitext,halfB,null,depth_mean_layer_span,4.424242424242424
pythia-70m,64,wikitext,halfB,null,crisp_median_max_membership,0.56
pythia-70m,64,wikitext,halfB,null,crisp_frac_confident,0.6204427083333334
pythia-70m,64,wikitext,halfB,null,crisp_network_median,0.5634403740036789
pythia-70m,64,wikitext,halfB,null,size_n_networks,100.0
pythia-70m,64,wikitext,halfB,null,size_effective_n,70.01139064733198
pythia-70m,64,wikitext,halfB,null,size_gini,0.4464680989583334
pythia-70m,64,wikitext,halfB,null,size_largest_share,0.07462565104166667
pythia-70m,64,wikitext,halfB,null,size_frac_small,0.02
pythia-70m,64,wikitext,halfB,null,depth_median_effective_layers,4.354244534352365
pythia-70m,64,wikitext,halfB,null,depth_frac_single_layer,0.09
pythia-70m,64,wikitext,halfB,null,depth_mean_layer_span,3.98
pythia-70m,256,wikitext,halfB,null,crisp_median_max_membership,0.525
pythia-70m,256,wikitext,halfB,null,crisp_frac_confident,0.537109375
pythia-70m,256,wikitext,halfB,null,crisp_network_median,0.6591527777777777
pythia-70m,256,wikitext,halfB,null,size_n_networks,100.0
pythia-70m,256,wikitext,halfB,null,size_effective_n,60.14063453746165
pythia-70m,256,wikitext,halfB,null,size_gini,0.5191194661458334
pythia-70m,256,wikitext,halfB,null,size_largest_share,0.07063802083333333
pythia-70m,256,wikitext,halfB,null,size_frac_small,0.0
pythia-70m,256,wikitext,halfB,null,depth_median_effective_layers,4.661972438422227
pythia-70m,256,wikitext,halfB,null,depth_frac_single_layer,0.07
pythia-70m,256,wikitext,halfB,null,depth_mean_layer_span,4.23
pythia-70m,1000,wikitext,halfB,null,crisp_median_max_membership,0.195
pythia-70m,1000,wikitext,halfB,null,crisp_frac_confident,0.11124674479166667
pythia-70m,1000,wikitext,halfB,null,crisp_network_median,0.19335217226572365
pythia-70m,1000,wikitext,halfB,null,size_n_networks,100.0
pythia-70m,1000,wikitext,halfB,null,size_effective_n,83.79214806037645
pythia-70m,1000,wikitext,halfB,null,size_gini,0.3265625000000001
pythia-70m,1000,wikitext,halfB,null,size_largest_share,0.03466796875
pythia-70m,1000,wikitext,halfB,null,size_frac_small,0.0
pythia-70m,1000,wikitext,halfB,null,depth_median_effective_layers,3.3931301976502386
pythia-70m,1000,wikitext,halfB,null,depth_frac_single_layer,0.3
pythia-70m,1000,wikitext,halfB,null,depth_mean_layer_span,2.65
pythia-70m,4000,wikitext,halfB,null,crisp_median_max_membership,0.345
pythia-70m,4000,wikitext,halfB,null,crisp_frac_confident,0.2373046875
pythia-70m,4000,wikitext,halfB,null,crisp_network_median,0.3087459415584416
pythia-70m,4000,wikitext,halfB,null,size_n_networks,100.0
pythia-70m,4000,wikitext,halfB,null,size_effective_n,83.12203762703832
pythia-70m,4000,wikitext,halfB,null,size_gini,0.33605631510416667
pythia-70m,4000,wikitext,halfB,null,size_largest_share,0.038411458333333336
pythia-70m,4000,wikitext,halfB,null,size_frac_small,0.0
pythia-70m,4000,wikitext,halfB,null,depth_median_effective_layers,4.4888291450427165
pythia-70m,4000,wikitext,halfB,null,depth_frac_single_layer,0.1
pythia-70m,4000,wikitext,halfB,null,depth_mean_layer_span,3.56
pythia-70m,16000,wikitext,halfB,null,crisp_median_max_membership,0.375
pythia-70m,16000,wikitext,halfB,null,crisp_frac_confident,0.3193359375
pythia-70m,16000,wikitext,halfB,null,crisp_network_median,0.3103992504409171
pythia-70m,16000,wikitext,halfB,null,size_n_networks,100.0
pythia-70m,16000,wikitext,halfB,null,size_effective_n,76.74212890735252
pythia-70m,16000,wikitext,halfB,null,size_gini,0.38787109375000006
pythia-70m,16000,wikitext,halfB,null,size_largest_share,0.059733072916666664
pythia-70m,16000,wikitext,halfB,null,size_frac_small,0.01
pythia-70m,16000,wikitext,halfB,null,depth_median_effective_layers,4.509996854848957
pythia-70m,16000,wikitext,halfB,null,depth_frac_single_layer,0.2
pythia-70m,16000,wikitext,halfB,null,depth_mean_layer_span,3.5
pythia-70m,64000,wikitext,halfB,null,crisp_median_max_membership,0.335
pythia-70m,64000,wikitext,halfB,null,crisp_frac_confident,0.2513834635416667
pythia-70m,64000,wikitext,halfB,null,crisp_network_median,0.286568927417984
pythia-70m,64000,wikitext,halfB,null,size_n_networks,100.0
pythia-70m,64000,wikitext,halfB,null,size_effective_n,78.88693942358715
pythia-70m,64000,wikitext,halfB,null,size_gini,0.36493977864583327
pythia-70m,64000,wikitext,halfB,null,size_largest_share,0.06510416666666667
pythia-70m,64000,wikitext,halfB,null,size_frac_small,0.0
pythia-70m,64000,wikitext,halfB,null,depth_median_effective_layers,4.442158244546288
pythia-70m,64000,wikitext,halfB,null,depth_frac_single_layer,0.16
pythia-70m,64000,wikitext,halfB,null,depth_mean_layer_span,3.52
pythia-70m,143000,wikitext,halfB,null,crisp_median_max_membership,0.315
pythia-70m,143000,wikitext,halfB,null,crisp_frac_confident,0.23429361979166666
pythia-70m,143000,wikitext,halfB,null,crisp_network_median,0.2934886587771203
pythia-70m,143000,wikitext,halfB,null,size_n_networks,100.0
pythia-70m,143000,wikitext,halfB,null,size_effective_n,78.85541694764692
pythia-70m,143000,wikitext,halfB,null,size_gini,0.3611962890625
pythia-70m,143000,wikitext,halfB,null,size_largest_share,0.06795247395833333
pythia-70m,143000,wikitext,halfB,null,size_frac_small,0.01
pythia-70m,143000,wikitext,halfB,null,depth_median_effective_layers,4.265723437998268
pythia-70m,143000,wikitext,halfB,null,depth_frac_single_layer,0.2
pythia-70m,143000,wikitext,halfB,null,depth_mean_layer_span,3.47
pythia-70m,0,bookcorpus,halfB,null,crisp_median_max_membership,0.555
pythia-70m,0,bookcorpus,halfB,null,crisp_frac_confident,0.6172688802083334
pythia-70m,0,bookcorpus,halfB,null,crisp_network_median,0.5452073324905184
pythia-70m,0,bookcorpus,halfB,null,size_n_networks,100.0
pythia-70m,0,bookcorpus,halfB,null,size_effective_n,86.36429274545087
pythia-70m,0,bookcorpus,halfB,null,size_gini,0.22468587239583337
pythia-70m,0,bookcorpus,halfB,null,size_largest_share,0.05712890625
pythia-70m,0,bookcorpus,halfB,null,size_frac_small,0.0
pythia-70m,0,bookcorpus,halfB,null,depth_median_effective_layers,4.922869277741206
pythia-70m,0,bookcorpus,halfB,null,depth_frac_single_layer,0.04
pythia-70m,0,bookcorpus,halfB,null,depth_mean_layer_span,4.82
pythia-70m,1,bookcorpus,halfB,null,crisp_median_max_membership,0.55
pythia-70m,1,bookcorpus,halfB,null,crisp_frac_confident,0.6187337239583334
pythia-70m,1,bookcorpus,halfB,null,crisp_network_median,0.5467593022356309
pythia-70m,1,bookcorpus,halfB,null,size_n_networks,100.0
pythia-70m,1,bookcorpus,halfB,null,size_effective_n,86.83277218743427
pythia-70m,1,bookcorpus,halfB,null,size_gini,0.2193701171875
pythia-70m,1,bookcorpus,halfB,null,size_largest_share,0.057535807291666664
pythia-70m,1,bookcorpus,halfB,null,size_frac_small,0.0
pythia-70m,1,bookcorpus,halfB,null,depth_median_effective_layers,4.936774728923192
pythia-70m,1,bookcorpus,halfB,null,depth_frac_single_layer,0.04
pythia-70m,1,bookcorpus,halfB,null,depth_mean_layer_span,4.81
pythia-70m,4,bookcorpus,halfB,null,crisp_median_max_membership,0.555
pythia-70m,4,bookcorpus,halfB,null,crisp_frac_confident,0.6200358072916666
pythia-70m,4,bookcorpus,halfB,null,crisp_network_median,0.5479139610389611
pythia-70m,4,bookcorpus,halfB,null,size_n_networks,100.0
pythia-70m,4,bookcorpus,halfB,null,size_effective_n,89.98934778997166
pythia-70m,4,bookcorpus,halfB,null,size_gini,0.19257486979166671
pythia-70m,4,bookcorpus,halfB,null,size_largest_share,0.054768880208333336
pythia-70m,4,bookcorpus,halfB,null,size_frac_small,0.0
pythia-70m,4,bookcorpus,halfB,null,depth_median_effective_layers,4.925192942608869
pythia-70m,4,bookcorpus,halfB,null,depth_frac_single_layer,0.07
pythia-70m,4,bookcorpus,halfB,null,depth_mean_layer_span,4.71
pythia-70m,16,bookcorpus,halfB,null,crisp_median_max_membership,0.565
pythia-70m,16,bookcorpus,halfB,null,crisp_frac_confident,0.639404296875
pythia-70m,16,bookcorpus,halfB,null,crisp_network_median,0.5423979591836735
pythia-70m,16,bookcorpus,halfB,null,size_n_networks,99.0
pythia-70m,16,bookcorpus,halfB,null,size_effective_n,82.91635553315638
pythia-70m,16,bookcorpus,halfB,null,size_gini,0.22856330229377098
pythia-70m,16,bookcorpus,halfB,null,size_largest_share,0.078369140625
pythia-70m,16,bookcorpus,halfB,null,size_frac_small,0.0
pythia-70m,16,bookcorpus,halfB,null,depth_median_effective_layers,4.911020929362729
pythia-70m,16,bookcorpus,halfB,null,depth_frac_single_layer,0.04040404040404041
pythia-70m,16,bookcorpus,halfB,null,depth_mean_layer_span,4.838383838383838
pythia-70m,64,bookcorpus,halfB,null,crisp_median_max_membership,0.59
pythia-70m,64,bookcorpus,halfB,null,crisp_frac_confident,0.6836751302083334
pythia-70m,64,bookcorpus,halfB,null,crisp_network_median,0.5717717821782179
pythia-70m,64,bookcorpus,halfB,null,size_n_networks,100.0
pythia-70m,64,bookcorpus,halfB,null,size_effective_n,75.65279436633207
pythia-70m,64,bookcorpus,halfB,null,size_gini,0.32617350260416655
pythia-70m,64,bookcorpus,halfB,null,size_largest_share,0.08601888020833333
pythia-70m,64,bookcorpus,halfB,null,size_frac_small,0.01
pythia-70m,64,bookcorpus,halfB,null,depth_median_effective_layers,4.909887032336492
pythia-70m,64,bookcorpus,halfB,null,depth_frac_single_layer,0.03
pythia-70m,64,bookcorpus,halfB,null,depth_mean_layer_span,4.55
pythia-70m,256,bookcorpus,halfB,null,crisp_median_max_membership,0.515
pythia-70m,256,bookcorpus,halfB,null,crisp_frac_confident,0.53857421875
pythia-70m,256,bookcorpus,halfB,null,crisp_network_median,0.5070306725794531
pythia-70m,256,bookcorpus,halfB,null,size_n_networks,100.0
pythia-70m,256,bookcorpus,halfB,null,size_effective_n,84.05723032055026
pythia-70m,256,bookcorpus,halfB,null,size_gini,0.2625830078125
pythia-70m,256,bookcorpus,halfB,null,size_largest_share,0.055013020833333336
pythia-70m,256,bookcorpus,halfB,null,size_frac_small,0.02
pythia-70m,256,bookcorpus,halfB,null,depth_median_effective_layers,4.8813091082933635
pythia-70m,256,bookcorpus,halfB,null,depth_frac_single_layer,0.1
pythia-70m,256,bookcorpus,halfB,null,depth_mean_layer_span,4.38
pythia-70m,1000,bookcorpus,halfB,null,crisp_median_max_membership,0.25
pythia-70m,1000,bookcorpus,halfB,null,crisp_frac_confident,0.23543294270833334
pythia-70m,1000,bookcorpus,halfB,null,crisp_network_median,0.2662280701754386
pythia-70m,1000,bookcorpus,halfB,null,size_n_networks,100.0
pythia-70m,1000,bookcorpus,halfB,null,size_effective_n,80.04648052478626
pythia-70m,1000,bookcorpus,halfB,null,size_gini,0.35869628906250006
pythia-70m,1000,bookcorpus,halfB,null,size_largest_share,0.049886067708333336
pythia-70m,1000,bookcorpus,halfB,null,size_frac_small,0.01
pythia-70m,1000,bookcorpus,halfB,null,depth_median_effective_layers,2.9787403284032283
pythia-70m,1000,bookcorpus,halfB,null,depth_frac_single_layer,0.44
pythia-70m,1000,bookcorpus,halfB,null,depth_mean_layer_span,2.22
pythia-70m,4000,bookcorpus,halfB,null,crisp_median_max_membership,0.155
pythia-70m,4000,bookcorpus,halfB,null,crisp_frac_confident,0.056559244791666664
pythia-70m,4000,bookcorpus,halfB,null,crisp_network_median,0.17327635510029876
pythia-70m,4000,bookcorpus,halfB,null,size_n_networks,100.0
pythia-70m,4000,bookcorpus,halfB,null,size_effective_n,89.44179827295996
pythia-70m,4000,bookcorpus,halfB,null,size_gini,0.2581412760416666
pythia-70m,4000,bookcorpus,halfB,null,size_largest_share,0.021728515625
pythia-70m,4000,bookcorpus,halfB,null,size_frac_small,0.01
pythia-70m,4000,bookcorpus,halfB,null,depth_median_effective_layers,4.29173343743967
pythia-70m,4000,bookcorpus,halfB,null,depth_frac_single_layer,0.31
pythia-70m,4000,bookcorpus,halfB,null,depth_mean_layer_span,3.13
pythia-70m,16000,bookcorpus,halfB,null,crisp_median_max_membership,0.165
pythia-70m,16000,bookcorpus,halfB,null,crisp_frac_confident,0.07478841145833333
pythia-70m,16000,bookcorpus,halfB,null,crisp_network_median,0.2890520833333334
pythia-70m,16000,bookcorpus,halfB,null,size_n_networks,100.0
pythia-70m,16000,bookcorpus,halfB,null,size_effective_n,79.50488553578855
pythia-70m,16000,bookcorpus,halfB,null,size_gini,0.3725732421875001
pythia-70m,16000,bookcorpus,halfB,null,size_largest_share,0.034830729166666664
pythia-70m,16000,bookcorpus,halfB,null,size_frac_small,0.01
pythia-70m,16000,bookcorpus,halfB,null,depth_median_effective_layers,2.690838310810995
pythia-70m,16000,bookcorpus,halfB,null,depth_frac_single_layer,0.45
pythia-70m,16000,bookcorpus,halfB,null,depth_mean_layer_span,2.68
pythia-70m,64000,bookcorpus,halfB,null,crisp_median_max_membership,0.455
pythia-70m,64000,bookcorpus,halfB,null,crisp_frac_confident,0.42236328125
pythia-70m,64000,bookcorpus,halfB,null,crisp_network_median,0.4897053152246815
pythia-70m,64000,bookcorpus,halfB,null,size_n_networks,100.0
pythia-70m,64000,bookcorpus,halfB,null,size_effective_n,67.12866930082834
pythia-70m,64000,bookcorpus,halfB,null,size_gini,0.4896663411458333
pythia-70m,64000,bookcorpus,halfB,null,size_largest_share,0.047607421875
pythia-70m,64000,bookcorpus,halfB,null,size_frac_small,0.08
pythia-70m,64000,bookcorpus,halfB,null,depth_median_effective_layers,2.3860702920543675
pythia-70m,64000,bookcorpus,halfB,null,depth_frac_single_layer,0.29
pythia-70m,64000,bookcorpus,halfB,null,depth_mean_layer_span,2.68
pythia-70m,143000,bookcorpus,halfB,null,crisp_median_max_membership,0.205
pythia-70m,143000,bookcorpus,halfB,null,crisp_frac_confident,0.10831705729166667
pythia-70m,143000,bookcorpus,halfB,null,crisp_network_median,0.33499904232905575
pythia-70m,143000,bookcorpus,halfB,null,size_n_networks,100.0
pythia-70m,143000,bookcorpus,halfB,null,size_effective_n,73.84317292543597
pythia-70m,143000,bookcorpus,halfB,null,size_gini,0.4302099609375001
pythia-70m,143000,bookcorpus,halfB,null,size_largest_share,0.031005859375
pythia-70m,143000,bookcorpus,halfB,null,size_frac_small,0.02
pythia-70m,143000,bookcorpus,halfB,null,depth_median_effective_layers,2.683942448456113
pythia-70m,143000,bookcorpus,halfB,null,depth_frac_single_layer,0.43
pythia-70m,143000,bookcorpus,halfB,null,depth_mean_layer_span,2.64
pythia-70m,0,agnews,halfB,null,crisp_median_max_membership,0.51
pythia-70m,0,agnews,halfB,null,crisp_frac_confident,0.5161946614583334
pythia-70m,0,agnews,halfB,null,crisp_network_median,0.5066626506024097
pythia-70m,0,agnews,halfB,null,size_n_networks,100.0
pythia-70m,0,agnews,halfB,null,size_effective_n,88.46205862959553
pythia-70m,0,agnews,halfB,null,size_gini,0.1997542317708334
pythia-70m,0,agnews,halfB,null,size_largest_share,0.0751953125
pythia-70m,0,agnews,halfB,null,size_frac_small,0.0
pythia-70m,0,agnews,halfB,null,depth_median_effective_layers,4.926395713061499
pythia-70m,0,agnews,halfB,null,depth_frac_single_layer,0.1
pythia-70m,0,agnews,halfB,null,depth_mean_layer_span,4.58
pythia-70m,1,agnews,halfB,null,crisp_median_max_membership,0.51
pythia-70m,1,agnews,halfB,null,crisp_frac_confident,0.5247395833333334
pythia-70m,1,agnews,halfB,null,crisp_network_median,0.508856981981982
pythia-70m,1,agnews,halfB,null,size_n_networks,100.0
pythia-70m,1,agnews,halfB,null,size_effective_n,88.28018139291171
pythia-70m,1,agnews,halfB,null,size_gini,0.19805175781250006
pythia-70m,1,agnews,halfB,null,size_largest_share,0.07722981770833333
pythia-70m,1,agnews,halfB,null,size_frac_small,0.0
pythia-70m,1,agnews,halfB,null,depth_median_effective_layers,4.918832574057431
pythia-70m,1,agnews,halfB,null,depth_frac_single_layer,0.1
pythia-70m,1,agnews,halfB,null,depth_mean_layer_span,4.59
pythia-70m,4,agnews,halfB,null,crisp_median_max_membership,0.53
pythia-70m,4,agnews,halfB,null,crisp_frac_confident,0.562255859375
pythia-70m,4,agnews,halfB,null,crisp_network_median,0.5283495670995672
pythia-70m,4,agnews,halfB,null,size_n_networks,100.0
pythia-70m,4,agnews,halfB,null,size_effective_n,88.66973279701935
pythia-70m,4,agnews,halfB,null,size_gini,0.21059895833333342
pythia-70m,4,agnews,halfB,null,size_largest_share,0.06306966145833333
pythia-70m,4,agnews,halfB,null,size_frac_small,0.01
pythia-70m,4,agnews,halfB,null,depth_median_effective_layers,4.9228386107762905
pythia-70m,4,agnews,halfB,null,depth_frac_single_layer,0.16
pythia-70m,4,agnews,halfB,null,depth_mean_layer_span,4.32
pythia-70m,16,agnews,halfB,null,crisp_median_max_membership,0.52
pythia-70m,16,agnews,halfB,null,crisp_frac_confident,0.54833984375
pythia-70m,16,agnews,halfB,null,crisp_network_median,0.5180251282051282
pythia-70m,16,agnews,halfB,null,size_n_networks,100.0
pythia-70m,16,agnews,halfB,null,size_effective_n,90.48753826938753
pythia-70m,16,agnews,halfB,null,size_gini,0.16279296875000004
pythia-70m,16,agnews,halfB,null,size_largest_share,0.07120768229166667
pythia-70m,16,agnews,halfB,null,size_frac_small,0.0
pythia-70m,16,agnews,halfB,null,depth_median_effective_layers,4.9341238369613
pythia-70m,16,agnews,halfB,null,depth_frac_single_layer,0.13
pythia-70m,16,agnews,halfB,null,depth_mean_layer_span,4.48
pythia-70m,64,agnews,halfB,null,crisp_median_max_membership,0.62
pythia-70m,64,agnews,halfB,null,crisp_frac_confident,0.70556640625
pythia-70m,64,agnews,halfB,null,crisp_network_median,0.5957339134697879
pythia-70m,64,agnews,halfB,null,size_n_networks,100.0
pythia-70m,64,agnews,halfB,null,size_effective_n,67.42841557435622
pythia-70m,64,agnews,halfB,null,size_gini,0.44241861979166663
pythia-70m,64,agnews,halfB,null,size_largest_share,0.10123697916666667
pythia-70m,64,agnews,halfB,null,size_frac_small,0.01
pythia-70m,64,agnews,halfB,null,depth_median_effective_layers,4.522568100489913
pythia-70m,64,agnews,halfB,null,depth_frac_single_layer,0.04
pythia-70m,64,agnews,halfB,null,depth_mean_layer_span,4.15
pythia-70m,256,agnews,halfB,null,crisp_median_max_membership,0.33
pythia-70m,256,agnews,halfB,null,crisp_frac_confident,0.22517903645833334
pythia-70m,256,agnews,halfB,null,crisp_network_median,0.3497201492537314
pythia-70m,256,agnews,halfB,null,size_n_networks,100.0
pythia-70m,256,agnews,halfB,null,size_effective_n,91.16321373101293
pythia-70m,256,agnews,halfB,null,size_gini,0.21832194010416672
pythia-70m,256,agnews,halfB,null,size_largest_share,0.043294270833333336
pythia-70m,256,agnews,halfB,null,size_frac_small,0.0
pythia-70m,256,agnews,halfB,null,depth_median_effective_layers,3.451877820458713
pythia-70m,256,agnews,halfB,null,depth_frac_single_layer,0.18
pythia-70m,256,agnews,halfB,null,depth_mean_layer_span,2.75
pythia-70m,1000,agnews,halfB,null,crisp_median_max_membership,0.185
pythia-70m,1000,agnews,halfB,null,crisp_frac_confident,0.124267578125
pythia-70m,1000,agnews,halfB,null,crisp_network_median,0.18707142857142858
pythia-70m,1000,agnews,halfB,null,size_n_networks,99.0
pythia-70m,1000,agnews,halfB,null,size_effective_n,82.76506649674045
pythia-70m,1000,agnews,halfB,null,size_gini,0.3259104719065655
pythia-70m,1000,agnews,halfB,null,size_largest_share,0.04052734375
pythia-70m,1000,agnews,halfB,null,size_frac_small,0.020202020202020204
pythia-70m,1000,agnews,halfB,null,depth_median_effective_layers,2.9988903263887035
pythia-70m,1000,agnews,halfB,null,depth_frac_single_layer,0.3939393939393939
pythia-70m,1000,agnews,halfB,null,depth_mean_layer_span,2.393939393939394
pythia-70m,4000,agnews,halfB,null,crisp_median_max_membership,0.18
pythia-70m,4000,agnews,halfB,null,crisp_frac_confident,0.083740234375
pythia-70m,4000,agnews,halfB,null,crisp_network_median,0.19763781223083546
pythia-70m,4000,agnews,halfB,null,size_n_networks,100.0
pythia-70m,4000,agnews,halfB,null,size_effective_n,85.79581263634942
pythia-70m,4000,agnews,halfB,null,size_gini,0.3069612630208334
pythia-70m,4000,agnews,halfB,null,size_largest_share,0.0302734375
pythia-70m,4000,agnews,halfB,null,size_frac_small,0.0
pythia-70m,4000,agnews,halfB,null,depth_median_effective_layers,4.53577976661246
pythia-70m,4000,agnews,halfB,null,depth_frac_single_layer,0.25
pythia-70m,4000,agnews,halfB,null,depth_mean_layer_span,3.4
pythia-70m,16000,agnews,halfB,null,crisp_median_max_membership,0.18
pythia-70m,16000,agnews,halfB,null,crisp_frac_confident,0.11368815104166667
pythia-70m,16000,agnews,halfB,null,crisp_network_median,0.230797193877551
pythia-70m,16000,agnews,halfB,null,size_n_networks,100.0
pythia-70m,16000,agnews,halfB,null,size_effective_n,80.82208159578661
pythia-70m,16000,agnews,halfB,null,size_gini,0.35748046874999995
pythia-70m,16000,agnews,halfB,null,size_largest_share,0.034912109375
pythia-70m,16000,agnews,halfB,null,size_frac_small,0.02
pythia-70m,16000,agnews,halfB,null,depth_median_effective_layers,4.520214834243394
pythia-70m,16000,agnews,halfB,null,depth_frac_single_layer,0.36
pythia-70m,16000,agnews,halfB,null,depth_mean_layer_span,3.23
pythia-70m,64000,agnews,halfB,null,crisp_median_max_membership,0.175
pythia-70m,64000,agnews,halfB,null,crisp_frac_confident,0.09586588541666667
pythia-70m,64000,agnews,halfB,null,crisp_network_median,0.20871005639097745
pythia-70m,64000,agnews,halfB,null,size_n_networks,100.0
pythia-70m,64000,agnews,halfB,null,size_effective_n,83.76341328706076
pythia-70m,64000,agnews,halfB,null,size_gini,0.331787109375
pythia-70m,64000,agnews,halfB,null,size_largest_share,0.034993489583333336
pythia-70m,64000,agnews,halfB,null,size_frac_small,0.0
pythia-70m,64000,agnews,halfB,null,depth_median_effective_layers,4.0854464767013035
pythia-70m,64000,agnews,halfB,null,depth_frac_single_layer,0.33
pythia-70m,64000,agnews,halfB,null,depth_mean_layer_span,2.96
pythia-70m,143000,agnews,halfB,null,crisp_median_max_membership,0.205
pythia-70m,143000,agnews,halfB,null,crisp_frac_confident,0.144287109375
pythia-70m,143000,agnews,halfB,null,crisp_network_median,0.3227585955710956
pythia-70m,143000,agnews,halfB,null,size_n_networks,100.0
pythia-70m,143000,agnews,halfB,null,size_effective_n,77.4871734403744
pythia-70m,143000,agnews,halfB,null,size_gini,0.3973583984375
pythia-70m,143000,agnews,halfB,null,size_largest_share,0.031656901041666664
pythia-70m,143000,agnews,halfB,null,size_frac_small,0.02
pythia-70m,143000,agnews,halfB,null,depth_median_effective_layers,3.433823973318294
pythia-70m,143000,agnews,halfB,null,depth_frac_single_layer,0.37
pythia-70m,143000,agnews,halfB,null,depth_mean_layer_span,2.84
pythia-70m,0,tldr17,halfB,null,crisp_median_max_membership,0.265
pythia-70m,0,tldr17,halfB,null,crisp_frac_confident,0.12263997395833333
pythia-70m,0,tldr17,halfB,null,crisp_network_median,0.2532745861733203
pythia-70m,0,tldr17,halfB,null,size_n_networks,100.0
pythia-70m,0,tldr17,halfB,null,size_effective_n,85.61617797291753
pythia-70m,0,tldr17,halfB,null,size_gini,0.2732600911458334
pythia-70m,0,tldr17,halfB,null,size_largest_share,0.048421223958333336
pythia-70m,0,tldr17,halfB,null,size_frac_small,0.01
pythia-70m,0,tldr17,halfB,null,depth_median_effective_layers,4.92416793420473
pythia-70m,0,tldr17,halfB,null,depth_frac_single_layer,0.07
pythia-70m,0,tldr17,halfB,null,depth_mean_layer_span,4.7
pythia-70m,1,tldr17,halfB,null,crisp_median_max_membership,0.265
pythia-70m,1,tldr17,halfB,null,crisp_frac_confident,0.11661783854166667
pythia-70m,1,tldr17,halfB,null,crisp_network_median,0.2521160468319559
pythia-70m,1,tldr17,halfB,null,size_n_networks,100.0
pythia-70m,1,tldr17,halfB,null,size_effective_n,86.2221619148115
pythia-70m,1,tldr17,halfB,null,size_gini,0.25736816406250007
pythia-70m,1,tldr17,halfB,null,size_largest_share,0.048502604166666664
pythia-70m,1,tldr17,halfB,null,size_frac_small,0.02
pythia-70m,1,tldr17,halfB,null,depth_median_effective_layers,4.920287536660552
pythia-70m,1,tldr17,halfB,null,depth_frac_single_layer,0.08
pythia-70m,1,tldr17,halfB,null,depth_mean_layer_span,4.66
pythia-70m,4,tldr17,halfB,null,crisp_median_max_membership,0.275
pythia-70m,4,tldr17,halfB,null,crisp_frac_confident,0.12955729166666666
pythia-70m,4,tldr17,halfB,null,crisp_network_median,0.2653696133537728
pythia-70m,4,tldr17,halfB,null,size_n_networks,100.0
pythia-70m,4,tldr17,halfB,null,size_effective_n,87.70672327070668
pythia-70m,4,tldr17,halfB,null,size_gini,0.23479329427083329
pythia-70m,4,tldr17,halfB,null,size_largest_share,0.06852213541666667
pythia-70m,4,tldr17,halfB,null,size_frac_small,0.0
pythia-70m,4,tldr17,halfB,null,depth_median_effective_layers,4.919505847971733
pythia-70m,4,tldr17,halfB,null,depth_frac_single_layer,0.14
pythia-70m,4,tldr17,halfB,null,depth_mean_layer_span,4.41
pythia-70m,16,tldr17,halfB,null,crisp_median_max_membership,0.275
pythia-70m,16,tldr17,halfB,null,crisp_frac_confident,0.14542643229166666
pythia-70m,16,tldr17,halfB,null,crisp_network_median,0.2630483490566038
pythia-70m,16,tldr17,halfB,null,size_n_networks,100.0
pythia-70m,16,tldr17,halfB,null,size_effective_n,86.85330459468013
pythia-70m,16,tldr17,halfB,null,size_gini,0.2530517578125
pythia-70m,16,tldr17,halfB,null,size_largest_share,0.057698567708333336
pythia-70m,16,tldr17,halfB,null,size_frac_small,0.02
pythia-70m,16,tldr17,halfB,null,depth_median_effective_layers,4.922058190429935
pythia-70m,16,tldr17,halfB,null,depth_frac_single_layer,0.11
pythia-70m,16,tldr17,halfB,null,depth_mean_layer_span,4.53
pythia-70m,64,tldr17,halfB,null,crisp_median_max_membership,0.65
pythia-70m,64,tldr17,halfB,null,crisp_frac_confident,0.74267578125
pythia-70m,64,tldr17,halfB,null,crisp_network_median,0.8216804160688664
pythia-70m,64,tldr17,halfB,null,size_n_networks,100.0
pythia-70m,64,tldr17,halfB,null,size_effective_n,47.0647281039668
pythia-70m,64,tldr17,halfB,null,size_gini,0.5598193359374999
pythia-70m,64,tldr17,halfB,null,size_largest_share,0.12906901041666666
pythia-70m,64,tldr17,halfB,null,size_frac_small,0.03
pythia-70m,64,tldr17,halfB,null,depth_median_effective_layers,4.553219805764288
pythia-70m,64,tldr17,halfB,null,depth_frac_single_layer,0.02
pythia-70m,64,tldr17,halfB,null,depth_mean_layer_span,4.26
pythia-70m,256,tldr17,halfB,null,crisp_median_max_membership,0.575
pythia-70m,256,tldr17,halfB,null,crisp_frac_confident,0.558837890625
pythia-70m,256,tldr17,halfB,null,crisp_network_median,0.7817539682539683
pythia-70m,256,tldr17,halfB,null,size_n_networks,100.0
pythia-70m,256,tldr17,halfB,null,size_effective_n,50.21748524310675
pythia-70m,256,tldr17,halfB,null,size_gini,0.4996044921875
pythia-70m,256,tldr17,halfB,null,size_largest_share,0.11287434895833333
pythia-70m,256,tldr17,halfB,null,size_frac_small,0.0
pythia-70m,256,tldr17,halfB,null,depth_median_effective_layers,4.838500510535269
pythia-70m,256,tldr17,halfB,null,depth_frac_single_layer,0.03
pythia-70m,256,tldr17,halfB,null,depth_mean_layer_span,4.74
pythia-70m,1000,tldr17,halfB,null,crisp_median_max_membership,0.35
pythia-70m,1000,tldr17,halfB,null,crisp_frac_confident,0.3353678385416667
pythia-70m,1000,tldr17,halfB,null,crisp_network_median,0.44732663059927363
pythia-70m,1000,tldr17,halfB,null,size_n_networks,100.0
pythia-70m,1000,tldr17,halfB,null,size_effective_n,76.4197324698695
pythia-70m,1000,tldr17,halfB,null,size_gini,0.39631835937499993
pythia-70m,1000,tldr17,halfB,null,size_largest_share,0.045817057291666664
pythia-70m,1000,tldr17,halfB,null,size_frac_small,0.0
pythia-70m,1000,tldr17,halfB,null,depth_median_effective_layers,4.287468122231559
pythia-70m,1000,tldr17,halfB,null,depth_frac_single_layer,0.06
pythia-70m,1000,tldr17,halfB,null,depth_mean_layer_span,3.82
pythia-70m,4000,tldr17,halfB,null,crisp_median_max_membership,0.36
pythia-70m,4000,tldr17,halfB,null,crisp_frac_confident,0.2689615885416667
pythia-70m,4000,tldr17,halfB,null,crisp_network_median,0.3066454492244659
pythia-70m,4000,tldr17,halfB,null,size_n_networks,100.0
pythia-70m,4000,tldr17,halfB,null,size_effective_n,77.3899617254383
pythia-70m,4000,tldr17,halfB,null,size_gini,0.39554361979166663
pythia-70m,4000,tldr17,halfB,null,size_largest_share,0.044677734375
pythia-70m,4000,tldr17,halfB,null,size_frac_small,0.01
pythia-70m,4000,tldr17,halfB,null,depth_median_effective_layers,4.154895266068602
pythia-70m,4000,tldr17,halfB,null,depth_frac_single_layer,0.07
pythia-70m,4000,tldr17,halfB,null,depth_mean_layer_span,3.35
pythia-70m,16000,tldr17,halfB,null,crisp_median_max_membership,0.385
pythia-70m,16000,tldr17,halfB,null,crisp_frac_confident,0.3334147135416667
pythia-70m,16000,tldr17,halfB,null,crisp_network_median,0.29995805369127515
pythia-70m,16000,tldr17,halfB,null,size_n_networks,100.0
pythia-70m,16000,tldr17,halfB,null,size_effective_n,73.99948528909408
pythia-70m,16000,tldr17,halfB,null,size_gini,0.4170052083333333
pythia-70m,16000,tldr17,halfB,null,size_largest_share,0.06363932291666667
pythia-70m,16000,tldr17,halfB,null,size_frac_small,0.01
pythia-70m,16000,tldr17,halfB,null,depth_median_effective_layers,4.508320084992365
pythia-70m,16000,tldr17,halfB,null,depth_frac_single_layer,0.21
pythia-70m,16000,tldr17,halfB,null,depth_mean_layer_span,3.5
pythia-70m,64000,tldr17,halfB,null,crisp_median_max_membership,0.355
pythia-70m,64000,tldr17,halfB,null,crisp_frac_confident,0.2888997395833333
pythia-70m,64000,tldr17,halfB,null,crisp_network_median,0.2673349217154527
pythia-70m,64000,tldr17,halfB,null,size_n_networks,100.0
pythia-70m,64000,tldr17,halfB,null,size_effective_n,74.55926906729835
pythia-70m,64000,tldr17,halfB,null,size_gini,0.4084928385416666
pythia-70m,64000,tldr17,halfB,null,size_largest_share,0.06510416666666667
pythia-70m,64000,tldr17,halfB,null,size_frac_small,0.0
pythia-70m,64000,tldr17,halfB,null,depth_median_effective_layers,4.335812170715613
pythia-70m,64000,tldr17,halfB,null,depth_frac_single_layer,0.16
pythia-70m,64000,tldr17,halfB,null,depth_mean_layer_span,3.45
pythia-70m,143000,tldr17,halfB,null,crisp_median_max_membership,0.36
pythia-70m,143000,tldr17,halfB,null,crisp_frac_confident,0.2996419270833333
pythia-70m,143000,tldr17,halfB,null,crisp_network_median,0.29800677506775064
pythia-70m,143000,tldr17,halfB,null,size_n_networks,100.0
pythia-70m,143000,tldr17,halfB,null,size_effective_n,74.26553946770102
pythia-70m,143000,tldr17,halfB,null,size_gini,0.40352864583333337
pythia-70m,143000,tldr17,halfB,null,size_largest_share,0.0703125
pythia-70m,143000,tldr17,halfB,null,size_frac_small,0.01
pythia-70m,143000,tldr17,halfB,null,depth_median_effective_layers,4.257380150562604
pythia-70m,143000,tldr17,halfB,null,depth_frac_single_layer,0.14
pythia-70m,143000,tldr17,halfB,null,depth_mean_layer_span,3.45
pythia-70m,0,wikitext,halfA_vs_halfB,null,halves_split_degree,0.18
pythia-70m,0,wikitext,halfA_vs_halfB,null,halves_merge_degree,0.06
pythia-70m,0,wikitext,halfA_vs_halfB,null,halves_continued,0.0
pythia-70m,0,wikitext,halfA_vs_halfB,null,halves_mean_best_jaccard,0.032429839444871336
pythia-70m,1,wikitext,halfA_vs_halfB,null,halves_split_degree,0.17
pythia-70m,1,wikitext,halfA_vs_halfB,null,halves_merge_degree,0.03
pythia-70m,1,wikitext,halfA_vs_halfB,null,halves_continued,0.0
pythia-70m,1,wikitext,halfA_vs_halfB,null,halves_mean_best_jaccard,0.03223076435473429
pythia-70m,4,wikitext,halfA_vs_halfB,null,halves_split_degree,0.06
pythia-70m,4,wikitext,halfA_vs_halfB,null,halves_merge_degree,0.06060606060606061
pythia-70m,4,wikitext,halfA_vs_halfB,null,halves_continued,0.01
pythia-70m,4,wikitext,halfA_vs_halfB,null,halves_mean_best_jaccard,0.03640506181449629
pythia-70m,16,wikitext,halfA_vs_halfB,null,halves_split_degree,0.09090909090909091
pythia-70m,16,wikitext,halfA_vs_halfB,null,halves_merge_degree,0.09090909090909091
pythia-70m,16,wikitext,halfA_vs_halfB,null,halves_continued,0.010101010101010102
pythia-70m,16,wikitext,halfA_vs_halfB,null,halves_mean_best_jaccard,0.03506231577557362
pythia-70m,64,wikitext,halfA_vs_halfB,null,halves_split_degree,0.08
pythia-70m,64,wikitext,halfA_vs_halfB,null,halves_merge_degree,0.09
pythia-70m,64,wikitext,halfA_vs_halfB,null,halves_continued,0.01
pythia-70m,64,wikitext,halfA_vs_halfB,null,halves_mean_best_jaccard,0.03805995053255269
pythia-70m,256,wikitext,halfA_vs_halfB,null,halves_split_degree,0.16
pythia-70m,256,wikitext,halfA_vs_halfB,null,halves_merge_degree,0.03
pythia-70m,256,wikitext,halfA_vs_halfB,null,halves_continued,0.01
pythia-70m,256,wikitext,halfA_vs_halfB,null,halves_mean_best_jaccard,0.03960958929677269
pythia-70m,1000,wikitext,halfA_vs_halfB,null,halves_split_degree,0.17
pythia-70m,1000,wikitext,halfA_vs_halfB,null,halves_merge_degree,0.16
pythia-70m,1000,wikitext,halfA_vs_halfB,null,halves_continued,0.01
pythia-70m,1000,wikitext,halfA_vs_halfB,null,halves_mean_best_jaccard,0.05953347842096428
pythia-70m,4000,wikitext,halfA_vs_halfB,null,halves_split_degree,0.17
pythia-70m,4000,wikitext,halfA_vs_halfB,null,halves_merge_degree,0.17
pythia-70m,4000,wikitext,halfA_vs_halfB,null,halves_continued,0.0
pythia-70m,4000,wikitext,halfA_vs_halfB,null,halves_mean_best_jaccard,0.05213603196228989
pythia-70m,16000,wikitext,halfA_vs_halfB,null,halves_split_degree,0.12
pythia-70m,16000,wikitext,halfA_vs_halfB,null,halves_merge_degree,0.18
pythia-70m,16000,wikitext,halfA_vs_halfB,null,halves_continued,0.01
pythia-70m,16000,wikitext,halfA_vs_halfB,null,halves_mean_best_jaccard,0.05559140115440889
pythia-70m,64000,wikitext,halfA_vs_halfB,null,halves_split_degree,0.18
pythia-70m,64000,wikitext,halfA_vs_halfB,null,halves_merge_degree,0.2
pythia-70m,64000,wikitext,halfA_vs_halfB,null,halves_continued,0.02
pythia-70m,64000,wikitext,halfA_vs_halfB,null,halves_mean_best_jaccard,0.05667257749433888
pythia-70m,143000,wikitext,halfA_vs_halfB,null,halves_split_degree,0.08
pythia-70m,143000,wikitext,halfA_vs_halfB,null,halves_merge_degree,0.14
pythia-70m,143000,wikitext,halfA_vs_halfB,null,halves_continued,0.01
pythia-70m,143000,wikitext,halfA_vs_halfB,null,halves_mean_best_jaccard,0.059167533114085714
pythia-70m,0,bookcorpus,halfA_vs_halfB,null,halves_split_degree,0.2
pythia-70m,0,bookcorpus,halfA_vs_halfB,null,halves_merge_degree,0.07
pythia-70m,0,bookcorpus,halfA_vs_halfB,null,halves_continued,0.0
pythia-70m,0,bookcorpus,halfA_vs_halfB,null,halves_mean_best_jaccard,0.02923666260941411
pythia-70m,1,bookcorpus,halfA_vs_halfB,null,halves_split_degree,0.18181818181818182
pythia-70m,1,bookcorpus,halfA_vs_halfB,null,halves_merge_degree,0.09
pythia-70m,1,bookcorpus,halfA_vs_halfB,null,halves_continued,0.0
pythia-70m,1,bookcorpus,halfA_vs_halfB,null,halves_mean_best_jaccard,0.02938614496244474
pythia-70m,4,bookcorpus,halfA_vs_halfB,null,halves_split_degree,0.18181818181818182
pythia-70m,4,bookcorpus,halfA_vs_halfB,null,halves_merge_degree,0.09
pythia-70m,4,bookcorpus,halfA_vs_halfB,null,halves_continued,0.0
pythia-70m,4,bookcorpus,halfA_vs_halfB,null,halves_mean_best_jaccard,0.03200265966600876
pythia-70m,16,bookcorpus,halfA_vs_halfB,null,halves_split_degree,0.24242424242424243
pythia-70m,16,bookcorpus,halfA_vs_halfB,null,halves_merge_degree,0.050505050505050504
pythia-70m,16,bookcorpus,halfA_vs_halfB,null,halves_continued,0.0
pythia-70m,16,bookcorpus,halfA_vs_halfB,null,halves_mean_best_jaccard,0.0321263132059204
pythia-70m,64,bookcorpus,halfA_vs_halfB,null,halves_split_degree,0.17346938775510204
pythia-70m,64,bookcorpus,halfA_vs_halfB,null,halves_merge_degree,0.11
pythia-70m,64,bookcorpus,halfA_vs_halfB,null,halves_continued,0.0
pythia-70m,64,bookcorpus,halfA_vs_halfB,null,halves_mean_best_jaccard,0.03183906890172889
pythia-70m,256,bookcorpus,halfA_vs_halfB,null,halves_split_degree,0.2
pythia-70m,256,bookcorpus,halfA_vs_halfB,null,halves_merge_degree,0.13
pythia-70m,256,bookcorpus,halfA_vs_halfB,null,halves_continued,0.01
pythia-70m,256,bookcorpus,halfA_vs_halfB,null,halves_mean_best_jaccard,0.04065176089059033
pythia-70m,1000,bookcorpus,halfA_vs_halfB,null,halves_split_degree,0.2
pythia-70m,1000,bookcorpus,halfA_vs_halfB,null,halves_merge_degree,0.18
pythia-70m,1000,bookcorpus,halfA_vs_halfB,null,halves_continued,0.02
pythia-70m,1000,bookcorpus,halfA_vs_halfB,null,halves_mean_best_jaccard,0.07528708697135333
pythia-70m,4000,bookcorpus,halfA_vs_halfB,null,halves_split_degree,0.08
pythia-70m,4000,bookcorpus,halfA_vs_halfB,null,halves_merge_degree,0.07
pythia-70m,4000,bookcorpus,halfA_vs_halfB,null,halves_continued,0.0
pythia-70m,4000,bookcorpus,halfA_vs_halfB,null,halves_mean_best_jaccard,0.06254882905083382
pythia-70m,16000,bookcorpus,halfA_vs_halfB,null,halves_split_degree,0.2
pythia-70m,16000,bookcorpus,halfA_vs_halfB,null,halves_merge_degree,0.23
pythia-70m,16000,bookcorpus,halfA_vs_halfB,null,halves_continued,0.01
pythia-70m,16000,bookcorpus,halfA_vs_halfB,null,halves_mean_best_jaccard,0.06687877734978395
pythia-70m,64000,bookcorpus,halfA_vs_halfB,null,halves_split_degree,0.22
pythia-70m,64000,bookcorpus,halfA_vs_halfB,null,halves_merge_degree,0.15
pythia-70m,64000,bookcorpus,halfA_vs_halfB,null,halves_continued,0.01
pythia-70m,64000,bookcorpus,halfA_vs_halfB,null,halves_mean_best_jaccard,0.06682930093720857
pythia-70m,143000,bookcorpus,halfA_vs_halfB,null,halves_split_degree,0.23
pythia-70m,143000,bookcorpus,halfA_vs_halfB,null,halves_merge_degree,0.2
pythia-70m,143000,bookcorpus,halfA_vs_halfB,null,halves_continued,0.01
pythia-70m,143000,bookcorpus,halfA_vs_halfB,null,halves_mean_best_jaccard,0.06757938080756999
pythia-70m,0,agnews,halfA_vs_halfB,null,halves_split_degree,0.11
pythia-70m,0,agnews,halfA_vs_halfB,null,halves_merge_degree,0.11
pythia-70m,0,agnews,halfA_vs_halfB,null,halves_continued,0.0
pythia-70m,0,agnews,halfA_vs_halfB,null,halves_mean_best_jaccard,0.03266341216223062
pythia-70m,1,agnews,halfA_vs_halfB,null,halves_split_degree,0.1
pythia-70m,1,agnews,halfA_vs_halfB,null,halves_merge_degree,0.11
pythia-70m,1,agnews,halfA_vs_halfB,null,halves_continued,0.0
pythia-70m,1,agnews,halfA_vs_halfB,null,halves_mean_best_jaccard,0.03251248323303859
pythia-70m,4,agnews,halfA_vs_halfB,null,halves_split_degree,0.06
pythia-70m,4,agnews,halfA_vs_halfB,null,halves_merge_degree,0.15
pythia-70m,4,agnews,halfA_vs_halfB,null,halves_continued,0.01
pythia-70m,4,agnews,halfA_vs_halfB,null,halves_mean_best_jaccard,0.03459040197527347
pythia-70m,16,agnews,halfA_vs_halfB,null,halves_split_degree,0.08
pythia-70m,16,agnews,halfA_vs_halfB,null,halves_merge_degree,0.13
pythia-70m,16,agnews,halfA_vs_halfB,null,halves_continued,0.01
pythia-70m,16,agnews,halfA_vs_halfB,null,halves_mean_best_jaccard,0.03294513884737532
pythia-70m,64,agnews,halfA_vs_halfB,null,halves_split_degree,0.08
pythia-70m,64,agnews,halfA_vs_halfB,null,halves_merge_degree,0.1
pythia-70m,64,agnews,halfA_vs_halfB,null,halves_continued,0.0
pythia-70m,64,agnews,halfA_vs_halfB,null,halves_mean_best_jaccard,0.03818987114118225
pythia-70m,256,agnews,halfA_vs_halfB,null,halves_split_degree,0.07
pythia-70m,256,agnews,halfA_vs_halfB,null,halves_merge_degree,0.09
pythia-70m,256,agnews,halfA_vs_halfB,null,halves_continued,0.01
pythia-70m,256,agnews,halfA_vs_halfB,null,halves_mean_best_jaccard,0.04691871303226467
pythia-70m,1000,agnews,halfA_vs_halfB,null,halves_split_degree,0.18
pythia-70m,1000,agnews,halfA_vs_halfB,null,halves_merge_degree,0.1919191919191919
pythia-70m,1000,agnews,halfA_vs_halfB,null,halves_continued,0.0
pythia-70m,1000,agnews,halfA_vs_halfB,null,halves_mean_best_jaccard,0.061483168502272714
pythia-70m,4000,agnews,halfA_vs_halfB,null,halves_split_degree,0.09
pythia-70m,4000,agnews,halfA_vs_halfB,null,halves_merge_degree,0.1
pythia-70m,4000,agnews,halfA_vs_halfB,null,halves_continued,0.01
pythia-70m,4000,agnews,halfA_vs_halfB,null,halves_mean_best_jaccard,0.05422443881347735
pythia-70m,16000,agnews,halfA_vs_halfB,null,halves_split_degree,0.14
pythia-70m,16000,agnews,halfA_vs_halfB,null,halves_merge_degree,0.15
pythia-70m,16000,agnews,halfA_vs_halfB,null,halves_continued,0.0
pythia-70m,16000,agnews,halfA_vs_halfB,null,halves_mean_best_jaccard,0.05413537887430335
pythia-70m,64000,agnews,halfA_vs_halfB,null,halves_split_degree,0.14
pythia-70m,64000,agnews,halfA_vs_halfB,null,halves_merge_degree,0.13
pythia-70m,64000,agnews,halfA_vs_halfB,null,halves_continued,0.0
pythia-70m,64000,agnews,halfA_vs_halfB,null,halves_mean_best_jaccard,0.05775414610516141
pythia-70m,143000,agnews,halfA_vs_halfB,null,halves_split_degree,0.16
pythia-70m,143000,agnews,halfA_vs_halfB,null,halves_merge_degree,0.23
pythia-70m,143000,agnews,halfA_vs_halfB,null,halves_continued,0.0
pythia-70m,143000,agnews,halfA_vs_halfB,null,halves_mean_best_jaccard,0.06398234544121387
pythia-70m,0,tldr17,halfA_vs_halfB,null,halves_split_degree,0.28
pythia-70m,0,tldr17,halfA_vs_halfB,null,halves_merge_degree,0.09
pythia-70m,0,tldr17,halfA_vs_halfB,null,halves_continued,0.0
pythia-70m,0,tldr17,halfA_vs_halfB,null,halves_mean_best_jaccard,0.030810684062148076
pythia-70m,1,tldr17,halfA_vs_halfB,null,halves_split_degree,0.15151515151515152
pythia-70m,1,tldr17,halfA_vs_halfB,null,halves_merge_degree,0.13
pythia-70m,1,tldr17,halfA_vs_halfB,null,halves_continued,0.0
pythia-70m,1,tldr17,halfA_vs_halfB,null,halves_mean_best_jaccard,0.030875658636845094
pythia-70m,4,tldr17,halfA_vs_halfB,null,halves_split_degree,0.08
pythia-70m,4,tldr17,halfA_vs_halfB,null,halves_merge_degree,0.05
pythia-70m,4,tldr17,halfA_vs_halfB,null,halves_continued,0.01
pythia-70m,4,tldr17,halfA_vs_halfB,null,halves_mean_best_jaccard,0.03496471399541264
pythia-70m,16,tldr17,halfA_vs_halfB,null,halves_split_degree,0.18
pythia-70m,16,tldr17,halfA_vs_halfB,null,halves_merge_degree,0.07
pythia-70m,16,tldr17,halfA_vs_halfB,null,halves_continued,0.0
pythia-70m,16,tldr17,halfA_vs_halfB,null,halves_mean_best_jaccard,0.03282790338390775
pythia-70m,64,tldr17,halfA_vs_halfB,null,halves_split_degree,0.06060606060606061
pythia-70m,64,tldr17,halfA_vs_halfB,null,halves_merge_degree,0.06
pythia-70m,64,tldr17,halfA_vs_halfB,null,halves_continued,0.010101010101010102
pythia-70m,64,tldr17,halfA_vs_halfB,null,halves_mean_best_jaccard,0.036891799047220813
pythia-70m,256,tldr17,halfA_vs_halfB,null,halves_split_degree,0.18
pythia-70m,256,tldr17,halfA_vs_halfB,null,halves_merge_degree,0.04
pythia-70m,256,tldr17,halfA_vs_halfB,null,halves_continued,0.01
pythia-70m,256,tldr17,halfA_vs_halfB,null,halves_mean_best_jaccard,0.03575975579492535
pythia-70m,1000,tldr17,halfA_vs_halfB,null,halves_split_degree,0.14
pythia-70m,1000,tldr17,halfA_vs_halfB,null,halves_merge_degree,0.16
pythia-70m,1000,tldr17,halfA_vs_halfB,null,halves_continued,0.0
pythia-70m,1000,tldr17,halfA_vs_halfB,null,halves_mean_best_jaccard,0.04863017941651344
pythia-70m,4000,tldr17,halfA_vs_halfB,null,halves_split_degree,0.18
pythia-70m,4000,tldr17,halfA_vs_halfB,null,halves_merge_degree,0.24
pythia-70m,4000,tldr17,halfA_vs_halfB,null,halves_continued,0.0
pythia-70m,4000,tldr17,halfA_vs_halfB,null,halves_mean_best_jaccard,0.053519287974033644
pythia-70m,16000,tldr17,halfA_vs_halfB,null,halves_split_degree,0.23
pythia-70m,16000,tldr17,halfA_vs_halfB,null,halves_merge_degree,0.21
pythia-70m,16000,tldr17,halfA_vs_halfB,null,halves_continued,0.01
pythia-70m,16000,tldr17,halfA_vs_halfB,null,halves_mean_best_jaccard,0.053409139466320615
pythia-70m,64000,tldr17,halfA_vs_halfB,null,halves_split_degree,0.2
pythia-70m,64000,tldr17,halfA_vs_halfB,null,halves_merge_degree,0.13
pythia-70m,64000,tldr17,halfA_vs_halfB,null,halves_continued,0.01
pythia-70m,64000,tldr17,halfA_vs_halfB,null,halves_mean_best_jaccard,0.05844973318392844
pythia-70m,143000,tldr17,halfA_vs_halfB,null,halves_split_degree,0.18
pythia-70m,143000,tldr17,halfA_vs_halfB,null,halves_merge_degree,0.11
pythia-70m,143000,tldr17,halfA_vs_halfB,null,halves_continued,0.01
pythia-70m,143000,tldr17,halfA_vs_halfB,null,halves_mean_best_jaccard,0.05634529223739473
pythia-70m,0,agnews,halfA,null,generality_mean,0.03025172417064364
pythia-70m,0,agnews,halfA,null,generality_frac_general,0.0
pythia-70m,0,bookcorpus,halfA,null,generality_mean,0.029069262454537666
pythia-70m,0,bookcorpus,halfA,null,generality_frac_general,0.0
pythia-70m,0,tldr17,halfA,null,generality_mean,0.028619149759122137
pythia-70m,0,tldr17,halfA,null,generality_frac_general,0.0
pythia-70m,0,wikitext,halfA,null,generality_mean,0.03105735996196137
pythia-70m,0,wikitext,halfA,null,generality_frac_general,0.0
pythia-70m,1,agnews,halfA,null,generality_mean,0.030449297145050614
pythia-70m,1,agnews,halfA,null,generality_frac_general,0.0
pythia-70m,1,bookcorpus,halfA,null,generality_mean,0.02945620164742106
pythia-70m,1,bookcorpus,halfA,null,generality_frac_general,0.0
pythia-70m,1,tldr17,halfA,null,generality_mean,0.029184500269323264
pythia-70m,1,tldr17,halfA,null,generality_frac_general,0.0
pythia-70m,1,wikitext,halfA,null,generality_mean,0.03093277072569367
pythia-70m,1,wikitext,halfA,null,generality_frac_general,0.0
pythia-70m,4,agnews,halfA,null,generality_mean,0.03347631794706682
pythia-70m,4,agnews,halfA,null,generality_frac_general,0.01
pythia-70m,4,bookcorpus,halfA,null,generality_mean,0.03227894188743453
pythia-70m,4,bookcorpus,halfA,null,generality_frac_general,0.010101010101010102
pythia-70m,4,tldr17,halfA,null,generality_mean,0.034254123379057554
pythia-70m,4,tldr17,halfA,null,generality_frac_general,0.01
pythia-70m,4,wikitext,halfA,null,generality_mean,0.03427825273557478
pythia-70m,4,wikitext,halfA,null,generality_frac_general,0.01
pythia-70m,16,agnews,halfA,null,generality_mean,0.03182281495052447
pythia-70m,16,agnews,halfA,null,generality_frac_general,0.0
pythia-70m,16,bookcorpus,halfA,null,generality_mean,0.031575937006648645
pythia-70m,16,bookcorpus,halfA,null,generality_frac_general,0.0
pythia-70m,16,tldr17,halfA,null,generality_mean,0.03188238845784716
pythia-70m,16,tldr17,halfA,null,generality_frac_general,0.0
pythia-70m,16,wikitext,halfA,null,generality_mean,0.03334814192654264
pythia-70m,16,wikitext,halfA,null,generality_frac_general,0.0
pythia-70m,64,agnews,halfA,null,generality_mean,0.03299623955514968
pythia-70m,64,agnews,halfA,null,generality_frac_general,0.01
pythia-70m,64,bookcorpus,halfA,null,generality_mean,0.0315572892263945
pythia-70m,64,bookcorpus,halfA,null,generality_frac_general,0.02040816326530612
pythia-70m,64,tldr17,halfA,null,generality_mean,0.027212806369551847
pythia-70m,64,tldr17,halfA,null,generality_frac_general,0.010101010101010102
pythia-70m,64,wikitext,halfA,null,generality_mean,0.03355602525380567
pythia-70m,64,wikitext,halfA,null,generality_frac_general,0.01
pythia-70m,256,agnews,halfA,null,generality_mean,0.03447999828953739
pythia-70m,256,agnews,halfA,null,generality_frac_general,0.0
pythia-70m,256,bookcorpus,halfA,null,generality_mean,0.034607447697200866
pythia-70m,256,bookcorpus,halfA,null,generality_frac_general,0.0
pythia-70m,256,tldr17,halfA,null,generality_mean,0.0251214545144652
pythia-70m,256,tldr17,halfA,null,generality_frac_general,0.0
pythia-70m,256,wikitext,halfA,null,generality_mean,0.032659109584458765
pythia-70m,256,wikitext,halfA,null,generality_frac_general,0.0
pythia-70m,1000,agnews,halfA,null,generality_mean,0.04952120262023214
pythia-70m,1000,agnews,halfA,null,generality_frac_general,0.01
pythia-70m,1000,bookcorpus,halfA,null,generality_mean,0.04826456797564413
pythia-70m,1000,bookcorpus,halfA,null,generality_frac_general,0.01
pythia-70m,1000,tldr17,halfA,null,generality_mean,0.040316058329588705
pythia-70m,1000,tldr17,halfA,null,generality_frac_general,0.01
pythia-70m,1000,wikitext,halfA,null,generality_mean,0.04692367808201796
pythia-70m,1000,wikitext,halfA,null,generality_frac_general,0.01
pythia-70m,4000,agnews,halfA,null,generality_mean,0.041412805481262714
pythia-70m,4000,agnews,halfA,null,generality_frac_general,0.0
pythia-70m,4000,bookcorpus,halfA,null,generality_mean,0.04154092880891457
pythia-70m,4000,bookcorpus,halfA,null,generality_frac_general,0.0
pythia-70m,4000,tldr17,halfA,null,generality_mean,0.03529861787457611
pythia-70m,4000,tldr17,halfA,null,generality_frac_general,0.0
pythia-70m,4000,wikitext,halfA,null,generality_mean,0.03804186246988378
pythia-70m,4000,wikitext,halfA,null,generality_frac_general,0.0
pythia-70m,16000,agnews,halfA,null,generality_mean,0.04518538231187235
pythia-70m,16000,agnews,halfA,null,generality_frac_general,0.0
pythia-70m,16000,bookcorpus,halfA,null,generality_mean,0.04521062257582968
pythia-70m,16000,bookcorpus,halfA,null,generality_frac_general,0.0
pythia-70m,16000,tldr17,halfA,null,generality_mean,0.03892554085733475
pythia-70m,16000,tldr17,halfA,null,generality_frac_general,0.0
pythia-70m,16000,wikitext,halfA,null,generality_mean,0.039226501545029935
pythia-70m,16000,wikitext,halfA,null,generality_frac_general,0.0
pythia-70m,64000,agnews,halfA,null,generality_mean,0.045194317935345056
pythia-70m,64000,agnews,halfA,null,generality_frac_general,0.0
pythia-70m,64000,bookcorpus,halfA,null,generality_mean,0.04519793552401196
pythia-70m,64000,bookcorpus,halfA,null,generality_frac_general,0.0
pythia-70m,64000,tldr17,halfA,null,generality_mean,0.04098626968253937
pythia-70m,64000,tldr17,halfA,null,generality_frac_general,0.0
pythia-70m,64000,wikitext,halfA,null,generality_mean,0.041186462114916084
pythia-70m,64000,wikitext,halfA,null,generality_frac_general,0.0
pythia-70m,143000,agnews,halfA,null,generality_mean,0.04968307682862532
pythia-70m,143000,agnews,halfA,null,generality_frac_general,0.0
pythia-70m,143000,bookcorpus,halfA,null,generality_mean,0.04711606378485457
pythia-70m,143000,bookcorpus,halfA,null,generality_frac_general,0.0
pythia-70m,143000,tldr17,halfA,null,generality_mean,0.04055312845174585
pythia-70m,143000,tldr17,halfA,null,generality_frac_general,0.0
pythia-70m,143000,wikitext,halfA,null,generality_mean,0.04287770715499954
pythia-70m,143000,wikitext,halfA,null,generality_frac_general,0.0
pythia-70m,1,wikitext,halfA,null,trans_split_degree,1.49
pythia-70m,1,wikitext,halfA,null,trans_merge_degree,1.59
pythia-70m,1,wikitext,halfA,null,trans_continued,0.52
pythia-70m,1,wikitext,halfA,null,trans_mean_best_jaccard,0.5319810562926938
pythia-70m,4,wikitext,halfA,null,trans_split_degree,1.62
pythia-70m,4,wikitext,halfA,null,trans_merge_degree,1.78
pythia-70m,4,wikitext,halfA,null,trans_continued,0.31
pythia-70m,4,wikitext,halfA,null,trans_mean_best_jaccard,0.3882786567262933
pythia-70m,16,wikitext,halfA,null,trans_split_degree,1.78
pythia-70m,16,wikitext,halfA,null,trans_merge_degree,1.7171717171717171
pythia-70m,16,wikitext,halfA,null,trans_continued,0.09
pythia-70m,16,wikitext,halfA,null,trans_mean_best_jaccard,0.2924262756462028
pythia-70m,64,wikitext,halfA,null,trans_split_degree,1.6363636363636365
pythia-70m,64,wikitext,halfA,null,trans_merge_degree,1.06
pythia-70m,64,wikitext,halfA,null,trans_continued,0.0
pythia-70m,64,wikitext,halfA,null,trans_mean_best_jaccard,0.1951452350406937
pythia-70m,256,wikitext,halfA,null,trans_split_degree,0.96
pythia-70m,256,wikitext,halfA,null,trans_merge_degree,0.41
pythia-70m,256,wikitext,halfA,null,trans_continued,0.0
pythia-70m,256,wikitext,halfA,null,trans_mean_best_jaccard,0.12555383285142022
pythia-70m,1000,wikitext,halfA,null,trans_split_degree,0.17
pythia-70m,1000,wikitext,halfA,null,trans_merge_degree,0.33
pythia-70m,1000,wikitext,halfA,null,trans_continued,0.0
pythia-70m,1000,wikitext,halfA,null,trans_mean_best_jaccard,0.0385303980991364
pythia-70m,4000,wikitext,halfA,null,trans_split_degree,0.04
pythia-70m,4000,wikitext,halfA,null,trans_merge_degree,0.13
pythia-70m,4000,wikitext,halfA,null,trans_continued,0.0
pythia-70m,4000,wikitext,halfA,null,trans_mean_best_jaccard,0.032015941350847614
pythia-70m,16000,wikitext,halfA,null,trans_split_degree,0.18
pythia-70m,16000,wikitext,halfA,null,trans_merge_degree,0.08
pythia-70m,16000,wikitext,halfA,null,trans_continued,0.0
pythia-70m,16000,wikitext,halfA,null,trans_mean_best_jaccard,0.053302146101124354
pythia-70m,64000,wikitext,halfA,null,trans_split_degree,0.28
pythia-70m,64000,wikitext,halfA,null,trans_merge_degree,0.28
pythia-70m,64000,wikitext,halfA,null,trans_continued,0.0
pythia-70m,64000,wikitext,halfA,null,trans_mean_best_jaccard,0.06700434317826712
pythia-70m,143000,wikitext,halfA,null,trans_split_degree,0.42
pythia-70m,143000,wikitext,halfA,null,trans_merge_degree,0.54
pythia-70m,143000,wikitext,halfA,null,trans_continued,0.0
pythia-70m,143000,wikitext,halfA,null,trans_mean_best_jaccard,0.08740076654055715
pythia-70m,0,wikitext,halfA,null,birth_frac_born_by,0.0
pythia-70m,1,wikitext,halfA,null,birth_frac_born_by,0.0
pythia-70m,4,wikitext,halfA,null,birth_frac_born_by,0.0
pythia-70m,16,wikitext,halfA,null,birth_frac_born_by,0.0
pythia-70m,64,wikitext,halfA,null,birth_frac_born_by,0.0
pythia-70m,256,wikitext,halfA,null,birth_frac_born_by,0.0
pythia-70m,1000,wikitext,halfA,null,birth_frac_born_by,0.0
pythia-70m,4000,wikitext,halfA,null,birth_frac_born_by,0.0
pythia-70m,16000,wikitext,halfA,null,birth_frac_born_by,0.0
pythia-70m,64000,wikitext,halfA,null,birth_frac_born_by,0.0
pythia-70m,143000,wikitext,halfA,null,birth_frac_born_by,1.0
pythia-70m,1,bookcorpus,halfA,null,trans_split_degree,1.24
pythia-70m,1,bookcorpus,halfA,null,trans_merge_degree,1.303030303030303
pythia-70m,1,bookcorpus,halfA,null,trans_continued,0.74
pythia-70m,1,bookcorpus,halfA,null,trans_mean_best_jaccard,0.6720466501688077
pythia-70m,4,bookcorpus,halfA,null,trans_split_degree,1.4242424242424243
pythia-70m,4,bookcorpus,halfA,null,trans_merge_degree,1.505050505050505
pythia-70m,4,bookcorpus,halfA,null,trans_continued,0.5959595959595959
pythia-70m,4,bookcorpus,halfA,null,trans_mean_best_jaccard,0.538344307819204
pythia-70m,16,bookcorpus,halfA,null,trans_split_degree,1.5252525252525253
pythia-70m,16,bookcorpus,halfA,null,trans_merge_degree,1.505050505050505
pythia-70m,16,bookcorpus,halfA,null,trans_continued,0.494949494949495
pythia-70m,16,bookcorpus,halfA,null,trans_mean_best_jaccard,0.46347149641448016
pythia-70m,64,bookcorpus,halfA,null,trans_split_degree,1.6363636363636365
pythia-70m,64,bookcorpus,halfA,null,trans_merge_degree,1.4387755102040816
pythia-70m,64,bookcorpus,halfA,null,trans_continued,0.15151515151515152
pythia-70m,64,bookcorpus,halfA,null,trans_mean_best_jaccard,0.33375125859072124
pythia-70m,256,bookcorpus,halfA,null,trans_split_degree,1.3775510204081634
pythia-70m,256,bookcorpus,halfA,null,trans_merge_degree,1.61
pythia-70m,256,bookcorpus,halfA,null,trans_continued,0.0
pythia-70m,256,bookcorpus,halfA,null,trans_mean_best_jaccard,0.22911062192699075
pythia-70m,1000,bookcorpus,halfA,null,trans_split_degree,0.25
pythia-70m,1000,bookcorpus,halfA,null,trans_merge_degree,0.55
pythia-70m,1000,bookcorpus,halfA,null,trans_continued,0.0
pythia-70m,1000,bookcorpus,halfA,null,trans_mean_best_jaccard,0.07136541273229022
pythia-70m,4000,bookcorpus,halfA,null,trans_split_degree,0.0
pythia-70m,4000,bookcorpus,halfA,null,trans_merge_degree,0.47
pythia-70m,4000,bookcorpus,halfA,null,trans_continued,0.0
pythia-70m,4000,bookcorpus,halfA,null,trans_mean_best_jaccard,0.028511002951386085
pythia-70m,16000,bookcorpus,halfA,null,trans_split_degree,0.09
pythia-70m,16000,bookcorpus,halfA,null,trans_merge_degree,0.19
pythia-70m,16000,bookcorpus,halfA,null,trans_continued,0.0
pythia-70m,16000,bookcorpus,halfA,null,trans_mean_best_jaccard,0.04664039538851692
pythia-70m,64000,bookcorpus,halfA,null,trans_split_degree,0.23
pythia-70m,64000,bookcorpus,halfA,null,trans_merge_degree,0.29
pythia-70m,64000,bookcorpus,halfA,null,trans_continued,0.0
pythia-70m,64000,bookcorpus,halfA,null,trans_mean_best_jaccard,0.048491987271572626
pythia-70m,143000,bookcorpus,halfA,null,trans_split_degree,0.22
pythia-70m,143000,bookcorpus,halfA,null,trans_merge_degree,0.16
pythia-70m,143000,bookcorpus,halfA,null,trans_continued,0.0
pythia-70m,143000,bookcorpus,halfA,null,trans_mean_best_jaccard,0.04601442070716395
pythia-70m,0,bookcorpus,halfA,null,birth_frac_born_by,0.0
pythia-70m,1,bookcorpus,halfA,null,birth_frac_born_by,0.0
pythia-70m,4,bookcorpus,halfA,null,birth_frac_born_by,0.0
pythia-70m,16,bookcorpus,halfA,null,birth_frac_born_by,0.0
pythia-70m,64,bookcorpus,halfA,null,birth_frac_born_by,0.0
pythia-70m,256,bookcorpus,halfA,null,birth_frac_born_by,0.0
pythia-70m,1000,bookcorpus,halfA,null,birth_frac_born_by,0.0
pythia-70m,4000,bookcorpus,halfA,null,birth_frac_born_by,0.0
pythia-70m,16000,bookcorpus,halfA,null,birth_frac_born_by,0.0
pythia-70m,64000,bookcorpus,halfA,null,birth_frac_born_by,0.0
pythia-70m,143000,bookcorpus,halfA,null,birth_frac_born_by,1.0
pythia-70m,1,agnews,halfA,null,trans_split_degree,1.16
pythia-70m,1,agnews,halfA,null,trans_merge_degree,1.18
pythia-70m,1,agnews,halfA,null,trans_continued,0.87
pythia-70m,1,agnews,halfA,null,trans_mean_best_jaccard,0.7685454642731858
pythia-70m,4,agnews,halfA,null,trans_split_degree,1.42
pythia-70m,4,agnews,halfA,null,trans_merge_degree,1.54
pythia-70m,4,agnews,halfA,null,trans_continued,0.52
pythia-70m,4,agnews,halfA,null,trans_mean_best_jaccard,0.4963323725287125
pythia-70m,16,agnews,halfA,null,trans_split_degree,1.57
pythia-70m,16,agnews,halfA,null,trans_merge_degree,1.56
pythia-70m,16,agnews,halfA,null,trans_continued,0.28
pythia-70m,16,agnews,halfA,null,trans_mean_best_jaccard,0.3917677700987182
pythia-70m,64,agnews,halfA,null,trans_split_degree,1.57
pythia-70m,64,agnews,halfA,null,trans_merge_degree,0.9
pythia-70m,64,agnews,halfA,null,trans_continued,0.01
pythia-70m,64,agnews,halfA,null,trans_mean_best_jaccard,0.22477552928275737
pythia-70m,256,agnews,halfA,null,trans_split_degree,0.51
pythia-70m,256,agnews,halfA,null,trans_merge_degree,1.36
pythia-70m,256,agnews,halfA,null,trans_continued,0.0
pythia-70m,256,agnews,halfA,null,trans_mean_best_jaccard,0.10080551345160775
pythia-70m,1000,agnews,halfA,null,trans_split_degree,0.29
pythia-70m,1000,agnews,halfA,null,trans_merge_degree,0.59
pythia-70m,1000,agnews,halfA,null,trans_continued,0.0
pythia-70m,1000,agnews,halfA,null,trans_mean_best_jaccard,0.06762259974140075
pythia-70m,4000,agnews,halfA,null,trans_split_degree,0.01
pythia-70m,4000,agnews,halfA,null,trans_merge_degree,0.12
pythia-70m,4000,agnews,halfA,null,trans_continued,0.0
pythia-70m,4000,agnews,halfA,null,trans_mean_best_jaccard,0.02993424486289419
pythia-70m,16000,agnews,halfA,null,trans_split_degree,0.02
pythia-70m,16000,agnews,halfA,null,trans_merge_degree,0.1
pythia-70m,16000,agnews,halfA,null,trans_continued,0.0
pythia-70m,16000,agnews,halfA,null,trans_mean_best_jaccard,0.042504988579816494
pythia-70m,64000,agnews,halfA,null,trans_split_degree,0.11
pythia-70m,64000,agnews,halfA,null,trans_merge_degree,0.15
pythia-70m,64000,agnews,halfA,null,trans_continued,0.0
pythia-70m,64000,agnews,halfA,null,trans_mean_best_jaccard,0.04941482215847634
pythia-70m,143000,agnews,halfA,null,trans_split_degree,0.21
pythia-70m,143000,agnews,halfA,null,trans_merge_degree,0.15
pythia-70m,143000,agnews,halfA,null,trans_continued,0.0
pythia-70m,143000,agnews,halfA,null,trans_mean_best_jaccard,0.05996298924403274
pythia-70m,0,agnews,halfA,null,birth_frac_born_by,0.0
pythia-70m,1,agnews,halfA,null,birth_frac_born_by,0.0
pythia-70m,4,agnews,halfA,null,birth_frac_born_by,0.0
pythia-70m,16,agnews,halfA,null,birth_frac_born_by,0.0
pythia-70m,64,agnews,halfA,null,birth_frac_born_by,0.0
pythia-70m,256,agnews,halfA,null,birth_frac_born_by,0.0
pythia-70m,1000,agnews,halfA,null,birth_frac_born_by,0.0
pythia-70m,4000,agnews,halfA,null,birth_frac_born_by,0.0
pythia-70m,16000,agnews,halfA,null,birth_frac_born_by,0.0
pythia-70m,64000,agnews,halfA,null,birth_frac_born_by,0.0
pythia-70m,143000,agnews,halfA,null,birth_frac_born_by,1.0
pythia-70m,1,tldr17,halfA,null,trans_split_degree,1.48
pythia-70m,1,tldr17,halfA,null,trans_merge_degree,1.4242424242424243
pythia-70m,1,tldr17,halfA,null,trans_continued,0.48
pythia-70m,1,tldr17,halfA,null,trans_mean_best_jaccard,0.5076089971390432
pythia-70m,4,tldr17,halfA,null,trans_split_degree,1.5858585858585859
pythia-70m,4,tldr17,halfA,null,trans_merge_degree,1.53
pythia-70m,4,tldr17,halfA,null,trans_continued,0.26262626262626265
pythia-70m,4,tldr17,halfA,null,trans_mean_best_jaccard,0.35484281139616153
pythia-70m,16,tldr17,halfA,null,trans_split_degree,1.61
pythia-70m,16,tldr17,halfA,null,trans_merge_degree,1.59
pythia-70m,16,tldr17,halfA,null,trans_continued,0.04
pythia-70m,16,tldr17,halfA,null,trans_mean_best_jaccard,0.25907421547550996
pythia-70m,64,tldr17,halfA,null,trans_split_degree,0.98
pythia-70m,64,tldr17,halfA,null,trans_merge_degree,0.06060606060606061
pythia-70m,64,tldr17,halfA,null,trans_continued,0.0
pythia-70m,64,tldr17,halfA,null,trans_mean_best_jaccard,0.07082148726956322
pythia-70m,256,tldr17,halfA,null,trans_split_degree,0.47474747474747475
pythia-70m,256,tldr17,halfA,null,trans_merge_degree,0.23
pythia-70m,256,tldr17,halfA,null,trans_continued,0.010101010101010102
pythia-70m,256,tldr17,halfA,null,trans_mean_best_jaccard,0.07990265101926507
pythia-70m,1000,tldr17,halfA,null,trans_split_degree,0.36
pythia-70m,1000,tldr17,halfA,null,trans_merge_degree,0.49
pythia-70m,1000,tldr17,halfA,null,trans_continued,0.0
pythia-70m,1000,tldr17,halfA,null,trans_mean_best_jaccard,0.09302284784180709
pythia-70m,4000,tldr17,halfA,null,trans_split_degree,0.21
pythia-70m,4000,tldr17,halfA,null,trans_merge_degree,0.39
pythia-70m,4000,tldr17,halfA,null,trans_continued,0.0
pythia-70m,4000,tldr17,halfA,null,trans_mean_best_jaccard,0.06599350739562578
pythia-70m,16000,tldr17,halfA,null,trans_split_degree,0.22
pythia-70m,16000,tldr17,halfA,null,trans_merge_degree,0.4
pythia-70m,16000,tldr17,halfA,null,trans_continued,0.0
pythia-70m,16000,tldr17,halfA,null,trans_mean_best_jaccard,0.07903721649383172
pythia-70m,64000,tldr17,halfA,null,trans_split_degree,0.43
pythia-70m,64000,tldr17,halfA,null,trans_merge_degree,0.46
pythia-70m,64000,tldr17,halfA,null,trans_continued,0.0
pythia-70m,64000,tldr17,halfA,null,trans_mean_best_jaccard,0.09654991027357598
pythia-70m,143000,tldr17,halfA,null,trans_split_degree,0.58
pythia-70m,143000,tldr17,halfA,null,trans_merge_degree,0.71
pythia-70m,143000,tldr17,halfA,null,trans_continued,0.03
pythia-70m,143000,tldr17,halfA,null,trans_mean_best_jaccard,0.11793360508250902
pythia-70m,0,tldr17,halfA,null,birth_frac_born_by,0.0
pythia-70m,1,tldr17,halfA,null,birth_frac_born_by,0.0
pythia-70m,4,tldr17,halfA,null,birth_frac_born_by,0.0
pythia-70m,16,tldr17,halfA,null,birth_frac_born_by,0.0
pythia-70m,64,tldr17,halfA,null,birth_frac_born_by,0.0
pythia-70m,256,tldr17,halfA,null,birth_frac_born_by,0.0
pythia-70m,1000,tldr17,halfA,null,birth_frac_born_by,0.0
pythia-70m,4000,tldr17,halfA,null,birth_frac_born_by,0.0
pythia-70m,16000,tldr17,halfA,null,birth_frac_born_by,0.0
pythia-70m,64000,tldr17,halfA,null,birth_frac_born_by,0.03
pythia-70m,143000,tldr17,halfA,null,birth_frac_born_by,1.0
pythia-70m,0,agnews,halfB,null,generality_mean,0.030091664044165828
pythia-70m,0,agnews,halfB,null,generality_frac_general,0.0
pythia-70m,0,bookcorpus,halfB,null,generality_mean,0.02785781778982278
pythia-70m,0,bookcorpus,halfB,null,generality_frac_general,0.0
pythia-70m,0,tldr17,halfB,null,generality_mean,0.02909355918612392
pythia-70m,0,tldr17,halfB,null,generality_frac_general,0.0
pythia-70m,0,wikitext,halfB,null,generality_mean,0.03034724725745449
pythia-70m,0,wikitext,halfB,null,generality_frac_general,0.0
pythia-70m,1,agnews,halfB,null,generality_mean,0.0296794380318149
pythia-70m,1,agnews,halfB,null,generality_frac_general,0.0
pythia-70m,1,bookcorpus,halfB,null,generality_mean,0.027675536139212597
pythia-70m,1,bookcorpus,halfB,null,generality_frac_general,0.0
pythia-70m,1,tldr17,halfB,null,generality_mean,0.029021207090485737
pythia-70m,1,tldr17,halfB,null,generality_frac_general,0.0
pythia-70m,1,wikitext,halfB,null,generality_mean,0.030357143448674864
pythia-70m,1,wikitext,halfB,null,generality_frac_general,0.0
pythia-70m,4,agnews,halfB,null,generality_mean,0.03457945031799517
pythia-70m,4,agnews,halfB,null,generality_frac_general,0.01
pythia-70m,4,bookcorpus,halfB,null,generality_mean,0.030032313805387498
pythia-70m,4,bookcorpus,halfB,null,generality_frac_general,0.01
pythia-70m,4,tldr17,halfB,null,generality_mean,0.033673395391586806
pythia-70m,4,tldr17,halfB,null,generality_frac_general,0.01
pythia-70m,4,wikitext,halfB,null,generality_mean,0.034577735918701176
pythia-70m,4,wikitext,halfB,null,generality_frac_general,0.010101010101010102
pythia-70m,16,agnews,halfB,null,generality_mean,0.03318225318667192
pythia-70m,16,agnews,halfB,null,generality_frac_general,0.01
pythia-70m,16,bookcorpus,halfB,null,generality_mean,0.028983466075917945
pythia-70m,16,bookcorpus,halfB,null,generality_frac_general,0.010101010101010102
pythia-70m,16,tldr17,halfB,null,generality_mean,0.032189878506869614
pythia-70m,16,tldr17,halfB,null,generality_frac_general,0.01
pythia-70m,16,wikitext,halfB,null,generality_mean,0.03308451077756442
pythia-70m,16,wikitext,halfB,null,generality_frac_general,0.010101010101010102
pythia-70m,64,agnews,halfB,null,generality_mean,0.03354994971391514
pythia-70m,64,agnews,halfB,null,generality_frac_general,0.01
pythia-70m,64,bookcorpus,halfB,null,generality_mean,0.029860225436783988
pythia-70m,64,bookcorpus,halfB,null,generality_frac_general,0.01
pythia-70m,64,tldr17,halfB,null,generality_mean,0.030252783937740148
pythia-70m,64,tldr17,halfB,null,generality_frac_general,0.01
pythia-70m,64,wikitext,halfB,null,generality_mean,0.03543230693797511
pythia-70m,64,wikitext,halfB,null,generality_frac_general,0.01
pythia-70m,256,agnews,halfB,null,generality_mean,0.034052435084838975
pythia-70m,256,agnews,halfB,null,generality_frac_general,0.0
pythia-70m,256,bookcorpus,halfB,null,generality_mean,0.03153556894828333
pythia-70m,256,bookcorpus,halfB,null,generality_frac_general,0.0
pythia-70m,256,tldr17,halfB,null,generality_mean,0.026124897673999548
pythia-70m,256,tldr17,halfB,null,generality_frac_general,0.01
pythia-70m,256,wikitext,halfB,null,generality_mean,0.03201712512796681
pythia-70m,256,wikitext,halfB,null,generality_frac_general,0.01
pythia-70m,1000,agnews,halfB,null,generality_mean,0.048309632839885944
pythia-70m,1000,agnews,halfB,null,generality_frac_general,0.010101010101010102
pythia-70m,1000,bookcorpus,halfB,null,generality_mean,0.0470912742375249
pythia-70m,1000,bookcorpus,halfB,null,generality_frac_general,0.01
pythia-70m,1000,tldr17,halfB,null,generality_mean,0.040702741038960974
pythia-70m,1000,tldr17,halfB,null,generality_frac_general,0.01
pythia-70m,1000,wikitext,halfB,null,generality_mean,0.046891186935458205
pythia-70m,1000,wikitext,halfB,null,generality_frac_general,0.01
pythia-70m,4000,agnews,halfB,null,generality_mean,0.04100495333793087
pythia-70m,4000,agnews,halfB,null,generality_frac_general,0.0
pythia-70m,4000,bookcorpus,halfB,null,generality_mean,0.04162490236308175
pythia-70m,4000,bookcorpus,halfB,null,generality_frac_general,0.0
pythia-70m,4000,tldr17,halfB,null,generality_mean,0.037079455828485645
pythia-70m,4000,tldr17,halfB,null,generality_frac_general,0.0
pythia-70m,4000,wikitext,halfB,null,generality_mean,0.039490401500321834
pythia-70m,4000,wikitext,halfB,null,generality_frac_general,0.0
pythia-70m,16000,agnews,halfB,null,generality_mean,0.043439361298931375
pythia-70m,16000,agnews,halfB,null,generality_frac_general,0.0
pythia-70m,16000,bookcorpus,halfB,null,generality_mean,0.04365098261813905
pythia-70m,16000,bookcorpus,halfB,null,generality_frac_general,0.0
pythia-70m,16000,tldr17,halfB,null,generality_mean,0.038871642867118666
pythia-70m,16000,tldr17,halfB,null,generality_frac_general,0.0
pythia-70m,16000,wikitext,halfB,null,generality_mean,0.03971356683972827
pythia-70m,16000,wikitext,halfB,null,generality_frac_general,0.0
pythia-70m,64000,agnews,halfB,null,generality_mean,0.04518872329677213
pythia-70m,64000,agnews,halfB,null,generality_frac_general,0.0
pythia-70m,64000,bookcorpus,halfB,null,generality_mean,0.04418145363491549
pythia-70m,64000,bookcorpus,halfB,null,generality_frac_general,0.0
pythia-70m,64000,tldr17,halfB,null,generality_mean,0.03986425487996662
pythia-70m,64000,tldr17,halfB,null,generality_frac_general,0.0
pythia-70m,64000,wikitext,halfB,null,generality_mean,0.04199566932337545
pythia-70m,64000,wikitext,halfB,null,generality_frac_general,0.0
pythia-70m,143000,agnews,halfB,null,generality_mean,0.049030791746358625
pythia-70m,143000,agnews,halfB,null,generality_frac_general,0.0
pythia-70m,143000,bookcorpus,halfB,null,generality_mean,0.04768817779119247
pythia-70m,143000,bookcorpus,halfB,null,generality_frac_general,0.0
pythia-70m,143000,tldr17,halfB,null,generality_mean,0.04029999493784758
pythia-70m,143000,tldr17,halfB,null,generality_frac_general,0.0
pythia-70m,143000,wikitext,halfB,null,generality_mean,0.044787596909045525
pythia-70m,143000,wikitext,halfB,null,generality_frac_general,0.0
pythia-70m,1,wikitext,halfB,null,trans_split_degree,1.34
pythia-70m,1,wikitext,halfB,null,trans_merge_degree,1.39
pythia-70m,1,wikitext,halfB,null,trans_continued,0.67
pythia-70m,1,wikitext,halfB,null,trans_mean_best_jaccard,0.5861035042120031
pythia-70m,4,wikitext,halfB,null,trans_split_degree,1.59
pythia-70m,4,wikitext,halfB,null,trans_merge_degree,1.8383838383838385
pythia-70m,4,wikitext,halfB,null,trans_continued,0.3
pythia-70m,4,wikitext,halfB,null,trans_mean_best_jaccard,0.39293551108987484
pythia-70m,16,wikitext,halfB,null,trans_split_degree,1.6161616161616161
pythia-70m,16,wikitext,halfB,null,trans_merge_degree,1.6464646464646464
pythia-70m,16,wikitext,halfB,null,trans_continued,0.1414141414141414
pythia-70m,16,wikitext,halfB,null,trans_mean_best_jaccard,0.31813860883950174
pythia-70m,64,wikitext,halfB,null,trans_split_degree,1.4242424242424243
pythia-70m,64,wikitext,halfB,null,trans_merge_degree,0.85
pythia-70m,64,wikitext,halfB,null,trans_continued,0.0
pythia-70m,64,wikitext,halfB,null,trans_mean_best_jaccard,0.18708779061957945
pythia-70m,256,wikitext,halfB,null,trans_split_degree,0.93
pythia-70m,256,wikitext,halfB,null,trans_merge_degree,0.54
pythia-70m,256,wikitext,halfB,null,trans_continued,0.0
pythia-70m,256,wikitext,halfB,null,trans_mean_best_jaccard,0.11980050243075144
pythia-70m,1000,wikitext,halfB,null,trans_split_degree,0.11
pythia-70m,1000,wikitext,halfB,null,trans_merge_degree,0.43
pythia-70m,1000,wikitext,halfB,null,trans_continued,0.0
pythia-70m,1000,wikitext,halfB,null,trans_mean_best_jaccard,0.04508966749374819
pythia-70m,4000,wikitext,halfB,null,trans_split_degree,0.01
pythia-70m,4000,wikitext,halfB,null,trans_merge_degree,0.07
pythia-70m,4000,wikitext,halfB,null,trans_continued,0.0
pythia-70m,4000,wikitext,halfB,null,trans_mean_best_jaccard,0.03084750148570957
pythia-70m,16000,wikitext,halfB,null,trans_split_degree,0.24
pythia-70m,16000,wikitext,halfB,null,trans_merge_degree,0.16
pythia-70m,16000,wikitext,halfB,null,trans_continued,0.0
pythia-70m,16000,wikitext,halfB,null,trans_mean_best_jaccard,0.054458997014510846
pythia-70m,64000,wikitext,halfB,null,trans_split_degree,0.23
pythia-70m,64000,wikitext,halfB,null,trans_merge_degree,0.28
pythia-70m,64000,wikitext,halfB,null,trans_continued,0.0
pythia-70m,64000,wikitext,halfB,null,trans_mean_best_jaccard,0.06370700354966045
pythia-70m,143000,wikitext,halfB,null,trans_split_degree,0.45
pythia-70m,143000,wikitext,halfB,null,trans_merge_degree,0.48
pythia-70m,143000,wikitext,halfB,null,trans_continued,0.0
pythia-70m,143000,wikitext,halfB,null,trans_mean_best_jaccard,0.08541129993456023
pythia-70m,0,wikitext,halfB,null,birth_frac_born_by,0.0
pythia-70m,1,wikitext,halfB,null,birth_frac_born_by,0.0
pythia-70m,4,wikitext,halfB,null,birth_frac_born_by,0.0
pythia-70m,16,wikitext,halfB,null,birth_frac_born_by,0.0
pythia-70m,64,wikitext,halfB,null,birth_frac_born_by,0.0
pythia-70m,256,wikitext,halfB,null,birth_frac_born_by,0.0
pythia-70m,1000,wikitext,halfB,null,birth_frac_born_by,0.0
pythia-70m,4000,wikitext,halfB,null,birth_frac_born_by,0.0
pythia-70m,16000,wikitext,halfB,null,birth_frac_born_by,0.0
pythia-70m,64000,wikitext,halfB,null,birth_frac_born_by,0.0
pythia-70m,143000,wikitext,halfB,null,birth_frac_born_by,1.0
pythia-70m,1,bookcorpus,halfB,null,trans_split_degree,1.4
pythia-70m,1,bookcorpus,halfB,null,trans_merge_degree,1.35
pythia-70m,1,bookcorpus,halfB,null,trans_continued,0.63
pythia-70m,1,bookcorpus,halfB,null,trans_mean_best_jaccard,0.6043072723072718
pythia-70m,4,bookcorpus,halfB,null,trans_split_degree,1.46
pythia-70m,4,bookcorpus,halfB,null,trans_merge_degree,1.63
pythia-70m,4,bookcorpus,halfB,null,trans_continued,0.5
pythia-70m,4,bookcorpus,halfB,null,trans_mean_best_jaccard,0.5268400660437543
pythia-70m,16,bookcorpus,halfB,null,trans_split_degree,1.73
pythia-70m,16,bookcorpus,halfB,null,trans_merge_degree,1.6161616161616161
pythia-70m,16,bookcorpus,halfB,null,trans_continued,0.39
pythia-70m,16,bookcorpus,halfB,null,trans_mean_best_jaccard,0.4449059915019926
pythia-70m,64,bookcorpus,halfB,null,trans_split_degree,1.6363636363636365
pythia-70m,64,bookcorpus,halfB,null,trans_merge_degree,1.56
pythia-70m,64,bookcorpus,halfB,null,trans_continued,0.1717171717171717
pythia-70m,64,bookcorpus,halfB,null,trans_mean_best_jaccard,0.36228379805428174
pythia-70m,256,bookcorpus,halfB,null,trans_split_degree,1.5
pythia-70m,256,bookcorpus,halfB,null,trans_merge_degree,1.66
pythia-70m,256,bookcorpus,halfB,null,trans_continued,0.01
pythia-70m,256,bookcorpus,halfB,null,trans_mean_best_jaccard,0.24533570635866556
pythia-70m,1000,bookcorpus,halfB,null,trans_split_degree,0.19
pythia-70m,1000,bookcorpus,halfB,null,trans_merge_degree,0.83
pythia-70m,1000,bookcorpus,halfB,null,trans_continued,0.0
pythia-70m,1000,bookcorpus,halfB,null,trans_mean_best_jaccard,0.07576502222833194
pythia-70m,4000,bookcorpus,halfB,null,trans_split_degree,0.04
pythia-70m,4000,bookcorpus,halfB,null,trans_merge_degree,0.36
pythia-70m,4000,bookcorpus,halfB,null,trans_continued,0.0
pythia-70m,4000,bookcorpus,halfB,null,trans_mean_best_jaccard,0.027443653643297296
pythia-70m,16000,bookcorpus,halfB,null,trans_split_degree,0.07
pythia-70m,16000,bookcorpus,halfB,null,trans_merge_degree,0.08
pythia-70m,16000,bookcorpus,halfB,null,trans_continued,0.0
pythia-70m,16000,bookcorpus,halfB,null,trans_mean_best_jaccard,0.04298038166746749
pythia-70m,64000,bookcorpus,halfB,null,trans_split_degree,0.15
pythia-70m,64000,bookcorpus,halfB,null,trans_merge_degree,0.22
pythia-70m,64000,bookcorpus,halfB,null,trans_continued,0.0
pythia-70m,64000,bookcorpus,halfB,null,trans_mean_best_jaccard,0.04400255758409121
pythia-70m,143000,bookcorpus,halfB,null,trans_split_degree,0.16
pythia-70m,143000,bookcorpus,halfB,null,trans_merge_degree,0.23
pythia-70m,143000,bookcorpus,halfB,null,trans_continued,0.0
pythia-70m,143000,bookcorpus,halfB,null,trans_mean_best_jaccard,0.04140268155455556
pythia-70m,0,bookcorpus,halfB,null,birth_frac_born_by,0.0
pythia-70m,1,bookcorpus,halfB,null,birth_frac_born_by,0.0
pythia-70m,4,bookcorpus,halfB,null,birth_frac_born_by,0.0
pythia-70m,16,bookcorpus,halfB,null,birth_frac_born_by,0.0
pythia-70m,64,bookcorpus,halfB,null,birth_frac_born_by,0.0
pythia-70m,256,bookcorpus,halfB,null,birth_frac_born_by,0.0
pythia-70m,1000,bookcorpus,halfB,null,birth_frac_born_by,0.0
pythia-70m,4000,bookcorpus,halfB,null,birth_frac_born_by,0.0
pythia-70m,16000,bookcorpus,halfB,null,birth_frac_born_by,0.0
pythia-70m,64000,bookcorpus,halfB,null,birth_frac_born_by,0.0
pythia-70m,143000,bookcorpus,halfB,null,birth_frac_born_by,1.0
pythia-70m,1,agnews,halfB,null,trans_split_degree,1.18
pythia-70m,1,agnews,halfB,null,trans_merge_degree,1.15
pythia-70m,1,agnews,halfB,null,trans_continued,0.87
pythia-70m,1,agnews,halfB,null,trans_mean_best_jaccard,0.7485903817570932
pythia-70m,4,agnews,halfB,null,trans_split_degree,1.42
pythia-70m,4,agnews,halfB,null,trans_merge_degree,1.44
pythia-70m,4,agnews,halfB,null,trans_continued,0.49
pythia-70m,4,agnews,halfB,null,trans_mean_best_jaccard,0.4881940731306455
pythia-70m,16,agnews,halfB,null,trans_split_degree,1.62
pythia-70m,16,agnews,halfB,null,trans_merge_degree,1.61
pythia-70m,16,agnews,halfB,null,trans_continued,0.36
pythia-70m,16,agnews,halfB,null,trans_mean_best_jaccard,0.39403253160046803
pythia-70m,64,agnews,halfB,null,trans_split_degree,1.59
pythia-70m,64,agnews,halfB,null,trans_merge_degree,0.95
pythia-70m,64,agnews,halfB,null,trans_continued,0.0
pythia-70m,64,agnews,halfB,null,trans_mean_best_jaccard,0.23252786481299803
pythia-70m,256,agnews,halfB,null,trans_split_degree,0.55
pythia-70m,256,agnews,halfB,null,trans_merge_degree,1.31
pythia-70m,256,agnews,halfB,null,trans_continued,0.0
pythia-70m,256,agnews,halfB,null,trans_mean_best_jaccard,0.09962238762806523
pythia-70m,1000,agnews,halfB,null,trans_split_degree,0.31
pythia-70m,1000,agnews,halfB,null,trans_merge_degree,0.6161616161616161
pythia-70m,1000,agnews,halfB,null,trans_continued,0.0
pythia-70m,1000,agnews,halfB,null,trans_mean_best_jaccard,0.07150139930708961
pythia-70m,4000,agnews,halfB,null,trans_split_degree,0.010101010101010102
pythia-70m,4000,agnews,halfB,null,trans_merge_degree,0.1
pythia-70m,4000,agnews,halfB,null,trans_continued,0.0
pythia-70m,4000,agnews,halfB,null,trans_mean_best_jaccard,0.02988913929320794
pythia-70m,16000,agnews,halfB,null,trans_split_degree,0.04
pythia-70m,16000,agnews,halfB,null,trans_merge_degree,0.14
pythia-70m,16000,agnews,halfB,null,trans_continued,0.0
pythia-70m,16000,agnews,halfB,null,trans_mean_best_jaccard,0.042245432913207724
pythia-70m,64000,agnews,halfB,null,trans_split_degree,0.14
pythia-70m,64000,agnews,halfB,null,trans_merge_degree,0.14
pythia-70m,64000,agnews,halfB,null,trans_continued,0.0
pythia-70m,64000,agnews,halfB,null,trans_mean_best_jaccard,0.04861685584450241
pythia-70m,143000,agnews,halfB,null,trans_split_degree,0.21
pythia-70m,143000,agnews,halfB,null,trans_merge_degree,0.19
pythia-70m,143000,agnews,halfB,null,trans_continued,0.0
pythia-70m,143000,agnews,halfB,null,trans_mean_best_jaccard,0.06139511802841958
pythia-70m,0,agnews,halfB,null,birth_frac_born_by,0.0
pythia-70m,1,agnews,halfB,null,birth_frac_born_by,0.0
pythia-70m,4,agnews,halfB,null,birth_frac_born_by,0.0
pythia-70m,16,agnews,halfB,null,birth_frac_born_by,0.0
pythia-70m,64,agnews,halfB,null,birth_frac_born_by,0.0
pythia-70m,256,agnews,halfB,null,birth_frac_born_by,0.0
pythia-70m,1000,agnews,halfB,null,birth_frac_born_by,0.0
pythia-70m,4000,agnews,halfB,null,birth_frac_born_by,0.0
pythia-70m,16000,agnews,halfB,null,birth_frac_born_by,0.0
pythia-70m,64000,agnews,halfB,null,birth_frac_born_by,0.0
pythia-70m,143000,agnews,halfB,null,birth_frac_born_by,1.0
pythia-70m,1,tldr17,halfB,null,trans_split_degree,1.5
pythia-70m,1,tldr17,halfB,null,trans_merge_degree,1.56
pythia-70m,1,tldr17,halfB,null,trans_continued,0.23
pythia-70m,1,tldr17,halfB,null,trans_mean_best_jaccard,0.3893708115105964
pythia-70m,4,tldr17,halfB,null,trans_split_degree,1.66
pythia-70m,4,tldr17,halfB,null,trans_merge_degree,1.88
pythia-70m,4,tldr17,halfB,null,trans_continued,0.04
pythia-70m,4,tldr17,halfB,null,trans_mean_best_jaccard,0.2681094819402405
pythia-70m,16,tldr17,halfB,null,trans_split_degree,1.6
pythia-70m,16,tldr17,halfB,null,trans_merge_degree,1.66
pythia-70m,16,tldr17,halfB,null,trans_continued,0.0
pythia-70m,16,tldr17,halfB,null,trans_mean_best_jaccard,0.18290026097058157
pythia-70m,64,tldr17,halfB,null,trans_split_degree,1.11
pythia-70m,64,tldr17,halfB,null,trans_merge_degree,0.04
pythia-70m,64,tldr17,halfB,null,trans_continued,0.0
pythia-70m,64,tldr17,halfB,null,trans_mean_best_jaccard,0.07129396101204322
pythia-70m,256,tldr17,halfB,null,trans_split_degree,0.8
pythia-70m,256,tldr17,halfB,null,trans_merge_degree,0.43
pythia-70m,256,tldr17,halfB,null,trans_continued,0.0
pythia-70m,256,tldr17,halfB,null,trans_mean_best_jaccard,0.10932184063225217
pythia-70m,1000,tldr17,halfB,null,trans_split_degree,0.4
pythia-70m,1000,tldr17,halfB,null,trans_merge_degree,0.56
pythia-70m,1000,tldr17,halfB,null,trans_continued,0.0
pythia-70m,1000,tldr17,halfB,null,trans_mean_best_jaccard,0.09041853971240568
pythia-70m,4000,tldr17,halfB,null,trans_split_degree,0.13
pythia-70m,4000,tldr17,halfB,null,trans_merge_degree,0.37
pythia-70m,4000,tldr17,halfB,null,trans_continued,0.0
pythia-70m,4000,tldr17,halfB,null,trans_mean_best_jaccard,0.05744287025526934
pythia-70m,16000,tldr17,halfB,null,trans_split_degree,0.18
pythia-70m,16000,tldr17,halfB,null,trans_merge_degree,0.17
pythia-70m,16000,tldr17,halfB,null,trans_continued,0.0
pythia-70m,16000,tldr17,halfB,null,trans_mean_best_jaccard,0.05570231013408975
pythia-70m,64000,tldr17,halfB,null,trans_split_degree,0.35
pythia-70m,64000,tldr17,halfB,null,trans_merge_degree,0.22
pythia-70m,64000,tldr17,halfB,null,trans_continued,0.0
pythia-70m,64000,tldr17,halfB,null,trans_mean_best_jaccard,0.07349736612833813
pythia-70m,143000,tldr17,halfB,null,trans_split_degree,0.49
pythia-70m,143000,tldr17,halfB,null,trans_merge_degree,0.6
pythia-70m,143000,tldr17,halfB,null,trans_continued,0.0
pythia-70m,143000,tldr17,halfB,null,trans_mean_best_jaccard,0.10015386918781836
pythia-70m,0,tldr17,halfB,null,birth_frac_born_by,0.0
pythia-70m,1,tldr17,halfB,null,birth_frac_born_by,0.0
pythia-70m,4,tldr17,halfB,null,birth_frac_born_by,0.0
pythia-70m,16,tldr17,halfB,null,birth_frac_born_by,0.0
pythia-70m,64,tldr17,halfB,null,birth_frac_born_by,0.0
pythia-70m,256,tldr17,halfB,null,birth_frac_born_by,0.0
pythia-70m,1000,tldr17,halfB,null,birth_frac_born_by,0.0
pythia-70m,4000,tldr17,halfB,null,birth_frac_born_by,0.0
pythia-70m,16000,tldr17,halfB,null,birth_frac_born_by,0.0
pythia-70m,64000,tldr17,halfB,null,birth_frac_born_by,0.0
pythia-70m,143000,tldr17,halfB,null,birth_frac_born_by,1.0
